time_h,in_sunlight,solar_power_w,load_power_w,battery_soc_measured,battery_voltage_measured,battery_current_measured,battery_temp_measured,electronics_temp_measured,wheel_target_speed_rpm,wheel_speed_measured,wheel_current_measured,wheel_temp_measured,battery_soc_rate,battery_voltage_rate,battery_temp_rate,electronics_temp_rate,wheel_speed_rate,wheel_current_rate,wheel_temp_rate,wheel_tracking_error_rpm
0.0,1,600.0,350.0,90.4329672254747,29.58368142919373,-8.419188472044928,22.11639309371659,23.827896481134616,3000.0,2993.4891024656886,0.1663471652837853,24.95392816543449,0.0,0.0,0.0,0.0,0.0,0.0,0.0,-6.510897534311425
0.0166666666666666,1,601.2556165273943,354.1582338163552,90.73636801658104,29.60399781209607,-8.313166126288799,22.121861279071197,24.05283489313776,3103.95584540888,3057.61412873928,0.2020649808369438,24.890005079163533,0.005056679851772354,0.00033860638170561214,9.113642257680965e-05,0.0037489735333857393,1.0687504378931938,0.0005952969258859751,-0.001065384771182624,-46.34171666959992
0.0333333333333333,1,602.5051158172811,358.134732861516,91.17712480810638,29.615368508026727,-8.21711127988946,22.060279591710188,24.051189205726207,3203.3683215379,3124.2684743991504,0.2216352178947671,24.926183740138494,0.00734594652542242,0.00018951159884430523,-0.0010263614560168221,-2.742812352588923e-05,1.110905760997836,0.0003261706176303882,0.0006029776829160246,-79.09984713874974
0.05,1,603.7424104347197,361.7557050458495,91.3778083508288,29.64797495009581,-8.143121289983151,22.122510491843528,24.13456687020827,3293.8926261462366,3212.936979148743,0.2314799016690466,24.886084351532592,0.0033447257120402677,0.0005434407011514135,0.0010371816688889979,0.001389627741367742,1.4778084124932094,0.0001640780629046587,-0.0006683231434317112,-80.95564699749366
0.0666666666666666,1,604.961472404706,364.8628965095479,91.71831491691016,29.648417356661543,-8.073049855949348,22.21914027694531,24.10563880406175,3371.572412738697,3286.976861051388,0.2153074672017467,24.950927083519133,0.005675109434689319,7.373442762196684e-06,0.0016104964183630461,-0.00048213443577533135,1.23399803171075,-0.00026954057445499846,0.001080712199775687,-84.59555168730913
0.0833333333333333,1,606.156362579862,367.3205080756888,92.32482479473924,29.703341586469097,-8.065085266899967,22.14941477647335,24.15249791315026,3433.0127018922194,3363.188615647855,0.2180051240738408,24.89725667715055,0.010108497963818052,0.0009154038301259011,-0.00116209167453268,0.0007809851514751406,1.2701959099411169,4.496094786823474e-05,-0.0008945067728096963,-69.82408624436448
0.1,1,607.3212595753644,369.0211303259031,92.66656996068652,29.70325886200755,-8.014567115325283,22.20906957922862,24.018889228625323,3475.5282581475767,3417.2133593241065,0.2023729163066978,24.80893149589708,0.005695752765787887,-1.378741025763001e-06,0.0009942467125878096,-0.0022268114087489483,0.9004123946041924,-0.00026053679611904993,-0.0014720863542245037,-58.31489882347023
0.1166666666666666,1,608.450488130146,369.8904379073655,92.8307588725631,29.76027973224937,-8.05412859765977,22.262413281232263,24.01999003875516,3497.2609476841367,3456.361906395086,0.1943870728370982,24.887771135724563,0.0027364818646096484,0.0009503478373636299,0.0008890617000607411,1.834683549729969e-05,0.6524757845163246,-0.00013309739115999336,0.0013139939971246997,-40.89904128905073
0.1333333333333333,1,609.5385467561977,369.8904379073655,93.38465184836348,29.7534966783522,-8.071361760783406,22.139017582885064,24.297557431705854,3497.2609476841367,3476.6921179901674,0.1745640298898728,24.731176654169797,0.009231549596673005,-0.0001130508982861637,-0.0020565949724533185,0.004626123215844894,0.3388368599180239,-0.00033038404912042325,-0.002609908025912766,-20.568829693969292
0.15,1,610.5801345412646,369.0211303259031,93.4179788790965,29.758989595773485,-8.116975108553438,22.274111025555715,24.19224261323044,3475.5282581475767,3477.38114733646,0.1706429844540182,24.778169445820502,0.0005554505122169929,9.154862368809802e-05,0.0022515573778441934,-0.0017552469745902262,0.011483822438208335,-6.535075726424311e-05,0.0007832131941784226,1.8528891888831822
0.1666666666666666,1,611.5701769743577,367.3205080756888,94.05669115300276,29.738755665987654,-8.218588165389008,22.186956001183347,24.138236221089848,3433.0127018922194,3457.235437790576,0.151596232994203,24.785083823543115,0.010645204565104411,-0.00033723216309719344,-0.0014525837395394704,-0.0009001065356765517,-0.33576182576473457,-0.00031744585766358693,0.00011523962871020643,24.222735898356405
0.1833333333333333,1,612.503850668262,364.8628965095479,94.42999876191335,29.786749912486187,-8.297574803175909,22.23571217299961,24.2379140826101,3371.572412738697,3412.787903008141,0.150710386854224,24.649602300415868,0.006221793481843226,0.0007999041083088798,0.0008126028636043614,0.0016612976920042043,-0.7407922463739169,-1.4764102332983272e-05,-0.002258025385454114,41.21549026944376
0.2,1,613.376606858593,361.7557050458495,94.4437453734541,29.758414007008955,-8.434968717255254,22.175899762541672,24.26436127760465,3293.8926261462366,3360.035701593385,0.1693861044387887,24.805778777167117,0.0002291101923458901,-0.00047226509128718656,-0.0009968735076322825,0.00044078658324249177,-0.8792033569125958,0.0003112619597427452,0.002602941279187476,66.14307544714848
0.2166666666666666,1,614.184193564921,358.134732861516,94.9025877431126,29.797409324428557,-8.619734518694537,22.25396148759555,24.40760439977641,3203.3683215379,3269.817338705216,0.1837564490440228,24.747300814632045,0.007647372827641637,0.0006499219569933601,0.0013010287508979702,0.002387385369529345,-1.5036393814694824,0.0002395057434205682,-0.0009746327089178664,66.44901716731601
0.2333333333333333,1,614.9226763059908,354.1582338163552,95.3585236131086,29.77571240853826,-8.742717539700099,22.256914455811074,24.36766844185953,3103.95584540888,3191.3141538426457,0.197947317952732,24.690717056864464,0.007598931166599954,-0.00036161526483825904,4.921613692540442e-05,-0.0006655992986146942,-1.308386414376173,0.00023651448181181978,-0.0009430626294596678,87.35830843376561
0.25,1,615.5884572681198,350.0,95.66787502427732,29.84028124996076,-8.89533812281008,22.468388502033516,24.448156738749724,3000.0,3097.3868018532617,0.2031790596610598,24.59641071193512,0.005155856852811998,0.0010761473570416531,0.0035245674370406968,0.0013414716148365832,-1.5654558664897347,8.719569513879708e-05,-0.0015717724154890552,97.38680185326166
0.2666666666666666,1,616.178292833385,345.84176618364484,96.14691071424244,29.82319716258953,-9.06789264573016,22.21801023890923,24.447827720544808,2896.0441545911203,2994.712187088824,0.1917427303537278,24.59196133907268,0.007983928166085263,-0.00028473478952051323,-0.004172971052071439,-5.483636748593312e-06,-1.711243579407293,-0.0001906054884555336,-7.415621437404004e-05,98.66803249770373
0.2833333333333333,1,616.6893093822022,341.865267138484,96.74652813885938,29.892496811811608,-9.141584462343326,22.670842320948587,24.44486559489791,2796.6316784621,2891.27979891805,0.1888389803800704,24.67636096564066,0.009993623743615624,0.001154994153701298,0.007547201367322624,-4.9368760781653975e-05,-1.7238731361795696,-4.83958328942898e-05,0.001406660442799712,94.64812045595
0.3,1,617.1190172933127,338.2442949541505,96.93622929664532,29.871491982822903,-9.350285127677465,22.38965618856394,24.528619706931924,2706.1073738537634,2801.952674523213,0.1962588765027171,24.55386363874842,0.0031616859630991217,-0.00035008048314508027,-0.004686435539744119,0.0013959018672335807,-1.4887854065806172,0.00012366493537744466,-0.0020416221148706745,95.84530066944944
0.3166666666666666,1,617.465323072968,335.1371034904521,97.18401220590717,29.88616871452172,-9.44378949218563,22.605213773676525,24.45318667287867,2628.427587261303,2719.7112070287603,0.189365625531166,24.52372727466959,0.004129715154364059,0.00024461219498027965,0.0035926264185430767,-0.0012572172342209123,-1.3706911249075422,-0.00011488751619251798,-0.0005022727346471949,91.28361976745737
0.3333333333333333,1,617.7265395542198,332.6794919243112,97.75010259661272,29.895968256026293,-9.463843861939372,22.371252130582448,24.541754816531597,2566.9872981077806,2636.3777679002774,0.1888139971023517,24.6311644873054,0.00943483984509257,0.00016332569174289566,-0.0038993607182346087,0.0014761357275488033,-1.3888906521413824,-9.193807146905263e-06,0.001790620210596868,69.39046979249679
0.35,1,617.9013941166289,330.9788696740969,98.33876641185276,29.933580883871315,-9.604557791189924,22.52310982838496,24.42984218792203,2524.4717418524237,2576.554044002732,0.1678812043655551,24.59606795479364,0.00981106358733399,0.0006268771307503584,0.0025309616300418724,-0.0018652104768261068,-0.997062064959088,-0.00034887987894661,-0.0005849422085293672,52.08230215030835
0.3666666666666666,1,617.9890348863438,330.1095620926345,99.11430431527616,29.956739190966967,-9.614939185650064,22.53218184019928,24.6231489420484,2502.739052315864,2543.807475075535,0.1605837644189512,24.65271535285228,0.012925631723723303,0.00038597178492754124,0.00015120019690530265,0.00322177923543947,-0.5457761487866188,-0.00012162399911006491,0.0009441233009773361,41.06842275967119
0.3833333333333333,1,617.9890348863438,330.1095620926345,99.31262942429608,30.015147805224032,-9.600387419056627,22.40607019867181,24.3728034140194,2502.739052315864,2530.9794471034456,0.1588512838345296,24.531877409196703,0.0033054184836653158,0.0009734769042844131,-0.002101860692124487,-0.0041724254671499615,-0.21380046620148885,-2.8874676407026715e-05,-0.002013965727592944,28.240394787581863
0.4,1,617.9013941166289,330.9788696740969,99.57720871470175,30.029997175924425,-9.601711749169716,22.46362161720317,24.590972945708724,2524.4717418524237,2521.6252490330585,0.1637550298187549,24.51535536076825,0.004409654840094627,0.00024748951167321567,0.0009591903088560135,0.0036361588614887215,-0.15590330117311926,8.172909973708833e-05,-0.0002753674738075418,-2.8464928193652668
0.4166666666666667,1,617.7265395542198,332.6794919243112,100.0,30.04222445583941,-9.498850707123236,22.641577578989637,24.33867788319923,2566.9872981077806,2545.049194367918,0.1731964030395364,24.41330238372237,0.007046521421637427,0.00020378799858307892,0.0029659326964411054,-0.004204917708491547,0.39039908891432634,0.00015735622034635844,-0.0017008829507646557,-21.938103739862527
0.4333333333333333,1,617.465323072968,335.1371034904521,99.82436952661423,29.989976296778977,-9.38346357647985,22.46803220674858,24.563922392164404,2628.4275872613025,2584.439339652768,0.1888945563632622,24.573606800678952,-0.002927174556429435,-0.000870802651007215,-0.002892422870684304,0.003754075149419537,0.6565024214141658,0.00026163588872876313,0.0026717402826096875,-43.98824760853449
0.45,1,617.1190172933127,338.2442949541505,100.0,30.040121943223284,-9.30045924834957,22.553849813894622,24.555810916769087,2706.107373853763,2647.696264292955,0.2034511857598419,24.38943017348236,0.002927174556429435,0.0008357607740717772,0.001430293452434069,-0.0001351912565886219,1.0542820773364534,0.000242610489942995,-0.003069610453276539,-58.411109560807745
0.4666666666666667,1,616.6893093822022,341.865267138484,100.0,30.006846849904168,-9.085277186997924,22.83309994705658,24.510433415727444,2796.6316784621,2720.120812591604,0.2056755314217964,24.41194636553672,0.0,-0.0005545848886519285,0.00465416888603265,-0.0007562916840273697,1.207075804977482,3.707242769924179e-05,0.0003752698675726881,-76.51086587049576
0.4833333333333333,1,616.178292833385,345.8417661836448,100.0,30.03617560862665,-9.033090070123649,22.601115560158966,24.39884696242156,2896.04415459112,2807.9876123925096,0.2160385200071223,24.40010215451357,0.0,0.0004888126453746959,-0.003866406448293584,-0.0018597742217647687,1.4644466633484248,0.00017271647642209815,-0.00019740351705254492,-88.05654219861026
0.5,1,615.5884572681198,350.0,99.82462784436647,29.997172123372422,-8.905680427344691,22.54005975133026,24.844591969675093,3000.0,2897.9633580912464,0.2217926648657845,24.572898770929463,-0.0029228692605587506,-0.0006500580875704524,-0.0010175968138117497,0.007429083454225586,1.4995957616456128,9.590241431103689e-05,0.0028799436069315712,-102.03664190875361
0.5166666666666667,1,614.9226763059908,354.1582338163552,100.0,29.96485300113524,-8.703195551691493,22.74028016218729,24.82289950822668,3103.955845408879,2999.243872811107,0.2292853596410273,24.471851583399417,0.0029228692605587506,-0.0005386520372863876,0.0033370068476171375,-0.0003615410241402254,1.6880085786643424,0.0001248782462540468,-0.001684119792167434,-104.71197259777227
0.5333333333333333,1,614.184193564921,358.134732861516,100.0,29.988715317863097,-8.538996712382314,22.58715719011783,24.64482560472452,3203.3683215379,3102.441302420529,0.2320755180220553,24.34917959359762,0.0,0.00039770527879762576,-0.002552049534491019,-0.0029678983917026613,1.719957160157037,4.6502639683800026e-05,-0.0020445331633633045,-100.92701911737095
0.55,1,613.376606858593,361.7557050458495,100.0,30.030381474534597,-8.382700513928064,22.77756729508874,24.69278494055138,3293.8926261462366,3198.833354973862,0.2248599521832438,24.40307621123923,0.0,0.0006944359445249996,0.003173501749515199,0.0007993222637810031,1.6065342092222106,-0.00012025943064685833,0.000898276960693541,-95.05927117237479
0.5666666666666667,1,612.503850668262,364.8628965095479,99.9805426803173,30.06279504926792,-8.207497824882878,22.79802597207576,24.630150219228724,3371.572412738697,3279.640615513634,0.2292336273887791,24.383120741223824,-0.0003242886613783469,0.0005402262455553715,0.0003409779497836496,-0.0010439120220442652,1.3467876756628736,7.289458675892127e-05,-0.0003325911669234571,-91.93179722506284
0.5833333333333334,1,611.5701769743577,367.3205080756888,100.0,29.94766242039077,-8.113832475508884,22.8213364511131,24.614493275042737,3433.0127018922194,3356.750063345636,0.2168905858774484,24.3508158748825,0.0003242886613783469,-0.0019188771479524765,0.0003885079839556956,-0.0002609490697664659,1.285157463866699,-0.00020571735852217832,-0.000538414439022065,-76.26263854658328
0.6,1,610.5801345412646,369.0211303259031,99.94156576283928,29.99689535195802,-8.059526128524924,22.80711774718853,24.891783363068217,3475.5282581475767,3404.484680560575,0.2045025380913963,24.345408891931097,-0.0009739039526787489,0.0008205488594541659,-0.00023697839874283014,0.004621501467091349,0.7955769535823113,-0.00020646746310086828,-9.011638252337898e-05,-71.04357758700189
0.6166666666666667,1,609.5385467561977,369.8904379073655,100.0,29.98884256256036,-8.04097194843543,22.84025986532193,24.936401157649904,3497.2609476841367,3449.6201532001032,0.1983734524979555,24.289803568066464,0.0009739039526787489,-0.00013421315662765683,0.0005523686355566326,0.0007436299096947725,0.7522578773254736,-0.00010215142655734671,-0.0009267553977438799,-47.64079448403345
0.6333333333333333,1,608.450488130146,369.8904379073655,99.98773513083422,29.968413044678883,-7.9620353592633615,22.952815836018644,24.840811375133125,3497.2609476841367,3485.93676198146,0.1870700234103965,24.336114854736863,-0.00020441448609626416,-0.0003404919646913029,0.001875932844945242,-0.0015931630419463141,0.6052768130226165,-0.00018839048479264985,0.000771854777839979,-11.32418570267646
0.65,1,607.3212595753644,369.0211303259031,100.0,30.01316979476215,-7.918497996344798,22.80837650970645,24.80784217874539,3475.5282581475767,3472.914611934492,0.1725832033866286,24.191707598473645,0.00020441448609626416,0.000745945834721103,-0.002407322105203254,-0.0005494866064622646,-0.2170358341161394,-0.00024144700039613147,-0.0024067876043869655,-2.6136462130848486
0.6666666666666666,1,606.156362579862,367.3205080756888,100.0,29.994280468274845,-7.926057737335089,22.928327136494318,25.001574762954444,3433.0127018922194,3458.3610899273,0.1461431690316869,24.26565985628505,0.0,-0.000314822108121741,0.001999177113131149,0.0032288764034842524,-0.24255870011986644,-0.0004406672392490286,0.001232537630190104,25.34838803508046
0.6833333333333333,1,604.961472404706,364.8628965095479,99.76559856148104,29.984451604729013,-7.957949010173634,22.932288199847267,24.767547312805327,3371.572412738697,3408.071227772949,0.1592809066810273,24.158826148656605,-0.0039066906419826354,-0.00016381439243051688,6.601772254916464e-05,-0.003900457502485288,-0.8381643692391815,0.0002189622941556733,-0.001780561793807441,36.49881503425195
0.7,1,603.7424104347197,361.7557050458495,99.86577194452067,30.00936028414654,-8.03156415187914,22.94488348020368,24.62578745246267,3293.8926261462366,3355.038054020845,0.1715125607565744,24.27448748428517,0.0016695563839938643,0.00041514465695874727,0.0002099213392735185,-0.00236266433904427,-0.8838862292017363,0.0002038609012591184,0.0019276889271427678,61.14542787460823
0.7166666666666667,1,602.5051158172811,358.134732861516,100.0,29.93810285169586,-8.163412534614569,22.958821146171115,24.713731105436658,3203.368321537901,3285.822016197065,0.1834185981879545,24.2943978810164,0.002237134257988771,-0.0011876238741779825,0.0002322944327906029,0.0014657275495664499,-1.1536006303963329,0.00019843395718966843,0.0003318399455205068,82.45369465916383
0.7333333333333333,1,601.2556165273943,354.1582338163552,99.88581126769564,30.024412910698985,-8.20452527702163,22.939044263649595,24.911771333670497,3103.9558454088806,3192.5507743792477,0.1856179393215091,24.200214467258647,-0.001903145538405937,0.0014385009833854194,-0.00032961470869198687,0.0033006704705639935,-1.5545206969636183,3.665568555924342e-05,-0.0015697235626292402,88.59492897036716
0.75,1,600.0,350.0,99.96949549350953,30.011501815930604,-8.303338605926026,22.82626016652008,24.891723691413468,3000.0,3103.006806829714,0.1921427251354387,24.13161686397685,0.0013947370968980502,-0.00021518491280634323,-0.001879734952158607,-0.00033412737095049513,-1.4923994591588932,0.00010874643023215992,-0.001143293388029972,103.00680682971415
0.7666666666666667,1,598.7443834726058,345.8417661836448,100.0,30.02533155571456,-8.429744461298547,23.08170151669304,25.00525437256488,2896.04415459112,3000.03094217572,0.2018664048701316,24.36901087881072,0.0005084084415078867,0.0002304956630659068,0.004257355836216033,0.0018921780191902234,-1.7162644108999,0.00016206132891154838,0.003956566913897852,103.98678758460028
0.7833333333333333,1,597.4948841827188,341.865267138484,99.9589676622268,29.939894331238005,-8.472859603962313,22.920037941395968,24.945192945661912,2796.6316784621,2902.774513575988,0.191487444347067,24.068081301758127,-0.000683872296220045,-0.0014239537412758926,-0.002694392921617883,-0.0010010237817161519,-1.6209404766622053,-0.0001729826753844102,-0.00501549295087654,106.14283511388794
0.8,1,596.2575895652803,338.2442949541505,99.67974441257624,29.97617591129924,-8.587254055523818,23.03548985411667,24.976381509446057,2706.1073738537634,2794.103237583263,0.1855012986390646,24.15798373696957,-0.00465372082750927,0.0006046930010205879,0.0019241985453450166,0.0005198093964024153,-1.811187933212083,-9.976909513337341e-05,0.001498373920190706,87.99586372949943
0.8166666666666667,1,595.038527595294,335.13710349045215,99.90564479327232,30.013781573151498,-8.64232219470809,23.01434456447461,25.03869107766773,2628.4275872613034,2715.943384002589,0.1945123096190278,24.08269152913105,0.0037650063449345813,0.0006267610308709592,-0.0003524214940343384,0.001038492803694524,-1.3026642263445638,0.00015018351633272012,-0.0012548701306419829,87.51579674128561
0.8333333333333334,1,593.843637420138,332.6794919243112,99.9640777172337,30.00590328289971,-8.680855662265035,22.978685910672024,25.028361021742743,2566.9872981077806,2639.5631186603205,0.1835683624849192,24.190868477635654,0.0009738820660231795,-0.00013130483752981091,-0.0005943108967097525,-0.00017216759874975432,-1.2730044223711425,-0.00018239911890180992,0.0018029491417433856,72.57582055253988
0.85,1,592.6787404246356,330.9788696740969,99.60138792578915,29.96110583015776,-8.767794586941243,22.80221578088328,24.92170578475207,2524.4717418524237,2586.4291967347995,0.1728464425470299,24.125791632955465,-0.0060448298574092025,-0.000746624212365828,-0.0029411688298123908,-0.0017775872831778728,-0.8855653654253501,-0.00017869866563148816,-0.0010846140780031396,61.957454882375714
0.8666666666666667,1,591.549511869854,330.1095620926345,100.0,30.03983058396803,-8.716739130615766,23.18830795371658,25.01183959299012,2502.739052315864,2538.5235486568745,0.159666384133021,23.97701903370712,0.006643534570180757,0.001312079230171174,0.006434869547221685,0.0015022301373008417,-0.7984274679654163,-0.00021966764023348176,-0.00247954332080577,35.78449634101071
0.8833333333333333,1,590.4614532438023,330.1095620926345,99.82237322925327,29.989259499357768,-8.654288821124236,23.24212586864353,24.877398716401096,2502.739052315864,2524.6889333872377,0.145030242874378,24.118980039266845,-0.0029604461791121156,-0.0008428514101710267,0.0008969652487824813,-0.002240681276483751,-0.23057692116061237,-0.00024393568764405026,0.002366016759328756,21.949881071373966
0.9,1,589.4198654587356,330.9788696740969,99.97378266986246,29.94507282522457,-8.5868509497409,23.026252001911317,24.975199796125345,2524.471741852423,2518.2495068927324,0.1605092264386935,24.100916613895524,0.002523490676819762,-0.0007364445688866183,-0.003597897778870222,0.00163001799540415,-0.10732377490842282,0.00025798305940525853,-0.0003010570895220018,-6.222234959690468
0.9166666666666666,1,588.4298230256423,332.67949192431126,99.96215113181272,30.009859860068477,-8.514153381093172,23.23501127648613,25.00735043550899,2566.987298107781,2537.908494444252,0.1827486683087489,24.02600605138557,-0.00019385896749568587,0.001079783914065106,0.003479321242913554,0.0005358439897274063,0.3276497925253276,0.00037065736450092314,-0.001248509375165933,-29.078803663529015
0.9333333333333332,0,0.0,335.1371034904521,99.7242025611023,29.991552676282947,11.174735964877026,23.14986174033863,25.23391098455234,2628.427587261303,2597.2450880401607,0.19087982842818,24.05135621614389,-0.003965809511840253,-0.00030511972975884777,-0.001419158935791683,0.0037760091507225368,0.9889432265984776,0.0001355193353238517,0.0004225027459720347,-31.18249922114228
0.95,0,0.0,338.2442949541505,99.21319237904596,29.934547942919085,11.299886079071642,23.125031082781348,25.067714501352565,2706.1073738537634,2642.316935594581,0.1946204819597505,23.85890867745124,-0.008516836367605644,-0.0009500788893976875,-0.0004138442926213533,-0.0027699413866629405,0.75119745924034,6.234422552617534e-05,-0.0032074589782108494,-63.79043825918234
0.9666666666666668,0,0.0,341.865267138484,98.2657394488558,29.925808392309968,11.409714356041768,23.33467674574408,25.14481895446973,2796.6316784620994,2716.7472734615053,0.2147312839225968,23.97858855481767,-0.015790882169836113,-0.0001456591768186281,0.0034940943827121984,0.0012850742186194233,1.2405056311154037,0.0003351800327141048,0.0019946646227738305,-79.88440500059414
0.9833333333333332,0,0.0,345.84176618364484,97.9176980184534,29.92454260092492,11.577850665436532,23.12114655288852,25.13891519043097,2896.0441545911203,2803.091250686455,0.2213822874929123,24.205583454749597,-0.005800690506706729,-2.1096523084137195e-05,-0.0035588365475926883,-9.839606731265604e-05,1.4390662870824977,0.00011085005950525842,0.0037832483321987927,-92.95290390466516
1.0,0,0.0,350.0,97.49835340125313,29.941145933307308,11.709155730230531,23.228097019872116,25.02559147742101,2999.9999999999995,2903.5484330027625,0.2233791808317704,24.019017203440143,-0.006989076953337777,0.0002767222063731367,0.0017825077830599648,-0.0018887285501660263,1.674286371938456,3.328155564763513e-05,-0.003109437521824236,-96.45156699723702
1.0166666666666666,0,0.0,354.1582338163552,96.75640883361658,29.89703620794755,11.886406722042535,23.22245599255021,25.00181058851146,3103.955845408879,3006.447986055275,0.2289683836216758,24.04646589786608,-0.01236574279394252,-0.0007351620893292813,-9.401712203178647e-05,-0.0003963481484924832,1.71499255087521,9.31533798317563e-05,0.00045747824043231115,-97.50785935360409
1.0333333333333334,0,0.0,358.134732861516,96.02749646404295,29.84568288619188,11.93577799998218,23.05288650552343,25.166391674439637,3203.368321537899,3108.2491647581737,0.227317267421835,23.838648363505428,-0.01214853949289368,-0.0008558886959278312,-0.002826158117113013,0.0027430180988029444,1.6966863117149766,-2.7518603330679846e-05,-0.0034636255726775643,-95.11915677972547
1.05,0,0.0,361.7557050458495,95.26254497128517,29.81791316431616,12.198142426969788,23.263207587418165,24.97398374974621,3293.8926261462366,3201.1583340447773,0.2206629505931534,23.922474348658486,-0.012749191545963138,-0.00046282869792868553,0.003505351364912279,-0.003206798744890449,1.5484861547767272,-0.00011090528047802649,0.0013970997525509787,-92.73429210145923
1.0666666666666669,0,0.0,364.8628965095479,95.33239549460312,29.80991698044537,12.262311907241406,23.27214084245858,25.097020341986106,3371.5724127386966,3281.7608114568325,0.2277669896689709,24.06415552978564,0.0011641753886325527,-0.00013326973117984883,0.00014888758400690704,0.0020506098706649213,1.343374623534252,0.00011840065126362496,0.0023613530187859056,-89.81160128186411
1.0833333333333333,0,0.0,367.3205080756888,94.57186219714752,29.76400481437168,12.370139661321518,23.23699067145994,25.171060428268127,3433.0127018922194,3356.895008820642,0.2228472277388115,23.93208911884138,-0.01267555495759325,-0.0007652027678947941,-0.0005858361833106803,0.001234001438033694,1.2522366227301593,-8.199603216932361e-05,-0.002201106849071029,-76.11769307157738
1.1,0,0.0,369.0211303259031,94.26839927894788,29.81561168122143,12.385438980128315,23.180787592167096,24.98647855497874,3475.5282581475767,3419.579642517056,0.1978579940539381,23.960425154997715,-0.00505771530332737,0.0008601144474958152,-0.000936717988214042,-0.0030763645548231486,1.044743894940234,-0.000416487228081223,0.00047226726927226774,-55.948615630520635
1.1166666666666667,0,0.0,369.8904379073655,93.55856705149286,29.78108723242266,12.362863237950982,23.21515956982176,24.863426524642648,3497.2609476841367,3453.158312892168,0.1952926419354573,23.883050993560403,-0.011830537124250402,-0.0005754074799794987,0.0005728662942444155,-0.0020508671722681746,0.5596445062518645,-4.275586864134669e-05,-0.0012895693572885373,-44.10263479196874
1.1333333333333333,0,0.0,369.8904379073655,93.06521360195988,29.71986001848857,12.45000317472821,23.211826495647568,25.10349076092857,3497.2609476841367,3480.5885338059898,0.1831081536540127,23.929954356990084,-0.008222557492216254,-0.0010204535655681467,-5.555123623655807e-05,0.004001070604765348,0.45717034856369687,-0.0002030748046907435,0.0007817227238280229,-16.672413878146926
1.15,0,0.0,369.0211303259031,92.62603412911672,29.76372222024013,12.421224158649244,23.30058949084925,24.95809270546081,3475.5282581475767,3471.2404176979303,0.161412924775761,23.80242853620324,-0.0073196578807194134,0.0007310366958593069,0.0014793832533613956,-0.002423300924462642,-0.1558019351343243,-0.00036158714797086177,-0.002125430346447388,-4.28784044964641
1.1666666666666667,0,0.0,367.3205080756888,92.0060065537024,29.69083455905624,12.377226206376482,23.272931898359143,25.12392840699814,3433.0127018922194,3458.404279833024,0.153205128772899,23.80943654823557,-0.010333792923571868,-0.0012147943530648557,-0.0004609598748351355,0.0027639283589554844,-0.21393563108177507,-0.0001367966000477001,0.00011680020053882837,25.391577940804382
1.1833333333333331,0,0.0,364.8628965095479,91.58687747534528,29.664726883271754,12.25844828691414,23.360280234441888,25.060328541849767,3371.572412738697,3408.6413406726697,0.1600662131808052,23.733488988505616,-0.0069854846392855075,-0.0004351279297414005,0.0014558056013790714,-0.0010599977524728744,-0.8293823193392351,0.00011435140679843664,-0.0012657926621659026,37.068927933972645
1.2,0,0.0,361.7557050458495,91.20610216914925,29.674993097517657,12.198414817334235,23.42028421096154,24.79303533488179,3293.8926261462366,3347.7344820743456,0.1696834982896369,23.75237651775996,-0.00634625510326714,0.000171103570765041,0.0010000662753275455,-0.004454886782799624,-1.0151143099720685,0.00016028808514719541,0.00031479215423904823,53.841855928109
1.2166666666666666,0,0.0,358.134732861516,90.5488056551052,29.676155950265603,12.057214601325663,23.31621650322416,25.05711362132723,3203.368321537901,3286.4978516992846,0.1754649435617447,23.84638916821709,-0.010954941900734146,1.938087913243199e-05,-0.0017344617956229769,0.004401304774090657,-1.0206105062510156,9.635742120179629e-05,0.0015668775076188505,83.12953016138363
1.2333333333333334,0,0.0,354.1582338163552,90.24316494746736,29.54560343264681,11.92833138123786,23.37272331996384,24.980657216316363,3103.95584540888,3195.262064621601,0.1911429642443072,23.67281644981799,-0.005094011793963915,-0.002175875293646534,0.0009417802789946232,-0.0012742734168477673,-1.5205964512947276,0.00026130034470937536,-0.0028928786399850044,91.30621921272086
1.25,0,0.0,350.0,89.46115392455157,29.556996707138183,11.872823898732031,23.366516731584426,24.967792800830864,3000.0000000000005,3098.3051871454395,0.1996752986911843,23.839020492489617,-0.013033517048596602,0.00018988790818953068,-0.00010344313965688911,-0.00021440692475831468,-1.6159479579360247,0.00014220557411461822,0.002770067377860445,98.30518714543905
1.2666666666666666,0,0.0,345.8417661836448,88.5063068951021,29.56987808754101,11.671103911617973,23.4660780888981,24.887413427586417,2896.04415459112,2998.053452578984,0.1950628278419736,23.68892021919173,-0.01591411715749113,0.00021468967338046004,0.0016593559552279184,-0.0013396562207407924,-1.6708622427742588,-7.687451415351182e-05,-0.0025016712216314593,102.0092979878641
1.2833333333333334,0,0.0,341.865267138484,88.47746230977661,29.54063726694951,11.557132675762684,23.60007796741152,24.983669860714187,2796.631678462101,2896.38729852154,0.2008433092907539,23.730306671882644,-0.00048074308875811766,-0.0004873470098583373,0.002233331308556963,0.0016042738854628407,-1.6944359009574024,9.634135747967157e-05,0.000689774211515252,99.75562005943902
1.3,0,0.0,338.2442949541506,87.92558581652597,29.497250771898894,11.448409837837032,23.60285431841326,24.92127904629237,2706.107373853764,2789.1031653480773,0.2051065007972871,23.972161052565266,-0.009197941554177429,-0.0007231082508435923,4.6272516695703794e-05,-0.0010398469070302951,-1.7880688862243763,7.105319177555339e-05,0.004030906344710357,82.99579149431338
1.3166666666666669,0,0.0,335.1371034904521,87.25158877694294,29.435200563982708,11.353843847575275,23.44893391727436,25.00365627657808,2628.4275872613025,2709.2303869224043,0.194759791803403,23.798496001155257,-0.011233283993050474,-0.0010341701319364442,-0.002565340018981684,0.0013729538380951923,-1.3312129737612168,-0.00017244514989806826,-0.0028944175235001406,80.80279966110174
1.3333333333333333,0,0.0,332.67949192431126,86.53870273832443,29.494479256442386,11.34898971568542,23.505195069744804,24.98600290438044,2566.987298107781,2640.18229654786,0.1872323571564023,23.606392221647592,-0.011881433976975112,0.0009879782076612996,0.0009376858745074064,-0.0002942228699606512,-1.1508015062424042,-0.00012545724411667838,-0.0032017296584610833,73.19499844007896
1.35,0,0.0,330.9788696740969,86.3779339230116,29.44208831281276,11.292655231295203,23.48066046867133,25.183464185301958,2524.4717418524237,2577.1633237472506,0.1772071587129567,23.758706900849244,-0.0026794802552139174,-0.000873182393827084,-0.0004089100178912138,0.0032910213486919324,-1.0503162133434898,-0.00016708664072409332,0.002538577986694198,52.69158189482687
1.3666666666666667,0,0.0,330.1095620926345,85.68001186544342,29.439474736039763,11.25156370881494,23.47558489053054,24.844356712088768,2502.739052315864,2542.622725643625,0.1581262704200521,23.69408723456495,-0.011632034292802965,-4.355961288329269e-05,-8.459296901316785e-05,-0.00565179122021983,-0.5756766350604267,-0.0003180148048817435,-0.0010769944380715657,39.883673327761244
1.3833333333333333,0,0.0,330.1095620926345,85.3462692936796,29.3633339074242,11.174210326181148,23.56604257297169,24.958183639781996,2502.739052315864,2509.901074336836,0.1541571827532064,23.731611313395373,-0.005562376196063686,-0.0012690138102594043,0.001507628040685797,0.0018971154615538073,-0.5453608551131538,-6.6151461114095e-05,0.0006254013138403754,7.162022020972017
1.4,0,0.0,330.9788696740969,84.72728380293717,29.35529744437803,11.284849544278256,23.5628059469981,25.245729980559588,2524.4717418524237,2525.699211942805,0.1657191585284415,23.684932474059018,-0.010316424845707198,-0.0001339410507694557,-5.39437662264793e-05,0.004792439012959863,0.26330229343282097,0.00019269959625391834,-0.000777980655605918,1.2274700903813027
1.4166666666666667,0,0.0,332.6794919243112,84.5383551734401,29.39375255603744,11.362811049807975,23.486107767090427,24.961137196170885,2566.9872981077806,2542.897267673921,0.1813665648317838,23.806759380231156,-0.0031488104916178373,0.0006409185276568271,-0.001278302998461219,-0.004743213073145055,0.28663426218526333,0.00026079010505570497,0.0020304484362023106,-24.090030433859738
1.4333333333333331,0,0.0,335.1371034904521,83.78451597355692,29.34230815105368,11.42609808224222,23.524525264741847,25.097359595580595,2628.4275872613025,2575.601298941797,0.1863993975179315,23.613054249416773,-0.012563986664719569,-0.0008574067497293688,0.0006402916275236592,0.0022703733234951786,0.5450671877979327,8.388054476912848e-05,-0.0032284188469063817,-52.82628831950569
1.45,0,0.0,338.2442949541505,82.90887314507539,29.30600862057104,11.502978009779708,23.54048324162778,25.11125801508592,2706.107373853763,2645.2584763683744,0.1974142508249394,23.660019277082707,-0.014594047141358858,-0.0006049921747106761,0.0002659662814322061,0.00023164032508873333,1.1609529571096269,0.00018358088845013182,0.0007827504610988949,-60.848897485388534
1.4666666666666666,0,0.0,341.86526713848394,83.07405099574196,29.285289886374706,11.634640710638797,23.6286853776698,24.97599464965329,2796.6316784620985,2724.79515249676,0.2129245077013655,23.70981748146174,0.0027529641777761073,-0.0003453122366055439,0.0014700356007003516,-0.002254389423877138,1.3256112688064225,0.00025850428127376833,0.000829970072983895,-71.83652596533875
1.4833333333333334,0,0.0,345.8417661836448,82.14255516325323,29.293620291918806,11.799577055897355,23.46430553226361,24.84039945696806,2896.0441545911194,2812.2296869935394,0.2195958302700109,23.56119773815985,-0.015524930541478691,0.00013884009240167455,-0.0027396640901031924,-0.002259919878087165,1.457242241612994,0.00011118870947742313,-0.002476995721698157,-83.81446759758
1.5,1,600.0,350.0,82.7023588082005,29.342704349543883,-8.598264910705584,23.449450912674877,24.919484629551363,2999.9999999999995,2911.706365242185,0.2286895277299944,23.693849998499637,0.009330060749121098,0.000818067627084614,-0.0002475769931455337,0.0013180862097216916,1.6579446374774232,0.00015156162433305846,0.0022108710056630916,-88.29363475781474
1.5166666666666666,1,601.2556165273943,354.1582338163552,82.86126685031802,29.289985885107612,-8.413144145728447,23.61761611971707,25.08196879281901,3103.95584540888,3003.239803204089,0.2319024675316814,23.63478414272642,0.0026484673686252807,-0.0008786410739378543,0.0028027534507032215,0.002708069387794095,1.525557299365073,5.354899669478321e-05,-0.0009844309295536035,-100.71604220479094
1.5333333333333334,1,602.5051158172811,358.13473286151606,83.60849891516823,29.362328065952383,-8.378046074646983,23.39922569520528,25.14286616469644,3203.368321537901,3109.7118653146263,0.2258115534906929,23.463195451909403,0.012453867747503485,0.0012057030140795177,-0.0036398404085298116,0.0010149561979571804,1.7745343685089514,-0.00010151523401647489,-0.002859811513616961,-93.65645622327474
1.55,1,603.7424104347197,361.7557050458494,83.83285166552422,29.380446934843427,-8.190226010330209,23.687296212014825,25.02135399277785,3293.892626146236,3194.3672798893517,0.2285249988164784,23.5780541834745,0.003739212505933172,0.00030198114818406435,0.004801175280159065,-0.0020252028653098128,1.4109235762454242,4.5224088763091515e-05,0.0019143121927516068,-99.5253462568844
1.5666666666666669,1,604.961472404706,364.8628965095479,83.96732066764004,29.42827603947733,-8.122292046854962,23.760615851307364,24.98245870700697,3371.572412738697,3289.4777694894733,0.2264760446744081,23.627561352457235,0.002241150035263691,0.0007971517438983611,0.0012219939882089767,-0.0006482547628480144,1.5851748266686931,-3.4149235701171526e-05,0.0008251194830455925,-82.09464324922374
1.5833333333333333,1,606.1563625798619,367.3205080756888,84.77567779996862,29.400090924148238,-8.106713236331235,23.72177400868395,25.12475858842136,3433.012701892219,3350.189631731532,0.2159901052445102,23.537954646870112,0.013472618872143016,-0.00046975192215151413,-0.0006473640437235417,0.002371664690239861,1.0118643707009747,-0.0001747656571649649,-0.0014934450931187134,-82.82307016068717
1.6,1,607.3212595753644,369.0211303259031,84.62438984260548,29.445668819944363,-8.054896317567803,23.804915515523927,25.13237746675836,3475.5282581475767,3424.071098368603,0.2057470553178498,23.589074416892934,-0.0025214659560523008,0.0007596315966020839,0.0013856917806662613,0.00012698130561664318,1.2313577772845217,-0.00017071749877767365,0.0008519961670470385,-51.45715977897362
1.6166666666666667,1,608.450488130146,369.8904379073655,85.01666383477735,29.42132406348976,-8.10987835897209,23.5495941533796,25.117870608681265,3497.260947684136,3456.8908124047034,0.2030421182631356,23.634873668193283,0.006537899869531098,-0.0004057459409100517,-0.004255356035738759,-0.000241780967951577,0.5469952339350054,-4.50822842452366e-05,0.0007633208550058038,-40.370135279432816
1.6333333333333333,1,609.5385467561977,369.8904379073655,85.59426640628453,29.43114271203268,-8.143409985164174,23.67051193847765,25.030752721355928,3497.2609476841367,3476.519944566028,0.1774524726824696,23.45385931068459,0.009626709525119756,0.0001636441423820282,0.00201529641830079,-0.0014519647887556294,0.3271522026887396,-0.0004264940930110997,-0.0030169059584782333,-20.741003118108893
1.65,1,610.5801345412646,369.0211303259031,86.05368448526764,29.44979554469232,-8.259271839125025,23.689678861245127,25.254355729188585,3475.5282581475763,3481.697849745301,0.1727644679281925,23.54758485350057,0.007656967983051762,0.0003108805443273373,0.0003194487127913111,0.003726716797210964,0.08629841965455398,-7.813341257128514e-05,0.0015620923802663592,6.169591597724775
1.6666666666666667,1,611.5701769743577,367.3205080756888,86.14589782595877,29.42008531084136,-8.28263767789545,23.7513365639571,25.29901246784188,3433.0127018922194,3460.20711472323,0.1533422270273532,23.43554079911897,0.0015368890115188569,-0.0004951705641827194,0.0010276283785328744,0.000744278977554913,-0.35817891703451704,-0.00032370401501398833,-0.0018674009063599803,27.194412831010595
1.6833333333333331,1,612.503850668262,364.8628965095479,86.61959889679136,29.473853744492057,-8.409976151548419,23.667505568938235,25.210691892975863,3371.5724127386966,3410.6200258980552,0.1559766657979915,23.550647887967465,0.007895017847209829,0.0008961405608449861,-0.001397183250314408,-0.00147200958110029,-0.8264514804195794,4.390731284397154e-05,0.001918451480808218,39.04761315935866
1.7,1,613.376606858593,361.7557050458495,86.97745756596046,29.489637374948806,-8.526442637196238,23.62375765875237,25.151971642305085,3293.892626146237,3360.7051050752543,0.165341995326726,23.347102750899182,0.005964311152818406,0.0002630605076124818,-0.0007291318364310702,-0.0009786708445129596,-0.831915347046682,0.00015608882547890843,-0.003392418951138036,66.81247892901729
1.7166666666666666,1,614.184193564921,358.134732861516,87.0665130345274,29.498428581004333,-8.679434574390893,23.738939586248765,25.335727444833097,3203.3683215379,3265.078098791271,0.1835564844965986,23.632082122314472,0.0014842578094490003,0.0001465201009254476,0.0019196987916065686,0.003062596708800195,-1.593783438066392,0.0003035748194978765,0.0047496561902548255,61.7097772533707
1.7333333333333334,1,614.9226763059908,354.1582338163552,87.60136823733093,29.50168278025868,-8.858142694470292,23.67491307614345,25.19538361712405,3103.9558454088806,3198.3364846012555,0.1991215990226401,23.471033808415765,0.008914253380058785,5.4236654239107436e-05,-0.0010671085017552428,-0.0023390637951507644,-1.112360236500255,0.0002594185754340251,-0.0026841385649784516,94.38063919237493
1.75,1,615.5884572681198,350.0,88.60315735167593,29.52995310666406,-8.941580887394087,23.769337191798638,25.25429152168996,3000.0000000000005,3097.426901454631,0.2117549346763373,23.5567477047032,0.016696485239083358,0.0004711721067563346,0.0015737352609197805,0.0009817984094318297,-1.6818263857770717,0.0002105555942282867,0.0014285649381238958,97.42690145463075
1.7666666666666666,1,616.178292833385,345.8417661836449,88.48297890086343,29.574047208382424,-9.160854455158722,23.744679366924355,25.34470056578024,2896.0441545911217,2995.9772697801254,0.2004887019360686,23.48048108193764,-0.002002974180208383,0.0007349016953060783,-0.00041096374790470234,0.0015068174015046528,-1.6908271945750963,-0.0001877705456711449,-0.001271110379425977,99.93311518900373
1.7833333333333334,1,616.6893093822022,341.86526713848406,89.10071278075176,29.57408482314031,-9.354848630080667,23.875930890457774,25.167794291083517,2796.631678462101,2889.015264473888,0.1992066858330679,23.476770965306617,0.010295564664805568,6.269126314369563e-07,0.0021875253922236364,-0.002948437911612049,-1.782700088437294,-2.1366935050011935e-05,-6.18352771837157e-05,92.38358601178697
1.8,1,617.1190172933127,338.24429495415063,89.30968706885426,29.60286648780079,-9.468736759933854,23.784762560289856,25.21920527920413,2706.107373853765,2800.9341306510287,0.1984461372454635,23.38007962477713,0.003482904801708268,0.00047969441100796927,-0.0015194721694652932,0.0008568498020101956,-1.4680188970476518,-1.267580979340636e-05,-0.0016115223421580894,94.8267567972639
1.8166666666666669,1,617.465323072968,335.1371034904521,90.01337611640061,29.596630854286417,-9.59656891171916,23.64624717880604,25.28775293221196,2628.427587261303,2713.6924905430824,0.1913448855231475,23.44909933716734,0.011728150792439133,-0.00010392722523953069,-0.0023085896913969486,0.0011424608834638287,-1.4540273351324382,-0.0001183541953719336,0.0011503285398368017,85.26490328177943
1.8333333333333333,1,617.7265395542198,332.6794919243112,90.33780870302256,29.64013735770027,-9.65949347817218,23.74189998234416,25.190608546016545,2566.98729810778,2642.336895955741,0.1903808102147924,23.40743029866721,0.005407209777032544,0.0007251083902308626,0.0015942133923020426,-0.0016190731032568924,-1.1892599097890222,-1.6067921805918337e-05,-0.0006944839750021359,75.34959784796092
1.85,1,617.9013941166289,330.9788696740969,90.2193248086138,29.57766680521952,-9.708901833577972,23.82051050391845,25.26980042859278,2524.4717418524237,2582.8749328510653,0.1727121312248305,23.51646536595034,-0.001974731573479242,-0.0010411758746791714,0.0013101753595714527,0.0013198647096039314,-0.9910327184112627,-0.0002944779831660314,0.0018172511213854511,58.40319099864155
1.8666666666666667,1,617.9890348863438,330.1095620926345,91.01285338891915,29.62005273521795,-9.696226311568411,23.739940314175502,25.36013430372897,2502.739052315864,2543.2233056946434,0.1619011734444239,23.550154690710716,0.013225476338422481,0.0007064321666405248,-0.0013428364957157749,0.0015055645856031437,-0.6608604526070319,-0.00018018262967344352,0.0005614887460062926,40.48425337877961
1.8833333333333333,1,617.9890348863438,330.1095620926345,91.45200743360618,29.724866902022328,-9.711745929786952,23.78289163481464,25.338598726440143,2502.739052315864,2517.343570044344,0.1464741833310982,23.44544035376178,0.007319234078117158,0.00174690278007296,0.0007158553439856163,-0.00035892628814711004,-0.43132892750499346,-0.0002571165018887614,-0.0017452389491489602,14.604517728480005
1.9,1,617.9013941166289,330.9788696740969,92.11453338272034,29.661471647591984,-9.637534285983092,24.043134872409077,25.485681976817677,2524.4717418524237,2526.245335984809,0.17059778638256,23.25389987134098,0.01104209915190258,-0.0010565875738390554,0.004337387293240624,0.0024513875062922353,0.1483627656744223,0.00040206005085769667,-0.0031923413736799707,1.7735941323853694
1.9166666666666667,1,617.7265395542198,332.6794919243112,92.3640128094758,29.671093607078355,-9.594902923997436,23.886576420120463,25.335967551749512,2566.98729810778,2554.703657929501,0.1765639572437868,23.4282742697155,0.00415799044592428,0.00016036599143950763,-0.0026093075381435683,-0.0024952404178027504,0.4743053657448627,9.943618102044629e-05,0.0029062399729086865,-12.283640178279256
1.9333333333333331,1,617.465323072968,335.1371034904521,92.80127153235728,29.716180414572392,-9.501370420777434,24.00429927922734,25.47980713316069,2628.427587261302,2595.097155382907,0.1920810231620618,23.43328065540441,0.0072876453813580135,0.0007514467915672896,0.001962047651781281,0.0023973263568529764,0.6732249575567721,0.0002586177653045835,8.34397614818035e-05,-33.33043187839485
1.95,1,617.1190172933127,338.24429495415046,93.03254464284308,29.72787239951474,-9.351877110629824,24.06110320443959,25.395355571344044,2706.1073738537616,2650.9157494221663,0.2050221529712642,23.473240969315498,0.003854551841430028,0.00019486641570581515,0.0009467320868708385,-0.0014075260302774358,0.9303099006543183,0.0002156854968200399,0.0006660052318514668,-55.1916244315953
1.9666666666666663,1,616.6893093822022,341.865267138484,93.72955372464855,29.736196326263155,-9.228680551139064,23.6956944272426,25.423676141632377,2796.6316784621,2703.315664917139,0.2043754246233156,23.40462189975275,0.011616818030091262,0.00013873211247356448,-0.006090146286616497,0.0004720095048055484,0.873331924916215,-1.0778805799143329e-05,-0.001143651159379111,-93.3160135449607
1.9833333333333332,1,616.178292833385,345.84176618364484,94.16947425870116,29.72808587224572,-9.104348696213838,24.13920894131228,25.34848563091102,2896.044154591121,2820.0155433791824,0.2213409929152195,23.392558106739564,0.00733200890087673,-0.00013517423362389516,0.007391908567827995,-0.0012531751786892661,1.9449979743673869,0.00028275947153173173,-0.00020106321688645085,-76.02861121193837
2.0,1,615.58845726812,350.0,94.7925641895013,29.782698385877865,-8.94878922282986,24.00371411406087,25.40515246129673,2999.9999999999995,2897.5767626475754,0.2259974324586934,23.29214729075113,0.010384832180002471,0.0009102085605357265,-0.002258247120856834,0.000944447173095142,1.2926869878065494,7.760732572456482e-05,-0.0016735135998072082,-102.42323735242417
2.0166666666666666,1,614.9226763059908,354.1582338163552,95.04210318637244,29.79532762162296,-8.760645743725478,24.01574063499148,25.44317185185867,3103.95584540888,3007.262229157181,0.2255131877560611,23.259972709039943,0.004158983281185632,0.00021048726241825003,0.0002004420155101864,0.0006336565093656432,1.8280911084934284,-8.070745043871342e-06,-0.0005362430285198154,-96.69361625169904
2.033333333333333,1,614.184193564921,358.13473286151594,95.45919346120506,29.79716019855884,-8.632022041001672,24.08158989228596,25.479643226707328,3203.368321537899,3096.119663562032,0.2320620771655769,23.39408529726509,0.006951504580543618,3.054294893131508e-05,0.0010974876215746813,0.0006078562474776561,1.480957240080852,0.00010914815682526308,0.002235209803752447,-107.24865797586699
2.05,1,613.376606858593,361.7557050458494,95.68757077425856,29.84346718386953,-8.478844078843546,24.08040356564298,25.415753390692768,3293.892626146236,3196.4189822036524,0.232820520405224,23.44566926333624,0.0038062885508916605,0.0007717830885115499,-1.9772110716390994e-05,-0.001064830600242672,1.6716553106936696,1.2640720660785087e-05,0.0008597327678524872,-97.47364394258375
2.066666666666667,1,612.503850668262,364.8628965095479,96.34008081947832,29.878692508487507,-8.30246068742387,24.09198808927311,25.535615820536076,3371.572412738696,3285.8085626144834,0.2239317335664757,23.38544990619776,0.010875167420329271,0.0005870887436329278,0.00019307539383550676,0.0019977071640551475,1.4898263401805176,-0.00014814644731247172,-0.0010036559523079803,-85.7638501242127
2.083333333333333,1,611.5701769743577,367.3205080756888,96.33281704854753,29.8319083350189,-8.193964708157672,24.12895013206262,25.47229344501835,3433.0127018922194,3360.8087372644445,0.2189223960684689,23.28189920002454,-0.0001210628488465204,-0.0007797362244768162,0.0006160340464918571,-0.0010553729252954132,1.2500029108326847,-8.348895830011341e-05,-0.001725845102886995,-72.2039646277749
2.1,1,610.5801345412646,369.0211303259031,96.85538601437058,29.87953073336954,-8.124551627598048,24.21817162504908,25.435045801628068,3475.5282581475767,3409.042496047914,0.2004615708669092,23.222632761514067,0.008709482763717583,0.0007937066391773347,0.0014870248831076794,-0.0006207940565047328,0.8038959797244919,-0.000307680420025995,-0.0009877739751745552,-66.48576209966268
2.1166666666666667,1,609.5385467561977,369.8904379073655,97.0711902549726,29.87421470848325,-8.029804396298184,24.14395185002022,25.532215893705736,3497.2609476841367,3458.869699577209,0.1961034547165561,23.3461071219324,0.0035967373433670956,-8.860041477145585e-05,-0.0012369962504810298,0.001619501534627806,0.8304533921549136,-7.263526917255143e-05,0.0020579060069721915,-38.39124810692783
2.1333333333333333,1,608.450488130146,369.8904379073655,96.99416499762188,29.885697079071164,-8.044902600156748,24.093408385877144,25.51076827729408,3497.2609476841367,3482.5028653280106,0.1871211359293378,23.30558520613929,-0.0012837542891787734,0.0001913728431318873,-0.0008423910690512552,-0.0003574602735276026,0.39388609584669515,-0.00014970531312030513,-0.0006753652632184526,-14.758082356126124
2.15,1,607.3212595753644,369.0211303259031,97.6702967380716,29.92536959151841,-7.982859864564253,24.09738389899877,25.622657466649045,3475.5282581475767,3473.6128743208724,0.1716636769099789,23.336126465060904,0.011268862340828653,0.0006612085407874464,6.625855202712453e-05,0.0018648198225827528,-0.1481665167856363,-0.0002576243169893147,0.0005090209820268754,-1.9153838267043284
2.1666666666666665,1,606.156362579862,367.3205080756888,97.93482108789888,29.95424800189952,-7.960182714493543,24.115450238159088,25.46035118927815,3433.0127018922194,3450.4111863786416,0.1513150574254939,23.31791641591863,0.004408739163788056,0.000481306839685125,0.00030110565267194765,-0.0027051046228482533,-0.38669479903718035,-0.0003391436580747503,-0.00030350081903787187,17.39848448642215
2.183333333333333,1,604.961472404706,364.8628965095479,98.29194396530782,29.95244812741012,-8.056758578549422,24.09270257177036,25.559741931908626,3371.572412738698,3425.365465330404,0.152230417939016,23.38487867904913,0.0059520479568156755,-2.999790815666851e-05,-0.0003791277731454675,0.001656512377174598,-0.4174286841372956,1.525600855870196e-05,0.0011160377188416486,53.79305259170587
2.2,1,603.7424104347197,361.7557050458495,98.87313674555708,29.966061888050863,-8.075133980266704,24.165640826631225,25.545193999268,3293.892626146237,3360.7864712829605,0.1688700371692739,23.350339331204093,0.009686546337487556,0.0002268960106790748,0.0012156375810144246,-0.0002424655440104099,-1.0763165674573885,0.00027732698717096487,-0.0005756557974172812,66.89384513672348
2.216666666666667,1,602.5051158172811,358.13473286151606,99.077941241925,29.966465031246667,-8.186462140104727,24.175008217767903,25.71640407860537,3203.368321537901,3278.0554900576826,0.1805923866309245,23.16324822679808,0.0034134082727987902,6.719053263400572e-06,0.0001561231856112973,0.0028535013222894534,-1.378849687087965,0.00019537249102751,-0.003118185073433584,74.68716851978161
2.2333333333333334,1,601.2556165273943,354.1582338163552,99.52866057381524,29.93519693638938,-8.268641091905325,24.160852289907638,25.714633494205188,3103.955845408879,3205.245112488981,0.1870017402198489,23.359894097741392,0.007511988864837349,-0.0005211349142880906,-0.0002359321310044275,-2.9509740003004954e-05,-1.213506292811697,0.00010682255981540646,0.003277431182388568,101.28926708010158
2.25,1,600.0,350.0,99.99529341012985,29.99332428715959,-8.320949509741942,24.15339078354315,25.604109889596824,3000.0000000000005,3093.557863277284,0.1888701179805053,23.1142122727637,0.007777213938576703,0.0009687891795035005,-0.0001243584394081528,-0.001842060076806066,-1.8614541535282796,3.113962934427339e-05,-0.004094697082961515,93.55786327728356
2.2666666666666666,1,598.7443834726057,345.84176618364484,100.0,29.99169899729743,-8.447969909955047,24.157450868616152,25.682403156409244,2896.0441545911203,2996.7236615564007,0.1958155476803053,23.328405200163303,7.844316450255444e-05,-2.70881643693599e-05,6.766808455006175e-05,0.0013048877802069943,-1.6139033620147225,0.00011575716166333331,0.0035698821233266878,100.67950696528032
2.283333333333333,1,597.4948841827188,341.86526713848406,100.0,30.01483669965969,-8.491777329467501,24.290551963377755,25.72528311002304,2796.631678462101,2899.297256037248,0.2024904772877353,23.264432784185733,0.0,0.0003856283727043201,0.0022183515793600486,0.0007146658935632525,-1.6237734253192078,0.00011124882679050032,-0.001066206932959505,102.66557757514738
2.3,1,596.2575895652803,338.2442949541506,99.7805324650906,30.021021694705787,-8.641117572838123,24.096955915052387,25.751555929231756,2706.107373853764,2805.368167816196,0.204488807270657,23.19363850742901,-0.0036577922484899734,0.00010308325076830253,-0.0032266008054228005,0.00043788032014528965,-1.5654848036842017,3.330549971536136e-05,-0.0011799046126120297,99.26079396243222
2.316666666666667,1,595.038527595294,335.1371034904521,99.76955023174465,29.992786884087888,-8.660319864577513,24.194604014887865,25.74311158529605,2628.427587261303,2712.9909750069965,0.1936221584500351,23.12874919863164,-0.00018303722243260268,-0.000470580176964989,0.001627468330591301,-0.00014073906559512275,-1.5396198801533274,-0.00018111081367703138,-0.001081488479956209,84.56338774569349
2.333333333333333,1,593.843637420138,332.67949192431126,100.0,30.00009325650557,-8.72796591667609,24.173544705330208,25.619555963661927,2566.987298107781,2639.5415369732123,0.1930127795328979,23.192389449661672,0.003840829470922576,0.00012177287362800845,-0.0003509884926276167,-0.002059260360568693,-1.22415730056307,-1.015631528562035e-05,0.0010606708505005594,72.55423886543122
2.35,1,592.6787404246356,330.9788696740969,99.95122077796454,29.93707647127169,-8.750155245577341,24.181263258393766,25.577382369356688,2524.4717418524237,2589.59056520305,0.1734461740019618,23.295733955601357,-0.0008129870339243912,-0.0010502797538979535,0.00012864255105930292,-0.0007028932384206617,-0.832516196169369,-0.0003261100921822681,0.0017224084323280782,65.11882335062637
2.3666666666666667,1,591.549511869854,330.1095620926345,100.0,30.00111683509265,-8.717328886005356,24.218290238645256,25.825690352392805,2502.739052315864,2531.112486142256,0.1526306571718213,23.141578102564196,0.0008129870339243912,0.0010673393970159614,0.0006171163375248294,0.004138466383935283,-0.9746346510132374,-0.0003469252805023415,-0.0025692642172860046,28.3734338263921
2.3833333333333333,1,590.4614532438022,330.1095620926345,100.0,30.02070313274292,-8.664203755764765,24.189595775470004,25.76349569080456,2502.739052315864,2527.8757730617017,0.1511532517265235,23.25441491871757,0.0,0.000326438294171183,-0.0004782410529208766,-0.0010365776931373935,-0.053945218009236365,-2.4623424088296894e-05,0.0018806136025562026,25.13672074583792
2.4,1,589.4198654587356,330.9788696740969,100.0,29.983155509196514,-8.593765354317954,24.2488370377938,25.6695304625514,2524.471741852423,2530.9630368101284,0.1515262821794309,23.05644570045054,0.0,-0.000625793725773427,0.0009873543720632465,-0.0015660871375526852,0.05145439580711202,6.217174215123374e-06,-0.003299486971117164,6.491294957705577
2.4166666666666665,1,588.4298230256423,332.6794919243112,99.76258591472512,29.98910218057293,-8.53264928180402,24.09633005658569,25.578793452014285,2566.9872981077806,2540.988575135863,0.1896996766862683,23.306565703480818,-0.003956901421247968,9.911118960695594e-05,-0.002541783020135154,-0.0015122835089519172,0.16709230542890813,0.0006362232417806234,0.004168666717171318,-25.998722971917687
2.433333333333333,0,0.0,335.1371034904521,99.41893418864989,29.969143864178267,11.144193970867478,24.06142391497857,25.6577164729116,2628.427587261302,2581.870925478672,0.1901086700942057,23.02710148394394,-0.0057275287679206125,-0.00033263860657773613,-0.0005817690267853356,0.0013153836816218955,0.6813725057134813,6.816556798956708e-06,-0.004657736992281277,-46.55666178263027
2.45,0,0.0,338.2442949541505,98.84554945589062,29.96437658676119,11.300880255826613,24.299793851985832,25.529824786699745,2706.107373853763,2650.757208275005,0.1985672609432861,23.1985786413141,-0.009556412212654427,-7.94546236179509e-05,0.00397283228345439,-0.0021315281035308923,1.1481047132722173,0.0001409765141513401,0.0028579526228359833,-55.35016557875815
2.466666666666667,0,0.0,341.865267138484,98.48708853613007,29.89827702588581,11.409024172503797,24.301136716511195,25.716061760395835,2796.6316784621,2720.852789555991,0.2206516361133478,23.221534311300974,-0.005974348662675766,-0.0011016593479229897,2.2381075422709766e-05,0.003103949561601501,1.168259688016436,0.00036807291950102794,0.0003825944997812414,-75.77888890610893
2.4833333333333334,0,0.0,345.8417661836448,97.92323996278144,29.941486485806564,11.617289336482914,24.46802569388209,25.5253112891057,2896.044154591119,2804.16827626138,0.2287751861147698,23.04941236868205,-0.009397476222477271,0.0007201576653458849,0.0027814829561815914,-0.003179174521502226,1.3885914450898176,0.00013539250002370015,-0.0028686990436487627,-91.87587832973895
2.5,0,0.0,350.0,97.18922922606971,29.883563674188157,11.719016926169571,24.26998304320973,25.57687002492989,2999.9999999999995,2901.0294085999603,0.2237149074933343,23.05701533083701,-0.012233512278528735,-0.000965380193640127,-0.0033007108445393266,0.0008593122637364558,1.6143522056430053,-8.433797702392479e-05,0.0001267160359160376,-98.97059140003921
2.5166666666666666,0,0.0,354.1582338163551,97.38304284690894,29.885993982993718,11.8804508835413,24.240437288125115,25.617611131537718,3103.955845408878,3000.6103882518787,0.2172532072248117,23.01059351953917,0.0032302270139870377,4.050514675935091e-05,-0.0004924292514102646,0.0006790184434638155,1.6596829941986395,-0.0001076950044753768,-0.0007736968549640011,-103.34545715699915
2.533333333333333,0,0.0,358.134732861516,96.03165394488992,29.78825759389689,11.959641590606957,24.43180908649617,25.626487001377985,3203.368321537901,3110.2260586599214,0.2329695814727639,23.17704638890011,-0.02252314836698351,-0.0016289398182804504,0.003189529972850913,0.0001479311640044519,1.8269278401340443,0.0002619395707992032,0.0027742144893489733,-93.14226287797965
2.55,0,0.0,361.75570504584937,95.67527133979256,29.84993655817992,12.147391403624592,24.252393835480216,25.682012780769437,3293.8926261462348,3201.663871790149,0.2257199792524747,23.01836483812541,-0.005939710084956099,0.001027982738050485,-0.0029902541835992243,0.0009254296565242015,1.5239635521704638,-0.00012082670367148662,-0.0026446925129116395,-92.22875435608557
2.566666666666667,0,0.0,364.8628965095479,95.07567433362031,29.815095166257645,12.248398019654385,24.242221104794385,25.62419509754172,3371.572412738696,3288.055358048677,0.2263688662002447,23.22620263290557,-0.0099932834362041,-0.0005806898653712385,-0.00016954551143051334,-0.0009636280537952994,1.4398581043087992,1.081478246283361e-05,0.003463963246335962,-83.517054690019
2.583333333333333,0,0.0,367.3205080756888,95.02128826751742,29.760596941060417,12.38057371751805,24.28032200347104,25.721783602954847,3433.0127018922185,3359.4476205103574,0.2135112529651731,22.951404566665094,-0.0009064344350482163,-0.000908303753287143,0.0006350149779442186,0.001626475090218804,1.1898710410280047,-0.0002142935539178603,-0.004579967770674583,-73.56508138186109
2.6,0,0.0,369.0211303259031,94.18244061224006,29.72188864351217,12.425311071526924,24.4974098837679,25.53356896523865,3475.5282581475767,3418.827826476436,0.2020598318048012,23.0397903908602,-0.013980794254622708,-0.0006451382924707853,0.0036181313382810387,-0.003136910628603277,0.9896700994346399,-0.00019085701933953166,0.0014730970699184571,-56.700431671140905
2.6166666666666667,0,0.0,369.8904379073655,93.82122025578948,29.745496704745356,12.486880488355927,24.309998730858503,25.70927666069316,3497.2609476841367,3457.7765272887764,0.198033202478634,23.048403384846864,-0.006020339274176223,0.00039346768721978026,-0.0031235192151566338,0.002928461590908486,0.6491450135390096,-6.711048876945301e-05,0.00014354989977771737,-39.4844203953603
2.6333333333333333,0,0.0,369.8904379073655,93.10597734823916,29.72117059825101,12.418819814064236,24.43690764970829,25.67048222757472,3497.2609476841367,3480.24297742859,0.1888677922353204,23.19426523795199,-0.011920715125838654,-0.0004054351082391013,0.0021151486474964305,-0.0006465738853073333,0.3744408356635631,-0.00015275683738856006,0.002431030885085406,-17.017970255546516
2.65,0,0.0,369.0211303259031,92.49176159098516,29.713861590711225,12.405128963103074,24.385304624323958,25.54154083652145,3475.5282581475763,3484.5020825965,0.1694537744654812,23.05502931850434,-0.010236929287566691,-0.00012181679232975048,-0.0008600504230721858,-0.0021490231842211808,0.0709850861318273,-0.0003235669628306533,-0.00232059865746083,8.973824448923551
2.6666666666666665,0,0.0,367.3205080756888,92.2588663444041,29.61568724290745,12.31526886677396,24.474430543973707,25.60348255080118,3433.0127018922203,3455.959447972824,0.1473713897934165,23.064758425475517,-0.0038815874430177645,-0.0016362391300629516,0.0014854319941624895,0.0010323619046621602,-0.4757105770612649,-0.000368039744534412,0.000162151782852978,22.94674608060359
2.683333333333333,0,0.0,364.8628965095479,91.8778937732596,29.683813664241047,12.306983301050876,24.36226195386535,25.55368522480554,3371.572412738698,3402.4938251591093,0.1604051983212238,23.12842361392057,-0.006349542852408282,0.0011354403555599764,-0.0018694765018059556,-0.0008299554332606244,-0.8910937135619103,0.00021723014213012175,0.0010610864740842273,30.921412420411343
2.7,0,0.0,361.7557050458495,90.62374108371267,29.61771209119667,12.171266398396323,24.32025820802326,25.593921103099312,3293.892626146237,3343.094209600731,0.174223745082183,23.115283916650213,-0.020902544825782125,-0.0011016928840729653,-0.0007000624307014647,0.0006705979715628511,-0.9899935926396363,0.00023030911268265332,-0.00021899495450596144,49.201583454494084
2.716666666666667,0,0.0,358.134732861516,90.35570584097168,29.541815799043626,12.062620484128471,24.54991046006749,25.30587840210708,3203.3683215379,3276.704653895819,0.1756768112321085,23.113534041503875,-0.0044672540456832145,-0.0012649382025507214,0.00382753753407048,-0.004800711683203869,-1.106492595081871,2.421776916542486e-05,-2.9164585772297378e-05,73.33633235791876
2.7333333333333334,0,0.0,354.1582338163553,89.74388238687604,29.607274827714257,11.983727270018314,24.61920404306932,25.5581300365526,3103.955845408883,3193.079280030948,0.1825093882495649,23.13857837255533,-0.010197057568260703,0.0010909838111771819,0.0011548930500304996,0.004204193907425354,-1.3937562310811775,0.00011387628362427339,0.0004174055175242349,89.12343462206536
2.75,0,0.0,349.99999999999994,89.20597007435713,29.557500248836224,11.833923048378317,24.287361544309608,25.595673839965663,2999.999999999999,3100.4368604560423,0.1973253353969868,22.910378622096125,-0.008965205208648542,-0.0008295763146338804,-0.005530708312661877,0.0006257300568843623,-1.5440403262484323,0.00024693245245703175,-0.003803329174320069,100.43686045604318
2.7666666666666666,0,0.0,345.8417661836449,88.81866449971314,29.57599792143255,11.64579349018923,24.34336212301129,25.654452999402707,2896.044154591122,2997.172319012256,0.2011556802741433,23.180351075549225,-0.006455092910733148,0.00030829454327208815,0.0009333429783613549,0.0009796526572840728,-1.7210756907297688,6.383908128594166e-05,0.004499540890885001,101.12816442113399
2.783333333333333,0,0.0,341.86526713848406,88.42840883818137,29.5531245716122,11.656874345621024,24.435818143874226,25.4806625002346,2796.6316784621013,2898.3657421429207,0.2016936971993057,22.983502761236075,-0.006504261025529464,-0.0003812224970057917,0.0015409336810489431,-0.002896508319468438,-1.646776281155591,8.966948752706557e-06,-0.0032808052385525127,101.73406368081942
2.8,0,0.0,338.2442949541506,87.62487915393501,29.58254967497654,11.47056429161516,24.38958660236354,25.64538463010705,2706.107373853764,2800.621341244918,0.1957874085906385,23.064613491743856,-0.013392161404105945,0.000490418389405652,-0.0007705256918447627,0.0027453688312074694,-1.629073348300047,-9.843814347778637e-05,0.0013518455084630195,94.51396739115398
2.816666666666667,0,0.0,335.1371034904521,87.07426617638647,29.503884521318827,11.420547011093106,24.514421714032554,25.509253767050755,2628.427587261303,2712.2618007298724,0.1898102862242949,22.99324961618029,-0.009176882959142318,-0.0013110858942952202,0.0020805851944835753,-0.0022688477176049087,-1.4726590085840903,-9.961870610572659e-05,-0.0011893979260594397,83.83421346856949
2.833333333333333,0,0.0,332.6794919243112,86.76202255573665,29.50099269772377,11.235412893130771,24.558505290683375,25.501799274287844,2566.9872981077806,2642.7770515483744,0.1785211337705556,23.11373992058317,-0.005204060344163726,-4.819705991761699e-05,0.000734726277513668,-0.00012424154604850912,-1.1580791530249674,-0.00018815254089565536,0.00200817174004803,75.78975344059381
2.85,0,0.0,330.978869674097,86.59418277445052,29.482589947069147,11.19177783763272,24.55939026080465,25.573033179118664,2524.471741852424,2574.6556710004984,0.1741493759600885,23.03045159787705,-0.0027973296881022235,-0.00030671251091038225,1.474950202127919e-05,0.0011872317471803247,-1.1353563424646003,-7.286263017445143e-05,-0.0013881387117686828,50.183929148074185
2.8666666666666667,0,0.0,330.1095620926345,85.965036369781,29.43947069360912,11.223925086215417,24.62785520936085,25.647901636192582,2502.739052315864,2528.3752650070983,0.1610511931198263,22.981925381770427,-0.010485773411158543,-0.0007186542243337849,0.0011410824759366279,0.0012478076178986442,-0.7713400998900019,-0.00021830304733770346,-0.0008087702684437185,25.636212691234505
2.8833333333333333,0,0.0,330.1095620926345,85.01216713307123,29.417328965651635,11.260142809533084,24.37587393258136,25.55174690931815,2502.739052315864,2518.145678659456,0.1468734024517673,23.107084005865552,-0.015881153945162887,-0.0003690287992914302,-0.004199687946324815,-0.0016025787812405194,-0.1704931057940409,-0.00023629651113431656,0.00208597706825208,15.406626343592052
2.9,0,0.0,330.9788696740969,84.7615472037221,29.408668725380096,11.203638763906996,24.6749973010281,25.57132509252363,2524.471741852423,2522.685769735929,0.1666583753721308,22.869978905444203,-0.004176998822485464,-0.00014433733785897593,0.0049853894741123264,0.00032630305342464064,0.07566818460788909,0.0003297495486727249,-0.003951751673689152,-1.7859721164936673
2.9166666666666665,0,0.0,332.6794919243112,84.61150614835047,29.365280456735103,11.319137214099568,24.44420378964328,25.44617417802771,2566.9872981077806,2548.766136586623,0.1786920904764099,23.02887344447729,-0.002500684256193845,-0.0007231378107498779,-0.0038465585230803494,-0.0020858485749319774,0.4346727808448956,0.0002005619184046519,0.0026482423172181414,-18.221161521157683
2.933333333333333,0,0.0,335.13710349045203,83.87452513428967,29.37044735721979,11.404110303208371,24.72147311531665,25.340926072461848,2628.4275872613007,2593.164872012705,0.1973724600061203,22.90264518855289,-0.012283016901013374,8.611500807808407e-05,0.004621155427889493,-0.0017541350927643862,0.7399789237680352,0.0003113394921618398,-0.002103804265406713,-35.26271524859567
2.95,0,0.0,338.2442949541506,83.81879906966381,29.364782482390467,11.559566863459771,24.507098051116213,25.469839174865605,2706.1073738537643,2645.43673548913,0.2045209724078936,23.07712710175223,-0.0009287677437643064,-9.441458048868867e-05,-0.003572917736673927,0.0021485517067292887,0.8711977246070849,0.00011914187336288841,0.002908031886655671,-60.670638364634215
2.966666666666667,0,0.0,341.86526713848394,82.90047911502597,29.28722534216403,11.68669076902799,24.60298546896382,25.5512817759206,2796.631678462098,2725.285223575838,0.2116381010095526,22.885068391418574,-0.015305332577297293,-0.0012926190037739242,0.0015981236307934428,0.0013573766842499186,1.3308081347784613,0.00011861881002765001,-0.0032009785055609067,-71.34645488626029
2.9833333333333334,0,0.0,345.8417661836448,82.1759320999332,29.24491893398872,11.813006214674628,24.509961419457834,25.43651470265661,2896.044154591119,2794.0228476954408,0.2151140048326297,23.04355777446453,-0.012075783584879455,-0.00070510680292184,-0.0015504008250997478,-0.001912784554399849,1.1456270686600496,5.793173038461848e-05,0.0026414897174326176,-102.02130689567821
3.0,1,600.0,349.99999999999994,82.58866939557255,29.31968153415311,-8.571563338243687,24.66980253296896,25.477266599319236,2999.999999999999,2905.8506728910006,0.2389054917748063,23.069858361258078,0.00687895492732243,0.0012460433360731217,0.0026640185585187362,0.0006791982777104503,1.8637970865926643,0.0003965247823696098,0.0004383431132257698,-94.14932710899848
3.0166666666666666,1,601.2556165273943,354.1582338163552,83.02798590988586,29.30577535581962,-8.436344907575716,24.58403481132061,25.492629420358654,3103.95584540888,3002.201937433714,0.2378476551529534,22.934205769535364,0.007321941905221744,-0.00023176963889148065,-0.0014294620274724796,0.000256047017323624,1.6058544090452262,-1.763061036421515e-05,-0.002260876528711897,-101.75390797516593
3.033333333333333,1,602.5051158172811,358.134732861516,83.91286325595871,29.340840094406616,-8.27589036298849,24.57541325506076,25.611236149724565,3203.368321537901,3100.150184590728,0.2266458724753223,22.975057646190752,0.01474795576788092,0.0005844123097832702,-0.0001436926043308399,0.0019767788227651904,1.6324707859502268,-0.00018669637796051806,0.0006808646109231376,-103.2181369471732
3.05,1,603.7424104347197,361.75570504584937,84.01075534981584,29.353729483112925,-8.282745646055751,24.40987500765377,25.384282501946384,3293.8926261462348,3189.9948224325785,0.2290151691553603,23.02335051723829,0.001631534897618773,0.00021482314510515483,-0.002758970790116481,-0.0037825607963030213,1.4974106306975121,3.948827800063319e-05,0.0008048811841256054,-103.89780371365623
3.066666666666667,1,604.961472404706,364.8628965095479,84.16765109140084,29.299000927231297,-8.181569912727163,24.53550406642972,25.748866337701187,3371.5724127386984,3277.9169833033893,0.2213245246139231,23.06499242335293,0.002614929026416727,-0.0009121425980271288,0.002093817646265824,0.006076397262580062,1.4653693478468464,-0.0001281774090239533,0.000694031768577356,-93.65542943530909
3.083333333333333,1,606.1563625798619,367.3205080756888,84.61574041482918,29.397929182067887,-8.125476130309648,24.59042207945477,25.62944533481264,3433.0127018922185,3355.0602557856387,0.2199622927519982,22.81395351981774,0.0074681553904722385,0.0016488042472764992,0.0009153002170841399,-0.001990350048142453,1.2857212080374893,-2.2703864365415197e-05,-0.0041839817255864865,-77.95244610657983
3.1,1,607.3212595753644,369.0211303259031,84.94603162869979,29.400576550263928,-8.125254970440137,24.56067320713266,25.50191900449654,3475.5282581475767,3411.9594661295305,0.2039187157067726,22.830815223319995,0.005504853564510152,4.4122803267339826e-05,-0.000495814538701822,-0.0021254388386016862,0.9483201723981968,-0.0002673929507537596,0.0002810283917042374,-63.568792018046224
3.1166666666666667,1,608.450488130146,369.8904379073654,85.2999176016884,29.37491175953022,-8.090330626135092,24.450296047766,25.520019187837622,3497.260947684136,3454.166443182912,0.2006800460742868,22.940946349374585,0.005898099549810354,-0.00042774651222844776,-0.0018396193227776672,0.00030166972235138684,0.7034496175563618,-5.397782720809689e-05,0.0018355187675764975,-43.09450450122404
3.1333333333333333,1,609.5385467561977,369.8904379073655,85.54963055795736,29.438640675970746,-8.207952126927191,24.56974305995197,25.78877595153177,3497.2609476841367,3477.936936486076,0.1815225298115789,22.953787476844266,0.004161882604482514,0.0010621486073420763,0.001990783536432872,0.004479279394902432,0.39617488838606124,-0.00031929193771179827,0.00021401879116134855,-19.324011198060816
3.15,1,610.5801345412646,369.02113032590313,86.13056117102101,29.378133604107628,-8.256140408237712,24.600930017570363,25.529726794324123,3475.5282581475776,3482.96185736192,0.1660594117643406,22.7505915958708,0.009682176884394286,-0.0010084511977186258,0.0005197826269731938,-0.004317485953460753,0.08374868126406909,-0.00025771863412063826,-0.0033865980162243996,7.433599214342394
3.1666666666666665,1,611.5701769743577,367.3205080756888,86.06130410818379,29.370105995073185,-8.299999591156448,24.567255989880447,25.570690514739145,3433.0127018922203,3460.101611666669,0.1599959694925925,22.8871218364054,-0.001154284380620396,-0.0001337934839073777,-0.0005612337948319279,0.0006827286735836916,-0.3810040949208466,-0.00010105737119580164,0.002275504008909953,27.088909774448894
3.183333333333333,1,612.503850668262,364.8628965095479,86.25648148269816,29.485855256062507,-8.387252847331478,24.62368386379548,25.72286595601336,3371.572412738696,3407.315674122803,0.1691607731475448,22.819410514511542,0.0032529562419062095,0.0019291543498220303,0.000940464565250565,0.0025362573545702817,-0.8797656257311018,0.0001527467275825381,-0.0011285220315642756,35.74326138410697
3.2,1,613.376606858593,361.7557050458495,87.2077006674265,29.43169381244705,-8.562546698499904,24.75158245220565,25.60980582543839,3293.892626146237,3357.715833401336,0.1723371698339936,22.88319327982497,0.015853653078805506,-0.0009026907269242675,0.0021316431401694775,-0.0018843355095828685,-0.8266640120244498,5.293994477414687e-05,0.0010630460885571106,63.82320725509908
3.216666666666667,1,614.184193564921,358.134732861516,87.71165213016243,29.49045551786748,-8.733784235958778,24.527448221095664,25.70174128743289,3203.3683215379,3280.4198164885984,0.1737415238732672,22.82906082891452,0.008399191045599016,0.000979361757007169,-0.0037355705184997606,0.0015322576999083164,-1.288266948545629,2.340590065455968e-05,-0.0009022075151741286,77.05149495069827
3.2333333333333334,1,614.9226763059908,354.15823381635533,87.71058012046883,29.502112887788943,-8.876833344611475,24.553439699087814,25.584003912501892,3103.955845408883,3195.0567244816443,0.1939802722001532,22.870736465336638,-1.7866828226686948e-05,0.00019428949869103226,0.0004331912998691697,-0.001962289582183274,-1.4227182001159009,0.00033731247211476697,0.0006945939403686078,91.10087907276147
3.25,1,615.5884572681198,349.99999999999994,88.1437373496889,29.53308354171569,-9.018688871418789,24.510801402920908,25.572587920447056,2999.999999999999,3092.42546327156,0.1900432972805389,22.890718286338675,0.007219287153667864,0.0005161775654457893,-0.0007106382694484382,-0.00019026653424726684,-1.7105210201680696,-6.561624866023852e-05,0.0003330303500339582,92.42546327156106
3.2666666666666666,1,616.178292833385,345.8417661836449,88.77037494161047,29.497364323250203,-9.149245617709711,24.61339745473527,25.71001220618096,2896.044154591122,2995.757148000752,0.1918278259638514,22.77206146820613,0.010443959865359414,-0.0005953203077581293,0.0017099341969060453,0.0022904047622317237,-1.6111385878468052,2.9742144721874957e-05,-0.0019776136355424373,99.71299340962969
3.283333333333333,1,616.6893093822022,341.86526713848406,89.03928087054769,29.59219927380959,-9.363165243230796,24.68053251073012,25.803603174168867,2796.6316784621013,2895.461630770654,0.2022497545324935,22.81204462888648,0.004481765482286922,0.0015805825093231363,0.0011189175999141673,0.0015598494664651242,-1.6715919538349604,0.00017369880947736837,0.0006663860113391706,98.82995230855295
3.3,1,617.1190172933127,338.24429495415046,89.42451506191335,29.529308126521503,-9.4988018041953,24.751399627067865,25.594488782573958,2706.107373853761,2798.8894277777063,0.1901196045558776,22.750664372289773,0.006420569856094478,-0.0010481857881347997,0.001181118605629076,-0.0034852398599151493,-1.6095367165491326,-0.00020216916627693177,-0.001023004276611772,92.78205392394511
3.316666666666667,1,617.465323072968,335.13710349045215,89.83375204089046,29.572853467412305,-9.52847139417996,24.714036279851253,25.73304304412513,2628.427587261303,2715.990331086656,0.1997508271156795,22.773160688297214,0.0068206163162850926,0.0007257556815133626,-0.000622722453610199,0.002309237692519517,-1.3816516115175015,0.0001605203759966987,0.00037493860012401586,87.56274382535321
3.333333333333333,1,617.7265395542198,332.6794919243112,90.28170976187998,29.645688564020407,-9.588224136864511,24.53863683511669,25.677382819883576,2566.9872981077806,2647.682918099233,0.186696468847555,22.86923452545482,0.007465962016492019,0.0012139182768017066,-0.0029233240789093766,-0.0009276704040258821,-1.1384568831237174,-0.00021757263780207518,0.0016012306192934626,80.69561999145253
3.35,1,617.9013941166289,330.978869674097,90.67612783875884,29.6172725633266,-9.67526416000138,24.667831742235936,25.71178944199973,2524.471741852424,2583.075020766736,0.1708805052364749,22.89117700600837,0.006573634614647735,-0.00047360001156343166,0.0021532484519874253,0.0005734437019359125,-1.0767982888749505,-0.00026359939351800155,0.00036570800922580324,58.603278914311886
3.3666666666666667,1,617.9890348863438,330.1095620926345,91.73090577973852,29.592612674822437,-9.700872201998326,24.629370559800236,25.781070139632533,2502.739052315864,2542.9433271426515,0.166447659764227,22.937600923808034,0.017579632349661267,-0.0004109981417360705,-0.0006410197072616696,0.0011546782938800368,-0.6688615604014103,-7.388075787079831e-05,0.0007737319633277433,40.204274826787696
3.3833333333333333,1,617.9890348863438,330.1095620926345,91.61493314621876,29.697019525559032,-9.775311923123768,24.876652246312304,25.76806041422406,2502.739052315864,2528.114012824664,0.1441335838459581,22.772030386314057,-0.00193287722532934,0.0017401141789432492,0.004121361441867795,-0.00021682875680788526,-0.24715523863312683,-0.00037190126530448205,-0.0027595089582329517,25.374960508800086
3.4,1,617.9013941166289,330.9788696740969,92.03260462381928,29.67962554191949,-9.658664382694184,24.83800726748575,25.561285620879676,2524.471741852423,2528.467364307767,0.1638220523719209,22.81718937661777,0.006961191293342021,-0.00028989972732572274,-0.0006440829804425618,-0.003446246555739722,0.005889191385055407,0.0003281411420993803,0.0007526498383951956,3.9956224553443462
3.4166666666666665,1,617.7265395542198,332.67949192431115,92.13337107232452,29.712195224819364,-9.67090293536219,24.805919368021087,25.59596255683581,2566.9872981077788,2545.560073091567,0.1768167120392487,22.92214365470316,0.00167944080842067,0.0005428280483312638,-0.0005347983244110566,0.0005779489326022494,0.2848784797299989,0.00021657766112212994,0.0017492379680898414,-21.42722501621165
3.433333333333333,1,617.465323072968,335.13710349045215,92.81199436453936,29.69308485909932,-9.51674900206965,24.879329622613422,25.80635516252718,2628.427587261303,2584.932035487276,0.1893506906526939,22.69840188296474,0.01131038820358062,-0.00031850609533409606,0.001223504243205594,0.0035065434281894643,0.6561993732618172,0.00020889964355741975,-0.0037290295289736856,-43.49555177402681
3.45,1,617.1190172933127,338.24429495415046,93.3404123848505,29.677714230556344,-9.35753190060127,24.775187526116287,25.999223271337023,2706.107373853761,2640.9831018557047,0.2020550089710916,22.96295618682593,0.008806967005185603,-0.00025617714238291477,-0.0017357016082855854,0.0032144684801640603,0.9341844394738094,0.00021173863863996196,0.004409238397686544,-65.12427199805643
3.466666666666667,1,616.6893093822022,341.86526713848394,93.90995982131544,29.725980914182887,-9.232036765995852,24.772045912581053,25.796825980101858,2796.631678462098,2718.0643268632875,0.2125461396468385,22.686698848486945,0.009492457274415738,0.0008044447271090623,-5.2360225587240924e-05,-0.0033732881872527544,1.2846870834597135,0.00017485217792911483,-0.004604288972316439,-78.56735159881055
3.4833333333333334,1,616.178292833385,345.8417661836449,94.10099308162144,29.77645935585257,-9.089808217336785,24.619043312831387,25.875918713119056,2896.0441545911226,2810.6235670071314,0.2177205166925973,22.787684333972397,0.0031838876717666647,0.0008413073611613697,-0.0025500433291610965,0.0013182122169533037,1.5426540023973985,8.623961742931323e-05,0.0016830914247575397,-85.42058758399116
3.5,1,615.5884572681198,349.99999999999994,94.1690554292452,29.748005268558725,-8.934853243799841,24.91125213854068,25.72189866353049,2999.999999999999,2907.6015392052277,0.2245850118010896,22.82569899159097,0.0011343724603960937,-0.00047423478823075034,0.004870147095154861,-0.002567000826476118,1.6162995366349378,0.00011440825180820541,0.0006335776269761932,-92.39846079477138
3.5166666666666666,1,614.9226763059908,354.1582338163552,94.8289525345062,29.820480963400183,-8.768206211397608,24.638186861947368,25.65678313084356,3103.955845408879,3001.518770689018,0.2242664490460176,22.834549655392514,0.010998285087683256,0.0012079282473576333,-0.004551087943221847,-0.0010852588781154655,1.5652871913965025,-5.309379251199989e-06,0.00014751106335909961,-102.43707471986136
3.533333333333333,1,614.184193564921,358.1347328615159,95.14510398515291,29.880768501225774,-8.641648216077881,24.822038312959144,25.691636380643665,3203.3683215378974,3101.3062331464007,0.2316217659549612,22.61170366706072,0.005269190844111904,0.001004792297093182,0.003064190850196269,0.000580887496668403,1.6631243742897142,0.00012258861514905978,-0.00371409980552991,-102.06208839149667
3.55,1,613.376606858593,361.7557050458495,95.66005870727491,29.88159496322492,-8.45031915485188,24.833159911321975,25.916663969347404,3293.892626146237,3198.013165497141,0.2255629414154689,22.611794406910555,0.008582578702033317,1.3774366652441471e-05,0.00018535997271384256,0.0037504598117289825,1.611782205845672,-0.00010098040899153838,1.512330830581258e-06,-95.87946064909602
3.566666666666667,1,612.503850668262,364.8628965095479,96.10940495243725,29.835853220050463,-8.32954917751661,24.82469604204332,25.76577667960492,3371.572412738696,3282.560542212409,0.2263093684074614,22.683006134342307,0.007489104086038859,-0.0007623623862409445,-0.00014106448797755652,-0.0025147881623747517,1.4091229452544667,1.244044986654184e-05,0.0011868621238625347,-89.01187052628711
3.583333333333333,1,611.5701769743577,367.3205080756888,96.55413663496743,29.81185635821656,-8.201411558433255,25.00864208995271,25.947019084535064,3433.0127018922185,3359.59570734258,0.2108693487799516,22.744042851083897,0.007412194708836495,-0.00039994769723173583,0.0030657674651564546,0.003020706748835759,1.2839194188361869,-0.000257333660458497,0.0010172786123598362,-73.41699454963828
3.6,1,610.5801345412646,369.021130325903,96.71879144456176,29.869291152235974,-8.090233362879486,24.8171415405213,25.823073941565934,3475.528258147576,3410.108079085639,0.2031042357040362,22.855925681361597,0.0027442468265720756,0.0009572465669902404,-0.0031916758238568358,-0.0020657523828188453,0.8418728623843132,-0.00012941855126525625,0.0018647138379616734,-65.42017906193678
3.6166666666666663,1,609.5385467561977,369.8904379073655,96.78708873173088,29.876743558303463,-8.044292055132093,24.83492264053505,25.815881086600207,3497.2609476841367,3464.6764285488607,0.1965872282008642,22.674223182534305,0.001138288119485272,0.00012420676779149412,0.00029635166689588507,-0.00011988091609544208,0.9094724910536949,-0.00010861679171953371,-0.0030283749804548656,-32.58451913527597
3.633333333333333,1,608.4504881301461,369.8904379073655,97.55000126830012,29.873390670951235,-7.996806189363394,24.858539403666605,25.81572075128696,3497.2609476841367,3481.739483035677,0.1773104136581652,22.72608093222127,0.012715208942820766,-5.588145587047677e-05,0.00039361271885921906,-2.6722552207777046e-06,0.2843842414469388,-0.00032128024237831665,0.0008642958281160537,-15.521464648459641
3.65,1,607.3212595753644,369.02113032590313,97.63909477484135,29.89384559569139,-7.934046588778087,24.89333377131192,26.045872837747684,3475.5282581475776,3487.7399520703166,0.162481698554105,22.777654588995052,0.0014848917756872027,0.00034091541233589596,0.0005799061274219142,0.0038358681076787232,0.10000781724399227,-0.0002471452517343366,0.0008595609462297204,12.21169392273896
3.6666666666666665,1,606.156362579862,367.3205080756888,97.89053938799636,29.901703000220557,-8.00004218016236,24.728075553948926,25.779422738325437,3433.0127018922185,3453.985794578918,0.1479197782180765,22.835790068555312,0.004190743552583361,0.00013095674215281387,-0.002754303622716551,-0.0044408349903707865,-0.5625692915233079,-0.0002426986722671415,0.0009689246593376666,20.9730926866996
3.683333333333333,1,604.961472404706,364.8628965095479,98.2995182913046,30.02360982905441,-8.033047446212002,24.844473385995236,25.764486745094704,3371.572412738698,3421.670273395747,0.1647144996206324,22.78857750346057,0.006816315055137304,0.002031780480564234,0.0019399638674385026,-0.00024893322051221153,-0.5385920197195219,0.0002799120233759315,-0.0007868760849123764,50.09786065704884
3.7,1,603.7424104347197,361.7557050458495,98.57380775300372,29.960046736842123,-8.112327349048869,24.987220889598785,25.98396374032288,3293.892626146237,3353.993415568112,0.1589705145741608,22.682561206808256,0.004571491028318775,-0.0010593848702047973,0.0023791250600591358,0.003657949920469624,-1.1279476304605776,-9.573308410785973e-05,-0.0017669382775385618,60.100789421875106
3.716666666666667,1,602.5051158172813,358.13473286151617,99.34436689228758,30.0046590973904,-8.12102816919126,24.68580286063812,25.941788616967905,3203.368321537904,3283.519847039204,0.1732851372965321,22.756998087887347,0.01284265232139769,0.0007435393424713037,-0.005023633816011082,-0.0007029187225829384,-1.1745594754818058,0.000238577045372855,0.0012406146846515162,80.1515255012996
3.733333333333333,1,601.2556165273943,354.1582338163552,99.6292875841874,29.973957826635623,-8.296819607965796,24.81680919952768,25.88702559955245,3103.955845408879,3190.458696160096,0.1871173085180785,22.718552881734578,0.004748678198330225,-0.0005116878459129855,0.0021834389814926543,-0.0009127169569242236,-1.5510191813184595,0.00023053618702577328,-0.000640753435879482,86.50285075121701
3.75,1,600.0,349.99999999999994,99.93860165758012,30.011135354711072,-8.343060146179429,24.813172335625257,25.93663349726278,2999.999999999999,3085.994949461941,0.1982458419156326,22.750264081713883,0.005155234556545452,0.0006196254679241638,-6.061439837369657e-05,0.0008267982951721228,-1.7410624449692553,0.00018547555662590162,0.0005285199996550934,85.99494946194181
3.7666666666666666,1,598.7443834726058,345.8417661836449,100.0,30.028822029227836,-8.48867170886681,24.66191338368512,25.961943469840552,2896.0441545911226,2995.7862575656272,0.199946707079469,22.70959388691196,0.0010233057069979643,0.0002947779086127274,-0.002520982532335599,0.0004218328762962168,-1.5034781982718946,2.8347752730606414e-05,-0.0006778365800320429,99.74210297450463
3.783333333333333,1,597.4948841827188,341.86526713848394,100.0,30.02797916528973,-8.506467765989282,24.838753403794737,25.73050416857814,2796.631678462098,2900.0729411918696,0.2056073853834501,22.79431493332199,0.0,-1.4047732301788092e-05,0.002947333668493594,-0.003857321687706872,-1.5952219395626268,9.434463839968535e-05,0.001412017440167131,103.44126272977155
3.8,1,596.2575895652803,338.2442949541506,99.8240715145265,30.020213831810032,-8.574627262465482,25.026586889567987,25.85995635955348,2706.1073738537643,2800.034794080004,0.2007881760779444,22.743456408468965,-0.0029321414245584284,-0.0001294222246616054,0.0031305580962208406,0.0021575365162556535,-1.6673024518644297,-8.032015509176158e-05,-0.0008476420808837186,93.92742022623952
3.816666666666667,1,595.038527595294,335.13710349045215,99.77653447958974,30.0124384885508,-8.646020954480274,24.885625100684813,25.97545901622751,2628.427587261303,2713.5037976235853,0.1992533807696007,22.66284895693459,-0.0007922839156125387,-0.0001295890543205521,-0.0023493631480529112,0.0019250442779005302,-1.4421832742736418,-2.557992180572862e-05,-0.0013434575255729443,85.07621036228238
3.8333333333333335,1,593.843637420138,332.67949192431126,99.88253584744724,30.000329565405824,-8.679102895696529,24.7333732503293,25.828110793537324,2566.9872981077824,2630.7036700812246,0.1843195494478257,22.64141263830713,0.0017666894642916968,-0.0002018153857495856,-0.002537530839258532,-0.00245580371150312,-1.3800021257060129,-0.00024889718869625007,-0.00035727197712430344,63.716371973442165
3.85,1,592.6787404246356,330.9788696740969,99.9230899779964,30.01984134569675,-8.742575306641443,24.91256583135005,25.934631440958,2524.471741852423,2586.042598811643,0.1766465032156833,22.6714361039955,0.0006759021758192318,0.0003251963381821099,0.0029865430170125033,0.0017753441236779467,-0.7443511878263583,-0.0001278841038690401,0.0005003910948061592,61.57085695922024
3.8666666666666663,1,591.549511869854,330.1095620926345,99.96626964931993,30.031312301931614,-8.702863686466358,24.75599023377489,26.035421472205705,2502.739052315864,2537.287486663831,0.1697009512438197,22.804586067389288,0.0007196611887254771,0.00019118260391438232,-0.002609593292919321,0.0016798338541284133,-0.8125852024635378,-0.00011575919953105973,0.002219166056563123,34.54843434796703
3.883333333333333,1,590.4614532438022,330.1095620926345,100.0,30.004716985303087,-8.684667339386413,24.96958193300856,25.93803392802292,2502.739052315864,2523.902645399138,0.1545926344027629,22.67355198265625,0.0005621725113345614,-0.0004432552771421072,0.003559861653894458,-0.001623125736379727,-0.2230806877448837,-0.0002518052806842798,-0.0021839014122173,21.16359308327401
3.9,1,589.4198654587356,330.97886967409687,99.87676145200186,29.964169035578266,-8.646634041871742,24.72460311047561,26.053391616878333,2524.471741852422,2532.6428416595936,0.1709072875394825,22.584309661743703,-0.0020539757999690285,-0.0006757991620803594,-0.004082980375549165,0.0019226281475901886,0.14566993767426387,0.0002719108856119932,-0.0014873720152091133,8.171099807171686
3.9166666666666665,1,588.4298230256423,332.6794919243112,100.0,30.042663190497706,-8.5387153361332,24.922856279015324,25.78504411218493,2566.9872981077806,2546.626464368363,0.1720947575787156,22.72634911596372,0.0020539757999690285,0.001308235915324,0.0033042194756619145,-0.004472458411556701,0.2330603784794903,1.9791167320551417e-05,0.0023673242370003083,-20.360833739417558
3.933333333333333,0,0.0,335.13710349045215,99.18904348774905,29.9963371096218,11.20940547104593,24.835573991229385,25.86176820213528,2628.427587261303,2576.0800701821418,0.1892008550821406,22.65993276424312,-0.013515941870849228,-0.0007721013479317899,-0.0014547047964323194,0.0012787348325058309,0.4908934302296454,0.0002851016250570835,-0.0011069391953433558,-52.34751707916121
3.95,0,0.0,338.24429495415046,98.68774046508308,29.973508336591472,11.276394856437154,24.80815815122031,25.91002396552548,2706.107373853761,2651.8403023189744,0.2055830041450709,22.69225518289048,-0.008355050377766087,-0.00038047955050544144,-0.0004569306668178896,0.0008042627231699721,1.2626705356138777,0.0002730358177155052,0.000538706977456016,-54.26707153478674
3.966666666666667,0,0.0,341.86526713848406,98.6130372751467,29.90474129216655,11.419481206663043,24.933071555780828,25.908960232304786,2796.6316784621013,2723.7350207230006,0.2090905743871208,22.7397660614615,-0.0012450531656064356,-0.001146117407082059,0.0020818900760086003,-1.7728887011555135e-05,1.1982453067337702,5.845950403416493e-05,0.0007918479761836276,-72.89665773910065
3.983333333333333,0,0.0,345.8417661836448,98.08494254036766,29.831468035021544,11.594984703032573,24.61703052381332,25.88527560615217,2896.044154591119,2813.927681988455,0.2197641585548382,22.578141577204725,-0.008801578912983861,-0.0012212209524167386,-0.0052673505327918,-0.00039474376921025585,1.5032110210909044,0.00017789306946195635,-0.002693741404279552,-82.11647260266409
4.0,0,0.0,349.99999999999994,97.23499004038472,29.928956670498746,11.648764988968871,25.03903947123257,25.932795254733893,2999.999999999999,2898.43849425637,0.2243610174538844,22.61064954487192,-0.014165874999715793,0.0016248105912866962,0.007033482456987509,0.0007919941430287144,1.4085135377985882,7.661431498410347e-05,0.0005417994611198888,-101.56150574362891
4.016666666666667,0,0.0,354.15823381635505,97.09996131162544,29.899041485151034,11.802273277892873,24.891027964467007,25.843896278068225,3103.955845408876,3010.6457080010264,0.2237612533087749,22.8170890956594,-0.0022504788126546773,-0.0004985864224618553,-0.0024668584460927198,-0.0014816496110944637,1.8701202290776033,-9.996069085158506e-06,0.0034406591797913797,-93.31013740784965
4.033333333333333,0,0.0,358.134732861516,96.3871187329826,29.82089307504404,11.975184134315622,24.857341523014803,25.795124758632834,3203.3683215379,3104.247374146966,0.2247750908348005,22.51116951794945,-0.011880709644047253,-0.0013024735017832375,-0.0005614406908700668,-0.0008128586572565174,1.560027769098997,1.6897292100426693e-05,-0.005098659628499173,-99.1209473909339
4.05,0,0.0,361.7557050458495,95.77951544468384,29.7801323436616,12.10296515056034,24.85350902504569,25.82825986934571,3293.892626146237,3208.8377485052265,0.2287498001939738,22.702189446743787,-0.010126721471646031,-0.0006793455230406901,-6.387496615190003e-05,0.0005522518452146131,1.743172905971005,6.624515598622205e-05,0.003183665479905606,-85.05487764101053
4.066666666666666,0,0.0,364.8628965095479,94.95722034073152,29.79288110599089,12.245046802488949,24.84957538125609,25.999350998738663,3371.572412738696,3279.189189938481,0.221846081947592,22.632733744514915,-0.013704918399205231,0.00021247937215485753,-6.55607298266266e-05,0.002851518823215867,1.1725240238875736,-0.00011506197077303012,-0.0011575950371478664,-92.38322280021521
4.083333333333333,0,0.0,367.3205080756888,94.7987562329542,29.77142098188745,12.321939322419782,24.936577901947796,25.828569631740205,3433.0127018922185,3361.533156722588,0.2167639417316448,22.6696651098509,-0.0026410684629553315,-0.0003576687350573593,0.0014500420115284149,-0.002846356116640969,1.3723994464017855,-8.470233693245362e-05,0.0006155227555997438,-71.47954516963046
4.1,0,0.0,369.0211303259031,94.13066184759091,29.79256646148693,12.389217067137215,24.938071518927167,25.906163456240904,3475.5282581475767,3425.800906178694,0.1989850083747348,22.73553612641446,-0.011134906422721495,0.0003524246599913757,2.4893616322844516e-05,0.0012932304083449846,1.071129157601763,-0.0002963155559485,0.0010978502760593163,-49.727351968882886
4.116666666666666,0,0.0,369.8904379073655,93.28768708276878,29.753171047347514,12.48194353192626,25.02636139705337,25.906580449270788,3497.2609476841367,3454.487212879972,0.1942095484323556,22.651010289857137,-0.014049579413702181,-0.0006565902356569472,0.0014714979687700709,6.949883831393795e-06,0.47810511168797043,-7.959099903965308e-05,-0.0014087639426220377,-42.77373480416463
4.133333333333334,0,0.0,369.8904379073655,92.9586937941632,29.71593929616573,12.449852962328404,24.909534719879638,25.80276265960774,3497.260947684137,3470.473986766101,0.1831365890961768,22.712040337584178,-0.005483221476759799,-0.000620529186363091,-0.0019471112862288937,-0.0017302964943841203,0.26644623143548263,-0.00018454932226964668,0.0010171674621173446,-26.78696091803613
4.15,0,0.0,369.0211303259031,92.61308261780228,29.731625135940057,12.426473012893242,25.03403377534876,25.907609570539147,3475.5282581475767,3475.944030953728,0.1649811745731181,22.842774954618967,-0.005760186272681977,0.0002614306629054634,0.0020749842578187128,0.0017474485155234494,0.09116740312711803,-0.0003025902420509786,0.002178910283913164,0.4157728061513808
4.166666666666667,0,0.0,367.3205080756888,91.92975243406212,29.6608293738677,12.38871223932342,25.028224527347515,25.730460917398126,3433.0127018922185,3460.3206077443383,0.1535323974332545,22.57396494810469,-0.011388836395669226,-0.0011799293678726268,-9.682080002075822e-05,-0.0029524775523503523,-0.26039038682316307,-0.00019081295233105977,-0.004480166775237985,27.307905852119802
4.183333333333334,0,0.0,364.8628965095479,91.7149487140501,29.677857942795058,12.263955844938154,25.188428881823704,25.93033857806946,3371.5724127386984,3413.088834026984,0.1670680902447265,22.672779433976466,-0.0035800620002004752,0.00028380948212263966,0.0026700725746031514,0.003331294344522225,-0.7871962286225729,0.00022559488019119981,0.0016469080978629572,41.51642128828553
4.2,0,0.0,361.7557050458495,90.933248334126,29.61774559448521,12.22344585054254,25.065369617641093,25.85918675499653,3293.892626146237,3349.5662886063355,0.1718020421612279,22.651647874377407,-0.013028339665401489,-0.0010018724718307817,-0.0020509877363768564,-0.0011858637178821852,-1.0587090903441398,7.889919860835694e-05,-0.00035219265998431837,55.67366246009851
4.216666666666667,0,0.0,358.134732861516,90.13923149483225,29.57208268380344,12.109467644272836,24.763741932596183,25.871211517061774,3203.368321537901,3276.051855668018,0.1881180481588441,22.61493030483126,-0.013233613988229346,-0.0007610485113628347,-0.005027128084081826,0.0002004127010874157,-1.2252405489719573,0.00027193343329360296,-0.0006119594924357467,72.6835341301171
4.233333333333333,0,0.0,354.1582338163552,90.01080202015511,29.583248791855056,11.97017590204782,25.10299174664779,25.797025352399903,3103.95584540888,3196.1818326053253,0.1849661762596708,22.675112764001582,-0.0021404912446188955,0.00018610180086024996,0.005654163567526756,-0.0012364360776978482,-1.3311670510448796,-5.2531198319554866e-05,0.0010030409861720101,92.2259871964452
4.25,0,0.0,350.0000000000001,89.54259978852897,29.594123998512565,11.89208382852586,24.957470321765232,25.697619751505243,3000.0000000000027,3090.6278535489423,0.1991628791122411,22.68846281070877,-0.007803370527102279,0.0001812534442918216,-0.0024253570813759376,-0.0016567600149109889,-1.7592329842730503,0.00023661171420950495,0.00022250077845313853,90.62785354893958
4.266666666666667,0,0.0,345.8417661836449,88.86387769050855,29.52004834286995,11.72513917196808,24.914991535632797,25.943329534083038,2896.0441545911226,3010.1090339569696,0.2009280780963675,22.692295151413244,-0.01131203496700716,-0.0012345942607102718,-0.000707979768873912,0.004095163042963239,-1.3419803265328787,2.941998306877358e-05,6.387234507455967e-05,114.06487936584699
4.283333333333333,0,0.0,341.86526713848406,88.23612632870102,29.4790815316666,11.557470398913566,24.93101262484416,25.67430116831093,2796.6316784621013,2904.8385598616646,0.2008630546424905,22.67296459609,-0.010462522696792102,-0.0006827801867224537,0.0002670181535227319,-0.004483806096201803,-1.754507901588416,-1.0837242312836114e-06,-0.00032217592205405763,108.20688139956337
4.3,0,0.0,338.2442949541506,87.76955408480674,29.508068209840538,11.4896955079707,25.03918635660936,25.8633434362427,2706.1073738537643,2800.1870455135004,0.1953410513685676,22.52690100381379,-0.007776204064904609,0.0004831113028989383,0.0018028955294199752,0.0031507044655295267,-1.7441919058027375,-9.20333878987147e-05,-0.002434393204603502,94.07967165973605
4.316666666666666,0,0.0,335.1371034904522,86.93709281755939,29.48545884816932,11.364853267620951,24.91531824254923,25.797858073946287,2628.4275872613057,2715.066089946968,0.1810819460607232,22.56303046417396,-0.013874354454122557,-0.0003768226945203068,-0.002064468567668835,-0.0010914227049402332,-1.4186825927755384,-0.00023765175513074018,0.0006021576726694751,86.63850268566239
4.333333333333333,0,0.0,332.6794919243112,86.91903664103539,29.485115116373407,11.25279891873505,25.06082062530898,25.894403787694635,2566.9872981077806,2644.777677414853,0.1836796443864907,22.59551508312867,-0.0003009362753999767,-5.728863265197504e-06,0.0024250397126625244,0.0016090952291391385,-1.1714735422019202,4.3294972096125095e-05,0.0005414103159118611,77.79037930707227
4.35,0,0.0,330.9788696740969,86.21918688554923,29.467836824783934,11.24307360010081,25.10865306571741,25.796111028916844,2524.471741852423,2586.775846987898,0.1747438255437318,22.69237641085713,-0.01166416259143593,-0.00028797152649122636,0.00079720734014046,-0.0016382126462965256,-0.9666971737825786,-0.0001489303140459817,0.0016143554621409705,62.30410513547531
4.366666666666666,0,0.0,330.1095620926345,86.0279858690897,29.41001705369391,11.16094382230387,25.200662460077684,25.79933708770438,2502.739052315864,2534.1381102985315,0.1590692884079211,22.68794753861464,-0.0031866836076588356,-0.000963662851500402,0.0015334899060045852,5.3767646458939096e-05,-0.8772956114894441,-0.0002612422855968452,-7.381453737481299e-05,31.399057982667728
4.383333333333334,0,0.0,330.1095620926345,85.30665148139005,29.399141631325094,11.264706532170155,24.942226193616683,25.68467746534987,2502.739052315864,2523.78172842118,0.1521852372304351,22.66246683814593,-0.012022239794994267,-0.00018125703948026483,-0.004307271107683341,-0.0019109937059084813,-0.17260636462252327,-0.00011473418629143333,-0.00042467834114514604,21.042676105316332
4.4,0,0.0,330.9788696740969,85.05230637665825,29.400759709330224,11.274456825556976,25.02189426353346,25.76174457600743,2524.471741852423,2524.1359398494487,0.1648561335012265,22.68118052303137,-0.004239085078863288,2.6967966752167172e-05,0.0013278011652796333,0.0012844518442926519,0.005903523804477118,0.00021118160451319006,0.00031189474809062054,-0.33580200297410556
4.416666666666667,0,0.0,332.6794919243112,84.48602913638891,29.376326510087,11.30098552000279,25.055831823655,25.74389711842115,2566.9872981077806,2546.258691427546,0.1884451827615908,22.57417005295649,-0.009437954004489057,-0.0004072199873870493,0.0005656260020256691,-0.00029745762643802466,0.36871252630162415,0.0003931508210060719,-0.0017835078345813215,-20.728606680234407
4.433333333333334,0,0.0,335.13710349045203,83.96074187601185,29.3871052249048,11.419615822949105,25.28464561772156,25.70043508691133,2628.4275872613007,2588.480631506491,0.1865388940280505,22.58473915917785,-0.008754787672950926,0.00017964524696332992,0.0038135632344426184,-0.0007243671918303107,0.7036990013157493,-3.177147889233863e-05,0.00017615177035601448,-39.94695575480955
4.45,0,0.0,338.2442949541506,83.42273112963196,29.360306895771338,11.540005538275794,25.17925432492797,25.720661002391957,2706.107373853764,2644.822936975133,0.2160882449626928,22.641299132326864,-0.008966845772998274,-0.00044663881889105047,-0.0017565215465597936,0.0003370985913437726,0.9390384244773637,0.0004924891822440385,0.0009426662191502307,-61.28443687863091
4.466666666666667,0,0.0,341.86526713848406,82.72031996225797,29.293740737990703,11.633677559720503,25.150280055445407,25.686065070608134,2796.6316784621013,2722.194541421496,0.2126751982881514,22.665299378641624,-0.01170685278956635,-0.001109435963010578,-0.0004829044913760683,-0.0005765988630637153,1.2895267407727184,-5.6884111242356634e-05,0.0004000041052459954,-74.4371370406052
4.483333333333333,0,0.0,345.8417661836447,82.18022196748456,29.261715662858165,11.812626675543695,25.120880435432664,25.74856018542641,2896.0441545911185,2804.753673171679,0.224738016391557,22.54441866594282,-0.009001633246223642,-0.0005337512522089582,-0.0004899936668790516,0.0010415852469712662,1.3759855291697174,0.0002010469683900932,-0.0020146785449800457,-91.2904814194394
4.5,1,600.0,349.99999999999994,82.6172868666279,29.280545178081745,-8.490808024884869,25.128497478762856,25.7850838360516,2999.999999999999,2910.6365280142954,0.2413398390565915,22.46446680502311,0.007284414985722284,0.000313825253726326,0.0001269507221698755,0.0006087275104198635,1.7647142473769388,0.0002766970444172419,-0.0013325310153285011,-89.36347198570365
4.516666666666667,1,601.2556165273943,354.1582338163552,82.94162371796784,29.30508670884049,-8.45210314590161,24.9612746616001,25.704238339471942,3103.955845408879,2998.0951395822835,0.2321869607370951,22.602745203665947,0.005405614188999171,0.0004090255126457739,-0.002787046952712598,-0.0013474249429943205,1.457643526133135,-0.00015254797199160675,0.002304639977380596,-105.86070582659568
4.533333333333333,1,602.5051158172813,358.134732861516,83.54915117030397,29.3533496710432,-8.311359709212441,25.0351124909955,25.956257830259972,3203.3683215379,3104.945395430726,0.2216022448251354,22.515943386374268,0.010125457538935479,0.0008043827033784959,0.0012306304899232974,0.0042003248464671595,1.7808375974740405,-0.00017641193186599495,-0.0014466969548613188,-98.42292610717413
4.55,1,603.7424104347197,361.75570504584937,83.46494410351721,29.35304182692745,-8.24780800272484,25.028633713949624,25.95545852382127,3293.8926261462343,3201.57784736766,0.2320982341653565,22.519279508640444,-0.0014034511131126711,-5.1307352625447795e-06,-0.00010797961743123826,-1.3321773978347552e-05,1.6105408656155684,0.00017493315567035142,5.56020377696124e-05,-92.31477877857424
4.566666666666666,1,604.961472404706,364.8628965095478,83.97050527051961,29.36791753492434,-8.170656884727563,24.89255079620165,25.74678657264657,3371.572412738696,3285.273033282352,0.2222021667980626,22.52641822221449,0.008426019450039963,0.0002479284666148847,-0.002268048629132894,-0.0034778658529116767,1.3949197652448675,-0.00016493445612156496,0.00011897855956745454,-86.29937945634401
4.583333333333333,1,606.1563625798619,367.3205080756888,84.41783771017563,29.37572401405521,-8.126189662712063,25.141146482743306,25.88351640803473,3433.0127018922185,3357.635948762466,0.2132912188768812,22.624299221996992,0.007455540660933717,0.00013010798551444936,0.004143261442360924,0.0022788305898026567,1.2060485913352295,-0.0001485157986863564,0.0016313499963750051,-75.37675312975261
4.6,1,607.3212595753644,369.0211303259031,85.00252701741564,29.38218830836757,-8.083054373485389,25.18100043008663,25.915298100837784,3475.5282581475763,3426.2095772974385,0.2013547087215438,22.5882479802899,0.009744821787333536,0.0001077382385393714,0.0006642324557220766,0.000529694880050909,1.1428938089162102,-0.00019894183592229035,-0.0006008540284515362,-49.31868085013775
4.616666666666666,1,608.450488130146,369.8904379073655,85.23761364819347,29.40647211729881,-8.131167824413126,24.93686731457375,25.80609740703138,3497.2609476841367,3453.447681926248,0.1944842798336509,22.521491466212467,0.003918110512963816,0.0004047301488540119,-0.004068885258548012,-0.0018200115634400642,0.45396841048016084,-0.00011450714813154804,-0.0011126085679572146,-43.81326575788853
4.633333333333334,1,609.5385467561977,369.8904379073655,85.37204564929736,29.43070804354996,-8.140208710703105,25.145862299024103,26.026030247161557,3497.2609476841367,3478.6616516101167,0.1836083728010528,22.49669540751795,0.002240533351731481,0.00040393210418579646,0.0034832497408392154,0.00366554733550295,0.4202328280644754,-0.0001812651172099685,-0.00041326764490860296,-18.599296074020003
4.65,1,610.5801345412646,369.0211303259031,85.69405863425087,29.48554248829753,-8.233375007181982,24.98630089819297,25.81397654046657,3475.5282581475767,3475.9507689839324,0.1631227511815499,22.55637208128009,0.005366883082558379,0.0009139074124594989,-0.0026593566805188946,-0.003534228444916465,-0.04518137710307049,-0.00034142702699171507,0.0009946112293690134,0.42251083635574105
4.666666666666667,1,611.5701769743577,367.3205080756888,86.56078203508261,29.42841646739715,-8.334785999568945,25.188083415073685,25.87730508312889,3433.0127018922203,3451.604623368277,0.1460925352293746,22.519033306677724,0.014445390013862417,-0.0009521003483396721,0.0033630419480119283,0.0010554757110386485,-0.4057690935942598,-0.00028383693253625496,-0.0006223129100394687,18.59192147605654
4.683333333333334,1,612.503850668262,364.8628965095479,86.67247932882368,29.50230697134425,-8.435011113432823,25.0889759911032,25.905451544440048,3371.5724127386984,3401.2334779044995,0.1642859270563123,22.481835076918404,0.001861621562351227,0.0012315083991183565,-0.0016517903995080612,0.00046910768851932496,-0.8395190910629556,0.00030322319711562816,-0.0006199704959886532,29.66106516580112
4.7,1,613.376606858593,361.7557050458495,87.1242551806777,29.489714737767777,-8.502101166137887,25.156693198462182,25.609680103154545,3293.892626146237,3349.5923241398937,0.171843418537164,22.558655931437936,0.007529597530900153,-0.00020987055960789054,0.0011286201226496928,-0.004929524021425043,-0.8606858960767644,0.00012595819134752866,0.0012803475753255355,55.69969799365663
4.716666666666667,1,614.184193564921,358.134732861516,87.53440421112725,29.52123627927713,-8.662108540638984,25.08498997783806,25.671809651283024,3203.368321537901,3276.164864712513,0.1836586558651394,22.484816857360507,0.006835817174159331,0.0005253590251558767,-0.0011950536770687138,0.001035492468807971,-1.2237909904563442,0.0001969206221329234,-0.0012306512346238327,72.796543174612
4.733333333333333,1,614.9226763059908,354.15823381635533,87.95317933633359,29.54032877453039,-8.831749927664553,24.805552193620382,25.737198792686364,3103.9558454088838,3200.630003975616,0.1872019766800602,22.41107641817756,0.006979585420105631,0.0003182082542210196,-0.004657296403627953,0.0010898190233890048,-1.2589143456149485,5.9055346915346435e-05,-0.0012290073197157507,96.67415856673233
4.75,1,615.5884572681198,350.0000000000001,88.4691947865251,29.52928648010083,-8.961043403526384,25.14585992878933,25.918943481547103,3000.0000000000027,3097.414575329992,0.1993481078391046,22.749698982236943,0.008600257503191718,-0.00018403824049268992,0.0056717955861491495,0.0030290781476789872,-1.7202571440937315,0.00020243551931740656,0.0056437094009896905,97.41457532998947
4.766666666666667,1,616.1782928333851,345.8417661836448,88.81863307404556,29.497567092738784,-9.136599633587831,25.23926248450119,26.00095712465446,2896.044154591119,2993.6888169259737,0.204920544589452,22.639349896132067,0.005823971458674511,-0.0005286564560340897,0.0015567092618643012,0.0013668940517892617,-1.728762640066975,9.287394583912348e-05,-0.001839151435081258,97.64466233485473
4.783333333333333,1,616.6893093822022,341.86526713848406,89.54789964282463,29.53883579412977,-9.31196163939152,25.10213298109236,25.838805859358807,2796.6316784621017,2891.776656402867,0.1856853645239922,22.527901505323324,0.012154442812984455,0.0006878116898497784,-0.0022854917234804853,-0.0027025210882608637,-1.6985360087184442,-0.0003205863344243299,-0.0018574731801457153,95.14497794076533
4.8,1,617.1190172933127,338.2442949541506,89.5222599137087,29.56313887670557,-9.370410069436856,25.14232495120618,26.02365278478161,2706.1073738537643,2802.4741690663745,0.2011838523716938,22.582480675905067,-0.0004273288185989562,0.0004050513762633064,0.0006698661685636746,0.0030807820903800596,-1.4883747889415417,0.00025830813079502684,0.0009096528430290481,96.36679521261021
4.816666666666666,1,617.465323072968,335.13710349045215,90.14227650729008,29.596418963740348,-9.524926902877136,25.18637686836962,25.87207864476541,2628.4275872613034,2716.8222387266374,0.2030339173220089,22.53589074198416,0.010333609893023047,0.0005546681172463152,0.0007341986193906654,-0.00252623566693669,-1.4275321723289531,3.0834415838584815e-05,-0.0007764988986817655,88.39465146533394
4.833333333333333,1,617.7265395542198,332.6794919243112,90.3765897136912,29.649441237930905,-9.591952732716324,25.160060212052095,25.66862901195021,2566.9872981077806,2643.47582671314,0.1730587020284446,22.672420611636248,0.003905220106685429,0.0008837045698426138,-0.00043861093862543517,-0.0033908272135866704,-1.222440200224954,-0.0004995869215594052,0.002275497827534778,76.48852860535953
4.85,1,617.9013941166289,330.978869674097,90.7535595516844,29.658776811693983,-9.71097406603952,25.01302532541202,25.938885464569506,2524.471741852424,2582.51401003638,0.1718131587481567,22.558832617654303,0.006282830633220016,0.0001555928960513005,-0.0024505814440012466,0.004504274210321609,-1.0160302779460002,-2.0759054671464864e-05,-0.0018931332330324106,58.04226818395591
4.866666666666666,1,617.9890348863438,330.1095620926345,91.70154402846188,29.67095804042329,-9.679107619548123,25.26213893431705,26.066464716540622,2502.739052315864,2541.7601814115083,0.1523645793556382,22.53415066820144,0.01579974127962463,0.00020302047882179153,0.004151893481750513,0.002126320866185279,-0.6792304770811977,-0.00032414298987530805,-0.0004113658242143714,39.02112909564448
4.883333333333334,1,617.9890348863438,330.1095620926345,91.73879606466444,29.633963945053157,-9.710273964824788,25.11795158466107,26.074384235531745,2502.739052315864,2526.472081122971,0.1534906656733856,22.596104664338096,0.0006208672700426613,-0.0006165682561688849,-0.0024031224942663225,0.00013199198318538662,-0.25480167147562344,1.8768105295789707e-05,0.001032566602277581,23.733028807107075
4.9,1,617.9013941166289,330.9788696740969,91.99596711447988,29.68606336707544,-9.702711977750454,24.97761596670365,25.94489385986656,2524.471741852423,2525.218220230541,0.1698269656642582,22.669274238871918,0.004286184163590671,0.0008683237003713984,-0.0023389269659570408,-0.002158172927753081,-0.02089768154049428,0.0002722716665145434,0.001219492908897024,0.7464783781183542
4.916666666666667,1,617.7265395542198,332.6794919243112,92.74159381620127,29.667163056969244,-9.60904765087975,25.253017583192197,26.188905077824053,2566.9872981077806,2552.69327954705,0.1830095420358807,22.50980744869271,0.01242711169535653,-0.00031500516843661804,0.004590026941475796,0.004066853632624875,0.45791765527515055,0.00021970960619370855,-0.0026577798363200955,-14.294018560730365
4.933333333333334,1,617.465323072968,335.1371034904521,92.67108547211112,29.737576252435183,-9.534570759117546,25.189318472226528,25.93026480861829,2628.427587261303,2594.8247458405062,0.1887594362377177,22.34304408722615,-0.0011751390681692916,0.001173553257765647,-0.0010616518494278063,-0.004310671153429387,0.7021911048909336,9.583157003061662e-05,-0.0027793893577760186,-33.60284142079672
4.95,1,617.1190172933127,338.2442949541506,93.36360647421267,29.70953804619409,-9.378806863843195,25.21200893380003,25.92066269260397,2706.107373853764,2650.435482533252,0.194903995034532,22.49428198079537,0.011542016701692621,-0.00046730343735153684,0.00037817435955833645,-0.00016003526690534878,0.9268456115457638,0.0001024093132802384,0.0025206315594870077,-55.671891320511804
4.966666666666667,1,616.6893093822022,341.8652671384839,93.80848947588062,29.728444732469956,-9.287019990125158,25.294305424060195,26.066944817206263,2796.6316784620976,2721.332753004998,0.2031885136679938,22.58969644167432,0.007414716694465777,0.00031511143793109636,0.0013716081710027695,0.0024380354100382346,1.1816211745290957,0.00013807531055769624,0.001590241014649152,-75.29892545709981
4.983333333333333,1,616.1782928333851,345.8417661836447,93.74199081496388,29.77222271395536,-9.109609549699742,25.117434762631376,25.91739144623921,2896.0441545911185,2807.8844540350296,0.2181295509291682,22.578014386730263,-0.0011083110152789288,0.0007296330247567558,-0.0029478443571469746,-0.0024925561827841966,1.4425283505005306,0.0002490172876862401,-0.0001947009157342805,-88.15970055608886
5.0,1,615.5884572681198,349.99999999999994,94.3799754341098,29.80817329854222,-8.910283708439822,25.16880740423533,25.882295799980373,2999.999999999998,2896.1629894133453,0.2287302587047318,22.50037604453568,0.010633076985765181,0.0005991764097809474,0.0008562106933992434,-0.0005849274376473091,1.4713089229719267,0.00017667846292606,-0.0012939723699097053,-103.83701058665292
5.016666666666667,1,614.9226763059908,354.1582338163552,94.38279252932224,29.77821781921432,-8.7791928921287,25.40045959534148,25.806276632249,3103.955845408879,2996.9714041600605,0.2360615971149367,22.635232009366288,4.695158687416286e-05,-0.0004992579887983221,0.0038608698517691663,-0.0012669861288562363,1.6801402457785874,0.0001221889735034153,0.002247599413843441,-106.98444124881871
5.033333333333333,1,614.184193564921,358.1347328615159,95.08926103037942,29.790567730040717,-8.571029716327168,25.013732451675374,25.798436162326414,3203.368321537897,3102.3695728440603,0.2386641214189041,22.48989604565861,0.01177447501761956,0.00020583184710663006,-0.006445452394435117,-0.00013067449870973746,1.7566361447333292,4.337540506612336e-05,-0.002422266061794609,-100.99874869383666
5.05,1,613.376606858593,361.75570504584937,95.63288084226436,29.858521417533613,-8.373509463902481,25.191593109990645,25.991170984662,3293.8926261462343,3207.9432091039885,0.2208567459821681,22.605128222446428,0.009060330198082294,0.0011325614582149276,0.0029643443052545255,0.0032122470389264043,1.7595606043321368,-0.00029678959061226704,0.0019205362797969508,-85.94941704224584
5.066666666666666,1,612.503850668262,364.8628965095479,95.777543702086,29.842322443355425,-8.306447233396971,25.155681449619497,25.903087916664187,3371.572412738698,3286.584744689255,0.2282556092677327,22.51079823545501,0.002411047663694177,-0.00026998290296980086,-0.0005985276728524743,-0.0014680511332968512,1.3106922597544401,0.00012331438809274343,-0.0015721664498569746,-84.98766804944307
5.083333333333333,1,611.5701769743577,367.3205080756888,96.35869620949934,29.87092216509884,-8.210679079372987,25.32712628262937,26.09205328506812,3433.0127018922185,3372.1258188738548,0.2136914789046597,22.482855242914848,0.009685875123555595,0.0004766620290569179,0.002857413883497865,0.0031494228067321826,1.4256845697433316,-0.0002427355060512166,-0.00046571654233602545,-60.88688301836373
5.1,1,610.5801345412646,369.021130325903,96.85792955595936,29.89273858033315,-8.103559849592008,25.214097228111285,26.07305322041364,3475.528258147576,3413.180051560166,0.2036341194747652,22.525041951224814,0.008320555774333608,0.0003636069205718092,-0.0018838175753013904,-0.0003166677442412909,0.6842372114385171,-0.00016762265716490827,0.0007031118051661049,-62.348206587410004
5.116666666666666,1,609.5385467561977,369.8904379073655,97.25994332820557,29.864292265164256,-8.074970971129886,25.063711422494745,25.901836352619227,3497.260947684137,3450.723621632988,0.1932812586368136,22.42116240550542,0.0067002295374367785,-0.00047410525281487516,-0.0025064300936090095,-0.0028536144632402244,0.6257261678803692,-0.00017254768063252647,-0.001731325761989903,-46.53732605114919
5.133333333333334,1,608.450488130146,369.8904379073655,97.27520467401312,29.87340765008964,-7.992711534047504,25.388402005029626,26.102739240749308,3497.260947684137,3477.3558510304424,0.1788778325628282,22.48001513553051,0.0002543557634593204,0.00015192308208972587,0.005411509708914686,0.0033483814688346786,0.44387048995757444,-0.00024005710123309044,0.0009808788337515159,-19.905096653694727
5.15,1,607.3212595753644,369.02113032590313,97.83591824754136,29.92833983034261,-7.994250860627539,25.260522323312397,25.84199228211809,3475.5282581475776,3477.460299971673,0.1714460299235602,22.490649582102936,0.009345226225470545,0.0009155363375494829,-0.0021313280286204754,-0.004345782643853665,0.001740815687177625,-0.00012386337732113312,0.00017724077620708082,1.9320418240954496
5.166666666666667,1,606.156362579862,367.3205080756889,98.48908485055308,29.89859402462992,-7.974616492395588,25.25407015186145,26.04349528913575,3433.0127018922203,3454.1356056314967,0.1545388954600564,22.579232869645097,0.01088611005019544,-0.0004957634285448264,-0.00010753619084914826,0.0033583834502943334,-0.38874490566960657,-0.00028178557439173014,0.0014763881257026767,21.122903739276353
5.183333333333334,1,604.961472404706,364.8628965095479,98.75861624604303,29.9392552526164,-7.995046430517922,25.188413342831144,26.13817869035663,3371.5724127386984,3409.3298569859744,0.1645702958970587,22.68657944039926,0.004492189924832483,0.0006776871331080514,-0.001094280150505078,0.0015780566870146728,-0.7467624774253712,0.000167190007283372,0.0017891095125693941,37.757444247276
5.2,1,603.7424104347197,361.7557050458495,98.81875148516536,29.887950425786165,-8.095126605665696,25.382963381840742,26.124573729130443,3293.892626146237,3354.760788369049,0.1761957346701718,22.546807917123928,0.0010022539853721923,-0.0008550804471706049,0.0032425006501599777,-0.0002267493537697618,-0.9094844769487584,0.00019375731288521816,-0.0023295253879222007,60.86816222281186
5.216666666666667,1,602.5051158172813,358.13473286151606,99.45035970345783,29.995855296938117,-8.108652249953918,25.297161531382294,26.16705133546004,3203.368321537901,3276.9066355913583,0.1785695110666496,22.642887888557176,0.010526803638207839,0.0017984145191991985,-0.0014300308409741429,0.0007079601054932993,-1.2975692129615102,3.9562939941296486e-05,0.0016013328572208015,73.53831405345727
5.233333333333333,1,601.2556165273943,354.1582338163552,99.61776003979024,30.0071271811569,-8.23754255187142,25.204507540999685,26.08442730478804,3103.95584540888,3198.379028271672,0.1927108660166003,22.36767665921036,0.0027900056055401024,0.00018786473697970745,-0.0015442331730434707,-0.0013770671778666828,-1.3087934553281078,0.0002356892491658454,-0.004586853822446931,94.42318286279169
5.25,1,600.0,350.0,99.90349402273428,30.05133053034312,-8.340341249149226,25.085386774271928,26.27896727194781,2999.9999999999995,3099.0114916404805,0.1955106019854359,22.4730668636571,0.004762233049067296,0.0007367224864369841,-0.00198534611212929,0.003242332785996164,-1.6561256105198556,4.666226614725988e-05,0.001756503407445642,99.01149164048093
5.266666666666667,1,598.7443834726058,345.8417661836448,100.0,29.98374049799321,-8.395639550229888,25.322345929736837,26.11999745350541,2896.0441545911194,2996.5494158679458,0.1982209821799394,22.584542881954487,0.0016084329544286883,-0.0011265005391651428,0.003949319257748485,-0.0026494969740400148,-1.7077012628755786,4.517300324172469e-05,0.001857933638289803,100.50526127682633
5.283333333333333,1,597.4948841827189,341.86526713848417,99.82693143357965,29.951342246195093,-8.50255403112105,25.334336735152338,26.14897566883405,2796.631678462105,2898.265401999777,0.1978960401606716,22.56191903898052,-0.002884476107005914,-0.0005399708633019529,0.00019984675692500767,0.0004829702554773737,-1.6380668978028097,-5.415700321129609e-06,-0.0003770640495661226,101.63372353767227
5.3,1,596.2575895652803,338.24429495415046,99.99088837464907,29.985386593175544,-8.609799893071992,25.476707627459824,25.932470762445085,2706.1073738537616,2803.666007524204,0.1886562636841103,22.48820382173748,0.0027326156844904876,0.0005674057830075204,0.0023728482051247704,-0.003608415106482769,-1.5766565745928878,-0.00015399627460935538,-0.0012285869540506885,97.5586336704423
5.316666666666666,1,595.038527595294,335.13710349045203,99.91327450296916,29.937449151099603,-8.651709675781719,25.24033976726989,25.90071369977735,2628.427587261301,2718.995167585884,0.1990370169809658,22.613928173419367,-0.0012935645279985883,-0.0007989573679323551,-0.0039394643364988845,-0.0005292843777956099,-1.4111806656386685,0.00017301255494759176,0.002095405861364815,90.56758032458265
5.333333333333333,1,593.843637420138,332.6794919243113,100.0,30.001381744157317,-8.66562681790068,25.450454599735536,26.228374078841203,2566.9872981077824,2636.1846246087484,0.1851627975876336,22.527653685422976,0.0014454249505140146,0.0010655432176285729,0.0035019138744274278,0.005461006317730899,-1.3801757162855892,-0.00023123698988886988,-0.0014379081332731877,69.19732650096603
5.35,1,592.6787404246356,330.978869674097,99.63807660621656,30.014080819788624,-8.655139270238573,25.35014228547539,26.266536265996795,2524.471741852424,2583.5966008868045,0.1739047712590235,22.520695686415483,-0.006032056563057372,0.00021165126052178352,-0.0016718719043357902,0.0006360364525932027,-0.8764670620323992,-0.00018763377214350146,-0.00011596665012489163,59.12485903438028
5.366666666666666,1,591.549511869854,330.1095620926345,99.8368346704031,29.97108674438297,-8.6766758558589,25.427251447417337,26.02414172284033,2502.739052315864,2547.550533798781,0.1622035860159846,22.51502049786438,0.003312634403109153,-0.0007165679234275875,0.0012851526990324657,-0.004039909052607745,-0.6007677848003898,-0.00019501975405064828,-9.458647585169899e-05,44.811481482917316
5.383333333333334,1,590.4614532438022,330.1095620926345,100.0,30.02983051404373,-8.675914825649695,25.43471052633794,26.158218575749125,2502.739052315864,2525.845717408286,0.1460666496124794,22.65812804631005,0.0027194221599482187,0.0009790628276793592,0.00012431798201006927,0.002234614215146576,-0.3617469398415854,-0.00026894894005842035,0.002385125807427831,23.10666509242219
5.4,1,589.4198654587356,330.9788696740969,100.0,30.021389922760356,-8.662945433824301,25.21478543951741,26.255145329198232,2524.471741852423,2525.032724540644,0.1542117441479867,22.566146393323034,0.0,-0.0001406765213895748,-0.003665418113675519,0.0016154458908184566,-0.01354988112736919,0.00013575157559178827,-0.0015330275497836018,0.5609826882209745
5.416666666666667,1,588.4298230256422,332.6794919243112,99.89124343912944,30.0423395095763,-8.527646107069144,25.320457526756694,26.253469511774703,2566.98729810778,2540.8053186742072,0.172448322186719,22.465080068233167,-0.0018126093478426715,0.0003491597802657509,0.0017612014539880741,-2.7930290392141897e-05,0.2628765688927236,0.00030394296731220497,-0.001684438751497789,-26.181979433572906
5.433333333333334,0,0.0,335.1371034904521,99.66671863211108,29.940125045309067,11.128629052786454,25.381215740376383,26.06370534057656,2628.427587261303,2584.8990553302906,0.1812488707428154,22.4242853989667,-0.003742080116972583,-0.0017035744044539077,0.001012636893661482,-0.0031627361866357023,0.7348956109347228,0.00014667580926827352,-0.0006799111544411337,-43.52853193101237
5.45,0,0.0,338.2442949541506,98.99643088822644,29.98782910963079,11.266757062906056,25.46411131935756,26.044379973536028,2706.107373853764,2643.068320616402,0.2102551071857845,22.49342646914021,-0.01117146239807738,0.000795067738695406,0.0013815929830196083,-0.0003220894506755556,0.9694877547685261,0.00048343727404948495,0.001152351169558526,-63.03905323736171
5.466666666666667,0,0.0,341.8652671384838,98.3788113256514,29.93491465692273,11.459102310967484,25.44530571318273,26.0204401001332,2796.6316784620944,2721.345559992816,0.2134435257986783,22.39562969222027,-0.01029365937625073,-0.000881907545134375,-0.0003134267695804975,-0.00039899789004712953,1.3046206562735658,5.314031021489696e-05,-0.0016299462819990395,-75.28611846927834
5.483333333333333,0,0.0,345.8417661836449,97.9634337755314,29.91914251725601,11.593481816295371,25.420600315016763,26.05896569949821,2896.0441545911217,2807.731176097863,0.2246720536913803,22.42585326238865,-0.006922959168666646,-0.00026286899444531996,-0.00041175663609944736,0.0006420933227501516,1.439760268417452,0.00018714213154503306,0.0005037261694730215,-88.31297849325847
5.5,0,0.0,350.0000000000001,97.57146548307554,29.895512303488047,11.67732816755318,25.20625233749444,26.226857415822547,3000.0000000000023,2903.618363512868,0.23547836328489,22.429839234684625,-0.0065328048742642865,-0.00039383689613270434,-0.0035724662920387116,0.002798195272072294,1.598119790250083,0.00018010515989182833,6.643287159959025e-05,-96.38163648713407
5.516666666666667,0,0.0,354.158233816355,96.98495731168002,29.948848952548698,11.822126509569252,25.115146600089123,26.20156917036004,3103.955845408876,3000.044112631764,0.2304082170788751,22.422438184004875,-0.009775136189925367,0.0008889441510108398,-0.0015184289567552985,-0.0004214707577084198,1.607095818648266,-8.450243676691495e-05,-0.00012335084466249906,-103.91173277711187
5.533333333333333,0,0.0,358.1347328615159,96.44741023707704,29.82723502101987,11.990104157199395,25.3537845682649,25.96330946063219,3203.368321537897,3100.272819700084,0.2291777544202662,22.353500246915143,-0.008959117910049722,-0.0020268988588137897,0.003977299469596278,-0.003970995162130879,1.6704784511386606,-2.0507710976815086e-05,-0.001148965618162201,-103.09550183781312
5.55,0,0.0,361.75570504584937,95.77093854229372,29.837781925751223,12.11354350835471,25.286353495359343,26.053812629879467,3293.892626146234,3195.554215685112,0.2319230551874598,22.581278133010496,-0.011274528246388608,0.00017578174552254449,-0.0011238512150926047,0.0015083861541212921,1.5880232664171368,4.5755012786559875e-05,0.00379629810158922,-98.33841046112184
5.566666666666666,0,0.0,364.8628965095478,95.21962392156088,29.82705594694433,12.231399208927662,25.35543440681326,26.20442061736564,3371.572412738695,3287.7459705830747,0.21441083993287,22.5013988423534,-0.009188577012213983,-0.000178766313448205,0.0011513485242319395,0.0025101331247695314,1.5365292482993784,-0.0002918702542431632,-0.0013313215109516108,-83.8264421556205
5.583333333333333,0,0.0,367.3205080756888,95.01246484973962,29.78398779894317,12.359935175415444,25.25583561237384,25.891638057786693,3433.0127018922185,3359.8135324742643,0.2067896162537266,22.44464290069341,-0.0034526511970211023,-0.0007178024666860238,-0.0016599799073236572,-0.005213042659649088,1.2011260315198267,-0.00012702039465238986,-0.0009459323609998312,-73.19916941795418
5.6,0,0.0,369.0211303259031,94.47412196681243,29.711377253398947,12.357907190574226,25.228006341024862,26.026440565010507,3475.5282581475763,3415.489388835608,0.2126824713233217,22.5389627698792,-0.008972381382119702,-0.0012101757590703718,-0.0004638211891496269,0.0022467084537302283,0.9279309393557317,9.821425115991804e-05,0.0015719978197631453,-60.03886931196803
5.616666666666666,0,0.0,369.8904379073655,93.76537590423013,29.75102176203097,12.44648794040754,25.25158981699958,26.111220449720147,3497.2609476841367,3451.729238952192,0.198231197399424,22.556319038876385,-0.011812434376371783,0.0006607418105337123,0.00039305793291196284,0.0014129980784939988,0.6039975019430661,-0.00024085456539829492,0.00028927114995311125,-45.53170873194449
5.633333333333334,0,0.0,369.8904379073655,93.1580620361671,29.71934917286112,12.455910824758902,25.05823633659936,26.04851028468885,3497.2609476841367,3476.708433964863,0.1809298234004472,22.51676250884898,-0.010121897801050514,-0.0005278764861641841,-0.0032225580066703213,-0.0010451694171883,0.4163199168778495,-0.00028835623331628,-0.000659275500456739,-20.55251371927352
5.65,0,0.0,369.0211303259031,92.55179674464205,29.668463815458665,12.419594903656058,25.357571186415736,26.022533691328277,3475.5282581475767,3477.211327887245,0.1728321289383591,22.3721467215693,-0.010104421525417469,-0.0008480892900408914,0.004988914163606258,-0.00043294322267618904,0.008381565373027419,-0.0001349615743681351,-0.0024102631213279934,1.683069739668099
5.666666666666667,0,0.0,367.3205080756888,92.0552827212658,29.71950359615986,12.3236535997118,25.374850812553117,25.94514617837908,3433.012701892219,3452.853664549154,0.1494793327939367,22.4442117183689,-0.008275233722937496,0.0008506630116865921,0.00028799376895634056,-0.0012897918824866276,-0.40596105563484647,-0.00038921326907370664,0.0012010832799933388,19.840962656935062
5.683333333333334,0,0.0,364.8628965095479,91.8454430140647,29.621154764811852,12.266803804622224,25.232241117086733,26.168882674661536,3371.572412738696,3410.828116077501,0.1589888009148801,22.42428729333531,-0.003497328453351637,-0.0016391471891334794,-0.002376828257773056,0.0037289416047075956,-0.7004258078608852,0.0001584911353490569,-0.0003320737505598359,39.25570333880478
5.7,0,0.0,361.7557050458496,90.7499803734662,29.63050007856744,12.279737645535429,25.50653004545344,25.90305350795609,3293.8926261462407,3356.7540908909828,0.1669947790270641,22.313123126104244,-0.018257710676641635,0.0001557552292598056,0.004571482139445138,-0.004430486111757404,-0.901233753108636,0.00013343296853640015,-0.0018527361205177802,62.86146474474208
5.716666666666667,0,0.0,358.13473286151617,90.609828542112,29.65103983974247,12.123894610439988,25.324460189832028,25.96357641130339,3203.368321537904,3282.19109872508,0.1835342953111842,22.42243251813357,-0.0023358638559033786,0.00034232935291716635,-0.003034497593690233,0.0010087150557883007,-1.2427165360983812,0.00027565860473533486,0.001821823200488737,78.82277718717569
5.733333333333333,0,0.0,354.15823381635533,89.5550908132811,29.598572462916447,11.999133746620329,25.25498011960109,26.03570371437519,3103.9558454088838,3192.856766658505,0.1936854069613645,22.522322762691143,-0.01757896214718168,-0.0008744562804337146,-0.0011580011705156323,0.001202121717863373,-1.4889055344429152,0.00016918519416967147,0.0016648374092929075,88.9009212496212
5.75,0,0.0,350.0000000000001,89.21917879558633,29.525814091753908,11.818584896453311,25.466085255068023,25.90885276364533,3000.000000000003,3092.129312472132,0.1867539145698765,22.591352521052126,-0.005598533628246116,-0.0012126395193756542,0.0035184189244488926,-0.0021141825121643383,-1.6787909031062176,-0.00011552487319146653,0.001150495972683056,92.12931247212873
5.766666666666667,0,0.0,345.8417661836449,89.00856908686413,29.576833933781405,11.731164914771592,25.436430969752298,25.92950001986636,2896.044154591123,2995.0030213206605,0.1969580005405496,22.66041866357925,-0.0035101618120367086,0.0008503307004582794,-0.000494238088595426,0.000344120937017145,-1.6187715191911896,0.00017006809951121833,0.0011511023754520622,98.95886672953748
5.783333333333333,0,0.0,341.86526713848406,88.44588068874002,29.51947391805866,11.58951688302946,25.278465588647315,26.09493864071401,2796.6316784621017,2892.9214146726517,0.2020041692154741,22.533330755915767,-0.009378139968735155,-0.0009560002620457198,-0.0026327563517497174,0.002757310347460814,-1.7013601108001466,8.410281124874158e-05,-0.0021181317943913904,96.28973621055002
5.8,0,0.0,338.2442949541506,87.90831226668699,29.51608844206843,11.4610830500492,25.37399078828021,25.87708664570691,2706.107373853765,2798.919649853877,0.2044497676904827,22.43769319017335,-0.008959473700883791,-5.6424599837197796e-05,0.0015920866605482569,-0.003630866583451642,-1.5666960803129086,4.0759974583476814e-05,-0.0015939594290403035,92.81227600011243
5.816666666666666,0,0.0,335.13710349045215,87.17548337615625,29.477816777295462,11.396169487282071,25.44668345004965,25.980825070815136,2628.4275872613034,2713.509721137465,0.1947287984418855,22.393125615784545,-0.012213814842179005,-0.0006378610795494548,0.0012115443628240167,0.001728973751803764,-1.4234988119402032,-0.00016201615414328658,-0.0007427929064800647,85.0821338761616
5.833333333333333,0,0.0,332.6794919243112,86.78566105601914,29.502597489113285,11.313637496594612,25.279965226933943,25.829109119669543,2566.9872981077806,2641.4358233839644,0.1927867351949076,22.28951526836901,-0.006497038668951897,0.00041301186363037107,-0.002778637051928475,-0.0025285991857598943,-1.201231629225011,-3.236772078296507e-05,-0.0017268391235922683,74.44852527618377
5.85,0,0.0,330.97886967409704,86.40072237033024,29.41252093134945,11.21819055110076,25.34045113222317,25.86239152346444,2524.471741852425,2580.013047537865,0.1743068981808241,22.39801460686808,-0.006415644761481569,-0.0015012759627305527,0.00100809842148711,0.0005547067299149333,-1.0237129307683215,-0.00030799728356805853,0.0018083223083178743,55.541305685439966
5.866666666666666,0,0.0,330.1095620926346,85.56132983804555,29.457548940976334,11.23777430872446,25.45982482654736,25.74014432552852,2502.739052315864,2544.2051305389327,0.1660182801730493,22.35635091534208,-0.013989875538078185,0.0007504668271147116,0.001989561572069872,-0.002037453298931998,-0.5967986166488723,-0.00013814363346291344,-0.0006943948587666782,41.46607822306896
5.883333333333334,0,0.0,330.1095620926345,85.36442149725305,29.411015474545355,11.277944596117816,25.566623567698773,25.71763934982993,2502.739052315864,2535.194431074578,0.1456568339643991,22.51526787339512,-0.0032818056798750678,-0.0007755577738496555,0.0017799790191901958,-0.00037508292830980375,-0.15017832440591217,-0.00033935743681083645,0.002648615967550683,32.45537875871423
5.9,0,0.0,330.9788696740969,85.06415836391722,29.364931643904523,11.274573341204,25.36231755644636,25.929533276680296,2524.471741852424,2524.751630461084,0.1697623402489827,22.44085850671831,-0.0050043855555972055,-0.0007680638440138665,-0.0034051001875402185,0.0035315654475060873,-0.17404667689156667,0.0004017584380763934,-0.001240156111280181,0.27988860865980314
5.916666666666667,0,0.0,332.67949192431126,84.34142518611468,29.407881926991717,11.34267117849678,25.44555024424037,25.79791675597389,2566.987298107782,2540.066469621489,0.1745739455096258,22.383239500190896,-0.012045552963375646,0.0007158380514532325,0.0013872114632334843,-0.002193608678440088,0.2552473193400829,8.019342101071812e-05,-0.0009603167754569005,-26.920828486292976
5.933333333333334,0,0.0,335.13710349045203,84.03352392591736,29.38433088439629,11.412021856840152,25.51531738940457,25.99182106953971,2628.4275872613,2588.0771799768936,0.1864234638947999,22.55709835573117,-0.005131687669955198,-0.00039251737659042144,0.0011627857527366577,0.003231738559430338,0.8001785059234104,0.0001974919730862353,0.002897647592337904,-40.350407284406174
5.95,0,0.0,338.2442949541504,83.36074087734694,29.338702729795035,11.520244542486884,25.28380000279227,25.69909482358577,2706.1073738537607,2649.648121242112,0.1986513141568117,22.67409315133485,-0.011213050809507052,-0.0007604692433542819,-0.003858623110204995,-0.004878770765898999,1.0261823544203101,0.0002037975043668631,0.0019499132600613459,-56.45925261164848
5.966666666666667,0,0.0,341.8652671384839,82.6470015549312,29.276847176608708,11.677262118624842,25.527074046011386,25.843836588892536,2796.6316784620976,2724.418941144148,0.2037750045730486,22.37350281599979,-0.011895655373595796,-0.0010309258864387753,0.004054567386985278,0.0024123627551127552,1.2461803317005964,8.539484027061488e-05,-0.005009838922251042,-72.21273731794963
5.983333333333333,0,0.0,345.8417661836447,82.13484764023384,29.23713145594402,11.809407163348965,25.152116205587024,25.69704318222225,2896.0441545911185,2806.1149728470973,0.2171941630013455,22.45790704578345,-0.008535898578289174,-0.0006619286777448016,-0.006249297340406024,-0.0024465567778381232,1.3616005283824886,0.00022365264047161522,0.0014067371630610262,-89.92918174402121
6.0,1,600.0,349.99999999999994,82.78271063396566,29.33567774620147,-8.507271263363048,25.49295737761694,25.83743683659944,2999.999999999998,2905.917805412666,0.229834161324994,22.436137253432403,0.010797716562197005,0.0016424381709574832,0.005680686200498582,0.0023398942396198664,1.6633805427594779,0.00021066663872747516,-0.00036282987251746356,-94.0821945873322
