dataset,time_h,true_label,predicted_label,true_fault,predicted_fault,confidence
nominal,0.0,nominal,nominal,0,0,1.0
nominal,0.0166666666666666,nominal,nominal,0,0,1.0
nominal,0.0333333333333333,nominal,nominal,0,0,1.0
nominal,0.05,nominal,nominal,0,0,1.0
nominal,0.0666666666666666,nominal,nominal,0,0,1.0
nominal,0.0833333333333333,nominal,nominal,0,0,1.0
nominal,0.1,nominal,nominal,0,0,1.0
nominal,0.1166666666666666,nominal,nominal,0,0,1.0
nominal,0.1333333333333333,nominal,nominal,0,0,1.0
nominal,0.15,nominal,nominal,0,0,1.0
nominal,0.1666666666666666,nominal,nominal,0,0,1.0
nominal,0.1833333333333333,nominal,nominal,0,0,1.0
nominal,0.2,nominal,nominal,0,0,1.0
nominal,0.2166666666666666,nominal,nominal,0,0,1.0
nominal,0.2333333333333333,nominal,nominal,0,0,1.0
nominal,0.25,nominal,nominal,0,0,1.0
nominal,0.2666666666666666,nominal,nominal,0,0,1.0
nominal,0.2833333333333333,nominal,nominal,0,0,1.0
nominal,0.3,nominal,nominal,0,0,1.0
nominal,0.3166666666666666,nominal,nominal,0,0,1.0
nominal,0.3333333333333333,nominal,nominal,0,0,1.0
nominal,0.35,nominal,nominal,0,0,1.0
nominal,0.3666666666666666,nominal,nominal,0,0,1.0
nominal,0.3833333333333333,nominal,nominal,0,0,1.0
nominal,0.4,nominal,nominal,0,0,1.0
nominal,0.4166666666666667,nominal,nominal,0,0,1.0
nominal,0.4333333333333333,nominal,nominal,0,0,1.0
nominal,0.45,nominal,nominal,0,0,1.0
nominal,0.4666666666666667,nominal,nominal,0,0,1.0
nominal,0.4833333333333333,nominal,nominal,0,0,1.0
nominal,0.5,nominal,nominal,0,0,1.0
nominal,0.5166666666666667,nominal,nominal,0,0,1.0
nominal,0.5333333333333333,nominal,nominal,0,0,1.0
nominal,0.55,nominal,nominal,0,0,1.0
nominal,0.5666666666666667,nominal,nominal,0,0,1.0
nominal,0.5833333333333334,nominal,nominal,0,0,1.0
nominal,0.6,nominal,nominal,0,0,1.0
nominal,0.6166666666666667,nominal,nominal,0,0,1.0
nominal,0.6333333333333333,nominal,nominal,0,0,1.0
nominal,0.65,nominal,nominal,0,0,1.0
nominal,0.6666666666666666,nominal,nominal,0,0,1.0
nominal,0.6833333333333333,nominal,nominal,0,0,1.0
nominal,0.7,nominal,nominal,0,0,1.0
nominal,0.7166666666666667,nominal,nominal,0,0,1.0
nominal,0.7333333333333333,nominal,nominal,0,0,1.0
nominal,0.75,nominal,nominal,0,0,1.0
nominal,0.7666666666666667,nominal,nominal,0,0,1.0
nominal,0.7833333333333333,nominal,nominal,0,0,1.0
nominal,0.8,nominal,nominal,0,0,1.0
nominal,0.8166666666666667,nominal,nominal,0,0,1.0
nominal,0.8333333333333334,nominal,nominal,0,0,1.0
nominal,0.85,nominal,nominal,0,0,1.0
nominal,0.8666666666666667,nominal,nominal,0,0,1.0
nominal,0.8833333333333333,nominal,nominal,0,0,1.0
nominal,0.9,nominal,nominal,0,0,1.0
nominal,0.9166666666666666,nominal,nominal,0,0,1.0
nominal,0.9333333333333332,nominal,nominal,0,0,1.0
nominal,0.95,nominal,nominal,0,0,1.0
nominal,0.9666666666666668,nominal,nominal,0,0,1.0
nominal,0.9833333333333332,nominal,nominal,0,0,1.0
nominal,1.0,nominal,nominal,0,0,1.0
nominal,1.0166666666666666,nominal,nominal,0,0,1.0
nominal,1.0333333333333334,nominal,nominal,0,0,1.0
nominal,1.05,nominal,nominal,0,0,1.0
nominal,1.0666666666666669,nominal,nominal,0,0,1.0
nominal,1.0833333333333333,nominal,nominal,0,0,1.0
nominal,1.1,nominal,nominal,0,0,1.0
nominal,1.1166666666666667,nominal,nominal,0,0,1.0
nominal,1.1333333333333333,nominal,nominal,0,0,1.0
nominal,1.15,nominal,nominal,0,0,1.0
nominal,1.1666666666666667,nominal,nominal,0,0,1.0
nominal,1.1833333333333331,nominal,nominal,0,0,1.0
nominal,1.2,nominal,nominal,0,0,1.0
nominal,1.2166666666666666,nominal,nominal,0,0,1.0
nominal,1.2333333333333334,nominal,nominal,0,0,1.0
nominal,1.25,nominal,nominal,0,0,1.0
nominal,1.2666666666666666,nominal,nominal,0,0,1.0
nominal,1.2833333333333334,nominal,nominal,0,0,1.0
nominal,1.3,nominal,nominal,0,0,1.0
nominal,1.3166666666666669,nominal,nominal,0,0,1.0
nominal,1.3333333333333333,nominal,nominal,0,0,1.0
nominal,1.35,nominal,nominal,0,0,1.0
nominal,1.3666666666666667,nominal,nominal,0,0,1.0
nominal,1.3833333333333333,nominal,nominal,0,0,1.0
nominal,1.4,nominal,nominal,0,0,1.0
nominal,1.4166666666666667,nominal,nominal,0,0,1.0
nominal,1.4333333333333331,nominal,nominal,0,0,1.0
nominal,1.45,nominal,nominal,0,0,1.0
nominal,1.4666666666666666,nominal,nominal,0,0,1.0
nominal,1.4833333333333334,nominal,nominal,0,0,1.0
nominal,1.5,nominal,nominal,0,0,1.0
nominal,1.5166666666666666,nominal,nominal,0,0,1.0
nominal,1.5333333333333334,nominal,nominal,0,0,1.0
nominal,1.55,nominal,nominal,0,0,1.0
nominal,1.5666666666666669,nominal,nominal,0,0,1.0
nominal,1.5833333333333333,nominal,nominal,0,0,1.0
nominal,1.6,nominal,nominal,0,0,1.0
nominal,1.6166666666666667,nominal,nominal,0,0,1.0
nominal,1.6333333333333333,nominal,nominal,0,0,1.0
nominal,1.65,nominal,nominal,0,0,1.0
nominal,1.6666666666666667,nominal,nominal,0,0,1.0
nominal,1.6833333333333331,nominal,nominal,0,0,1.0
nominal,1.7,nominal,nominal,0,0,1.0
nominal,1.7166666666666666,nominal,nominal,0,0,1.0
nominal,1.7333333333333334,nominal,nominal,0,0,1.0
nominal,1.75,nominal,nominal,0,0,1.0
nominal,1.7666666666666666,nominal,nominal,0,0,1.0
nominal,1.7833333333333334,nominal,nominal,0,0,1.0
nominal,1.8,nominal,nominal,0,0,1.0
nominal,1.8166666666666669,nominal,nominal,0,0,1.0
nominal,1.8333333333333333,nominal,nominal,0,0,1.0
nominal,1.85,nominal,nominal,0,0,1.0
nominal,1.8666666666666667,nominal,nominal,0,0,1.0
nominal,1.8833333333333333,nominal,nominal,0,0,1.0
nominal,1.9,nominal,nominal,0,0,1.0
nominal,1.9166666666666667,nominal,nominal,0,0,1.0
nominal,1.9333333333333331,nominal,nominal,0,0,1.0
nominal,1.95,nominal,nominal,0,0,1.0
nominal,1.9666666666666663,nominal,nominal,0,0,1.0
nominal,1.9833333333333332,nominal,nominal,0,0,1.0
nominal,2.0,nominal,nominal,0,0,1.0
nominal,2.0166666666666666,nominal,nominal,0,0,1.0
nominal,2.033333333333333,nominal,nominal,0,0,1.0
nominal,2.05,nominal,nominal,0,0,1.0
nominal,2.066666666666667,nominal,nominal,0,0,1.0
nominal,2.083333333333333,nominal,nominal,0,0,1.0
nominal,2.1,nominal,nominal,0,0,1.0
nominal,2.1166666666666667,nominal,nominal,0,0,1.0
nominal,2.1333333333333333,nominal,nominal,0,0,1.0
nominal,2.15,nominal,nominal,0,0,1.0
nominal,2.1666666666666665,nominal,nominal,0,0,1.0
nominal,2.183333333333333,nominal,nominal,0,0,1.0
nominal,2.2,nominal,nominal,0,0,1.0
nominal,2.216666666666667,nominal,nominal,0,0,1.0
nominal,2.2333333333333334,nominal,nominal,0,0,1.0
nominal,2.25,nominal,nominal,0,0,1.0
nominal,2.2666666666666666,nominal,nominal,0,0,1.0
nominal,2.283333333333333,nominal,nominal,0,0,1.0
nominal,2.3,nominal,nominal,0,0,1.0
nominal,2.316666666666667,nominal,nominal,0,0,1.0
nominal,2.333333333333333,nominal,nominal,0,0,1.0
nominal,2.35,nominal,nominal,0,0,1.0
nominal,2.3666666666666667,nominal,nominal,0,0,1.0
nominal,2.3833333333333333,nominal,nominal,0,0,1.0
nominal,2.4,nominal,nominal,0,0,1.0
nominal,2.4166666666666665,nominal,nominal,0,0,1.0
nominal,2.433333333333333,nominal,nominal,0,0,1.0
nominal,2.45,nominal,nominal,0,0,1.0
nominal,2.466666666666667,nominal,nominal,0,0,1.0
nominal,2.4833333333333334,nominal,nominal,0,0,1.0
nominal,2.5,nominal,nominal,0,0,1.0
nominal,2.5166666666666666,nominal,nominal,0,0,1.0
nominal,2.533333333333333,nominal,nominal,0,0,1.0
nominal,2.55,nominal,nominal,0,0,1.0
nominal,2.566666666666667,nominal,nominal,0,0,1.0
nominal,2.583333333333333,nominal,nominal,0,0,1.0
nominal,2.6,nominal,nominal,0,0,1.0
nominal,2.6166666666666667,nominal,nominal,0,0,1.0
nominal,2.6333333333333333,nominal,nominal,0,0,1.0
nominal,2.65,nominal,nominal,0,0,1.0
nominal,2.6666666666666665,nominal,nominal,0,0,1.0
nominal,2.683333333333333,nominal,nominal,0,0,1.0
nominal,2.7,nominal,nominal,0,0,1.0
nominal,2.716666666666667,nominal,nominal,0,0,1.0
nominal,2.7333333333333334,nominal,nominal,0,0,1.0
nominal,2.75,nominal,nominal,0,0,1.0
nominal,2.7666666666666666,nominal,nominal,0,0,1.0
nominal,2.783333333333333,nominal,nominal,0,0,1.0
nominal,2.8,nominal,nominal,0,0,1.0
nominal,2.816666666666667,nominal,nominal,0,0,1.0
nominal,2.833333333333333,nominal,nominal,0,0,1.0
nominal,2.85,nominal,nominal,0,0,1.0
nominal,2.8666666666666667,nominal,nominal,0,0,1.0
nominal,2.8833333333333333,nominal,nominal,0,0,1.0
nominal,2.9,nominal,nominal,0,0,1.0
nominal,2.9166666666666665,nominal,nominal,0,0,1.0
nominal,2.933333333333333,nominal,nominal,0,0,1.0
nominal,2.95,nominal,nominal,0,0,1.0
nominal,2.966666666666667,nominal,nominal,0,0,1.0
nominal,2.9833333333333334,nominal,nominal,0,0,1.0
nominal,3.0,nominal,nominal,0,0,1.0
nominal,3.0166666666666666,nominal,nominal,0,0,1.0
nominal,3.033333333333333,nominal,nominal,0,0,1.0
nominal,3.05,nominal,nominal,0,0,1.0
nominal,3.066666666666667,nominal,nominal,0,0,1.0
nominal,3.083333333333333,nominal,nominal,0,0,1.0
nominal,3.1,nominal,nominal,0,0,1.0
nominal,3.1166666666666667,nominal,nominal,0,0,1.0
nominal,3.1333333333333333,nominal,nominal,0,0,1.0
nominal,3.15,nominal,nominal,0,0,1.0
nominal,3.1666666666666665,nominal,nominal,0,0,1.0
nominal,3.183333333333333,nominal,nominal,0,0,1.0
nominal,3.2,nominal,nominal,0,0,1.0
nominal,3.216666666666667,nominal,nominal,0,0,1.0
nominal,3.2333333333333334,nominal,nominal,0,0,1.0
nominal,3.25,nominal,nominal,0,0,1.0
nominal,3.2666666666666666,nominal,nominal,0,0,1.0
nominal,3.283333333333333,nominal,nominal,0,0,1.0
nominal,3.3,nominal,nominal,0,0,1.0
nominal,3.316666666666667,nominal,nominal,0,0,1.0
nominal,3.333333333333333,nominal,nominal,0,0,1.0
nominal,3.35,nominal,nominal,0,0,1.0
nominal,3.3666666666666667,nominal,nominal,0,0,1.0
nominal,3.3833333333333333,nominal,nominal,0,0,1.0
nominal,3.4,nominal,nominal,0,0,1.0
nominal,3.4166666666666665,nominal,nominal,0,0,1.0
nominal,3.433333333333333,nominal,nominal,0,0,1.0
nominal,3.45,nominal,nominal,0,0,1.0
nominal,3.466666666666667,nominal,nominal,0,0,1.0
nominal,3.4833333333333334,nominal,nominal,0,0,1.0
nominal,3.5,nominal,nominal,0,0,1.0
nominal,3.5166666666666666,nominal,nominal,0,0,1.0
nominal,3.533333333333333,nominal,nominal,0,0,1.0
nominal,3.55,nominal,nominal,0,0,1.0
nominal,3.566666666666667,nominal,nominal,0,0,1.0
nominal,3.583333333333333,nominal,nominal,0,0,1.0
nominal,3.6,nominal,nominal,0,0,1.0
nominal,3.6166666666666663,nominal,nominal,0,0,1.0
nominal,3.633333333333333,nominal,nominal,0,0,1.0
nominal,3.65,nominal,nominal,0,0,1.0
nominal,3.6666666666666665,nominal,nominal,0,0,1.0
nominal,3.683333333333333,nominal,nominal,0,0,1.0
nominal,3.7,nominal,nominal,0,0,1.0
nominal,3.716666666666667,nominal,nominal,0,0,1.0
nominal,3.733333333333333,nominal,nominal,0,0,1.0
nominal,3.75,nominal,nominal,0,0,1.0
nominal,3.7666666666666666,nominal,nominal,0,0,1.0
nominal,3.783333333333333,nominal,nominal,0,0,1.0
nominal,3.8,nominal,nominal,0,0,1.0
nominal,3.816666666666667,nominal,nominal,0,0,1.0
nominal,3.8333333333333335,nominal,nominal,0,0,1.0
nominal,3.85,nominal,nominal,0,0,1.0
nominal,3.8666666666666663,nominal,nominal,0,0,1.0
nominal,3.883333333333333,nominal,nominal,0,0,1.0
nominal,3.9,nominal,nominal,0,0,1.0
nominal,3.9166666666666665,nominal,nominal,0,0,1.0
nominal,3.933333333333333,nominal,nominal,0,0,1.0
nominal,3.95,nominal,nominal,0,0,1.0
nominal,3.966666666666667,nominal,nominal,0,0,1.0
nominal,3.983333333333333,nominal,nominal,0,0,1.0
nominal,4.0,nominal,nominal,0,0,1.0
nominal,4.016666666666667,nominal,nominal,0,0,1.0
nominal,4.033333333333333,nominal,nominal,0,0,1.0
nominal,4.05,nominal,nominal,0,0,1.0
nominal,4.066666666666666,nominal,nominal,0,0,1.0
nominal,4.083333333333333,nominal,nominal,0,0,1.0
nominal,4.1,nominal,nominal,0,0,1.0
nominal,4.116666666666666,nominal,nominal,0,0,1.0
nominal,4.133333333333334,nominal,nominal,0,0,1.0
nominal,4.15,nominal,nominal,0,0,1.0
nominal,4.166666666666667,nominal,nominal,0,0,1.0
nominal,4.183333333333334,nominal,nominal,0,0,1.0
nominal,4.2,nominal,nominal,0,0,1.0
nominal,4.216666666666667,nominal,nominal,0,0,1.0
nominal,4.233333333333333,nominal,nominal,0,0,1.0
nominal,4.25,nominal,nominal,0,0,1.0
nominal,4.266666666666667,nominal,nominal,0,0,1.0
nominal,4.283333333333333,nominal,nominal,0,0,1.0
nominal,4.3,nominal,nominal,0,0,1.0
nominal,4.316666666666666,nominal,nominal,0,0,1.0
nominal,4.333333333333333,nominal,nominal,0,0,1.0
nominal,4.35,nominal,nominal,0,0,1.0
nominal,4.366666666666666,nominal,nominal,0,0,1.0
nominal,4.383333333333334,nominal,nominal,0,0,1.0
nominal,4.4,nominal,nominal,0,0,1.0
nominal,4.416666666666667,nominal,nominal,0,0,1.0
nominal,4.433333333333334,nominal,nominal,0,0,1.0
nominal,4.45,nominal,nominal,0,0,1.0
nominal,4.466666666666667,nominal,nominal,0,0,1.0
nominal,4.483333333333333,nominal,nominal,0,0,1.0
nominal,4.5,nominal,nominal,0,0,1.0
nominal,4.516666666666667,nominal,nominal,0,0,1.0
nominal,4.533333333333333,nominal,nominal,0,0,1.0
nominal,4.55,nominal,nominal,0,0,1.0
nominal,4.566666666666666,nominal,nominal,0,0,1.0
nominal,4.583333333333333,nominal,nominal,0,0,1.0
nominal,4.6,nominal,nominal,0,0,1.0
nominal,4.616666666666666,nominal,nominal,0,0,1.0
nominal,4.633333333333334,nominal,nominal,0,0,1.0
nominal,4.65,nominal,nominal,0,0,1.0
nominal,4.666666666666667,nominal,nominal,0,0,1.0
nominal,4.683333333333334,nominal,nominal,0,0,1.0
nominal,4.7,nominal,nominal,0,0,1.0
nominal,4.716666666666667,nominal,nominal,0,0,1.0
nominal,4.733333333333333,nominal,nominal,0,0,1.0
nominal,4.75,nominal,nominal,0,0,1.0
nominal,4.766666666666667,nominal,nominal,0,0,1.0
nominal,4.783333333333333,nominal,nominal,0,0,1.0
nominal,4.8,nominal,nominal,0,0,1.0
nominal,4.816666666666666,nominal,nominal,0,0,1.0
nominal,4.833333333333333,nominal,nominal,0,0,1.0
nominal,4.85,nominal,nominal,0,0,1.0
nominal,4.866666666666666,nominal,nominal,0,0,1.0
nominal,4.883333333333334,nominal,nominal,0,0,1.0
nominal,4.9,nominal,nominal,0,0,1.0
nominal,4.916666666666667,nominal,nominal,0,0,1.0
nominal,4.933333333333334,nominal,nominal,0,0,1.0
nominal,4.95,nominal,nominal,0,0,1.0
nominal,4.966666666666667,nominal,nominal,0,0,1.0
nominal,4.983333333333333,nominal,nominal,0,0,1.0
nominal,5.0,nominal,nominal,0,0,1.0
nominal,5.016666666666667,nominal,nominal,0,0,1.0
nominal,5.033333333333333,nominal,nominal,0,0,1.0
nominal,5.05,nominal,nominal,0,0,1.0
nominal,5.066666666666666,nominal,nominal,0,0,1.0
nominal,5.083333333333333,nominal,nominal,0,0,1.0
nominal,5.1,nominal,nominal,0,0,1.0
nominal,5.116666666666666,nominal,nominal,0,0,1.0
nominal,5.133333333333334,nominal,nominal,0,0,1.0
nominal,5.15,nominal,nominal,0,0,1.0
nominal,5.166666666666667,nominal,nominal,0,0,1.0
nominal,5.183333333333334,nominal,nominal,0,0,1.0
nominal,5.2,nominal,nominal,0,0,1.0
nominal,5.216666666666667,nominal,nominal,0,0,1.0
nominal,5.233333333333333,nominal,nominal,0,0,1.0
nominal,5.25,nominal,nominal,0,0,1.0
nominal,5.266666666666667,nominal,nominal,0,0,1.0
nominal,5.283333333333333,nominal,nominal,0,0,1.0
nominal,5.3,nominal,nominal,0,0,1.0
nominal,5.316666666666666,nominal,nominal,0,0,1.0
nominal,5.333333333333333,nominal,nominal,0,0,1.0
nominal,5.35,nominal,nominal,0,0,1.0
nominal,5.366666666666666,nominal,nominal,0,0,1.0
nominal,5.383333333333334,nominal,nominal,0,0,1.0
nominal,5.4,nominal,nominal,0,0,1.0
nominal,5.416666666666667,nominal,nominal,0,0,1.0
nominal,5.433333333333334,nominal,nominal,0,0,1.0
nominal,5.45,nominal,nominal,0,0,1.0
nominal,5.466666666666667,nominal,nominal,0,0,1.0
nominal,5.483333333333333,nominal,nominal,0,0,1.0
nominal,5.5,nominal,nominal,0,0,1.0
nominal,5.516666666666667,nominal,nominal,0,0,1.0
nominal,5.533333333333333,nominal,nominal,0,0,1.0
nominal,5.55,nominal,nominal,0,0,1.0
nominal,5.566666666666666,nominal,nominal,0,0,1.0
nominal,5.583333333333333,nominal,nominal,0,0,1.0
nominal,5.6,nominal,nominal,0,0,1.0
nominal,5.616666666666666,nominal,nominal,0,0,1.0
nominal,5.633333333333334,nominal,nominal,0,0,1.0
nominal,5.65,nominal,nominal,0,0,1.0
nominal,5.666666666666667,nominal,nominal,0,0,1.0
nominal,5.683333333333334,nominal,nominal,0,0,1.0
nominal,5.7,nominal,nominal,0,0,1.0
nominal,5.716666666666667,nominal,nominal,0,0,1.0
nominal,5.733333333333333,nominal,nominal,0,0,1.0
nominal,5.75,nominal,nominal,0,0,1.0
nominal,5.766666666666667,nominal,nominal,0,0,1.0
nominal,5.783333333333333,nominal,nominal,0,0,1.0
nominal,5.8,nominal,nominal,0,0,1.0
nominal,5.816666666666666,nominal,nominal,0,0,1.0
nominal,5.833333333333333,nominal,nominal,0,0,1.0
nominal,5.85,nominal,nominal,0,0,1.0
nominal,5.866666666666666,nominal,nominal,0,0,1.0
nominal,5.883333333333334,nominal,nominal,0,0,1.0
nominal,5.9,nominal,nominal,0,0,1.0
nominal,5.916666666666667,nominal,nominal,0,0,1.0
nominal,5.933333333333334,nominal,nominal,0,0,1.0
nominal,5.95,nominal,nominal,0,0,1.0
nominal,5.966666666666667,nominal,nominal,0,0,1.0
nominal,5.983333333333333,nominal,nominal,0,0,1.0
nominal,6.0,nominal,nominal,0,0,1.0
solar_array_degradation,0.0,nominal,nominal,0,0,1.0
solar_array_degradation,0.0166666666666666,nominal,nominal,0,0,1.0
solar_array_degradation,0.0333333333333333,nominal,nominal,0,0,1.0
solar_array_degradation,0.05,nominal,nominal,0,0,1.0
solar_array_degradation,0.0666666666666666,nominal,nominal,0,0,1.0
solar_array_degradation,0.0833333333333333,nominal,nominal,0,0,1.0
solar_array_degradation,0.1,nominal,nominal,0,0,1.0
solar_array_degradation,0.1166666666666666,nominal,nominal,0,0,1.0
solar_array_degradation,0.1333333333333333,nominal,nominal,0,0,1.0
solar_array_degradation,0.15,nominal,nominal,0,0,1.0
solar_array_degradation,0.1666666666666666,nominal,nominal,0,0,1.0
solar_array_degradation,0.1833333333333333,nominal,nominal,0,0,1.0
solar_array_degradation,0.2,nominal,nominal,0,0,1.0
solar_array_degradation,0.2166666666666666,nominal,nominal,0,0,1.0
solar_array_degradation,0.2333333333333333,nominal,nominal,0,0,1.0
solar_array_degradation,0.25,nominal,nominal,0,0,1.0
solar_array_degradation,0.2666666666666666,nominal,nominal,0,0,1.0
solar_array_degradation,0.2833333333333333,nominal,nominal,0,0,1.0
solar_array_degradation,0.3,nominal,nominal,0,0,1.0
solar_array_degradation,0.3166666666666666,nominal,nominal,0,0,1.0
solar_array_degradation,0.3333333333333333,nominal,nominal,0,0,1.0
solar_array_degradation,0.35,nominal,nominal,0,0,1.0
solar_array_degradation,0.3666666666666666,nominal,nominal,0,0,1.0
solar_array_degradation,0.3833333333333333,nominal,nominal,0,0,1.0
solar_array_degradation,0.4,nominal,nominal,0,0,1.0
solar_array_degradation,0.4166666666666667,nominal,nominal,0,0,1.0
solar_array_degradation,0.4333333333333333,nominal,nominal,0,0,1.0
solar_array_degradation,0.45,nominal,nominal,0,0,1.0
solar_array_degradation,0.4666666666666667,nominal,nominal,0,0,1.0
solar_array_degradation,0.4833333333333333,nominal,nominal,0,0,1.0
solar_array_degradation,0.5,nominal,nominal,0,0,1.0
solar_array_degradation,0.5166666666666667,nominal,nominal,0,0,1.0
solar_array_degradation,0.5333333333333333,nominal,nominal,0,0,1.0
solar_array_degradation,0.55,nominal,nominal,0,0,1.0
solar_array_degradation,0.5666666666666667,nominal,nominal,0,0,1.0
solar_array_degradation,0.5833333333333334,nominal,nominal,0,0,1.0
solar_array_degradation,0.6,nominal,nominal,0,0,1.0
solar_array_degradation,0.6166666666666667,nominal,nominal,0,0,1.0
solar_array_degradation,0.6333333333333333,nominal,nominal,0,0,1.0
solar_array_degradation,0.65,nominal,nominal,0,0,1.0
solar_array_degradation,0.6666666666666666,nominal,nominal,0,0,1.0
solar_array_degradation,0.6833333333333333,nominal,nominal,0,0,1.0
solar_array_degradation,0.7,nominal,nominal,0,0,1.0
solar_array_degradation,0.7166666666666667,nominal,nominal,0,0,1.0
solar_array_degradation,0.7333333333333333,nominal,nominal,0,0,1.0
solar_array_degradation,0.75,nominal,nominal,0,0,1.0
solar_array_degradation,0.7666666666666667,nominal,nominal,0,0,1.0
solar_array_degradation,0.7833333333333333,nominal,nominal,0,0,1.0
solar_array_degradation,0.8,nominal,nominal,0,0,1.0
solar_array_degradation,0.8166666666666667,nominal,nominal,0,0,1.0
solar_array_degradation,0.8333333333333334,nominal,nominal,0,0,1.0
solar_array_degradation,0.85,nominal,nominal,0,0,1.0
solar_array_degradation,0.8666666666666667,nominal,nominal,0,0,1.0
solar_array_degradation,0.8833333333333333,nominal,nominal,0,0,1.0
solar_array_degradation,0.9,nominal,nominal,0,0,1.0
solar_array_degradation,0.9166666666666666,nominal,nominal,0,0,1.0
solar_array_degradation,0.9333333333333332,nominal,nominal,0,0,1.0
solar_array_degradation,0.95,nominal,nominal,0,0,1.0
solar_array_degradation,0.9666666666666668,nominal,nominal,0,0,1.0
solar_array_degradation,0.9833333333333332,nominal,nominal,0,0,1.0
solar_array_degradation,1.0,nominal,nominal,0,0,1.0
solar_array_degradation,1.0166666666666666,nominal,nominal,0,0,1.0
solar_array_degradation,1.0333333333333334,nominal,nominal,0,0,1.0
solar_array_degradation,1.05,nominal,nominal,0,0,1.0
solar_array_degradation,1.0666666666666669,nominal,nominal,0,0,1.0
solar_array_degradation,1.0833333333333333,nominal,nominal,0,0,1.0
solar_array_degradation,1.1,nominal,nominal,0,0,1.0
solar_array_degradation,1.1166666666666667,nominal,nominal,0,0,1.0
solar_array_degradation,1.1333333333333333,nominal,nominal,0,0,1.0
solar_array_degradation,1.15,nominal,nominal,0,0,1.0
solar_array_degradation,1.1666666666666667,nominal,nominal,0,0,1.0
solar_array_degradation,1.1833333333333331,nominal,nominal,0,0,1.0
solar_array_degradation,1.2,nominal,nominal,0,0,1.0
solar_array_degradation,1.2166666666666666,nominal,nominal,0,0,1.0
solar_array_degradation,1.2333333333333334,nominal,nominal,0,0,1.0
solar_array_degradation,1.25,nominal,nominal,0,0,1.0
solar_array_degradation,1.2666666666666666,nominal,nominal,0,0,1.0
solar_array_degradation,1.2833333333333334,nominal,nominal,0,0,1.0
solar_array_degradation,1.3,nominal,nominal,0,0,1.0
solar_array_degradation,1.3166666666666669,nominal,nominal,0,0,1.0
solar_array_degradation,1.3333333333333333,nominal,nominal,0,0,1.0
solar_array_degradation,1.35,nominal,nominal,0,0,1.0
solar_array_degradation,1.3666666666666667,nominal,nominal,0,0,1.0
solar_array_degradation,1.3833333333333333,nominal,nominal,0,0,1.0
solar_array_degradation,1.4,nominal,nominal,0,0,1.0
solar_array_degradation,1.4166666666666667,nominal,nominal,0,0,1.0
solar_array_degradation,1.4333333333333331,nominal,nominal,0,0,1.0
solar_array_degradation,1.45,nominal,nominal,0,0,1.0
solar_array_degradation,1.4666666666666666,nominal,nominal,0,0,1.0
solar_array_degradation,1.4833333333333334,nominal,nominal,0,0,1.0
solar_array_degradation,1.5,nominal,nominal,0,0,1.0
solar_array_degradation,1.5166666666666666,nominal,nominal,0,0,1.0
solar_array_degradation,1.5333333333333334,nominal,nominal,0,0,1.0
solar_array_degradation,1.55,nominal,nominal,0,0,1.0
solar_array_degradation,1.5666666666666669,nominal,nominal,0,0,1.0
solar_array_degradation,1.5833333333333333,nominal,nominal,0,0,1.0
solar_array_degradation,1.6,nominal,nominal,0,0,1.0
solar_array_degradation,1.6166666666666667,nominal,nominal,0,0,1.0
solar_array_degradation,1.6333333333333333,nominal,nominal,0,0,1.0
solar_array_degradation,1.65,nominal,nominal,0,0,1.0
solar_array_degradation,1.6666666666666667,nominal,nominal,0,0,1.0
solar_array_degradation,1.6833333333333331,nominal,nominal,0,0,1.0
solar_array_degradation,1.7,nominal,nominal,0,0,1.0
solar_array_degradation,1.7166666666666666,nominal,nominal,0,0,1.0
solar_array_degradation,1.7333333333333334,nominal,nominal,0,0,1.0
solar_array_degradation,1.75,nominal,nominal,0,0,1.0
solar_array_degradation,1.7666666666666666,nominal,nominal,0,0,1.0
solar_array_degradation,1.7833333333333334,nominal,nominal,0,0,1.0
solar_array_degradation,1.8,nominal,nominal,0,0,1.0
solar_array_degradation,1.8166666666666669,nominal,nominal,0,0,1.0
solar_array_degradation,1.8333333333333333,nominal,nominal,0,0,1.0
solar_array_degradation,1.85,nominal,nominal,0,0,1.0
solar_array_degradation,1.8666666666666667,nominal,nominal,0,0,1.0
solar_array_degradation,1.8833333333333333,nominal,nominal,0,0,1.0
solar_array_degradation,1.9,nominal,nominal,0,0,1.0
solar_array_degradation,1.9166666666666667,nominal,nominal,0,0,1.0
solar_array_degradation,1.9333333333333331,nominal,nominal,0,0,1.0
solar_array_degradation,1.95,nominal,nominal,0,0,1.0
solar_array_degradation,1.9666666666666663,nominal,nominal,0,0,1.0
solar_array_degradation,1.9833333333333332,nominal,nominal,0,0,1.0
solar_array_degradation,2.0,nominal,nominal,0,0,1.0
solar_array_degradation,2.0166666666666666,solar_array_degradation,nominal,1,0,1.0
solar_array_degradation,2.033333333333333,solar_array_degradation,nominal,1,0,1.0
solar_array_degradation,2.05,solar_array_degradation,nominal,1,0,1.0
solar_array_degradation,2.066666666666667,solar_array_degradation,nominal,1,0,1.0
solar_array_degradation,2.083333333333333,solar_array_degradation,nominal,1,0,1.0
solar_array_degradation,2.1,solar_array_degradation,nominal,1,0,1.0
solar_array_degradation,2.1166666666666667,solar_array_degradation,nominal,1,0,1.0
solar_array_degradation,2.1333333333333333,solar_array_degradation,nominal,1,0,1.0
solar_array_degradation,2.15,solar_array_degradation,nominal,1,0,1.0
solar_array_degradation,2.1666666666666665,solar_array_degradation,nominal,1,0,1.0
solar_array_degradation,2.183333333333333,solar_array_degradation,nominal,1,0,1.0
solar_array_degradation,2.2,solar_array_degradation,nominal,1,0,1.0
solar_array_degradation,2.216666666666667,solar_array_degradation,nominal,1,0,1.0
solar_array_degradation,2.2333333333333334,solar_array_degradation,nominal,1,0,1.0
solar_array_degradation,2.25,solar_array_degradation,nominal,1,0,1.0
solar_array_degradation,2.2666666666666666,solar_array_degradation,nominal,1,0,1.0
solar_array_degradation,2.283333333333333,solar_array_degradation,solar_array_degradation,1,1,0.95
solar_array_degradation,2.3,solar_array_degradation,solar_array_degradation,1,1,0.95
solar_array_degradation,2.316666666666667,solar_array_degradation,solar_array_degradation,1,1,0.95
solar_array_degradation,2.333333333333333,solar_array_degradation,solar_array_degradation,1,1,0.95
solar_array_degradation,2.35,solar_array_degradation,solar_array_degradation,1,1,0.95
solar_array_degradation,2.3666666666666667,solar_array_degradation,solar_array_degradation,1,1,0.95
solar_array_degradation,2.3833333333333333,solar_array_degradation,solar_array_degradation,1,1,0.95
solar_array_degradation,2.4,solar_array_degradation,solar_array_degradation,1,1,0.95
solar_array_degradation,2.4166666666666665,solar_array_degradation,solar_array_degradation,1,1,0.95
solar_array_degradation,2.433333333333333,solar_array_degradation,nominal,1,0,1.0
solar_array_degradation,2.45,solar_array_degradation,nominal,1,0,1.0
solar_array_degradation,2.466666666666667,solar_array_degradation,nominal,1,0,1.0
solar_array_degradation,2.4833333333333334,solar_array_degradation,nominal,1,0,1.0
solar_array_degradation,2.5,solar_array_degradation,nominal,1,0,1.0
solar_array_degradation,2.5166666666666666,solar_array_degradation,nominal,1,0,1.0
solar_array_degradation,2.533333333333333,solar_array_degradation,nominal,1,0,1.0
solar_array_degradation,2.55,solar_array_degradation,nominal,1,0,1.0
solar_array_degradation,2.566666666666667,solar_array_degradation,nominal,1,0,1.0
solar_array_degradation,2.583333333333333,solar_array_degradation,nominal,1,0,1.0
solar_array_degradation,2.6,solar_array_degradation,nominal,1,0,1.0
solar_array_degradation,2.6166666666666667,solar_array_degradation,nominal,1,0,1.0
solar_array_degradation,2.6333333333333333,solar_array_degradation,nominal,1,0,1.0
solar_array_degradation,2.65,solar_array_degradation,nominal,1,0,1.0
solar_array_degradation,2.6666666666666665,solar_array_degradation,nominal,1,0,1.0
solar_array_degradation,2.683333333333333,solar_array_degradation,nominal,1,0,1.0
solar_array_degradation,2.7,solar_array_degradation,nominal,1,0,1.0
solar_array_degradation,2.716666666666667,solar_array_degradation,nominal,1,0,1.0
solar_array_degradation,2.7333333333333334,solar_array_degradation,nominal,1,0,1.0
solar_array_degradation,2.75,solar_array_degradation,nominal,1,0,1.0
solar_array_degradation,2.7666666666666666,solar_array_degradation,nominal,1,0,1.0
solar_array_degradation,2.783333333333333,solar_array_degradation,nominal,1,0,1.0
solar_array_degradation,2.8,solar_array_degradation,nominal,1,0,1.0
solar_array_degradation,2.816666666666667,solar_array_degradation,nominal,1,0,1.0
solar_array_degradation,2.833333333333333,solar_array_degradation,nominal,1,0,1.0
solar_array_degradation,2.85,solar_array_degradation,nominal,1,0,1.0
solar_array_degradation,2.8666666666666667,solar_array_degradation,nominal,1,0,1.0
solar_array_degradation,2.8833333333333333,solar_array_degradation,nominal,1,0,1.0
solar_array_degradation,2.9,solar_array_degradation,nominal,1,0,1.0
solar_array_degradation,2.9166666666666665,solar_array_degradation,nominal,1,0,1.0
solar_array_degradation,2.933333333333333,solar_array_degradation,nominal,1,0,1.0
solar_array_degradation,2.95,solar_array_degradation,nominal,1,0,1.0
solar_array_degradation,2.966666666666667,solar_array_degradation,nominal,1,0,1.0
solar_array_degradation,2.9833333333333334,solar_array_degradation,nominal,1,0,1.0
solar_array_degradation,3.0,solar_array_degradation,solar_array_degradation,1,1,0.95
solar_array_degradation,3.0166666666666666,solar_array_degradation,solar_array_degradation,1,1,0.95
solar_array_degradation,3.033333333333333,solar_array_degradation,solar_array_degradation,1,1,0.95
solar_array_degradation,3.05,solar_array_degradation,solar_array_degradation,1,1,0.95
solar_array_degradation,3.066666666666667,solar_array_degradation,solar_array_degradation,1,1,0.95
solar_array_degradation,3.083333333333333,solar_array_degradation,solar_array_degradation,1,1,0.95
solar_array_degradation,3.1,solar_array_degradation,solar_array_degradation,1,1,0.95
solar_array_degradation,3.1166666666666667,solar_array_degradation,solar_array_degradation,1,1,0.95
solar_array_degradation,3.1333333333333333,solar_array_degradation,solar_array_degradation,1,1,0.95
solar_array_degradation,3.15,solar_array_degradation,solar_array_degradation,1,1,0.95
solar_array_degradation,3.1666666666666665,solar_array_degradation,solar_array_degradation,1,1,0.95
solar_array_degradation,3.183333333333333,solar_array_degradation,solar_array_degradation,1,1,0.95
solar_array_degradation,3.2,solar_array_degradation,solar_array_degradation,1,1,0.95
solar_array_degradation,3.216666666666667,solar_array_degradation,solar_array_degradation,1,1,0.95
solar_array_degradation,3.2333333333333334,solar_array_degradation,solar_array_degradation,1,1,0.95
solar_array_degradation,3.25,solar_array_degradation,solar_array_degradation,1,1,0.95
solar_array_degradation,3.2666666666666666,solar_array_degradation,solar_array_degradation,1,1,0.95
solar_array_degradation,3.283333333333333,solar_array_degradation,solar_array_degradation,1,1,0.95
solar_array_degradation,3.3,solar_array_degradation,solar_array_degradation,1,1,0.95
solar_array_degradation,3.316666666666667,solar_array_degradation,solar_array_degradation,1,1,0.95
solar_array_degradation,3.333333333333333,solar_array_degradation,solar_array_degradation,1,1,0.95
solar_array_degradation,3.35,solar_array_degradation,solar_array_degradation,1,1,0.95
solar_array_degradation,3.3666666666666667,solar_array_degradation,solar_array_degradation,1,1,0.95
solar_array_degradation,3.3833333333333333,solar_array_degradation,solar_array_degradation,1,1,0.95
solar_array_degradation,3.4,solar_array_degradation,solar_array_degradation,1,1,0.95
solar_array_degradation,3.4166666666666665,solar_array_degradation,solar_array_degradation,1,1,0.95
solar_array_degradation,3.433333333333333,solar_array_degradation,solar_array_degradation,1,1,0.95
solar_array_degradation,3.45,solar_array_degradation,solar_array_degradation,1,1,0.95
solar_array_degradation,3.466666666666667,solar_array_degradation,solar_array_degradation,1,1,0.95
solar_array_degradation,3.4833333333333334,solar_array_degradation,solar_array_degradation,1,1,0.95
solar_array_degradation,3.5,solar_array_degradation,solar_array_degradation,1,1,0.95
solar_array_degradation,3.5166666666666666,solar_array_degradation,solar_array_degradation,1,1,0.95
solar_array_degradation,3.533333333333333,solar_array_degradation,solar_array_degradation,1,1,0.95
solar_array_degradation,3.55,solar_array_degradation,solar_array_degradation,1,1,0.95
solar_array_degradation,3.566666666666667,solar_array_degradation,solar_array_degradation,1,1,0.95
solar_array_degradation,3.583333333333333,solar_array_degradation,solar_array_degradation,1,1,0.95
solar_array_degradation,3.6,solar_array_degradation,solar_array_degradation,1,1,0.95
solar_array_degradation,3.6166666666666663,solar_array_degradation,solar_array_degradation,1,1,0.95
solar_array_degradation,3.633333333333333,solar_array_degradation,solar_array_degradation,1,1,0.95
solar_array_degradation,3.65,solar_array_degradation,solar_array_degradation,1,1,0.95
solar_array_degradation,3.6666666666666665,solar_array_degradation,solar_array_degradation,1,1,0.95
solar_array_degradation,3.683333333333333,solar_array_degradation,solar_array_degradation,1,1,0.95
solar_array_degradation,3.7,solar_array_degradation,solar_array_degradation,1,1,0.95
solar_array_degradation,3.716666666666667,solar_array_degradation,solar_array_degradation,1,1,0.95
solar_array_degradation,3.733333333333333,solar_array_degradation,solar_array_degradation,1,1,0.95
solar_array_degradation,3.75,solar_array_degradation,solar_array_degradation,1,1,0.95
solar_array_degradation,3.7666666666666666,solar_array_degradation,solar_array_degradation,1,1,0.95
solar_array_degradation,3.783333333333333,solar_array_degradation,solar_array_degradation,1,1,0.95
solar_array_degradation,3.8,solar_array_degradation,solar_array_degradation,1,1,0.95
solar_array_degradation,3.816666666666667,solar_array_degradation,solar_array_degradation,1,1,0.95
solar_array_degradation,3.8333333333333335,solar_array_degradation,solar_array_degradation,1,1,0.95
solar_array_degradation,3.85,solar_array_degradation,solar_array_degradation,1,1,0.95
solar_array_degradation,3.8666666666666663,solar_array_degradation,solar_array_degradation,1,1,0.95
solar_array_degradation,3.883333333333333,solar_array_degradation,solar_array_degradation,1,1,0.95
solar_array_degradation,3.9,solar_array_degradation,solar_array_degradation,1,1,0.95
solar_array_degradation,3.9166666666666665,solar_array_degradation,solar_array_degradation,1,1,0.95
solar_array_degradation,3.933333333333333,solar_array_degradation,nominal,1,0,1.0
solar_array_degradation,3.95,solar_array_degradation,nominal,1,0,1.0
solar_array_degradation,3.966666666666667,solar_array_degradation,nominal,1,0,1.0
solar_array_degradation,3.983333333333333,solar_array_degradation,nominal,1,0,1.0
solar_array_degradation,4.0,solar_array_degradation,nominal,1,0,1.0
solar_array_degradation,4.016666666666667,solar_array_degradation,nominal,1,0,1.0
solar_array_degradation,4.033333333333333,solar_array_degradation,nominal,1,0,1.0
solar_array_degradation,4.05,solar_array_degradation,nominal,1,0,1.0
solar_array_degradation,4.066666666666666,solar_array_degradation,nominal,1,0,1.0
solar_array_degradation,4.083333333333333,solar_array_degradation,nominal,1,0,1.0
solar_array_degradation,4.1,solar_array_degradation,nominal,1,0,1.0
solar_array_degradation,4.116666666666666,solar_array_degradation,nominal,1,0,1.0
solar_array_degradation,4.133333333333334,solar_array_degradation,nominal,1,0,1.0
solar_array_degradation,4.15,solar_array_degradation,nominal,1,0,1.0
solar_array_degradation,4.166666666666667,solar_array_degradation,nominal,1,0,1.0
solar_array_degradation,4.183333333333334,solar_array_degradation,nominal,1,0,1.0
solar_array_degradation,4.2,solar_array_degradation,nominal,1,0,1.0
solar_array_degradation,4.216666666666667,solar_array_degradation,nominal,1,0,1.0
solar_array_degradation,4.233333333333333,solar_array_degradation,nominal,1,0,1.0
solar_array_degradation,4.25,solar_array_degradation,nominal,1,0,1.0
solar_array_degradation,4.266666666666667,solar_array_degradation,nominal,1,0,1.0
solar_array_degradation,4.283333333333333,solar_array_degradation,nominal,1,0,1.0
solar_array_degradation,4.3,solar_array_degradation,nominal,1,0,1.0
solar_array_degradation,4.316666666666666,solar_array_degradation,nominal,1,0,1.0
solar_array_degradation,4.333333333333333,solar_array_degradation,nominal,1,0,1.0
solar_array_degradation,4.35,solar_array_degradation,nominal,1,0,1.0
solar_array_degradation,4.366666666666666,solar_array_degradation,nominal,1,0,1.0
solar_array_degradation,4.383333333333334,solar_array_degradation,nominal,1,0,1.0
solar_array_degradation,4.4,solar_array_degradation,nominal,1,0,1.0
solar_array_degradation,4.416666666666667,solar_array_degradation,nominal,1,0,1.0
solar_array_degradation,4.433333333333334,solar_array_degradation,nominal,1,0,1.0
solar_array_degradation,4.45,solar_array_degradation,nominal,1,0,1.0
solar_array_degradation,4.466666666666667,solar_array_degradation,nominal,1,0,1.0
solar_array_degradation,4.483333333333333,solar_array_degradation,nominal,1,0,1.0
solar_array_degradation,4.5,solar_array_degradation,solar_array_degradation,1,1,0.95
solar_array_degradation,4.516666666666667,solar_array_degradation,solar_array_degradation,1,1,0.95
solar_array_degradation,4.533333333333333,solar_array_degradation,solar_array_degradation,1,1,0.95
solar_array_degradation,4.55,solar_array_degradation,solar_array_degradation,1,1,0.95
solar_array_degradation,4.566666666666666,solar_array_degradation,solar_array_degradation,1,1,0.95
solar_array_degradation,4.583333333333333,solar_array_degradation,solar_array_degradation,1,1,0.95
solar_array_degradation,4.6,solar_array_degradation,solar_array_degradation,1,1,0.95
solar_array_degradation,4.616666666666666,solar_array_degradation,solar_array_degradation,1,1,0.95
solar_array_degradation,4.633333333333334,solar_array_degradation,solar_array_degradation,1,1,0.95
solar_array_degradation,4.65,solar_array_degradation,solar_array_degradation,1,1,0.95
solar_array_degradation,4.666666666666667,solar_array_degradation,solar_array_degradation,1,1,0.95
solar_array_degradation,4.683333333333334,solar_array_degradation,solar_array_degradation,1,1,0.95
solar_array_degradation,4.7,solar_array_degradation,solar_array_degradation,1,1,0.95
solar_array_degradation,4.716666666666667,solar_array_degradation,solar_array_degradation,1,1,0.95
solar_array_degradation,4.733333333333333,solar_array_degradation,solar_array_degradation,1,1,0.95
solar_array_degradation,4.75,solar_array_degradation,solar_array_degradation,1,1,0.95
solar_array_degradation,4.766666666666667,solar_array_degradation,solar_array_degradation,1,1,0.95
solar_array_degradation,4.783333333333333,solar_array_degradation,solar_array_degradation,1,1,0.95
solar_array_degradation,4.8,solar_array_degradation,solar_array_degradation,1,1,0.95
solar_array_degradation,4.816666666666666,solar_array_degradation,solar_array_degradation,1,1,0.95
solar_array_degradation,4.833333333333333,solar_array_degradation,solar_array_degradation,1,1,0.95
solar_array_degradation,4.85,solar_array_degradation,solar_array_degradation,1,1,0.95
solar_array_degradation,4.866666666666666,solar_array_degradation,solar_array_degradation,1,1,0.95
solar_array_degradation,4.883333333333334,solar_array_degradation,solar_array_degradation,1,1,0.95
solar_array_degradation,4.9,solar_array_degradation,solar_array_degradation,1,1,0.95
solar_array_degradation,4.916666666666667,solar_array_degradation,solar_array_degradation,1,1,0.95
solar_array_degradation,4.933333333333334,solar_array_degradation,solar_array_degradation,1,1,0.95
solar_array_degradation,4.95,solar_array_degradation,solar_array_degradation,1,1,0.95
solar_array_degradation,4.966666666666667,solar_array_degradation,solar_array_degradation,1,1,0.95
solar_array_degradation,4.983333333333333,solar_array_degradation,solar_array_degradation,1,1,0.95
solar_array_degradation,5.0,solar_array_degradation,solar_array_degradation,1,1,0.95
solar_array_degradation,5.016666666666667,solar_array_degradation,solar_array_degradation,1,1,0.95
solar_array_degradation,5.033333333333333,solar_array_degradation,solar_array_degradation,1,1,0.95
solar_array_degradation,5.05,solar_array_degradation,solar_array_degradation,1,1,0.95
solar_array_degradation,5.066666666666666,solar_array_degradation,solar_array_degradation,1,1,0.95
solar_array_degradation,5.083333333333333,solar_array_degradation,solar_array_degradation,1,1,0.95
solar_array_degradation,5.1,solar_array_degradation,solar_array_degradation,1,1,0.95
solar_array_degradation,5.116666666666666,solar_array_degradation,solar_array_degradation,1,1,0.95
solar_array_degradation,5.133333333333334,solar_array_degradation,solar_array_degradation,1,1,0.95
solar_array_degradation,5.15,solar_array_degradation,solar_array_degradation,1,1,0.95
solar_array_degradation,5.166666666666667,solar_array_degradation,solar_array_degradation,1,1,0.95
solar_array_degradation,5.183333333333334,solar_array_degradation,solar_array_degradation,1,1,0.95
solar_array_degradation,5.2,solar_array_degradation,solar_array_degradation,1,1,0.95
solar_array_degradation,5.216666666666667,solar_array_degradation,solar_array_degradation,1,1,0.95
solar_array_degradation,5.233333333333333,solar_array_degradation,solar_array_degradation,1,1,0.95
solar_array_degradation,5.25,solar_array_degradation,solar_array_degradation,1,1,0.95
solar_array_degradation,5.266666666666667,solar_array_degradation,solar_array_degradation,1,1,0.95
solar_array_degradation,5.283333333333333,solar_array_degradation,solar_array_degradation,1,1,0.95
solar_array_degradation,5.3,solar_array_degradation,solar_array_degradation,1,1,0.95
solar_array_degradation,5.316666666666666,solar_array_degradation,solar_array_degradation,1,1,0.95
solar_array_degradation,5.333333333333333,solar_array_degradation,solar_array_degradation,1,1,0.95
solar_array_degradation,5.35,solar_array_degradation,solar_array_degradation,1,1,0.95
solar_array_degradation,5.366666666666666,solar_array_degradation,solar_array_degradation,1,1,0.95
solar_array_degradation,5.383333333333334,solar_array_degradation,solar_array_degradation,1,1,0.95
solar_array_degradation,5.4,solar_array_degradation,solar_array_degradation,1,1,0.95
solar_array_degradation,5.416666666666667,solar_array_degradation,solar_array_degradation,1,1,0.95
solar_array_degradation,5.433333333333334,solar_array_degradation,nominal,1,0,1.0
solar_array_degradation,5.45,solar_array_degradation,nominal,1,0,1.0
solar_array_degradation,5.466666666666667,solar_array_degradation,nominal,1,0,1.0
solar_array_degradation,5.483333333333333,solar_array_degradation,nominal,1,0,1.0
solar_array_degradation,5.5,solar_array_degradation,nominal,1,0,1.0
solar_array_degradation,5.516666666666667,solar_array_degradation,nominal,1,0,1.0
solar_array_degradation,5.533333333333333,solar_array_degradation,nominal,1,0,1.0
solar_array_degradation,5.55,solar_array_degradation,nominal,1,0,1.0
solar_array_degradation,5.566666666666666,solar_array_degradation,nominal,1,0,1.0
solar_array_degradation,5.583333333333333,solar_array_degradation,nominal,1,0,1.0
solar_array_degradation,5.6,solar_array_degradation,nominal,1,0,1.0
solar_array_degradation,5.616666666666666,solar_array_degradation,nominal,1,0,1.0
solar_array_degradation,5.633333333333334,solar_array_degradation,nominal,1,0,1.0
solar_array_degradation,5.65,solar_array_degradation,nominal,1,0,1.0
solar_array_degradation,5.666666666666667,solar_array_degradation,nominal,1,0,1.0
solar_array_degradation,5.683333333333334,solar_array_degradation,nominal,1,0,1.0
solar_array_degradation,5.7,solar_array_degradation,nominal,1,0,1.0
solar_array_degradation,5.716666666666667,solar_array_degradation,nominal,1,0,1.0
solar_array_degradation,5.733333333333333,solar_array_degradation,nominal,1,0,1.0
solar_array_degradation,5.75,solar_array_degradation,nominal,1,0,1.0
solar_array_degradation,5.766666666666667,solar_array_degradation,nominal,1,0,1.0
solar_array_degradation,5.783333333333333,solar_array_degradation,nominal,1,0,1.0
solar_array_degradation,5.8,solar_array_degradation,nominal,1,0,1.0
solar_array_degradation,5.816666666666666,solar_array_degradation,nominal,1,0,1.0
solar_array_degradation,5.833333333333333,solar_array_degradation,nominal,1,0,1.0
solar_array_degradation,5.85,solar_array_degradation,nominal,1,0,1.0
solar_array_degradation,5.866666666666666,solar_array_degradation,nominal,1,0,1.0
solar_array_degradation,5.883333333333334,solar_array_degradation,nominal,1,0,1.0
solar_array_degradation,5.9,solar_array_degradation,nominal,1,0,1.0
solar_array_degradation,5.916666666666667,solar_array_degradation,nominal,1,0,1.0
solar_array_degradation,5.933333333333334,solar_array_degradation,nominal,1,0,1.0
solar_array_degradation,5.95,solar_array_degradation,nominal,1,0,1.0
solar_array_degradation,5.966666666666667,solar_array_degradation,nominal,1,0,1.0
solar_array_degradation,5.983333333333333,solar_array_degradation,nominal,1,0,1.0
solar_array_degradation,6.0,solar_array_degradation,solar_array_degradation,1,1,0.95
battery_degradation,0.0,nominal,nominal,0,0,1.0
battery_degradation,0.0166666666666666,nominal,nominal,0,0,1.0
battery_degradation,0.0333333333333333,nominal,nominal,0,0,1.0
battery_degradation,0.05,nominal,nominal,0,0,1.0
battery_degradation,0.0666666666666666,nominal,nominal,0,0,1.0
battery_degradation,0.0833333333333333,nominal,nominal,0,0,1.0
battery_degradation,0.1,nominal,nominal,0,0,1.0
battery_degradation,0.1166666666666666,nominal,nominal,0,0,1.0
battery_degradation,0.1333333333333333,nominal,nominal,0,0,1.0
battery_degradation,0.15,nominal,nominal,0,0,1.0
battery_degradation,0.1666666666666666,nominal,nominal,0,0,1.0
battery_degradation,0.1833333333333333,nominal,nominal,0,0,1.0
battery_degradation,0.2,nominal,nominal,0,0,1.0
battery_degradation,0.2166666666666666,nominal,nominal,0,0,1.0
battery_degradation,0.2333333333333333,nominal,nominal,0,0,1.0
battery_degradation,0.25,nominal,nominal,0,0,1.0
battery_degradation,0.2666666666666666,nominal,nominal,0,0,1.0
battery_degradation,0.2833333333333333,nominal,nominal,0,0,1.0
battery_degradation,0.3,nominal,nominal,0,0,1.0
battery_degradation,0.3166666666666666,nominal,nominal,0,0,1.0
battery_degradation,0.3333333333333333,nominal,nominal,0,0,1.0
battery_degradation,0.35,nominal,nominal,0,0,1.0
battery_degradation,0.3666666666666666,nominal,nominal,0,0,1.0
battery_degradation,0.3833333333333333,nominal,nominal,0,0,1.0
battery_degradation,0.4,nominal,nominal,0,0,1.0
battery_degradation,0.4166666666666667,nominal,nominal,0,0,1.0
battery_degradation,0.4333333333333333,nominal,nominal,0,0,1.0
battery_degradation,0.45,nominal,nominal,0,0,1.0
battery_degradation,0.4666666666666667,nominal,nominal,0,0,1.0
battery_degradation,0.4833333333333333,nominal,nominal,0,0,1.0
battery_degradation,0.5,nominal,nominal,0,0,1.0
battery_degradation,0.5166666666666667,nominal,nominal,0,0,1.0
battery_degradation,0.5333333333333333,nominal,nominal,0,0,1.0
battery_degradation,0.55,nominal,nominal,0,0,1.0
battery_degradation,0.5666666666666667,nominal,nominal,0,0,1.0
battery_degradation,0.5833333333333334,nominal,nominal,0,0,1.0
battery_degradation,0.6,nominal,nominal,0,0,1.0
battery_degradation,0.6166666666666667,nominal,nominal,0,0,1.0
battery_degradation,0.6333333333333333,nominal,nominal,0,0,1.0
battery_degradation,0.65,nominal,nominal,0,0,1.0
battery_degradation,0.6666666666666666,nominal,nominal,0,0,1.0
battery_degradation,0.6833333333333333,nominal,nominal,0,0,1.0
battery_degradation,0.7,nominal,nominal,0,0,1.0
battery_degradation,0.7166666666666667,nominal,nominal,0,0,1.0
battery_degradation,0.7333333333333333,nominal,nominal,0,0,1.0
battery_degradation,0.75,nominal,nominal,0,0,1.0
battery_degradation,0.7666666666666667,nominal,nominal,0,0,1.0
battery_degradation,0.7833333333333333,nominal,nominal,0,0,1.0
battery_degradation,0.8,nominal,nominal,0,0,1.0
battery_degradation,0.8166666666666667,nominal,nominal,0,0,1.0
battery_degradation,0.8333333333333334,nominal,nominal,0,0,1.0
battery_degradation,0.85,nominal,nominal,0,0,1.0
battery_degradation,0.8666666666666667,nominal,nominal,0,0,1.0
battery_degradation,0.8833333333333333,nominal,nominal,0,0,1.0
battery_degradation,0.9,nominal,nominal,0,0,1.0
battery_degradation,0.9166666666666666,nominal,nominal,0,0,1.0
battery_degradation,0.9333333333333332,nominal,nominal,0,0,1.0
battery_degradation,0.95,nominal,nominal,0,0,1.0
battery_degradation,0.9666666666666668,nominal,nominal,0,0,1.0
battery_degradation,0.9833333333333332,nominal,nominal,0,0,1.0
battery_degradation,1.0,nominal,nominal,0,0,1.0
battery_degradation,1.0166666666666666,nominal,nominal,0,0,1.0
battery_degradation,1.0333333333333334,nominal,nominal,0,0,1.0
battery_degradation,1.05,nominal,nominal,0,0,1.0
battery_degradation,1.0666666666666669,nominal,nominal,0,0,1.0
battery_degradation,1.0833333333333333,nominal,nominal,0,0,1.0
battery_degradation,1.1,nominal,nominal,0,0,1.0
battery_degradation,1.1166666666666667,nominal,nominal,0,0,1.0
battery_degradation,1.1333333333333333,nominal,nominal,0,0,1.0
battery_degradation,1.15,nominal,nominal,0,0,1.0
battery_degradation,1.1666666666666667,nominal,nominal,0,0,1.0
battery_degradation,1.1833333333333331,nominal,nominal,0,0,1.0
battery_degradation,1.2,nominal,nominal,0,0,1.0
battery_degradation,1.2166666666666666,nominal,nominal,0,0,1.0
battery_degradation,1.2333333333333334,nominal,nominal,0,0,1.0
battery_degradation,1.25,nominal,nominal,0,0,1.0
battery_degradation,1.2666666666666666,nominal,nominal,0,0,1.0
battery_degradation,1.2833333333333334,nominal,nominal,0,0,1.0
battery_degradation,1.3,nominal,nominal,0,0,1.0
battery_degradation,1.3166666666666669,nominal,nominal,0,0,1.0
battery_degradation,1.3333333333333333,nominal,nominal,0,0,1.0
battery_degradation,1.35,nominal,nominal,0,0,1.0
battery_degradation,1.3666666666666667,nominal,nominal,0,0,1.0
battery_degradation,1.3833333333333333,nominal,nominal,0,0,1.0
battery_degradation,1.4,nominal,nominal,0,0,1.0
battery_degradation,1.4166666666666667,nominal,nominal,0,0,1.0
battery_degradation,1.4333333333333331,nominal,nominal,0,0,1.0
battery_degradation,1.45,nominal,nominal,0,0,1.0
battery_degradation,1.4666666666666666,nominal,nominal,0,0,1.0
battery_degradation,1.4833333333333334,nominal,nominal,0,0,1.0
battery_degradation,1.5,nominal,nominal,0,0,1.0
battery_degradation,1.5166666666666666,nominal,nominal,0,0,1.0
battery_degradation,1.5333333333333334,nominal,nominal,0,0,1.0
battery_degradation,1.55,nominal,nominal,0,0,1.0
battery_degradation,1.5666666666666669,nominal,nominal,0,0,1.0
battery_degradation,1.5833333333333333,nominal,nominal,0,0,1.0
battery_degradation,1.6,nominal,nominal,0,0,1.0
battery_degradation,1.6166666666666667,nominal,nominal,0,0,1.0
battery_degradation,1.6333333333333333,nominal,nominal,0,0,1.0
battery_degradation,1.65,nominal,nominal,0,0,1.0
battery_degradation,1.6666666666666667,nominal,nominal,0,0,1.0
battery_degradation,1.6833333333333331,nominal,nominal,0,0,1.0
battery_degradation,1.7,nominal,nominal,0,0,1.0
battery_degradation,1.7166666666666666,nominal,nominal,0,0,1.0
battery_degradation,1.7333333333333334,nominal,nominal,0,0,1.0
battery_degradation,1.75,nominal,nominal,0,0,1.0
battery_degradation,1.7666666666666666,nominal,nominal,0,0,1.0
battery_degradation,1.7833333333333334,nominal,nominal,0,0,1.0
battery_degradation,1.8,nominal,nominal,0,0,1.0
battery_degradation,1.8166666666666669,nominal,nominal,0,0,1.0
battery_degradation,1.8333333333333333,nominal,nominal,0,0,1.0
battery_degradation,1.85,nominal,nominal,0,0,1.0
battery_degradation,1.8666666666666667,nominal,nominal,0,0,1.0
battery_degradation,1.8833333333333333,nominal,nominal,0,0,1.0
battery_degradation,1.9,nominal,nominal,0,0,1.0
battery_degradation,1.9166666666666667,nominal,nominal,0,0,1.0
battery_degradation,1.9333333333333331,nominal,nominal,0,0,1.0
battery_degradation,1.95,nominal,nominal,0,0,1.0
battery_degradation,1.9666666666666663,nominal,nominal,0,0,1.0
battery_degradation,1.9833333333333332,nominal,nominal,0,0,1.0
battery_degradation,2.0,nominal,nominal,0,0,1.0
battery_degradation,2.0166666666666666,battery_degradation,nominal,1,0,1.0
battery_degradation,2.033333333333333,battery_degradation,nominal,1,0,1.0
battery_degradation,2.05,battery_degradation,nominal,1,0,1.0
battery_degradation,2.066666666666667,battery_degradation,nominal,1,0,1.0
battery_degradation,2.083333333333333,battery_degradation,nominal,1,0,1.0
battery_degradation,2.1,battery_degradation,nominal,1,0,1.0
battery_degradation,2.1166666666666667,battery_degradation,nominal,1,0,1.0
battery_degradation,2.1333333333333333,battery_degradation,nominal,1,0,1.0
battery_degradation,2.15,battery_degradation,nominal,1,0,1.0
battery_degradation,2.1666666666666665,battery_degradation,nominal,1,0,1.0
battery_degradation,2.183333333333333,battery_degradation,nominal,1,0,1.0
battery_degradation,2.2,battery_degradation,nominal,1,0,1.0
battery_degradation,2.216666666666667,battery_degradation,nominal,1,0,1.0
battery_degradation,2.2333333333333334,battery_degradation,nominal,1,0,1.0
battery_degradation,2.25,battery_degradation,nominal,1,0,1.0
battery_degradation,2.2666666666666666,battery_degradation,nominal,1,0,1.0
battery_degradation,2.283333333333333,battery_degradation,nominal,1,0,1.0
battery_degradation,2.3,battery_degradation,nominal,1,0,1.0
battery_degradation,2.316666666666667,battery_degradation,nominal,1,0,1.0
battery_degradation,2.333333333333333,battery_degradation,nominal,1,0,1.0
battery_degradation,2.35,battery_degradation,nominal,1,0,1.0
battery_degradation,2.3666666666666667,battery_degradation,nominal,1,0,1.0
battery_degradation,2.3833333333333333,battery_degradation,nominal,1,0,1.0
battery_degradation,2.4,battery_degradation,nominal,1,0,1.0
battery_degradation,2.4166666666666665,battery_degradation,nominal,1,0,1.0
battery_degradation,2.433333333333333,battery_degradation,nominal,1,0,1.0
battery_degradation,2.45,battery_degradation,nominal,1,0,1.0
battery_degradation,2.466666666666667,battery_degradation,nominal,1,0,1.0
battery_degradation,2.4833333333333334,battery_degradation,nominal,1,0,1.0
battery_degradation,2.5,battery_degradation,nominal,1,0,1.0
battery_degradation,2.5166666666666666,battery_degradation,nominal,1,0,1.0
battery_degradation,2.533333333333333,battery_degradation,nominal,1,0,1.0
battery_degradation,2.55,battery_degradation,nominal,1,0,1.0
battery_degradation,2.566666666666667,battery_degradation,nominal,1,0,1.0
battery_degradation,2.583333333333333,battery_degradation,nominal,1,0,1.0
battery_degradation,2.6,battery_degradation,nominal,1,0,1.0
battery_degradation,2.6166666666666667,battery_degradation,nominal,1,0,1.0
battery_degradation,2.6333333333333333,battery_degradation,nominal,1,0,1.0
battery_degradation,2.65,battery_degradation,nominal,1,0,1.0
battery_degradation,2.6666666666666665,battery_degradation,nominal,1,0,1.0
battery_degradation,2.683333333333333,battery_degradation,nominal,1,0,1.0
battery_degradation,2.7,battery_degradation,nominal,1,0,1.0
battery_degradation,2.716666666666667,battery_degradation,nominal,1,0,1.0
battery_degradation,2.7333333333333334,battery_degradation,nominal,1,0,1.0
battery_degradation,2.75,battery_degradation,nominal,1,0,1.0
battery_degradation,2.7666666666666666,battery_degradation,nominal,1,0,1.0
battery_degradation,2.783333333333333,battery_degradation,nominal,1,0,1.0
battery_degradation,2.8,battery_degradation,nominal,1,0,1.0
battery_degradation,2.816666666666667,battery_degradation,nominal,1,0,1.0
battery_degradation,2.833333333333333,battery_degradation,nominal,1,0,1.0
battery_degradation,2.85,battery_degradation,nominal,1,0,1.0
battery_degradation,2.8666666666666667,battery_degradation,nominal,1,0,1.0
battery_degradation,2.8833333333333333,battery_degradation,nominal,1,0,1.0
battery_degradation,2.9,battery_degradation,nominal,1,0,1.0
battery_degradation,2.9166666666666665,battery_degradation,nominal,1,0,1.0
battery_degradation,2.933333333333333,battery_degradation,nominal,1,0,1.0
battery_degradation,2.95,battery_degradation,nominal,1,0,1.0
battery_degradation,2.966666666666667,battery_degradation,nominal,1,0,1.0
battery_degradation,2.9833333333333334,battery_degradation,nominal,1,0,1.0
battery_degradation,3.0,battery_degradation,battery_degradation,1,1,0.75
battery_degradation,3.0166666666666666,battery_degradation,battery_degradation,1,1,0.75
battery_degradation,3.033333333333333,battery_degradation,battery_degradation,1,1,0.75
battery_degradation,3.05,battery_degradation,battery_degradation,1,1,0.75
battery_degradation,3.066666666666667,battery_degradation,battery_degradation,1,1,0.75
battery_degradation,3.083333333333333,battery_degradation,battery_degradation,1,1,0.75
battery_degradation,3.1,battery_degradation,battery_degradation,1,1,0.75
battery_degradation,3.1166666666666667,battery_degradation,battery_degradation,1,1,0.75
battery_degradation,3.1333333333333333,battery_degradation,battery_degradation,1,1,0.75
battery_degradation,3.15,battery_degradation,nominal,1,0,1.0
battery_degradation,3.1666666666666665,battery_degradation,nominal,1,0,1.0
battery_degradation,3.183333333333333,battery_degradation,nominal,1,0,1.0
battery_degradation,3.2,battery_degradation,nominal,1,0,1.0
battery_degradation,3.216666666666667,battery_degradation,nominal,1,0,1.0
battery_degradation,3.2333333333333334,battery_degradation,nominal,1,0,1.0
battery_degradation,3.25,battery_degradation,nominal,1,0,1.0
battery_degradation,3.2666666666666666,battery_degradation,nominal,1,0,1.0
battery_degradation,3.283333333333333,battery_degradation,nominal,1,0,1.0
battery_degradation,3.3,battery_degradation,nominal,1,0,1.0
battery_degradation,3.316666666666667,battery_degradation,nominal,1,0,1.0
battery_degradation,3.333333333333333,battery_degradation,nominal,1,0,1.0
battery_degradation,3.35,battery_degradation,nominal,1,0,1.0
battery_degradation,3.3666666666666667,battery_degradation,nominal,1,0,1.0
battery_degradation,3.3833333333333333,battery_degradation,nominal,1,0,1.0
battery_degradation,3.4,battery_degradation,nominal,1,0,1.0
battery_degradation,3.4166666666666665,battery_degradation,nominal,1,0,1.0
battery_degradation,3.433333333333333,battery_degradation,nominal,1,0,1.0
battery_degradation,3.45,battery_degradation,nominal,1,0,1.0
battery_degradation,3.466666666666667,battery_degradation,nominal,1,0,1.0
battery_degradation,3.4833333333333334,battery_degradation,nominal,1,0,1.0
battery_degradation,3.5,battery_degradation,nominal,1,0,1.0
battery_degradation,3.5166666666666666,battery_degradation,nominal,1,0,1.0
battery_degradation,3.533333333333333,battery_degradation,nominal,1,0,1.0
battery_degradation,3.55,battery_degradation,nominal,1,0,1.0
battery_degradation,3.566666666666667,battery_degradation,nominal,1,0,1.0
battery_degradation,3.583333333333333,battery_degradation,nominal,1,0,1.0
battery_degradation,3.6,battery_degradation,nominal,1,0,1.0
battery_degradation,3.6166666666666663,battery_degradation,nominal,1,0,1.0
battery_degradation,3.633333333333333,battery_degradation,nominal,1,0,1.0
battery_degradation,3.65,battery_degradation,nominal,1,0,1.0
battery_degradation,3.6666666666666665,battery_degradation,nominal,1,0,1.0
battery_degradation,3.683333333333333,battery_degradation,nominal,1,0,1.0
battery_degradation,3.7,battery_degradation,nominal,1,0,1.0
battery_degradation,3.716666666666667,battery_degradation,nominal,1,0,1.0
battery_degradation,3.733333333333333,battery_degradation,nominal,1,0,1.0
battery_degradation,3.75,battery_degradation,nominal,1,0,1.0
battery_degradation,3.7666666666666666,battery_degradation,nominal,1,0,1.0
battery_degradation,3.783333333333333,battery_degradation,nominal,1,0,1.0
battery_degradation,3.8,battery_degradation,nominal,1,0,1.0
battery_degradation,3.816666666666667,battery_degradation,nominal,1,0,1.0
battery_degradation,3.8333333333333335,battery_degradation,nominal,1,0,1.0
battery_degradation,3.85,battery_degradation,nominal,1,0,1.0
battery_degradation,3.8666666666666663,battery_degradation,nominal,1,0,1.0
battery_degradation,3.883333333333333,battery_degradation,nominal,1,0,1.0
battery_degradation,3.9,battery_degradation,nominal,1,0,1.0
battery_degradation,3.9166666666666665,battery_degradation,nominal,1,0,1.0
battery_degradation,3.933333333333333,battery_degradation,nominal,1,0,1.0
battery_degradation,3.95,battery_degradation,nominal,1,0,1.0
battery_degradation,3.966666666666667,battery_degradation,nominal,1,0,1.0
battery_degradation,3.983333333333333,battery_degradation,nominal,1,0,1.0
battery_degradation,4.0,battery_degradation,nominal,1,0,1.0
battery_degradation,4.016666666666667,battery_degradation,nominal,1,0,1.0
battery_degradation,4.033333333333333,battery_degradation,nominal,1,0,1.0
battery_degradation,4.05,battery_degradation,nominal,1,0,1.0
battery_degradation,4.066666666666666,battery_degradation,nominal,1,0,1.0
battery_degradation,4.083333333333333,battery_degradation,nominal,1,0,1.0
battery_degradation,4.1,battery_degradation,nominal,1,0,1.0
battery_degradation,4.116666666666666,battery_degradation,nominal,1,0,1.0
battery_degradation,4.133333333333334,battery_degradation,nominal,1,0,1.0
battery_degradation,4.15,battery_degradation,nominal,1,0,1.0
battery_degradation,4.166666666666667,battery_degradation,nominal,1,0,1.0
battery_degradation,4.183333333333334,battery_degradation,nominal,1,0,1.0
battery_degradation,4.2,battery_degradation,nominal,1,0,1.0
battery_degradation,4.216666666666667,battery_degradation,nominal,1,0,1.0
battery_degradation,4.233333333333333,battery_degradation,nominal,1,0,1.0
battery_degradation,4.25,battery_degradation,nominal,1,0,1.0
battery_degradation,4.266666666666667,battery_degradation,nominal,1,0,1.0
battery_degradation,4.283333333333333,battery_degradation,nominal,1,0,1.0
battery_degradation,4.3,battery_degradation,nominal,1,0,1.0
battery_degradation,4.316666666666666,battery_degradation,nominal,1,0,1.0
battery_degradation,4.333333333333333,battery_degradation,nominal,1,0,1.0
battery_degradation,4.35,battery_degradation,nominal,1,0,1.0
battery_degradation,4.366666666666666,battery_degradation,nominal,1,0,1.0
battery_degradation,4.383333333333334,battery_degradation,nominal,1,0,1.0
battery_degradation,4.4,battery_degradation,nominal,1,0,1.0
battery_degradation,4.416666666666667,battery_degradation,nominal,1,0,1.0
battery_degradation,4.433333333333334,battery_degradation,nominal,1,0,1.0
battery_degradation,4.45,battery_degradation,nominal,1,0,1.0
battery_degradation,4.466666666666667,battery_degradation,nominal,1,0,1.0
battery_degradation,4.483333333333333,battery_degradation,nominal,1,0,1.0
battery_degradation,4.5,battery_degradation,battery_degradation,1,1,0.75
battery_degradation,4.516666666666667,battery_degradation,battery_degradation,1,1,0.75
battery_degradation,4.533333333333333,battery_degradation,battery_degradation,1,1,0.75
battery_degradation,4.55,battery_degradation,battery_degradation,1,1,0.75
battery_degradation,4.566666666666666,battery_degradation,battery_degradation,1,1,0.75
battery_degradation,4.583333333333333,battery_degradation,battery_degradation,1,1,0.75
battery_degradation,4.6,battery_degradation,battery_degradation,1,1,0.75
battery_degradation,4.616666666666666,battery_degradation,battery_degradation,1,1,0.75
battery_degradation,4.633333333333334,battery_degradation,battery_degradation,1,1,0.75
battery_degradation,4.65,battery_degradation,nominal,1,0,1.0
battery_degradation,4.666666666666667,battery_degradation,nominal,1,0,1.0
battery_degradation,4.683333333333334,battery_degradation,nominal,1,0,1.0
battery_degradation,4.7,battery_degradation,nominal,1,0,1.0
battery_degradation,4.716666666666667,battery_degradation,nominal,1,0,1.0
battery_degradation,4.733333333333333,battery_degradation,nominal,1,0,1.0
battery_degradation,4.75,battery_degradation,nominal,1,0,1.0
battery_degradation,4.766666666666667,battery_degradation,nominal,1,0,1.0
battery_degradation,4.783333333333333,battery_degradation,nominal,1,0,1.0
battery_degradation,4.8,battery_degradation,nominal,1,0,1.0
battery_degradation,4.816666666666666,battery_degradation,nominal,1,0,1.0
battery_degradation,4.833333333333333,battery_degradation,nominal,1,0,1.0
battery_degradation,4.85,battery_degradation,nominal,1,0,1.0
battery_degradation,4.866666666666666,battery_degradation,nominal,1,0,1.0
battery_degradation,4.883333333333334,battery_degradation,nominal,1,0,1.0
battery_degradation,4.9,battery_degradation,nominal,1,0,1.0
battery_degradation,4.916666666666667,battery_degradation,nominal,1,0,1.0
battery_degradation,4.933333333333334,battery_degradation,nominal,1,0,1.0
battery_degradation,4.95,battery_degradation,nominal,1,0,1.0
battery_degradation,4.966666666666667,battery_degradation,nominal,1,0,1.0
battery_degradation,4.983333333333333,battery_degradation,nominal,1,0,1.0
battery_degradation,5.0,battery_degradation,nominal,1,0,1.0
battery_degradation,5.016666666666667,battery_degradation,nominal,1,0,1.0
battery_degradation,5.033333333333333,battery_degradation,nominal,1,0,1.0
battery_degradation,5.05,battery_degradation,nominal,1,0,1.0
battery_degradation,5.066666666666666,battery_degradation,nominal,1,0,1.0
battery_degradation,5.083333333333333,battery_degradation,nominal,1,0,1.0
battery_degradation,5.1,battery_degradation,nominal,1,0,1.0
battery_degradation,5.116666666666666,battery_degradation,nominal,1,0,1.0
battery_degradation,5.133333333333334,battery_degradation,nominal,1,0,1.0
battery_degradation,5.15,battery_degradation,nominal,1,0,1.0
battery_degradation,5.166666666666667,battery_degradation,nominal,1,0,1.0
battery_degradation,5.183333333333334,battery_degradation,nominal,1,0,1.0
battery_degradation,5.2,battery_degradation,nominal,1,0,1.0
battery_degradation,5.216666666666667,battery_degradation,nominal,1,0,1.0
battery_degradation,5.233333333333333,battery_degradation,nominal,1,0,1.0
battery_degradation,5.25,battery_degradation,nominal,1,0,1.0
battery_degradation,5.266666666666667,battery_degradation,nominal,1,0,1.0
battery_degradation,5.283333333333333,battery_degradation,nominal,1,0,1.0
battery_degradation,5.3,battery_degradation,nominal,1,0,1.0
battery_degradation,5.316666666666666,battery_degradation,nominal,1,0,1.0
battery_degradation,5.333333333333333,battery_degradation,nominal,1,0,1.0
battery_degradation,5.35,battery_degradation,nominal,1,0,1.0
battery_degradation,5.366666666666666,battery_degradation,nominal,1,0,1.0
battery_degradation,5.383333333333334,battery_degradation,nominal,1,0,1.0
battery_degradation,5.4,battery_degradation,nominal,1,0,1.0
battery_degradation,5.416666666666667,battery_degradation,nominal,1,0,1.0
battery_degradation,5.433333333333334,battery_degradation,nominal,1,0,1.0
battery_degradation,5.45,battery_degradation,nominal,1,0,1.0
battery_degradation,5.466666666666667,battery_degradation,nominal,1,0,1.0
battery_degradation,5.483333333333333,battery_degradation,nominal,1,0,1.0
battery_degradation,5.5,battery_degradation,nominal,1,0,1.0
battery_degradation,5.516666666666667,battery_degradation,nominal,1,0,1.0
battery_degradation,5.533333333333333,battery_degradation,nominal,1,0,1.0
battery_degradation,5.55,battery_degradation,nominal,1,0,1.0
battery_degradation,5.566666666666666,battery_degradation,nominal,1,0,1.0
battery_degradation,5.583333333333333,battery_degradation,nominal,1,0,1.0
battery_degradation,5.6,battery_degradation,nominal,1,0,1.0
battery_degradation,5.616666666666666,battery_degradation,nominal,1,0,1.0
battery_degradation,5.633333333333334,battery_degradation,nominal,1,0,1.0
battery_degradation,5.65,battery_degradation,nominal,1,0,1.0
battery_degradation,5.666666666666667,battery_degradation,nominal,1,0,1.0
battery_degradation,5.683333333333334,battery_degradation,nominal,1,0,1.0
battery_degradation,5.7,battery_degradation,nominal,1,0,1.0
battery_degradation,5.716666666666667,battery_degradation,nominal,1,0,1.0
battery_degradation,5.733333333333333,battery_degradation,nominal,1,0,1.0
battery_degradation,5.75,battery_degradation,nominal,1,0,1.0
battery_degradation,5.766666666666667,battery_degradation,nominal,1,0,1.0
battery_degradation,5.783333333333333,battery_degradation,nominal,1,0,1.0
battery_degradation,5.8,battery_degradation,nominal,1,0,1.0
battery_degradation,5.816666666666666,battery_degradation,nominal,1,0,1.0
battery_degradation,5.833333333333333,battery_degradation,nominal,1,0,1.0
battery_degradation,5.85,battery_degradation,nominal,1,0,1.0
battery_degradation,5.866666666666666,battery_degradation,nominal,1,0,1.0
battery_degradation,5.883333333333334,battery_degradation,nominal,1,0,1.0
battery_degradation,5.9,battery_degradation,nominal,1,0,1.0
battery_degradation,5.916666666666667,battery_degradation,nominal,1,0,1.0
battery_degradation,5.933333333333334,battery_degradation,nominal,1,0,1.0
battery_degradation,5.95,battery_degradation,nominal,1,0,1.0
battery_degradation,5.966666666666667,battery_degradation,nominal,1,0,1.0
battery_degradation,5.983333333333333,battery_degradation,nominal,1,0,1.0
battery_degradation,6.0,battery_degradation,battery_degradation,1,1,0.75
thermal_anomaly,0.0,nominal,nominal,0,0,1.0
thermal_anomaly,0.0166666666666666,nominal,nominal,0,0,1.0
thermal_anomaly,0.0333333333333333,nominal,nominal,0,0,1.0
thermal_anomaly,0.05,nominal,nominal,0,0,1.0
thermal_anomaly,0.0666666666666666,nominal,nominal,0,0,1.0
thermal_anomaly,0.0833333333333333,nominal,nominal,0,0,1.0
thermal_anomaly,0.1,nominal,nominal,0,0,1.0
thermal_anomaly,0.1166666666666666,nominal,nominal,0,0,1.0
thermal_anomaly,0.1333333333333333,nominal,nominal,0,0,1.0
thermal_anomaly,0.15,nominal,nominal,0,0,1.0
thermal_anomaly,0.1666666666666666,nominal,nominal,0,0,1.0
thermal_anomaly,0.1833333333333333,nominal,nominal,0,0,1.0
thermal_anomaly,0.2,nominal,nominal,0,0,1.0
thermal_anomaly,0.2166666666666666,nominal,nominal,0,0,1.0
thermal_anomaly,0.2333333333333333,nominal,nominal,0,0,1.0
thermal_anomaly,0.25,nominal,nominal,0,0,1.0
thermal_anomaly,0.2666666666666666,nominal,nominal,0,0,1.0
thermal_anomaly,0.2833333333333333,nominal,nominal,0,0,1.0
thermal_anomaly,0.3,nominal,nominal,0,0,1.0
thermal_anomaly,0.3166666666666666,nominal,nominal,0,0,1.0
thermal_anomaly,0.3333333333333333,nominal,nominal,0,0,1.0
thermal_anomaly,0.35,nominal,nominal,0,0,1.0
thermal_anomaly,0.3666666666666666,nominal,nominal,0,0,1.0
thermal_anomaly,0.3833333333333333,nominal,nominal,0,0,1.0
thermal_anomaly,0.4,nominal,nominal,0,0,1.0
thermal_anomaly,0.4166666666666667,nominal,nominal,0,0,1.0
thermal_anomaly,0.4333333333333333,nominal,nominal,0,0,1.0
thermal_anomaly,0.45,nominal,nominal,0,0,1.0
thermal_anomaly,0.4666666666666667,nominal,nominal,0,0,1.0
thermal_anomaly,0.4833333333333333,nominal,nominal,0,0,1.0
thermal_anomaly,0.5,nominal,nominal,0,0,1.0
thermal_anomaly,0.5166666666666667,nominal,nominal,0,0,1.0
thermal_anomaly,0.5333333333333333,nominal,nominal,0,0,1.0
thermal_anomaly,0.55,nominal,nominal,0,0,1.0
thermal_anomaly,0.5666666666666667,nominal,nominal,0,0,1.0
thermal_anomaly,0.5833333333333334,nominal,nominal,0,0,1.0
thermal_anomaly,0.6,nominal,nominal,0,0,1.0
thermal_anomaly,0.6166666666666667,nominal,nominal,0,0,1.0
thermal_anomaly,0.6333333333333333,nominal,nominal,0,0,1.0
thermal_anomaly,0.65,nominal,nominal,0,0,1.0
thermal_anomaly,0.6666666666666666,nominal,nominal,0,0,1.0
thermal_anomaly,0.6833333333333333,nominal,nominal,0,0,1.0
thermal_anomaly,0.7,nominal,nominal,0,0,1.0
thermal_anomaly,0.7166666666666667,nominal,nominal,0,0,1.0
thermal_anomaly,0.7333333333333333,nominal,nominal,0,0,1.0
thermal_anomaly,0.75,nominal,nominal,0,0,1.0
thermal_anomaly,0.7666666666666667,nominal,nominal,0,0,1.0
thermal_anomaly,0.7833333333333333,nominal,nominal,0,0,1.0
thermal_anomaly,0.8,nominal,nominal,0,0,1.0
thermal_anomaly,0.8166666666666667,nominal,nominal,0,0,1.0
thermal_anomaly,0.8333333333333334,nominal,nominal,0,0,1.0
thermal_anomaly,0.85,nominal,nominal,0,0,1.0
thermal_anomaly,0.8666666666666667,nominal,nominal,0,0,1.0
thermal_anomaly,0.8833333333333333,nominal,nominal,0,0,1.0
thermal_anomaly,0.9,nominal,nominal,0,0,1.0
thermal_anomaly,0.9166666666666666,nominal,nominal,0,0,1.0
thermal_anomaly,0.9333333333333332,nominal,nominal,0,0,1.0
thermal_anomaly,0.95,nominal,nominal,0,0,1.0
thermal_anomaly,0.9666666666666668,nominal,nominal,0,0,1.0
thermal_anomaly,0.9833333333333332,nominal,nominal,0,0,1.0
thermal_anomaly,1.0,nominal,nominal,0,0,1.0
thermal_anomaly,1.0166666666666666,nominal,nominal,0,0,1.0
thermal_anomaly,1.0333333333333334,nominal,nominal,0,0,1.0
thermal_anomaly,1.05,nominal,nominal,0,0,1.0
thermal_anomaly,1.0666666666666669,nominal,nominal,0,0,1.0
thermal_anomaly,1.0833333333333333,nominal,nominal,0,0,1.0
thermal_anomaly,1.1,nominal,nominal,0,0,1.0
thermal_anomaly,1.1166666666666667,nominal,nominal,0,0,1.0
thermal_anomaly,1.1333333333333333,nominal,nominal,0,0,1.0
thermal_anomaly,1.15,nominal,nominal,0,0,1.0
thermal_anomaly,1.1666666666666667,nominal,nominal,0,0,1.0
thermal_anomaly,1.1833333333333331,nominal,nominal,0,0,1.0
thermal_anomaly,1.2,nominal,nominal,0,0,1.0
thermal_anomaly,1.2166666666666666,nominal,nominal,0,0,1.0
thermal_anomaly,1.2333333333333334,nominal,nominal,0,0,1.0
thermal_anomaly,1.25,nominal,nominal,0,0,1.0
thermal_anomaly,1.2666666666666666,nominal,nominal,0,0,1.0
thermal_anomaly,1.2833333333333334,nominal,nominal,0,0,1.0
thermal_anomaly,1.3,nominal,nominal,0,0,1.0
thermal_anomaly,1.3166666666666669,nominal,nominal,0,0,1.0
thermal_anomaly,1.3333333333333333,nominal,nominal,0,0,1.0
thermal_anomaly,1.35,nominal,nominal,0,0,1.0
thermal_anomaly,1.3666666666666667,nominal,nominal,0,0,1.0
thermal_anomaly,1.3833333333333333,nominal,nominal,0,0,1.0
thermal_anomaly,1.4,nominal,nominal,0,0,1.0
thermal_anomaly,1.4166666666666667,nominal,nominal,0,0,1.0
thermal_anomaly,1.4333333333333331,nominal,nominal,0,0,1.0
thermal_anomaly,1.45,nominal,nominal,0,0,1.0
thermal_anomaly,1.4666666666666666,nominal,nominal,0,0,1.0
thermal_anomaly,1.4833333333333334,nominal,nominal,0,0,1.0
thermal_anomaly,1.5,nominal,nominal,0,0,1.0
thermal_anomaly,1.5166666666666666,nominal,nominal,0,0,1.0
thermal_anomaly,1.5333333333333334,nominal,nominal,0,0,1.0
thermal_anomaly,1.55,nominal,nominal,0,0,1.0
thermal_anomaly,1.5666666666666669,nominal,nominal,0,0,1.0
thermal_anomaly,1.5833333333333333,nominal,nominal,0,0,1.0
thermal_anomaly,1.6,nominal,nominal,0,0,1.0
thermal_anomaly,1.6166666666666667,nominal,nominal,0,0,1.0
thermal_anomaly,1.6333333333333333,nominal,nominal,0,0,1.0
thermal_anomaly,1.65,nominal,nominal,0,0,1.0
thermal_anomaly,1.6666666666666667,nominal,nominal,0,0,1.0
thermal_anomaly,1.6833333333333331,nominal,nominal,0,0,1.0
thermal_anomaly,1.7,nominal,nominal,0,0,1.0
thermal_anomaly,1.7166666666666666,nominal,nominal,0,0,1.0
thermal_anomaly,1.7333333333333334,nominal,nominal,0,0,1.0
thermal_anomaly,1.75,nominal,nominal,0,0,1.0
thermal_anomaly,1.7666666666666666,nominal,nominal,0,0,1.0
thermal_anomaly,1.7833333333333334,nominal,nominal,0,0,1.0
thermal_anomaly,1.8,nominal,nominal,0,0,1.0
thermal_anomaly,1.8166666666666669,nominal,nominal,0,0,1.0
thermal_anomaly,1.8333333333333333,nominal,nominal,0,0,1.0
thermal_anomaly,1.85,nominal,nominal,0,0,1.0
thermal_anomaly,1.8666666666666667,nominal,nominal,0,0,1.0
thermal_anomaly,1.8833333333333333,nominal,nominal,0,0,1.0
thermal_anomaly,1.9,nominal,nominal,0,0,1.0
thermal_anomaly,1.9166666666666667,nominal,nominal,0,0,1.0
thermal_anomaly,1.9333333333333331,nominal,nominal,0,0,1.0
thermal_anomaly,1.95,nominal,nominal,0,0,1.0
thermal_anomaly,1.9666666666666663,nominal,nominal,0,0,1.0
thermal_anomaly,1.9833333333333332,nominal,nominal,0,0,1.0
thermal_anomaly,2.0,nominal,nominal,0,0,1.0
thermal_anomaly,2.0166666666666666,thermal_anomaly,nominal,1,0,1.0
thermal_anomaly,2.033333333333333,thermal_anomaly,nominal,1,0,1.0
thermal_anomaly,2.05,thermal_anomaly,nominal,1,0,1.0
thermal_anomaly,2.066666666666667,thermal_anomaly,nominal,1,0,1.0
thermal_anomaly,2.083333333333333,thermal_anomaly,nominal,1,0,1.0
thermal_anomaly,2.1,thermal_anomaly,nominal,1,0,1.0
thermal_anomaly,2.1166666666666667,thermal_anomaly,nominal,1,0,1.0
thermal_anomaly,2.1333333333333333,thermal_anomaly,nominal,1,0,1.0
thermal_anomaly,2.15,thermal_anomaly,nominal,1,0,1.0
thermal_anomaly,2.1666666666666665,thermal_anomaly,nominal,1,0,1.0
thermal_anomaly,2.183333333333333,thermal_anomaly,nominal,1,0,1.0
thermal_anomaly,2.2,thermal_anomaly,nominal,1,0,1.0
thermal_anomaly,2.216666666666667,thermal_anomaly,nominal,1,0,1.0
thermal_anomaly,2.2333333333333334,thermal_anomaly,nominal,1,0,1.0
thermal_anomaly,2.25,thermal_anomaly,nominal,1,0,1.0
thermal_anomaly,2.2666666666666666,thermal_anomaly,nominal,1,0,1.0
thermal_anomaly,2.283333333333333,thermal_anomaly,nominal,1,0,1.0
thermal_anomaly,2.3,thermal_anomaly,nominal,1,0,1.0
thermal_anomaly,2.316666666666667,thermal_anomaly,nominal,1,0,1.0
thermal_anomaly,2.333333333333333,thermal_anomaly,nominal,1,0,1.0
thermal_anomaly,2.35,thermal_anomaly,nominal,1,0,1.0
thermal_anomaly,2.3666666666666667,thermal_anomaly,nominal,1,0,1.0
thermal_anomaly,2.3833333333333333,thermal_anomaly,nominal,1,0,1.0
thermal_anomaly,2.4,thermal_anomaly,nominal,1,0,1.0
thermal_anomaly,2.4166666666666665,thermal_anomaly,nominal,1,0,1.0
thermal_anomaly,2.433333333333333,thermal_anomaly,nominal,1,0,1.0
thermal_anomaly,2.45,thermal_anomaly,nominal,1,0,1.0
thermal_anomaly,2.466666666666667,thermal_anomaly,nominal,1,0,1.0
thermal_anomaly,2.4833333333333334,thermal_anomaly,nominal,1,0,1.0
thermal_anomaly,2.5,thermal_anomaly,nominal,1,0,1.0
thermal_anomaly,2.5166666666666666,thermal_anomaly,nominal,1,0,1.0
thermal_anomaly,2.533333333333333,thermal_anomaly,nominal,1,0,1.0
thermal_anomaly,2.55,thermal_anomaly,nominal,1,0,1.0
thermal_anomaly,2.566666666666667,thermal_anomaly,nominal,1,0,1.0
thermal_anomaly,2.583333333333333,thermal_anomaly,nominal,1,0,1.0
thermal_anomaly,2.6,thermal_anomaly,nominal,1,0,1.0
thermal_anomaly,2.6166666666666667,thermal_anomaly,nominal,1,0,1.0
thermal_anomaly,2.6333333333333333,thermal_anomaly,nominal,1,0,1.0
thermal_anomaly,2.65,thermal_anomaly,nominal,1,0,1.0
thermal_anomaly,2.6666666666666665,thermal_anomaly,nominal,1,0,1.0
thermal_anomaly,2.683333333333333,thermal_anomaly,nominal,1,0,1.0
thermal_anomaly,2.7,thermal_anomaly,nominal,1,0,1.0
thermal_anomaly,2.716666666666667,thermal_anomaly,nominal,1,0,1.0
thermal_anomaly,2.7333333333333334,thermal_anomaly,nominal,1,0,1.0
thermal_anomaly,2.75,thermal_anomaly,nominal,1,0,1.0
thermal_anomaly,2.7666666666666666,thermal_anomaly,nominal,1,0,1.0
thermal_anomaly,2.783333333333333,thermal_anomaly,nominal,1,0,1.0
thermal_anomaly,2.8,thermal_anomaly,nominal,1,0,1.0
thermal_anomaly,2.816666666666667,thermal_anomaly,nominal,1,0,1.0
thermal_anomaly,2.833333333333333,thermal_anomaly,nominal,1,0,1.0
thermal_anomaly,2.85,thermal_anomaly,nominal,1,0,1.0
thermal_anomaly,2.8666666666666667,thermal_anomaly,nominal,1,0,1.0
thermal_anomaly,2.8833333333333333,thermal_anomaly,nominal,1,0,1.0
thermal_anomaly,2.9,thermal_anomaly,nominal,1,0,1.0
thermal_anomaly,2.9166666666666665,thermal_anomaly,nominal,1,0,1.0
thermal_anomaly,2.933333333333333,thermal_anomaly,nominal,1,0,1.0
thermal_anomaly,2.95,thermal_anomaly,nominal,1,0,1.0
thermal_anomaly,2.966666666666667,thermal_anomaly,nominal,1,0,1.0
thermal_anomaly,2.9833333333333334,thermal_anomaly,nominal,1,0,1.0
thermal_anomaly,3.0,thermal_anomaly,nominal,1,0,1.0
thermal_anomaly,3.0166666666666666,thermal_anomaly,nominal,1,0,1.0
thermal_anomaly,3.033333333333333,thermal_anomaly,nominal,1,0,1.0
thermal_anomaly,3.05,thermal_anomaly,nominal,1,0,1.0
thermal_anomaly,3.066666666666667,thermal_anomaly,nominal,1,0,1.0
thermal_anomaly,3.083333333333333,thermal_anomaly,nominal,1,0,1.0
thermal_anomaly,3.1,thermal_anomaly,nominal,1,0,1.0
thermal_anomaly,3.1166666666666667,thermal_anomaly,nominal,1,0,1.0
thermal_anomaly,3.1333333333333333,thermal_anomaly,nominal,1,0,1.0
thermal_anomaly,3.15,thermal_anomaly,nominal,1,0,1.0
thermal_anomaly,3.1666666666666665,thermal_anomaly,nominal,1,0,1.0
thermal_anomaly,3.183333333333333,thermal_anomaly,nominal,1,0,1.0
thermal_anomaly,3.2,thermal_anomaly,nominal,1,0,1.0
thermal_anomaly,3.216666666666667,thermal_anomaly,nominal,1,0,1.0
thermal_anomaly,3.2333333333333334,thermal_anomaly,nominal,1,0,1.0
thermal_anomaly,3.25,thermal_anomaly,nominal,1,0,1.0
thermal_anomaly,3.2666666666666666,thermal_anomaly,nominal,1,0,1.0
thermal_anomaly,3.283333333333333,thermal_anomaly,nominal,1,0,1.0
thermal_anomaly,3.3,thermal_anomaly,nominal,1,0,1.0
thermal_anomaly,3.316666666666667,thermal_anomaly,nominal,1,0,1.0
thermal_anomaly,3.333333333333333,thermal_anomaly,nominal,1,0,1.0
thermal_anomaly,3.35,thermal_anomaly,nominal,1,0,1.0
thermal_anomaly,3.3666666666666667,thermal_anomaly,nominal,1,0,1.0
thermal_anomaly,3.3833333333333333,thermal_anomaly,nominal,1,0,1.0
thermal_anomaly,3.4,thermal_anomaly,nominal,1,0,1.0
thermal_anomaly,3.4166666666666665,thermal_anomaly,nominal,1,0,1.0
thermal_anomaly,3.433333333333333,thermal_anomaly,nominal,1,0,1.0
thermal_anomaly,3.45,thermal_anomaly,thermal_anomaly,1,1,0.9
thermal_anomaly,3.466666666666667,thermal_anomaly,nominal,1,0,1.0
thermal_anomaly,3.4833333333333334,thermal_anomaly,thermal_anomaly,1,1,0.9
thermal_anomaly,3.5,thermal_anomaly,nominal,1,0,1.0
thermal_anomaly,3.5166666666666666,thermal_anomaly,nominal,1,0,1.0
thermal_anomaly,3.533333333333333,thermal_anomaly,nominal,1,0,1.0
thermal_anomaly,3.55,thermal_anomaly,thermal_anomaly,1,1,0.9
thermal_anomaly,3.566666666666667,thermal_anomaly,thermal_anomaly,1,1,0.9
thermal_anomaly,3.583333333333333,thermal_anomaly,thermal_anomaly,1,1,0.9
thermal_anomaly,3.6,thermal_anomaly,thermal_anomaly,1,1,0.9
thermal_anomaly,3.6166666666666663,thermal_anomaly,thermal_anomaly,1,1,0.9
thermal_anomaly,3.633333333333333,thermal_anomaly,thermal_anomaly,1,1,0.9
thermal_anomaly,3.65,thermal_anomaly,thermal_anomaly,1,1,0.9
thermal_anomaly,3.6666666666666665,thermal_anomaly,thermal_anomaly,1,1,0.9
thermal_anomaly,3.683333333333333,thermal_anomaly,thermal_anomaly,1,1,0.9
thermal_anomaly,3.7,thermal_anomaly,thermal_anomaly,1,1,0.9
thermal_anomaly,3.716666666666667,thermal_anomaly,thermal_anomaly,1,1,0.9
thermal_anomaly,3.733333333333333,thermal_anomaly,thermal_anomaly,1,1,0.9
thermal_anomaly,3.75,thermal_anomaly,thermal_anomaly,1,1,0.9
thermal_anomaly,3.7666666666666666,thermal_anomaly,thermal_anomaly,1,1,0.9
thermal_anomaly,3.783333333333333,thermal_anomaly,thermal_anomaly,1,1,0.9
thermal_anomaly,3.8,thermal_anomaly,thermal_anomaly,1,1,0.9
thermal_anomaly,3.816666666666667,thermal_anomaly,thermal_anomaly,1,1,0.9
thermal_anomaly,3.8333333333333335,thermal_anomaly,thermal_anomaly,1,1,0.9
thermal_anomaly,3.85,thermal_anomaly,thermal_anomaly,1,1,0.9
thermal_anomaly,3.8666666666666663,thermal_anomaly,thermal_anomaly,1,1,0.9
thermal_anomaly,3.883333333333333,thermal_anomaly,thermal_anomaly,1,1,0.9
thermal_anomaly,3.9,thermal_anomaly,thermal_anomaly,1,1,0.9
thermal_anomaly,3.9166666666666665,thermal_anomaly,thermal_anomaly,1,1,0.9
thermal_anomaly,3.933333333333333,thermal_anomaly,thermal_anomaly,1,1,0.9
thermal_anomaly,3.95,thermal_anomaly,thermal_anomaly,1,1,0.9
thermal_anomaly,3.966666666666667,thermal_anomaly,thermal_anomaly,1,1,0.9
thermal_anomaly,3.983333333333333,thermal_anomaly,thermal_anomaly,1,1,0.9
thermal_anomaly,4.0,thermal_anomaly,thermal_anomaly,1,1,0.9
thermal_anomaly,4.016666666666667,thermal_anomaly,thermal_anomaly,1,1,0.9
thermal_anomaly,4.033333333333333,thermal_anomaly,thermal_anomaly,1,1,0.9
thermal_anomaly,4.05,thermal_anomaly,thermal_anomaly,1,1,0.9
thermal_anomaly,4.066666666666666,thermal_anomaly,thermal_anomaly,1,1,0.9
thermal_anomaly,4.083333333333333,thermal_anomaly,thermal_anomaly,1,1,0.9
thermal_anomaly,4.1,thermal_anomaly,thermal_anomaly,1,1,0.9
thermal_anomaly,4.116666666666666,thermal_anomaly,thermal_anomaly,1,1,0.9
thermal_anomaly,4.133333333333334,thermal_anomaly,thermal_anomaly,1,1,0.9
thermal_anomaly,4.15,thermal_anomaly,thermal_anomaly,1,1,0.9
thermal_anomaly,4.166666666666667,thermal_anomaly,thermal_anomaly,1,1,0.9
thermal_anomaly,4.183333333333334,thermal_anomaly,thermal_anomaly,1,1,0.9
thermal_anomaly,4.2,thermal_anomaly,thermal_anomaly,1,1,0.9
thermal_anomaly,4.216666666666667,thermal_anomaly,thermal_anomaly,1,1,0.9
thermal_anomaly,4.233333333333333,thermal_anomaly,thermal_anomaly,1,1,0.9
thermal_anomaly,4.25,thermal_anomaly,thermal_anomaly,1,1,0.9
thermal_anomaly,4.266666666666667,thermal_anomaly,thermal_anomaly,1,1,0.9
thermal_anomaly,4.283333333333333,thermal_anomaly,thermal_anomaly,1,1,0.9
thermal_anomaly,4.3,thermal_anomaly,thermal_anomaly,1,1,0.9
thermal_anomaly,4.316666666666666,thermal_anomaly,thermal_anomaly,1,1,0.9
thermal_anomaly,4.333333333333333,thermal_anomaly,thermal_anomaly,1,1,0.9
thermal_anomaly,4.35,thermal_anomaly,thermal_anomaly,1,1,0.9
thermal_anomaly,4.366666666666666,thermal_anomaly,thermal_anomaly,1,1,0.9
thermal_anomaly,4.383333333333334,thermal_anomaly,thermal_anomaly,1,1,0.9
thermal_anomaly,4.4,thermal_anomaly,thermal_anomaly,1,1,0.9
thermal_anomaly,4.416666666666667,thermal_anomaly,thermal_anomaly,1,1,0.9
thermal_anomaly,4.433333333333334,thermal_anomaly,thermal_anomaly,1,1,0.9
thermal_anomaly,4.45,thermal_anomaly,thermal_anomaly,1,1,0.9
thermal_anomaly,4.466666666666667,thermal_anomaly,thermal_anomaly,1,1,0.9
thermal_anomaly,4.483333333333333,thermal_anomaly,thermal_anomaly,1,1,0.9
thermal_anomaly,4.5,thermal_anomaly,thermal_anomaly,1,1,0.9
thermal_anomaly,4.516666666666667,thermal_anomaly,thermal_anomaly,1,1,0.9
thermal_anomaly,4.533333333333333,thermal_anomaly,thermal_anomaly,1,1,0.9
thermal_anomaly,4.55,thermal_anomaly,thermal_anomaly,1,1,0.9
thermal_anomaly,4.566666666666666,thermal_anomaly,thermal_anomaly,1,1,0.9
thermal_anomaly,4.583333333333333,thermal_anomaly,thermal_anomaly,1,1,0.9
thermal_anomaly,4.6,thermal_anomaly,thermal_anomaly,1,1,0.9
thermal_anomaly,4.616666666666666,thermal_anomaly,thermal_anomaly,1,1,0.9
thermal_anomaly,4.633333333333334,thermal_anomaly,thermal_anomaly,1,1,0.9
thermal_anomaly,4.65,thermal_anomaly,thermal_anomaly,1,1,0.9
thermal_anomaly,4.666666666666667,thermal_anomaly,thermal_anomaly,1,1,0.9
thermal_anomaly,4.683333333333334,thermal_anomaly,thermal_anomaly,1,1,0.9
thermal_anomaly,4.7,thermal_anomaly,thermal_anomaly,1,1,0.9
thermal_anomaly,4.716666666666667,thermal_anomaly,thermal_anomaly,1,1,0.9
thermal_anomaly,4.733333333333333,thermal_anomaly,thermal_anomaly,1,1,0.9
thermal_anomaly,4.75,thermal_anomaly,thermal_anomaly,1,1,0.9
thermal_anomaly,4.766666666666667,thermal_anomaly,thermal_anomaly,1,1,0.9
thermal_anomaly,4.783333333333333,thermal_anomaly,thermal_anomaly,1,1,0.9
thermal_anomaly,4.8,thermal_anomaly,thermal_anomaly,1,1,0.9
thermal_anomaly,4.816666666666666,thermal_anomaly,thermal_anomaly,1,1,0.9
thermal_anomaly,4.833333333333333,thermal_anomaly,thermal_anomaly,1,1,0.9
thermal_anomaly,4.85,thermal_anomaly,thermal_anomaly,1,1,0.9
thermal_anomaly,4.866666666666666,thermal_anomaly,thermal_anomaly,1,1,0.9
thermal_anomaly,4.883333333333334,thermal_anomaly,thermal_anomaly,1,1,0.9
thermal_anomaly,4.9,thermal_anomaly,thermal_anomaly,1,1,0.9
thermal_anomaly,4.916666666666667,thermal_anomaly,thermal_anomaly,1,1,0.9
thermal_anomaly,4.933333333333334,thermal_anomaly,thermal_anomaly,1,1,0.9
thermal_anomaly,4.95,thermal_anomaly,thermal_anomaly,1,1,0.9
thermal_anomaly,4.966666666666667,thermal_anomaly,thermal_anomaly,1,1,0.9
thermal_anomaly,4.983333333333333,thermal_anomaly,thermal_anomaly,1,1,0.9
thermal_anomaly,5.0,thermal_anomaly,thermal_anomaly,1,1,0.9
thermal_anomaly,5.016666666666667,thermal_anomaly,thermal_anomaly,1,1,0.9
thermal_anomaly,5.033333333333333,thermal_anomaly,thermal_anomaly,1,1,0.9
thermal_anomaly,5.05,thermal_anomaly,thermal_anomaly,1,1,0.9
thermal_anomaly,5.066666666666666,thermal_anomaly,thermal_anomaly,1,1,0.9
thermal_anomaly,5.083333333333333,thermal_anomaly,thermal_anomaly,1,1,0.9
thermal_anomaly,5.1,thermal_anomaly,thermal_anomaly,1,1,0.9
thermal_anomaly,5.116666666666666,thermal_anomaly,thermal_anomaly,1,1,0.9
thermal_anomaly,5.133333333333334,thermal_anomaly,thermal_anomaly,1,1,0.9
thermal_anomaly,5.15,thermal_anomaly,thermal_anomaly,1,1,0.9
thermal_anomaly,5.166666666666667,thermal_anomaly,thermal_anomaly,1,1,0.9
thermal_anomaly,5.183333333333334,thermal_anomaly,thermal_anomaly,1,1,0.9
thermal_anomaly,5.2,thermal_anomaly,thermal_anomaly,1,1,0.9
thermal_anomaly,5.216666666666667,thermal_anomaly,thermal_anomaly,1,1,0.9
thermal_anomaly,5.233333333333333,thermal_anomaly,thermal_anomaly,1,1,0.9
thermal_anomaly,5.25,thermal_anomaly,thermal_anomaly,1,1,0.9
thermal_anomaly,5.266666666666667,thermal_anomaly,thermal_anomaly,1,1,0.9
thermal_anomaly,5.283333333333333,thermal_anomaly,thermal_anomaly,1,1,0.9
thermal_anomaly,5.3,thermal_anomaly,thermal_anomaly,1,1,0.9
thermal_anomaly,5.316666666666666,thermal_anomaly,thermal_anomaly,1,1,0.9
thermal_anomaly,5.333333333333333,thermal_anomaly,thermal_anomaly,1,1,0.9
thermal_anomaly,5.35,thermal_anomaly,thermal_anomaly,1,1,0.9
thermal_anomaly,5.366666666666666,thermal_anomaly,thermal_anomaly,1,1,0.9
thermal_anomaly,5.383333333333334,thermal_anomaly,thermal_anomaly,1,1,0.9
thermal_anomaly,5.4,thermal_anomaly,thermal_anomaly,1,1,0.9
thermal_anomaly,5.416666666666667,thermal_anomaly,thermal_anomaly,1,1,0.9
thermal_anomaly,5.433333333333334,thermal_anomaly,thermal_anomaly,1,1,0.9
thermal_anomaly,5.45,thermal_anomaly,thermal_anomaly,1,1,0.9
thermal_anomaly,5.466666666666667,thermal_anomaly,thermal_anomaly,1,1,0.9
thermal_anomaly,5.483333333333333,thermal_anomaly,thermal_anomaly,1,1,0.9
thermal_anomaly,5.5,thermal_anomaly,thermal_anomaly,1,1,0.9
thermal_anomaly,5.516666666666667,thermal_anomaly,thermal_anomaly,1,1,0.9
thermal_anomaly,5.533333333333333,thermal_anomaly,thermal_anomaly,1,1,0.9
thermal_anomaly,5.55,thermal_anomaly,thermal_anomaly,1,1,0.9
thermal_anomaly,5.566666666666666,thermal_anomaly,thermal_anomaly,1,1,0.9
thermal_anomaly,5.583333333333333,thermal_anomaly,thermal_anomaly,1,1,0.9
thermal_anomaly,5.6,thermal_anomaly,thermal_anomaly,1,1,0.9
thermal_anomaly,5.616666666666666,thermal_anomaly,thermal_anomaly,1,1,0.9
thermal_anomaly,5.633333333333334,thermal_anomaly,thermal_anomaly,1,1,0.9
thermal_anomaly,5.65,thermal_anomaly,thermal_anomaly,1,1,0.9
thermal_anomaly,5.666666666666667,thermal_anomaly,thermal_anomaly,1,1,0.9
thermal_anomaly,5.683333333333334,thermal_anomaly,thermal_anomaly,1,1,0.9
thermal_anomaly,5.7,thermal_anomaly,thermal_anomaly,1,1,0.9
thermal_anomaly,5.716666666666667,thermal_anomaly,thermal_anomaly,1,1,0.9
thermal_anomaly,5.733333333333333,thermal_anomaly,thermal_anomaly,1,1,0.9
thermal_anomaly,5.75,thermal_anomaly,thermal_anomaly,1,1,0.9
thermal_anomaly,5.766666666666667,thermal_anomaly,thermal_anomaly,1,1,0.9
thermal_anomaly,5.783333333333333,thermal_anomaly,thermal_anomaly,1,1,0.9
thermal_anomaly,5.8,thermal_anomaly,thermal_anomaly,1,1,0.9
thermal_anomaly,5.816666666666666,thermal_anomaly,thermal_anomaly,1,1,0.9
thermal_anomaly,5.833333333333333,thermal_anomaly,thermal_anomaly,1,1,0.9
thermal_anomaly,5.85,thermal_anomaly,thermal_anomaly,1,1,0.9
thermal_anomaly,5.866666666666666,thermal_anomaly,thermal_anomaly,1,1,0.9
thermal_anomaly,5.883333333333334,thermal_anomaly,thermal_anomaly,1,1,0.9
thermal_anomaly,5.9,thermal_anomaly,thermal_anomaly,1,1,0.9
thermal_anomaly,5.916666666666667,thermal_anomaly,thermal_anomaly,1,1,0.9
thermal_anomaly,5.933333333333334,thermal_anomaly,thermal_anomaly,1,1,0.9
thermal_anomaly,5.95,thermal_anomaly,thermal_anomaly,1,1,0.9
thermal_anomaly,5.966666666666667,thermal_anomaly,thermal_anomaly,1,1,0.9
thermal_anomaly,5.983333333333333,thermal_anomaly,thermal_anomaly,1,1,0.9
thermal_anomaly,6.0,thermal_anomaly,thermal_anomaly,1,1,0.9
reaction_wheel_degradation,0.0,nominal,nominal,0,0,1.0
reaction_wheel_degradation,0.0166666666666666,nominal,nominal,0,0,1.0
reaction_wheel_degradation,0.0333333333333333,nominal,nominal,0,0,1.0
reaction_wheel_degradation,0.05,nominal,nominal,0,0,1.0
reaction_wheel_degradation,0.0666666666666666,nominal,nominal,0,0,1.0
reaction_wheel_degradation,0.0833333333333333,nominal,nominal,0,0,1.0
reaction_wheel_degradation,0.1,nominal,nominal,0,0,1.0
reaction_wheel_degradation,0.1166666666666666,nominal,nominal,0,0,1.0
reaction_wheel_degradation,0.1333333333333333,nominal,nominal,0,0,1.0
reaction_wheel_degradation,0.15,nominal,nominal,0,0,1.0
reaction_wheel_degradation,0.1666666666666666,nominal,nominal,0,0,1.0
reaction_wheel_degradation,0.1833333333333333,nominal,nominal,0,0,1.0
reaction_wheel_degradation,0.2,nominal,nominal,0,0,1.0
reaction_wheel_degradation,0.2166666666666666,nominal,nominal,0,0,1.0
reaction_wheel_degradation,0.2333333333333333,nominal,nominal,0,0,1.0
reaction_wheel_degradation,0.25,nominal,nominal,0,0,1.0
reaction_wheel_degradation,0.2666666666666666,nominal,nominal,0,0,1.0
reaction_wheel_degradation,0.2833333333333333,nominal,nominal,0,0,1.0
reaction_wheel_degradation,0.3,nominal,nominal,0,0,1.0
reaction_wheel_degradation,0.3166666666666666,nominal,nominal,0,0,1.0
reaction_wheel_degradation,0.3333333333333333,nominal,nominal,0,0,1.0
reaction_wheel_degradation,0.35,nominal,nominal,0,0,1.0
reaction_wheel_degradation,0.3666666666666666,nominal,nominal,0,0,1.0
reaction_wheel_degradation,0.3833333333333333,nominal,nominal,0,0,1.0
reaction_wheel_degradation,0.4,nominal,nominal,0,0,1.0
reaction_wheel_degradation,0.4166666666666667,nominal,nominal,0,0,1.0
reaction_wheel_degradation,0.4333333333333333,nominal,nominal,0,0,1.0
reaction_wheel_degradation,0.45,nominal,nominal,0,0,1.0
reaction_wheel_degradation,0.4666666666666667,nominal,nominal,0,0,1.0
reaction_wheel_degradation,0.4833333333333333,nominal,nominal,0,0,1.0
reaction_wheel_degradation,0.5,nominal,nominal,0,0,1.0
reaction_wheel_degradation,0.5166666666666667,nominal,nominal,0,0,1.0
reaction_wheel_degradation,0.5333333333333333,nominal,nominal,0,0,1.0
reaction_wheel_degradation,0.55,nominal,nominal,0,0,1.0
reaction_wheel_degradation,0.5666666666666667,nominal,nominal,0,0,1.0
reaction_wheel_degradation,0.5833333333333334,nominal,nominal,0,0,1.0
reaction_wheel_degradation,0.6,nominal,nominal,0,0,1.0
reaction_wheel_degradation,0.6166666666666667,nominal,nominal,0,0,1.0
reaction_wheel_degradation,0.6333333333333333,nominal,nominal,0,0,1.0
reaction_wheel_degradation,0.65,nominal,nominal,0,0,1.0
reaction_wheel_degradation,0.6666666666666666,nominal,nominal,0,0,1.0
reaction_wheel_degradation,0.6833333333333333,nominal,nominal,0,0,1.0
reaction_wheel_degradation,0.7,nominal,nominal,0,0,1.0
reaction_wheel_degradation,0.7166666666666667,nominal,nominal,0,0,1.0
reaction_wheel_degradation,0.7333333333333333,nominal,nominal,0,0,1.0
reaction_wheel_degradation,0.75,nominal,nominal,0,0,1.0
reaction_wheel_degradation,0.7666666666666667,nominal,nominal,0,0,1.0
reaction_wheel_degradation,0.7833333333333333,nominal,nominal,0,0,1.0
reaction_wheel_degradation,0.8,nominal,nominal,0,0,1.0
reaction_wheel_degradation,0.8166666666666667,nominal,nominal,0,0,1.0
reaction_wheel_degradation,0.8333333333333334,nominal,nominal,0,0,1.0
reaction_wheel_degradation,0.85,nominal,nominal,0,0,1.0
reaction_wheel_degradation,0.8666666666666667,nominal,nominal,0,0,1.0
reaction_wheel_degradation,0.8833333333333333,nominal,nominal,0,0,1.0
reaction_wheel_degradation,0.9,nominal,nominal,0,0,1.0
reaction_wheel_degradation,0.9166666666666666,nominal,nominal,0,0,1.0
reaction_wheel_degradation,0.9333333333333332,nominal,nominal,0,0,1.0
reaction_wheel_degradation,0.95,nominal,nominal,0,0,1.0
reaction_wheel_degradation,0.9666666666666668,nominal,nominal,0,0,1.0
reaction_wheel_degradation,0.9833333333333332,nominal,nominal,0,0,1.0
reaction_wheel_degradation,1.0,nominal,nominal,0,0,1.0
reaction_wheel_degradation,1.0166666666666666,nominal,nominal,0,0,1.0
reaction_wheel_degradation,1.0333333333333334,nominal,nominal,0,0,1.0
reaction_wheel_degradation,1.05,nominal,nominal,0,0,1.0
reaction_wheel_degradation,1.0666666666666669,nominal,nominal,0,0,1.0
reaction_wheel_degradation,1.0833333333333333,nominal,nominal,0,0,1.0
reaction_wheel_degradation,1.1,nominal,nominal,0,0,1.0
reaction_wheel_degradation,1.1166666666666667,nominal,nominal,0,0,1.0
reaction_wheel_degradation,1.1333333333333333,nominal,nominal,0,0,1.0
reaction_wheel_degradation,1.15,nominal,nominal,0,0,1.0
reaction_wheel_degradation,1.1666666666666667,nominal,nominal,0,0,1.0
reaction_wheel_degradation,1.1833333333333331,nominal,nominal,0,0,1.0
reaction_wheel_degradation,1.2,nominal,nominal,0,0,1.0
reaction_wheel_degradation,1.2166666666666666,nominal,nominal,0,0,1.0
reaction_wheel_degradation,1.2333333333333334,nominal,nominal,0,0,1.0
reaction_wheel_degradation,1.25,nominal,nominal,0,0,1.0
reaction_wheel_degradation,1.2666666666666666,nominal,nominal,0,0,1.0
reaction_wheel_degradation,1.2833333333333334,nominal,nominal,0,0,1.0
reaction_wheel_degradation,1.3,nominal,nominal,0,0,1.0
reaction_wheel_degradation,1.3166666666666669,nominal,nominal,0,0,1.0
reaction_wheel_degradation,1.3333333333333333,nominal,nominal,0,0,1.0
reaction_wheel_degradation,1.35,nominal,nominal,0,0,1.0
reaction_wheel_degradation,1.3666666666666667,nominal,nominal,0,0,1.0
reaction_wheel_degradation,1.3833333333333333,nominal,nominal,0,0,1.0
reaction_wheel_degradation,1.4,nominal,nominal,0,0,1.0
reaction_wheel_degradation,1.4166666666666667,nominal,nominal,0,0,1.0
reaction_wheel_degradation,1.4333333333333331,nominal,nominal,0,0,1.0
reaction_wheel_degradation,1.45,nominal,nominal,0,0,1.0
reaction_wheel_degradation,1.4666666666666666,nominal,nominal,0,0,1.0
reaction_wheel_degradation,1.4833333333333334,nominal,nominal,0,0,1.0
reaction_wheel_degradation,1.5,nominal,nominal,0,0,1.0
reaction_wheel_degradation,1.5166666666666666,nominal,nominal,0,0,1.0
reaction_wheel_degradation,1.5333333333333334,nominal,nominal,0,0,1.0
reaction_wheel_degradation,1.55,nominal,nominal,0,0,1.0
reaction_wheel_degradation,1.5666666666666669,nominal,nominal,0,0,1.0
reaction_wheel_degradation,1.5833333333333333,nominal,nominal,0,0,1.0
reaction_wheel_degradation,1.6,nominal,nominal,0,0,1.0
reaction_wheel_degradation,1.6166666666666667,nominal,nominal,0,0,1.0
reaction_wheel_degradation,1.6333333333333333,nominal,nominal,0,0,1.0
reaction_wheel_degradation,1.65,nominal,nominal,0,0,1.0
reaction_wheel_degradation,1.6666666666666667,nominal,nominal,0,0,1.0
reaction_wheel_degradation,1.6833333333333331,nominal,nominal,0,0,1.0
reaction_wheel_degradation,1.7,nominal,nominal,0,0,1.0
reaction_wheel_degradation,1.7166666666666666,nominal,nominal,0,0,1.0
reaction_wheel_degradation,1.7333333333333334,nominal,nominal,0,0,1.0
reaction_wheel_degradation,1.75,nominal,nominal,0,0,1.0
reaction_wheel_degradation,1.7666666666666666,nominal,nominal,0,0,1.0
reaction_wheel_degradation,1.7833333333333334,nominal,nominal,0,0,1.0
reaction_wheel_degradation,1.8,nominal,nominal,0,0,1.0
reaction_wheel_degradation,1.8166666666666669,nominal,nominal,0,0,1.0
reaction_wheel_degradation,1.8333333333333333,nominal,nominal,0,0,1.0
reaction_wheel_degradation,1.85,nominal,nominal,0,0,1.0
reaction_wheel_degradation,1.8666666666666667,nominal,nominal,0,0,1.0
reaction_wheel_degradation,1.8833333333333333,nominal,nominal,0,0,1.0
reaction_wheel_degradation,1.9,nominal,nominal,0,0,1.0
reaction_wheel_degradation,1.9166666666666667,nominal,nominal,0,0,1.0
reaction_wheel_degradation,1.9333333333333331,nominal,nominal,0,0,1.0
reaction_wheel_degradation,1.95,nominal,nominal,0,0,1.0
reaction_wheel_degradation,1.9666666666666663,nominal,nominal,0,0,1.0
reaction_wheel_degradation,1.9833333333333332,nominal,nominal,0,0,1.0
reaction_wheel_degradation,2.0,nominal,nominal,0,0,1.0
reaction_wheel_degradation,2.0166666666666666,reaction_wheel_degradation,nominal,1,0,1.0
reaction_wheel_degradation,2.033333333333333,reaction_wheel_degradation,nominal,1,0,1.0
reaction_wheel_degradation,2.05,reaction_wheel_degradation,nominal,1,0,1.0
reaction_wheel_degradation,2.066666666666667,reaction_wheel_degradation,nominal,1,0,1.0
reaction_wheel_degradation,2.083333333333333,reaction_wheel_degradation,nominal,1,0,1.0
reaction_wheel_degradation,2.1,reaction_wheel_degradation,nominal,1,0,1.0
reaction_wheel_degradation,2.1166666666666667,reaction_wheel_degradation,nominal,1,0,1.0
reaction_wheel_degradation,2.1333333333333333,reaction_wheel_degradation,nominal,1,0,1.0
reaction_wheel_degradation,2.15,reaction_wheel_degradation,nominal,1,0,1.0
reaction_wheel_degradation,2.1666666666666665,reaction_wheel_degradation,nominal,1,0,1.0
reaction_wheel_degradation,2.183333333333333,reaction_wheel_degradation,nominal,1,0,1.0
reaction_wheel_degradation,2.2,reaction_wheel_degradation,nominal,1,0,1.0
reaction_wheel_degradation,2.216666666666667,reaction_wheel_degradation,nominal,1,0,1.0
reaction_wheel_degradation,2.2333333333333334,reaction_wheel_degradation,nominal,1,0,1.0
reaction_wheel_degradation,2.25,reaction_wheel_degradation,nominal,1,0,1.0
reaction_wheel_degradation,2.2666666666666666,reaction_wheel_degradation,nominal,1,0,1.0
reaction_wheel_degradation,2.283333333333333,reaction_wheel_degradation,nominal,1,0,1.0
reaction_wheel_degradation,2.3,reaction_wheel_degradation,nominal,1,0,1.0
reaction_wheel_degradation,2.316666666666667,reaction_wheel_degradation,nominal,1,0,1.0
reaction_wheel_degradation,2.333333333333333,reaction_wheel_degradation,nominal,1,0,1.0
reaction_wheel_degradation,2.35,reaction_wheel_degradation,nominal,1,0,1.0
reaction_wheel_degradation,2.3666666666666667,reaction_wheel_degradation,nominal,1,0,1.0
reaction_wheel_degradation,2.3833333333333333,reaction_wheel_degradation,nominal,1,0,1.0
reaction_wheel_degradation,2.4,reaction_wheel_degradation,nominal,1,0,1.0
reaction_wheel_degradation,2.4166666666666665,reaction_wheel_degradation,nominal,1,0,1.0
reaction_wheel_degradation,2.433333333333333,reaction_wheel_degradation,nominal,1,0,1.0
reaction_wheel_degradation,2.45,reaction_wheel_degradation,nominal,1,0,1.0
reaction_wheel_degradation,2.466666666666667,reaction_wheel_degradation,reaction_wheel_degradation,1,1,0.85
reaction_wheel_degradation,2.4833333333333334,reaction_wheel_degradation,reaction_wheel_degradation,1,1,0.85
reaction_wheel_degradation,2.5,reaction_wheel_degradation,reaction_wheel_degradation,1,1,0.85
reaction_wheel_degradation,2.5166666666666666,reaction_wheel_degradation,reaction_wheel_degradation,1,1,0.85
reaction_wheel_degradation,2.533333333333333,reaction_wheel_degradation,reaction_wheel_degradation,1,1,0.85
reaction_wheel_degradation,2.55,reaction_wheel_degradation,reaction_wheel_degradation,1,1,0.85
reaction_wheel_degradation,2.566666666666667,reaction_wheel_degradation,reaction_wheel_degradation,1,1,0.85
reaction_wheel_degradation,2.583333333333333,reaction_wheel_degradation,reaction_wheel_degradation,1,1,0.85
reaction_wheel_degradation,2.6,reaction_wheel_degradation,reaction_wheel_degradation,1,1,0.85
reaction_wheel_degradation,2.6166666666666667,reaction_wheel_degradation,reaction_wheel_degradation,1,1,0.85
reaction_wheel_degradation,2.6333333333333333,reaction_wheel_degradation,nominal,1,0,1.0
reaction_wheel_degradation,2.65,reaction_wheel_degradation,nominal,1,0,1.0
reaction_wheel_degradation,2.6666666666666665,reaction_wheel_degradation,nominal,1,0,1.0
reaction_wheel_degradation,2.683333333333333,reaction_wheel_degradation,nominal,1,0,1.0
reaction_wheel_degradation,2.7,reaction_wheel_degradation,nominal,1,0,1.0
reaction_wheel_degradation,2.716666666666667,reaction_wheel_degradation,nominal,1,0,1.0
reaction_wheel_degradation,2.7333333333333334,reaction_wheel_degradation,nominal,1,0,1.0
reaction_wheel_degradation,2.75,reaction_wheel_degradation,nominal,1,0,1.0
reaction_wheel_degradation,2.7666666666666666,reaction_wheel_degradation,nominal,1,0,1.0
reaction_wheel_degradation,2.783333333333333,reaction_wheel_degradation,nominal,1,0,1.0
reaction_wheel_degradation,2.8,reaction_wheel_degradation,nominal,1,0,1.0
reaction_wheel_degradation,2.816666666666667,reaction_wheel_degradation,nominal,1,0,1.0
reaction_wheel_degradation,2.833333333333333,reaction_wheel_degradation,nominal,1,0,1.0
reaction_wheel_degradation,2.85,reaction_wheel_degradation,nominal,1,0,1.0
reaction_wheel_degradation,2.8666666666666667,reaction_wheel_degradation,nominal,1,0,1.0
reaction_wheel_degradation,2.8833333333333333,reaction_wheel_degradation,nominal,1,0,1.0
reaction_wheel_degradation,2.9,reaction_wheel_degradation,nominal,1,0,1.0
reaction_wheel_degradation,2.9166666666666665,reaction_wheel_degradation,nominal,1,0,1.0
reaction_wheel_degradation,2.933333333333333,reaction_wheel_degradation,nominal,1,0,1.0
reaction_wheel_degradation,2.95,reaction_wheel_degradation,reaction_wheel_degradation,1,1,0.85
reaction_wheel_degradation,2.966666666666667,reaction_wheel_degradation,reaction_wheel_degradation,1,1,0.85
reaction_wheel_degradation,2.9833333333333334,reaction_wheel_degradation,reaction_wheel_degradation,1,1,0.85
reaction_wheel_degradation,3.0,reaction_wheel_degradation,reaction_wheel_degradation,1,1,0.85
reaction_wheel_degradation,3.0166666666666666,reaction_wheel_degradation,reaction_wheel_degradation,1,1,0.85
reaction_wheel_degradation,3.033333333333333,reaction_wheel_degradation,reaction_wheel_degradation,1,1,0.85
reaction_wheel_degradation,3.05,reaction_wheel_degradation,reaction_wheel_degradation,1,1,0.85
reaction_wheel_degradation,3.066666666666667,reaction_wheel_degradation,reaction_wheel_degradation,1,1,0.85
reaction_wheel_degradation,3.083333333333333,reaction_wheel_degradation,reaction_wheel_degradation,1,1,0.85
reaction_wheel_degradation,3.1,reaction_wheel_degradation,reaction_wheel_degradation,1,1,0.85
reaction_wheel_degradation,3.1166666666666667,reaction_wheel_degradation,reaction_wheel_degradation,1,1,0.85
reaction_wheel_degradation,3.1333333333333333,reaction_wheel_degradation,nominal,1,0,1.0
reaction_wheel_degradation,3.15,reaction_wheel_degradation,nominal,1,0,1.0
reaction_wheel_degradation,3.1666666666666665,reaction_wheel_degradation,nominal,1,0,1.0
reaction_wheel_degradation,3.183333333333333,reaction_wheel_degradation,nominal,1,0,1.0
reaction_wheel_degradation,3.2,reaction_wheel_degradation,nominal,1,0,1.0
reaction_wheel_degradation,3.216666666666667,reaction_wheel_degradation,nominal,1,0,1.0
reaction_wheel_degradation,3.2333333333333334,reaction_wheel_degradation,nominal,1,0,1.0
reaction_wheel_degradation,3.25,reaction_wheel_degradation,nominal,1,0,1.0
reaction_wheel_degradation,3.2666666666666666,reaction_wheel_degradation,nominal,1,0,1.0
reaction_wheel_degradation,3.283333333333333,reaction_wheel_degradation,nominal,1,0,1.0
reaction_wheel_degradation,3.3,reaction_wheel_degradation,nominal,1,0,1.0
reaction_wheel_degradation,3.316666666666667,reaction_wheel_degradation,nominal,1,0,1.0
reaction_wheel_degradation,3.333333333333333,reaction_wheel_degradation,nominal,1,0,1.0
reaction_wheel_degradation,3.35,reaction_wheel_degradation,nominal,1,0,1.0
reaction_wheel_degradation,3.3666666666666667,reaction_wheel_degradation,nominal,1,0,1.0
reaction_wheel_degradation,3.3833333333333333,reaction_wheel_degradation,nominal,1,0,1.0
reaction_wheel_degradation,3.4,reaction_wheel_degradation,nominal,1,0,1.0
reaction_wheel_degradation,3.4166666666666665,reaction_wheel_degradation,nominal,1,0,1.0
reaction_wheel_degradation,3.433333333333333,reaction_wheel_degradation,nominal,1,0,1.0
reaction_wheel_degradation,3.45,reaction_wheel_degradation,nominal,1,0,1.0
reaction_wheel_degradation,3.466666666666667,reaction_wheel_degradation,reaction_wheel_degradation,1,1,0.85
reaction_wheel_degradation,3.4833333333333334,reaction_wheel_degradation,reaction_wheel_degradation,1,1,0.85
reaction_wheel_degradation,3.5,reaction_wheel_degradation,reaction_wheel_degradation,1,1,0.85
reaction_wheel_degradation,3.5166666666666666,reaction_wheel_degradation,reaction_wheel_degradation,1,1,0.85
reaction_wheel_degradation,3.533333333333333,reaction_wheel_degradation,reaction_wheel_degradation,1,1,0.85
reaction_wheel_degradation,3.55,reaction_wheel_degradation,reaction_wheel_degradation,1,1,0.85
reaction_wheel_degradation,3.566666666666667,reaction_wheel_degradation,reaction_wheel_degradation,1,1,0.85
reaction_wheel_degradation,3.583333333333333,reaction_wheel_degradation,reaction_wheel_degradation,1,1,0.85
reaction_wheel_degradation,3.6,reaction_wheel_degradation,reaction_wheel_degradation,1,1,0.85
reaction_wheel_degradation,3.6166666666666663,reaction_wheel_degradation,reaction_wheel_degradation,1,1,0.85
reaction_wheel_degradation,3.633333333333333,reaction_wheel_degradation,nominal,1,0,1.0
reaction_wheel_degradation,3.65,reaction_wheel_degradation,nominal,1,0,1.0
reaction_wheel_degradation,3.6666666666666665,reaction_wheel_degradation,nominal,1,0,1.0
reaction_wheel_degradation,3.683333333333333,reaction_wheel_degradation,nominal,1,0,1.0
reaction_wheel_degradation,3.7,reaction_wheel_degradation,nominal,1,0,1.0
reaction_wheel_degradation,3.716666666666667,reaction_wheel_degradation,nominal,1,0,1.0
reaction_wheel_degradation,3.733333333333333,reaction_wheel_degradation,nominal,1,0,1.0
reaction_wheel_degradation,3.75,reaction_wheel_degradation,nominal,1,0,1.0
reaction_wheel_degradation,3.7666666666666666,reaction_wheel_degradation,nominal,1,0,1.0
reaction_wheel_degradation,3.783333333333333,reaction_wheel_degradation,nominal,1,0,1.0
reaction_wheel_degradation,3.8,reaction_wheel_degradation,nominal,1,0,1.0
reaction_wheel_degradation,3.816666666666667,reaction_wheel_degradation,nominal,1,0,1.0
reaction_wheel_degradation,3.8333333333333335,reaction_wheel_degradation,nominal,1,0,1.0
reaction_wheel_degradation,3.85,reaction_wheel_degradation,nominal,1,0,1.0
reaction_wheel_degradation,3.8666666666666663,reaction_wheel_degradation,nominal,1,0,1.0
reaction_wheel_degradation,3.883333333333333,reaction_wheel_degradation,nominal,1,0,1.0
reaction_wheel_degradation,3.9,reaction_wheel_degradation,nominal,1,0,1.0
reaction_wheel_degradation,3.9166666666666665,reaction_wheel_degradation,nominal,1,0,1.0
reaction_wheel_degradation,3.933333333333333,reaction_wheel_degradation,nominal,1,0,1.0
reaction_wheel_degradation,3.95,reaction_wheel_degradation,reaction_wheel_degradation,1,1,0.85
reaction_wheel_degradation,3.966666666666667,reaction_wheel_degradation,reaction_wheel_degradation,1,1,0.85
reaction_wheel_degradation,3.983333333333333,reaction_wheel_degradation,reaction_wheel_degradation,1,1,0.85
reaction_wheel_degradation,4.0,reaction_wheel_degradation,reaction_wheel_degradation,1,1,0.85
reaction_wheel_degradation,4.016666666666667,reaction_wheel_degradation,reaction_wheel_degradation,1,1,0.85
reaction_wheel_degradation,4.033333333333333,reaction_wheel_degradation,reaction_wheel_degradation,1,1,0.85
reaction_wheel_degradation,4.05,reaction_wheel_degradation,reaction_wheel_degradation,1,1,0.85
reaction_wheel_degradation,4.066666666666666,reaction_wheel_degradation,reaction_wheel_degradation,1,1,0.85
reaction_wheel_degradation,4.083333333333333,reaction_wheel_degradation,reaction_wheel_degradation,1,1,0.85
reaction_wheel_degradation,4.1,reaction_wheel_degradation,reaction_wheel_degradation,1,1,0.85
reaction_wheel_degradation,4.116666666666666,reaction_wheel_degradation,reaction_wheel_degradation,1,1,0.85
reaction_wheel_degradation,4.133333333333334,reaction_wheel_degradation,nominal,1,0,1.0
reaction_wheel_degradation,4.15,reaction_wheel_degradation,nominal,1,0,1.0
reaction_wheel_degradation,4.166666666666667,reaction_wheel_degradation,nominal,1,0,1.0
reaction_wheel_degradation,4.183333333333334,reaction_wheel_degradation,nominal,1,0,1.0
reaction_wheel_degradation,4.2,reaction_wheel_degradation,nominal,1,0,1.0
reaction_wheel_degradation,4.216666666666667,reaction_wheel_degradation,nominal,1,0,1.0
reaction_wheel_degradation,4.233333333333333,reaction_wheel_degradation,nominal,1,0,1.0
reaction_wheel_degradation,4.25,reaction_wheel_degradation,nominal,1,0,1.0
reaction_wheel_degradation,4.266666666666667,reaction_wheel_degradation,nominal,1,0,1.0
reaction_wheel_degradation,4.283333333333333,reaction_wheel_degradation,nominal,1,0,1.0
reaction_wheel_degradation,4.3,reaction_wheel_degradation,nominal,1,0,1.0
reaction_wheel_degradation,4.316666666666666,reaction_wheel_degradation,nominal,1,0,1.0
reaction_wheel_degradation,4.333333333333333,reaction_wheel_degradation,nominal,1,0,1.0
reaction_wheel_degradation,4.35,reaction_wheel_degradation,nominal,1,0,1.0
reaction_wheel_degradation,4.366666666666666,reaction_wheel_degradation,nominal,1,0,1.0
reaction_wheel_degradation,4.383333333333334,reaction_wheel_degradation,nominal,1,0,1.0
reaction_wheel_degradation,4.4,reaction_wheel_degradation,nominal,1,0,1.0
reaction_wheel_degradation,4.416666666666667,reaction_wheel_degradation,nominal,1,0,1.0
reaction_wheel_degradation,4.433333333333334,reaction_wheel_degradation,nominal,1,0,1.0
reaction_wheel_degradation,4.45,reaction_wheel_degradation,reaction_wheel_degradation,1,1,0.85
reaction_wheel_degradation,4.466666666666667,reaction_wheel_degradation,reaction_wheel_degradation,1,1,0.85
reaction_wheel_degradation,4.483333333333333,reaction_wheel_degradation,reaction_wheel_degradation,1,1,0.85
reaction_wheel_degradation,4.5,reaction_wheel_degradation,reaction_wheel_degradation,1,1,0.85
reaction_wheel_degradation,4.516666666666667,reaction_wheel_degradation,reaction_wheel_degradation,1,1,0.85
reaction_wheel_degradation,4.533333333333333,reaction_wheel_degradation,reaction_wheel_degradation,1,1,0.85
reaction_wheel_degradation,4.55,reaction_wheel_degradation,reaction_wheel_degradation,1,1,0.85
reaction_wheel_degradation,4.566666666666666,reaction_wheel_degradation,reaction_wheel_degradation,1,1,0.85
reaction_wheel_degradation,4.583333333333333,reaction_wheel_degradation,reaction_wheel_degradation,1,1,0.85
reaction_wheel_degradation,4.6,reaction_wheel_degradation,reaction_wheel_degradation,1,1,0.85
reaction_wheel_degradation,4.616666666666666,reaction_wheel_degradation,reaction_wheel_degradation,1,1,0.85
reaction_wheel_degradation,4.633333333333334,reaction_wheel_degradation,nominal,1,0,1.0
reaction_wheel_degradation,4.65,reaction_wheel_degradation,nominal,1,0,1.0
reaction_wheel_degradation,4.666666666666667,reaction_wheel_degradation,nominal,1,0,1.0
reaction_wheel_degradation,4.683333333333334,reaction_wheel_degradation,nominal,1,0,1.0
reaction_wheel_degradation,4.7,reaction_wheel_degradation,nominal,1,0,1.0
reaction_wheel_degradation,4.716666666666667,reaction_wheel_degradation,nominal,1,0,1.0
reaction_wheel_degradation,4.733333333333333,reaction_wheel_degradation,nominal,1,0,1.0
reaction_wheel_degradation,4.75,reaction_wheel_degradation,nominal,1,0,1.0
reaction_wheel_degradation,4.766666666666667,reaction_wheel_degradation,nominal,1,0,1.0
reaction_wheel_degradation,4.783333333333333,reaction_wheel_degradation,nominal,1,0,1.0
reaction_wheel_degradation,4.8,reaction_wheel_degradation,nominal,1,0,1.0
reaction_wheel_degradation,4.816666666666666,reaction_wheel_degradation,nominal,1,0,1.0
reaction_wheel_degradation,4.833333333333333,reaction_wheel_degradation,nominal,1,0,1.0
reaction_wheel_degradation,4.85,reaction_wheel_degradation,nominal,1,0,1.0
reaction_wheel_degradation,4.866666666666666,reaction_wheel_degradation,nominal,1,0,1.0
reaction_wheel_degradation,4.883333333333334,reaction_wheel_degradation,nominal,1,0,1.0
reaction_wheel_degradation,4.9,reaction_wheel_degradation,nominal,1,0,1.0
reaction_wheel_degradation,4.916666666666667,reaction_wheel_degradation,nominal,1,0,1.0
reaction_wheel_degradation,4.933333333333334,reaction_wheel_degradation,nominal,1,0,1.0
reaction_wheel_degradation,4.95,reaction_wheel_degradation,nominal,1,0,1.0
reaction_wheel_degradation,4.966666666666667,reaction_wheel_degradation,nominal,1,0,1.0
reaction_wheel_degradation,4.983333333333333,reaction_wheel_degradation,reaction_wheel_degradation,1,1,0.85
reaction_wheel_degradation,5.0,reaction_wheel_degradation,reaction_wheel_degradation,1,1,0.85
reaction_wheel_degradation,5.016666666666667,reaction_wheel_degradation,reaction_wheel_degradation,1,1,0.85
reaction_wheel_degradation,5.033333333333333,reaction_wheel_degradation,reaction_wheel_degradation,1,1,0.85
reaction_wheel_degradation,5.05,reaction_wheel_degradation,reaction_wheel_degradation,1,1,0.85
reaction_wheel_degradation,5.066666666666666,reaction_wheel_degradation,reaction_wheel_degradation,1,1,0.85
reaction_wheel_degradation,5.083333333333333,reaction_wheel_degradation,reaction_wheel_degradation,1,1,0.85
reaction_wheel_degradation,5.1,reaction_wheel_degradation,reaction_wheel_degradation,1,1,0.85
reaction_wheel_degradation,5.116666666666666,reaction_wheel_degradation,reaction_wheel_degradation,1,1,0.85
reaction_wheel_degradation,5.133333333333334,reaction_wheel_degradation,nominal,1,0,1.0
reaction_wheel_degradation,5.15,reaction_wheel_degradation,nominal,1,0,1.0
reaction_wheel_degradation,5.166666666666667,reaction_wheel_degradation,nominal,1,0,1.0
reaction_wheel_degradation,5.183333333333334,reaction_wheel_degradation,nominal,1,0,1.0
reaction_wheel_degradation,5.2,reaction_wheel_degradation,nominal,1,0,1.0
reaction_wheel_degradation,5.216666666666667,reaction_wheel_degradation,nominal,1,0,1.0
reaction_wheel_degradation,5.233333333333333,reaction_wheel_degradation,nominal,1,0,1.0
reaction_wheel_degradation,5.25,reaction_wheel_degradation,nominal,1,0,1.0
reaction_wheel_degradation,5.266666666666667,reaction_wheel_degradation,nominal,1,0,1.0
reaction_wheel_degradation,5.283333333333333,reaction_wheel_degradation,nominal,1,0,1.0
reaction_wheel_degradation,5.3,reaction_wheel_degradation,nominal,1,0,1.0
reaction_wheel_degradation,5.316666666666666,reaction_wheel_degradation,nominal,1,0,1.0
reaction_wheel_degradation,5.333333333333333,reaction_wheel_degradation,nominal,1,0,1.0
reaction_wheel_degradation,5.35,reaction_wheel_degradation,nominal,1,0,1.0
reaction_wheel_degradation,5.366666666666666,reaction_wheel_degradation,nominal,1,0,1.0
reaction_wheel_degradation,5.383333333333334,reaction_wheel_degradation,nominal,1,0,1.0
reaction_wheel_degradation,5.4,reaction_wheel_degradation,nominal,1,0,1.0
reaction_wheel_degradation,5.416666666666667,reaction_wheel_degradation,nominal,1,0,1.0
reaction_wheel_degradation,5.433333333333334,reaction_wheel_degradation,nominal,1,0,1.0
reaction_wheel_degradation,5.45,reaction_wheel_degradation,reaction_wheel_degradation,1,1,0.85
reaction_wheel_degradation,5.466666666666667,reaction_wheel_degradation,reaction_wheel_degradation,1,1,0.85
reaction_wheel_degradation,5.483333333333333,reaction_wheel_degradation,reaction_wheel_degradation,1,1,0.85
reaction_wheel_degradation,5.5,reaction_wheel_degradation,reaction_wheel_degradation,1,1,0.85
reaction_wheel_degradation,5.516666666666667,reaction_wheel_degradation,reaction_wheel_degradation,1,1,0.85
reaction_wheel_degradation,5.533333333333333,reaction_wheel_degradation,reaction_wheel_degradation,1,1,0.85
reaction_wheel_degradation,5.55,reaction_wheel_degradation,reaction_wheel_degradation,1,1,0.85
reaction_wheel_degradation,5.566666666666666,reaction_wheel_degradation,reaction_wheel_degradation,1,1,0.85
reaction_wheel_degradation,5.583333333333333,reaction_wheel_degradation,reaction_wheel_degradation,1,1,0.85
reaction_wheel_degradation,5.6,reaction_wheel_degradation,reaction_wheel_degradation,1,1,0.85
reaction_wheel_degradation,5.616666666666666,reaction_wheel_degradation,reaction_wheel_degradation,1,1,0.85
reaction_wheel_degradation,5.633333333333334,reaction_wheel_degradation,nominal,1,0,1.0
reaction_wheel_degradation,5.65,reaction_wheel_degradation,nominal,1,0,1.0
reaction_wheel_degradation,5.666666666666667,reaction_wheel_degradation,nominal,1,0,1.0
reaction_wheel_degradation,5.683333333333334,reaction_wheel_degradation,nominal,1,0,1.0
reaction_wheel_degradation,5.7,reaction_wheel_degradation,nominal,1,0,1.0
reaction_wheel_degradation,5.716666666666667,reaction_wheel_degradation,nominal,1,0,1.0
reaction_wheel_degradation,5.733333333333333,reaction_wheel_degradation,nominal,1,0,1.0
reaction_wheel_degradation,5.75,reaction_wheel_degradation,nominal,1,0,1.0
reaction_wheel_degradation,5.766666666666667,reaction_wheel_degradation,nominal,1,0,1.0
reaction_wheel_degradation,5.783333333333333,reaction_wheel_degradation,nominal,1,0,1.0
reaction_wheel_degradation,5.8,reaction_wheel_degradation,nominal,1,0,1.0
reaction_wheel_degradation,5.816666666666666,reaction_wheel_degradation,nominal,1,0,1.0
reaction_wheel_degradation,5.833333333333333,reaction_wheel_degradation,nominal,1,0,1.0
reaction_wheel_degradation,5.85,reaction_wheel_degradation,nominal,1,0,1.0
reaction_wheel_degradation,5.866666666666666,reaction_wheel_degradation,nominal,1,0,1.0
reaction_wheel_degradation,5.883333333333334,reaction_wheel_degradation,nominal,1,0,1.0
reaction_wheel_degradation,5.9,reaction_wheel_degradation,nominal,1,0,1.0
reaction_wheel_degradation,5.916666666666667,reaction_wheel_degradation,nominal,1,0,1.0
reaction_wheel_degradation,5.933333333333334,reaction_wheel_degradation,nominal,1,0,1.0
reaction_wheel_degradation,5.95,reaction_wheel_degradation,nominal,1,0,1.0
reaction_wheel_degradation,5.966666666666667,reaction_wheel_degradation,reaction_wheel_degradation,1,1,0.85
reaction_wheel_degradation,5.983333333333333,reaction_wheel_degradation,reaction_wheel_degradation,1,1,0.85
reaction_wheel_degradation,6.0,reaction_wheel_degradation,reaction_wheel_degradation,1,1,0.85
battery_voltage_sensor_drift,0.0,nominal,nominal,0,0,1.0
battery_voltage_sensor_drift,0.0166666666666666,nominal,nominal,0,0,1.0
battery_voltage_sensor_drift,0.0333333333333333,nominal,nominal,0,0,1.0
battery_voltage_sensor_drift,0.05,nominal,nominal,0,0,1.0
battery_voltage_sensor_drift,0.0666666666666666,nominal,nominal,0,0,1.0
battery_voltage_sensor_drift,0.0833333333333333,nominal,nominal,0,0,1.0
battery_voltage_sensor_drift,0.1,nominal,nominal,0,0,1.0
battery_voltage_sensor_drift,0.1166666666666666,nominal,nominal,0,0,1.0
battery_voltage_sensor_drift,0.1333333333333333,nominal,nominal,0,0,1.0
battery_voltage_sensor_drift,0.15,nominal,nominal,0,0,1.0
battery_voltage_sensor_drift,0.1666666666666666,nominal,nominal,0,0,1.0
battery_voltage_sensor_drift,0.1833333333333333,nominal,nominal,0,0,1.0
battery_voltage_sensor_drift,0.2,nominal,nominal,0,0,1.0
battery_voltage_sensor_drift,0.2166666666666666,nominal,nominal,0,0,1.0
battery_voltage_sensor_drift,0.2333333333333333,nominal,nominal,0,0,1.0
battery_voltage_sensor_drift,0.25,nominal,nominal,0,0,1.0
battery_voltage_sensor_drift,0.2666666666666666,nominal,nominal,0,0,1.0
battery_voltage_sensor_drift,0.2833333333333333,nominal,nominal,0,0,1.0
battery_voltage_sensor_drift,0.3,nominal,nominal,0,0,1.0
battery_voltage_sensor_drift,0.3166666666666666,nominal,nominal,0,0,1.0
battery_voltage_sensor_drift,0.3333333333333333,nominal,nominal,0,0,1.0
battery_voltage_sensor_drift,0.35,nominal,nominal,0,0,1.0
battery_voltage_sensor_drift,0.3666666666666666,nominal,nominal,0,0,1.0
battery_voltage_sensor_drift,0.3833333333333333,nominal,nominal,0,0,1.0
battery_voltage_sensor_drift,0.4,nominal,nominal,0,0,1.0
battery_voltage_sensor_drift,0.4166666666666667,nominal,nominal,0,0,1.0
battery_voltage_sensor_drift,0.4333333333333333,nominal,nominal,0,0,1.0
battery_voltage_sensor_drift,0.45,nominal,nominal,0,0,1.0
battery_voltage_sensor_drift,0.4666666666666667,nominal,nominal,0,0,1.0
battery_voltage_sensor_drift,0.4833333333333333,nominal,nominal,0,0,1.0
battery_voltage_sensor_drift,0.5,nominal,nominal,0,0,1.0
battery_voltage_sensor_drift,0.5166666666666667,nominal,nominal,0,0,1.0
battery_voltage_sensor_drift,0.5333333333333333,nominal,nominal,0,0,1.0
battery_voltage_sensor_drift,0.55,nominal,nominal,0,0,1.0
battery_voltage_sensor_drift,0.5666666666666667,nominal,nominal,0,0,1.0
battery_voltage_sensor_drift,0.5833333333333334,nominal,nominal,0,0,1.0
battery_voltage_sensor_drift,0.6,nominal,nominal,0,0,1.0
battery_voltage_sensor_drift,0.6166666666666667,nominal,nominal,0,0,1.0
battery_voltage_sensor_drift,0.6333333333333333,nominal,nominal,0,0,1.0
battery_voltage_sensor_drift,0.65,nominal,nominal,0,0,1.0
battery_voltage_sensor_drift,0.6666666666666666,nominal,nominal,0,0,1.0
battery_voltage_sensor_drift,0.6833333333333333,nominal,nominal,0,0,1.0
battery_voltage_sensor_drift,0.7,nominal,nominal,0,0,1.0
battery_voltage_sensor_drift,0.7166666666666667,nominal,nominal,0,0,1.0
battery_voltage_sensor_drift,0.7333333333333333,nominal,nominal,0,0,1.0
battery_voltage_sensor_drift,0.75,nominal,nominal,0,0,1.0
battery_voltage_sensor_drift,0.7666666666666667,nominal,nominal,0,0,1.0
battery_voltage_sensor_drift,0.7833333333333333,nominal,nominal,0,0,1.0
battery_voltage_sensor_drift,0.8,nominal,nominal,0,0,1.0
battery_voltage_sensor_drift,0.8166666666666667,nominal,nominal,0,0,1.0
battery_voltage_sensor_drift,0.8333333333333334,nominal,nominal,0,0,1.0
battery_voltage_sensor_drift,0.85,nominal,nominal,0,0,1.0
battery_voltage_sensor_drift,0.8666666666666667,nominal,nominal,0,0,1.0
battery_voltage_sensor_drift,0.8833333333333333,nominal,nominal,0,0,1.0
battery_voltage_sensor_drift,0.9,nominal,nominal,0,0,1.0
battery_voltage_sensor_drift,0.9166666666666666,nominal,nominal,0,0,1.0
battery_voltage_sensor_drift,0.9333333333333332,nominal,nominal,0,0,1.0
battery_voltage_sensor_drift,0.95,nominal,nominal,0,0,1.0
battery_voltage_sensor_drift,0.9666666666666668,nominal,nominal,0,0,1.0
battery_voltage_sensor_drift,0.9833333333333332,nominal,nominal,0,0,1.0
battery_voltage_sensor_drift,1.0,nominal,nominal,0,0,1.0
battery_voltage_sensor_drift,1.0166666666666666,nominal,nominal,0,0,1.0
battery_voltage_sensor_drift,1.0333333333333334,nominal,nominal,0,0,1.0
battery_voltage_sensor_drift,1.05,nominal,nominal,0,0,1.0
battery_voltage_sensor_drift,1.0666666666666669,nominal,nominal,0,0,1.0
battery_voltage_sensor_drift,1.0833333333333333,nominal,nominal,0,0,1.0
battery_voltage_sensor_drift,1.1,nominal,nominal,0,0,1.0
battery_voltage_sensor_drift,1.1166666666666667,nominal,nominal,0,0,1.0
battery_voltage_sensor_drift,1.1333333333333333,nominal,nominal,0,0,1.0
battery_voltage_sensor_drift,1.15,nominal,nominal,0,0,1.0
battery_voltage_sensor_drift,1.1666666666666667,nominal,nominal,0,0,1.0
battery_voltage_sensor_drift,1.1833333333333331,nominal,nominal,0,0,1.0
battery_voltage_sensor_drift,1.2,nominal,nominal,0,0,1.0
battery_voltage_sensor_drift,1.2166666666666666,nominal,nominal,0,0,1.0
battery_voltage_sensor_drift,1.2333333333333334,nominal,nominal,0,0,1.0
battery_voltage_sensor_drift,1.25,nominal,nominal,0,0,1.0
battery_voltage_sensor_drift,1.2666666666666666,nominal,nominal,0,0,1.0
battery_voltage_sensor_drift,1.2833333333333334,nominal,nominal,0,0,1.0
battery_voltage_sensor_drift,1.3,nominal,nominal,0,0,1.0
battery_voltage_sensor_drift,1.3166666666666669,nominal,nominal,0,0,1.0
battery_voltage_sensor_drift,1.3333333333333333,nominal,nominal,0,0,1.0
battery_voltage_sensor_drift,1.35,nominal,nominal,0,0,1.0
battery_voltage_sensor_drift,1.3666666666666667,nominal,nominal,0,0,1.0
battery_voltage_sensor_drift,1.3833333333333333,nominal,nominal,0,0,1.0
battery_voltage_sensor_drift,1.4,nominal,nominal,0,0,1.0
battery_voltage_sensor_drift,1.4166666666666667,nominal,nominal,0,0,1.0
battery_voltage_sensor_drift,1.4333333333333331,nominal,nominal,0,0,1.0
battery_voltage_sensor_drift,1.45,nominal,nominal,0,0,1.0
battery_voltage_sensor_drift,1.4666666666666666,nominal,nominal,0,0,1.0
battery_voltage_sensor_drift,1.4833333333333334,nominal,nominal,0,0,1.0
battery_voltage_sensor_drift,1.5,nominal,nominal,0,0,1.0
battery_voltage_sensor_drift,1.5166666666666666,nominal,nominal,0,0,1.0
battery_voltage_sensor_drift,1.5333333333333334,nominal,nominal,0,0,1.0
battery_voltage_sensor_drift,1.55,nominal,nominal,0,0,1.0
battery_voltage_sensor_drift,1.5666666666666669,nominal,nominal,0,0,1.0
battery_voltage_sensor_drift,1.5833333333333333,nominal,nominal,0,0,1.0
battery_voltage_sensor_drift,1.6,nominal,nominal,0,0,1.0
battery_voltage_sensor_drift,1.6166666666666667,nominal,nominal,0,0,1.0
battery_voltage_sensor_drift,1.6333333333333333,nominal,nominal,0,0,1.0
battery_voltage_sensor_drift,1.65,nominal,nominal,0,0,1.0
battery_voltage_sensor_drift,1.6666666666666667,nominal,nominal,0,0,1.0
battery_voltage_sensor_drift,1.6833333333333331,nominal,nominal,0,0,1.0
battery_voltage_sensor_drift,1.7,nominal,nominal,0,0,1.0
battery_voltage_sensor_drift,1.7166666666666666,nominal,nominal,0,0,1.0
battery_voltage_sensor_drift,1.7333333333333334,nominal,nominal,0,0,1.0
battery_voltage_sensor_drift,1.75,nominal,nominal,0,0,1.0
battery_voltage_sensor_drift,1.7666666666666666,nominal,nominal,0,0,1.0
battery_voltage_sensor_drift,1.7833333333333334,nominal,nominal,0,0,1.0
battery_voltage_sensor_drift,1.8,nominal,nominal,0,0,1.0
battery_voltage_sensor_drift,1.8166666666666669,nominal,nominal,0,0,1.0
battery_voltage_sensor_drift,1.8333333333333333,nominal,nominal,0,0,1.0
battery_voltage_sensor_drift,1.85,nominal,nominal,0,0,1.0
battery_voltage_sensor_drift,1.8666666666666667,nominal,nominal,0,0,1.0
battery_voltage_sensor_drift,1.8833333333333333,nominal,nominal,0,0,1.0
battery_voltage_sensor_drift,1.9,nominal,nominal,0,0,1.0
battery_voltage_sensor_drift,1.9166666666666667,nominal,nominal,0,0,1.0
battery_voltage_sensor_drift,1.9333333333333331,nominal,nominal,0,0,1.0
battery_voltage_sensor_drift,1.95,nominal,nominal,0,0,1.0
battery_voltage_sensor_drift,1.9666666666666663,nominal,nominal,0,0,1.0
battery_voltage_sensor_drift,1.9833333333333332,nominal,nominal,0,0,1.0
battery_voltage_sensor_drift,2.0,nominal,nominal,0,0,1.0
battery_voltage_sensor_drift,2.0166666666666666,battery_voltage_sensor_drift,nominal,1,0,1.0
battery_voltage_sensor_drift,2.033333333333333,battery_voltage_sensor_drift,nominal,1,0,1.0
battery_voltage_sensor_drift,2.05,battery_voltage_sensor_drift,nominal,1,0,1.0
battery_voltage_sensor_drift,2.066666666666667,battery_voltage_sensor_drift,nominal,1,0,1.0
battery_voltage_sensor_drift,2.083333333333333,battery_voltage_sensor_drift,nominal,1,0,1.0
battery_voltage_sensor_drift,2.1,battery_voltage_sensor_drift,nominal,1,0,1.0
battery_voltage_sensor_drift,2.1166666666666667,battery_voltage_sensor_drift,nominal,1,0,1.0
battery_voltage_sensor_drift,2.1333333333333333,battery_voltage_sensor_drift,nominal,1,0,1.0
battery_voltage_sensor_drift,2.15,battery_voltage_sensor_drift,nominal,1,0,1.0
battery_voltage_sensor_drift,2.1666666666666665,battery_voltage_sensor_drift,battery_voltage_sensor_drift,1,1,0.9
battery_voltage_sensor_drift,2.183333333333333,battery_voltage_sensor_drift,battery_voltage_sensor_drift,1,1,0.9
battery_voltage_sensor_drift,2.2,battery_voltage_sensor_drift,battery_voltage_sensor_drift,1,1,0.9
battery_voltage_sensor_drift,2.216666666666667,battery_voltage_sensor_drift,battery_voltage_sensor_drift,1,1,0.9
battery_voltage_sensor_drift,2.2333333333333334,battery_voltage_sensor_drift,nominal,1,0,1.0
battery_voltage_sensor_drift,2.25,battery_voltage_sensor_drift,battery_voltage_sensor_drift,1,1,0.9
battery_voltage_sensor_drift,2.2666666666666666,battery_voltage_sensor_drift,battery_voltage_sensor_drift,1,1,0.9
battery_voltage_sensor_drift,2.283333333333333,battery_voltage_sensor_drift,battery_voltage_sensor_drift,1,1,0.9
battery_voltage_sensor_drift,2.3,battery_voltage_sensor_drift,battery_voltage_sensor_drift,1,1,0.9
battery_voltage_sensor_drift,2.316666666666667,battery_voltage_sensor_drift,battery_voltage_sensor_drift,1,1,0.9
battery_voltage_sensor_drift,2.333333333333333,battery_voltage_sensor_drift,battery_voltage_sensor_drift,1,1,0.9
battery_voltage_sensor_drift,2.35,battery_voltage_sensor_drift,battery_voltage_sensor_drift,1,1,0.9
battery_voltage_sensor_drift,2.3666666666666667,battery_voltage_sensor_drift,battery_voltage_sensor_drift,1,1,0.9
battery_voltage_sensor_drift,2.3833333333333333,battery_voltage_sensor_drift,battery_voltage_sensor_drift,1,1,0.9
battery_voltage_sensor_drift,2.4,battery_voltage_sensor_drift,battery_voltage_sensor_drift,1,1,0.9
battery_voltage_sensor_drift,2.4166666666666665,battery_voltage_sensor_drift,battery_voltage_sensor_drift,1,1,0.9
battery_voltage_sensor_drift,2.433333333333333,battery_voltage_sensor_drift,battery_voltage_sensor_drift,1,1,0.9
battery_voltage_sensor_drift,2.45,battery_voltage_sensor_drift,battery_voltage_sensor_drift,1,1,0.9
battery_voltage_sensor_drift,2.466666666666667,battery_voltage_sensor_drift,battery_voltage_sensor_drift,1,1,0.9
battery_voltage_sensor_drift,2.4833333333333334,battery_voltage_sensor_drift,battery_voltage_sensor_drift,1,1,0.9
battery_voltage_sensor_drift,2.5,battery_voltage_sensor_drift,battery_voltage_sensor_drift,1,1,0.9
battery_voltage_sensor_drift,2.5166666666666666,battery_voltage_sensor_drift,battery_voltage_sensor_drift,1,1,0.9
battery_voltage_sensor_drift,2.533333333333333,battery_voltage_sensor_drift,battery_voltage_sensor_drift,1,1,0.9
battery_voltage_sensor_drift,2.55,battery_voltage_sensor_drift,battery_voltage_sensor_drift,1,1,0.9
battery_voltage_sensor_drift,2.566666666666667,battery_voltage_sensor_drift,battery_voltage_sensor_drift,1,1,0.9
battery_voltage_sensor_drift,2.583333333333333,battery_voltage_sensor_drift,battery_voltage_sensor_drift,1,1,0.9
battery_voltage_sensor_drift,2.6,battery_voltage_sensor_drift,battery_voltage_sensor_drift,1,1,0.9
battery_voltage_sensor_drift,2.6166666666666667,battery_voltage_sensor_drift,battery_voltage_sensor_drift,1,1,0.9
battery_voltage_sensor_drift,2.6333333333333333,battery_voltage_sensor_drift,battery_voltage_sensor_drift,1,1,0.9
battery_voltage_sensor_drift,2.65,battery_voltage_sensor_drift,battery_voltage_sensor_drift,1,1,0.9
battery_voltage_sensor_drift,2.6666666666666665,battery_voltage_sensor_drift,battery_voltage_sensor_drift,1,1,0.9
battery_voltage_sensor_drift,2.683333333333333,battery_voltage_sensor_drift,battery_voltage_sensor_drift,1,1,0.9
battery_voltage_sensor_drift,2.7,battery_voltage_sensor_drift,battery_voltage_sensor_drift,1,1,0.9
battery_voltage_sensor_drift,2.716666666666667,battery_voltage_sensor_drift,battery_voltage_sensor_drift,1,1,0.9
battery_voltage_sensor_drift,2.7333333333333334,battery_voltage_sensor_drift,battery_voltage_sensor_drift,1,1,0.9
battery_voltage_sensor_drift,2.75,battery_voltage_sensor_drift,battery_voltage_sensor_drift,1,1,0.9
battery_voltage_sensor_drift,2.7666666666666666,battery_voltage_sensor_drift,battery_voltage_sensor_drift,1,1,0.9
battery_voltage_sensor_drift,2.783333333333333,battery_voltage_sensor_drift,battery_voltage_sensor_drift,1,1,0.9
battery_voltage_sensor_drift,2.8,battery_voltage_sensor_drift,battery_voltage_sensor_drift,1,1,0.9
battery_voltage_sensor_drift,2.816666666666667,battery_voltage_sensor_drift,battery_voltage_sensor_drift,1,1,0.9
battery_voltage_sensor_drift,2.833333333333333,battery_voltage_sensor_drift,battery_voltage_sensor_drift,1,1,0.9
battery_voltage_sensor_drift,2.85,battery_voltage_sensor_drift,battery_voltage_sensor_drift,1,1,0.9
battery_voltage_sensor_drift,2.8666666666666667,battery_voltage_sensor_drift,battery_voltage_sensor_drift,1,1,0.9
battery_voltage_sensor_drift,2.8833333333333333,battery_voltage_sensor_drift,battery_voltage_sensor_drift,1,1,0.9
battery_voltage_sensor_drift,2.9,battery_voltage_sensor_drift,battery_voltage_sensor_drift,1,1,0.9
battery_voltage_sensor_drift,2.9166666666666665,battery_voltage_sensor_drift,battery_voltage_sensor_drift,1,1,0.9
battery_voltage_sensor_drift,2.933333333333333,battery_voltage_sensor_drift,battery_voltage_sensor_drift,1,1,0.9
battery_voltage_sensor_drift,2.95,battery_voltage_sensor_drift,battery_voltage_sensor_drift,1,1,0.9
battery_voltage_sensor_drift,2.966666666666667,battery_voltage_sensor_drift,battery_voltage_sensor_drift,1,1,0.9
battery_voltage_sensor_drift,2.9833333333333334,battery_voltage_sensor_drift,battery_voltage_sensor_drift,1,1,0.9
battery_voltage_sensor_drift,3.0,battery_voltage_sensor_drift,battery_voltage_sensor_drift,1,1,0.9
battery_voltage_sensor_drift,3.0166666666666666,battery_voltage_sensor_drift,battery_voltage_sensor_drift,1,1,0.9
battery_voltage_sensor_drift,3.033333333333333,battery_voltage_sensor_drift,battery_voltage_sensor_drift,1,1,0.9
battery_voltage_sensor_drift,3.05,battery_voltage_sensor_drift,battery_voltage_sensor_drift,1,1,0.9
battery_voltage_sensor_drift,3.066666666666667,battery_voltage_sensor_drift,battery_voltage_sensor_drift,1,1,0.9
battery_voltage_sensor_drift,3.083333333333333,battery_voltage_sensor_drift,battery_voltage_sensor_drift,1,1,0.9
battery_voltage_sensor_drift,3.1,battery_voltage_sensor_drift,battery_voltage_sensor_drift,1,1,0.9
battery_voltage_sensor_drift,3.1166666666666667,battery_voltage_sensor_drift,battery_voltage_sensor_drift,1,1,0.9
battery_voltage_sensor_drift,3.1333333333333333,battery_voltage_sensor_drift,battery_voltage_sensor_drift,1,1,0.9
battery_voltage_sensor_drift,3.15,battery_voltage_sensor_drift,battery_voltage_sensor_drift,1,1,0.9
battery_voltage_sensor_drift,3.1666666666666665,battery_voltage_sensor_drift,battery_voltage_sensor_drift,1,1,0.9
battery_voltage_sensor_drift,3.183333333333333,battery_voltage_sensor_drift,battery_voltage_sensor_drift,1,1,0.9
battery_voltage_sensor_drift,3.2,battery_voltage_sensor_drift,battery_voltage_sensor_drift,1,1,0.9
battery_voltage_sensor_drift,3.216666666666667,battery_voltage_sensor_drift,battery_voltage_sensor_drift,1,1,0.9
battery_voltage_sensor_drift,3.2333333333333334,battery_voltage_sensor_drift,battery_voltage_sensor_drift,1,1,0.9
battery_voltage_sensor_drift,3.25,battery_voltage_sensor_drift,battery_voltage_sensor_drift,1,1,0.9
battery_voltage_sensor_drift,3.2666666666666666,battery_voltage_sensor_drift,battery_voltage_sensor_drift,1,1,0.9
battery_voltage_sensor_drift,3.283333333333333,battery_voltage_sensor_drift,battery_voltage_sensor_drift,1,1,0.9
battery_voltage_sensor_drift,3.3,battery_voltage_sensor_drift,battery_voltage_sensor_drift,1,1,0.9
battery_voltage_sensor_drift,3.316666666666667,battery_voltage_sensor_drift,battery_voltage_sensor_drift,1,1,0.9
battery_voltage_sensor_drift,3.333333333333333,battery_voltage_sensor_drift,battery_voltage_sensor_drift,1,1,0.9
battery_voltage_sensor_drift,3.35,battery_voltage_sensor_drift,battery_voltage_sensor_drift,1,1,0.9
battery_voltage_sensor_drift,3.3666666666666667,battery_voltage_sensor_drift,battery_voltage_sensor_drift,1,1,0.9
battery_voltage_sensor_drift,3.3833333333333333,battery_voltage_sensor_drift,battery_voltage_sensor_drift,1,1,0.9
battery_voltage_sensor_drift,3.4,battery_voltage_sensor_drift,battery_voltage_sensor_drift,1,1,0.9
battery_voltage_sensor_drift,3.4166666666666665,battery_voltage_sensor_drift,battery_voltage_sensor_drift,1,1,0.9
battery_voltage_sensor_drift,3.433333333333333,battery_voltage_sensor_drift,battery_voltage_sensor_drift,1,1,0.9
battery_voltage_sensor_drift,3.45,battery_voltage_sensor_drift,battery_voltage_sensor_drift,1,1,0.9
battery_voltage_sensor_drift,3.466666666666667,battery_voltage_sensor_drift,battery_voltage_sensor_drift,1,1,0.9
battery_voltage_sensor_drift,3.4833333333333334,battery_voltage_sensor_drift,battery_voltage_sensor_drift,1,1,0.9
battery_voltage_sensor_drift,3.5,battery_voltage_sensor_drift,battery_voltage_sensor_drift,1,1,0.9
battery_voltage_sensor_drift,3.5166666666666666,battery_voltage_sensor_drift,battery_voltage_sensor_drift,1,1,0.9
battery_voltage_sensor_drift,3.533333333333333,battery_voltage_sensor_drift,battery_voltage_sensor_drift,1,1,0.9
battery_voltage_sensor_drift,3.55,battery_voltage_sensor_drift,battery_voltage_sensor_drift,1,1,0.9
battery_voltage_sensor_drift,3.566666666666667,battery_voltage_sensor_drift,battery_voltage_sensor_drift,1,1,0.9
battery_voltage_sensor_drift,3.583333333333333,battery_voltage_sensor_drift,battery_voltage_sensor_drift,1,1,0.9
battery_voltage_sensor_drift,3.6,battery_voltage_sensor_drift,battery_voltage_sensor_drift,1,1,0.9
battery_voltage_sensor_drift,3.6166666666666663,battery_voltage_sensor_drift,battery_voltage_sensor_drift,1,1,0.9
battery_voltage_sensor_drift,3.633333333333333,battery_voltage_sensor_drift,battery_voltage_sensor_drift,1,1,0.9
battery_voltage_sensor_drift,3.65,battery_voltage_sensor_drift,battery_voltage_sensor_drift,1,1,0.9
battery_voltage_sensor_drift,3.6666666666666665,battery_voltage_sensor_drift,battery_voltage_sensor_drift,1,1,0.9
battery_voltage_sensor_drift,3.683333333333333,battery_voltage_sensor_drift,battery_voltage_sensor_drift,1,1,0.9
battery_voltage_sensor_drift,3.7,battery_voltage_sensor_drift,battery_voltage_sensor_drift,1,1,0.9
battery_voltage_sensor_drift,3.716666666666667,battery_voltage_sensor_drift,battery_voltage_sensor_drift,1,1,0.9
battery_voltage_sensor_drift,3.733333333333333,battery_voltage_sensor_drift,battery_voltage_sensor_drift,1,1,0.9
battery_voltage_sensor_drift,3.75,battery_voltage_sensor_drift,battery_voltage_sensor_drift,1,1,0.9
battery_voltage_sensor_drift,3.7666666666666666,battery_voltage_sensor_drift,battery_voltage_sensor_drift,1,1,0.9
battery_voltage_sensor_drift,3.783333333333333,battery_voltage_sensor_drift,battery_voltage_sensor_drift,1,1,0.9
battery_voltage_sensor_drift,3.8,battery_voltage_sensor_drift,battery_voltage_sensor_drift,1,1,0.9
battery_voltage_sensor_drift,3.816666666666667,battery_voltage_sensor_drift,battery_voltage_sensor_drift,1,1,0.9
battery_voltage_sensor_drift,3.8333333333333335,battery_voltage_sensor_drift,battery_voltage_sensor_drift,1,1,0.9
battery_voltage_sensor_drift,3.85,battery_voltage_sensor_drift,battery_voltage_sensor_drift,1,1,0.9
battery_voltage_sensor_drift,3.8666666666666663,battery_voltage_sensor_drift,battery_voltage_sensor_drift,1,1,0.9
battery_voltage_sensor_drift,3.883333333333333,battery_voltage_sensor_drift,battery_voltage_sensor_drift,1,1,0.9
battery_voltage_sensor_drift,3.9,battery_voltage_sensor_drift,battery_voltage_sensor_drift,1,1,0.9
battery_voltage_sensor_drift,3.9166666666666665,battery_voltage_sensor_drift,battery_voltage_sensor_drift,1,1,0.9
battery_voltage_sensor_drift,3.933333333333333,battery_voltage_sensor_drift,battery_voltage_sensor_drift,1,1,0.9
battery_voltage_sensor_drift,3.95,battery_voltage_sensor_drift,battery_voltage_sensor_drift,1,1,0.9
battery_voltage_sensor_drift,3.966666666666667,battery_voltage_sensor_drift,battery_voltage_sensor_drift,1,1,0.9
battery_voltage_sensor_drift,3.983333333333333,battery_voltage_sensor_drift,battery_voltage_sensor_drift,1,1,0.9
battery_voltage_sensor_drift,4.0,battery_voltage_sensor_drift,battery_voltage_sensor_drift,1,1,0.9
battery_voltage_sensor_drift,4.016666666666667,battery_voltage_sensor_drift,battery_voltage_sensor_drift,1,1,0.9
battery_voltage_sensor_drift,4.033333333333333,battery_voltage_sensor_drift,battery_voltage_sensor_drift,1,1,0.9
battery_voltage_sensor_drift,4.05,battery_voltage_sensor_drift,battery_voltage_sensor_drift,1,1,0.9
battery_voltage_sensor_drift,4.066666666666666,battery_voltage_sensor_drift,battery_voltage_sensor_drift,1,1,0.9
battery_voltage_sensor_drift,4.083333333333333,battery_voltage_sensor_drift,battery_voltage_sensor_drift,1,1,0.9
battery_voltage_sensor_drift,4.1,battery_voltage_sensor_drift,battery_voltage_sensor_drift,1,1,0.9
battery_voltage_sensor_drift,4.116666666666666,battery_voltage_sensor_drift,battery_voltage_sensor_drift,1,1,0.9
battery_voltage_sensor_drift,4.133333333333334,battery_voltage_sensor_drift,battery_voltage_sensor_drift,1,1,0.9
battery_voltage_sensor_drift,4.15,battery_voltage_sensor_drift,battery_voltage_sensor_drift,1,1,0.9
battery_voltage_sensor_drift,4.166666666666667,battery_voltage_sensor_drift,battery_voltage_sensor_drift,1,1,0.9
battery_voltage_sensor_drift,4.183333333333334,battery_voltage_sensor_drift,battery_voltage_sensor_drift,1,1,0.9
battery_voltage_sensor_drift,4.2,battery_voltage_sensor_drift,battery_voltage_sensor_drift,1,1,0.9
battery_voltage_sensor_drift,4.216666666666667,battery_voltage_sensor_drift,battery_voltage_sensor_drift,1,1,0.9
battery_voltage_sensor_drift,4.233333333333333,battery_voltage_sensor_drift,battery_voltage_sensor_drift,1,1,0.9
battery_voltage_sensor_drift,4.25,battery_voltage_sensor_drift,battery_voltage_sensor_drift,1,1,0.9
battery_voltage_sensor_drift,4.266666666666667,battery_voltage_sensor_drift,battery_voltage_sensor_drift,1,1,0.9
battery_voltage_sensor_drift,4.283333333333333,battery_voltage_sensor_drift,battery_voltage_sensor_drift,1,1,0.9
battery_voltage_sensor_drift,4.3,battery_voltage_sensor_drift,battery_voltage_sensor_drift,1,1,0.9
battery_voltage_sensor_drift,4.316666666666666,battery_voltage_sensor_drift,battery_voltage_sensor_drift,1,1,0.9
battery_voltage_sensor_drift,4.333333333333333,battery_voltage_sensor_drift,battery_voltage_sensor_drift,1,1,0.9
battery_voltage_sensor_drift,4.35,battery_voltage_sensor_drift,battery_voltage_sensor_drift,1,1,0.9
battery_voltage_sensor_drift,4.366666666666666,battery_voltage_sensor_drift,battery_voltage_sensor_drift,1,1,0.9
battery_voltage_sensor_drift,4.383333333333334,battery_voltage_sensor_drift,battery_voltage_sensor_drift,1,1,0.9
battery_voltage_sensor_drift,4.4,battery_voltage_sensor_drift,battery_voltage_sensor_drift,1,1,0.9
battery_voltage_sensor_drift,4.416666666666667,battery_voltage_sensor_drift,battery_voltage_sensor_drift,1,1,0.9
battery_voltage_sensor_drift,4.433333333333334,battery_voltage_sensor_drift,battery_voltage_sensor_drift,1,1,0.9
battery_voltage_sensor_drift,4.45,battery_voltage_sensor_drift,battery_voltage_sensor_drift,1,1,0.9
battery_voltage_sensor_drift,4.466666666666667,battery_voltage_sensor_drift,battery_voltage_sensor_drift,1,1,0.9
battery_voltage_sensor_drift,4.483333333333333,battery_voltage_sensor_drift,battery_voltage_sensor_drift,1,1,0.9
battery_voltage_sensor_drift,4.5,battery_voltage_sensor_drift,battery_voltage_sensor_drift,1,1,0.9
battery_voltage_sensor_drift,4.516666666666667,battery_voltage_sensor_drift,battery_voltage_sensor_drift,1,1,0.9
battery_voltage_sensor_drift,4.533333333333333,battery_voltage_sensor_drift,battery_voltage_sensor_drift,1,1,0.9
battery_voltage_sensor_drift,4.55,battery_voltage_sensor_drift,battery_voltage_sensor_drift,1,1,0.9
battery_voltage_sensor_drift,4.566666666666666,battery_voltage_sensor_drift,battery_voltage_sensor_drift,1,1,0.9
battery_voltage_sensor_drift,4.583333333333333,battery_voltage_sensor_drift,battery_voltage_sensor_drift,1,1,0.9
battery_voltage_sensor_drift,4.6,battery_voltage_sensor_drift,battery_voltage_sensor_drift,1,1,0.9
battery_voltage_sensor_drift,4.616666666666666,battery_voltage_sensor_drift,battery_voltage_sensor_drift,1,1,0.9
battery_voltage_sensor_drift,4.633333333333334,battery_voltage_sensor_drift,battery_voltage_sensor_drift,1,1,0.9
battery_voltage_sensor_drift,4.65,battery_voltage_sensor_drift,battery_voltage_sensor_drift,1,1,0.9
battery_voltage_sensor_drift,4.666666666666667,battery_voltage_sensor_drift,battery_voltage_sensor_drift,1,1,0.9
battery_voltage_sensor_drift,4.683333333333334,battery_voltage_sensor_drift,battery_voltage_sensor_drift,1,1,0.9
battery_voltage_sensor_drift,4.7,battery_voltage_sensor_drift,battery_voltage_sensor_drift,1,1,0.9
battery_voltage_sensor_drift,4.716666666666667,battery_voltage_sensor_drift,battery_voltage_sensor_drift,1,1,0.9
battery_voltage_sensor_drift,4.733333333333333,battery_voltage_sensor_drift,battery_voltage_sensor_drift,1,1,0.9
battery_voltage_sensor_drift,4.75,battery_voltage_sensor_drift,battery_voltage_sensor_drift,1,1,0.9
battery_voltage_sensor_drift,4.766666666666667,battery_voltage_sensor_drift,battery_voltage_sensor_drift,1,1,0.9
battery_voltage_sensor_drift,4.783333333333333,battery_voltage_sensor_drift,battery_voltage_sensor_drift,1,1,0.9
battery_voltage_sensor_drift,4.8,battery_voltage_sensor_drift,battery_voltage_sensor_drift,1,1,0.9
battery_voltage_sensor_drift,4.816666666666666,battery_voltage_sensor_drift,battery_voltage_sensor_drift,1,1,0.9
battery_voltage_sensor_drift,4.833333333333333,battery_voltage_sensor_drift,battery_voltage_sensor_drift,1,1,0.9
battery_voltage_sensor_drift,4.85,battery_voltage_sensor_drift,battery_voltage_sensor_drift,1,1,0.9
battery_voltage_sensor_drift,4.866666666666666,battery_voltage_sensor_drift,battery_voltage_sensor_drift,1,1,0.9
battery_voltage_sensor_drift,4.883333333333334,battery_voltage_sensor_drift,battery_voltage_sensor_drift,1,1,0.9
battery_voltage_sensor_drift,4.9,battery_voltage_sensor_drift,battery_voltage_sensor_drift,1,1,0.9
battery_voltage_sensor_drift,4.916666666666667,battery_voltage_sensor_drift,battery_voltage_sensor_drift,1,1,0.9
battery_voltage_sensor_drift,4.933333333333334,battery_voltage_sensor_drift,battery_voltage_sensor_drift,1,1,0.9
battery_voltage_sensor_drift,4.95,battery_voltage_sensor_drift,battery_voltage_sensor_drift,1,1,0.9
battery_voltage_sensor_drift,4.966666666666667,battery_voltage_sensor_drift,battery_voltage_sensor_drift,1,1,0.9
battery_voltage_sensor_drift,4.983333333333333,battery_voltage_sensor_drift,battery_voltage_sensor_drift,1,1,0.9
battery_voltage_sensor_drift,5.0,battery_voltage_sensor_drift,battery_voltage_sensor_drift,1,1,0.9
battery_voltage_sensor_drift,5.016666666666667,battery_voltage_sensor_drift,battery_voltage_sensor_drift,1,1,0.9
battery_voltage_sensor_drift,5.033333333333333,battery_voltage_sensor_drift,battery_voltage_sensor_drift,1,1,0.9
battery_voltage_sensor_drift,5.05,battery_voltage_sensor_drift,battery_voltage_sensor_drift,1,1,0.9
battery_voltage_sensor_drift,5.066666666666666,battery_voltage_sensor_drift,battery_voltage_sensor_drift,1,1,0.9
battery_voltage_sensor_drift,5.083333333333333,battery_voltage_sensor_drift,battery_voltage_sensor_drift,1,1,0.9
battery_voltage_sensor_drift,5.1,battery_voltage_sensor_drift,battery_voltage_sensor_drift,1,1,0.9
battery_voltage_sensor_drift,5.116666666666666,battery_voltage_sensor_drift,battery_voltage_sensor_drift,1,1,0.9
battery_voltage_sensor_drift,5.133333333333334,battery_voltage_sensor_drift,battery_voltage_sensor_drift,1,1,0.9
battery_voltage_sensor_drift,5.15,battery_voltage_sensor_drift,battery_voltage_sensor_drift,1,1,0.9
battery_voltage_sensor_drift,5.166666666666667,battery_voltage_sensor_drift,battery_voltage_sensor_drift,1,1,0.9
battery_voltage_sensor_drift,5.183333333333334,battery_voltage_sensor_drift,battery_voltage_sensor_drift,1,1,0.9
battery_voltage_sensor_drift,5.2,battery_voltage_sensor_drift,battery_voltage_sensor_drift,1,1,0.9
battery_voltage_sensor_drift,5.216666666666667,battery_voltage_sensor_drift,battery_voltage_sensor_drift,1,1,0.9
battery_voltage_sensor_drift,5.233333333333333,battery_voltage_sensor_drift,battery_voltage_sensor_drift,1,1,0.9
battery_voltage_sensor_drift,5.25,battery_voltage_sensor_drift,battery_voltage_sensor_drift,1,1,0.9
battery_voltage_sensor_drift,5.266666666666667,battery_voltage_sensor_drift,battery_voltage_sensor_drift,1,1,0.9
battery_voltage_sensor_drift,5.283333333333333,battery_voltage_sensor_drift,battery_voltage_sensor_drift,1,1,0.9
battery_voltage_sensor_drift,5.3,battery_voltage_sensor_drift,battery_voltage_sensor_drift,1,1,0.9
battery_voltage_sensor_drift,5.316666666666666,battery_voltage_sensor_drift,battery_voltage_sensor_drift,1,1,0.9
battery_voltage_sensor_drift,5.333333333333333,battery_voltage_sensor_drift,battery_voltage_sensor_drift,1,1,0.9
battery_voltage_sensor_drift,5.35,battery_voltage_sensor_drift,battery_voltage_sensor_drift,1,1,0.9
battery_voltage_sensor_drift,5.366666666666666,battery_voltage_sensor_drift,battery_voltage_sensor_drift,1,1,0.9
battery_voltage_sensor_drift,5.383333333333334,battery_voltage_sensor_drift,battery_voltage_sensor_drift,1,1,0.9
battery_voltage_sensor_drift,5.4,battery_voltage_sensor_drift,battery_voltage_sensor_drift,1,1,0.9
battery_voltage_sensor_drift,5.416666666666667,battery_voltage_sensor_drift,battery_voltage_sensor_drift,1,1,0.9
battery_voltage_sensor_drift,5.433333333333334,battery_voltage_sensor_drift,battery_voltage_sensor_drift,1,1,0.9
battery_voltage_sensor_drift,5.45,battery_voltage_sensor_drift,battery_voltage_sensor_drift,1,1,0.9
battery_voltage_sensor_drift,5.466666666666667,battery_voltage_sensor_drift,battery_voltage_sensor_drift,1,1,0.9
battery_voltage_sensor_drift,5.483333333333333,battery_voltage_sensor_drift,battery_voltage_sensor_drift,1,1,0.9
battery_voltage_sensor_drift,5.5,battery_voltage_sensor_drift,battery_voltage_sensor_drift,1,1,0.9
battery_voltage_sensor_drift,5.516666666666667,battery_voltage_sensor_drift,battery_voltage_sensor_drift,1,1,0.9
battery_voltage_sensor_drift,5.533333333333333,battery_voltage_sensor_drift,battery_voltage_sensor_drift,1,1,0.9
battery_voltage_sensor_drift,5.55,battery_voltage_sensor_drift,battery_voltage_sensor_drift,1,1,0.9
battery_voltage_sensor_drift,5.566666666666666,battery_voltage_sensor_drift,battery_voltage_sensor_drift,1,1,0.9
battery_voltage_sensor_drift,5.583333333333333,battery_voltage_sensor_drift,battery_voltage_sensor_drift,1,1,0.9
battery_voltage_sensor_drift,5.6,battery_voltage_sensor_drift,battery_voltage_sensor_drift,1,1,0.9
battery_voltage_sensor_drift,5.616666666666666,battery_voltage_sensor_drift,battery_voltage_sensor_drift,1,1,0.9
battery_voltage_sensor_drift,5.633333333333334,battery_voltage_sensor_drift,battery_voltage_sensor_drift,1,1,0.9
battery_voltage_sensor_drift,5.65,battery_voltage_sensor_drift,battery_voltage_sensor_drift,1,1,0.9
battery_voltage_sensor_drift,5.666666666666667,battery_voltage_sensor_drift,battery_voltage_sensor_drift,1,1,0.9
battery_voltage_sensor_drift,5.683333333333334,battery_voltage_sensor_drift,battery_voltage_sensor_drift,1,1,0.9
battery_voltage_sensor_drift,5.7,battery_voltage_sensor_drift,battery_voltage_sensor_drift,1,1,0.9
battery_voltage_sensor_drift,5.716666666666667,battery_voltage_sensor_drift,battery_voltage_sensor_drift,1,1,0.9
battery_voltage_sensor_drift,5.733333333333333,battery_voltage_sensor_drift,battery_voltage_sensor_drift,1,1,0.9
battery_voltage_sensor_drift,5.75,battery_voltage_sensor_drift,battery_voltage_sensor_drift,1,1,0.9
battery_voltage_sensor_drift,5.766666666666667,battery_voltage_sensor_drift,battery_voltage_sensor_drift,1,1,0.9
battery_voltage_sensor_drift,5.783333333333333,battery_voltage_sensor_drift,battery_voltage_sensor_drift,1,1,0.9
battery_voltage_sensor_drift,5.8,battery_voltage_sensor_drift,battery_voltage_sensor_drift,1,1,0.9
battery_voltage_sensor_drift,5.816666666666666,battery_voltage_sensor_drift,battery_voltage_sensor_drift,1,1,0.9
battery_voltage_sensor_drift,5.833333333333333,battery_voltage_sensor_drift,battery_voltage_sensor_drift,1,1,0.9
battery_voltage_sensor_drift,5.85,battery_voltage_sensor_drift,battery_voltage_sensor_drift,1,1,0.9
battery_voltage_sensor_drift,5.866666666666666,battery_voltage_sensor_drift,battery_voltage_sensor_drift,1,1,0.9
battery_voltage_sensor_drift,5.883333333333334,battery_voltage_sensor_drift,battery_voltage_sensor_drift,1,1,0.9
battery_voltage_sensor_drift,5.9,battery_voltage_sensor_drift,battery_voltage_sensor_drift,1,1,0.9
battery_voltage_sensor_drift,5.916666666666667,battery_voltage_sensor_drift,battery_voltage_sensor_drift,1,1,0.9
battery_voltage_sensor_drift,5.933333333333334,battery_voltage_sensor_drift,battery_voltage_sensor_drift,1,1,0.9
battery_voltage_sensor_drift,5.95,battery_voltage_sensor_drift,battery_voltage_sensor_drift,1,1,0.9
battery_voltage_sensor_drift,5.966666666666667,battery_voltage_sensor_drift,battery_voltage_sensor_drift,1,1,0.9
battery_voltage_sensor_drift,5.983333333333333,battery_voltage_sensor_drift,battery_voltage_sensor_drift,1,1,0.9
battery_voltage_sensor_drift,6.0,battery_voltage_sensor_drift,battery_voltage_sensor_drift,1,1,0.9
telemetry_dropout,0.0,nominal,nominal,0,0,1.0
telemetry_dropout,0.0166666666666666,nominal,nominal,0,0,1.0
telemetry_dropout,0.0333333333333333,nominal,nominal,0,0,1.0
telemetry_dropout,0.05,nominal,nominal,0,0,1.0
telemetry_dropout,0.0666666666666666,nominal,nominal,0,0,1.0
telemetry_dropout,0.0833333333333333,nominal,nominal,0,0,1.0
telemetry_dropout,0.1,nominal,nominal,0,0,1.0
telemetry_dropout,0.1166666666666666,nominal,nominal,0,0,1.0
telemetry_dropout,0.1333333333333333,nominal,nominal,0,0,1.0
telemetry_dropout,0.15,nominal,nominal,0,0,1.0
telemetry_dropout,0.1666666666666666,nominal,nominal,0,0,1.0
telemetry_dropout,0.1833333333333333,nominal,nominal,0,0,1.0
telemetry_dropout,0.2,nominal,nominal,0,0,1.0
telemetry_dropout,0.2166666666666666,nominal,nominal,0,0,1.0
telemetry_dropout,0.2333333333333333,nominal,nominal,0,0,1.0
telemetry_dropout,0.25,nominal,nominal,0,0,1.0
telemetry_dropout,0.2666666666666666,nominal,nominal,0,0,1.0
telemetry_dropout,0.2833333333333333,nominal,nominal,0,0,1.0
telemetry_dropout,0.3,nominal,nominal,0,0,1.0
telemetry_dropout,0.3166666666666666,nominal,nominal,0,0,1.0
telemetry_dropout,0.3333333333333333,nominal,nominal,0,0,1.0
telemetry_dropout,0.35,nominal,nominal,0,0,1.0
telemetry_dropout,0.3666666666666666,nominal,nominal,0,0,1.0
telemetry_dropout,0.3833333333333333,nominal,nominal,0,0,1.0
telemetry_dropout,0.4,nominal,nominal,0,0,1.0
telemetry_dropout,0.4166666666666667,nominal,nominal,0,0,1.0
telemetry_dropout,0.4333333333333333,nominal,nominal,0,0,1.0
telemetry_dropout,0.45,nominal,nominal,0,0,1.0
telemetry_dropout,0.4666666666666667,nominal,nominal,0,0,1.0
telemetry_dropout,0.4833333333333333,nominal,nominal,0,0,1.0
telemetry_dropout,0.5,nominal,nominal,0,0,1.0
telemetry_dropout,0.5166666666666667,nominal,nominal,0,0,1.0
telemetry_dropout,0.5333333333333333,nominal,nominal,0,0,1.0
telemetry_dropout,0.55,nominal,nominal,0,0,1.0
telemetry_dropout,0.5666666666666667,nominal,nominal,0,0,1.0
telemetry_dropout,0.5833333333333334,nominal,nominal,0,0,1.0
telemetry_dropout,0.6,nominal,nominal,0,0,1.0
telemetry_dropout,0.6166666666666667,nominal,nominal,0,0,1.0
telemetry_dropout,0.6333333333333333,nominal,nominal,0,0,1.0
telemetry_dropout,0.65,nominal,nominal,0,0,1.0
telemetry_dropout,0.6666666666666666,nominal,nominal,0,0,1.0
telemetry_dropout,0.6833333333333333,nominal,nominal,0,0,1.0
telemetry_dropout,0.7,nominal,nominal,0,0,1.0
telemetry_dropout,0.7166666666666667,nominal,nominal,0,0,1.0
telemetry_dropout,0.7333333333333333,nominal,nominal,0,0,1.0
telemetry_dropout,0.75,nominal,nominal,0,0,1.0
telemetry_dropout,0.7666666666666667,nominal,nominal,0,0,1.0
telemetry_dropout,0.7833333333333333,nominal,nominal,0,0,1.0
telemetry_dropout,0.8,nominal,nominal,0,0,1.0
telemetry_dropout,0.8166666666666667,nominal,nominal,0,0,1.0
telemetry_dropout,0.8333333333333334,nominal,nominal,0,0,1.0
telemetry_dropout,0.85,nominal,nominal,0,0,1.0
telemetry_dropout,0.8666666666666667,nominal,nominal,0,0,1.0
telemetry_dropout,0.8833333333333333,nominal,nominal,0,0,1.0
telemetry_dropout,0.9,nominal,nominal,0,0,1.0
telemetry_dropout,0.9166666666666666,nominal,nominal,0,0,1.0
telemetry_dropout,0.9333333333333332,nominal,nominal,0,0,1.0
telemetry_dropout,0.95,nominal,nominal,0,0,1.0
telemetry_dropout,0.9666666666666668,nominal,nominal,0,0,1.0
telemetry_dropout,0.9833333333333332,nominal,nominal,0,0,1.0
telemetry_dropout,1.0,nominal,nominal,0,0,1.0
telemetry_dropout,1.0166666666666666,nominal,nominal,0,0,1.0
telemetry_dropout,1.0333333333333334,nominal,nominal,0,0,1.0
telemetry_dropout,1.05,nominal,nominal,0,0,1.0
telemetry_dropout,1.0666666666666669,nominal,nominal,0,0,1.0
telemetry_dropout,1.0833333333333333,nominal,nominal,0,0,1.0
telemetry_dropout,1.1,nominal,nominal,0,0,1.0
telemetry_dropout,1.1166666666666667,nominal,nominal,0,0,1.0
telemetry_dropout,1.1333333333333333,nominal,nominal,0,0,1.0
telemetry_dropout,1.15,nominal,nominal,0,0,1.0
telemetry_dropout,1.1666666666666667,nominal,nominal,0,0,1.0
telemetry_dropout,1.1833333333333331,nominal,nominal,0,0,1.0
telemetry_dropout,1.2,nominal,nominal,0,0,1.0
telemetry_dropout,1.2166666666666666,nominal,nominal,0,0,1.0
telemetry_dropout,1.2333333333333334,nominal,nominal,0,0,1.0
telemetry_dropout,1.25,nominal,nominal,0,0,1.0
telemetry_dropout,1.2666666666666666,nominal,nominal,0,0,1.0
telemetry_dropout,1.2833333333333334,nominal,nominal,0,0,1.0
telemetry_dropout,1.3,nominal,nominal,0,0,1.0
telemetry_dropout,1.3166666666666669,nominal,nominal,0,0,1.0
telemetry_dropout,1.3333333333333333,nominal,nominal,0,0,1.0
telemetry_dropout,1.35,nominal,nominal,0,0,1.0
telemetry_dropout,1.3666666666666667,nominal,nominal,0,0,1.0
telemetry_dropout,1.3833333333333333,nominal,nominal,0,0,1.0
telemetry_dropout,1.4,nominal,nominal,0,0,1.0
telemetry_dropout,1.4166666666666667,nominal,nominal,0,0,1.0
telemetry_dropout,1.4333333333333331,nominal,nominal,0,0,1.0
telemetry_dropout,1.45,nominal,nominal,0,0,1.0
telemetry_dropout,1.4666666666666666,nominal,nominal,0,0,1.0
telemetry_dropout,1.4833333333333334,nominal,nominal,0,0,1.0
telemetry_dropout,1.5,nominal,nominal,0,0,1.0
telemetry_dropout,1.5166666666666666,nominal,nominal,0,0,1.0
telemetry_dropout,1.5333333333333334,nominal,nominal,0,0,1.0
telemetry_dropout,1.55,nominal,nominal,0,0,1.0
telemetry_dropout,1.5666666666666669,nominal,nominal,0,0,1.0
telemetry_dropout,1.5833333333333333,nominal,nominal,0,0,1.0
telemetry_dropout,1.6,nominal,nominal,0,0,1.0
telemetry_dropout,1.6166666666666667,nominal,nominal,0,0,1.0
telemetry_dropout,1.6333333333333333,nominal,nominal,0,0,1.0
telemetry_dropout,1.65,nominal,nominal,0,0,1.0
telemetry_dropout,1.6666666666666667,nominal,nominal,0,0,1.0
telemetry_dropout,1.6833333333333331,nominal,nominal,0,0,1.0
telemetry_dropout,1.7,nominal,nominal,0,0,1.0
telemetry_dropout,1.7166666666666666,nominal,nominal,0,0,1.0
telemetry_dropout,1.7333333333333334,nominal,nominal,0,0,1.0
telemetry_dropout,1.75,nominal,nominal,0,0,1.0
telemetry_dropout,1.7666666666666666,nominal,nominal,0,0,1.0
telemetry_dropout,1.7833333333333334,nominal,nominal,0,0,1.0
telemetry_dropout,1.8,nominal,nominal,0,0,1.0
telemetry_dropout,1.8166666666666669,nominal,nominal,0,0,1.0
telemetry_dropout,1.8333333333333333,nominal,nominal,0,0,1.0
telemetry_dropout,1.85,nominal,nominal,0,0,1.0
telemetry_dropout,1.8666666666666667,nominal,nominal,0,0,1.0
telemetry_dropout,1.8833333333333333,nominal,nominal,0,0,1.0
telemetry_dropout,1.9,nominal,nominal,0,0,1.0
telemetry_dropout,1.9166666666666667,nominal,nominal,0,0,1.0
telemetry_dropout,1.9333333333333331,nominal,nominal,0,0,1.0
telemetry_dropout,1.95,nominal,nominal,0,0,1.0
telemetry_dropout,1.9666666666666663,nominal,nominal,0,0,1.0
telemetry_dropout,1.9833333333333332,nominal,nominal,0,0,1.0
telemetry_dropout,2.0,nominal,nominal,0,0,1.0
telemetry_dropout,2.0166666666666666,nominal,nominal,0,0,1.0
telemetry_dropout,2.033333333333333,nominal,nominal,0,0,1.0
telemetry_dropout,2.05,nominal,nominal,0,0,1.0
telemetry_dropout,2.066666666666667,nominal,nominal,0,0,1.0
telemetry_dropout,2.083333333333333,nominal,nominal,0,0,1.0
telemetry_dropout,2.1,nominal,nominal,0,0,1.0
telemetry_dropout,2.1166666666666667,nominal,nominal,0,0,1.0
telemetry_dropout,2.1333333333333333,nominal,nominal,0,0,1.0
telemetry_dropout,2.15,nominal,nominal,0,0,1.0
telemetry_dropout,2.1666666666666665,nominal,nominal,0,0,1.0
telemetry_dropout,2.183333333333333,nominal,nominal,0,0,1.0
telemetry_dropout,2.2,nominal,nominal,0,0,1.0
telemetry_dropout,2.216666666666667,nominal,nominal,0,0,1.0
telemetry_dropout,2.2333333333333334,nominal,nominal,0,0,1.0
telemetry_dropout,2.25,nominal,nominal,0,0,1.0
telemetry_dropout,2.2666666666666666,nominal,nominal,0,0,1.0
telemetry_dropout,2.283333333333333,nominal,nominal,0,0,1.0
telemetry_dropout,2.3,nominal,nominal,0,0,1.0
telemetry_dropout,2.316666666666667,nominal,nominal,0,0,1.0
telemetry_dropout,2.333333333333333,nominal,nominal,0,0,1.0
telemetry_dropout,2.35,nominal,nominal,0,0,1.0
telemetry_dropout,2.3666666666666667,nominal,nominal,0,0,1.0
telemetry_dropout,2.3833333333333333,nominal,nominal,0,0,1.0
telemetry_dropout,2.4,nominal,nominal,0,0,1.0
telemetry_dropout,2.4166666666666665,nominal,nominal,0,0,1.0
telemetry_dropout,2.433333333333333,nominal,nominal,0,0,1.0
telemetry_dropout,2.45,nominal,nominal,0,0,1.0
telemetry_dropout,2.466666666666667,nominal,nominal,0,0,1.0
telemetry_dropout,2.4833333333333334,nominal,nominal,0,0,1.0
telemetry_dropout,2.5,nominal,nominal,0,0,1.0
telemetry_dropout,2.5166666666666666,nominal,nominal,0,0,1.0
telemetry_dropout,2.533333333333333,nominal,nominal,0,0,1.0
telemetry_dropout,2.55,nominal,nominal,0,0,1.0
telemetry_dropout,2.566666666666667,nominal,nominal,0,0,1.0
telemetry_dropout,2.583333333333333,nominal,nominal,0,0,1.0
telemetry_dropout,2.6,nominal,nominal,0,0,1.0
telemetry_dropout,2.6166666666666667,nominal,nominal,0,0,1.0
telemetry_dropout,2.6333333333333333,nominal,nominal,0,0,1.0
telemetry_dropout,2.65,nominal,nominal,0,0,1.0
telemetry_dropout,2.6666666666666665,nominal,nominal,0,0,1.0
telemetry_dropout,2.683333333333333,nominal,nominal,0,0,1.0
telemetry_dropout,2.7,nominal,nominal,0,0,1.0
telemetry_dropout,2.716666666666667,nominal,nominal,0,0,1.0
telemetry_dropout,2.7333333333333334,nominal,nominal,0,0,1.0
telemetry_dropout,2.75,nominal,nominal,0,0,1.0
telemetry_dropout,2.7666666666666666,nominal,nominal,0,0,1.0
telemetry_dropout,2.783333333333333,nominal,nominal,0,0,1.0
telemetry_dropout,2.8,nominal,nominal,0,0,1.0
telemetry_dropout,2.816666666666667,nominal,nominal,0,0,1.0
telemetry_dropout,2.833333333333333,nominal,nominal,0,0,1.0
telemetry_dropout,2.85,nominal,nominal,0,0,1.0
telemetry_dropout,2.8666666666666667,nominal,nominal,0,0,1.0
telemetry_dropout,2.8833333333333333,nominal,nominal,0,0,1.0
telemetry_dropout,2.9,nominal,nominal,0,0,1.0
telemetry_dropout,2.9166666666666665,nominal,nominal,0,0,1.0
telemetry_dropout,2.933333333333333,nominal,nominal,0,0,1.0
telemetry_dropout,2.95,nominal,nominal,0,0,1.0
telemetry_dropout,2.966666666666667,nominal,nominal,0,0,1.0
telemetry_dropout,2.9833333333333334,nominal,nominal,0,0,1.0
telemetry_dropout,3.0,telemetry_dropout,telemetry_dropout,1,1,1.0
telemetry_dropout,3.0166666666666666,telemetry_dropout,telemetry_dropout,1,1,1.0
telemetry_dropout,3.033333333333333,telemetry_dropout,telemetry_dropout,1,1,1.0
telemetry_dropout,3.05,telemetry_dropout,telemetry_dropout,1,1,1.0
telemetry_dropout,3.066666666666667,telemetry_dropout,telemetry_dropout,1,1,1.0
telemetry_dropout,3.083333333333333,telemetry_dropout,telemetry_dropout,1,1,1.0
telemetry_dropout,3.1,telemetry_dropout,telemetry_dropout,1,1,1.0
telemetry_dropout,3.1166666666666667,telemetry_dropout,telemetry_dropout,1,1,1.0
telemetry_dropout,3.1333333333333333,telemetry_dropout,telemetry_dropout,1,1,1.0
telemetry_dropout,3.15,telemetry_dropout,telemetry_dropout,1,1,1.0
telemetry_dropout,3.1666666666666665,telemetry_dropout,telemetry_dropout,1,1,1.0
telemetry_dropout,3.183333333333333,telemetry_dropout,telemetry_dropout,1,1,1.0
telemetry_dropout,3.2,telemetry_dropout,telemetry_dropout,1,1,1.0
telemetry_dropout,3.216666666666667,telemetry_dropout,telemetry_dropout,1,1,1.0
telemetry_dropout,3.2333333333333334,telemetry_dropout,telemetry_dropout,1,1,1.0
telemetry_dropout,3.25,telemetry_dropout,telemetry_dropout,1,1,1.0
telemetry_dropout,3.2666666666666666,telemetry_dropout,telemetry_dropout,1,1,1.0
telemetry_dropout,3.283333333333333,telemetry_dropout,telemetry_dropout,1,1,1.0
telemetry_dropout,3.3,telemetry_dropout,telemetry_dropout,1,1,1.0
telemetry_dropout,3.316666666666667,telemetry_dropout,telemetry_dropout,1,1,1.0
telemetry_dropout,3.333333333333333,telemetry_dropout,telemetry_dropout,1,1,1.0
telemetry_dropout,3.35,telemetry_dropout,telemetry_dropout,1,1,1.0
telemetry_dropout,3.3666666666666667,telemetry_dropout,telemetry_dropout,1,1,1.0
telemetry_dropout,3.3833333333333333,telemetry_dropout,telemetry_dropout,1,1,1.0
telemetry_dropout,3.4,telemetry_dropout,telemetry_dropout,1,1,1.0
telemetry_dropout,3.4166666666666665,telemetry_dropout,telemetry_dropout,1,1,1.0
telemetry_dropout,3.433333333333333,telemetry_dropout,telemetry_dropout,1,1,1.0
telemetry_dropout,3.45,telemetry_dropout,telemetry_dropout,1,1,1.0
telemetry_dropout,3.466666666666667,telemetry_dropout,telemetry_dropout,1,1,1.0
telemetry_dropout,3.4833333333333334,telemetry_dropout,telemetry_dropout,1,1,1.0
telemetry_dropout,3.5,telemetry_dropout,telemetry_dropout,1,1,1.0
telemetry_dropout,3.5166666666666666,telemetry_dropout,telemetry_dropout,1,1,1.0
telemetry_dropout,3.533333333333333,telemetry_dropout,telemetry_dropout,1,1,1.0
telemetry_dropout,3.55,telemetry_dropout,telemetry_dropout,1,1,1.0
telemetry_dropout,3.566666666666667,telemetry_dropout,telemetry_dropout,1,1,1.0
telemetry_dropout,3.583333333333333,telemetry_dropout,telemetry_dropout,1,1,1.0
telemetry_dropout,3.6,telemetry_dropout,telemetry_dropout,1,1,1.0
telemetry_dropout,3.6166666666666663,telemetry_dropout,telemetry_dropout,1,1,1.0
telemetry_dropout,3.633333333333333,telemetry_dropout,telemetry_dropout,1,1,1.0
telemetry_dropout,3.65,telemetry_dropout,telemetry_dropout,1,1,1.0
telemetry_dropout,3.6666666666666665,telemetry_dropout,telemetry_dropout,1,1,1.0
telemetry_dropout,3.683333333333333,telemetry_dropout,telemetry_dropout,1,1,1.0
telemetry_dropout,3.7,telemetry_dropout,telemetry_dropout,1,1,1.0
telemetry_dropout,3.716666666666667,telemetry_dropout,telemetry_dropout,1,1,1.0
telemetry_dropout,3.733333333333333,telemetry_dropout,telemetry_dropout,1,1,1.0
telemetry_dropout,3.75,telemetry_dropout,telemetry_dropout,1,1,1.0
telemetry_dropout,3.7666666666666666,telemetry_dropout,telemetry_dropout,1,1,1.0
telemetry_dropout,3.783333333333333,telemetry_dropout,telemetry_dropout,1,1,1.0
telemetry_dropout,3.8,telemetry_dropout,telemetry_dropout,1,1,1.0
telemetry_dropout,3.816666666666667,telemetry_dropout,telemetry_dropout,1,1,1.0
telemetry_dropout,3.8333333333333335,telemetry_dropout,telemetry_dropout,1,1,1.0
telemetry_dropout,3.85,telemetry_dropout,telemetry_dropout,1,1,1.0
telemetry_dropout,3.8666666666666663,telemetry_dropout,telemetry_dropout,1,1,1.0
telemetry_dropout,3.883333333333333,telemetry_dropout,telemetry_dropout,1,1,1.0
telemetry_dropout,3.9,telemetry_dropout,telemetry_dropout,1,1,1.0
telemetry_dropout,3.9166666666666665,telemetry_dropout,telemetry_dropout,1,1,1.0
telemetry_dropout,3.933333333333333,telemetry_dropout,telemetry_dropout,1,1,1.0
telemetry_dropout,3.95,telemetry_dropout,telemetry_dropout,1,1,1.0
telemetry_dropout,3.966666666666667,telemetry_dropout,telemetry_dropout,1,1,1.0
telemetry_dropout,3.983333333333333,telemetry_dropout,telemetry_dropout,1,1,1.0
telemetry_dropout,4.0,telemetry_dropout,telemetry_dropout,1,1,1.0
telemetry_dropout,4.016666666666667,telemetry_dropout,telemetry_dropout,1,1,1.0
telemetry_dropout,4.033333333333333,telemetry_dropout,telemetry_dropout,1,1,1.0
telemetry_dropout,4.05,telemetry_dropout,telemetry_dropout,1,1,1.0
telemetry_dropout,4.066666666666666,telemetry_dropout,telemetry_dropout,1,1,1.0
telemetry_dropout,4.083333333333333,telemetry_dropout,telemetry_dropout,1,1,1.0
telemetry_dropout,4.1,telemetry_dropout,telemetry_dropout,1,1,1.0
telemetry_dropout,4.116666666666666,telemetry_dropout,telemetry_dropout,1,1,1.0
telemetry_dropout,4.133333333333334,telemetry_dropout,telemetry_dropout,1,1,1.0
telemetry_dropout,4.15,telemetry_dropout,telemetry_dropout,1,1,1.0
telemetry_dropout,4.166666666666667,telemetry_dropout,telemetry_dropout,1,1,1.0
telemetry_dropout,4.183333333333334,telemetry_dropout,telemetry_dropout,1,1,1.0
telemetry_dropout,4.2,telemetry_dropout,telemetry_dropout,1,1,1.0
telemetry_dropout,4.216666666666667,telemetry_dropout,telemetry_dropout,1,1,1.0
telemetry_dropout,4.233333333333333,telemetry_dropout,telemetry_dropout,1,1,1.0
telemetry_dropout,4.25,telemetry_dropout,telemetry_dropout,1,1,1.0
telemetry_dropout,4.266666666666667,telemetry_dropout,telemetry_dropout,1,1,1.0
telemetry_dropout,4.283333333333333,telemetry_dropout,telemetry_dropout,1,1,1.0
telemetry_dropout,4.3,telemetry_dropout,telemetry_dropout,1,1,1.0
telemetry_dropout,4.316666666666666,telemetry_dropout,telemetry_dropout,1,1,1.0
telemetry_dropout,4.333333333333333,telemetry_dropout,telemetry_dropout,1,1,1.0
telemetry_dropout,4.35,telemetry_dropout,telemetry_dropout,1,1,1.0
telemetry_dropout,4.366666666666666,telemetry_dropout,telemetry_dropout,1,1,1.0
telemetry_dropout,4.383333333333334,telemetry_dropout,telemetry_dropout,1,1,1.0
telemetry_dropout,4.4,telemetry_dropout,telemetry_dropout,1,1,1.0
telemetry_dropout,4.416666666666667,telemetry_dropout,telemetry_dropout,1,1,1.0
telemetry_dropout,4.433333333333334,telemetry_dropout,telemetry_dropout,1,1,1.0
telemetry_dropout,4.45,telemetry_dropout,telemetry_dropout,1,1,1.0
telemetry_dropout,4.466666666666667,telemetry_dropout,telemetry_dropout,1,1,1.0
telemetry_dropout,4.483333333333333,telemetry_dropout,telemetry_dropout,1,1,1.0
telemetry_dropout,4.5,telemetry_dropout,telemetry_dropout,1,1,1.0
telemetry_dropout,4.516666666666667,telemetry_dropout,telemetry_dropout,1,1,1.0
telemetry_dropout,4.533333333333333,telemetry_dropout,telemetry_dropout,1,1,1.0
telemetry_dropout,4.55,telemetry_dropout,telemetry_dropout,1,1,1.0
telemetry_dropout,4.566666666666666,telemetry_dropout,telemetry_dropout,1,1,1.0
telemetry_dropout,4.583333333333333,telemetry_dropout,telemetry_dropout,1,1,1.0
telemetry_dropout,4.6,telemetry_dropout,telemetry_dropout,1,1,1.0
telemetry_dropout,4.616666666666666,telemetry_dropout,telemetry_dropout,1,1,1.0
telemetry_dropout,4.633333333333334,telemetry_dropout,telemetry_dropout,1,1,1.0
telemetry_dropout,4.65,telemetry_dropout,telemetry_dropout,1,1,1.0
telemetry_dropout,4.666666666666667,telemetry_dropout,telemetry_dropout,1,1,1.0
telemetry_dropout,4.683333333333334,telemetry_dropout,telemetry_dropout,1,1,1.0
telemetry_dropout,4.7,telemetry_dropout,telemetry_dropout,1,1,1.0
telemetry_dropout,4.716666666666667,telemetry_dropout,telemetry_dropout,1,1,1.0
telemetry_dropout,4.733333333333333,telemetry_dropout,telemetry_dropout,1,1,1.0
telemetry_dropout,4.75,telemetry_dropout,telemetry_dropout,1,1,1.0
telemetry_dropout,4.766666666666667,telemetry_dropout,telemetry_dropout,1,1,1.0
telemetry_dropout,4.783333333333333,telemetry_dropout,telemetry_dropout,1,1,1.0
telemetry_dropout,4.8,telemetry_dropout,telemetry_dropout,1,1,1.0
telemetry_dropout,4.816666666666666,telemetry_dropout,telemetry_dropout,1,1,1.0
telemetry_dropout,4.833333333333333,telemetry_dropout,telemetry_dropout,1,1,1.0
telemetry_dropout,4.85,telemetry_dropout,telemetry_dropout,1,1,1.0
telemetry_dropout,4.866666666666666,telemetry_dropout,telemetry_dropout,1,1,1.0
telemetry_dropout,4.883333333333334,telemetry_dropout,telemetry_dropout,1,1,1.0
telemetry_dropout,4.9,telemetry_dropout,telemetry_dropout,1,1,1.0
telemetry_dropout,4.916666666666667,telemetry_dropout,telemetry_dropout,1,1,1.0
telemetry_dropout,4.933333333333334,telemetry_dropout,telemetry_dropout,1,1,1.0
telemetry_dropout,4.95,telemetry_dropout,telemetry_dropout,1,1,1.0
telemetry_dropout,4.966666666666667,telemetry_dropout,telemetry_dropout,1,1,1.0
telemetry_dropout,4.983333333333333,telemetry_dropout,telemetry_dropout,1,1,1.0
telemetry_dropout,5.0,telemetry_dropout,telemetry_dropout,1,1,1.0
telemetry_dropout,5.016666666666667,telemetry_dropout,telemetry_dropout,1,1,1.0
telemetry_dropout,5.033333333333333,telemetry_dropout,telemetry_dropout,1,1,1.0
telemetry_dropout,5.05,telemetry_dropout,telemetry_dropout,1,1,1.0
telemetry_dropout,5.066666666666666,telemetry_dropout,telemetry_dropout,1,1,1.0
telemetry_dropout,5.083333333333333,telemetry_dropout,telemetry_dropout,1,1,1.0
telemetry_dropout,5.1,telemetry_dropout,telemetry_dropout,1,1,1.0
telemetry_dropout,5.116666666666666,telemetry_dropout,telemetry_dropout,1,1,1.0
telemetry_dropout,5.133333333333334,telemetry_dropout,telemetry_dropout,1,1,1.0
telemetry_dropout,5.15,telemetry_dropout,telemetry_dropout,1,1,1.0
telemetry_dropout,5.166666666666667,telemetry_dropout,telemetry_dropout,1,1,1.0
telemetry_dropout,5.183333333333334,telemetry_dropout,telemetry_dropout,1,1,1.0
telemetry_dropout,5.2,telemetry_dropout,telemetry_dropout,1,1,1.0
telemetry_dropout,5.216666666666667,telemetry_dropout,telemetry_dropout,1,1,1.0
telemetry_dropout,5.233333333333333,telemetry_dropout,telemetry_dropout,1,1,1.0
telemetry_dropout,5.25,telemetry_dropout,telemetry_dropout,1,1,1.0
telemetry_dropout,5.266666666666667,telemetry_dropout,telemetry_dropout,1,1,1.0
telemetry_dropout,5.283333333333333,telemetry_dropout,telemetry_dropout,1,1,1.0
telemetry_dropout,5.3,telemetry_dropout,telemetry_dropout,1,1,1.0
telemetry_dropout,5.316666666666666,telemetry_dropout,telemetry_dropout,1,1,1.0
telemetry_dropout,5.333333333333333,telemetry_dropout,telemetry_dropout,1,1,1.0
telemetry_dropout,5.35,telemetry_dropout,telemetry_dropout,1,1,1.0
telemetry_dropout,5.366666666666666,telemetry_dropout,telemetry_dropout,1,1,1.0
telemetry_dropout,5.383333333333334,telemetry_dropout,telemetry_dropout,1,1,1.0
telemetry_dropout,5.4,telemetry_dropout,telemetry_dropout,1,1,1.0
telemetry_dropout,5.416666666666667,telemetry_dropout,telemetry_dropout,1,1,1.0
telemetry_dropout,5.433333333333334,telemetry_dropout,telemetry_dropout,1,1,1.0
telemetry_dropout,5.45,telemetry_dropout,telemetry_dropout,1,1,1.0
telemetry_dropout,5.466666666666667,telemetry_dropout,telemetry_dropout,1,1,1.0
telemetry_dropout,5.483333333333333,telemetry_dropout,telemetry_dropout,1,1,1.0
telemetry_dropout,5.5,telemetry_dropout,telemetry_dropout,1,1,1.0
telemetry_dropout,5.516666666666667,telemetry_dropout,telemetry_dropout,1,1,1.0
telemetry_dropout,5.533333333333333,telemetry_dropout,telemetry_dropout,1,1,1.0
telemetry_dropout,5.55,telemetry_dropout,telemetry_dropout,1,1,1.0
telemetry_dropout,5.566666666666666,telemetry_dropout,telemetry_dropout,1,1,1.0
telemetry_dropout,5.583333333333333,telemetry_dropout,telemetry_dropout,1,1,1.0
telemetry_dropout,5.6,telemetry_dropout,telemetry_dropout,1,1,1.0
telemetry_dropout,5.616666666666666,telemetry_dropout,telemetry_dropout,1,1,1.0
telemetry_dropout,5.633333333333334,telemetry_dropout,telemetry_dropout,1,1,1.0
telemetry_dropout,5.65,telemetry_dropout,telemetry_dropout,1,1,1.0
telemetry_dropout,5.666666666666667,telemetry_dropout,telemetry_dropout,1,1,1.0
telemetry_dropout,5.683333333333334,telemetry_dropout,telemetry_dropout,1,1,1.0
telemetry_dropout,5.7,telemetry_dropout,telemetry_dropout,1,1,1.0
telemetry_dropout,5.716666666666667,telemetry_dropout,telemetry_dropout,1,1,1.0
telemetry_dropout,5.733333333333333,telemetry_dropout,telemetry_dropout,1,1,1.0
telemetry_dropout,5.75,telemetry_dropout,telemetry_dropout,1,1,1.0
telemetry_dropout,5.766666666666667,telemetry_dropout,telemetry_dropout,1,1,1.0
telemetry_dropout,5.783333333333333,telemetry_dropout,telemetry_dropout,1,1,1.0
telemetry_dropout,5.8,telemetry_dropout,telemetry_dropout,1,1,1.0
telemetry_dropout,5.816666666666666,telemetry_dropout,telemetry_dropout,1,1,1.0
telemetry_dropout,5.833333333333333,telemetry_dropout,telemetry_dropout,1,1,1.0
telemetry_dropout,5.85,telemetry_dropout,telemetry_dropout,1,1,1.0
telemetry_dropout,5.866666666666666,telemetry_dropout,telemetry_dropout,1,1,1.0
telemetry_dropout,5.883333333333334,telemetry_dropout,telemetry_dropout,1,1,1.0
telemetry_dropout,5.9,telemetry_dropout,telemetry_dropout,1,1,1.0
telemetry_dropout,5.916666666666667,telemetry_dropout,telemetry_dropout,1,1,1.0
telemetry_dropout,5.933333333333334,telemetry_dropout,telemetry_dropout,1,1,1.0
telemetry_dropout,5.95,telemetry_dropout,telemetry_dropout,1,1,1.0
telemetry_dropout,5.966666666666667,telemetry_dropout,telemetry_dropout,1,1,1.0
telemetry_dropout,5.983333333333333,telemetry_dropout,telemetry_dropout,1,1,1.0
telemetry_dropout,6.0,telemetry_dropout,telemetry_dropout,1,1,1.0
