time_s,time_h,battery_temp_c,electronics_temp_c,battery_soc_percent,in_sunlight
0.0,0.0,22.022336622077468,24.023,90.37202380952381,1
60.0,0.016666666666666666,22.0440820855283,24.046231823381635,90.7397282480819,1
120.0,0.03333333333333333,22.065272182808812,24.069675442080733,91.10337465128988,1
180.0,0.05,22.08596608540712,24.093293609048672,91.46347391526143,1
240.0,0.06666666666666667,22.10624304767322,24.117033549827237,91.82076346272446,1
300.0,0.08333333333333333,22.126198644166678,24.140829332236187,92.17617396049855,1
360.0,0.1,22.145940756644766,24.16460481061089,92.53078724807214,1
420.0,0.11666666666666667,22.165585445773118,24.18827701591674,92.88578732280843,1
480.0,0.13333333333333333,22.18525276215152,24.211759843580143,93.2424065324049,1
540.0,0.15,22.20506249014894,24.234967877864094,93.60186933629682,1
600.0,0.16666666666666666,22.22512979058318,24.25782018564875,93.96533610549126,1
660.0,0.18333333333333332,22.245560721450556,24.280243913814516,94.33384943013219,1
720.0,0.2,22.266447668077678,24.302177533008585,94.70828529592498,1
780.0,0.21666666666666667,22.287864795185605,24.32357358603067,95.08931127911457,1
840.0,0.23333333333333334,22.309863726717456,24.344400820724058,95.47735360424795,1
900.0,0.25,22.33246974450947,24.364645614158267,95.8725745228017,1
960.0,0.26666666666666666,22.35567885366486,24.384312625863366,96.27486102079239,1
1020.0,0.2833333333333333,22.379456074347853,24.403424651570308,96.68382536936933,1
1080.0,0.3,22.403735277205577,24.42202168385316,97.09881751570738,1
1140.0,0.31666666666666665,22.428420782318536,24.44015922073138,97.51894879484803,1
1200.0,0.3333333333333333,22.453390798504888,24.45790589615796,97.9431259490592,1
1260.0,0.35,22.47850260823675,24.475340535956107,98.3700939913844,1
1320.0,0.36666666666666664,22.503599226239025,24.49254876787772,98.79848606399409,1
1380.0,0.38333333333333336,22.52851710184386,24.509619333943963,99.22687813660377,1
1440.0,0.4,22.553094319098754,24.52664026623982,99.65384617892896,1
1500.0,0.4166666666666667,22.577183699661948,24.543695093302333,100.0,1
1560.0,0.43333333333333335,22.600671478522536,24.56085924290496,100.0,1
1620.0,0.45,22.623444075061695,24.578196798457135,100.0,1
1680.0,0.4666666666666667,22.645415485928414,24.595757750783328,100.0,1
1740.0,0.48333333333333334,22.666530204165745,24.613575865395426,100.0,1
1800.0,0.5,22.68676427586936,24.631667258472262,100.0,1
1860.0,0.5166666666666667,22.706124607093237,24.65002974378612,100.0,1
1920.0,0.5333333333333333,22.724646770954827,24.668642979121984,100.0,1
1980.0,0.55,22.74239165424882,24.687469405793593,100.0,1
2040.0,0.5666666666666667,22.75944131682011,24.7064559401982,100.0,1
2100.0,0.5833333333333334,22.775894417291664,24.725536343484183,100.0,1
2160.0,0.6,22.79186149597829,24.7446341657689,100.0,1
2220.0,0.6166666666666667,22.807460316950515,24.763666136233486,100.0,1
2280.0,0.6333333333333333,22.82281137654875,24.782545850934355,100.0,1
2340.0,0.65,22.83803360505992,24.80118759715947,100.0,1
2400.0,0.6666666666666666,22.853240237621186,24.819510147189764,100.0,1
2460.0,0.6833333333333333,22.8685348187575,24.8374403556632,100.0,1
2520.0,0.7,22.884007332981238,24.85491640332248,100.0,1
2580.0,0.7166666666666667,22.89973051389178,24.87189054538205,100.0,1
2640.0,0.7333333333333333,22.91575646163588,24.88833124440063,100.0,1
2700.0,0.75,22.932113774717916,24.904224594445424,100.0,1
2760.0,0.7666666666666667,22.948805457649343,24.919574974308226,100.0,1
2820.0,0.7833333333333333,22.96580788449165,24.93440490122761,100.0,1
2880.0,0.8,22.983071069835393,24.9487540915132,100.0,1
2940.0,0.8166666666666667,23.000520421268742,24.962677769130142,100.0,1
3000.0,0.8333333333333334,23.01806002789448,24.976244296169533,100.0,1
3060.0,0.85,23.035577392868106,24.989532228767587,100.0,1
3120.0,0.8666666666666667,23.05294936475964,25.00262692714671,100.0,1
3180.0,0.8833333333333333,23.070048885526933,25.0156168679388,100.0,1
3240.0,0.9,23.086752073192187,25.0285898199627,100.0,1
3300.0,0.9166666666666666,23.102945110933312,25.04162905059543,100.0,1
3360.0,0.9333333333333333,23.114984150934,25.03880972853971,99.50128407218682,0
3420.0,0.95,23.127617367576732,25.03632368020681,98.99794434755268,0
3480.0,0.9666666666666667,23.140953629501126,25.034219617479003,98.48921627145373,0
3540.0,0.9833333333333333,23.15507240127692,25.032530037157535,97.9745707860614,0
3600.0,1.0,23.170019310339132,25.031269796860276,97.45373745272806,0
3660.0,1.0166666666666666,23.185802851826487,25.03043546186703,96.92671627145373,0
3720.0,1.0333333333333334,23.20239258854615,25.030005451458244,96.39377768088599,0
3780.0,1.05,23.2197191602718,25.029940978351163,95.85545073885348,0
3840.0,1.0666666666666667,23.237676319834975,25.030187740175307,95.31249999999997,0
3900.0,1.0833333333333333,23.256125070129446,25.030678289061473,94.76589210107781,0
3960.0,1.1,23.27489980175959,25.031334975781572,94.21675351428333,0
4020.0,1.1166666666666667,23.293816147332176,25.032073339766058,93.6663213150164,0
4080.0,1.1333333333333333,23.312680099841877,25.032805796838666,93.11588911574948,0
4140.0,1.15,23.33129781268271,25.033445463496548,92.56675052895498,0
4200.0,1.1666666666666667,23.349485426102113,25.033909950596144,92.02014263003282,0
4260.0,1.1833333333333333,23.367078260040326,25.03412496064233,91.47719189117932,0
4320.0,1.2,23.383938777177633,25.034027531461778,90.9388649491468,0
4380.0,1.2166666666666666,23.39996284363268,25.033568784496236,90.40592635857907,0
4440.0,1.2333333333333334,23.41508398060992,25.032716057601903,89.87890517730473,0
4500.0,1.25,23.429275485228114,25.031454329141088,89.3580718439714,0
4560.0,1.2666666666666666,23.442550477739275,25.029786871126323,88.84342635857907,0
4620.0,1.2833333333333334,23.454960082509412,25.027735102871162,88.33469828248013,0
4680.0,1.3,23.466590054432928,25.02533765154361,87.83135855784599,0
4740.0,1.3166666666666667,23.477556212258428,25.022648660680304,87.33264263003281,0
4800.0,1.3333333333333333,23.487999036501098,25.019735420587292,86.8375838622883,0
4860.0,1.35,23.498077742051827,25.01667542419,86.34505578241614,0
4920.0,1.3666666666666667,23.5079640609592,25.013552977005745,85.85382131501638,0
4980.0,1.3833333333333333,23.517835889419135,25.010455509398962,85.36258684761663,0
5040.0,1.4,23.527870884742057,25.00746975229118,84.87005876774447,0
5100.0,1.4166666666666667,23.538240058954155,25.004677943465282,84.37499999999994,0
5160.0,1.4333333333333333,23.549101414743138,25.002154230266605,83.87628407218678,0
5220.0,1.45,23.56059370707966,24.99996142591989,83.37294434755262,0
5280.0,1.4666666666666666,23.57283048174238,24.998148261226376,82.86421627145369,0
5340.0,1.4833333333333334,23.585894624674026,24.99674725175493,82.34957078606136,0
5400.0,1.5,23.599114781665207,25.01177327374089,82.72159459558517,1
5460.0,1.5166666666666666,23.611788686623527,25.027094910932597,83.08929903414327,1
5520.0,1.5333333333333334,23.623952550739364,25.042691624931287,83.45294543735125,1
5580.0,1.55,23.63566645480468,25.05852566243642,83.81304470132278,1
5640.0,1.5666666666666667,23.64701098295182,25.07454374678788,84.1703342487858,1
5700.0,1.5833333333333333,23.65808338034673,25.09067944762115,84.52574474655987,1
5760.0,1.6,23.668993455494366,25.10685612507277,84.88035803413348,1
5820.0,1.6166666666666667,23.67985936506305,25.122990319862925,85.23535810886975,1
5880.0,1.6333333333333333,23.690803336957206,25.138995441094757,85.59197731846623,1
5940.0,1.65,23.70194732499464,25.15478559059859,85.95144012235814,1
6000.0,1.6666666666666667,23.713408560520584,25.17027935668137,86.3149068915526,1
6060.0,1.6833333333333333,23.725294979746,25.185403411478873,86.68342021619354,1
6120.0,1.7,23.737700558861533,25.200095754691628,87.0578560819863,1
6180.0,1.7166666666666666,23.75070067179128,25.214308461940245,87.4388820651759,1
6240.0,1.7333333333333334,23.764347680751207,25.228009817626358,87.82692439030927,1
6300.0,1.75,23.778667056763982,25.241185739085346,88.22214530886303,1
6360.0,1.7666666666666666,23.793654385214477,25.253840429791026,88.62443180685372,1
6420.0,1.7833333333333334,23.80927362359682,25.265996233066545,89.03339615543068,1
6480.0,1.8,23.82545693516711,25.27769269269743,89.44838830176872,1
6540.0,1.8166666666666667,23.842106322845737,25.288984861504893,89.86851958090936,1
6600.0,1.8333333333333333,23.859097141634237,25.299940931805285,90.29269673512054,1
6660.0,1.85,23.876283392667975,25.310639291318253,90.71966477744574,1
6720.0,1.8666666666666667,23.893504521168115,25.32116513319697,91.14805685005543,1
6780.0,1.8833333333333333,23.91059327931166,25.33160676834066,91.57644892266512,1
6840.0,1.9,23.92738409660696,25.342051801161343,92.00341696499031,1
6900.0,1.9166666666666667,23.94372134204014,25.352583335944484,92.4275941192015,1
6960.0,1.9333333333333333,23.959466872630024,25.363276379605974,92.84772539834213,1
7020.0,1.95,23.974506340597873,25.37419459806454,93.26271754468019,1
7080.0,1.9666666666666666,23.988753864827874,25.385387567993874,93.67168189325714,1
7140.0,1.9833333333333334,24.002154842450864,25.396888644068287,94.07396839124782,1
7200.0,2.0,24.0146868592303,25.40871353491574,94.46918930980158,1
7260.0,2.0166666666666666,24.026358828053738,25.420859650018052,94.85723163493495,1
7320.0,2.033333333333333,24.037208621347652,25.43330624610406,95.23825761812455,1
7380.0,2.05,24.047299550143357,25.446015366639813,95.61269348391733,1
7440.0,2.066666666666667,24.056716072970474,25.458933533357648,95.98120680855826,1
7500.0,2.0833333333333335,24.065559094289245,25.471994115898354,96.3446735777527,1
7560.0,2.1,24.07394114593045,25.48512027600376,96.70413638164462,1
7620.0,2.1166666666666667,24.08198165347197,25.498228357586466,97.0607555912411,1
7680.0,2.1333333333333333,24.089802393197363,25.51123157451651,97.41575566597737,1
7740.0,2.15,24.097523164143105,25.52404383495297,97.77036895355099,1
7800.0,2.1666666666666665,24.105257649421823,25.536583535080915,98.12577945132504,1
7860.0,2.183333333333333,24.11310943021424,25.548777156451223,98.4830689987881,1
7920.0,2.2,24.121168144811698,25.560562509704198,98.84316826275963,1
7980.0,2.216666666666667,24.129505845733153,25.571891482912715,99.20681466596761,1
8040.0,2.2333333333333334,24.13817368529672,25.582732174431047,99.5745191045257,1
8100.0,2.25,24.147199135175153,25.5930703170356,99.94654291404952,1
8160.0,2.2666666666666666,24.156600305943837,25.60290993111768,100.0,1
8220.0,2.283333333333333,24.166355963696375,25.612273178382587,100.0,1
8280.0,2.3,24.17641586056489,25.621199422450943,100.0,1
8340.0,2.316666666666667,24.186705143253864,25.62974353742038,100.0,1
8400.0,2.3333333333333335,24.197127641547695,25.63797353831345,100.0,1
8460.0,2.35,24.2075706008394,25.64596763697435,100.0,1
8520.0,2.3666666666666667,24.21791061348311,25.65381085208782,100.0,1
8580.0,2.3833333333333333,24.22802036675806,25.66159132148038,100.0,1
8640.0,2.4,24.23777572553593,25.669396477875946,100.0,1
8700.0,2.4166666666666665,24.247062621362993,25.67730925524537,100.0,1
8760.0,2.433333333333333,24.2522369563011,25.669404491552452,99.50128407218682,0
8820.0,2.45,24.25804665611163,25.66187368511545,98.99794434755268,0
8880.0,2.466666666666667,24.264600342304817,25.654765222348374,98.48921627145373,0
8940.0,2.4833333333333334,24.271977233803792,25.64811127718795,97.9745707860614,0
9000.0,2.5,24.28022271387084,25.641926386970447,97.45373745272806,0
9060.0,2.5166666666666666,24.289345034937007,25.636206799256318,96.92671627145373,0
9120.0,2.533333333333333,24.299313518558005,25.63093061814842,96.39377768088599,0
9180.0,2.55,24.310058564703585,25.626058743707816,95.85545073885348,0
9240.0,2.566666666666667,24.32147368784017,25.62153656340911,95.31249999999997,0
9300.0,2.5833333333333335,24.33341965392661,25.617296321709404,94.76589210107781,0
9360.0,2.6,24.345730618053977,25.61326006416832,94.21675351428333,0
9420.0,2.6166666666666667,24.358221978728796,25.60934302744571,93.6663213150164,0
9480.0,2.6333333333333333,24.37069949625012,25.605457327016882,93.11588911574948,0
9540.0,2.65,24.3829690927125,25.60151578143334,92.56675052895498,0
9600.0,2.6666666666666665,24.394846678451728,25.59743570598944,92.02014263003282,0
9660.0,2.683333333333333,24.406167344875843,25.59314250999248,91.47719189117932,0
9720.0,2.7,24.416793327504138,25.588572940417123,90.9388649491468,0
9780.0,2.716666666666667,24.426620266657224,25.583677830179937,90.40592635857907,0
9840.0,2.7333333333333334,24.43558145909632,25.578424230920135,89.87890517730473,0
9900.0,2.75,24.44364997884359,25.572796837072772,89.3580718439714,0
9960.0,2.7666666666666666,24.45083872439306,25.566798638994555,88.84342635857907,0
10020.0,2.783333333333333,24.457198599683274,25.560450776596447,88.33469828248013,0
10080.0,2.8,24.462815140503746,25.55379159987909,87.83135855784599,0
10140.0,2.816666666666667,24.467803947812822,25.546874977429102,87.33264263003281,0
10200.0,2.8333333333333335,24.472305285642165,25.5397679268021,86.8375838622883,0
10260.0,2.85,24.476478153698046,25.532547670355093,86.34505578241614,0
10320.0,2.8666666666666667,24.480494070135542,25.525298245201515,85.85382131501638,0
10380.0,2.8833333333333333,24.48453071854042,25.518106815449165,85.36258684761663,0
10440.0,2.9,24.48876554488861,25.51105984789298,84.87005876774447,0
10500.0,2.9166666666666665,24.49336935113983,25.504239318302268,84.37499999999994,0
10560.0,2.933333333333333,24.498499931175697,25.497719114104896,83.87628407218678,0
10620.0,2.95,24.504295832413625,25.491561790687474,83.37294434755262,0
10680.0,2.966666666666667,24.51087039432434,25.48581582307582,82.86421627145369,0
10740.0,2.9833333333333334,24.518306297780494,25.48051347310958,82.34957078606136,0
10800.0,3.0,24.525931984733038,25.4916693653247,82.72159459558517,1
10860.0,3.0166666666666666,24.53304498647295,25.50315183378374,83.08929903414327,1
10920.0,3.033333333333333,24.539681312789693,25.51494009239962,83.45294543735125,1
10980.0,3.05,24.545900844282706,25.526996142165007,83.81304470132278,1
11040.0,3.066666666666667,24.551783966092977,25.539266462678643,84.1703342487858,1
11100.0,3.0833333333333335,24.557427725589044,25.55168438178478,84.52574474655987,1
11160.0,3.1,24.562941734665223,25.564173019763093,84.88035803413348,1
11220.0,3.1166666666666667,24.56844395455888,25.576648679395724,85.23535810886976,1
11280.0,3.1333333333333333,24.574056418916065,25.589024533751296,85.59197731846623,1
11340.0,3.15,24.579900888461747,25.601214450513876,85.95144012235815,1
11400.0,3.1666666666666665,24.586094402606886,25.613136785717334,86.3149068915526,1
11460.0,3.183333333333333,24.592744706779786,25.62471798108255,86.68342021619354,1
11520.0,3.2,24.599945587533117,25.635895807738475,87.05785608198632,1
11580.0,3.216666666666667,24.607772230290834,25.646622114562717,87.4388820651759,1
11640.0,3.2333333333333334,24.616276809899766,25.65686496102785,87.82692439030929,1
11700.0,3.25,24.62548461113765,25.666610041339627,88.22214530886305,1
11760.0,3.2666666666666666,24.635391034261904,25.675861337627275,88.62443180685374,1
11820.0,3.283333333333333,24.645959852749964,25.684640973640104,89.0333961554307,1
11880.0,3.3,24.657123046945337,25.692988275346398,89.44838830176873,1
11940.0,3.316666666666667,24.668782437953293,25.700958079492672,89.86851958090938,1
12000.0,3.3333333333333335,24.680813200051148,25.708618364049162,90.29269673512056,1
12060.0,3.35,24.693069154734385,25.71604730410418,90.71966477744576,1
12120.0,3.3666666666666667,24.705389568662124,25.72332988188061,91.14805685005544,1
12180.0,3.3833333333333333,24.717607016520702,25.730554199034827,91.57644892266512,1
12240.0,3.4,24.729555751392752,25.73780765240996,92.00341696499031,1
12300.0,3.4166666666666665,24.741079966897214,25.74517314038311,92.4275941192015,1
12360.0,3.433333333333333,24.752041345737958,25.75272546560909,92.84772539834213,1
12420.0,3.45,24.76232536686716,25.76052809137963,93.26271754468019,1
12480.0,3.466666666666667,24.771845976939545,25.768630393362443,93.67168189325714,1
12540.0,3.4833333333333334,24.780548401889867,25.77706552683391,94.07396839124782,1
12600.0,3.5,24.788410057312667,25.785849002619237,94.46918930980158,1
12660.0,3.5166666666666666,24.795439686947613,25.79497803397992,94.85723163493495,1
12720.0,3.533333333333333,24.801674995088163,25.80443168299423,95.23825761812455,1
12780.0,3.55,24.807179125641426,25.814171800034863,95.61269348391733,1
12840.0,3.566666666666667,24.81203637101555,25.824144715285538,95.98120680855826,1
12900.0,3.5833333333333335,24.816347470546052,25.83428360837082,96.3446735777527,1
12960.0,3.6,24.820224791929718,25.844511452536445,96.70413638164462,1
13020.0,3.6166666666666667,24.823787597595242,25.85474440470689,97.0607555912411,1
13080.0,3.6333333333333333,24.827157501655893,25.86489549325997,97.41575566597737,1
13140.0,3.65,24.830454141950884,25.87487844234648,97.77036895355099,1
13200.0,3.6666666666666665,24.833791041362755,25.884611465615276,98.12577945132504,1
13260.0,3.683333333333333,24.837271621803527,25.894020863541307,98.4830689987881,1
13320.0,3.7,24.84098536325145,25.903044267137563,98.84316826275963,1
13380.0,3.716666666666667,24.845004160862263,25.911633386286614,99.20681466596761,1
13440.0,3.7333333333333334,24.849379010535056,25.919756142577956,99.5745191045257,1
13500.0,3.75,24.854137228462058,25.927398093437333,99.94654291404952,1
13560.0,3.7666666666666666,24.85929677067102,25.9345630853082,100.0,1
13620.0,3.783333333333333,24.864836249635196,25.94127310733958,100.0,1
13680.0,3.8,24.87070526478808,25.94756735197628,100.0,1
13740.0,3.816666666666667,24.876828811051713,25.953500523509515,100.0,1
13800.0,3.8333333333333335,24.883110567338754,25.95914046851387,100.0,1
13860.0,3.85,24.889437629075715,25.964565231733168,100.0,1
13920.0,3.8666666666666667,24.895686439550005,25.969859666088567,100.0,1
13980.0,3.8833333333333333,24.901729537868555,25.975111744969123,100.0,1
14040.0,3.9,24.90744264161976,25.98040873797678,100.0,1
14100.0,3.9166666666666665,24.91271153595032,25.985833417265397,100.0,1
14160.0,3.933333333333333,24.9138919774009,25.97546046027632,99.50128407218682,0
14220.0,3.95,24.915731747084834,25.965481206089525,98.99794434755268,0
14280.0,3.966666666666667,24.91833932273218,25.955943883154657,98.48921627145373,0
14340.0,3.9833333333333334,24.92179378034859,25.946880508707785,97.9745707860614,0
14400.0,4.0,24.92614036113637,25.938305464638123,97.45373745272806,0
14460.0,4.016666666666667,24.93138717631894,25.930214844302654,96.92671627145373,0
14520.0,4.033333333333333,24.937503407091647,25.922586598834386,96.39377768088599,0
14580.0,4.05,24.944419313906025,25.915381476548294,95.85545073885348,0
14640.0,4.066666666666666,24.952028272547395,25.908544714386863,95.31249999999997,0
14700.0,4.083333333333333,24.96019091112559,25.902008407479336,94.76589210107781,0
14760.0,4.1,24.96874124770976,25.89569445325209,94.21675351428333,0
14820.0,4.116666666666666,24.977494544606643,25.88951794141681,93.6663213150164,0
14880.0,4.133333333333334,24.986256426732698,25.88339084167621,93.11588911574948,0
14940.0,4.15,24.994832681612184,25.87722582797539,92.56675052895498,0
15000.0,4.166666666666667,25.003039085818013,25.870940072159158,92.02014263003282,0
15060.0,4.183333333333334,25.01071059779793,25.86445884123284,91.47719189117932,0
15120.0,4.2,25.017709320908693,25.85771874100756,90.9388649491468,0
15180.0,4.216666666666667,25.02393076410135,25.85067046436565,90.40592635857907,0
15240.0,4.233333333333333,25.029308093555784,25.84328092403236,89.87890517730473,0
15300.0,4.25,25.0338142534963,25.8355346766401,89.3580718439714,0
15360.0,4.266666666666667,25.03746201339785,25.827434575845345,88.84342635857907,0
15420.0,4.283333333333333,25.040302148954037,25.81900162595243,88.33469828248013,0
15480.0,4.3,25.042420068478883,25.810274042440227,87.83135855784599,0
15540.0,4.316666666666666,25.043931246220108,25.80130556044975,87.33264263003281,0
15600.0,4.333333333333333,25.04497582025901,25.792163065158586,86.8375838622883,0
15660.0,4.35,25.04571266510719,25.78292364760473,86.34505578241614,0
15720.0,4.366666666666666,25.04631317447623,25.773671214633154,85.85382131501638,0
15780.0,4.383333333333334,25.046954908255064,25.764492801125353,85.36258684761663,0
15840.0,4.4,25.04781518946497,25.75547474568376,84.87005876774447,0
15900.0,4.416666666666667,25.04906469784873,25.746698896910722,84.37499999999994,0
15960.0,4.433333333333334,25.050861105804344,25.73823901608448,83.87628407218678,0
16020.0,4.45,25.0533428399945,25.73015753345122,83.37294434755262,0
16080.0,4.466666666666667,25.05662311985973,25.72250279989746,82.86421627145369,0
16140.0,4.483333333333333,25.060784506962673,25.715306954116645,82.34957078606136,0
16200.0,4.5,25.06515532466012,25.72458449848371,82.72159459558517,1
16260.0,4.516666666666667,25.069032986360472,25.73420364587748,83.08929903414327,1
16320.0,4.533333333333333,25.072453384677885,25.74414348999661,83.45294543735125,1
16380.0,4.55,25.07547628373957,25.75436591258122,83.81304470132278,1
16440.0,4.566666666666666,25.0781819529131,25.764817274931527,84.1703342487858,1
16500.0,4.583333333333333,25.080667324488246,25.775430787539644,84.52574474655987,1
16560.0,4.6,25.083041895971032,25.78612945427192,84.88035803413348,1
16620.0,4.616666666666666,25.085423514896856,25.79682946242848,85.23535810886975,1
16680.0,4.633333333333334,25.08793410189201,25.80744387051979,85.59197731846623,1
16740.0,4.65,25.090695305339835,25.81788643258822,85.95144012235814,1
16800.0,4.666666666666667,25.093824052983706,25.828075391935084,86.3149068915526,1
16860.0,4.683333333333334,25.097427979254345,25.837937078450558,86.68342021619354,1
16920.0,4.7,25.10160076037283,25.84740915232754,87.0578560819863,1
16980.0,4.716666666666667,25.106417472093508,25.856443352395072,87.4388820651759,1
17040.0,4.733333333333333,25.111930180251623,25.865007628957546,87.82692439030927,1
17100.0,4.75,25.118164061267397,25.873087567925886,88.22214530886303,1
17160.0,4.766666666666667,25.12511440769087,25.880687044000844,88.62443180685372,1
17220.0,4.783333333333333,25.132744885938354,25.887828074362684,89.03339615543068,1
17280.0,4.8,25.140987369934596,25.8945498792632,89.44838830176872,1
17340.0,4.816666666666666,25.149743575004617,25.90090719057814,89.86851958090936,1
17400.0,4.833333333333333,25.158888570280162,25.906967882245944,90.29269673512054,1
17460.0,4.85,25.168276072742024,25.912810026155388,90.71966477744574,1
17520.0,4.866666666666666,25.17774524516172,25.918518502155408,91.14805685005543,1
17580.0,4.883333333333334,25.1871285589613,25.92418131034743,91.57644892266512,1
17640.0,4.9,25.196260164578707,25.92988574683206,92.00341696499031,1
17700.0,4.916666666666667,25.204984153604055,25.935714610049835,92.4275941192015,1
17760.0,4.933333333333334,25.213162107324557,25.94174260351848,92.84772539834213,1
17820.0,4.95,25.22067940388424,25.94803309218575,93.26271754468019,1
17880.0,4.966666666666667,25.227449889734523,25.95463535416211,93.67168189325714,1
17940.0,4.983333333333333,25.233418691208072,25.96158244794718,94.07396839124782,1
18000.0,5.0,25.238563124894963,25.9688897883636,94.46918930980158,1
18060.0,5.016666666666667,25.242891836124414,25.97655449343833,94.85723163493495,1
18120.0,5.033333333333333,25.246442431369903,25.984555530776973,95.23825761812455,1
18180.0,5.05,25.249277957305477,25.99285465703534,95.61269348391733,1
18240.0,5.066666666666666,25.25148260968962,26.001398109430014,95.98120680855826,1
18300.0,5.083333333333333,25.253157031788078,26.010118975362143,96.3446735777527,1
18360.0,5.1,25.25441349580429,26.018940136591837,96.70413638164462,1
18420.0,5.116666666666666,25.255371169246565,26.02777765928984,97.0607555912411,1
18480.0,5.133333333333334,25.25615157187731,26.036544481806256,97.41575566597737,1
18540.0,5.15,25.25687424775097,26.045154238984395,97.77036895355099,1
18600.0,5.166666666666667,25.257652626528042,26.05352505588009,98.12577945132504,1
18660.0,5.183333333333334,25.25859003745782,26.061583145084004,98.4830689987881,1
18720.0,5.2,25.259775868411815,26.069266050427917,98.84316826275963,1
18780.0,5.216666666666667,25.261281922991667,26.076525395310647,99.20681466596761,1
18840.0,5.233333333333333,25.26315910609168,26.083329015529795,99.5745191045257,1
18900.0,5.25,25.265434643445346,26.089662383405557,99.94654291404952,1
18960.0,5.266666666666667,25.26812640116441,26.095529260956678,100.0,1
19020.0,5.283333333333333,25.271212902345624,26.100951553582874,100.0,1
19080.0,5.3,25.274643657582242,26.105968370649627,100.0,1
19140.0,5.316666666666666,25.27834357348911,26.110634334033474,100.0,1
19200.0,5.333333333333333,25.282216241201528,26.11501720855364,100.0,1
19260.0,5.35,25.28614866889531,26.11919495785262,100.0,1
19320.0,5.366666666666666,25.290017213130685,26.123252354399064,100.0,1
19380.0,5.383333333333334,25.29369432680775,26.127277291773133,100.0,1
19440.0,5.4,25.29705564182532,26.131356960406357,100.0,1
19500.0,5.416666666666667,25.299986858154647,26.135574053915537,100.0,1
19560.0,5.433333333333334,25.298843647672005,26.12400317183326,99.50128407218682,0
19620.0,5.45,25.29837370733431,26.11283557595401,98.99794434755268,0
19680.0,5.466666666666667,25.29868543122016,26.102119418060227,98.48921627145373,0
19740.0,5.483333333333333,25.299857812185643,26.09188663933411,97.9745707860614,0
19800.0,5.5,25.301936008782402,26.082151546219436,97.45373745272806,0
19860.0,5.516666666666667,25.3049280500791,26.072910157231316,96.92671627145373,0
19920.0,5.533333333333333,25.308803035609245,26.064140349259617,96.39377768088599,0
19980.0,5.55,25.313491144652517,26.055802796970124,95.85545073885348,0
20040.0,5.566666666666666,25.31888567230941,26.047842664245316,95.31249999999997,0
20100.0,5.583333333333333,25.324847166489032,26.04019197373892,94.76589210107781,0
20160.0,5.6,25.331209565541023,26.0327725509816,94.21675351428333,0
20220.0,5.616666666666666,25.337788052530918,26.025499414364486,93.6663213150164,0
20280.0,5.633333333333334,25.344388173609428,26.018284462840306,93.11588911574948,0
20340.0,5.65,25.350815638007653,26.011040300170173,92.56675052895498,0
20400.0,5.666666666666667,25.35688614447511,26.00368402857638,92.02014263003282,0
20460.0,5.683333333333334,25.362434574103084,25.996140845998724,91.47719189117932,0
20520.0,5.7,25.367322953356013,25.98834728973532,90.9388649491468,0
20580.0,5.716666666666667,25.371446714753986,25.980253984703587,90.40592635857907,0
20640.0,5.733333333333333,25.3747389485045,25.971827776207594,89.87890517730473,0
20700.0,5.75,25.377172523315323,25.963053153997933,89.3580718439714,0
20760.0,5.766666666666667,25.378760133597957,25.953932905384313,88.84342635857907,0
20820.0,5.783333333333333,25.379552480432945,25.944487968855086,88.33469828248013,0
20880.0,5.8,25.37963489796892,25.93475649459966,87.83135855784599,0
20940.0,5.816666666666666,25.379122786733205,25.92479215299191,87.33264263003281,0
21000.0,5.833333333333333,25.378156211529028,25.914661764960403,86.8375838622883,0
21060.0,5.85,25.37689397402959,25.90444235780813,86.34505578241614,0
21120.0,5.866666666666666,25.375507395545096,25.894217775154928,85.85382131501638,0
21180.0,5.883333333333334,25.374173963997517,25.88407498916295,85.36258684761663,0
21240.0,5.9,25.373070930872966,25.874100276217057,84.87005876774447,0
21300.0,5.916666666666667,25.37236890480828,25.86437542319975,84.37499999999994,0
21360.0,5.933333333333334,25.372225487522137,25.854974130163196,83.87628407218678,0
21420.0,5.95,25.37277903542199,25.845958766617304,83.37294434755262,0
21480.0,5.966666666666667,25.374142698114653,25.837377623198215,82.86421627145369,0
21540.0,5.983333333333333,25.376398967748067,25.829262778830994,82.34957078606136,0
21600.0,6.0,25.378876098680802,25.837628676600346,82.72159459558517,1
21660.0,6.016666666666667,25.38087143573703,25.846343470569177,83.08929903414327,1
21720.0,6.033333333333333,25.382420803358187,25.855386196090777,83.45294543735125,1
21780.0,6.05,25.38358389790779,25.864718677026634,83.81304470132278,1
21840.0,6.066666666666666,25.38444092139631,25.874287217261376,84.1703342487858,1
21900.0,6.083333333333333,25.385088739160555,25.884024970330852,84.52574474655987,1
21960.0,6.1,25.385636782155306,25.893854883600795,84.88035803413348,1
22020.0,6.116666666666666,25.386202831764024,25.903693088322726,85.23535810886976,1
22080.0,6.133333333333334,25.386908742857976,25.91345258740688,85.59197731846623,1
22140.0,6.15,25.387876098460005,25.923047079740215,85.95144012235815,1
22200.0,6.166666666666667,25.389221761345155,25.93239475390986,86.3149068915526,1
22260.0,6.183333333333334,25.391053301365623,25.941421885529536,86.68342021619354,1
22320.0,6.2,25.39346433055144,25.950066080949885,87.05785608198632,1
22380.0,6.216666666666667,25.396529860851047,25.958279025588435,87.4388820651759,1
22440.0,6.233333333333333,25.400301894676616,25.966028616765364,87.82692439030929,1
22500.0,6.25,25.40480554540584,25.97330038783124,88.22214530886305,1
22560.0,6.266666666666667,25.41003604292448,25.980098161346955,88.62443180685374,1
22620.0,6.283333333333333,25.415956991360567,25.986443902770027,89.0333961554307,1
22680.0,6.3,25.422500202724276,25.992376781043284,89.44838830176873,1
22740.0,6.316666666666666,25.42956733079756,25.99795147714398,89.86851958090938,1
22800.0,6.333333333333333,25.43703338353835,26.00323581451926,90.29269673512056,1
22860.0,6.35,25.444752017120663,26.008307814970518,90.71966477744576,1
22920.0,6.366666666666666,25.452562333874084,26.013252308660018,91.14805685005544,1
22980.0,6.383333333333334,25.46029674514139,26.0181572464,91.57644892266512,1
23040.0,6.4,25.467789341641716,26.023109875396212,92.00341696499031,1
23100.0,6.416666666666667,25.474884155604684,26.028192945585474,92.4275941192015,1
23160.0,6.433333333333334,25.481442709313182,26.033481112369834,92.84772539834213,1
23220.0,6.45,25.487350322260934,26.03903769296629,93.26271754468019,1
23280.0,6.466666666666667,25.492520782600955,26.044911918136407,93.67168189325714,1
23340.0,6.483333333333333,25.49689915871731,26.05113679940968,94.07396839124782,1
23400.0,6.5,25.500462709599145,26.0577277050144,94.46918930980158,1
23460.0,6.516666666666667,25.50322002332037,26.06468170675592,94.85723163493495,1
23520.0,6.533333333333333,25.505208649442686,26.071977726388024,95.23825761812455,1
23580.0,6.55,25.506491578069824,26.079577475081503,95.61269348391733,1
23640.0,6.566666666666666,25.50715294872938,26.087427144931805,95.98120680855826,1
23700.0,6.583333333333333,25.5072933487936,26.09545977857992,96.3446735777527,1
23760.0,6.6,25.507024994907777,26.10359821338387,96.70413638164462,1
23820.0,6.616666666666666,25.506466999355432,26.111758471467535,97.0607555912411,1
23880.0,6.633333333333334,25.505740827005525,26.11985344748653,97.41575566597737,1
23940.0,6.65,25.50496596734842,26.127796732939228,97.77036895355099,1
24000.0,6.666666666666667,25.504255795807904,26.135506409883284,98.12577945132504,1
24060.0,6.683333333333334,25.503713587722004,26.142908648255172,98.4830689987881,1
24120.0,6.7,25.503428677374412,26.149940949573715,98.84316826275963,1
24180.0,6.716666666666667,25.50347281510049,26.156554895263277,99.20681466596761,1
24240.0,6.733333333333333,25.503896852847852,26.162718279482807,99.5745191045257,1
24300.0,6.75,25.504727963720978,26.168416533246944,99.94654291404952,1
24360.0,6.766666666666667,25.505983961518385,26.173653377599333,100.0,1
24420.0,6.783333333333333,25.50764331733748,26.178450677292386,100.0,1
24480.0,6.8,25.509655490084146,26.182847501369462,100.0,1
24540.0,6.816666666666666,25.511945334996003,26.18689843170755,100.0,1
24600.0,6.833333333333333,25.51441639213938,26.19067119344632,100.0,1
24660.0,6.85,25.516955618927536,26.19424371086616,100.0,1
24720.0,6.866666666666666,25.519439321462716,26.197700717388496,100.0,1
24780.0,6.883333333333334,25.521739902489788,26.201130067858653,100.0,1
24840.0,6.9,25.523732944053265,26.204618914283195,100.0,1
24900.0,6.916666666666667,25.525304096569222,26.20824991216136,100.0,1
24960.0,6.933333333333334,25.52280898265609,26.196097623213113,99.50128407218682,0
25020.0,6.95,25.52099525030849,26.184353271722824,98.99794434755268,0
25080.0,6.966666666666667,25.519971244936496,26.17306497226289,98.48921627145373,0
25140.0,6.983333333333333,25.51981591101968,26.16226462910315,97.9745707860614,0
25200.0,7.0,25.520574359023435,26.151966512070324,97.45373745272806,0
25260.0,7.016666666666667,25.522254570218685,26.142166603355395,96.92671627145373,0
25320.0,7.033333333333333,25.524825596627995,26.132842743814702,96.39377768088599,0
25380.0,7.05,25.528217570305156,26.123955572368768,95.85545073885348,0
25440.0,7.066666666666666,25.53232373940813,26.115450217440774,95.31249999999997,0
25500.0,7.083333333333333,25.537004605185164,26.107258666508816,94.76589210107781,0
25560.0,7.1,25.542094059604977,26.099302710209336,94.21675351428333,0
25620.0,7.116666666666666,25.547407239630488,26.091497332318397,93.6663213150164,0
25680.0,7.133333333333334,25.5527496455864,26.083754397450587,93.11588911574948,0
25740.0,7.15,25.557926941152765,26.075986475303573,92.56675052895498,0
25800.0,7.166666666666667,25.56275477980135,26.068110634308713,92.02014263003282,0
25860.0,7.183333333333334,25.567067997617368,26.0600520388852,91.47719189117932,0
25920.0,7.2,25.570728576329213,26.051747193078704,90.9388649491468,0
25980.0,7.216666666666667,25.573631903989348,26.043146688820226,90.40592635857907,0
26040.0,7.233333333333333,25.575711026604452,26.0342173386913,89.87890517730473,0
26100.0,7.25,25.576938768946675,26.024943599981768,89.3580718439714,0
26160.0,7.266666666666667,25.577327781755525,26.01532822780028,88.84342635857907,0
26220.0,7.283333333333333,25.576928722701567,26.005392128691724,88.33469828248013,0
26280.0,7.3,25.57582688278393,25.995173421157606,87.83135855784599,0
26340.0,7.316666666666666,25.574137619639323,25.98472574413739,87.33264263003281,0
26400.0,7.333333333333333,25.57200095543771,25.974115887376723,86.8375838622883,0
26460.0,7.35,25.569575649474817,25.963420847245118,86.34505578241614,0
26520.0,7.366666666666666,25.56703298093765,25.95272443667642,85.85382131501638,0
26580.0,7.383333333333334,25.564550395877717,25.94211359739227,85.36258684761663,0
26640.0,7.4,25.562305104161887,25.931674575580544,84.87005876774447,0
26700.0,7.416666666666667,25.560467673057467,25.921489128168332,84.37499999999994,0
26760.0,7.433333333333334,25.55919566316183,25.91163092549203,83.87628407218678,0
26820.0,7.45,25.558627390007842,25.90216230758351,83.37294434755262,0
26880.0,7.466666666666667,25.55887596257299,25.89313153583669,82.86421627145369,0
26940.0,7.483333333333333,25.560023832619652,25.88457066016836,82.34957078606136,0
27000.0,7.5,25.56139921436316,25.892494094887013,82.72159459558517,1
27060.0,7.516666666666667,25.56229941272529,25.900769965509554,83.08929903414327,1
27120.0,7.533333333333333,25.562760212484516,25.909377279071627,83.45294543735125,1
27180.0,7.55,25.562841270579362,25.91827783134364,83.81304470132278,1
27240.0,7.566666666666666,25.562622749831853,25.927417898343847,84.1703342487858,1
27300.0,7.583333333333333,25.562201476625486,25.936730605964666,84.52574474655987,1
27360.0,7.6,25.56168684319545,25.94613887414954,84.88035803413348,1
27420.0,7.616666666666666,25.561196592437927,25.95555880694708,85.23535810886976,1
27480.0,7.633333333333334,25.560852540967836,25.96490338028224,85.59197731846623,1
27540.0,7.65,25.56077623378121,25.974086266272572,85.95144012235815,1
27600.0,7.666666666666667,25.56108449585443,25.98302562694996,86.3149068915526,1
27660.0,7.683333333333334,25.561884859467845,25.991647711585316,86.68342021619354,1
27720.0,7.7,25.56327089930505,25.999890100397216,87.05785608198632,1
27780.0,7.716666666666667,25.565317590192134,26.00770445288019,87.4388820651759,1
27840.0,7.733333333333333,25.568076897641657,26.015058640638784,87.82692439030929,1
27900.0,7.75,25.57157389835309,26.021938171513675,88.22214530886305,1
27960.0,7.766666666666667,25.57580378575405,26.02834684275993,88.62443180685374,1
28020.0,7.783333333333333,25.58073012773316,26.0343065947317,89.0333961554307,1
28080.0,7.8,25.58628470027863,26.03985657146926,89.44838830176873,1
28140.0,7.816666666666666,25.592369121366584,26.045051429246552,89.86851958090938,1
28200.0,7.833333333333333,25.59885836336396,26.04995896700501,90.29269673512056,1
28260.0,7.85,25.60560604706732,26.05465718223638,90.71966477744576,1
28320.0,7.866666666666666,25.61245123964106,26.05923088098775,91.14805685005544,1
28380.0,7.883333333333334,25.619226317473768,26.063767990149113,91.57644892266512,1
28440.0,7.9,25.6257653365401,26.06835573319533,92.00341696499031,1
28500.0,7.916666666666667,25.631912294533677,26.073076836522198,92.4275941192015,1
28560.0,7.933333333333334,25.637528679408604,26.078005932179064,92.84772539834213,1
28620.0,7.95,25.642499776535782,26.083206314217048,93.26271754468019,1
28680.0,7.966666666666667,25.646739340150155,26.08872719041716,93.67168189325714,1
28740.0,7.983333333333333,25.650192404921214,26.094601549512188,94.07396839124782,1
28800.0,8.0,25.652836196325826,26.10084473711609,94.46918930980158,1
28860.0,8.016666666666667,25.654679269126692,26.107453802600798,94.85723163493495,1
28920.0,8.033333333333333,25.65575913977417,26.114407645466144,95.23825761812455,1
28980.0,8.05,25.656138765459318,26.121667954807002,95.61269348391733,1
29040.0,8.066666666666666,25.655902252994537,26.129180900819502,95.98120680855826,1
29100.0,8.083333333333334,25.655150157233162,26.136879504420516,96.3446735777527,1
29160.0,8.1,25.653994662496704,26.144686581417744,96.70413638164462,1
29220.0,8.116666666666667,25.652554848938827,26.152518132557137,97.0607555912411,1
29280.0,8.133333333333333,25.650952149491417,26.160287031287417,97.41575566597737,1
29340.0,8.15,25.649306021899395,26.16790684806971,97.77036895355099,1
29400.0,8.166666666666666,25.647729810031574,26.17529564409272,98.12577945132504,1
29460.0,8.183333333333334,25.646326757860333,26.182379568590935,98.4830689987881,1
29520.0,8.2,25.64518616849191,26.18909610254679,98.84316826275963,1
29580.0,8.216666666666667,25.644379761271285,26.195396807012568,99.20681466596761,1
29640.0,8.233333333333333,25.64395835734162,26.201249455938104,99.5745191045257,1
29700.0,8.25,25.643949099187783,26.2066394602906,99.94654291404952,1
29760.0,8.266666666666667,25.644369770172393,26.21157052122664,100.0,1
29820.0,8.283333333333333,25.64519881113956,26.216064483770676,100.0,1
29880.0,8.3,25.646385650923417,26.220160397395926,100.0,1
29940.0,8.316666666666666,25.64785511487024,26.223912824565804,100.0,1
30000.0,8.333333333333334,25.649510713334372,26.227389471161707,100.0,1
30060.0,8.35,25.65123937419536,26.230668242359823,100.0,1
30120.0,8.366666666666667,25.652917374198932,26.23383385263021,100.0,1
30180.0,8.383333333333333,25.654417086909586,26.236974138018432,100.0,1
30240.0,8.4,25.655614065366546,26.240176231881694,100.0,1
30300.0,8.416666666666666,25.656393931154625,26.243522771219073,100.0,1
30360.0,8.433333333333334,25.653112278233984,26.231088299398365,99.50128407218682,0
30420.0,8.45,25.65051672611292,26.219064022498593,98.99794434755268,0
30480.0,8.466666666666667,25.648715591886095,26.20749803703245,98.48921627145373,0
30540.0,8.483333333333333,25.64778779188758,26.196422229354557,97.9745707860614,0
30600.0,8.5,25.647778408606126,26.18585085151972,97.45373745272806,0
30660.0,8.516666666666667,25.64869539550388,26.175779868089197,96.92671627145373,0
30720.0,8.533333333333333,25.650507776961476,26.166187102430634,96.39377768088599,0
30780.0,8.55,25.653145657556635,26.157033176115775,95.85545073885348,0
30840.0,8.566666666666666,25.6565022581361,26.148263200357803,95.31249999999997,0
30900.0,8.583333333333334,25.660438052800764,26.13980914556251,94.76589210107781,0
30960.0,8.6,25.664786906534882,26.1315927854306,94.21675351428333,0
31020.0,8.616666666666667,25.669363929478813,26.12352908693789,93.6663213150164,0
31080.0,8.633333333333333,25.673974595295636,26.115529898033124,93.11588911574948,0
31140.0,8.65,25.678424541163746,26.107507771881448,92.56675052895498,0
31200.0,8.666666666666666,25.682529394212267,26.099379760513965,92.02014263003282,0
31260.0,8.683333333333334,25.686123964341817,26.091071012080807,91.47719189117932,0
31320.0,8.7,25.689070207253316,26.082518014488745,90.9388649491468,0
31380.0,8.716666666666667,25.691263485127905,26.073671343658987,90.40592635857907,0
31440.0,8.733333333333333,25.692636818256176,26.06449779629135,89.87890517730473,0
31500.0,8.75,25.69316300584849,26.054981813921017,89.3580718439714,0
31560.0,8.766666666666667,25.692854673235928,26.045126136028014,88.84342635857907,0
31620.0,8.783333333333333,25.691762452833085,26.03495165365364,88.33469828248013,0
31680.0,8.8,25.68997161053466,26.024496469919825,87.83135855784599,0
31740.0,8.816666666666666,25.687597479023548,26.013814208509512,87.33264263003281,0
31800.0,8.833333333333334,25.684780055665627,26.002971644033867,86.8375838622883,0
31860.0,8.85,25.681678075101367,25.992045757849006,86.34505578241614,0
31920.0,8.866666666666667,25.678462792010443,25.98112034799548,85.85382131501638,0
31980.0,8.883333333333333,25.67531162808407,25.970282341420777,85.36258684761663,0
32040.0,8.9,25.672401768975003,25.959617969656822,84.87005876774447,0
32100.0,8.916666666666666,25.669903757881706,25.949208975092,84.37499999999994,0
32160.0,8.933333333333334,25.66797513147712,25.939129013640308,83.87628407218678,0
32220.0,8.95,25.66675418151324,25.9294404110266,83.37294434755262,0
32280.0,8.966666666666667,25.666353993329356,25.920191414452237,82.86421627145369,0
32340.0,8.983333333333333,25.66685699519148,25.911414059754982,82.34957078606136,0
32400.0,9.0,25.667591377959557,25.91912274727694,82.72159459558517,1
32460.0,9.016666666666667,25.667854423340113,25.92718558868036,83.08929903414327,1
32520.0,9.033333333333333,25.66768189303565,25.935581577257068,83.45294543735125,1
32580.0,9.05,25.667133421047186,25.944272495143597,83.81304470132278,1
32640.0,9.066666666666666,25.66628914739687,25.953204604833402,84.1703342487858,1
32700.0,9.083333333333334,25.665245875805113,25.962311018802303,84.52574474655987,1
32760.0,9.1,25.664112975979997,25.971514643684475,84.88035803413348,1
32820.0,9.116666666666667,25.663008168425765,25.980731570325737,85.23535810886976,1
32880.0,9.133333333333333,25.66205324749975,25.989874761553867,85.59197731846623,1
32940.0,9.15,25.66136973607393,25.99885787649403,85.95144012235815,1
33000.0,9.166666666666666,25.661074437133397,26.007599064289646,86.3149068915526,1
33060.0,9.183333333333334,25.661274861099137,26.016024561426285,86.68342021619354,1
33120.0,9.2,25.662064560926552,26.02407193543946,87.05785608198632,1
33180.0,9.216666666666667,25.66351848984391,26.031692833242094,87.4388820651759,1
33240.0,9.233333333333333,25.66568859189552,26.03885511395779,87.82692439030929,1
33300.0,9.25,25.66859992244143,26.04554427304613,88.22214530886305,1
33360.0,9.266666666666667,25.67224765369786,26.051764095480124,88.62443180685374,1
33420.0,9.283333333333333,25.6765953324693,26.057536509430133,89.0333961554307,1
33480.0,9.3,25.681574713786357,26.062900646850107,89.44838830176873,1
33540.0,9.316666666666666,25.687087394793267,26.06791115202435,89.86851958090938,1
33600.0,9.333333333333334,25.693008327150082,26.072635812000588,90.29269673512056,1
33660.0,9.35,25.699191111070725,26.07715261247199,90.71966477744576,1
33720.0,9.366666666666667,25.705474793260446,26.08154634778148,91.14805685005544,1
33780.0,9.383333333333333,25.711691729771434,26.085904933208493,91.57644892266512,1
33840.0,9.4,25.71767595636398,26.090315580710236,92.00341696499031,1
33900.0,9.416666666666666,25.723271450638617,26.094861005256984,92.4275941192015,1
33960.0,9.433333333333334,25.728339680576912,26.099615827563973,92.84772539834213,1
34020.0,9.45,25.73276591169708,26.104643330438876,93.26271754468019,1
34080.0,9.466666666666667,25.736463878500484,26.109992710509214,93.67168189325714,1
34140.0,9.483333333333333,25.73937859604144,26.115696945443506,94.07396839124782,1
34200.0,9.5,25.741487270299334,26.12177136987996,94.46918930980158,1
34260.0,9.516666666666667,25.74279843665636,26.128213022302553,94.85723163493495,1
34320.0,9.533333333333333,25.74334959229866,26.135000791410285,95.23825761812455,1
34380.0,9.55,25.74320367526866,26.142096355583586,95.61269348391733,1
34440.0,9.566666666666666,25.742444773345024,26.149445874389873,95.98120680855826,1
34500.0,9.583333333333334,25.741173422461546,26.156982358202324,96.3446735777527,1
34560.0,9.6,25.73950178813372,26.164628612369295,96.70413638164462,1
34620.0,9.616666666666667,25.73754893182202,26.172300627261077,97.0607555912411,1
34680.0,9.633333333333333,25.73543626787731,26.179911266033724,97.41575566597737,1
34740.0,9.65,25.733283235574973,26.187374088938043,97.77036895355099,1
34800.0,9.666666666666666,25.7312031604251,26.19460714703411,98.12577945132504,1
34860.0,9.683333333333334,25.729299268151497,26.20153657950879,98.4830689987881,1
34920.0,9.7,25.727660843721328,26.208099857377306,98.84316826275963,1
34980.0,9.716666666666667,25.726359588449323,26.21424853180444,99.20681466596761,1
35040.0,9.733333333333333,25.72544630555659,26.21995036693164,99.5745191045257,1
35100.0,9.75,25.724948119713464,26.22519076399619,99.94654291404952,1
35160.0,9.766666666666667,25.724882796574917,26.229973414502584,100.0,1
35220.0,9.783333333333333,25.72522875938367,26.234320153900413,100.0,1
35280.0,9.8,25.72593541947806,26.238270022164624,100.0,1
35340.0,9.816666666666666,25.726927584813552,26.241877572336353,100.0,1
35400.0,9.833333333333334,25.728108748458023,26.245210500950094,100.0,1
35460.0,9.85,25.729365821108267,26.248346703909903,100.0,1
35520.0,9.866666666666667,25.73057506243036,26.251370886487887,100.0,1
35580.0,9.883333333333333,25.731608829011627,26.254370875605247,100.0,1
35640.0,9.9,25.732342657015973,26.257433795567813,100.0,1
35700.0,9.916666666666666,25.732662151254157,26.260642274395703,100.0,1
35760.0,9.933333333333334,25.728922889012917,26.248070846549584,99.50128407218682,0
35820.0,9.95,25.725872473227177,26.235910709272602,98.99794434755268,0
35880.0,9.966666666666667,25.723619204517668,26.224209950312268,98.48921627145373,0
35940.0,9.983333333333333,25.722241982843364,26.213000447328135,97.9745707860614,0
36000.0,10.0,25.721785874416177,26.20229644374951,97.45373745272806,0
36060.0,10.016666666666667,25.72225881651907,26.19209389558115,96.92671627145373,0
36120.0,10.033333333333333,25.723629817450576,26.182370617702652,96.39377768088599,0
36180.0,10.05,25.7258289658028,26.173087223265615,95.85545073885348,0
36240.0,10.066666666666666,25.72874946653279,26.164188815130444,95.31249999999997,0
36300.0,10.083333333333334,25.732251777947074,26.15560735541697,94.76589210107781,0
36360.0,10.1,25.736169749330315,26.147264609606225,94.21675351428333,0
36420.0,10.116666666666667,25.740318475217475,26.13907553652011,93.6663213150164,0
36480.0,10.133333333333333,25.744503413759865,26.130951976018686,93.11588911574948,0
36540.0,10.15,25.74853018671719,26.122806473243127,92.56675052895498,0
36600.0,10.166666666666666,25.75221440589239,26.11455607226475,92.02014263003282,0
36660.0,10.183333333333334,25.75539086595186,26.10612591333759,91.47719189117932,0
36720.0,10.2,25.7579215074537,26.097452476535473,90.9388649491468,0
36780.0,10.216666666666667,25.759701677527087,26.088486330009342,90.40592635857907,0
36840.0,10.233333333333333,25.760664381500963,26.079194262750903,89.87890517730473,0
36900.0,10.25,25.760782403713808,26.069560708648897,89.3580718439714,0
36960.0,10.266666666666667,25.760068354714054,26.05958839959807,88.84342635857905,0
37020.0,10.283333333333333,25.758572852222343,26.049298219115133,88.33469828248012,0
37080.0,10.3,25.75638114752758,26.038728262857628,87.83135855784597,0
37140.0,10.316666666666666,25.753608558794514,26.02793214710381,87.3326426300328,0
37200.0,10.333333333333334,25.750395068957967,26.016976639119413,86.8375838622883,0
37260.0,10.35,25.746899398313953,26.00593871297387,86.34505578241613,0
37320.0,10.366666666666667,25.743292787283753,25.99490215947934,85.85382131501636,0
37380.0,10.383333333333333,25.739752643385742,25.98395389841277,85.36258684761661,0
37440.0,10.4,25.736456138184863,25.973180154192878,84.87005876774445,0
37500.0,10.416666666666666,25.733573800876304,25.962662662151768,84.37499999999994,0
37560.0,10.433333333333334,25.731263154213753,25.952475071203597,83.87628407218676,0
37620.0,10.45,25.729662476113454,25.942679700129382,83.37294434755262,0
37680.0,10.466666666666667,25.728884838161967,25.933324789242196,82.86421627145367,0
37740.0,10.483333333333333,25.729012654955095,25.92444236754662,82.34957078606135,0
37800.0,10.5,25.72937410376459,25.93204682860625,82.72159459558516,1
37860.0,10.516666666666667,25.729266452790316,25.940006277359036,83.08929903414327,1
37920.0,10.533333333333333,25.728725450309152,25.948299700426315,83.45294543735123,1
37980.0,10.55,25.72781071697705,25.95688887332749,83.81304470132277,1
38040.0,10.566666666666666,25.726602379551153,25.965720051991823,84.1703342487858,1
38100.0,10.583333333333334,25.725197228566472,25.97472634238346,84.52574474655987,1
38160.0,10.6,25.723704620624787,25.98383064467698,84.88035803413347,1
38220.0,10.616666666666667,25.722242263202688,25.9929490433103,85.23535810886975,1
38280.0,10.633333333333333,25.72093193770801,26.001994494754555,85.59197731846622,1
38340.0,10.65,25.71989515414094,26.01088065182911,85.95144012235812,1
38400.0,10.666666666666666,25.719248702692003,26.019525657422044,86.31490689155258,1
38460.0,10.683333333333334,25.71910008106439,26.02785574181362,86.68342021619353,1
38520.0,10.7,25.719542829572013,26.035808466383696,87.0578560819863,1
38580.0,10.716666666666667,25.720651888877498,26.04333547193878,87.43888206517589,1
38640.0,10.733333333333333,25.72247919053491,26.050404611544902,87.82692439030927,1
38700.0,10.75,25.725049777488984,26.057001374652543,88.22214530886302,1
38760.0,10.766666666666667,25.728358809615127,26.06312954027369,88.6244318068537,1
38820.0,10.783333333333333,25.732369821451066,26.068811030665348,89.03339615543067,1
38880.0,10.8,25.73701455583423,26.07408497191544,89.44838830176872,1
38940.0,10.816666666666666,25.742194597788853,26.079006002489162,89.86851958090935,1
39000.0,10.833333333333334,25.747784886927693,26.08364190366168,90.29269673512054,1
39060.0,10.85,25.75363901148967,26.088070655399797,90.71966477744573,1
39120.0,10.866666666666667,25.75959600627688,26.09237704636586,91.14805685005541,1
39180.0,10.883333333333333,25.76548821550977,26.096648986204197,91.5764489226651,1
39240.0,10.9,25.771149663187884,26.100973681281975,92.0034169649903,1
39300.0,10.916666666666666,25.776424315221576,26.10543384102415,92.42759411920147,1
39360.0,10.933333333333334,25.78117362797237,26.110104080645,92.84772539834212,1
39420.0,10.95,25.785282855408166,26.115047677495255,93.26271754468016,1
39480.0,10.966666666666667,25.788665720549304,26.120313822789143,93.67168189325712,1
39540.0,10.983333333333333,25.791267227037967,26.125935488825196,94.0739683912478,1
39600.0,11.0,25.79306456950988,26.131928004914595,94.46918930980155,1
39660.0,11.016666666666667,25.794066272071642,26.138288404256915,94.85723163493493,1
39720.0,11.033333333333333,25.79430982070145,26.14499557030901,95.23825761812452,1
39780.0,11.05,25.793858142301033,26.152011176251122,95.61269348391731,1
39840.0,11.066666666666666,25.7927953135752,26.159281376492068,95.98120680855824,1
39900.0,11.083333333333334,25.791221859450342,26.1667391762877,96.34467357775269,1
39960.0,11.1,25.78924993450058,26.174307375909986,96.7041363816446,1
40020.0,11.116666666666667,25.78699858931068,26.181901960693445,97.06075559124108,1
40080.0,11.133333333333333,25.78458922742104,26.189435788798633,97.41575566597736,1
40140.0,11.15,25.78214127736144,26.196822415520835,97.77036895355096,1
40200.0,11.166666666666666,25.779768053960847,26.203979887004238,98.12577945132503,1
40260.0,11.183333333333334,25.77757277232603,26.21083433755916,98.48306899878807,1
40320.0,11.2,25.775644706870818,26.21732323336327,98.84316826275962,1
40380.0,11.216666666666667,25.774055548419916,26.223398120782516,99.20681466596758,1
40440.0,11.233333333333333,25.772856089767362,26.22902675919789,99.57451910452568,1
40500.0,11.25,25.77207344521897,26.234194545124307,99.9465429140495,1
40560.0,11.266666666666667,25.771725370127392,26.238905165381677,100.0,1
40620.0,11.283333333333333,25.77179027749483,26.24318045077247,100.0,1
40680.0,11.3,25.772217568480553,26.247059436661704,100.0,1
40740.0,11.316666666666666,25.772932040922033,26.250596671517457,100.0,1
40800.0,11.333333333333334,25.773837177829854,26.253859847337747,100.0,1
40860.0,11.35,25.774819879903866,26.256926855526455,100.0,1
40920.0,11.366666666666667,25.775756396873188,26.259882396891506,100.0,1
40980.0,11.383333333333333,25.776519075447798,26.262814293925636,100.0,1
41040.0,11.4,25.776983441973528,26.265809666541642,100.0,1
41100.0,11.416666666666666,25.777035091501965,26.26895113840174,100.0,1
41160.0,11.433333333333334,25.77302959161924,26.25631323964357,99.50128407218682,0
41220.0,11.45,25.76971453561786,26.244087163221838,98.99794434755268,0
41280.0,11.466666666666667,25.76719821453401,26.232320992629912,98.48921627145373,0
41340.0,11.483333333333333,25.76555951879961,26.221046601307236,97.9745707860614,0
41400.0,11.5,25.764843505156684,26.21027822849678,97.45373745272806,0
41460.0,11.516666666666667,25.765058101475134,26.200011826050442,96.92671627145373,0
41520.0,11.533333333333333,25.766172306696905,26.19022520472819,96.39377768088599,0
41580.0,11.55,25.768116200113653,26.18087897359495,95.85545073885348,0
41640.0,11.566666666666666,25.77078297743778,26.171918231457145,95.31249999999997,0
41700.0,11.583333333333334,25.774033087786634,26.163274936413057,94.76589210107781,0
41760.0,11.6,25.77770037131084,26.154870849954342,94.21675351428333,0
41820.0,11.616666666666667,25.781599913466117,26.146620926945445,93.6663213150164,0
41880.0,11.633333333333333,25.785537163379015,26.138437003320618,93.11588911574948,0
41940.0,11.65,25.789317733838622,26.130231620326644,92.56675052895498,0
42000.0,11.666666666666666,25.79275722773109,26.1219218181716,92.02014263003282,0
42060.0,11.683333333333334,25.79569043085953,26.113432733277183,91.47719189117932,0
42120.0,11.7,25.797979274971922,26.10470084191555,90.9388649491468,0
42180.0,11.716666666666667,25.7995190984402,26.095676708466378,90.40592635857907,0
42240.0,11.733333333333333,25.800242897888598,26.086327118180282,89.87890517730473,0
42300.0,11.75,25.800123449003117,26.07663650123484,89.3580718439714,0
42360.0,11.766666666666667,25.799173353731625,26.066607585843325,88.84342635857907,0
42420.0,11.783333333333333,25.79744322124581,26.056261251870428,88.33469828248013,0
42480.0,11.8,25.795018294336906,26.04563559135088,87.83135855784599,0
42540.0,11.816666666666666,25.792013882722983,26.03478421696912,87.33264263003281,0
42600.0,11.833333333333334,25.788569960942866,26.023773892425798,86.8375838622883,0
42660.0,11.85,25.784845240946943,26.012681588253802,86.34505578241614,0
42720.0,11.866666666666667,25.781010954860946,26.001591091757035,85.85382131501638,0
42780.0,11.883333333333333,25.777244501957473,25.990589319232242,85.36258684761663,0
42840.0,11.9,25.773723045605163,25.979762491645793,84.87005876774447,0
42900.0,11.916666666666666,25.770617106852082,25.969192340905057,84.37499999999994,0
42960.0,11.933333333333334,25.768084200353677,25.95895251252686,83.87628407218678,0
43020.0,11.95,25.76626259597654,25.94910532192206,83.37294434755262,0
43080.0,11.966666666666667,25.765265357305875,25.939699006060533,82.86421627145369,0
43140.0,11.983333333333333,25.76517489098414,25.93076559063041,82.34957078606136,0
43200.0,12.0,25.76531936637746,25.93831946590537,82.72159459558517,1
43260.0,12.016666666666667,25.76499604382751,25.94622873355976,83.08929903414327,1
43320.0,12.033333333333333,25.76424066380012,25.954472376977435,83.45294543735125,1
43380.0,12.05,25.76311283918707,25.9630121684662,83.81304470132278,1
43440.0,12.066666666666666,25.761692689027914,25.971794360769426,84.1703342487858,1
43500.0,12.083333333333334,25.76007699618637,25.98075205669084,84.52574474655987,1
43560.0,12.1,25.758375109638965,25.9898081532699,84.88035803413348,1
43620.0,12.116666666666667,25.75670472928278,25.99887873183448,85.23535810886976,1
43680.0,12.133333333333333,25.75518762899162,26.00787674577054,85.59197731846623,1
43740.0,12.15,25.753945311276848,26.016715844836966,85.95144012235815,1
43800.0,12.166666666666666,25.753094558885095,26.02531416888584,86.3149068915526,1
43860.0,12.183333333333334,25.752742862120325,26.033597945185708,86.68342021619354,1
43920.0,12.2,25.752983753941614,26.041504732128807,87.05785608198632,1
43980.0,12.216666666666667,25.75389216770088,26.048986167557928,87.4388820651759,1
44040.0,12.233333333333333,25.75552002768535,26.0560101015991,87.82692439030929,1
44100.0,12.25,25.75789236961652,26.062562020786306,88.22214530886305,1
44160.0,12.266666666666667,25.7610043461899,26.06864570123838,88.62443180685374,1
44220.0,12.283333333333333,25.76481948480639,26.07428306234232,89.0333961554307,1
44280.0,12.3,25.769269521209424,26.079513227338996,89.44838830176873,1
44340.0,12.316666666666666,25.774256033371795,26.084390831869328,89.86851958090938,1
44400.0,12.333333333333334,25.77965395389714,26.088983654406803,90.29269673512056,1
44460.0,12.35,25.7853168640573,26.09336967213896,90.71966477744576,1
44520.0,12.366666666666667,25.791083791729104,26.09763367097111,91.14805685005544,1
44580.0,12.383333333333333,25.79678707424928,26.101863557812603,91.57644892266512,1
44640.0,12.4,25.802260728774957,26.10614653631751,92.00341696499031,1
44700.0,12.416666666666666,25.807348714415127,26.1105653132194,92.4275941192015,1
44760.0,12.433333333333334,25.811912480770765,26.11519450106269,92.84772539834213,1
44820.0,12.45,25.81583727508977,26.1200973745496,93.26271754468019,1
44880.0,12.466666666666667,25.81903681371282,26.12532312226705,93.67168189325714,1
44940.0,12.483333333333333,25.821456093642503,26.13090471390728,94.07396839124782,1
45000.0,12.5,25.823072302914788,26.136857476196024,94.46918930980158,1
45060.0,12.516666666666667,25.82389395907612,26.143178439768093,94.85723163493495,1
45120.0,12.533333333333333,25.8239585415839,26.1498464855361,95.23825761812455,1
45180.0,12.55,25.82332897085819,26.156823284156395,95.61269348391733,1
45240.0,12.566666666666666,25.822089317161016,26.1640549875341,95.98120680855826,1
45300.0,12.583333333333334,25.820340099014643,26.171474598441396,96.3446735777527,1
45360.0,12.6,25.818193464627495,26.179004914686455,96.70413638164462,1
45420.0,12.616666666666667,25.81576845825683,26.1865619191597,97.0607555912411,1
45480.0,12.633333333333333,25.81318647715351,26.19405846759716,97.41575566597737,1
45540.0,12.65,25.810566943595518,26.201408112888974,97.77036895355099,1
45600.0,12.666666666666666,25.808023166197522,26.208528898793432,98.12577945132504,1
45660.0,12.683333333333334,25.805658353889285,26.215346957254038,98.4830689987881,1
45720.0,12.7,25.80356177494469,26.22179975210059,98.84316826275963,1
45780.0,12.716666666666667,25.801805114085347,26.227838827369936,99.20681466596761,1
45840.0,12.733333333333333,25.8004391580388,26.23343194013261,99.5745191045257,1
45900.0,12.75,25.79949101508078,26.23856448461155,99.94654291404952,1
45960.0,12.766666666666667,25.798978434570028,26.243240145353024,100.0,1
46020.0,12.783333333333333,25.79887982355081,26.24748075090405,100.0,1
46080.0,12.8,25.799144577260197,26.25132533439223,100.0,1
46140.0,12.816666666666666,25.799697487649,26.254828442066138,100.0,1
46200.0,12.833333333333334,25.800442031876457,26.25805776372204,100.0,1
46260.0,12.85,25.80126510482619,26.261091188579673,100.0,1
46320.0,12.866666666666667,25.802042950445976,26.2640134152803,100.0,1
46380.0,12.883333333333333,25.80264790969915,26.26691226416732,100.0,1
46440.0,12.9,25.802955503219373,26.269874853021392,100.0,1
46500.0,12.916666666666666,25.802851320380334,26.272983803389653,100.0,1
46560.0,12.933333333333334,25.798690923124337,26.26031364331158,99.50128407218682,0
46620.0,12.95,25.795221899133928,26.248055563660504,98.99794434755268,0
46680.0,12.966666666666667,25.792552533868978,26.23625764586507,98.48921627145373,0
46740.0,12.983333333333333,25.79076171221857,26.224951761316515,97.9745707860614,0
46800.0,13.0,25.78989448541513,26.21415214722598,97.45373745272806,0
46860.0,13.016666666666667,25.78995877585203,26.20385475342981,96.92671627145373,0
46920.0,13.033333333333333,25.790923577027538,26.19403738868852,96.39377768088599,0
46980.0,13.05,25.792718962822303,26.184660660083598,95.85545073885348,0
47040.0,13.066666666666666,25.795238123570176,26.175669664453885,95.31249999999997,0
47100.0,13.083333333333334,25.798341503042234,26.166996357945823,94.76589210107781,0
47160.0,13.1,25.801862936074905,26.158562500114847,94.21675351428333,0
47220.0,13.116666666666667,25.805617502841596,26.150283043904665,93.6663213150164,0
47280.0,13.133333333333333,25.80941064721824,26.142069823344166,93.11588911574948,0
47340.0,13.15,25.81304797677481,26.133835377790003,92.56675052895498,0
47400.0,13.166666666666666,25.816345089209666,26.12549674557525,92.02014263003282,0
47460.0,13.183333333333334,25.819136765169233,26.116979061261603,91.47719189117932,0
47520.0,13.2,25.821284931275766,26.108218799276095,90.9388649491468,0
47580.0,13.216666666666667,25.82268492080622,26.099166522168037,90.40592635857907,0
47640.0,13.233333333333333,25.823269725320422,26.08978901337233,89.87890517730473,0
47700.0,13.25,25.823012115470352,26.08007070126535,89.3580718439714,0
47760.0,13.266666666666667,25.821924688200056,26.070014312273592,88.84342635857907,0
47820.0,13.283333333333333,25.82005804770743,26.059640724489253,88.33469828248013,0
47880.0,13.3,25.817497431839758,26.048988028188752,87.83135855784599,0
47940.0,13.316666666666666,25.814358145400817,26.038109834312287,87.33264263003281,0
48000.0,13.333333333333334,25.810780158044633,26.02707290483022,86.8375838622883,0
48060.0,13.35,25.8069221768661,26.015954208558988,86.34505578241614,0
48120.0,13.366666666666667,25.802955429164587,26.004837531099778,85.85382131501638,0
48180.0,13.383333333333333,25.799057309415293,25.993809787060243,85.36258684761663,0
48240.0,13.4,25.795404976218236,25.98295719573117,84.87005876774447,0
48300.0,13.416666666666666,25.79216894588148,25.97236148735775,84.37499999999994,0
48360.0,13.433333333333334,25.789506728348897,25.962096305807936,83.87628407218678,0
48420.0,13.45,25.787556588803785,25.952223964856888,83.37294434755262,0
48480.0,13.466666666666667,25.786431586176157,25.942792699851882,82.86421627145369,0
48540.0,13.483333333333333,25.7862141224812,25.93383453487143,82.34957078606136,0
48600.0,13.5,25.78623236248554,25.94136385859246,82.72159459558517,1
48660.0,13.516666666666667,25.785783561958937,25.949248771105356,83.08929903414327,1
48720.0,13.533333333333333,25.78490345682276,25.957468254222665,83.45294543735125,1
48780.0,13.55,25.783651655451575,25.965984078693467,83.81304470132278,1
48840.0,13.566666666666666,25.78210827239483,25.974742495714874,84.1703342487858,1
48900.0,13.583333333333334,25.780370086053086,25.983676606556724,84.52574474655987,1
48960.0,13.6,25.778546440966483,25.99270930673686,84.88035803413348,1
49020.0,13.616666666666667,25.776755032622333,26.0017566760737,85.23535810886976,1
49080.0,13.633333333333333,25.775117630511136,26.010731666455847,85.59197731846623,1
49140.0,13.65,25.773755732787247,26.01954792615679,85.95144012235815,1
49200.0,13.666666666666666,25.772786117866435,26.028123593555105,86.3149068915526,1
49260.0,13.683333333333334,25.772316271747776,26.03638489445762,86.68342021619354,1
49320.0,13.7,25.7724397231113,26.044269385806544,87.05785608198632,1
49380.0,13.716666666666667,25.77323140105555,26.051728704006244,87.4388820651759,1
49440.0,13.733333333333333,25.77474322563989,26.05873069775583,87.82692439030929,1
49500.0,13.75,25.777000228383336,26.065260852173783,88.22214530886305,1
49560.0,13.766666666666667,25.779997557804116,26.071322941974756,88.62443180685374,1
49620.0,13.783333333333333,25.78369873715092,26.076938885152806,89.0333961554307,1
49680.0,13.8,25.788035498039886,26.082147803567,89.44838830176873,1
49740.0,13.816666666666666,25.792909414341274,26.08700433148751,89.86851958090938,1
49800.0,13.833333333333334,25.7981954145808,26.09157624602804,90.29269673512056,1
49860.0,13.85,25.803747075976858,26.095941523027225,90.71966477744576,1
49920.0,13.866666666666667,25.809403422377144,26.10018494705227,91.14805685005544,1
49980.0,13.883333333333333,25.814996787113433,26.104394423685115,91.57644892266512,1
50040.0,13.9,25.820361183361925,26.108657155263042,92.00341696499031,1
50100.0,13.916666666666666,25.825340566274573,26.11305584721337,92.4275941192015,1
50160.0,13.933333333333334,25.829796381519053,26.11766511078471,92.84772539834213,1
50220.0,13.95,25.833613872433567,26.12254821939385,93.26271754468019,1
50280.0,13.966666666666667,25.836706751472555,26.127754360352547,93.67168189325714,1
50340.0,13.983333333333333,25.839020011775677,26.133316502088093,94.07396839124782,1
50400.0,14.0,25.840530837539163,26.139249970071386,94.46918930980158,1
50460.0,14.016666666666667,25.84124774249275,26.14555179369245,94.85723163493495,1
50520.0,14.033333333333333,25.84120820230003,26.152200852629065,95.23825761812455,1
50580.0,14.05,25.840475133610024,26.15915881631262,95.61269348391733,1
50640.0,14.066666666666666,25.83913260293634,26.166371835433072,95.98120680855826,1
50700.0,14.083333333333334,25.837281125075314,26.173772911557176,96.3446735777527,1
50760.0,14.1,25.835032844531803,26.18128484129731,96.70413638164462,1
50820.0,14.116666666666667,25.832506801881713,26.188823606357666,97.0607555912411,1
50880.0,14.133333333333333,25.82982439071665,26.19630206129754,97.41575566597737,1
50940.0,14.15,25.827105029677274,26.20363375783975,97.77036895355099,1
51000.0,14.166666666666666,25.824462023762784,26.2107367385846,98.12577945132504,1
51060.0,14.183333333333334,25.821998578309156,26.21753713432688,98.4830689987881,1
51120.0,14.2,25.819803958018042,26.223972407756847,98.84316826275963,1
51180.0,14.216666666666667,25.81794984406026,26.229994101780942,99.20681466596761,1
51240.0,14.233333333333333,25.81648701963386,26.23556997234833,99.5745191045257,1
51300.0,14.25,25.815442589506272,26.240685412569544,99.94654291404952,1
51360.0,14.266666666666667,25.81483429954897,26.24534410588735,100.0,1
51420.0,14.283333333333333,25.814640553339878,26.2495678797541,100.0,1
51480.0,14.3,25.81481074267053,26.253395766211483,100.0,1
51540.0,14.316666666666666,25.81526965606687,26.256882310430836,100.0,1
51600.0,14.333333333333334,25.81592076728382,26.26009520113982,100.0,1
51660.0,14.35,25.81665096782111,26.26311232649811,100.0,1
51720.0,14.366666666666667,25.81733649826293,26.26601838409539,100.0,1
51780.0,14.383333333333333,25.8178496962292,26.26890119323189,100.0,1
51840.0,14.4,25.818066079030242,26.271847870653446,100.0,1
51900.0,14.416666666666666,25.81787123273634,26.274941036880648,100.0,1
51960.0,14.433333333333334,25.81362071600621,26.262255218934648,99.50128407218682,0
52020.0,14.45,25.81006211325851,26.249981606678585,98.99794434755268,0
52080.0,14.466666666666667,25.807303706708815,26.238168280539004,98.48921627145373,0
52140.0,14.483333333333333,25.805424378021364,26.226847110913056,97.9745707860614,0
52200.0,14.5,25.804469175223108,26.21603233402575,97.45373745272806,0
52260.0,14.516666666666667,25.80444601752116,26.205719898735182,96.92671627145373,0
52320.0,14.533333333333333,25.80532389524665,26.195887612831452,96.39377768088599,0
52380.0,14.55,25.8070328791321,26.186496082433386,95.85545073885348,0
52440.0,14.566666666666666,25.809466156382115,26.177490403424873,95.31249999999997,0
52500.0,14.583333333333334,25.812484167657303,26.168802531005042,94.76589210107781,0
52560.0,14.6,25.815920744702282,26.160354223789593,94.21675351428333,0
52620.0,14.616666666666667,25.81959096461721,26.152060433790012,93.6663213150164,0
52680.0,14.633333333333333,25.8233002682232,26.14383299411043,93.11588911574948,0
52740.0,14.65,25.826854260053743,26.135584443190137,92.56675052895498,0
52800.0,14.666666666666666,25.83006853478892,26.127231818452184,92.02014263003282,0
52860.0,14.683333333333334,25.832777870075013,26.11870025355552,91.47719189117932,0
52920.0,14.7,25.83484418955211,26.10992622203166,90.9388649491468,0
52980.0,14.716666666666667,25.83616282353291,26.100860285541557,90.40592635857907,0
53040.0,14.733333333333333,25.836666760630752,26.09146922663886,89.87890517730473,0
53100.0,14.75,25.83632876856882,26.08173747282575,89.3580718439714,0
53160.0,14.766666666666667,25.835161441379935,26.071667749661508,88.84342635857905,0
53220.0,14.783333333333333,25.83321538036823,26.061280934378065,88.33469828248013,0
53280.0,14.8,25.830575820504592,26.050615116398454,87.83135855784599,0
53340.0,14.816666666666666,25.827358063733662,26.039723905816313,87.33264263003281,0
53400.0,14.833333333333334,25.82370207686748,26.028674063762214,86.8375838622883,0
53460.0,14.85,25.81976656417601,26.017542558219525,86.34505578241614,0
53520.0,14.866666666666667,25.815722750150638,26.006413173963033,85.85382131501638,0
53580.0,14.883333333333333,25.811748026475424,25.995372824780592,85.36258684761663,0
53640.0,14.9,25.808019548976006,25.984507729149758,84.87005876774447,0
53700.0,14.916666666666666,25.804707831202702,25.97389961650899,84.37499999999994,0
53760.0,14.933333333333334,25.801970380358192,25.963622129925962,83.87628407218678,0
53820.0,14.95,25.799945458901025,25.95373758238197,83.37294434755262,0
53880.0,14.966666666666667,25.798746123052815,25.944294208436762,82.86421627145369,0
53940.0,14.983333333333333,25.798454772136598,25.935324031387633,82.34957078606136,0
54000.0,15.0,25.798399568243003,25.942841439136533,82.72159459558517,1
54060.0,15.016666666666667,25.797877764481857,25.950714531005076,83.08929903414327,1
54120.0,15.033333333333333,25.796925094130543,25.958922288043187,83.45294543735123,1
54180.0,15.05,25.79560116293551,25.967426480243425,83.81304470132277,1
54240.0,15.066666666666666,25.793986082833865,25.97617335805243,84.1703342487858,1
54300.0,15.083333333333334,25.792176629629488,25.98509602199558,84.52574474655987,1
54360.0,15.1,25.790282145281427,25.99411736685221,84.88035803413347,1
54420.0,15.116666666666667,25.78842032271139,26.003153471708128,85.23535810886975,1
54480.0,15.133333333333333,25.786712928859657,26.0121172877252,85.59197731846623,1
54540.0,15.15,25.78528145934568,26.02092246245599,85.95144012235814,1
54600.0,15.166666666666666,25.784242690065515,26.029487133563908,86.3149068915526,1
54660.0,15.183333333333334,25.783704104513664,26.03773752614635,86.68342021619354,1
54720.0,15.2,25.78375922888059,26.045611196441765,87.0578560819863,1
54780.0,15.216666666666667,25.784482989790224,26.05305978015638,87.4388820651759,1
54840.0,15.233333333333333,25.785927304842158,26.060051125296766,87.82692439030927,1
54900.0,15.25,25.78811720311039,26.066570716294393,88.22214530886303,1
54960.0,15.266666666666667,25.791047830682807,26.0726223271824,88.62443180685372,1
55020.0,15.283333333333333,25.79468270839234,26.07822787527879,89.03339615543068,1
55080.0,15.3,25.798953565453857,26.083426481771976,89.44838830176872,1
55140.0,15.316666666666666,25.803761973350763,26.088272780266845,89.86851958090936,1
55200.0,15.333333333333334,25.808982858236234,26.09283454721714,90.29269673512054,1
55260.0,15.35,25.81446979497036,26.097189757806813,90.71966477744574,1
55320.0,15.366666666666667,25.820061805056685,26.101423195953622,91.14805685005543,1
55380.0,15.383333333333333,25.825591219496896,26.105622766595257,91.57644892266512,1
55440.0,15.4,25.83089204915109,26.109875671429904,92.00341696499031,1
55500.0,15.416666666666666,25.835808246869004,26.114264615250896,92.4275941192015,1
55560.0,15.433333333333334,25.840201256029918,26.118864208677934,92.84772539834213,1
55620.0,15.45,25.84395631769737,26.123737724503926,93.26271754468019,1
55680.0,15.466666666666667,25.846987142064773,26.128934349421744,93.67168189325714,1
55740.0,15.483333333333333,25.849238720024342,26.134487051244733,94.07396839124782,1
55800.0,15.5,25.850688233538335,26.140411154834776,94.46918930980158,1
55860.0,15.516666666666667,25.851344194115928,26.146703688977734,94.85723163493495,1
55920.0,15.533333333333333,25.85124407521347,26.153343532752064,95.23825761812455,1
55980.0,15.55,25.85045079128598,26.16029235499463,95.61269348391733,1
56040.0,15.566666666666666,25.84904840666624,26.167496305805628,95.98120680855826,1
56100.0,15.583333333333334,25.847137433982834,26.174888386166753,96.3446735777527,1
56160.0,15.6,25.844830015585877,26.18239139211001,96.70413638164462,1
56220.0,15.616666666666667,25.842245189909463,26.189921304763867,97.0607555912411,1
56280.0,15.633333333333333,25.83950434841623,26.197390978116495,97.41575566597737,1
56340.0,15.65,25.83672690763066,26.204713963324153,97.77036895355099,1
56400.0,15.666666666666666,25.83402617044845,26.21180830242513,98.12577945132504,1
56460.0,15.683333333333334,25.83150534011471,26.218600125656682,98.4830689987881,1
56520.0,15.7,25.829253679252762,26.225026895156013,98.84316826275963,1
56580.0,15.716666666666667,25.82734286696757,26.231040153280915,99.20681466596761,1
56640.0,15.733333333333333,25.82582368440373,26.236607655436302,99.5745191045257,1
56700.0,15.75,25.82472323428752,26.241714794192813,99.94654291404952,1
56760.0,15.766666666666667,25.82405926046153,26.246365252457636,100.0,1
56820.0,15.783333333333333,25.823810164486964,26.250580857151824,100.0,1
56880.0,15.8,25.823925336150737,26.254400639790024,100.0,1
56940.0,15.816666666666666,25.824329561986197,26.25787914502075,100.0,1
57000.0,15.833333333333334,25.824926313767634,26.261084061053012,100.0,1
57060.0,15.85,25.82560248102602,26.264093275531998,100.0,1
57120.0,15.866666666666667,25.82623430238861,26.266991485537005,100.0,1
57180.0,15.883333333333333,25.826694113530127,26.269866509861973,100.0,1
57240.0,15.9,25.826857429827363,26.272805464750487,100.0,1
57300.0,15.916666666666666,25.826609835428677,26.275890970224914,100.0,1
57360.0,15.933333333333334,25.82230688708239,26.26319755281216,99.50128407218682,0
57420.0,15.95,25.818696167308236,26.250916401885075,98.99794434755268,0
57480.0,15.966666666666667,25.81588595643424,26.23909559738384,98.48921627145373,0
57540.0,15.983333333333333,25.813955134248438,26.227767009223136,97.9745707860614,0
57600.0,16.0,25.81294874691282,26.21694487314935,97.45373745272806,0
57660.0,16.016666666666666,25.812874711780733,26.206625137545792,96.92671627145373,0
57720.0,16.033333333333335,25.81370201734067,26.196785609731577,96.39377768088599,0
57780.0,16.05,25.815360732493556,26.18738689535831,95.85545073885348,0
57840.0,16.066666666666666,25.8177440426234,26.178374089846397,95.31249999999997,0
57900.0,16.083333333333332,25.82071238658114,26.169679147935195,94.76589210107781,0
57960.0,16.1,25.824099594312575,26.161223827784305,94.21675351428333,0
58020.0,16.116666666666667,25.82772074112984,26.152923080952768,93.6663213150164,0
58080.0,16.133333333333333,25.831381266076757,26.144688740095884,93.11588911574948,0
58140.0,16.15,25.83488677192018,26.136433343207706,92.56675052895498,0
58200.0,16.166666666666668,25.83805285158416,26.128073927269615,92.02014263003282,0
58260.0,16.183333333333334,25.84071428096948,26.11953562550241,91.47719189117932,0
58320.0,16.2,25.84273298198121,26.110754911002978,90.9388649491468,0
58380.0,16.216666666666665,25.844004283207433,26.101682345001105,90.40592635857907,0
58440.0,16.233333333333334,25.844461171547227,26.09228470962273,89.87890517730473,0
58500.0,16.25,25.844076413019796,26.08254643194575,89.3580718439714,0
58560.0,16.266666666666666,25.842862599964203,26.07247023710855,88.84342635857905,0
58620.0,16.283333333333335,25.840870332000993,26.06207700192553,88.33469828248012,0
58680.0,16.3,25.83818484242756,26.05140481540554,87.83135855784597,0
58740.0,16.316666666666666,25.834921431525093,26.040507287231343,87.3326426300328,0
58800.0,16.333333333333332,25.83122006445216,26.029451178125925,86.8375838622883,0
58860.0,16.35,25.827239443835182,26.018313455668327,86.34505578241613,0
58920.0,16.366666666666667,25.823150792531855,26.007177904232243,85.85382131501636,0
58980.0,16.383333333333333,25.819131500602357,25.996131437207648,85.36258684761661,0
59040.0,16.4,25.81535872225818,25.985260272677397,84.87005876774445,0
59100.0,16.416666666666668,25.81200296944518,25.97464613968841,84.37499999999994,0
59160.0,16.433333333333334,25.80922174777122,25.964362680919947,83.87628407218676,0
59220.0,16.45,25.807153318109574,25.954472208968003,83.37294434755262,0
59280.0,16.466666666666665,25.805910735106114,25.945022958010107,82.86421627145367,0
59340.0,16.483333333333334,25.805576396517576,25.93604695096439,82.34957078606135,0
59400.0,16.5,25.805478462877698,25.943558575356676,82.72159459558516,1
59460.0,16.516666666666666,25.804914185748743,25.951425930135457,83.08929903414327,1
59520.0,16.533333333333335,25.80391929686983,25.959627995980526,83.45294543735123,1
59580.0,16.55,25.80255340045836,25.96812654251727,83.81304470132277,1
59640.0,16.566666666666666,25.800896606931577,25.976867819828083,84.1703342487858,1
59700.0,16.583333333333332,25.799045690582613,25.985784928077027,84.52574474655987,1
59760.0,16.6,25.797109991868833,25.994800761685003,84.88035803413347,1
59820.0,16.616666666666667,25.79520720221927,26.00383139938226,85.23535810886975,1
59880.0,16.633333333333333,25.79345908709049,26.01278979197794,85.59197731846623,1
59940.0,16.65,25.791987140627125,26.021589586674708,85.95144012235814,1
60000.0,16.666666666666668,25.790908137259272,26.03014892078888,86.3149068915526,1
60060.0,16.683333333333334,25.790329559024258,26.03839401907352,86.68342021619354,1
60120.0,16.7,25.790344930664123,26.04626243742552,87.0578560819863,1
60180.0,16.716666666666665,25.791029177363054,26.053705811212264,87.4388820651759,1
60240.0,16.733333333333334,25.79243421528955,26.060691988104203,87.82692439030927,1
60300.0,16.75,25.794585072095096,26.06720645219937,88.22214530886303,1
60360.0,16.766666666666666,25.797476892453606,26.073252977200138,88.62443180685372,1
60420.0,16.783333333333335,25.801073195792515,26.078853480096384,89.03339615543068,1
60480.0,16.8,25.80530570992963,26.084047081751027,89.44838830176872,1
60540.0,16.816666666666666,25.81007600495968,26.088888415446064,89.86851958090936,1
60600.0,16.833333333333332,25.815259005655495,26.093445257314926,90.29269673512054,1
60660.0,16.85,25.820708285505106,26.097795582223817,90.71966477744574,1
60720.0,16.866666666666667,25.82626286464822,26.10202417377529,91.14805685005543,1
60780.0,16.883333333333333,25.831755072730882,26.106218936594352,91.57644892266512,1
60840.0,16.9,25.83701891926567,26.110467072069007,92.00341696499031,1
60900.0,16.916666666666668,25.841898355762897,26.114851284684885,92.4275941192015,1
60960.0,16.933333333333334,25.846254824270446,26.119446184756452,92.84772539834213,1
61020.0,16.95,25.849973564528455,26.124315044773816,93.26271754468019,1
61080.0,16.966666666666665,25.85296828541487,26.129507051129472,93.67168189325714,1
61140.0,16.983333333333334,25.85518397651434,26.135055171338802,94.07396839124782,1
61200.0,17.0,25.856597818489394,26.140974729968093,94.46918930980158,1
61260.0,17.016666666666666,25.85721832155728,26.147262755509985,94.85723163493495,1
61320.0,17.033333333333335,25.857082957890174,26.153898126752058,95.23825761812455,1
61380.0,17.05,25.856254640666627,26.160842512242628,95.61269348391733,1
61440.0,17.066666666666666,25.854817432950604,26.168042061795642,95.98120680855826,1
61500.0,17.083333333333332,25.852871846109494,26.175429776108846,96.3446735777527,1
61560.0,17.1,25.850530021239777,26.182928450932565,96.70413638164462,1
61620.0,17.116666666666667,25.84791099552944,26.19045406711584,97.0607555912411,1
61680.0,17.133333333333333,25.845136159202486,26.197919478369652,97.41575566597737,1
61740.0,17.15,25.8423249275522,26.205238235575287,97.77036895355099,1
61800.0,17.166666666666668,25.83959060225046,26.212328380498253,98.12577945132504,1
61860.0,17.183333333333334,25.837036385325906,26.21911604310522,98.4830689987881,1
61920.0,17.2,25.83475153819269,26.225538685264965,98.84316826275963,1
61980.0,17.216666666666665,25.832807738753857,26.231547849068996,99.20681466596761,1
62040.0,17.233333333333334,25.8312557669593,26.237111289658078,99.5745191045257,1
62100.0,17.25,25.830122724347756,26.242214399340813,99.94654291404952,1
62160.0,17.266666666666666,25.829426353581404,26.24686086076445,100.0,1
62220.0,17.283333333333335,25.829145055048116,26.251072500592183,100.0,1
62280.0,17.3,25.82922821736852,26.25488835008286,100.0,1
62340.0,17.316666666666666,25.829600625916672,26.258362953631245,100.0,1
62400.0,17.333333333333332,25.830165751314524,26.261563999194625,100.0,1
62460.0,17.35,25.83081048194763,26.264569374168477,100.0,1
62520.0,17.366666666666667,25.831411055304688,26.267463775384392,100.0,1
62580.0,17.383333333333333,25.83183980592871,26.27033502139058,100.0,1
62640.0,17.4,25.831972248071555,26.273270228186863,100.0,1
62700.0,17.416666666666668,25.831693964763403,26.2763520155538,100.0,1
62760.0,17.433333333333334,25.827360511641107,26.263654909778417,99.50128407218682,0
62820.0,17.45,25.8237194701196,26.251370099995604,98.99794434755268,0
62880.0,17.466666666666665,25.820879119428735,26.23954566590949,98.48921627145373,0
62940.0,17.483333333333334,25.818918338264965,26.228213477200576,97.9745707860614,0
63000.0,17.5,25.817882171705246,26.21738776938297,97.45373745272806,0
63060.0,17.516666666666666,25.817778536024406,26.207064490609543,96.92671627145373,0
63120.0,17.533333333333335,25.81857641863888,26.19722144797082,96.39377768088599,0
63180.0,17.55,25.820205887383974,26.187819246891635,95.85545073885348,0
63240.0,17.566666666666666,25.822560126584477,26.178802982567458,95.31249999999997,0
63300.0,17.583333333333332,25.82549957403845,26.170104609514485,94.76589210107781,0
63360.0,17.6,25.828858058645142,26.16164588567096,94.21675351428333,0
63420.0,17.616666666666667,25.832450654676414,26.15334176237633,93.6663213150164,0
63480.0,17.633333333333333,25.83608280014205,26.145104072068055,93.11588911574948,0
63540.0,17.65,25.83956009678108,26.1368453525241,92.56675052895498,0
63600.0,17.666666666666668,25.842698136495898,26.12848264051148,92.02014263003282,0
63660.0,17.683333333333334,25.845331694171747,26.11994106903834,91.47719189117932,0
63720.0,17.7,25.847322690704267,26.111157110990618,90.9388649491468,0
63780.0,17.716666666666665,25.848566453678153,26.102081327388845,90.40592635857907,0
63840.0,17.733333333333334,25.848995968995123,26.09268050015137,89.87890517730473,0
63900.0,17.75,25.848584001683005,26.08293905615016,89.3580718439714,0
63960.0,17.766666666666666,25.847343143095433,26.07285972031932,88.84342635857905,0
64020.0,17.783333333333335,25.845323991873435,26.062463369270617,88.33469828248012,0
64080.0,17.8,25.842611780340768,26.05178809181187,87.83135855784597,0
64140.0,17.816666666666666,25.839321807810823,26.040887497426418,87.3326426300328,0
64200.0,17.833333333333332,25.835594038480178,26.029828346639437,86.8375838622883,0
64260.0,17.85,25.83158717401903,26.01868760683373,86.34505578241613,0
64320.0,17.866666666666667,25.8274724363346,26.007549062188325,85.85382131501636,0
64380.0,17.883333333333333,25.823427214542285,25.996499625900082,85.36258684761661,0
64440.0,17.9,25.819628661914468,25.985625515860292,84.87005876774445,0
64500.0,17.916666666666668,25.816247289463533,25.975008460925842,84.37499999999994,0
64560.0,17.933333333333334,25.81344060186946,25.96472210358748,83.87628407218676,0
64620.0,17.95,25.811346859083226,25.954828756254194,83.37294434755262,0
64680.0,17.966666666666665,25.810079114833922,25.94537665291801,82.86421627145367,0
64740.0,17.983333333333334,25.809719765967017,25.936397816313033,82.34957078606135,0
64800.0,18.0,25.80959697211044,25.94390663378253,82.72159459558516,1
64860.0,18.016666666666666,25.80900798392609,25.951771204093905,83.08929903414327,1
64920.0,18.033333333333335,25.80798853225811,25.959970507747304,83.45294543735123,1
64980.0,18.05,25.806598220434314,25.96846631418991,83.81304470132277,1
65040.0,18.066666666666666,25.804917157987674,25.977204873327345,84.1703342487858,1
65100.0,18.083333333333332,25.80304211833237,25.986119285148295,84.52574474655987,1
65160.0,18.1,25.801082441052092,25.9951324438997,84.88035803413347,1
65220.0,18.116666666666667,25.79915581670743,26.004160428139237,85.23535810886975,1
65280.0,18.133333333333333,25.797384009891722,26.01311618850486,85.59197731846623,1
65340.0,18.15,25.79588851389155,26.02191337202941,85.95144012235814,1
65400.0,18.166666666666668,25.794786102284114,26.030470115860744,86.3149068915526,1
65460.0,18.183333333333334,25.794184256258948,26.038712644584812,86.68342021619354,1
65520.0,18.2,25.794176499715405,26.04657851393272,87.0578560819863,1
65580.0,18.216666666666665,25.79483775700003,26.054019359107407,87.4388820651759,1
65640.0,18.233333333333334,25.796219943448705,26.061003027616184,87.82692439030927,1
65700.0,18.25,25.798348085885294,26.067515003395254,88.22214530886303,1
65760.0,18.266666666666666,25.801217328161062,26.073559059986458,88.62443180685372,1
65820.0,18.283333333333335,25.804791188885726,26.079157114220415,89.03339615543068,1
65880.0,18.3,25.809001395064282,26.084348286802065,89.44838830176872,1
65940.0,18.316666666666666,25.813749515983524,26.089187210856693,89.86851958090936,1
66000.0,18.333333333333332,25.818910475613198,26.09374166236227,90.29269673512054,1
66060.0,18.35,25.824337846643065,26.09808961603078,90.71966477744574,1
66120.0,18.366666666666667,25.82987064841935,26.102315855311797,91.14805685005543,1
66180.0,18.383333333333333,25.835341209799388,26.106508284678565,91.57644892266512,1
66240.0,18.4,25.840583539511766,26.110754105368546,92.00341696499031,1
66300.0,18.416666666666668,25.845441588287514,26.11513602171803,92.4275941192015,1
66360.0,18.433333333333334,25.849776797399915,26.119728643893332,92.84772539834213,1
66420.0,18.45,25.853474405819146,26.1245952442376,93.26271754468019,1
66480.0,18.466666666666665,25.85644812165782,26.129785008997548,93.67168189325714,1
66540.0,18.483333333333334,25.85864293373983,26.13533090554393,94.07396839124782,1
66600.0,18.5,25.86003602197153,26.14124825829958,94.46918930980158,1
66660.0,18.516666666666666,25.860635895818525,26.14753409561482,94.85723163493495,1
66720.0,18.533333333333335,25.86048002670585,26.154167296136052,95.23825761812455,1
66780.0,18.55,25.85963132706941,26.16110952827155,95.61269348391733,1
66840.0,18.566666666666666,25.858173859234967,26.168306941696333,95.98120680855826,1
66900.0,18.583333333333332,25.85620813383615,26.17569253697033,96.3446735777527,1
66960.0,18.6,25.853846291240075,26.183189109707158,96.70413638164462,1
67020.0,18.616666666666667,25.851207367909737,26.190712640620237,97.0607555912411,1
67080.0,18.633333333333333,25.8484127533485,26.198175983286013,97.41575566597737,1
67140.0,18.65,25.845581862133336,26.205492688452317,97.77036895355099,1
67200.0,18.666666666666668,25.842827995224113,26.212580797752267,98.12577945132504,1
67260.0,18.683333333333334,25.840254353941717,26.219366441021204,98.4830689987881,1
67320.0,18.7,25.837950198996808,26.22578707999762,98.84316826275963,1
67380.0,18.716666666666665,25.83598720759315,26.23179425664379,99.20681466596761,1
67440.0,18.733333333333334,25.834416158985555,26.237355725972275,99.5745191045257,1
67500.0,18.75,25.833264154021855,26.242456880164497,99.94654291404952,1
67560.0,18.766666666666666,25.832548934677458,26.247101401741546,100.0,1
67620.0,18.783333333333335,25.832248900657596,26.25131111724146,100.0,1
67680.0,18.8,25.832313439904343,26.255125057798942,100.0,1
67740.0,18.816666666666666,25.83266733711728,26.258597767685597,100.0,1
67800.0,18.833333333333332,25.83321406224793,26.261796934736545,100.0,1
67860.0,18.85,25.833840503015434,26.26480044622606,100.0,1
67920.0,18.866666666666667,25.834422896246085,26.267692998865517,100.0,1
67980.0,18.883333333333333,25.834833575824458,26.270562411083855,100.0,1
68040.0,18.9,25.834948055347926,26.273495798762593,100.0,1
68100.0,18.916666666666668,25.834651917196116,26.276575781564922,100.0,1
68160.0,18.933333333333334,25.830300716359226,26.26387688566145,99.50128407218682,0
68220.0,18.95,25.82664203360941,26.251590300071573,98.99794434755268,0
68280.0,18.966666666666665,25.82378414753761,26.23976410438485,98.48921627145373,0
68340.0,18.983333333333334,25.821805936205187,26.228430168168135,97.9745707860614,0
68400.0,19.0,25.820752444057828,26.21760272682279,97.45373745272806,0
68460.0,19.016666666666666,25.82063158674287,26.207277728389844,96.92671627145373,0
68520.0,19.033333333333335,25.821412351053034,26.197432979848877,96.39377768088599,0
68580.0,19.05,25.823024804203644,26.18802908651467,95.85545073885348,0
68640.0,19.066666666666666,25.82536212990323,26.17901114347351,95.31249999999997,0
68700.0,19.083333333333332,25.82828476533729,26.17031110513329,94.76589210107781,0
68760.0,19.1,25.83162653879619,26.161850729324815,94.21675351428333,0
68820.0,19.116666666666667,25.835202523946553,26.153544967280954,93.6663213150164,0
68880.0,19.133333333333333,25.838818158196567,26.145305651333445,93.11588911574948,0
68940.0,19.15,25.84227904268727,26.137045319155366,92.56675052895498,0
69000.0,19.166666666666668,25.84540076872665,26.128681007409693,92.02014263003282,0
69060.0,19.183333333333334,25.848018110609114,26.12013784900137,91.47719189117932,0
69120.0,19.2,25.84999298864301,26.111352316713944,90.9388649491468,0
69180.0,19.216666666666665,25.85122072982926,26.102274971466382,90.40592635857907,0
69240.0,19.233333333333334,25.851634319489325,26.092872595076287,89.87890517730473,0
69300.0,19.25,25.85120652207424,26.083129614315677,89.3580718439714,0
69360.0,19.266666666666666,25.84994992836432,26.073048754019517,88.84342635857907,0
69420.0,19.283333333333335,25.84791513643071,26.06265089070121,88.33469828248013,0
69480.0,19.3,25.845187378030698,26.051974113071015,87.83135855784599,0
69540.0,19.316666666666666,25.841881951914612,26.041072030515494,87.33264263003281,0
69600.0,19.333333333333332,25.838138821719344,26.030011403463803,86.8375838622883,0
69660.0,19.35,25.834116688558762,26.0188691992035,86.34505578241614,0
69720.0,19.366666666666667,25.82998677378709,26.007729201819135,85.85382131501638,0
69780.0,19.383333333333333,25.82592646597006,25.996678324413846,85.36258684761663,0
69840.0,19.4,25.822112917833675,25.985802784785946,84.87005876774447,0
69900.0,19.416666666666668,25.818716639847224,25.97518431170009,84.37499999999994,0
69960.0,19.433333333333334,25.815895136150846,25.964896547555536,83.87628407218678,0
70020.0,19.45,25.813786666158926,25.955001804670506,83.37294434755262,0
70080.0,19.466666666666665,25.812504283067167,25.94554831694699,82.86421627145369,0
70140.0,19.483333333333334,25.812130383190866,25.936568107029778,82.34957078606136,0
70200.0,19.5,25.811993125630945,25.94407556217354,82.72159459558517,1
70260.0,19.516666666666666,25.811389760525472,25.951938781057788,83.08929903414327,1
70320.0,19.533333333333335,25.810356018197897,25.960136744095475,83.45294543735125,1
70380.0,19.55,25.808951501458463,25.968631220647296,83.81304470132278,1
70440.0,19.566666666666666,25.807256319325678,25.97736846053307,84.1703342487858,1
70500.0,19.583333333333332,25.80536724470235,25.986281563656377,84.52574474655987,1
70560.0,19.6,25.80339361666385,25.995293424179717,84.88035803413348,1
70620.0,19.616666666666667,25.801453125265517,26.004320120577017,85.23535810886976,1
70680.0,19.633333333333333,25.79966753459846,26.013274603403136,85.59197731846623,1
70740.0,19.65,25.798158337450047,26.0220705196085,85.95144012235815,1
70800.0,19.666666666666668,25.797042306901258,26.0306260062592,86.3149068915526,1
70860.0,19.683333333333334,25.79642692364839,26.038867287860082,86.68342021619354,1
70920.0,19.7,25.79640571110051,26.046731920061788,87.05785608198632,1
70980.0,19.716666666666665,25.79705359311682,26.054171537987447,87.4388820651759,1
71040.0,19.733333333333334,25.798422484548794,26.061153989065183,87.82692439030929,1
71100.0,19.75,25.800537411738784,26.067664757152663,88.22214530886305,1
71160.0,19.766666666666666,25.80339351805943,26.073707615713808,88.62443180685374,1
71220.0,19.783333333333335,25.806954321644703,26.079304481501946,89.0333961554307,1
71280.0,19.8,25.811151549026707,26.084494475145345,89.44838830176873,1
71340.0,19.816666666666666,25.815886769022175,26.089332229693227,89.86851958090938,1
71400.0,19.833333333333332,25.821034905133615,26.09388552104811,90.29269673512056,1
71460.0,19.85,25.82644952958636,26.098232323847135,90.71966477744576,1
71520.0,19.866666666666667,25.83196966126499,26.102457421465623,91.14805685005544,1
71580.0,19.883333333333333,25.83742762856795,26.106648718303163,91.57644892266512,1
71640.0,19.9,25.842657439767716,26.110893415524146,92.00341696499031,1
71700.0,19.916666666666668,25.84750304514193,26.115274217392383,92.4275941192015,1
71760.0,19.933333333333334,25.851825885513207,26.11986573400229,92.84772539834213,1
71820.0,19.95,25.855511199403757,26.124731237625685,93.26271754468019,1
71880.0,19.966666666666665,25.858472694480923,26.129919914438528,93.67168189325714,1
71940.0,19.983333333333334,25.860655359125996,26.135464731741383,94.07396839124782,1
72000.0,20.0,25.86203637280538,26.14138101388745,94.46918930980158,1
72060.0,20.016666666666666,25.86262424454737,26.147665789157987,94.85723163493495,1
72120.0,20.033333333333335,25.86245644534232,26.154297936130874,95.23825761812455,1
72180.0,20.05,25.86159588719406,26.161239123146412,95.61269348391733,1
72240.0,20.066666666666666,25.86012663199887,26.168435499812198,95.98120680855826,1
72300.0,20.083333333333332,25.85814918996347,26.17582006662127,96.3446735777527,1
72360.0,20.1,25.85577570103063,26.18331561912089,96.70413638164462,1
72420.0,20.116666666666667,25.85312520124155,26.19083813795866,97.0607555912411,1
72480.0,20.133333333333333,25.850319079680325,26.198300476645727,97.41575566597737,1
72540.0,20.15,25.84747675050717,26.20561618586515,97.77036895355099,1
72600.0,20.166666666666668,25.8447115142677,26.212703307185798,98.12577945132504,1
72660.0,20.183333333333334,25.842126571871045,26.219487970379266,98.4830689987881,1
72720.0,20.2,25.839811183618558,26.225907637120816,98.84316826275963,1
72780.0,20.216666666666665,25.83783702630717,26.23191384931,99.20681466596761,1
72840.0,20.233333333333334,25.836254878787294,26.237474361897156,99.5745191045257,1
72900.0,20.25,25.835091841504784,26.24257456700198,99.94654291404952,1
72960.0,20.266666666666666,25.83436565603549,26.24721814708433,100.0,1
73020.0,20.283333333333335,25.83405472168748,26.251426928621502,100.0,1
73080.0,20.3,25.834108426008047,26.255239942687943,100.0,1
73140.0,20.316666666666666,25.834451553304362,26.258711733495485,100.0,1
73200.0,20.333333333333332,25.834987573137887,26.26190998881995,100.0,1
73260.0,20.35,25.83560337284005,26.2649125958768,100.0,1
73320.0,20.366666666666667,25.836175188851755,26.26780425131905,100.0,1
73380.0,20.383333333333333,25.836575354674494,26.27067277351776,100.0,1
73440.0,20.4,25.836679383524864,26.273605278297026,100.0,1
73500.0,20.416666666666668,25.836372857403994,26.27668438526308,100.0,1
73560.0,20.433333333333334,25.832011330925855,26.26398462053002,99.50128407218682,0
73620.0,20.45,25.82834238448864,26.251697173061196,98.99794434755268,0
73680.0,20.466666666666665,25.82547429631156,26.239870122390556,98.48921627145373,0
73740.0,20.483333333333334,25.823485944086496,26.228535338029797,97.9745707860614,0
73800.0,20.5,25.82242237189185,26.21770705532556,97.45373745272806,0
73860.0,20.516666666666666,25.82229149500989,26.20738122226459,96.92671627145373,0
73920.0,20.533333333333335,25.82306229987045,26.197535645772625,96.39377768088599,0
73980.0,20.55,25.824664853328155,26.18813093111103,95.85545073885348,0
74040.0,20.566666666666666,25.826992338732992,26.179112173313097,95.31249999999997,0
74100.0,20.583333333333332,25.829905192914076,26.17041132673416,94.76589210107781,0
74160.0,20.6,25.833237243807517,26.16195014915288,94.21675351428333,0
74220.0,20.616666666666667,25.836803564727813,26.15364359175039,93.6663213150164,0
74280.0,20.633333333333333,25.840409592733142,26.145403486807126,93.11588911574948,0
74340.0,20.65,25.843860928616625,26.13714237194526,92.56675052895498,0
74400.0,20.666666666666668,25.846973163340426,26.128777283777268,92.02014263003282,0
74460.0,20.683333333333334,25.84958107085521,26.120233355158003,91.47719189117932,0
74520.0,20.7,25.851546571127624,26.111447058821323,90.9388649491468,0
74580.0,20.716666666666665,25.85276499081897,26.102368955636905,90.40592635857907,0
74640.0,20.733333333333334,25.853169314913096,26.092965827373444,89.87890517730473,0
74700.0,20.75,25.852732307525468,26.08322210075446,89.3580718439714,0
74760.0,20.766666666666666,25.851466559102843,26.073140500566787,88.84342635857905,0
74820.0,20.783333333333335,25.8494226673848,26.062741903276102,88.33469828248012,0
74880.0,20.8,25.846685863799063,26.05206439754531,87.83135855784597,0
74940.0,20.816666666666666,25.843371446768366,26.04116159271399,87.3326426300328,0
75000.0,20.833333333333332,25.839619379603977,26.03010024916471,86.8375838622883,0
75060.0,20.85,25.83558836309609,26.018957334138804,86.34505578241613,0
75120.0,20.866666666666667,25.831449618277198,26.007816631674956,85.85382131501636,0
75180.0,20.883333333333333,25.827380533393228,25.99676505483082,85.36258684761661,0
75240.0,20.9,25.823558260852305,25.985888821359584,84.87005876774445,0
75300.0,20.916666666666668,25.820153310807743,25.975269659981137,84.37499999999994,0
75360.0,20.933333333333334,25.817323187085606,25.964981213050333,83.87628407218676,0
75420.0,20.95,25.815206148788075,25.955085792841345,83.37294434755262,0
75480.0,20.966666666666665,25.81391524880054,25.945631633212464,82.86421627145367,0
75540.0,20.983333333333334,25.813532883129838,25.93665075676513,82.34957078606135,0
75600.0,21.0,25.813387210570284,25.944157550711008,82.72159459558516,1
75660.0,21.016666666666666,25.812775480955175,25.952020113686956,83.08929903414327,1
75720.0,21.033333333333335,25.81173342430502,25.96021742606361,83.45294543735123,1
75780.0,21.05,25.810320643128943,25.968711257159686,83.81304470132277,1
75840.0,21.066666666666666,25.808617246146135,25.977447856753365,84.1703342487858,1
75900.0,21.083333333333332,25.806720005961882,25.986360324706908,84.52574474655987,1
75960.0,21.1,25.804738261355826,25.995371555141844,84.88035803413347,1
76020.0,21.116666666666667,25.802789702089342,26.004397626491446,85.23535810886975,1
76080.0,21.133333333333333,25.80099609196134,26.013351489270253,85.59197731846623,1
76140.0,21.15,25.79947892346875,26.022146790388682,85.95144012235814,1
76200.0,21.166666666666668,25.79835496940385,26.030701666873142,86.3149068915526,1
76260.0,21.183333333333334,25.797731710175967,26.038942343189113,86.68342021619354,1
76320.0,21.2,25.797702668908922,26.046806374948186,87.0578560819863,1
76380.0,21.216666666666665,25.798342769178387,26.05424539723475,87.4388820651759,1
76440.0,21.233333333333334,25.79970392555399,26.06122725743851,87.82692439030927,1
76500.0,21.25,25.801811164097952,26.067737439379002,88.22214530886303,1
76560.0,21.266666666666666,25.804659627904442,26.073779716482335,88.62443180685372,1
76620.0,21.283333333333335,25.808212834830645,26.079376005464326,89.03339615543068,1
76680.0,21.3,25.81240251113353,26.084565426916026,89.44838830176872,1
76740.0,21.316666666666666,25.817130225356358,26.089402613849742,89.86851958090936,1
76800.0,21.333333333333332,25.822270900729794,26.093955342131377,90.29269673512054,1
76860.0,21.35,25.82767810920896,26.098301586361735,90.71966477744574,1
76920.0,21.366666666666667,25.833190869409854,26.102526129880104,91.14805685005543,1
76980.0,21.383333333333333,25.838641509463947,26.106716877050328,91.57644892266512,1
77040.0,21.4,25.84386403737834,26.110961029001334,92.00341696499031,1
77100.0,21.416666666666668,25.84870240316689,26.115341289961755,92.4275941192015,1
77160.0,21.433333333333334,25.853018047390016,26.119932269991107,92.84772539834213,1
77220.0,21.45,25.856696208309305,26.124797241326593,93.26271754468019,1
77280.0,21.466666666666665,25.859650593333036,26.12998539010983,93.67168189325714,1
77340.0,21.483333333333334,25.861826190584996,26.135529683607317,94.07396839124782,1
77400.0,21.5,25.863200179275626,26.14144544613846,94.46918930980158,1
77460.0,21.516666666666666,25.863781068178795,26.147729705950987,94.85723163493495,1
77520.0,21.533333333333335,25.86360632803196,26.15436134158953,95.23825761812455,1
77580.0,21.55,25.86273887058756,26.1613020213614,95.61269348391733,1
77640.0,21.566666666666666,25.86126275749201,26.168497894841465,95.98120680855826,1
77700.0,21.583333333333332,25.859278498703652,26.1758819624903,96.3446735777527,1
77760.0,21.6,25.856898233918372,26.18337701982297,96.70413638164462,1
77820.0,21.616666666666667,25.854240998931964,26.190899047455122,97.0607555912411,1
77880.0,21.633333333333333,25.851428182584595,26.19836089886622,97.41575566597737,1
77940.0,21.65,25.848579198794013,26.20567612470788,97.77036895355099,1
78000.0,21.666666666666668,25.845807347864824,26.212762766517788,98.12577945132504,1
78060.0,21.683333333333334,25.843215830466583,26.2195469540366,98.4830689987881,1
78120.0,21.7,25.840893906662526,26.225966148908892,98.84316826275963,1
78180.0,21.716666666666665,25.838913253012873,26.231971893003774,99.20681466596761,1
78240.0,21.733333333333334,25.83732464813276,26.23753194124138,99.5745191045257,1
78300.0,21.75,25.836155192234177,26.242631685711448,99.94654291404952,1
78360.0,21.766666666666666,25.835422626660506,26.24727480884412,100.0,1
78420.0,21.783333333333335,25.835105350488746,26.251483137087217,100.0,1
78480.0,21.8,25.835152751036507,26.255295701485935,100.0,1
78540.0,21.816666666666666,25.835489612382652,26.25876704622309,100.0,1
78600.0,21.833333333333332,25.83601940386171,26.261964859045737,100.0,1
78660.0,21.85,25.836629012579532,26.26496702714078,100.0,1
78720.0,21.866666666666667,25.8371946747528,26.267858247132917,100.0,1
78780.0,21.883333333333333,25.837588723660133,26.27072633736512,100.0,1
78840.0,21.9,25.837686672296588,26.27365841363361,100.0,1
78900.0,21.916666666666668,25.837374102443086,26.27673709551697,100.0,1
78960.0,21.933333333333334,25.833006568494714,26.26403690910188,99.50128407218682,0
79020.0,21.95,25.829331650632085,26.25174904332448,98.99794434755268,0
79080.0,21.966666666666665,25.826457626858147,26.23992157769173,98.48921627145373,0
79140.0,21.983333333333334,25.824463374649802,26.22858638168856,97.9745707860614,0
79200.0,22.0,25.823393937871774,26.217757690635054,97.45373745272806,0
79260.0,22.016666666666666,25.823257231593935,26.20743145249161,96.92671627145373,0
79320.0,22.033333333333335,25.824022242034992,26.197585474157826,96.39377768088599,0
79380.0,22.05,25.82561903583971,26.188180360869147,95.85545073885348,0
79440.0,22.066666666666666,25.82794079614948,26.17916120763315,95.31249999999997,0
79500.0,22.083333333333332,25.830847959586063,26.170459968779653,94.76589210107781,0
79560.0,22.1,25.83417435387947,26.161998402062007,94.21675351428333,0
79620.0,22.116666666666667,25.837735052139333,26.15369145863625,93.6663213150164,0
79680.0,22.133333333333333,25.841335491220192,26.145450970757896,93.11588911574948,0
79740.0,22.15,25.844781271712755,26.137189476024425,92.56675052895498,0
79800.0,22.166666666666668,25.84788798437798,26.1288240110238,92.02014263003282,0
79860.0,22.183333333333334,25.85049040296654,26.120279708586562,91.47719189117932,0
79920.0,22.2,25.852450447246287,26.111493041422456,90.9388649491468,0
79980.0,22.216666666666665,25.85366344368092,26.102414570377228,90.40592635857907,0
80040.0,22.233333333333334,25.854062377057872,26.093011077195847,89.87890517730473,0
80100.0,22.25,25.853620011297377,26.08326698857828,89.3580718439714,0
80160.0,22.266666666666666,25.85234893665212,26.07318502928802,88.84342635857905,0
80220.0,22.283333333333335,25.850299750668782,26.062786075767566,88.33469828248012,0
80280.0,22.3,25.84755768458334,26.05210821665684,87.83135855784597,0
80340.0,22.316666666666666,25.84423803662794,26.04120506127263,87.3326426300328,0
80400.0,22.333333333333332,25.84048076992439,26.03014336997488,86.8375838622883,0
80460.0,22.35,25.836444585074577,26.01900010998249,86.34505578241613,0
80520.0,22.366666666666667,25.832300702923813,26.00785906531189,85.85382131501636,0
80580.0,22.383333333333333,25.828226511531962,25.99680714899866,85.36258684761661,0
80640.0,22.4,25.824399163122205,25.98593057877408,84.87005876774445,0
80700.0,22.416666666666668,25.820989167664024,25.97531108333632,84.37499999999994,0
80760.0,22.433333333333334,25.81815402880075,25.965022305018675,83.87628407218676,0
80820.0,22.45,25.816032005452925,25.95512655607394,83.37294434755262,0
80880.0,22.466666666666665,25.814736150325402,25.945672070339196,82.86421627145367,0
80940.0,22.483333333333334,25.81434885924555,25.936690870394848,82.34957078606135,0
81000.0,22.5,25.8141982908293,25.94419734343169,82.72159459558516,1
81060.0,22.516666666666666,25.813581694732637,25.95205958806587,83.08929903414325,1
81120.0,22.533333333333335,25.812534800799817,25.960256584647496,83.45294543735123,1
81180.0,22.55,25.81111721136477,25.9687501024749,83.81304470132275,1
81240.0,22.566666666666666,25.809409034972546,25.977486391306055,84.17033424878579,1
81300.0,22.583333333333332,25.807507044055335,25.986398550983175,84.52574474655985,1
81360.0,22.6,25.80552057722072,25.9954094756079,84.88035803413345,1
81420.0,22.616666666666667,25.803567324059046,26.004435243593772,85.23535810886975,1
81480.0,22.633333333333333,25.801769048199226,26.01338880543576,85.59197731846622,1
81540.0,22.65,25.80024724196921,26.022183808024863,85.95144012235812,1
81600.0,22.666666666666668,25.799118677993306,26.03073838836823,86.31490689155258,1
81660.0,22.683333333333334,25.798490836513885,26.03897877091224,86.68342021619353,1
81720.0,22.7,25.798457240488812,26.04684251124953,87.0578560819863,1
81780.0,22.716666666666665,25.799092813328794,26.054281244445686,87.43888206517589,1
81840.0,22.733333333333334,25.800449469439496,26.061262817871757,87.82692439030927,1
81900.0,22.75,25.802552234720142,26.067772715328783,88.22214530886302,1
81960.0,22.766666666666666,25.805396252102902,26.073814710224518,88.6244318068537,1
82020.0,22.783333333333335,25.808945039283916,26.079410719256572,89.03339615543067,1
82080.0,22.8,25.813130322360085,26.084599862997933,89.44838830176872,1
82140.0,22.816666666666666,25.817853669715554,26.089436774442994,89.86851958090935,1
82200.0,22.833333333333332,25.822990004422834,26.09398922943988,90.29269673512054,1
82260.0,22.85,25.82839289827984,26.09833520257177,90.71966477744573,1
82320.0,22.866666666666667,25.833901369746307,26.10255947716046,91.14805685005541,1
82380.0,22.883333333333333,25.83934774679838,26.10674995755244,91.5764489226651,1
82440.0,22.9,25.844566037288764,26.110993844859433,92.0034169649903,1
82500.0,22.916666666666668,25.84940019107785,26.11537384329299,92.42759411920147,1
82560.0,22.933333333333334,25.853711648573512,26.11996456289569,92.84772539834212,1
82620.0,22.95,25.8573856478857,26.124829275887937,93.26271754468016,1
82680.0,22.966666666666665,25.860335896271973,26.13001716839468,93.67168189325712,1
82740.0,22.983333333333334,25.8625073817063,26.135561207665887,94.0739683912478,1
82800.0,23.0,25.863877283250204,26.14147671800456,94.46918930980155,1
82860.0,23.016666666666666,25.864454109529525,26.14776072764216,94.85723163493493,1
82920.0,23.033333333333335,25.864275331134586,26.154392115107175,95.23825761812452,1
82980.0,23.05,25.86340385967157,26.161332548690904,95.61269348391731,1
83040.0,23.066666666666666,25.861923756641517,26.168528177952332,95.98120680855824,1
83100.0,23.083333333333332,25.859935531858262,26.175912003336283,96.34467357775269,1
83160.0,23.1,25.857551324874052,26.18340682034218,96.7041363816446,1
83220.0,23.116666666666667,25.85489017134191,26.190928609570182,97.06075559124108,1
83280.0,23.133333333333333,25.85207345996008,26.198390224484356,97.41575566597736,1
83340.0,23.15,25.84922060450525,26.20570521572107,97.77036895355096,1
83400.0,23.166666666666668,25.84644490514179,26.212791624802872,98.12577945132503,1
83460.0,23.183333333333334,25.84384956239989,26.219575581455402,98.48306899878807,1
83520.0,23.2,25.84152383620423,26.225994547308343,98.84316826275962,1
83580.0,23.216666666666665,25.83953940297733,26.232000064216027,99.20681466596758,1
83640.0,23.233333333333334,25.83794704119743,26.237559887083936,99.57451910452568,1
83700.0,23.25,25.83677385094046,26.242659407987265,99.9465429140495,1
83760.0,23.266666666666666,25.836037573414554,26.24730230934173,100.0,1
83820.0,23.283333333333335,25.83571660756227,26.251510417580846,100.0,1
83880.0,23.3,25.83576034056759,26.255322763735613,100.0,1
83940.0,23.316666666666666,25.836093556376547,26.258793891974772,100.0,1
84000.0,23.333333333333332,25.83661972419164,26.261991490031406,100.0,1
84060.0,23.35,25.83722573098748,26.264993445078563,100.0,1
84120.0,23.366666666666667,25.8377878128503,26.2678844537272,100.0,1
84180.0,23.383333333333333,25.838178302929048,26.270752334306643,100.0,1
84240.0,23.4,25.83827271408989,26.2736842025996,100.0,1
84300.0,23.416666666666668,25.83795662798563,26.276762678171234,100.0,1
84360.0,23.433333333333334,25.833585598884,26.26406228709491,99.50128407218682,0
84420.0,23.45,25.829907206839035,26.251774218293566,98.99794434755268,0
84480.0,23.466666666666665,25.827029729727855,26.239946551261067,98.48921627145373,0
84540.0,23.483333333333334,25.82503204490229,26.22861115546934,97.9745707860614,0
84600.0,23.5,25.82395919610275,26.217782266225587,97.45373745272806,0
84660.0,23.516666666666666,25.82381909827552,26.207455831477418,96.92671627145373,0
84720.0,23.533333333333335,25.824580737516488,26.19760965811175,96.39377768088599,0
84780.0,23.55,25.826174180348318,26.18820435135144,95.85545073885348,0
84840.0,23.566666666666666,25.828492609791034,26.179185006191585,95.31249999999997,0
84900.0,23.583333333333332,25.83139646234577,26.17048357694962,94.76589210107782,0
84960.0,23.6,25.834719565622617,26.162021821366615,94.21675351428334,0
85020.0,23.616666666666667,25.838276992612023,26.15371469058642,93.66632131501642,0
85080.0,23.633333333333333,25.841874180050045,26.145474016852464,93.1158891157495,0
85140.0,23.65,25.845316728409628,26.137212337750235,92.56675052895501,0
85200.0,23.666666666666668,25.84842022833467,26.128846689855802,92.02014263003284,0
85260.0,23.683333333333334,25.85101945345949,26.12030220598791,91.47719189117934,0
85320.0,23.7,25.85297632343628,26.111515358844592,90.93886494914682,0
85380.0,23.716666666666665,25.854186164613772,26.102436709259987,90.4059263585791,0
85440.0,23.733333333333334,25.85458196166513,26.093033038967544,89.87890517730476,0
85500.0,23.75,25.85413647839699,26.083288774655802,89.35807184397142,0
85560.0,23.766666666666666,25.852862304949134,26.07320664107692,88.8434263585791,0
85620.0,23.783333333333335,25.850810038756013,26.06280751466215,88.33469828248015,0
85680.0,23.8,25.84806491094205,26.052129484040268,87.831358557846,0
85740.0,23.816666666666666,25.844742219628497,26.04122615851699,87.33264263003284,0
85800.0,23.833333333333332,25.840981927826945,26.030164298441285,86.83758386228833,0
85860.0,23.85,25.83694273602972,26.019020871021166,86.34505578241615,0
85920.0,23.866666666666667,25.832795864973225,26.007879660262258,85.8538213150164,0
85980.0,23.883333333333333,25.828718702609077,25.996827579189425,85.36258684761665,0
86040.0,23.9,25.824888401052856,25.98595084552332,84.87005876774448,0
86100.0,23.916666666666668,25.82147547016709,25.975331187951564,84.37499999999997,0
86160.0,23.933333333333334,25.818637413488794,25.965042248796998,83.8762840721868,0
86220.0,23.95,25.816512489832846,25.955146340302036,83.37294434755265,0
86280.0,23.966666666666665,25.815213751799046,25.94569169629347,82.8642162714537,0
86340.0,23.983333333333334,25.81482359511035,25.936710339341484,82.34957078606139,0
86400.0,24.0,25.814670178278913,25.944216656626754,82.72159459558519,1
