time_s,time_min,time_h,in_sunlight,solar_power_w,load_power_w,battery_power_w,battery_soc_true,battery_soc_measured,battery_voltage_true,battery_voltage_measured,battery_current_true,battery_current_measured,battery_temp_true,battery_temp_measured,electronics_temp_true,electronics_temp_measured,battery_heat_w,electronics_heat_w,wheel_target_speed_rpm,wheel_speed_true,wheel_speed_measured,wheel_torque_nm,wheel_current_true,wheel_current_measured,wheel_temp_true,wheel_temp_measured,solar_degradation,battery_degradation,thermal_anomaly,wheel_degradation,fault_active,fault_type,fault_progress,fault_severity,fault_label,fault_requested_severity,fault_effective_severity,scenario_id,scenario_fault_type,scenario_start_time_h,scenario_severity,scenario_profile,scenario_ramp_duration_h,scenario_sensor_noise_scale,scenario_random_seed,scenario_internal_fault_name
0.0,0.0,0.0,1,600.0,350.0,-250.0,90.37202380952381,90.44361029254958,29.61488095238095,29.630395567661722,-8.44170200791912,-8.406454954238656,22.022336622077468,22.053017423534488,24.023,23.936380633206152,6.700986623240457,17.5,3000.0,3000.0,3002.1850787263543,0.0006283185307179586,0.16570796326794895,0.1683447211019764,24.979227572821976,24.977867282567463,0.0,0.0,0.0,0.0,False,none,0.0,0.0,nominal,0.7951958587648988,0.0,49,thermal_anomaly,1.9696781589797,0.7951958587648988,abrupt,0.0,0.832599089248062,15861062,thermal_anomaly
60.0,1.0,0.016666666666666666,1,601.2556165273943,354.15823381635516,-247.09738271103913,90.7397282480819,90.54526818332404,29.629589129923275,29.59836209198758,-8.339548065534684,-8.328595773673488,22.0440820855283,21.977949556951565,24.046231823381635,23.982662711473548,6.563844954989063,17.70791169081776,3103.9558454088797,3051.97792270444,3048.6711155935345,0.0019890973650273443,0.1997274341256836,0.20162805691545527,24.95874847619419,24.980960386118255,0.0,0.0,0.0,0.0,False,none,0.0,0.0,nominal,0.7951958587648988,0.0,49,thermal_anomaly,1.9696781589797,0.7951958587648988,abrupt,0.0,0.832599089248062,15861062,thermal_anomaly
120.0,2.0,0.03333333333333333,1,602.5051158172811,358.134732861516,-244.37038295576508,91.10337465128988,91.11331200839061,29.644134986051597,29.682082813211693,-8.243464788928678,-8.2209413946047,22.065272182808812,22.06860918452526,24.069675442080733,24.106720633685864,6.436376938104555,17.9067366430758,3203.3683215379,3127.67312212117,3128.3423336004025,0.002620900448055877,0.21552251120139693,0.20602696410336024,24.938546098704002,24.98539918661668,0.0,0.0,0.0,0.0,False,none,0.0,0.0,nominal,0.7951958587648988,0.0,49,thermal_anomaly,1.9696781589797,0.7951958587648988,abrupt,0.0,0.832599089248062,15861062,thermal_anomaly
180.0,3.0,0.05,1,603.7424104347197,361.7557050458495,-241.98670538887018,91.46347391526143,91.6512583315804,29.658538956610457,29.677571022903845,-8.159090565549752,-8.177720453569174,22.08596608540712,22.18333670143513,24.093293609048672,24.117414145432672,6.325660708547438,18.087785252292473,3293.8926261462366,3210.7828741337034,3209.1905461571137,0.002830866546587775,0.22077166366469436,0.22546102423499018,24.918597552843362,24.863741095634662,0.0,0.0,0.0,0.0,False,none,0.0,0.0,nominal,0.7951958587648988,0.0,49,thermal_anomaly,1.9696781589797,0.7951958587648988,abrupt,0.0,0.832599089248062,15861062,thermal_anomaly
240.0,4.0,0.06666666666666667,1,604.961472404706,364.8628965095479,-240.0985758951581,91.82076346272446,91.92710287122705,29.67283053850898,29.66331057912928,-8.091529238626613,-8.113085094069497,22.10624304767322,22.210344380996318,24.117033549827237,24.11680875165695,6.23782763356395,18.243144825477398,3371.572412738697,3291.1776434362005,3287.1118000419315,0.002777194931208119,0.21942987328020297,0.22375541986039924,24.898879660493158,24.86436699455946,0.0,0.0,0.0,0.0,False,none,0.0,0.0,nominal,0.7951958587648988,0.0,49,thermal_anomaly,1.9696781589797,0.7951958587648988,abrupt,0.0,0.832599089248062,15861062,thermal_anomaly
300.0,5.0,0.08333333333333333,1,606.156362579862,367.3205080756888,-238.83585450417326,92.17617396049855,92.17716528018565,29.68704695841994,29.706998353833587,-8.045119975681306,-8.058649523602154,22.126198644166678,22.13282536539741,24.140829332236187,24.229690316190684,6.17791643384851,18.36602540378444,3433.0127018922194,3362.0951726642097,3363.6205280186005,0.0025459192073639977,0.21364798018409992,0.20910580494323264,24.879369033248576,24.812158784251892,0.0,0.0,0.0,0.0,False,none,0.0,0.0,nominal,0.7951958587648988,0.0,49,thermal_anomaly,1.9696781589797,0.7951958587648988,abrupt,0.0,0.832599089248062,15861062,thermal_anomaly
360.0,6.0,0.1,1,607.3212595753644,369.0211303259031,-238.3001292494613,92.53078724807214,92.48300350826484,29.701231489922886,29.69107386606224,-8.023240697285983,-7.997462392911335,22.145940756644766,22.138226501076687,24.16460481061089,24.313915731687818,6.149791302926885,18.451056516295154,3475.5282581475767,3418.811715405893,3413.199255633729,0.0021889911831264744,0.20472477957816185,0.2014147615959695,24.860041723756545,24.855222391136586,0.0,0.0,0.0,0.0,False,none,0.0,0.0,nominal,0.7951958587648988,0.0,49,thermal_anomaly,1.9696781589797,0.7951958587648988,abrupt,0.0,0.832599089248062,15861062,thermal_anomaly
420.0,7.0,0.11666666666666667,1,608.450488130146,369.8904379073655,-238.56005022278055,92.88578732280843,92.5026238259016,29.715431492912337,29.6820852924542,-8.028153664188972,-7.999593243162221,22.165585445773118,22.19172092951267,24.18827701591674,24.207442115053066,6.156100100466465,18.494521895368276,3497.2609476841367,3458.036331545015,3448.250484048961,0.0017429323004629288,0.1935733075115732,0.19773715848937862,24.84087334921582,24.799574574013736,0.0,0.0,0.0,0.0,False,none,0.0,0.0,nominal,0.7951958587648988,0.0,49,thermal_anomaly,1.9696781589797,0.7951958587648988,abrupt,0.0,0.832599089248062,15861062,thermal_anomaly
480.0,8.0,0.13333333333333333,1,609.5385467561977,369.8904379073655,-239.64810884883218,93.2424065324049,93.38110685352035,29.729696261296198,29.723791240379317,-8.060900008615953,-8.051231206222322,22.18525276215152,22.256332661532653,24.211759843580143,24.317329940083486,6.198248715912373,18.494521895368276,3497.2609476841367,3477.6486396145756,3479.33910462727,0.0012376984602625,0.18094246150656249,0.18646469862530973,24.82183963129007,24.80828095350593,0.0,0.0,0.0,0.0,False,none,0.0,0.0,nominal,0.7951958587648988,0.0,49,thermal_anomaly,1.9696781589797,0.7951958587648988,abrupt,0.0,0.832599089248062,15861062,thermal_anomaly
540.0,9.0,0.15,1,610.5801345412646,369.0211303259031,-241.55900421536148,93.60186933629682,93.34043781859295,29.74407477345187,29.770832450563063,-8.121247880635556,-8.095931981111915,22.20506249014894,22.186981698320476,24.234967877864094,24.150400682430593,6.2763733710982015,18.451056516295154,3475.5282581475767,3476.588448881076,3473.887725766364,0.0007006012993672623,0.16751503248418156,0.16315799703362055,24.802917168998125,24.872866488458698,0.0,0.0,0.0,0.0,False,none,0.0,0.0,nominal,0.7951958587648988,0.0,49,thermal_anomaly,1.9696781589797,0.7951958587648988,abrupt,0.0,0.832599089248062,15861062,thermal_anomaly
600.0,10.0,0.16666666666666666,1,611.5701769743577,367.3205080756888,-244.24966889866886,93.96533610549126,94.19165892555375,29.75861344421965,29.747397019902117,-8.207696549992056,-8.226009606402208,22.22512979058318,22.090220854630328,24.25782018564875,24.106784424010485,6.38930261254012,18.36602540378444,3433.0127018922194,3454.8005753866473,3455.9721338123704,0.00015772978780866564,0.15394324469521664,0.14996950548303264,24.7840842940449,24.684258502467262,0.0,0.0,0.0,0.0,False,none,0.0,0.0,nominal,0.7951958587648988,0.0,49,thermal_anomaly,1.9696781589797,0.7951958587648988,abrupt,0.0,0.832599089248062,15861062,thermal_anomaly
660.0,11.0,0.18333333333333332,1,612.503850668262,364.8628965095479,-247.64095415871407,94.33384943013219,94.17622773241966,29.77335397720529,29.757868163296262,-8.317536356445093,-8.315209214798703,22.245560721450556,22.17565260708237,24.280243913814516,24.248512095590446,6.534512883262872,18.243144825477398,3371.572412738697,3413.186494062673,3412.290702212199,-0.00036588236096057034,0.15914705902401424,0.16556638585653546,24.765371298209715,24.847581685576394,0.0,0.0,0.0,0.0,False,none,0.0,0.0,nominal,0.7951958587648988,0.0,49,thermal_anomaly,1.9696781589797,0.7951958587648988,abrupt,0.0,0.832599089248062,15861062,thermal_anomaly
720.0,12.0,0.2,1,613.376606858593,361.7557050458495,-251.62090181274357,94.70828529592498,94.87710471710973,29.788331411837,29.791092630404474,-8.446961944056957,-8.41123084383243,22.266447668077678,22.184801841146538,24.302177533008585,24.26646172070502,6.708093286747719,18.087785252292473,3293.8926261462366,3353.5395601044547,3355.9153407951458,-0.0008466969717638359,0.1711674242940959,0.17101696810762054,24.746777531689744,24.747387597793956,0.0,0.0,0.0,0.0,False,none,0.0,0.0,nominal,0.7951958587648988,0.0,49,thermal_anomaly,1.9696781589797,0.7951958587648988,abrupt,0.0,0.832599089248062,15861062,thermal_anomaly
780.0,13.0,0.21666666666666667,1,614.184193564921,358.134732861516,-256.049460703405,95.08931127911457,95.22285313875037,29.803572451164584,29.788629231040694,-8.59123385704722,-8.60167805896474,22.287864795185605,22.209469666396014,24.32357358603067,24.24317413000234,6.904743934917956,17.9067366430758,3203.3683215379,3278.4539408211776,3279.809051221726,-0.001263373233051744,0.1815843308262936,0.1796902229436237,24.72828196644546,24.660684688571983,0.0,0.0,0.0,0.0,False,none,0.0,0.0,nominal,0.7951958587648988,0.0,49,thermal_anomaly,1.9696781589797,0.7951958587648988,abrupt,0.0,0.832599089248062,15861062,thermal_anomaly
840.0,14.0,0.23333333333333334,1,614.9226763059908,354.15823381635516,-260.7644424896356,95.47735360424795,95.64116286203937,29.819094144169917,29.801450641464758,-8.744881424931515,-8.743576689407028,22.309863726717456,22.30824806452527,24.344400820724058,24.407055368347667,7.1178360908889795,17.70791169081776,3103.9558454088797,3191.2048931150284,3193.089775083535,-0.0015975369398450977,0.18993842349612744,0.19530862237622384,24.709865507062307,24.665475705927633,0.0,0.0,0.0,0.0,False,none,0.0,0.0,nominal,0.7951958587648988,0.0,49,thermal_anomaly,1.9696781589797,0.7951958587648988,abrupt,0.0,0.832599089248062,15861062,thermal_anomaly
900.0,15.0,0.25,1,615.5884572681198,350.0,-265.5884572681198,95.8725745228017,95.47632928209362,29.83490298091207,29.841022499968997,-8.901938023329231,-8.913506729092413,22.33246974450947,22.2777831092888,24.364645614158267,24.47325878167716,7.33956004569558,17.5,3000.0,3095.602446557514,3095.6098656467097,-0.00183450180819848,0.195862545204962,0.18925969541098972,24.691511756280946,24.77137925257497,0.0,0.0,0.0,0.0,False,none,0.0,0.0,nominal,0.7951958587648988,0.0,49,thermal_anomaly,1.9696781589797,0.7951958587648988,abrupt,0.0,0.832599089248062,15861062,thermal_anomaly
960.0,16.0,0.26666666666666666,1,616.178292833385,345.84176618364484,-270.3365266497401,96.27486102079239,96.12638305712014,29.850994440831695,29.85279847110988,-9.056198351635487,-9.050199353203423,22.35567885366486,22.346127125090515,24.384312625863366,24.369290662919898,7.561178286733225,17.292088309182244,2896.0441545911203,2995.8233005743177,2998.5201329675656,-0.0019638704730496467,0.19909676182624117,0.2019079317993596,24.673207665569283,24.622746456847832,0.0,0.0,0.0,0.0,False,none,0.0,0.0,nominal,0.7951958587648988,0.0,49,thermal_anomaly,1.9696781589797,0.7951958587648988,abrupt,0.0,0.832599089248062,15861062,thermal_anomaly
1020.0,17.0,0.2833333333333333,1,616.6893093822022,341.865267138484,-274.82404224371817,96.68382536936933,96.55569492430662,29.867353014774775,29.85010401016295,-9.20148638909408,-9.147908196263941,22.379456074347853,22.198182023499616,24.403424651570308,24.404569662875314,7.7733881414946895,17.0932633569242,2796.6316784621,2896.227489518209,2899.743622904956,-0.0019799684713490795,0.19949921178372698,0.20055599901393056,24.654944048653153,24.72617261026108,0.0,0.0,0.0,0.0,False,none,0.0,0.0,nominal,0.7951958587648988,0.0,49,thermal_anomaly,1.9696781589797,0.7951958587648988,abrupt,0.0,0.832599089248062,15861062,thermal_anomaly
1080.0,18.0,0.3,1,617.1190172933127,338.2442949541505,-278.8747223391622,97.09881751570738,97.3567397154571,29.883952700628296,29.892310121643526,-9.331922223705668,-9.355643864478331,22.403735277205577,22.326035081007387,24.42202168385316,24.4550753339294,7.966781791143339,16.912214747707527,2706.1073738537634,2801.1674316859862,2802.9472185253853,-0.001882082027516422,0.19705205068791054,0.20253267126894736,24.636715938974486,24.575118675336096,0.0,0.0,0.0,0.0,False,none,0.0,0.0,nominal,0.7951958587648988,0.0,49,thermal_anomaly,1.9696781589797,0.7951958587648988,abrupt,0.0,0.832599089248062,15861062,thermal_anomaly
1140.0,19.0,0.31666666666666665,1,617.465323072968,335.1371034904521,-282.3282195825159,97.51894879484803,97.47369023540222,29.90075795179392,29.907959428312704,-9.44217601566108,-9.479491175507183,22.428420782318536,22.32035064048712,24.44015922073138,24.432533384502847,8.132375032858029,16.756855174522606,2628.427587261303,2714.797509473645,2708.8704507837974,-0.0016744841409544729,0.19186210352386182,0.19356874612663016,24.618522775982953,24.700363506113614,0.0,0.0,0.0,0.0,False,none,0.0,0.0,nominal,0.7951958587648988,0.0,49,thermal_anomaly,1.9696781589797,0.7951958587648988,abrupt,0.0,0.832599089248062,15861062,thermal_anomaly
1200.0,20.0,0.3333333333333333,1,617.7265395542198,332.6794919243112,-285.0470476299086,97.9431259490592,97.65532213272353,29.917725037962366,29.971131118874045,-9.527697953912426,-9.517240156163943,22.453390798504888,22.501785238786425,24.45790589615796,24.44139321151436,8.262162264078963,16.633974596215563,2566.9872981077806,2640.8924037907127,2640.0943091737654,-0.0013662452815192232,0.18415613203798056,0.1791586254200827,24.60036841001693,24.606657972862365,0.0,0.0,0.0,0.0,False,none,0.0,0.0,nominal,0.7951958587648988,0.0,49,thermal_anomaly,1.9696781589797,0.7951958587648988,abrupt,0.0,0.832599089248062,15861062,thermal_anomaly
1260.0,21.0,0.35,1,617.9013941166289,330.9788696740969,-286.922524442532,98.3700939913844,98.7196061760656,29.934803759655377,29.924175445367062,-9.584914160327042,-9.511563556709266,22.47850260823675,22.53852417254288,24.475340535956107,24.38633610882613,8.349646356867026,16.548943483704846,2524.4717418524233,2582.682072821568,2586.3955251585244,-0.0009708356894861285,0.1742708922371532,0.1789039266699891,24.58226092137587,24.656059243932845,0.0,0.0,0.0,0.0,False,none,0.0,0.0,nominal,0.7951958587648988,0.0,49,thermal_anomaly,1.9696781589797,0.7951958587648988,abrupt,0.0,0.832599089248062,15861062,thermal_anomaly
1320.0,22.0,0.36666666666666664,1,617.9890348863438,330.1095620926345,-287.8794727937093,98.79848606399409,98.57689983682647,29.951939442559762,29.95644907283086,-9.611380035866768,-9.57907624934941,22.503599226239025,22.55568341425783,24.49254876787772,24.45732864970644,8.39029009550866,16.505478104631727,2502.7390523158633,2542.710562568716,2552.873738193342,-0.0005055360229247973,0.16263840057311993,0.16508464296891834,24.564212256047483,24.6988556332827,0.0,0.0,0.0,0.0,False,none,0.0,0.0,nominal,0.7951958587648988,0.0,49,thermal_anomaly,1.9696781589797,0.7951958587648988,abrupt,0.0,0.832599089248062,15861062,thermal_anomaly
1380.0,23.0,0.38333333333333336,1,617.9890348863438,330.1095620926345,-287.8794727937093,99.22687813660377,99.59665128061096,29.96907512546415,29.979779182624394,-9.605884452173287,-9.601578138043882,22.52851710184386,22.598777107083727,24.509619333943963,24.42776752370311,8.38184128868036,16.505478104631727,2502.7390523158633,2522.7248074422896,2520.4033659742663,9.318209224527915e-06,0.1502329552306132,0.147266996159392,24.54623894625931,24.608717854540306,0.0,0.0,0.0,0.0,False,none,0.0,0.0,nominal,0.7951958587648988,0.0,49,thermal_anomaly,1.9696781589797,0.7951958587648988,abrupt,0.0,0.832599089248062,15861062,thermal_anomaly
1440.0,24.0,0.4,1,617.9013941166289,330.9788696740969,-286.922524442532,99.65384617892896,99.58067229565599,29.98615384715716,29.971451912113075,-9.568500378708412,-9.578759476034191,22.553094319098754,22.47492313469218,24.52664026623982,24.510674639671908,8.324495959787441,16.548943483704846,2524.4717418524233,2523.5982746473564,2522.5032581966334,0.0005512255660942137,0.16378063915235533,0.1647057687796898,24.528430792650212,24.555983124415125,0.0,0.0,0.0,0.0,False,none,0.0,0.0,nominal,0.7951958587648988,0.0,49,thermal_anomaly,1.9696781589797,0.7951958587648988,abrupt,0.0,0.832599089248062,15861062,thermal_anomaly
1500.0,25.0,0.4166666666666667,1,617.7265395542198,332.6794919243112,-285.0470476299086,100.0,100.0,30.0,29.98388563259811,-9.501568254330287,-9.522013487492869,22.577183699661948,22.560920449244716,24.543695093302333,24.605066562971487,8.222383943335767,16.633974596215563,2566.9872981077806,2545.2927863775685,2543.411226072197,0.0010965021756400308,0.17741255439100076,0.17826695454367533,24.510807428556266,24.565150100876878,0.0,0.0,0.0,0.0,False,none,0.0,0.0,nominal,0.7951958587648988,0.0,49,thermal_anomaly,1.9696781589797,0.7951958587648988,abrupt,0.0,0.832599089248062,15861062,thermal_anomaly
1560.0,26.0,0.43333333333333335,1,617.465323072968,335.1371034904521,-282.3282195825159,100.0,99.95325346443408,30.0,29.962606632305793,-9.41094065275053,-9.429011058672167,22.600671478522536,22.63610490931157,24.56085924290496,24.675492135767215,8.085264317567404,16.756855174522606,2628.4275872613025,2586.8601868194355,2582.177170771385,0.0016213168734028807,0.190532921835072,0.18984775825969438,24.493386174654585,24.587614500956622,0.0,0.0,0.0,0.0,False,none,0.0,0.0,nominal,0.7951958587648988,0.0,49,thermal_anomaly,1.9696781589797,0.7951958587648988,abrupt,0.0,0.832599089248062,15861062,thermal_anomaly
1620.0,27.0,0.45,1,617.1190172933127,338.2442949541505,-278.8747223391622,100.0,99.80026547771692,30.0,29.99452435236042,-9.295824077972073,-9.300019105808577,22.623444075061695,22.63266773354182,24.578196798457135,24.423856367276272,7.912987623088427,16.912214747707527,2706.107373853763,2646.483780336599,2638.5602928061994,0.002102732758702936,0.20256831896757338,0.20042253249257563,24.47618121926103,24.511314984419194,0.0,0.0,0.0,0.0,False,none,0.0,0.0,nominal,0.7951958587648988,0.0,49,thermal_anomaly,1.9696781589797,0.7951958587648988,abrupt,0.0,0.832599089248062,15861062,thermal_anomaly
1680.0,28.0,0.4666666666666667,1,616.6893093822022,341.865267138484,-274.82404224371817,100.0,99.9631052547195,30.0,30.020423777426767,-9.16080140812394,-9.164736296596205,22.645415485928414,22.705356147104155,24.595757750783328,24.520333343130233,7.713622595126845,17.0932633569242,2796.6316784621,2721.5577293993497,2718.356436385426,0.0025197096572392597,0.21299274143098149,0.21224474284381706,24.4592029266538,24.40535776409153,0.0,0.0,0.0,0.0,False,none,0.0,0.0,nominal,0.7951958587648988,0.0,49,thermal_anomaly,1.9696781589797,0.7951958587648988,abrupt,0.0,0.832599089248062,15861062,thermal_anomaly
1740.0,29.0,0.48333333333333334,1,616.178292833385,345.8417661836448,-270.33652664974016,100.0,100.0,30.0,30.007954352689236,-9.011217554991338,-9.042936385468057,22.666530204165745,22.6169920625403,24.613575865395426,24.63974750277128,7.496163345870727,17.29208830918224,2896.04415459112,2808.800941995234,2805.823687935151,0.0028540236826568068,0.22135059206642016,0.21804134389302837,24.442457308702856,24.53505940409932,0.0,0.0,0.0,0.0,False,none,0.0,0.0,nominal,0.7951958587648988,0.0,49,thermal_anomaly,1.9696781589797,0.7951958587648988,abrupt,0.0,0.832599089248062,15861062,thermal_anomaly
1800.0,30.0,0.5,1,615.5884572681198,350.0,-265.5884572681198,100.0,99.84980127400232,30.0,30.02714396140107,-8.852948575603993,-8.882926099805964,22.68676427586936,22.601196505028458,24.631667258472262,24.619985635101163,7.269975878583101,17.5,3000.0,2904.4004709976166,2903.1574427178957,0.003091063710322311,0.22727659275805778,0.22398316938265364,24.42594568866376,24.35643203479616,0.0,0.0,0.0,0.0,False,none,0.0,0.0,nominal,0.7951958587648988,0.0,49,thermal_anomaly,1.9696781589797,0.7951958587648988,abrupt,0.0,0.832599089248062,15861062,thermal_anomaly
1860.0,31.0,0.5166666666666667,1,614.9226763059908,354.15823381635516,-260.7644424896356,100.0,100.0,30.0,29.97861053337243,-8.692148082987853,-8.681659848304697,22.706124607093237,22.582684571172408,24.65002974378612,24.71961507814471,7.044275063727152,17.70791169081776,3103.955845408879,3004.178158203248,3002.024488353795,0.0032204699548295168,0.23051174887073791,0.22787416408612945,24.409664577314476,24.4479981412957,0.0,0.0,0.0,0.0,False,none,0.0,0.0,nominal,0.7951958587648988,0.0,49,thermal_anomaly,1.9696781589797,0.7951958587648988,abrupt,0.0,0.832599089248062,15861062,thermal_anomaly
1920.0,32.0,0.5333333333333333,1,614.184193564921,358.134732861516,-256.049460703405,100.0,99.68887232277197,30.0,29.99611879834662,-8.534982023446833,-8.5330702073893,22.724646770954827,22.776751818253363,24.668642979121984,24.733608629564237,6.827673451244848,17.9067366430758,3203.3683215378996,3103.773239870574,3102.046257502718,0.0032365867429569625,0.23091466857392406,0.23513115332918966,24.39360577110314,24.53605862778651,0.0,0.0,0.0,0.0,False,none,0.0,0.0,nominal,0.7951958587648988,0.0,49,thermal_anomaly,1.9696781589797,0.7951958587648988,abrupt,0.0,0.832599089248062,15861062,thermal_anomaly
1980.0,33.0,0.55,1,613.376606858593,361.7557050458495,-251.62090181274357,100.0,100.0,30.0,29.979161317156183,-8.387363393758118,-8.382747596819895,22.74239165424882,22.729747647529134,24.687469405793593,24.759753317720087,6.627829175916296,18.087785252292473,3293.8926261462366,3198.832933008405,3198.3592370877727,0.0031387096940383224,0.22846774235095807,0.23289259518785968,24.377756670305367,24.295647873495938,0.0,0.0,0.0,0.0,False,none,0.0,0.0,nominal,0.7951958587648988,0.0,49,thermal_anomaly,1.9696781589797,0.7951958587648988,abrupt,0.0,0.832599089248062,15861062,thermal_anomaly
2040.0,34.0,0.5666666666666667,1,612.503850668262,364.8628965095479,-247.64095415871407,100.0,100.0,30.0,30.001609920920128,-8.254698471957136,-8.23417466547795,22.75944131682011,22.754391390338583,24.7064559401982,24.73105088373127,6.4512037490345175,18.243144825477398,3371.572412738697,3285.2026728735514,3284.1996510950885,0.002931116504933392,0.2232779126233348,0.2223381629137396,24.36210080321205,24.3644683161542,0.0,0.0,0.0,0.0,False,none,0.0,0.0,nominal,0.7951958587648988,0.0,49,thermal_anomaly,1.9696781589797,0.7951958587648988,abrupt,0.0,0.832599089248062,15861062,thermal_anomaly
2100.0,35.0,0.5833333333333334,1,611.5701769743577,367.3205080756888,-244.24966889866886,100.0,100.0,30.0,29.986439028194784,-8.141655629955629,-8.145266746436482,22.775894417291664,22.796592103207573,24.725536343484183,24.822942038811824,6.302924511743055,18.36602540378444,3433.0127018922194,3359.1076873828856,3363.3446646318503,0.002622879994226634,0.21557199985566583,0.214553560515022,24.346618531014,24.32312432809924,0.0,0.0,0.0,0.0,False,none,0.0,0.0,nominal,0.7951958587648988,0.0,49,thermal_anomaly,1.9696781589797,0.7951958587648988,abrupt,0.0,0.832599089248062,15861062,thermal_anomaly
2160.0,36.0,0.6,1,610.5801345412646,369.0211303259031,-241.55900421536148,100.0,99.98364796749917,30.0,30.02266426414014,-8.051966807178717,-8.034473481354166,22.79186149597829,22.780332976177824,24.7446341657689,24.814780430196468,6.1867335571126265,18.451056516295154,3475.5282581475767,3417.3179727652314,3413.933370146358,0.0022274715765577893,0.20568678941394472,0.20263456111632744,24.3312878982213,24.44149316681869,0.0,0.0,0.0,0.0,False,none,0.0,0.0,nominal,0.7951958587648988,0.0,49,thermal_anomaly,1.9696781589797,0.7951958587648988,abrupt,0.0,0.832599089248062,15861062,thermal_anomaly
2220.0,37.0,0.6166666666666667,1,609.5385467561977,369.8904379073655,-239.64810884883218,100.0,100.0,30.0,30.000323057870006,-7.988270294961072,-7.991677989039345,22.807460316950515,22.761236961765697,24.763666136233486,24.833651739935874,6.104996984428596,18.494521895368276,3497.2609476841367,3457.289460224684,3451.906418088566,0.0017621724971785863,0.19405431242946464,0.1966327131463137,24.316085585916294,24.377870403471977,0.0,0.0,0.0,0.0,False,none,0.0,0.0,nominal,0.7951958587648988,0.0,49,thermal_anomaly,1.9696781589797,0.7951958587648988,abrupt,0.0,0.832599089248062,15861062,thermal_anomaly
2280.0,38.0,0.6333333333333333,1,608.450488130146,369.8904379073655,-238.56005022278055,100.0,100.0,30.0,29.992066248245308,-7.952001674092685,-7.9745611286120495,22.82281137654875,22.864646739043785,24.782545850934355,24.850420789998427,6.05874644998183,18.494521895368276,3497.2609476841367,3477.2752039544102,3478.2623595878576,0.0012473185586203252,0.18118296396550812,0.1794332686592755,24.300987920422497,24.286078045650676,0.0,0.0,0.0,0.0,False,none,0.0,0.0,nominal,0.7951958587648988,0.0,49,thermal_anomaly,1.9696781589797,0.7951958587648988,abrupt,0.0,0.832599089248062,15861062,thermal_anomaly
2340.0,39.0,0.65,1,607.3212595753644,369.0211303259031,-238.3001292494613,100.0,100.0,30.0,29.999484573798036,-7.94333764164871,-7.966300958991339,22.83803360505992,22.797128164430273,24.80118759715947,24.73348348089579,6.047729031138663,18.451056516295154,3475.5282581475767,3476.401731050993,3470.4841138599463,0.0007054113485461749,0.16763528371365435,0.16783672468362865,24.285971888322834,24.112705881770854,0.0,0.0,0.0,0.0,False,none,0.0,0.0,nominal,0.7951958587648988,0.0,49,thermal_anomaly,1.9696781589797,0.7951958587648988,abrupt,0.0,0.832599089248062,15861062,thermal_anomaly
2400.0,40.0,0.6666666666666666,1,606.156362579862,367.3205080756888,-238.83585450417326,100.0,99.74305690489787,30.0,30.006755764700593,-7.961195150139108,-7.968828454545,22.853240237621186,22.81049672781924,24.819510147189764,24.827668145634078,6.0704502574878765,18.36602540378444,3433.0127018922194,3454.7072164716064,3458.3203785526566,0.00016013481239812548,0.15400337030995312,0.1522737047110284,24.27101611011691,24.26534462158466,0.0,0.0,0.0,0.0,False,none,0.0,0.0,nominal,0.7951958587648988,0.0,49,thermal_anomaly,1.9696781589797,0.7951958587648988,abrupt,0.0,0.832599089248062,15861062,thermal_anomaly
2460.0,41.0,0.6833333333333333,1,604.961472404706,364.8628965095479,-240.0985758951581,100.0,100.0,30.0,30.02168578845194,-8.003285863171936,-7.992231522331234,22.8685348187575,22.856565566472916,24.8374403556632,24.825829886594533,6.1242067686118205,18.243144825477398,3371.5724127386975,3413.1398146051515,3417.0073485171165,-0.0003646798486658404,0.15911699621664602,0.15721641779757092,24.256150960607094,24.25621809596852,0.0,0.0,0.0,0.0,False,none,0.0,0.0,nominal,0.7951958587648988,0.0,49,thermal_anomaly,1.9696781589797,0.7951958587648988,abrupt,0.0,0.832599089248062,15861062,thermal_anomaly
2520.0,42.0,0.7,1,603.7424104347197,361.7557050458495,-241.98670538887018,100.0,100.0,30.0,30.037949500251766,-8.06622351296234,-8.107274842870414,22.884007332981238,22.9991414821206,24.85491640332248,24.8335891835952,6.205116940885321,18.087785252292473,3293.8926261462366,3353.5162203756936,3357.518145782126,-0.000846095715616464,0.1711523928904116,0.17222859167903468,24.241376261455354,24.20305165564763,0.0,0.0,0.0,0.0,False,none,0.0,0.0,nominal,0.7951958587648988,0.0,49,thermal_anomaly,1.9696781589797,0.7951958587648988,abrupt,0.0,0.832599089248062,15861062,thermal_anomaly
2580.0,43.0,0.7166666666666667,1,602.5051158172811,358.134732861516,-244.37038295576508,100.0,99.86632827130612,30.0,30.0216586758183,-8.145679431858836,-8.143242345607502,22.89973051389178,22.985591036161708,24.87189054538205,24.86748669633578,6.308167472528647,17.9067366430758,3203.3683215379006,3278.442270956797,3271.3408082093747,-0.0012630726049780512,0.18157681512445129,0.17362469308494455,24.226671162148925,24.27457886675762,0.0,0.0,0.0,0.0,False,none,0.0,0.0,nominal,0.7951958587648988,0.0,49,thermal_anomaly,1.9696781589797,0.7951958587648988,abrupt,0.0,0.832599089248062,15861062,thermal_anomaly
2640.0,44.0,0.7333333333333333,1,601.2556165273943,354.1582338163552,-247.09738271103907,100.0,100.0,30.0,29.990429850665702,-8.236579423701302,-8.21295646902477,22.91575646163588,22.879067644023372,24.88833124440063,24.860887630892346,6.427299248235174,17.707911690817763,3103.9558454088806,3191.1990581828386,3194.528690636861,-0.00159738662580824,0.189934665645206,0.18744872860374553,24.212016761677877,24.030491528064967,0.0,0.0,0.0,0.0,False,none,0.0,0.0,nominal,0.7951958587648988,0.0,49,thermal_anomaly,1.9696781589797,0.7951958587648988,abrupt,0.0,0.832599089248062,15861062,thermal_anomaly
2700.0,45.0,0.75,1,600.0,350.0,-250.0,100.0,99.67640816990902,30.0,29.94909732189224,-8.333333333333334,-8.344735891850247,22.932113774717916,22.944726614455245,24.904224594445424,24.955845768980396,6.555555555555556,17.5,3000.0,3095.5995290914193,3098.7250372391195,-0.0018344266511800618,0.19586066627950155,0.2034126767521939,24.197396865360076,24.259284070231175,0.0,0.0,0.0,0.0,False,none,0.0,0.0,nominal,0.7951958587648988,0.0,49,thermal_anomaly,1.9696781589797,0.7951958587648988,abrupt,0.0,0.832599089248062,15861062,thermal_anomaly
2760.0,46.0,0.7666666666666667,1,598.7443834726058,345.8417661836448,-252.90261728896104,100.0,99.8160135420792,30.0,30.01299849407911,-8.430087242965367,-8.391542391237362,22.948805457649343,22.924936991834542,24.919574974308226,24.88851248916695,6.685309673920594,17.29208830918224,2896.04415459112,2995.82184184127,2999.75374101837,-0.001963832894540448,0.1990958223635112,0.19909766318554906,24.182798630783033,24.2177617632359,0.0,0.0,0.0,0.0,False,none,0.0,0.0,nominal,0.7951958587648988,0.0,49,thermal_anomaly,1.9696781589797,0.7951958587648988,abrupt,0.0,0.832599089248062,15861062,thermal_anomaly
2820.0,47.0,0.7833333333333333,1,597.4948841827188,341.865267138484,-255.6296170442348,100.0,99.79169507227138,30.0,29.985721591007792,-8.520987234807826,-8.54666519868702,22.96580788449165,22.915157416920845,24.93440490122761,25.048520411585507,6.808577876460634,17.0932633569242,2796.6316784621,2896.226760151685,2897.135243327926,-0.001979949682094466,0.19949874205236165,0.19287674230047303,24.16821307888662,24.09370053011121,0.0,0.0,0.0,0.0,False,none,0.0,0.0,nominal,0.7951958587648988,0.0,49,thermal_anomaly,1.9696781589797,0.7951958587648988,abrupt,0.0,0.832599089248062,15861062,thermal_anomaly
2880.0,48.0,0.8,1,596.2575895652803,338.2442949541505,-258.0132946111298,100.0,100.0,30.0,29.95586220648461,-8.600443153704328,-8.607693097471987,22.983071069835393,23.078203590287043,24.9487540915132,24.905816129322687,6.917409795207972,16.912214747707527,2706.1073738537634,2801.1670670027247,2801.5105431675397,-0.0018820726328891155,0.1970518158222279,0.19733876064346284,24.153635450138335,24.133084669050824,0.0,0.0,0.0,0.0,False,none,0.0,0.0,nominal,0.7951958587648988,0.0,49,thermal_anomaly,1.9696781589797,0.7951958587648988,abrupt,0.0,0.832599089248062,15861062,thermal_anomaly
2940.0,49.0,0.8166666666666667,1,595.038527595294,335.13710349045215,-259.90142410484185,100.0,100.0,30.0,30.012421738503917,-8.663380803494729,-8.682800425189882,23.000520421268742,23.1177433388813,24.962677769130142,25.024459812039666,7.004333355708877,16.75685517452261,2628.4275872613034,2714.797327132014,2717.2413301224306,-0.0016744794436408194,0.19186198609102048,0.18736783245501773,24.139065390160642,24.219890750534205,0.0,0.0,0.0,0.0,False,none,0.0,0.0,nominal,0.7951958587648988,0.0,49,thermal_anomaly,1.9696781589797,0.7951958587648988,abrupt,0.0,0.832599089248062,15861062,thermal_anomaly
3000.0,50.0,0.8333333333333334,1,593.843637420138,332.6794919243112,-261.16414549582674,100.0,99.99347970117347,30.0,29.949050698257768,-8.705471516527558,-8.725010343110036,23.01806002789448,23.012149732324342,24.976244296169533,24.984184930036776,7.06281874600581,16.633974596215563,2566.9872981077806,2640.8923126198974,2638.8191328395446,-0.0013662429328623966,0.18415607332155992,0.18113978193580432,24.124506954273727,24.10025194787197,0.0,0.0,0.0,0.0,False,none,0.0,0.0,nominal,0.7951958587648988,0.0,49,thermal_anomaly,1.9696781589797,0.7951958587648988,abrupt,0.0,0.832599089248062,15861062,thermal_anomaly
3060.0,51.0,0.85,1,592.6787404246356,330.9788696740969,-261.6998707505387,100.0,99.76635007550837,30.0,29.99780296413761,-8.723329025017957,-8.732071148614631,23.035577392868106,23.138971277172914,24.989532228767587,25.12548082845191,7.08771754229766,16.548943483704846,2524.4717418524233,2582.6820272361606,2574.0643466191914,-0.0009708345151577116,0.17427086287894278,0.16645351834331365,24.109968426400112,24.226707386578397,0.0,0.0,0.0,0.0,False,none,0.0,0.0,nominal,0.7951958587648988,0.0,49,thermal_anomaly,1.9696781589797,0.7951958587648988,abrupt,0.0,0.832599089248062,15861062,thermal_anomaly
3120.0,52.0,0.8666666666666667,1,591.549511869854,330.1095620926345,-261.43994977721945,100.0,99.8500128230277,30.0,30.012004557647728,-8.714664992573981,-8.7322577295875,23.05294936475964,22.997888498565047,25.00262692714671,25.029319401095048,7.075630874623557,16.505478104631727,2502.7390523158633,2542.710539776012,2538.8878538040926,-0.0005055354357605888,0.16263838589401472,0.1579136610901296,24.09546195471232,24.007856160919815,0.0,0.0,0.0,0.0,False,none,0.0,0.0,nominal,0.7951958587648988,0.0,49,thermal_anomaly,1.9696781589797,0.7951958587648988,abrupt,0.0,0.832599089248062,15861062,thermal_anomaly
3180.0,53.0,0.8833333333333333,1,590.4614532438023,330.1095620926345,-260.3518911511678,100.0,100.0,30.0,29.97326171654187,-8.678396371705594,-8.675781094620456,23.070048885526933,23.00165056012684,25.0156168679388,25.100623911997744,7.025165086754626,16.505478104631727,2502.7390523158633,2522.724796045938,2521.9980617185615,9.318502806628603e-06,0.15023296257016572,0.15083005360678106,24.081004272189787,23.953599467580215,0.0,0.0,0.0,0.0,False,none,0.0,0.0,nominal,0.7951958587648988,0.0,49,thermal_anomaly,1.9696781589797,0.7951958587648988,abrupt,0.0,0.832599089248062,15861062,thermal_anomaly
3240.0,54.0,0.9,1,589.4198654587356,330.9788696740969,-258.44099578463863,100.0,100.0,30.0,30.026524242543196,-8.614699859487954,-8.646251219277529,23.086752073192187,23.198195411007887,25.0285898199627,24.986840347409753,6.937044293524942,16.548943483704846,2524.471741852423,2523.5982689491807,2526.325070341531,0.0005512257128852536,0.16378064282213134,0.15838935094701104,24.06668537863993,24.062908400280378,0.0,0.0,0.0,0.0,False,none,0.0,0.0,nominal,0.7951958587648988,0.0,49,thermal_anomaly,1.9696781589797,0.7951958587648988,abrupt,0.0,0.832599089248062,15861062,thermal_anomaly
3300.0,55.0,0.9166666666666666,1,588.4298230256423,332.67949192431126,-255.75033110133108,100.0,99.95085958960995,30.0,29.999700382390394,-8.525011036711037,-8.552971252448456,23.102945110933312,23.14118590156672,25.04162905059543,24.929476089341733,6.814065054083598,16.633974596215563,2566.987298107781,2545.292783528481,2545.29627981351,0.0010965022490355618,0.17741255622588903,0.18471960042282465,24.05252510515335,23.97740296175866,0.0,0.0,0.0,0.0,False,none,0.0,0.0,nominal,0.7951958587648988,0.0,49,thermal_anomaly,1.9696781589797,0.7951958587648988,abrupt,0.0,0.832599089248062,15861062,thermal_anomaly
3360.0,56.0,0.9333333333333333,0,0.0,335.1371034904521,335.1371034904521,99.50128407218682,99.64385193825375,29.980051362887473,29.99124079461207,11.178670090783127,11.20130373809918,23.114984150934,23.079698913837234,25.03880972853971,25.121580151886,10.99701319988554,16.756855174522606,2628.427587261303,2586.860185394892,2588.79883776061,0.001621316910100646,0.19053292275251615,0.1955724565714303,24.03854096867853,24.12379759197848,0.0,0.0,0.0,0.0,False,none,0.0,0.0,nominal,0.7951958587648988,0.0,49,thermal_anomaly,1.9696781589797,0.7951958587648988,abrupt,0.0,0.832599089248062,15861062,thermal_anomaly
3420.0,57.0,0.95,0,0.0,338.2442949541505,338.2442949541505,98.99794434755268,99.27967661105907,29.959917773902106,29.963052606657794,11.289893967893095,11.291633391435646,23.127617367576732,23.0439922859683,25.03632368020681,24.989662989151622,11.19693646450151,16.912214747707527,2706.1073738537634,2646.4837796243282,2640.1638902748796,0.0021027327770518148,0.20256831942629536,0.197957023508286,24.024747352330543,24.025004463895822,0.0,0.0,0.0,0.0,False,none,0.0,0.0,nominal,0.7951958587648988,0.0,49,thermal_anomaly,1.9696781589797,0.7951958587648988,abrupt,0.0,0.832599089248062,15861062,thermal_anomaly
3480.0,58.0,0.9666666666666667,0,0.0,341.865267138484,341.865267138484,98.48921627145373,98.64791958239942,29.93956865085815,29.957250873464876,11.41851010364123,11.39989508003224,23.140953629501126,23.111774275185752,25.034219617479003,25.09420519351663,11.430589838956548,17.0932633569242,2796.6316784620994,2721.5577290432134,2724.257039135593,0.0025197096664136814,0.21299274166034204,0.218731214175408,24.011154813725696,23.99331406303931,0.0,0.0,0.0,0.0,False,none,0.0,0.0,nominal,0.7951958587648988,0.0,49,thermal_anomaly,1.9696781589797,0.7951958587648988,abrupt,0.0,0.832599089248062,15861062,thermal_anomaly
3540.0,59.0,0.9833333333333333,0,0.0,345.84176618364484,345.84176618364484,97.9745707860614,98.07627503848846,29.918982831442456,29.925997529761695,11.55927553192727,11.532850712758755,23.15507240127692,23.262094877148403,25.032530037157535,25.13661766516357,11.689348065840997,17.292088309182244,2896.0441545911203,2808.8009418171673,2811.9259897293828,0.002854023687244039,0.22135059218110098,0.2252234688752104,23.997769556621925,23.962531437699788,0.0,0.0,0.0,0.0,False,none,0.0,0.0,nominal,0.7951958587648988,0.0,49,thermal_anomaly,1.9696781589797,0.7951958587648988,abrupt,0.0,0.832599089248062,15861062,thermal_anomaly
3600.0,60.0,1.0,0,0.0,350.0,350.0,97.45373745272806,97.38011055670287,29.898149498109124,29.89945839081026,11.706410124885334,11.729417774622902,23.170019310339132,23.23677781356588,25.031269796860276,25.053780609219928,11.96320304096143,17.5,2999.9999999999995,2904.4004709085834,2901.796605529856,0.0030910637126159027,0.22727659281539755,0.22122668826468378,23.984593094723543,24.009533463830874,0.0,0.0,0.0,0.0,False,none,0.0,0.0,nominal,0.7951958587648988,0.0,49,thermal_anomaly,1.9696781589797,0.7951958587648988,abrupt,0.0,0.832599089248062,15861062,thermal_anomaly
3660.0,61.0,1.0166666666666666,0,0.0,354.15823381635516,354.15823381635516,96.92671627145373,97.09610742335255,29.87706865085815,29.842684104124043,11.853848111909159,11.88375294364549,23.185802851826487,23.174095109071622,25.03043546186703,24.95401911395367,12.241097204816986,17.70791169081776,3103.955845408879,3004.1781581587315,3000.089045073935,0.003220469955976316,0.2305117488994079,0.22820489794107185,23.971622127828866,23.87088876204646,0.0,0.0,0.0,0.0,False,none,0.0,0.0,nominal,0.7951958587648988,0.0,49,thermal_anomaly,1.9696781589797,0.7951958587648988,abrupt,0.0,0.832599089248062,15861062,thermal_anomaly
3720.0,62.0,1.0333333333333334,0,0.0,358.134732861516,358.134732861516,96.39377768088599,96.45811006656213,29.85575110723544,29.81411922729008,11.9955023598359,11.99552812475447,23.20239258854615,23.25411925153432,25.030005451458244,25.117869269287038,12.511366149186292,17.9067366430758,3203.368321537899,3103.7732398483154,3091.616032856604,0.0032365867435303623,0.23091466858825904,0.22874616605595094,23.958848639988698,23.86561658720887,0.0,0.0,0.0,0.0,False,none,0.0,0.0,nominal,0.7951958587648988,0.0,49,thermal_anomaly,1.9696781589797,0.7951958587648988,abrupt,0.0,0.832599089248062,15861062,thermal_anomaly
3780.0,63.0,1.05,0,0.0,361.7557050458495,361.7557050458495,95.85545073885348,95.86099327295852,29.83421802955414,29.841193044982262,12.125529976602365,12.142946562199679,23.2197191602718,23.32728640143856,25.029940978351163,24.980358807517653,12.762278177078606,18.087785252292473,3293.8926261462366,3198.8329329972757,3201.7120502391836,0.0031387096943250254,0.22846774235812561,0.23146809268209464,23.946260217674297,24.008718231419774,0.0,0.0,0.0,0.0,False,none,0.0,0.0,nominal,0.7951958587648988,0.0,49,thermal_anomaly,1.9696781589797,0.7951958587648988,abrupt,0.0,0.832599089248062,15861062,thermal_anomaly
3840.0,64.0,1.0666666666666667,0,0.0,364.86289650954785,364.86289650954785,95.31249999999997,95.31840496534893,29.8125,29.823295364794888,12.238587723590703,12.266934300810336,23.237676319834975,23.1537303100514,25.030187740175307,24.989392362817657,12.982642357442005,18.243144825477394,3371.5724127386966,3285.202672867986,3281.665714156777,0.0029311165050767297,0.22327791262691823,0.22707159003244554,23.933840573975722,23.91677401808171,0.0,0.0,0.0,0.0,False,none,0.0,0.0,nominal,0.7951958587648988,0.0,49,thermal_anomaly,1.9696781589797,0.7951958587648988,abrupt,0.0,0.832599089248062,15861062,thermal_anomaly
3900.0,65.0,1.0833333333333333,0,0.0,367.3205080756888,367.3205080756888,94.76589210107781,94.73063116729081,29.790635684043114,29.767361554260663,12.330066131231911,12.345108339671585,23.256125070129446,23.153794641453437,25.030678289061473,25.072967316833918,13.162442464044181,18.36602540378444,3433.0127018922194,3359.107687380103,3361.0683596623744,0.0026228799942983206,0.215571999857458,0.21709942205380908,23.92157025349694,23.928692969407507,0.0,0.0,0.0,0.0,False,none,0.0,0.0,nominal,0.7951958587648988,0.0,49,thermal_anomaly,1.9696781589797,0.7951958587648988,abrupt,0.0,0.832599089248062,15861062,thermal_anomaly
3960.0,66.0,1.1,0,0.0,369.0211303259031,369.0211303259031,94.21675351428333,94.42263555762082,29.768670140571334,29.750638751652573,12.396292094451642,12.384392973083687,23.27489980175959,23.306716251873528,25.031334975781572,24.9998549994521,13.293444615277142,18.451056516295154,3475.5282581475767,3417.31797276384,3416.4066550497255,0.0022274715765936287,0.2056867894148407,0.2030375970699328,23.909427482785624,24.026366990237022,0.0,0.0,0.0,0.0,False,none,0.0,0.0,nominal,0.7951958587648988,0.0,49,thermal_anomaly,1.9696781589797,0.7951958587648988,abrupt,0.0,0.832599089248062,15861062,thermal_anomaly
4020.0,67.0,1.1166666666666667,0,0.0,369.8904379073655,369.8904379073655,93.6663213150164,93.68331178206178,29.746652852600654,29.77042159624766,12.434691047097997,12.448063444892973,23.293816147332176,23.31644970063198,25.032073339766058,25.141456788831235,13.369723314942329,18.494521895368276,3497.2609476841367,3457.2894602239876,3456.215938539838,0.001762172497196506,0.19405431242991264,0.19737114497655375,23.897389123596383,23.908122277595297,0.0,0.0,0.0,0.0,False,none,0.0,0.0,nominal,0.7951958587648988,0.0,49,thermal_anomaly,1.9696781589797,0.7951958587648988,abrupt,0.0,0.832599089248062,15861062,thermal_anomaly
4080.0,68.0,1.1333333333333333,0,0.0,369.8904379073655,369.8904379073655,93.11588911574948,93.15932229072965,29.724635564629978,29.7073481041216,12.443901527509611,12.462975079227942,23.312680099841877,23.291576097613564,25.032805796838666,25.088579372594907,13.388054818108483,18.494521895368276,3497.2609476841367,3477.2752039540624,3484.827497663346,0.0012473185586292885,0.18118296396573222,0.17742158443381056,23.885431681569983,23.79841787469342,0.0,0.0,0.0,0.0,False,none,0.0,0.0,nominal,0.7951958587648988,0.0,49,thermal_anomaly,1.9696781589797,0.7951958587648988,abrupt,0.0,0.832599089248062,15861062,thermal_anomaly
4140.0,69.0,1.15,0,0.0,369.0211303259031,369.0211303259031,92.56675052895498,92.75620986685597,29.702670021158198,29.68360594899489,12.42383698378082,12.449912334586456,23.33129781268271,23.37838192476688,25.033445463496548,25.082020168855248,13.348138031964808,18.451056516295154,3475.5282581475767,3476.4017310508193,3475.5109346970517,0.0007054113485506565,0.1676352837137664,0.17167280420940884,23.873532321261713,24.013733270411798,0.0,0.0,0.0,0.0,False,none,0.0,0.0,nominal,0.7951958587648988,0.0,49,thermal_anomaly,1.9696781589797,0.7951958587648988,abrupt,0.0,0.832599089248062,15861062,thermal_anomaly
4200.0,70.0,1.1666666666666667,0,0.0,367.3205080756888,367.3205080756888,92.02014263003282,92.15019548963134,29.680805705201312,29.66732521747792,12.375691944619918,12.354261162757636,23.349485426102113,23.185309416858793,25.033909950596144,25.12319550757996,13.252620088650426,18.36602540378444,3433.0127018922194,3454.7072164715196,3454.1558020760167,0.00016013481240036284,0.15400337031000907,0.1553437973885544,23.861669839808748,23.872109541535973,0.0,0.0,0.0,0.0,False,none,0.0,0.0,nominal,0.7951958587648988,0.0,49,thermal_anomaly,1.9696781589797,0.7951958587648988,abrupt,0.0,0.832599089248062,15861062,thermal_anomaly
4260.0,71.0,1.1833333333333333,0,0.0,364.8628965095479,364.8628965095479,91.47719189117932,91.61275926821769,29.65908767564717,29.65249868586377,12.301892104696591,12.308309743423965,23.367078260040326,23.49658553491574,25.03412496064233,25.054219563287337,13.106923948447706,18.243144825477398,3371.5724127386975,3413.1398146051083,3412.0308509471006,-0.00036467984866472153,0.15911699621661804,0.16473814140576146,23.84987478732624,23.871491509051566,0.0,0.0,0.0,0.0,False,none,0.0,0.0,nominal,0.7951958587648988,0.0,49,thermal_anomaly,1.9696781589797,0.7951958587648988,abrupt,0.0,0.832599089248062,15861062,thermal_anomaly
4320.0,72.0,1.2,0,0.0,361.7557050458495,361.7557050458495,90.9388649491468,90.86684867921674,29.637554597965874,29.64705537638446,12.205990337363327,12.2613449476626,23.383938777177633,23.33165661419589,25.034027531461778,25.044591928770863,12.918896009264552,18.087785252292473,3293.8926261462366,3353.516220375672,3352.424187174186,-0.0008460957156159048,0.1711523928903976,0.1728570764474157,23.838147159474104,23.78927997735859,0.0,0.0,0.0,0.0,False,none,0.0,0.0,nominal,0.7951958587648988,0.0,49,thermal_anomaly,1.9696781589797,0.7951958587648988,abrupt,0.0,0.832599089248062,15861062,thermal_anomaly
4380.0,73.0,1.2166666666666666,0,0.0,358.134732861516,358.134732861516,90.40592635857907,90.4680677139641,29.616237054343163,29.610351412098208,12.092513042908543,12.152053092888153,23.39996284363268,23.534393439707177,25.033568784496236,24.915244384038726,12.698309735433059,17.9067366430758,3203.3683215379006,3278.4422709567866,3286.604673258683,-0.001263072604977771,0.18157681512444426,0.18046736854477696,23.826466278432534,23.85716035677117,0.0,0.0,0.0,0.0,False,none,0.0,0.0,nominal,0.7951958587648988,0.0,49,thermal_anomaly,1.9696781589797,0.7951958587648988,abrupt,0.0,0.832599089248062,15861062,thermal_anomaly
4440.0,74.0,1.2333333333333334,0,0.0,354.15823381635516,354.15823381635516,89.87890517730473,89.87501317474968,29.595156207092188,29.63079289993265,11.966763457443236,11.977755504130855,23.41508398060992,23.503889890766963,25.032716057601903,25.04539113960065,12.456274211711902,17.70791169081776,3103.9558454088797,3191.199058182833,3186.709233107073,-0.0015973866258081216,0.18993466564520303,0.18259325116159497,23.81481341458936,23.830480579409702,0.0,0.0,0.0,0.0,False,none,0.0,0.0,nominal,0.7951958587648988,0.0,49,thermal_anomaly,1.9696781589797,0.7951958587648988,abrupt,0.0,0.832599089248062,15861062,thermal_anomaly
4500.0,75.0,1.25,0,0.0,350.0,350.0,89.3580718439714,89.23061277524874,29.574322873758856,29.599727845866845,11.834590482223794,11.823756901044577,23.429275485228114,23.382264160355067,25.031454329141088,25.17360046018917,12.20460255055536,17.5,3000.0000000000005,3095.599529091417,3094.788659869752,-0.0018344266511799855,0.19586066627949963,0.20596465912210446,23.80317254337472,23.74532761713016,0.0,0.0,0.0,0.0,False,none,0.0,0.0,nominal,0.7951958587648988,0.0,49,thermal_anomaly,1.9696781589797,0.7951958587648988,abrupt,0.0,0.832599089248062,15861062,thermal_anomaly
4560.0,76.0,1.2666666666666666,0,0.0,345.8417661836448,345.8417661836448,88.84342635857907,89.08815220473289,29.553737054343163,29.58468354355496,11.702133153168205,11.721481600855183,23.442550477739275,23.497661815470156,25.029786871126323,25.090103520689585,11.955193626758275,17.29208830918224,2896.04415459112,2995.8218418412685,2990.4346684822603,-0.0019638328945404205,0.1990958223635105,0.20244131444385668,23.791530991212568,23.753399053372036,0.0,0.0,0.0,0.0,False,none,0.0,0.0,nominal,0.7951958587648988,0.0,49,thermal_anomaly,1.9696781589797,0.7951958587648988,abrupt,0.0,0.832599089248062,15861062,thermal_anomaly
4620.0,77.0,1.2833333333333334,0,0.0,341.865267138484,341.865267138484,88.33469828248013,88.27361418592922,29.533387931299206,29.582063248526666,11.575551979804471,11.573943700488066,23.454960082509412,23.40205217246142,25.027735102871162,25.01355693888635,11.719472290972417,17.0932633569242,2796.631678462101,2896.226760151685,2894.818559712752,-0.001979949682094438,0.19949874205236096,0.2029818035270652,23.779879946612933,23.913633911043373,0.0,0.0,0.0,0.0,False,none,0.0,0.0,nominal,0.7951958587648988,0.0,49,thermal_anomaly,1.9696781589797,0.7951958587648988,abrupt,0.0,0.832599089248062,15861062,thermal_anomaly
4680.0,78.0,1.3,0,0.0,338.2442949541506,338.2442949541506,87.83135855784599,87.97564234428543,29.51325434231384,29.459970460484854,11.46075898750352,11.512804150586115,23.466590054432928,23.558003819485112,25.02533765154361,25.17238991683647,11.507919725571414,16.91221474770753,2706.107373853764,2801.1670670027247,2802.7678553800692,-0.0018820726328891081,0.1970518158222277,0.1978993566978016,23.768214816356704,23.75668011494054,0.0,0.0,0.0,0.0,False,none,0.0,0.0,nominal,0.7951958587648988,0.0,49,thermal_anomaly,1.9696781589797,0.7951958587648988,abrupt,0.0,0.832599089248062,15861062,thermal_anomaly
4740.0,79.0,1.3166666666666667,0,0.0,335.1371034904521,335.1371034904521,87.33264263003281,87.5648604372779,29.493305705201312,29.46591345602869,11.363158366861153,11.392609376418225,23.477556212258428,23.3774369752918,25.022648660680304,25.025908436098817,11.32970944562933,16.756855174522606,2628.4275872613025,2714.7973271320134,2710.367438964509,-0.0016744794436408268,0.19186198609102068,0.1891327061711019,23.756535411132372,23.807497086509162,0.0,0.0,0.0,0.0,False,none,0.0,0.0,nominal,0.7951958587648988,0.0,49,thermal_anomaly,1.9696781589797,0.7951958587648988,abrupt,0.0,0.832599089248062,15861062,thermal_anomaly
4800.0,80.0,1.3333333333333333,0,0.0,332.67949192431126,332.67949192431126,86.8375838622883,87.07059903725323,29.473503354491534,29.466079205603265,11.287409166227043,11.293911338459058,23.487999036501098,23.266263734629263,25.019735420587292,25.113780483279932,11.192448454866103,16.633974596215563,2566.987298107781,2640.8923126198974,2637.9643293182294,-0.0013662429328623821,0.18415607332155953,0.18557170384925395,23.74484595008817,23.73680834370778,0.0,0.0,0.0,0.0,False,none,0.0,0.0,nominal,0.7951958587648988,0.0,49,thermal_anomaly,1.9696781589797,0.7951958587648988,abrupt,0.0,0.832599089248062,15861062,thermal_anomaly
4860.0,81.0,1.35,0,0.0,330.9788696740969,330.9788696740969,86.34505578241614,86.18471223372669,29.453802231296645,29.479697010739546,11.237220480906524,11.274850522873239,23.498077742051827,23.42094023968608,25.01667542419,24.922227927263165,11.102009930920405,16.548943483704846,2524.4717418524233,2582.6820272361606,2581.619855110348,-0.0009708345151577116,0.17427086287894278,0.16983440139723166,23.733154879745946,23.747816519337075,0.0,0.0,0.0,0.0,False,none,0.0,0.0,nominal,0.7951958587648988,0.0,49,thermal_anomaly,1.9696781589797,0.7951958587648988,abrupt,0.0,0.832599089248062,15861062,thermal_anomaly
4920.0,82.0,1.3666666666666667,0,0.0,330.1095620926345,330.1095620926345,85.85382131501638,86.057281687012,29.434152852600654,29.435324885897533,11.215188143709993,11.195506728003346,23.5079640609592,23.462480905851745,25.013552977005745,24.920750741182932,11.062435607905055,16.505478104631727,2502.7390523158633,2542.710539776012,2554.275843212656,-0.0005055354357605888,0.16263838589401472,0.16139425411390562,23.721474509658062,23.721062635240653,0.0,0.0,0.0,0.0,False,none,0.0,0.0,nominal,0.7951958587648988,0.0,49,thermal_anomaly,1.9696781589797,0.7951958587648988,abrupt,0.0,0.832599089248062,15861062,thermal_anomaly
4980.0,83.0,1.3833333333333333,0,0.0,330.1095620926345,330.1095620926345,85.36258684761663,85.17330625607332,29.414503473904666,29.423113190484028,11.222680076360769,11.19854215901934,23.517835889419135,23.609377884439546,25.010455509398962,25.017671978319953,11.075883847707596,16.505478104631727,2502.7390523158633,2522.724796045938,2517.405541480074,9.318502806628603e-06,0.15023296257016572,0.15188537768772903,23.709821732973435,23.716711147169153,0.0,0.0,0.0,0.0,False,none,0.0,0.0,nominal,0.7951958587648988,0.0,49,thermal_anomaly,1.9696781589797,0.7951958587648988,abrupt,0.0,0.832599089248062,15861062,thermal_anomaly
5040.0,84.0,1.4,0,0.0,330.9788696740969,330.9788696740969,84.87005876774447,85.00678805074979,29.394802350709778,29.387192142578375,11.259775307388825,11.320611135167919,23.527870884742057,23.568298855403455,25.00746975229118,25.102286693914255,11.142603197830649,16.548943483704846,2524.4717418524233,2523.5982689491807,2530.603907829258,0.0005512257128852607,0.1637806428221315,0.16477064416415704,23.698286708467702,23.568682724232644,0.0,0.0,0.0,0.0,False,none,0.0,0.0,nominal,0.7951958587648988,0.0,49,thermal_anomaly,1.9696781589797,0.7951958587648988,abrupt,0.0,0.832599089248062,15861062,thermal_anomaly
5100.0,85.0,1.4166666666666667,0,0.0,332.6794919243112,332.6794919243112,84.37499999999994,84.44205278560287,29.374999999999996,29.385241049381193,11.325259299551021,11.297889409449587,23.538240058954155,23.411243859777656,25.004677943465282,24.986616299878012,11.260919856165351,16.633974596215563,2566.9872981077806,2545.292783528481,2550.387476167771,0.0010965022490355544,0.17741255622588886,0.17578304850132948,23.686889425007415,23.70434212055298,0.0,0.0,0.0,0.0,False,none,0.0,0.0,nominal,0.7951958587648988,0.0,49,thermal_anomaly,1.9696781589797,0.7951958587648988,abrupt,0.0,0.832599089248062,15861062,thermal_anomaly
5160.0,86.0,1.4333333333333333,0,0.0,335.1371034904521,335.1371034904521,83.87628407218678,84.1032360769762,29.355051362887473,29.371073902067174,11.416675765526126,11.438725273463776,23.549101414743138,23.540579466330676,25.002154230266605,24.991076036966305,11.427238842812123,16.756855174522606,2628.4275872613025,2586.860185394892,2591.1193842603725,0.0016213169101006388,0.19053292275251596,0.1876165744114966,23.67564755613369,23.66020504954402,0.0,0.0,0.0,0.0,False,none,0.0,0.0,nominal,0.7951958587648988,0.0,49,thermal_anomaly,1.9696781589797,0.7951958587648988,abrupt,0.0,0.832599089248062,15861062,thermal_anomaly
5220.0,87.0,1.45,0,0.0,338.2442949541505,338.2442949541505,83.37294434755262,83.49396698900671,29.334917773902106,29.362146437306833,11.530432693255085,11.55603125256239,23.56059370707966,23.495360760448968,24.99996142591989,25.001240221308468,11.636070247494857,16.912214747707527,2706.107373853763,2646.483779624328,2646.5566750981648,0.002102732777051808,0.2025683194262952,0.20195008556696983,23.66457564037979,23.606576003181154,0.0,0.0,0.0,0.0,False,none,0.0,0.0,nominal,0.7951958587648988,0.0,49,thermal_anomaly,1.9696781589797,0.7951958587648988,abrupt,0.0,0.832599089248062,15861062,thermal_anomaly
5280.0,88.0,1.4666666666666666,0,0.0,341.86526713848394,341.86526713848394,82.86421627145369,83.0254705969224,29.31456865085815,29.352599655866694,11.66195795715644,11.614793774508753,23.57283048174238,23.592500525754865,24.998148261226376,24.91009355114297,11.880101071558753,17.093263356924197,2796.6316784620985,2721.557729043213,2722.335993993755,0.0025197096664136814,0.21299274166034204,0.21059786434017075,23.653684389614575,23.81464783017049,0.0,0.0,0.0,0.0,False,none,0.0,0.0,nominal,0.7951958587648988,0.0,49,thermal_anomaly,1.9696781589797,0.7951958587648988,abrupt,0.0,0.832599089248062,15861062,thermal_anomaly
5340.0,89.0,1.4833333333333334,0,0.0,345.8417661836448,345.8417661836448,82.34957078606136,82.60393543463215,29.293982831442456,29.256879826130916,11.80589775632825,11.832203017038031,23.585894624674026,23.595451628746897,24.99674725175493,25.07921744041355,12.150337746630113,17.29208830918224,2896.0441545911194,2808.800941817166,2810.10593661101,0.002854023687244032,0.22135059218110079,0.22016843372358202,23.64298016069164,23.639483940889672,0.0,0.0,0.0,0.0,False,none,0.0,0.0,nominal,0.7951958587648988,0.0,49,thermal_anomaly,1.9696781589797,0.7951958587648988,abrupt,0.0,0.832599089248062,15861062,thermal_anomaly
5400.0,90.0,1.5,1,600.0,350.0,-250.0,82.72159459558517,82.74168176122448,29.308863783823405,29.30472489835858,-8.529842775344427,-8.48900452587744,23.599114781665207,23.557230890125116,25.01177327374089,24.988939473821,6.820657421767642,17.5,2999.9999999999995,2904.400470908583,2907.0800176183093,0.003091063712615916,0.22727659281539792,0.2231140169939665,23.632464619262734,23.68787252869971,0.0,0.0,0.0,0.0,False,none,0.0,0.0,nominal,0.7951958587648988,0.0,49,thermal_anomaly,1.9696781589797,0.7951958587648988,abrupt,0.0,0.832599089248062,15861062,thermal_anomaly
5460.0,91.0,1.5166666666666666,1,601.2556165273943,354.1582338163552,-247.09738271103907,83.08929903414327,83.15445824049942,29.32357196136573,29.347503371021602,-8.426578557230128,-8.373652125819138,23.611788686623527,23.658840057303053,25.027094910932597,24.81204511239842,6.680578094493646,17.707911690817763,3103.9558454088797,3004.1781581587315,3001.133064172972,0.0032204699559763308,0.23051174889940826,0.23996386917562365,23.622134615934012,23.766012194214753,0.0,0.0,0.0,0.0,False,none,0.0,0.0,nominal,0.7951958587648988,0.0,49,thermal_anomaly,1.9696781589797,0.7951958587648988,abrupt,0.0,0.832599089248062,15861062,thermal_anomaly
5520.0,92.0,1.5333333333333334,1,602.5051158172811,358.13473286151606,-244.37038295576502,83.45294543735125,83.58863272080717,29.33811781749405,29.341876798220632,-8.32944991481523,-8.2948641986462,23.623952550739364,23.678804127007382,25.042691624931287,25.123201753060485,6.550378870673236,17.906736643075803,3203.368321537901,3103.7732398483167,3105.7414756140706,0.0032365867435303836,0.2309146685882596,0.23112768825780877,23.611982284433054,23.59974050293087,0.0,0.0,0.0,0.0,False,none,0.0,0.0,nominal,0.7951958587648988,0.0,49,thermal_anomaly,1.9696781589797,0.7951958587648988,abrupt,0.0,0.832599089248062,15861062,thermal_anomaly
5580.0,93.0,1.55,1,603.7424104347197,361.7557050458494,-241.98670538887023,83.81304470132278,83.62126830745977,29.35252178805291,29.31971512005493,-8.244153846003238,-8.243083231712504,23.63566645480468,23.55205030273803,25.05852566243642,25.15281991463396,6.437285810925598,18.087785252292473,3293.892626146236,3198.8329329972757,3202.135082957923,0.0031387096943250046,0.22846774235812511,0.2218909481298544,23.60199535978532,23.465388631081073,0.0,0.0,0.0,0.0,False,none,0.0,0.0,nominal,0.7951958587648988,0.0,49,thermal_anomaly,1.9696781589797,0.7951958587648988,abrupt,0.0,0.832599089248062,15861062,thermal_anomaly
5640.0,94.0,1.5666666666666667,1,604.961472404706,364.8628965095479,-240.0985758951581,84.1703342487858,84.07773484340066,29.366813369951434,29.37308771555001,-8.175847098917126,-8.147728155511043,23.64701098295182,23.650029635211084,25.07454374678788,25.057205126588705,6.3475580627897275,18.243144825477398,3371.572412738697,3285.202672867987,3290.5782116071946,0.002931116505076744,0.2232779126269186,0.22823295300988267,23.59215770252091,23.512865062132793,0.0,0.0,0.0,0.0,False,none,0.0,0.0,nominal,0.7951958587648988,0.0,49,thermal_anomaly,1.9696781589797,0.7951958587648988,abrupt,0.0,0.832599089248062,15861062,thermal_anomaly
5700.0,95.0,1.5833333333333333,1,606.1563625798619,367.32050807568874,-238.8358545041732,84.52574474655987,84.58995248154073,29.381029789862396,29.37970083578966,-8.128913663420365,-8.12772843928515,23.65808338034673,23.736934481826715,25.09067944762115,25.034291192056507,6.286338987787384,18.366025403784437,3433.012701892219,3359.107687380103,3365.0508583016917,0.0026228799942982993,0.21557199985745748,0.212380847179323,23.582450003578042,23.67553603125316,0.0,0.0,0.0,0.0,False,none,0.0,0.0,nominal,0.7951958587648988,0.0,49,thermal_anomaly,1.9696781589797,0.7951958587648988,abrupt,0.0,0.832599089248062,15861062,thermal_anomaly
5760.0,96.0,1.6,1,607.3212595753644,369.0211303259031,-238.3001292494613,84.88035803413348,85.18921012474041,29.395214321365337,29.396482354601655,-8.106766177794373,-8.131521368906638,23.668993455494366,23.70083079107736,25.10685612507277,25.08064443652176,6.257572628914463,18.451056516295154,3475.5282581475767,3417.31797276384,3411.9519887752426,0.0022274715765936287,0.2056867894148407,0.20452942250930387,23.572850634741116,23.577395712458276,0.0,0.0,0.0,0.0,False,none,0.0,0.0,nominal,0.7951958587648988,0.0,49,thermal_anomaly,1.9696781589797,0.7951958587648988,abrupt,0.0,0.832599089248062,15861062,thermal_anomaly
5820.0,97.0,1.6166666666666667,1,608.450488130146,369.8904379073655,-238.56005022278055,85.23535810886975,85.4965558771901,29.409414324354792,29.40961884617797,-8.111689936824822,-8.102597988638031,23.67985936506305,23.807736769524247,25.122990319862925,25.169795658366215,6.263961090494807,18.494521895368276,3497.260947684136,3457.2894602239876,3451.720442902265,0.001762172497196499,0.19405431242991247,0.19549839396922092,23.56333660191221,23.484559570661656,0.0,0.0,0.0,0.0,False,none,0.0,0.0,nominal,0.7951958587648988,0.0,49,thermal_anomaly,1.9696781589797,0.7951958587648988,abrupt,0.0,0.832599089248062,15861062,thermal_anomaly
5880.0,98.0,1.6333333333333333,1,609.5385467561977,369.8904379073655,-239.64810884883218,85.59197731846623,85.44530635711682,29.42367909273865,29.40504894063837,-8.1447363565073,-8.185257066123544,23.690803336957206,23.82836667725477,25.138995441094757,25.19770302088396,6.306938425360945,18.494521895368276,3497.2609476841367,3477.2752039540624,3482.376135536492,0.0012473185586292885,0.18118296396573222,0.17427401385550292,23.55388455379844,23.632298943636016,0.0,0.0,0.0,0.0,False,none,0.0,0.0,nominal,0.7951958587648988,0.0,49,thermal_anomaly,1.9696781589797,0.7951958587648988,abrupt,0.0,0.832599089248062,15861062,thermal_anomaly
5940.0,99.0,1.65,1,610.5801345412646,369.0211303259031,-241.55900421536148,85.95144012235814,86.0501606761437,29.438057604894325,29.401127180795935,-8.205670613783983,-8.2085051291146,23.70194732499464,23.632724855637218,25.15478559059859,25.225242997217133,6.386642417753441,18.451056516295154,3475.5282581475763,3476.4017310508193,3475.155117396307,0.0007054113485506565,0.1676352837137664,0.17014486946844357,23.544471796948457,23.656745782569494,0.0,0.0,0.0,0.0,False,none,0.0,0.0,nominal,0.7951958587648988,0.0,49,thermal_anomaly,1.9696781589797,0.7951958587648988,abrupt,0.0,0.832599089248062,15861062,thermal_anomaly
6000.0,100.0,1.6666666666666667,1,611.5701769743577,367.3205080756888,-244.24966889866886,86.3149068915526,86.56156879116674,29.452596275662103,29.46253294481885,-8.29297582503796,-8.291204794986195,23.713408560520584,23.577846166316974,25.17027935668137,25.161687070265305,6.5018758427731225,18.36602540378444,3433.0127018922194,3454.7072164715196,3451.812700522918,0.00016013481240036284,0.15400337031000907,0.16788823787173404,23.53507726942784,23.454217995011152,0.0,0.0,0.0,0.0,False,none,0.0,0.0,nominal,0.7951958587648988,0.0,49,thermal_anomaly,1.9696781589797,0.7951958587648988,abrupt,0.0,0.832599089248062,15861062,thermal_anomaly
6060.0,101.0,1.6833333333333333,1,612.503850668262,364.86289650954785,-247.64095415871412,86.68342021619354,86.47655421207443,29.46733680864774,29.444360405323582,-8.403913654186736,-8.403534895155596,23.725294979746,23.74997445327895,25.185403411478873,25.14030311754346,6.650061176562101,18.243144825477394,3371.5724127386966,3413.1398146051083,3411.8022744176874,-0.00036467984866473584,0.1591169962166184,0.16610839393820742,23.52573166122319,23.474617507785574,0.0,0.0,0.0,0.0,False,none,0.0,0.0,nominal,0.7951958587648988,0.0,49,thermal_anomaly,1.9696781589797,0.7951958587648988,abrupt,0.0,0.832599089248062,15861062,thermal_anomaly
6120.0,102.0,1.7,1,613.376606858593,361.7557050458495,-251.62090181274357,87.0578560819863,86.93170894444552,29.482314243279454,29.46138704734612,-8.534638757881803,-8.535706392243112,23.737700558861533,23.801952201088657,25.200095754691628,25.242116061090705,6.827204698203059,18.087785252292473,3293.892626146237,3353.516220375672,3353.7177947511336,-0.0008460957156158976,0.17115239289039744,0.1686150834031198,23.51643510681683,23.618095425298606,0.0,0.0,0.0,0.0,False,none,0.0,0.0,nominal,0.7951958587648988,0.0,49,thermal_anomaly,1.9696781589797,0.7951958587648988,abrupt,0.0,0.832599089248062,15861062,thermal_anomaly
6180.0,103.0,1.7166666666666666,1,614.184193564921,358.134732861516,-256.049460703405,87.4388820651759,87.44015691472738,29.497555282607035,29.492862726199697,-8.680362092731874,-8.710127894415445,23.75070067179128,23.843933441564694,25.214308461940245,25.049416962786584,7.027894884874919,17.9067366430758,3203.3683215379,3278.4422709567857,3272.434509935506,-0.001263072604977778,0.18157681512444446,0.17916079515113992,23.507167066170187,23.468626092158473,0.0,0.0,0.0,0.0,False,none,0.0,0.0,nominal,0.7951958587648988,0.0,49,thermal_anomaly,1.9696781589797,0.7951958587648988,abrupt,0.0,0.832599089248062,15861062,thermal_anomaly
6240.0,104.0,1.7333333333333334,1,614.9226763059908,354.1582338163552,-260.76444248963554,87.82692439030927,87.6065795861572,29.51307697561237,29.52817149000271,-8.835555936953433,-8.83443376027198,23.764347680751207,23.782823742533814,25.228009817626358,25.20590407033481,7.245363897202646,17.707911690817763,3103.9558454088806,3191.199058182833,3192.002763015079,-0.0015973866258081003,0.1899346656452025,0.19211692633765284,23.497908946418978,23.40757958015537,0.0,0.0,0.0,0.0,False,none,0.0,0.0,nominal,0.7951958587648988,0.0,49,thermal_anomaly,1.9696781589797,0.7951958587648988,abrupt,0.0,0.832599089248062,15861062,thermal_anomaly
6300.0,105.0,1.75,1,615.5884572681198,350.0,-265.5884572681198,88.22214530886303,88.44436747688579,29.52888581235452,29.52347384607592,-8.994191618195119,-8.944163337240061,23.778667056763982,23.84380089635974,25.241185739085346,25.347616113474587,7.471638629184906,17.5,3000.0000000000005,3095.599529091417,3098.79090952117,-0.0018344266511799855,0.19586066627949963,0.19847410658923315,23.48864485871562,23.517788513471586,0.0,0.0,0.0,0.0,False,none,0.0,0.0,nominal,0.7951958587648988,0.0,49,thermal_anomaly,1.9696781589797,0.7951958587648988,abrupt,0.0,0.832599089248062,15861062,thermal_anomaly
6360.0,106.0,1.7666666666666666,1,616.178292833385,345.8417661836449,-270.33652664974005,88.62443180685372,88.55989322416372,29.54497727227415,29.596895862199638,-9.149999479046192,-9.137859314534069,23.793654385214477,23.79733310329976,25.253840429791026,25.412352875604345,7.697799237323648,17.292088309182244,2896.0441545911217,2995.82184184127,2996.7276989072743,-0.0019638328945403845,0.1990958223635096,0.1975419559465385,23.479362264188413,23.494364812923337,0.0,0.0,0.0,0.0,False,none,0.0,0.0,nominal,0.7951958587648988,0.0,49,thermal_anomaly,1.9696781589797,0.7951958587648988,abrupt,0.0,0.832599089248062,15861062,thermal_anomaly
6420.0,107.0,1.7833333333333334,1,616.6893093822022,341.86526713848406,-274.8240422437181,89.03339615543068,89.16710859482298,29.561335846217226,29.559108187473758,-9.296739622099507,-9.261783283011908,23.80927362359682,23.862200634566506,25.265996233066545,25.390807533776798,7.9143494080891905,17.093263356924204,2796.631678462101,2896.226760151685,2892.9261292342135,-0.0019799496820944516,0.1994987420523613,0.20154139505577168,23.47005248504146,23.464815776545862,0.0,0.0,0.0,0.0,False,none,0.0,0.0,nominal,0.7951958587648988,0.0,49,thermal_anomaly,1.9696781589797,0.7951958587648988,abrupt,0.0,0.832599089248062,15861062,thermal_anomaly
6480.0,108.0,1.8,1,617.1190172933127,338.24429495415063,-278.8747223391621,89.44838830176872,89.07780615344765,29.57793553207075,29.622728560691694,-9.428471504942728,-9.40987002693327,23.82545693516711,23.846517410267207,25.27769269269743,25.28957925936747,8.111685993561359,16.912214747707534,2706.1073738537652,2801.167067002725,2798.995489185705,-0.0018820726328890943,0.19705181582222736,0.19325395099771817,23.460711060747016,23.534170714815485,0.0,0.0,0.0,0.0,False,none,0.0,0.0,nominal,0.7951958587648988,0.0,49,thermal_anomaly,1.9696781589797,0.7951958587648988,abrupt,0.0,0.832599089248062,15861062,thermal_anomaly
6540.0,109.0,1.8166666666666667,1,617.465323072968,335.1371034904521,-282.3282195825159,89.86851958090936,89.77816817211367,29.594740783236375,29.60150347098184,-9.539810524119803,-9.537970855482401,23.842106322845737,23.77057589621068,25.288984861504893,25.260429496671577,8.280638786888556,16.756855174522606,2628.427587261303,2714.7973271320143,2713.4070502802388,-0.0016744794436408268,0.19186198609102068,0.19092966553010485,23.451337933689757,23.508765723098758,0.0,0.0,0.0,0.0,False,none,0.0,0.0,nominal,0.7951958587648988,0.0,49,thermal_anomaly,1.9696781589797,0.7951958587648988,abrupt,0.0,0.832599089248062,15861062,thermal_anomaly
6600.0,110.0,1.8333333333333333,1,617.7265395542198,332.6794919243112,-285.0470476299086,90.29269673512054,90.30820204388353,29.61170786940482,29.65817386962203,-9.626160331144652,-9.604875049432186,23.859097141634237,23.98551705361858,25.299940931805285,25.336740132791956,8.413037017672233,16.633974596215563,2566.98729810778,2640.8923126198974,2639.8660762463555,-0.0013662429328624107,0.18415607332156025,0.1816014981557949,23.441937453726375,23.470947547857758,0.0,0.0,0.0,0.0,False,none,0.0,0.0,nominal,0.7951958587648988,0.0,49,thermal_anomaly,1.9696781589797,0.7951958587648988,abrupt,0.0,0.832599089248062,15861062,thermal_anomaly
6660.0,111.0,1.85,1,617.9013941166289,330.9788696740969,-286.922524442532,90.71966477744574,90.96411508429087,29.62878659109783,29.60666755712746,-9.683910731894091,-9.688011572359422,23.876283392667975,23.842845013745634,25.310639291318253,25.408226266297916,8.502250165063485,16.548943483704846,2524.4717418524233,2582.6820272361606,2580.7425271121742,-0.0009708345151577116,0.17427086287894278,0.17301965598252206,23.432518197106866,23.469955698808054,0.0,0.0,0.0,0.0,False,none,0.0,0.0,nominal,0.7951958587648988,0.0,49,thermal_anomaly,1.9696781589797,0.7951958587648988,abrupt,0.0,0.832599089248062,15861062,thermal_anomaly
6720.0,112.0,1.8666666666666667,1,617.9890348863438,330.1095620926345,-287.8794727937093,91.14805685005543,91.29140626670356,29.645922274002217,29.657470507542715,-9.710592577724025,-9.71319149555728,23.893504521168115,23.81645866814462,25.32116513319697,25.306010861478274,8.543648656843914,16.505478104631727,2502.7390523158633,2542.710539776012,2542.0854998695104,-0.0005055354357605888,0.16263838589401472,0.16339619965204152,23.423092602138773,23.561000323480783,0.0,0.0,0.0,0.0,False,none,0.0,0.0,nominal,0.7951958587648988,0.0,49,thermal_anomaly,1.9696781589797,0.7951958587648988,abrupt,0.0,0.832599089248062,15861062,thermal_anomaly
6780.0,113.0,1.8833333333333333,1,617.9890348863438,330.1095620926345,-287.8794727937093,91.57644892266512,91.66332515271317,29.663057956906606,29.64304276489643,-9.704982986310108,-9.68281540230245,23.91059327931166,23.82859568435528,25.33160676834066,25.35393585459118,8.534935581165493,16.505478104631727,2502.7390523158633,2522.724796045938,2527.2051300962157,9.318502806628603e-06,0.15023296257016572,0.1535835976034334,23.41367768976054,23.405957778119834,0.0,0.0,0.0,0.0,False,none,0.0,0.0,nominal,0.7951958587648988,0.0,49,thermal_anomaly,1.9696781589797,0.7951958587648988,abrupt,0.0,0.832599089248062,15861062,thermal_anomaly
6840.0,114.0,1.9,1,617.9013941166289,330.9788696740969,-286.922524442532,92.00341696499031,91.96738870386282,29.680136678599613,29.67812124061061,-9.667156440334484,-9.66576736536401,23.92738409660696,23.828728199740976,25.342051801161343,25.357791126985322,8.47631309135204,16.548943483704846,2524.4717418524233,2523.5982689491807,2526.5386681987607,0.0005512257128852607,0.1637806428221315,0.16242389705303878,23.404363745578905,23.330076462540724,0.0,0.0,0.0,0.0,False,none,0.0,0.0,nominal,0.7951958587648988,0.0,49,thermal_anomaly,1.9696781589797,0.7951958587648988,abrupt,0.0,0.832599089248062,15861062,thermal_anomaly
6900.0,115.0,1.9166666666666667,1,617.7265395542198,332.6794919243112,-285.0470476299086,92.4275941192015,92.2259715772429,29.69710376476806,29.689757379303426,-9.598479699831257,-9.606026082030256,23.94372134204014,23.978881543209162,25.352583335944484,25.29143705370517,8.370465003845819,16.633974596215563,2566.9872981077797,2545.2927835284804,2550.0036550897667,0.0010965022490355475,0.1774125562258887,0.17833209118031104,23.395170884340285,23.50984565591895,0.0,0.0,0.0,0.0,False,none,0.0,0.0,nominal,0.7951958587648988,0.0,49,thermal_anomaly,1.9696781589797,0.7951958587648988,abrupt,0.0,0.832599089248062,15861062,thermal_anomaly
6960.0,116.0,1.9333333333333333,1,617.465323072968,335.1371034904521,-282.3282195825159,92.84772539834213,93.25596356642085,29.713909015933687,29.693570602593297,-9.501550921190516,-9.445158753308482,23.959466872630024,24.01758018942602,25.363276379605974,25.39611163526014,8.222357592638108,16.756855174522606,2628.427587261302,2586.860185394891,2589.0594540754214,0.0016213169101006388,0.19053292275251596,0.18608703040956973,23.38611690452156,23.35513908488126,0.0,0.0,0.0,0.0,False,none,0.0,0.0,nominal,0.7951958587648988,0.0,49,thermal_anomaly,1.9696781589797,0.7951958587648988,abrupt,0.0,0.832599089248062,15861062,thermal_anomaly
7020.0,117.0,1.95,1,617.1190172933127,338.24429495415046,-278.87472233916225,93.26271754468019,93.40324030938254,29.73050870178721,29.715463684252473,-9.380085794576333,-9.345105238131756,23.974506340597873,23.99215335952718,25.37419459806454,25.526874338008028,8.038880761089018,16.912214747707523,2706.1073738537616,2646.4837796243264,2648.1875496470034,0.0021027327770518074,0.20256831942629516,0.2087680077718948,23.37721646865475,23.395353916305613,0.0,0.0,0.0,0.0,False,none,0.0,0.0,nominal,0.7951958587648988,0.0,49,thermal_anomaly,1.9696781589797,0.7951958587648988,abrupt,0.0,0.832599089248062,15861062,thermal_anomaly
7080.0,118.0,1.9666666666666666,1,616.6893093822022,341.865267138484,-274.82404224371817,93.67168189325714,93.80254448316634,29.746867275730285,29.72643233164478,-9.238755788847055,-9.253459389851882,23.988753864827874,24.13883694735947,25.385387567993874,25.30187824438605,7.8283686820763965,17.0932633569242,2796.6316784621,2721.557729043213,2725.4854086696128,0.00251970966641371,0.21299274166034274,0.211758705026721,23.36848041167747,23.292879066892997,0.0,0.0,0.0,0.0,False,none,0.0,0.0,nominal,0.7951958587648988,0.0,49,thermal_anomaly,1.9696781589797,0.7951958587648988,abrupt,0.0,0.832599089248062,15861062,thermal_anomaly
7140.0,119.0,1.9833333333333334,1,616.178292833385,345.84176618364484,-270.3365266497401,94.07396839124782,93.90292504420884,29.762958735649914,29.78464973739679,-9.08298563495747,-9.089991592309433,24.0476078512038,23.969602642825784,25.449153786682867,25.483674864494066,19.527988125060986,37.917983828470206,2896.044154591121,2808.8009418171673,2808.6970438314115,0.002854023687244053,0.2213505921811013,0.21971684508785946,23.359915212589062,23.47936987807111,0.0,0.0,0.7951958587648988,0.0,True,thermal_anomaly,1.0,0.7951958587648988,thermal_anomaly,0.7951958587648988,0.7951958587648988,49,thermal_anomaly,1.9696781589797,0.7951958587648988,abrupt,0.0,0.832599089248062,15861062,thermal_anomaly
7200.0,120.0,2.0,1,615.58845726812,350.0,-265.58845726812,94.46918930980158,94.2767282990326,29.778767572392063,29.752361127988383,-8.918718903409134,-8.93031473318898,24.10548864029011,24.155441076872542,25.51356508238911,25.367041850085524,19.29142163171568,38.3738912925786,2999.9999999999995,2904.4004709085834,2896.342043177837,0.0030910637126159027,0.22727659281539755,0.2265293958252819,23.351522658270927,23.223349045023195,0.0,0.0,0.7951958587648988,0.0,True,thermal_anomaly,1.0,0.7951958587648988,thermal_anomaly,0.7951958587648988,0.7951958587648988,49,thermal_anomaly,1.9696781589797,0.7951958587648988,abrupt,0.0,0.832599089248062,15861062,thermal_anomaly
7260.0,121.0,2.0166666666666666,1,614.9226763059908,354.15823381635516,-260.7644424896356,94.85723163493495,94.81959119322866,29.7942892653974,29.799156848539642,-8.752161871251051,-8.773638703929542,24.1624029844162,24.018102989089318,25.578618756716818,25.621026262150945,19.05596487511994,38.82979875668699,3103.9558454088797,3004.178158158732,3002.950768611797,0.003220469955976323,0.23051174889940806,0.23412304046354795,23.343299719649647,23.22958838806344,0.0,0.0,0.7951958587648988,0.0,True,thermal_anomaly,1.0,0.7951958587648988,thermal_anomaly,0.7951958587648988,0.7951958587648988,49,thermal_anomaly,1.9696781589797,0.7951958587648988,abrupt,0.0,0.832599089248062,15861062,thermal_anomaly
7320.0,122.0,2.033333333333333,1,614.184193564921,358.13473286151594,-256.04946070340503,95.23825761812455,95.30728632670733,29.80953030472498,29.805819894788517,-8.589516778223766,-8.592037617625028,24.218386627743662,24.237858988026503,25.644272271870012,25.79109697290103,18.83032176014449,39.26578087692711,3203.368321537899,3103.7732398483154,3094.109747029988,0.0032365867435303554,0.23091466858825888,0.23944751751610047,23.33523864987082,23.268282035962418,0.0,0.0,0.7951958587648988,0.0,True,thermal_anomaly,1.0,0.7951958587648988,thermal_anomaly,0.7951958587648988,0.7951958587648988,49,thermal_anomaly,1.9696781589797,0.7951958587648988,abrupt,0.0,0.832599089248062,15861062,thermal_anomaly
7380.0,123.0,2.05,1,613.376606858593,361.7557050458494,-251.62090181274363,95.61269348391733,95.90360644998049,29.824507739356694,29.833567596042045,-8.436716005900823,-8.396362808100546,24.273500868133514,24.176604336186596,25.71044515896941,25.68652338641148,18.622192038611335,39.66278314257015,3293.892626146236,3198.8329329972757,3204.8594554860106,0.0031387096943250184,0.22846774235812545,0.2227722090796931,23.327327302482303,23.312275115681594,0.0,0.0,0.7951958587648988,0.0,True,thermal_anomaly,1.0,0.7951958587648988,thermal_anomaly,0.7951958587648988,0.7951958587648988,49,thermal_anomaly,1.9696781589797,0.7951958587648988,abrupt,0.0,0.832599089248062,15861062,thermal_anomaly
7440.0,124.0,2.066666666666667,1,612.503850668262,364.86289650954785,-247.64095415871412,95.98120680855826,95.9097048516778,29.83924827234233,29.866420321504574,-8.299168661974965,-8.285350684576876,24.327828338501792,24.25472940266833,25.777022583933793,25.87086240312277,18.438033919866072,40.00345464957927,3371.572412738696,3285.202672867986,3284.9722299281816,0.0029311165050767227,0.22327791262691807,0.22627902586173249,23.319549655647666,23.267671467481552,0.0,0.0,0.7951958587648988,0.0,True,thermal_anomaly,1.0,0.7951958587648988,thermal_anomaly,0.7951958587648988,0.7951958587648988,49,thermal_anomaly,1.9696781589797,0.7951958587648988,abrupt,0.0,0.832599089248062,15861062,thermal_anomaly
7500.0,125.0,2.0833333333333335,1,611.5701769743577,367.3205080756888,-244.24966889866886,96.3446735777527,96.57884255828964,29.85378694311011,29.847162617468857,-8.181530516182596,-8.196595122076983,24.38146836520251,24.4062469446924,25.843860415080623,25.763991986548437,18.282933208451645,40.272906418374916,3433.0127018922194,3359.107687380103,3351.423474212608,0.0026228799942983206,0.215571999857458,0.2216403179613441,23.311886517056347,23.302641562476474,0.0,0.0,0.7951958587648988,0.0,True,thermal_anomaly,1.0,0.7951958587648988,thermal_anomaly,0.7951958587648988,0.7951958587648988,49,thermal_anomaly,1.9696781589797,0.7951958587648988,abrupt,0.0,0.832599089248062,15861062,thermal_anomaly
7560.0,126.0,2.1,1,610.5801345412646,369.0211303259031,-241.55900421536148,96.70413638164462,96.80966081303043,29.868165455265785,29.869878768994443,-8.087507234990705,-8.120010507593737,24.43453219577092,24.330271559735383,25.910791570968282,25.94305213389104,18.16055974355564,40.45936211368767,3475.5282581475767,3417.31797276384,3422.015542195955,0.0022274715765936287,0.2056867894148407,0.20872195606400631,23.304316374368334,23.208018537674466,0.0,0.0,0.7951958587648988,0.0,True,thermal_anomaly,1.0,0.7951958587648988,thermal_anomaly,0.7951958587648988,0.7951958587648988,49,thermal_anomaly,1.9696781589797,0.7951958587648988,abrupt,0.0,0.832599089248062,15861062,thermal_anomaly
7620.0,127.0,2.1166666666666667,1,609.5385467561977,369.8904379073655,-239.64810884883218,97.0607555912411,97.14921644733582,29.882430223649642,29.922804776407563,-8.019699437268967,-7.996617654200233,24.487138297664025,24.52747623297983,25.977633371049624,25.979542970562015,18.073184206604058,40.554672726918675,3497.2609476841367,3457.2894602239876,3459.6320177080606,0.001762172497196506,0.19405431242991264,0.19851791649308276,23.29681634849222,23.287570965243667,0.0,0.0,0.7951958587648988,0.0,True,thermal_anomaly,1.0,0.7951958587648988,thermal_anomaly,0.7951958587648988,0.7951958587648988,49,thermal_anomaly,1.9696781589797,0.7951958587648988,abrupt,0.0,0.832599089248062,15861062,thermal_anomaly
7680.0,128.0,2.1333333333333333,1,608.450488130146,369.8904379073655,-238.56005022278055,97.41575566597737,97.49355413435097,29.896630226639097,29.909652771036143,-7.979496298222064,-7.959224415410673,24.539407833930632,24.388488318317002,26.04419556787888,25.876683638919566,18.021726775340653,40.554672726918675,3497.2609476841367,3477.2752039540624,3487.494977947382,0.0012473185586292885,0.18118296396573222,0.18426663481353442,23.289363202279105,23.247856135825376,0.0,0.0,0.7951958587648988,0.0,True,thermal_anomaly,1.0,0.7951958587648988,thermal_anomaly,0.7951958587648988,0.7951958587648988,49,thermal_anomaly,1.9696781589797,0.7951958587648988,abrupt,0.0,0.832599089248062,15861062,thermal_anomaly
7740.0,129.0,2.15,1,607.3212595753644,369.0211303259031,-238.3001292494613,97.77036895355099,97.75465893511915,29.91081475814204,29.928243373031425,-7.967022335444523,-7.965037577410401,24.591460340905943,24.745616714417697,26.11028870982673,26.178103350537604,18.005813472951235,40.45936211368767,3475.5282581475767,3476.4017310508193,3476.76379996977,0.0007054113485506565,0.1676352837137664,0.17062716131102815,23.281934355565518,23.332972894357773,0.0,0.0,0.7951958587648988,0.0,True,thermal_anomaly,1.0,0.7951958587648988,thermal_anomaly,0.7951958587648988,0.7951958587648988,49,thermal_anomaly,1.9696781589797,0.7951958587648988,abrupt,0.0,0.832599089248062,15861062,thermal_anomaly
7800.0,130.0,2.1666666666666665,1,606.156362579862,367.3205080756888,-238.83585450417326,98.12577945132504,98.23914150562129,29.925031178053,29.95025187999605,-7.981139704854688,-7.962051973651475,24.643409582774797,24.636793220320243,26.175732468813663,26.229774922213004,18.02382516054612,40.272906418374916,3433.0127018922194,3454.7072164715196,3456.9743952171752,0.00016013481240036284,0.15400337031000907,0.1586686221791624,23.274508858855274,23.17403419487906,0.0,0.0,0.7951958587648988,0.0,True,thermal_anomaly,1.0,0.7951958587648988,thermal_anomaly,0.7951958587648988,0.7951958587648988,49,thermal_anomaly,1.9696781589797,0.7951958587648988,abrupt,0.0,0.832599089248062,15861062,thermal_anomaly
7860.0,131.0,2.183333333333333,1,604.961472404706,364.8628965095479,-240.0985758951581,98.4830689987881,98.48983221679548,29.939322759951523,29.905754835896037,-8.019505912683071,-8.010194602015593,24.695359546977013,24.55063287622649,26.240363569100527,26.2387629080254,18.07293588815818,40.003454649579275,3371.572412738698,3413.1398146051088,3417.0351471813146,-0.0003646798486647144,0.15911699621661785,0.15888869713206313,23.267117513729918,23.16068883285368,0.0,0.0,0.7951958587648988,0.0,True,thermal_anomaly,1.0,0.7951958587648988,thermal_anomaly,0.7951958587648988,0.7951958587648988,49,thermal_anomaly,1.9696781589797,0.7951958587648988,abrupt,0.0,0.832599089248062,15861062,thermal_anomaly
7920.0,132.0,2.2,1,603.7424104347197,361.7557050458495,-241.98670538887018,98.84316826275963,99.03090845435035,29.953726730510386,29.951505462773504,-8.07868441766835,-8.0666634240063,24.747400573310834,24.71448231651711,26.304042970610897,26.18755369087863,18.149149235095678,39.662783142570156,3293.892626146237,3353.516220375673,3355.2713334918576,-0.0008460957156159047,0.1711523928903976,0.17095284854641685,23.259760565429755,23.24744717923768,0.0,0.0,0.7951958587648988,0.0,True,thermal_anomaly,1.0,0.7951958587648988,thermal_anomaly,0.7951958587648988,0.7951958587648988,49,thermal_anomaly,1.9696781589797,0.7951958587648988,abrupt,0.0,0.832599089248062,15861062,thermal_anomaly
7980.0,133.0,2.216666666666667,1,602.5051158172811,358.13473286151606,-244.37038295576502,99.20681466596761,99.09869122057562,29.968272586638705,29.92289145378652,-8.15430326353602,-8.140228456226376,24.799605670209292,24.701096076310176,26.366661992840474,26.387391657744935,18.247350818570617,39.265780876927124,3203.3683215379015,3278.442270956787,3275.584096778304,-0.0012630726049777641,0.1815768151244441,0.18425806682778703,23.252417583843517,23.06527493737207,0.0,0.0,0.7951958587648988,0.0,True,thermal_anomaly,1.0,0.7951958587648988,thermal_anomaly,0.7951958587648988,0.7951958587648988,49,thermal_anomaly,1.9696781589797,0.7951958587648988,abrupt,0.0,0.832599089248062,15861062,thermal_anomaly
8040.0,134.0,2.2333333333333334,1,601.2556165273943,354.15823381635516,-247.09738271103913,99.5745191045257,99.71832698843271,29.98298076418103,29.95056885533506,-8.24125475230376,-8.237650064650213,24.8520271491707,24.86417484506158,26.428147111710086,26.59507813801846,18.36140027286303,38.82979875668699,3103.955845408879,3191.199058182833,3192.969123026997,-0.001597386625808136,0.1899346656452034,0.18859075506135026,23.245070085209758,23.175339113266926,0.0,0.0,0.7951958587648988,0.0,True,thermal_anomaly,1.0,0.7951958587648988,thermal_anomaly,0.7951958587648988,0.7951958587648988,49,thermal_anomaly,1.9696781589797,0.7951958587648988,abrupt,0.0,0.832599089248062,15861062,thermal_anomaly
8100.0,135.0,2.25,1,600.0,350.0,-250.0,99.94654291404952,99.85674778347712,29.99786171656198,30.036139917024396,-8.333927343293727,-8.35356450216115,24.904693783845314,24.96758872036863,26.488463219717648,26.552089711452332,18.48428547853739,38.3738912925786,3000.0000000000005,3095.599529091417,3099.783268648594,-0.0018344266511799855,0.19586066627949963,0.19325338182618884,23.23770228896547,23.257174584627016,0.0,0.0,0.7951958587648988,0.0,True,thermal_anomaly,1.0,0.7951958587648988,thermal_anomaly,0.7951958587648988,0.7951958587648988,49,thermal_anomaly,1.9696781589797,0.7951958587648988,abrupt,0.0,0.832599089248062,15861062,thermal_anomaly
8160.0,136.0,2.2666666666666666,1,598.7443834726057,345.84176618364484,-252.90261728896087,100.0,99.9716608994712,30.0,29.993698197377995,-8.430087242965362,-8.412502940799527,24.95762506134464,24.944894843214012,26.547615206905594,26.563304285129426,18.613247555394068,37.917983828470206,2896.0441545911203,2995.8218418412685,2996.8568466577576,-0.0019638328945404057,0.19909582236351014,0.20247695748321315,23.230301763711388,23.183658671521453,0.0,0.0,0.7951958587648988,0.0,True,thermal_anomaly,1.0,0.7951958587648988,thermal_anomaly,0.7951958587648988,0.7951958587648988,49,thermal_anomaly,1.9696781589797,0.7951958587648988,abrupt,0.0,0.832599089248062,15861062,thermal_anomaly
8220.0,137.0,2.283333333333333,1,597.4948841827188,341.86526713848406,-255.62961704423475,100.0,100.0,30.0,30.005416269783755,-8.520987234807825,-8.567841618985355,25.010801171825037,24.984921614901317,26.605647793548755,26.743686345246417,18.736515757934114,37.48200170823008,2796.631678462101,2896.226760151685,2891.978966541922,-0.001979949682094438,0.19949874205236096,0.20229222225782656,23.222859938318013,23.171484718003313,0.0,0.0,0.7951958587648988,0.0,True,thermal_anomaly,1.0,0.7951958587648988,thermal_anomaly,0.7951958587648988,0.7951958587648988,49,thermal_anomaly,1.9696781589797,0.7951958587648988,abrupt,0.0,0.832599089248062,15861062,thermal_anomaly
8280.0,138.0,2.3,1,596.2575895652803,338.2442949541506,-258.01329461112977,100.0,100.0,30.0,30.014067500608242,-8.600443153704326,-8.561055464081505,25.064173226227265,25.219570510253373,26.66264362187583,26.66288025181616,18.845347676681452,37.08499944258704,2706.107373853764,2801.1670670027247,2803.2406294943453,-0.0018820726328891081,0.1970518158222277,0.19106460715087775,23.215372458123994,23.14585735815107,0.0,0.0,0.7951958587648988,0.0,True,thermal_anomaly,1.0,0.7951958587648988,thermal_anomaly,0.7951958587648988,0.7951958587648988,49,thermal_anomaly,1.9696781589797,0.7951958587648988,abrupt,0.0,0.832599089248062,15861062,thermal_anomaly
8340.0,139.0,2.316666666666667,1,595.038527595294,335.1371034904521,-259.9014241048419,100.0,99.74248627154785,30.0,30.011695480831204,-8.66338080349473,-8.605484257052659,25.11766758195663,25.120264005859053,26.7187196902262,26.69228858349895,18.932271237182363,36.74432793557792,2628.427587261303,2714.797327132014,2716.0267229460082,-0.0016744794436408194,0.19186198609102048,0.19038104735967845,23.20783937058641,23.249896300780442,0.0,0.0,0.7951958587648988,0.0,True,thermal_anomaly,1.0,0.7951958587648988,thermal_anomaly,0.7951958587648988,0.7951958587648988,49,thermal_anomaly,1.9696781589797,0.7951958587648988,abrupt,0.0,0.832599089248062,15861062,thermal_anomaly
8400.0,140.0,2.3333333333333335,1,593.843637420138,332.67949192431126,-261.1641454958267,100.0,99.93509964065605,30.0,29.99900600429838,-8.705471516527556,-8.69082744685404,25.171189061417127,25.024063475061794,26.774022285487355,26.627978621171273,18.99075662747929,36.47487616678228,2566.9872981077815,2640.892312619898,2642.602459588284,-0.001366242932862382,0.18415607332155953,0.18790177258155502,23.2002651298463,23.223774579345214,0.0,0.0,0.7951958587648988,0.0,True,thermal_anomaly,1.0,0.7951958587648988,thermal_anomaly,0.7951958587648988,0.7951958587648988,49,thermal_anomaly,1.9696781589797,0.7951958587648988,abrupt,0.0,0.832599089248062,15861062,thermal_anomaly
8460.0,141.0,2.35,1,592.6787404246356,330.9788696740969,-261.6998707505387,100.0,99.86033727958365,30.0,29.96795027430636,-8.723329025017957,-8.728147835976332,25.22462562420026,25.175041515795733,26.828720635290498,26.860769000017104,19.015655423771143,36.28842047146953,2524.4717418524233,2582.682027236161,2586.0317767476085,-0.0009708345151577187,0.17427086287894297,0.169046173778144,23.19265841565589,23.111246479758865,0.0,0.0,0.7951958587648988,0.0,True,thermal_anomaly,1.0,0.7951958587648988,thermal_anomaly,0.7951958587648988,0.7951958587648988,49,thermal_anomaly,1.9696781589797,0.7951958587648988,abrupt,0.0,0.832599089248062,15861062,thermal_anomaly
8520.0,142.0,2.3666666666666667,1,591.549511869854,330.1095620926345,-261.43994977721945,100.0,100.0,30.0,30.02275210218144,-8.714664992573981,-8.685103717258658,25.277854251834803,25.18151505011529,26.88299955739473,26.829232872394453,19.00356875609704,36.193109858238515,2502.739052315864,2542.710539776012,2537.092479542619,-0.0005055354357605887,0.16263838589401472,0.16252471249020892,23.18503176904868,23.288492792594074,0.0,0.0,0.7951958587648988,0.0,True,thermal_anomaly,1.0,0.7951958587648988,thermal_anomaly,0.7951958587648988,0.7951958587648988,49,thermal_anomaly,1.9696781589797,0.7951958587648988,abrupt,0.0,0.832599089248062,15861062,thermal_anomaly
8580.0,143.0,2.3833333333333333,1,590.4614532438022,330.1095620926345,-260.3518911511677,100.0,100.0,30.0,30.04371135905531,-8.67839637170559,-8.687767901566634,25.330747666273986,25.238211937239843,26.93705142751769,27.02101028922001,18.9531029682281,36.193109858238515,2502.7390523158633,2522.724796045938,2528.999693178812,9.318502806628603e-06,0.15023296257016572,0.14897796192032536,23.177402312918623,23.153187634726308,0.0,0.0,0.7951958587648988,0.0,True,thermal_anomaly,1.0,0.7951958587648988,thermal_anomaly,0.7951958587648988,0.7951958587648988,49,thermal_anomaly,1.9696781589797,0.7951958587648988,abrupt,0.0,0.832599089248062,15861062,thermal_anomaly
8640.0,144.0,2.4,1,589.4198654587356,330.9788696740969,-258.44099578463863,100.0,100.0,30.0,29.990411916029316,-8.614699859487954,-8.629613204693014,25.383181402495925,25.29697677528365,26.991067816657875,27.02005187959569,18.864982174998424,36.28842047146953,2524.471741852423,2523.5982689491807,2521.727459657149,0.0005512257128852536,0.16378064282213134,0.16354895307222353,23.169860434063303,23.21220047599462,0.0,0.0,0.7951958587648988,0.0,True,thermal_anomaly,1.0,0.7951958587648988,thermal_anomaly,0.7951958587648988,0.7951958587648988,49,thermal_anomaly,1.9696781589797,0.7951958587648988,abrupt,0.0,0.832599089248062,15861062,thermal_anomaly
8700.0,145.0,2.4166666666666665,1,588.4298230256423,332.6794919243112,-255.75033110133114,100.0,99.90610367970923,30.0,29.989515867828022,-8.525011036711039,-8.514037993525447,25.435040707826047,25.316001156853368,27.045231163398523,27.0054666649256,18.742002935557085,36.47487616678228,2566.9872981077806,2545.292783528481,2547.2549103196698,0.0010965022490355544,0.17741255622588886,0.16857286811447147,23.162426347661047,23.108571750784815,0.0,0.0,0.7951958587648988,0.0,True,thermal_anomaly,1.0,0.7951958587648988,thermal_anomaly,0.7951958587648988,0.7951958587648988,49,thermal_anomaly,1.9696781589797,0.7951958587648988,abrupt,0.0,0.832599089248062,15861062,thermal_anomaly
8760.0,146.0,2.433333333333333,0,0.0,335.1371034904521,335.1371034904521,99.50128407218682,99.29856470629612,29.980051362887473,29.979291551375454,11.178670090783127,11.127167691979176,25.49126859098227,25.364908243037927,27.0913407253983,26.889308031344893,22.924951081359023,36.74432793557792,2628.427587261302,2586.8601853948917,2589.399092096017,0.0016213169101006316,0.1905329227525158,0.1860275946887486,23.155117951867418,23.253340798553914,0.0,0.0,0.7951958587648988,0.0,True,thermal_anomaly,1.0,0.7951958587648988,thermal_anomaly,0.7951958587648988,0.7951958587648988,49,thermal_anomaly,1.9696781589797,0.7951958587648988,abrupt,0.0,0.832599089248062,15861062,thermal_anomaly
8820.0,147.0,2.45,0,0.0,338.2442949541505,338.2442949541505,98.99794434755268,99.00821401967103,29.959917773902106,29.933456048423942,11.289893967893095,11.333397821341705,25.547986481569005,25.53860999841099,27.137938751353303,27.161851872565485,23.124874345974995,37.08499944258703,2706.107373853763,2646.483779624327,2644.9998420554166,0.0021027327770518148,0.20256831942629536,0.2083709209984635,23.147950008145514,23.185807520769625,0.0,0.0,0.7951958587648988,0.0,True,thermal_anomaly,1.0,0.7951958587648988,thermal_anomaly,0.7951958587648988,0.7951958587648988,49,thermal_anomaly,1.9696781589797,0.7951958587648988,abrupt,0.0,0.832599089248062,15861062,thermal_anomaly
8880.0,148.0,2.466666666666667,0,0.0,341.865267138484,341.865267138484,98.48921627145373,98.27471974309327,29.93956865085815,29.927213586887188,11.41851010364123,11.451530836659417,25.605305275987902,25.594571968557215,27.18513585950683,27.16699939605354,23.358527720430033,37.48200170823008,2796.6316784621,2721.557729043213,2725.750078844729,0.0025197096664137026,0.21299274166034254,0.21525773531027007,23.140933449622054,23.123424701406684,0.0,0.0,0.7951958587648988,0.0,True,thermal_anomaly,1.0,0.7951958587648988,thermal_anomaly,0.7951958587648988,0.7951958587648988,49,thermal_anomaly,1.9696781589797,0.7951958587648988,abrupt,0.0,0.832599089248062,15861062,thermal_anomaly
8940.0,149.0,2.4833333333333334,0,0.0,345.8417661836448,345.8417661836448,97.9745707860614,97.9383860146282,29.918982831442456,29.941289899234278,11.559275531927268,11.558849591749937,25.66330677186786,25.516888257881575,27.233007503571365,27.377061153257316,23.61728594731448,37.9179838284702,2896.044154591119,2808.800941817166,2819.1039868666567,0.0028540236872440245,0.2213505921811006,0.22655521459652114,23.134074852749063,22.967073989351647,0.0,0.0,0.7951958587648988,0.0,True,thermal_anomaly,1.0,0.7951958587648988,thermal_anomaly,0.7951958587648988,0.7951958587648988,49,thermal_anomaly,1.9696781589797,0.7951958587648988,abrupt,0.0,0.832599089248062,15861062,thermal_anomaly
9000.0,150.0,2.5,0,0.0,350.0,350.0,97.45373745272806,97.37643401490341,29.898149498109124,29.903435469241707,11.706410124885334,11.65274967975262,25.72203914986718,25.642668982905974,27.28159071261054,27.413141110534198,23.891140922434914,38.3738912925786,2999.9999999999995,2904.400470908583,2906.495875240448,0.003091063712615916,0.22727659281539792,0.2226647358167611,23.127376101129727,23.24722183926953,0.0,0.0,0.7951958587648988,0.0,True,thermal_anomaly,1.0,0.7951958587648988,thermal_anomaly,0.7951958587648988,0.7951958587648988,49,thermal_anomaly,1.9696781589797,0.7951958587648988,abrupt,0.0,0.832599089248062,15861062,thermal_anomaly
9060.0,151.0,2.5166666666666666,0,0.0,354.1582338163551,354.1582338163551,96.92671627145373,96.86549428400899,29.87706865085815,29.841912073601332,11.853848111909157,11.82690598880001,25.781513580955558,25.907211371392293,27.33088251010546,27.412159002643,24.169035086290464,38.82979875668698,3103.955845408878,3004.1781581587306,3000.0897863071054,0.003220469955976309,0.23051174889940773,0.24049357531695978,23.120834261687005,23.021936489960467,0.0,0.0,0.7951958587648988,0.0,True,thermal_anomaly,1.0,0.7951958587648988,thermal_anomaly,0.7951958587648988,0.7951958587648988,49,thermal_anomaly,1.9696781589797,0.7951958587648988,abrupt,0.0,0.832599089248062,15861062,thermal_anomaly
9120.0,152.0,2.533333333333333,0,0.0,358.134732861516,358.134732861516,96.39377768088599,96.28031117371381,29.85575110723544,29.847320726764863,11.9955023598359,11.960875565791758,25.841702319695333,25.783940988562307,27.380840081300448,27.235774547155533,24.439304030659777,39.26578087692712,3203.3683215379006,3103.7732398483154,3103.9248083382895,0.0032365867435303836,0.2309146685882596,0.23245432393027185,23.114441682842898,22.97874064975166,0.0,0.0,0.7951958587648988,0.0,True,thermal_anomaly,1.0,0.7951958587648988,thermal_anomaly,0.7951958587648988,0.7951958587648988,49,thermal_anomaly,1.9696781589797,0.7951958587648988,abrupt,0.0,0.832599089248062,15861062,thermal_anomaly
9180.0,153.0,2.55,0,0.0,361.75570504584937,361.75570504584937,95.85545073885348,95.69517041257527,29.83421802955414,29.84472453871861,12.125529976602362,12.094404199596914,25.902538602037822,25.781028280342163,27.431382681515057,27.476835675556696,24.690216058552082,39.66278314257014,3293.8926261462348,3198.832932997275,3194.8987256620017,0.003138709694325004,0.22846774235812511,0.22942928764514986,23.10818631270709,23.043775418340445,0.0,0.0,0.7951958587648988,0.0,True,thermal_anomaly,1.0,0.7951958587648988,thermal_anomaly,0.7951958587648988,0.7951958587648988,49,thermal_anomaly,1.9696781589797,0.7951958587648988,abrupt,0.0,0.832599089248062,15861062,thermal_anomaly
9240.0,154.0,2.566666666666667,0,0.0,364.86289650954785,364.86289650954785,95.31249999999997,95.29104170538353,29.8125,29.79331663815478,12.238587723590703,12.274439050437975,25.963918570289344,25.95975339216805,27.4823952020206,27.458470313222694,24.910580238915486,40.00345464957927,3371.5724127386957,3285.202672867985,3291.5847665580773,0.0029311165050767297,0.22327791262691823,0.2310282306432165,23.102052223295768,23.108033649028428,0.0,0.0,0.7951958587648988,0.0,True,thermal_anomaly,1.0,0.7951958587648988,thermal_anomaly,0.7951958587648988,0.7951958587648988,49,thermal_anomaly,1.9696781589797,0.7951958587648988,abrupt,0.0,0.832599089248062,15861062,thermal_anomaly
9300.0,155.0,2.5833333333333335,0,0.0,367.32050807568874,367.32050807568874,94.76589210107781,94.6603194189406,29.790635684043114,29.803222402205712,12.33006613123191,12.336449589570279,26.025705305167666,26.120378124974714,27.53373323763594,27.700618380666313,25.09038034551766,40.27290641837491,3433.0127018922185,3359.107687380102,3358.7783386461897,0.0026228799942983206,0.215571999857458,0.2113514496576455,23.096020315447088,23.132855492787133,0.0,0.0,0.7951958587648988,0.0,True,thermal_anomaly,1.0,0.7951958587648988,thermal_anomaly,0.7951958587648988,0.7951958587648988,49,thermal_anomaly,1.9696781589797,0.7951958587648988,abrupt,0.0,0.832599089248062,15861062,thermal_anomaly
9360.0,156.0,2.6,0,0.0,369.0211303259031,369.0211303259031,94.21675351428333,94.06908815972213,29.768670140571334,29.795157525800864,12.396292094451642,12.43527988815722,26.087734870674687,26.069338967116884,27.58522943456491,27.443551193140472,25.221382496750625,40.45936211368767,3475.5282581475767,3417.3179727638394,3424.5863375332133,0.002227471576593643,0.20568678941484106,0.207799372952858,23.090069169271143,23.116397245390097,0.0,0.0,0.7951958587648988,0.0,True,thermal_anomaly,1.0,0.7951958587648988,thermal_anomaly,0.7951958587648988,0.7951958587648988,49,thermal_anomaly,1.9696781589797,0.7951958587648988,abrupt,0.0,0.832599089248062,15861062,thermal_anomaly
9420.0,157.0,2.6166666666666667,0,0.0,369.8904379073655,369.8904379073655,93.6663213150164,93.72777209490054,29.746652852600654,29.739841146905583,12.434691047097997,12.43020176688435,26.14982409347389,26.191545135873866,27.636700841045098,27.664332832555207,25.29766119641581,40.554672726918675,3497.2609476841367,3457.2894602239876,3465.406890976188,0.0017621724971965131,0.19405431242991283,0.19127928112554568,23.08417599743326,23.075837089825267,0.0,0.0,0.7951958587648988,0.0,True,thermal_anomaly,1.0,0.7951958587648988,thermal_anomaly,0.7951958587648988,0.7951958587648988,49,thermal_anomaly,1.9696781589797,0.7951958587648988,abrupt,0.0,0.832599089248062,15861062,thermal_anomaly
9480.0,158.0,2.6333333333333333,0,0.0,369.8904379073655,369.8904379073655,93.11588911574948,93.16044028934522,29.724635564629978,29.69213921696874,12.443901527509611,12.494043713570619,26.211779629081086,26.245799777472598,27.68795693954998,27.745189453020792,25.315992699581965,40.554672726918675,3497.2609476841367,3477.2752039540624,3478.304192789948,0.0012473185586292885,0.18118296396573222,0.1853085889820123,23.078317653853084,23.046531901338792,0.0,0.0,0.7951958587648988,0.0,True,thermal_anomaly,1.0,0.7951958587648988,thermal_anomaly,0.7951958587648988,0.7951958587648988,49,thermal_anomaly,1.9696781589797,0.7951958587648988,abrupt,0.0,0.832599089248062,15861062,thermal_anomaly
9540.0,159.0,2.65,0,0.0,369.0211303259031,369.0211303259031,92.56675052895498,92.49757296908061,29.702670021158198,29.742125567803118,12.42383698378082,12.45114466633103,26.27340773594806,26.329657740109198,27.738808009499248,27.730297050947982,25.27607591343829,40.45936211368767,3475.5282581475763,3476.4017310508193,3483.3270723395176,0.0007054113485506565,0.1676352837137664,0.17252918584925556,23.072471648752693,23.05016485527296,0.0,0.0,0.7951958587648988,0.0,True,thermal_anomaly,1.0,0.7951958587648988,thermal_anomaly,0.7951958587648988,0.7951958587648988,49,thermal_anomaly,1.9696781589797,0.7951958587648988,abrupt,0.0,0.832599089248062,15861062,thermal_anomaly
9600.0,160.0,2.6666666666666665,0,0.0,367.3205080756888,367.3205080756888,92.02014263003282,91.99619010419352,29.680805705201312,29.674105337384976,12.375691944619918,12.39627130040853,26.33452410412476,26.231026700053764,27.789073454987435,27.768508187496455,25.180557970123907,40.272906418374916,3433.0127018922203,3454.70721647152,3456.8349816292225,0.00016013481240036989,0.15400337031000924,0.15507589241225267,23.066617122343544,22.95517785771534,0.0,0.0,0.7951958587648988,0.0,True,thermal_anomaly,1.0,0.7951958587648988,thermal_anomaly,0.7951958587648988,0.7951958587648988,49,thermal_anomaly,1.9696781589797,0.7951958587648988,abrupt,0.0,0.832599089248062,15861062,thermal_anomaly
9660.0,161.0,2.683333333333333,0,0.0,364.8628965095479,364.8628965095479,91.47719189117932,91.15076236741061,29.65908767564717,29.6389226782675,12.301892104696591,12.269179303662696,26.394963078430084,26.272749600690542,27.838589733569762,27.905242584988386,25.03486182992119,40.003454649579275,3371.572412738698,3413.139814605109,3403.0144801747333,-0.0003646798486647214,0.15911699621661804,0.15587776976212167,23.060784965242025,22.994704198757404,0.0,0.0,0.7951958587648988,0.0,True,thermal_anomaly,1.0,0.7951958587648988,thermal_anomaly,0.7951958587648988,0.7951958587648988,49,thermal_anomaly,1.9696781589797,0.7951958587648988,abrupt,0.0,0.832599089248062,15861062,thermal_anomaly
9720.0,162.0,2.7,0,0.0,361.7557050458495,361.7557050458495,90.9388649491468,90.92044902575333,29.637554597965874,29.648638338301783,12.205990337363327,12.187542425451706,26.45458567805177,26.376614963289114,27.88721753957983,27.950686561544128,24.846833890738033,39.662783142570156,3293.892626146237,3353.5162203756736,3358.1361048868716,-0.0008460957156159114,0.17115239289039777,0.17221478706645751,23.05497551105552,23.02862657643537,0.0,0.0,0.7951958587648988,0.0,True,thermal_anomaly,1.0,0.7951958587648988,thermal_anomaly,0.7951958587648988,0.7951958587648988,49,thermal_anomaly,1.9696781589797,0.7951958587648988,abrupt,0.0,0.832599089248062,15861062,thermal_anomaly
9780.0,163.0,2.716666666666667,0,0.0,358.134732861516,358.134732861516,90.40592635857907,90.55747821837907,29.616237054343163,29.56275254986729,12.092513042908543,12.090942817790111,26.513285936415798,26.5080865705606,27.934847928034337,27.994406754219444,24.62624761690654,39.26578087692712,3203.3683215379,3278.4422709567866,3273.8507621220506,-0.0012630726049777928,0.18157681512444482,0.1839801532807404,23.04916841737709,23.12538901405497,0.0,0.0,0.7951958587648988,0.0,True,thermal_anomaly,1.0,0.7951958587648988,thermal_anomaly,0.7951958587648988,0.7951958587648988,49,thermal_anomaly,1.9696781589797,0.7951958587648988,abrupt,0.0,0.832599089248062,15861062,thermal_anomaly
9840.0,164.0,2.7333333333333334,0,0.0,354.1582338163553,354.1582338163553,89.87890517730473,90.10841415044246,29.595156207092188,29.587564189334515,11.96676345744324,12.002160046314932,26.570995249679065,26.4675651890824,27.981407111481452,28.034829522755924,24.384212093185397,38.829798756687,3103.955845408883,3191.1990581828345,3197.9057571605917,-0.001597386625808086,0.18993466564520214,0.18850330784700955,23.043345287491828,23.07588413436357,0.0,0.0,0.7951958587648988,0.0,True,thermal_anomaly,1.0,0.7951958587648988,thermal_anomaly,0.7951958587648988,0.7951958587648988,49,thermal_anomaly,1.9696781589797,0.7951958587648988,abrupt,0.0,0.832599089248062,15861062,thermal_anomaly
9900.0,165.0,2.75,0,0.0,349.99999999999994,349.99999999999994,89.3580718439714,89.48283986030137,29.574322873758856,29.538533093427823,11.834590482223792,11.839506202435208,26.62768460627047,26.66500430011674,28.026859720148124,28.004536328394742,24.13254043202884,38.37389129257859,2999.999999999999,3095.599529091417,3091.8504455083767,-0.0018344266511800132,0.19586066627950033,0.19875803658245816,23.037490427230424,22.970727545855315,0.0,0.0,0.7951958587648988,0.0,True,thermal_anomaly,1.0,0.7951958587648988,thermal_anomaly,0.7951958587648988,0.7951958587648988,49,thermal_anomaly,1.9696781589797,0.7951958587648988,abrupt,0.0,0.832599089248062,15861062,thermal_anomaly
9960.0,166.0,2.7666666666666666,0,0.0,345.8417661836449,345.8417661836449,88.84342635857907,88.91481081926085,29.553737054343163,29.5682778849833,11.702133153168209,11.729762619124063,26.683364748552755,26.491705051329067,28.071210382902915,28.084577589896348,23.883131508231763,37.91798382847021,2896.044154591122,2995.82184184127,2995.8258889796775,-0.0019638328945403845,0.1990958223635096,0.20334651528270542,23.031591490939356,23.14524894127032,0.0,0.0,0.7951958587648988,0.0,True,thermal_anomaly,1.0,0.7951958587648988,thermal_anomaly,0.7951958587648988,0.7951958587648988,49,thermal_anomaly,1.9696781589797,0.7951958587648988,abrupt,0.0,0.832599089248062,15861062,thermal_anomaly
10020.0,167.0,2.783333333333333,0,0.0,341.86526713848406,341.86526713848406,88.33469828248013,88.39134924718664,29.533387931299206,29.526008154949416,11.575551979804473,11.571481927092037,26.738084468022205,26.706199387905595,28.114503559939298,28.053483924071315,23.647410172445902,37.48200170823008,2796.6316784621013,2896.226760151685,2899.9733774945225,-0.0019799496820944516,0.1994987420523613,0.19223264827335945,23.02563999259177,22.88438377920044,0.0,0.0,0.7951958587648988,0.0,True,thermal_anomaly,1.0,0.7951958587648988,thermal_anomaly,0.7951958587648988,0.7951958587648988,49,thermal_anomaly,1.9696781589797,0.7951958587648988,abrupt,0.0,0.832599089248062,15861062,thermal_anomaly
10080.0,168.0,2.8,0,0.0,338.2442949541506,338.2442949541506,87.83135855784599,87.76146853882078,29.51325434231384,29.52421950122012,11.46075898750352,11.468200700831172,26.79192734037637,26.789460962827103,28.156821634492545,28.019786462157146,23.435857607044895,37.08499944258704,2706.107373853764,2801.1670670027247,2804.719236450363,-0.0018820726328891081,0.1970518158222277,0.19570610699117957,23.019631661990697,23.10155104785125,0.0,0.0,0.7951958587648988,0.0,True,thermal_anomaly,1.0,0.7951958587648988,thermal_anomaly,0.7951958587648988,0.7951958587648988,49,thermal_anomaly,1.9696781589797,0.7951958587648988,abrupt,0.0,0.832599089248062,15861062,thermal_anomaly
10140.0,169.0,2.816666666666667,0,0.0,335.1371034904521,335.1371034904521,87.33264263003281,87.36857229000918,29.493305705201312,29.521073663553747,11.363158366861153,11.37590871244698,26.845007257494764,26.786322110272252,28.198281346992,28.149715594897465,23.257647327102813,36.74432793557792,2628.427587261303,2714.797327132014,2721.3788513855793,-0.0016744794436408194,0.19186198609102048,0.194680263892865,23.013566630424112,22.948449210683172,0.0,0.0,0.7951958587648988,0.0,True,thermal_anomaly,1.0,0.7951958587648988,thermal_anomaly,0.7951958587648988,0.7951958587648988,49,thermal_anomaly,1.9696781589797,0.7951958587648988,abrupt,0.0,0.832599089248062,15861062,thermal_anomaly
10200.0,170.0,2.8333333333333335,0,0.0,332.6794919243112,332.6794919243112,86.8375838622883,86.98459803992755,29.473503354491534,29.470979205458022,11.287409166227041,11.268076773794924,26.897463110623566,26.715927349748924,28.23902872749396,28.104268085797486,23.120386336339582,36.47487616678228,2566.9872981077806,2640.8923126198974,2643.8910724363623,-0.0013662429328623966,0.18415607332155992,0.17920636849148733,23.00744943523522,22.930170063109685,0.0,0.0,0.7951958587648988,0.0,True,thermal_anomaly,1.0,0.7951958587648988,thermal_anomaly,0.7951958587648988,0.7951958587648988,49,thermal_anomaly,1.9696781589797,0.7951958587648988,abrupt,0.0,0.832599089248062,15861062,thermal_anomaly
10260.0,171.0,2.85,0,0.0,330.978869674097,330.978869674097,86.34505578241614,86.28714788578017,29.453802231296645,29.45186833494423,11.237220480906526,11.243661230561363,26.94945293252494,27.028869523895803,28.279232747872783,28.242908946465846,23.029947812393893,36.28842047146953,2524.471741852424,2582.682027236161,2579.201355716304,-0.0009708345151577046,0.1742708628789426,0.17513217259685113,23.001288838754395,22.875448203506178,0.0,0.0,0.7951958587648988,0.0,True,thermal_anomaly,1.0,0.7951958587648988,thermal_anomaly,0.7951958587648988,0.7951958587648988,49,thermal_anomaly,1.9696781589797,0.7951958587648988,abrupt,0.0,0.832599089248062,15861062,thermal_anomaly
10320.0,172.0,2.8666666666666667,0,0.0,330.1095620926345,330.1095620926345,85.85382131501638,85.8821826889762,29.434152852600654,29.421351051939407,11.215188143709993,11.175813221586868,27.001147732612726,26.849526806457508,28.319077971200567,28.431424285648383,22.990373489378538,36.193109858238515,2502.739052315864,2542.710539776012,2548.7189394973307,-0.0005055354357605887,0.16263838589401472,0.1603544991902915,22.995097463973945,22.984329634018966,0.0,0.0,0.7951958587648988,0.0,True,thermal_anomaly,1.0,0.7951958587648988,thermal_anomaly,0.7951958587648988,0.7951958587648988,49,thermal_anomaly,1.9696781589797,0.7951958587648988,abrupt,0.0,0.832599089248062,15861062,thermal_anomaly
10380.0,173.0,2.8833333333333333,0,0.0,330.1095620926345,330.1095620926345,85.36258684761663,85.0675601541792,29.414503473904666,29.396768398172654,11.222680076360769,11.186304956605863,27.05272517833341,27.260894134211917,28.35875651957332,28.13152073753239,23.003821729181077,36.193109858238515,2502.7390523158633,2522.724796045938,2528.01751955356,9.318502806628603e-06,0.15023296257016572,0.14985942434507485,22.988892515131948,22.947867986456203,0.0,0.0,0.7951958587648988,0.0,True,thermal_anomaly,1.0,0.7951958587648988,thermal_anomaly,0.7951958587648988,0.7951958587648988,49,thermal_anomaly,1.9696781589797,0.7951958587648988,abrupt,0.0,0.832599089248062,15861062,thermal_anomaly
10440.0,174.0,2.9,0,0.0,330.9788696740969,330.9788696740969,84.87005876774447,84.89229948711898,29.394802350709778,29.375054673805067,11.259775307388825,11.236329972643905,27.104363208229987,27.066459211810518,28.39845971142882,28.360358474170948,23.07054107930413,36.28842047146953,2524.471741852423,2523.5982689491807,2529.976003483519,0.0005512257128852536,0.16378064282213134,0.15574730569409015,22.982764459760027,22.992832229263495,0.0,0.0,0.7951958587648988,0.0,True,thermal_anomaly,1.0,0.7951958587648988,thermal_anomaly,0.7951958587648988,0.7951958587648988,49,thermal_anomaly,1.9696781589797,0.7951958587648988,abrupt,0.0,0.832599089248062,15861062,thermal_anomaly
10500.0,175.0,2.9166666666666665,0,0.0,332.6794919243112,332.6794919243112,84.37499999999994,84.1806941114025,29.374999999999996,29.33893131194558,11.325259299551021,11.322166749646522,27.156233623259403,27.088566305077613,28.438369733846073,28.33022361212726,23.188857737638834,36.47487616678228,2566.9872981077806,2545.292783528481,2542.9171589024345,0.0010965022490355544,0.17741255622588886,0.1762724205558554,22.976733593165047,22.925581716924455,0.0,0.0,0.7951958587648988,0.0,True,thermal_anomaly,1.0,0.7951958587648988,thermal_anomaly,0.7951958587648988,0.7951958587648988,49,thermal_anomaly,1.9696781589797,0.7951958587648988,abrupt,0.0,0.832599089248062,15861062,thermal_anomaly
10560.0,176.0,2.933333333333333,0,0.0,335.13710349045203,335.13710349045203,83.87628407218678,83.80578511763575,29.355051362887473,29.36747414439339,11.416675765526124,11.36556114293328,27.208495702122004,27.27180616291154,28.478651713787414,28.4413310340458,23.355176724285606,36.744327935577914,2628.4275872613007,2586.860185394891,2584.671089765719,0.0016213169101006175,0.19053292275251543,0.18991804539506146,22.970817893030137,23.097528055998232,0.0,0.0,0.7951958587648988,0.0,True,thermal_anomaly,1.0,0.7951958587648988,thermal_anomaly,0.7951958587648988,0.7951958587648988,49,thermal_anomaly,1.9696781589797,0.7951958587648988,abrupt,0.0,0.832599089248062,15861062,thermal_anomaly
10620.0,177.0,2.95,0,0.0,338.2442949541506,338.2442949541506,83.37294434755262,83.1029085101665,29.334917773902106,29.287738647702305,11.530432693255086,11.517680985986583,27.261289924112962,27.207642904173152,28.51944653480868,28.497816206771954,23.564008128968343,37.08499944258704,2706.1073738537643,2646.4837796243282,2652.372353591565,0.002102732777051843,0.20256831942629605,0.20498432913788653,22.965032199749515,23.02337945849051,0.0,0.0,0.7951958587648988,0.0,True,thermal_anomaly,1.0,0.7951958587648988,thermal_anomaly,0.7951958587648988,0.7951958587648988,49,thermal_anomaly,1.9696781589797,0.7951958587648988,abrupt,0.0,0.832599089248062,15861062,thermal_anomaly
10680.0,178.0,2.966666666666667,0,0.0,341.86526713848394,341.86526713848394,82.86421627145369,83.06206234424917,29.31456865085815,29.304889876727906,11.66195795715644,11.68316480790963,27.314731951140285,27.35912850774911,28.560864713182188,28.586356601382434,23.808038953032238,37.48200170823007,2796.631678462098,2721.557729043213,2721.1279175871614,0.002519709666413667,0.21299274166034166,0.21673836038376698,22.959387524789026,22.90656751993678,0.0,0.0,0.7951958587648988,0.0,True,thermal_anomaly,1.0,0.7951958587648988,thermal_anomaly,0.7951958587648988,0.7951958587648988,49,thermal_anomaly,1.9696781589797,0.7951958587648988,abrupt,0.0,0.832599089248062,15861062,thermal_anomaly
10740.0,179.0,2.9833333333333334,0,0.0,345.8417661836448,345.8417661836448,82.34957078606136,82.1272268327604,29.293982831442456,29.253717947754986,11.80589775632825,11.790319262100251,27.36890710368522,27.323595952343254,28.602981601076007,28.572518512234765,24.078275628103597,37.9179838284702,2896.044154591119,2808.800941817166,2808.4934065622856,0.0028540236872440245,0.2213505921811006,0.22868516625394722,22.953890522352282,22.875688276072147,0.0,0.0,0.7951958587648988,0.0,True,thermal_anomaly,1.0,0.7951958587648988,thermal_anomaly,0.7951958587648988,0.7951958587648988,49,thermal_anomaly,1.9696781589797,0.7951958587648988,abrupt,0.0,0.832599089248062,15861062,thermal_anomaly
10800.0,180.0,3.0,1,600.0,349.99999999999994,-250.00000000000006,82.72159459558517,82.78829476837865,29.308863783823405,29.28648336190314,-8.529842775344429,-8.5382262633146,27.414558576442378,27.362174898778367,28.654200246189966,28.519104053756255,18.748595303241125,38.37389129257859,2999.999999999999,2904.400470908583,2910.426698142879,0.003091063712615916,0.22727659281539792,0.23190973284772498,22.94854315321092,22.91771652674741,0.0,0.0,0.7951958587648988,0.0,True,thermal_anomaly,1.0,0.7951958587648988,thermal_anomaly,0.7951958587648988,0.7951958587648988,49,thermal_anomaly,1.9696781589797,0.7951958587648988,abrupt,0.0,0.832599089248062,15861062,thermal_anomaly
10860.0,181.0,3.0166666666666666,1,601.2556165273943,354.15823381635516,-247.09738271103913,83.08929903414327,83.10834390266601,29.32357196136573,29.325306657022246,-8.42657855723013,-8.423220815843141,27.45959989597558,27.391703836825208,28.706116455572765,28.798777255862166,18.60851597596713,38.82979875668699,3103.9558454088797,3004.1781581587315,3010.2132412935853,0.0032204699559763308,0.23051174889940826,0.2331273445509766,22.94334256087759,23.038859801772364,0.0,0.0,0.7951958587648988,0.0,True,thermal_anomaly,1.0,0.7951958587648988,thermal_anomaly,0.7951958587648988,0.7951958587648988,49,thermal_anomaly,1.9696781589797,0.7951958587648988,abrupt,0.0,0.832599089248062,15861062,thermal_anomaly
10920.0,182.0,3.033333333333333,1,602.5051158172811,358.134732861516,-244.37038295576508,83.45294543735125,83.38211447778804,29.33811781749405,29.341381202806396,-8.329449914815232,-8.321838302471335,27.504065910193603,27.48484520027651,28.758687460583563,28.74091662518637,18.47831675214672,39.26578087692712,3203.3683215379006,3103.773239848316,3106.2588421673363,0.0032365867435303767,0.2309146685882594,0.23223837611069975,22.938281169789555,22.93307907213065,0.0,0.0,0.7951958587648988,0.0,True,thermal_anomaly,1.0,0.7951958587648988,thermal_anomaly,0.7951958587648988,0.7951958587648988,49,thermal_anomaly,1.9696781589797,0.7951958587648988,abrupt,0.0,0.832599089248062,15861062,thermal_anomaly
10980.0,183.0,3.05,1,603.7424104347197,361.75570504584937,-241.9867053888703,83.81304470132278,83.80286881356797,29.35252178805291,29.368608648116535,-8.24415384600324,-8.264156382779248,27.548015444545797,27.563933866352244,28.81183256246384,28.64928103241678,18.365223692399084,39.66278314257014,3293.8926261462348,3198.8329329972753,3198.3572124772927,0.0031387096943249967,0.2284677423581249,0.22804476036302848,22.933347003501645,22.971629292137006,0.0,0.0,0.7951958587648988,0.0,True,thermal_anomaly,1.0,0.7951958587648988,thermal_anomaly,0.7951958587648988,0.7951958587648988,49,thermal_anomaly,1.9696781589797,0.7951958587648988,abrupt,0.0,0.832599089248062,15861062,thermal_anomaly
11040.0,184.0,3.066666666666667,1,604.961472404706,364.8628965095479,-240.0985758951581,84.1703342487858,84.07573493690714,29.366813369951434,29.351664422226595,-8.175847098917126,-8.158118353697978,27.59152800375385,27.647888352463397,28.865436698214754,28.8068480543854,18.27549594426321,40.003454649579275,3371.5724127386984,3285.202672867987,3285.134241741509,0.0029311165050767652,0.22327791262691912,0.22646351754111343,22.928524208909362,22.90307830142871,0.0,0.0,0.7951958587648988,0.0,True,thermal_anomaly,1.0,0.7951958587648988,thermal_anomaly,0.7951958587648988,0.7951958587648988,49,thermal_anomaly,1.9696781589797,0.7951958587648988,abrupt,0.0,0.832599089248062,15861062,thermal_anomaly
11100.0,185.0,3.0833333333333335,1,606.1563625798619,367.32050807568874,-238.8358545041732,84.52574474655987,84.60154443444296,29.381029789862396,29.361390593132644,-8.128913663420365,-8.108686643775844,27.63469998764811,27.60052153175249,28.919355508193707,29.065110528764784,18.214276869260868,40.27290641837491,3433.0127018922185,3359.1076873801026,3361.1225010906956,0.0026228799942982924,0.21557199985745729,0.21566134311681912,22.923793761168582,23.0183592930485,0.0,0.0,0.7951958587648988,0.0,True,thermal_anomaly,1.0,0.7951958587648988,thermal_anomaly,0.7951958587648988,0.7951958587648988,49,thermal_anomaly,1.9696781589797,0.7951958587648988,abrupt,0.0,0.832599089248062,15861062,thermal_anomaly
11160.0,186.0,3.1,1,607.3212595753644,369.0211303259031,-238.3001292494613,84.88035803413348,84.77618894849617,29.395214321365337,29.39351116131487,-8.106766177794373,-8.14791771172247,27.6776406404342,27.648602587433572,28.973421683952598,29.176692247707642,18.185510510387946,40.45936211368767,3475.5282581475767,3417.3179727638394,3416.8825574283096,0.002227471576593636,0.2056867894148409,0.20350024194709665,22.919134314149726,22.82684028204012,0.0,0.0,0.7951958587648988,0.0,True,thermal_anomaly,1.0,0.7951958587648988,thermal_anomaly,0.7951958587648988,0.7951958587648988,49,thermal_anomaly,1.9696781589797,0.7951958587648988,abrupt,0.0,0.832599089248062,15861062,thermal_anomaly
11220.0,187.0,3.1166666666666667,1,608.450488130146,369.8904379073654,-238.5600502227806,85.23535810886976,85.05468305532247,29.409414324354792,29.442555450151726,-8.111689936824824,-8.108842755098896,27.72046787060087,27.733591200873104,29.02745231888738,29.034495645610782,18.191898971968293,40.55467272691867,3497.260947684136,3457.2894602239876,3453.028724886543,0.001762172497196506,0.19405431242991264,0.19018756244854773,22.914523153725256,23.00468975771733,0.0,0.0,0.7951958587648988,0.0,True,thermal_anomaly,1.0,0.7951958587648988,thermal_anomaly,0.7951958587648988,0.7951958587648988,49,thermal_anomaly,1.9696781589797,0.7951958587648988,abrupt,0.0,0.832599089248062,15861062,thermal_anomaly
11280.0,188.0,3.1333333333333333,1,609.5385467561977,369.8904379073655,-239.64810884883218,85.59197731846623,85.77925135202612,29.42367909273865,29.425035644586078,-8.1447363565073,-8.135234143173946,27.763303996899285,27.88944493054562,29.08125694044099,29.10688776169155,18.23487630683443,40.554672726918675,3497.2609476841367,3477.2752039540624,3482.3296824270433,0.0012473185586292885,0.18118296396573222,0.17889301722924542,22.90993720647289,22.98814047606805,0.0,0.0,0.7951958587648988,0.0,True,thermal_anomaly,1.0,0.7951958587648988,thermal_anomaly,0.7951958587648988,0.7951958587648988,49,thermal_anomaly,1.9696781589797,0.7951958587648988,abrupt,0.0,0.832599089248062,15861062,thermal_anomaly
11340.0,189.0,3.15,1,610.5801345412646,369.02113032590313,-241.55900421536143,85.95144012235815,85.87559160132689,29.438057604894325,29.41400002024304,-8.205670613783981,-8.193173994920036,27.80627141361141,27.701270325974566,29.13464587281447,29.091320243143958,18.31458029922692,40.459362113687675,3475.5282581475776,3476.40173105082,3478.962344398005,0.0007054113485506708,0.16763528371376676,0.1719086575920871,22.905354054727848,22.883485434052464,0.0,0.0,0.7951958587648988,0.0,True,thermal_anomaly,1.0,0.7951958587648988,thermal_anomaly,0.7951958587648988,0.7951958587648988,49,thermal_anomaly,1.9696781589797,0.7951958587648988,abrupt,0.0,0.832599089248062,15861062,thermal_anomaly
11400.0,190.0,3.1666666666666665,1,611.5701769743577,367.3205080756888,-244.24966889866886,86.3149068915526,86.19602648734818,29.452596275662103,29.461972787664195,-8.29297582503796,-8.287649740009897,27.849488140282585,27.97723178492362,29.187438564696386,29.097355410795167,18.429813724246607,40.272906418374916,3433.0127018922203,3454.7072164715205,3456.9787742544004,0.00016013481240036295,0.15400337031000907,0.15412735357026897,22.900752910273887,22.938314373749428,0.0,0.0,0.7951958587648988,0.0,True,thermal_anomaly,1.0,0.7951958587648988,thermal_anomaly,0.7951958587648988,0.7951958587648988,49,thermal_anomaly,1.9696781589797,0.7951958587648988,abrupt,0.0,0.832599089248062,15861062,thermal_anomaly
11460.0,191.0,3.183333333333333,1,612.503850668262,364.86289650954785,-247.64095415871412,86.68342021619354,86.32296654245135,29.46733680864774,29.45526703656492,-8.403913654186736,-8.406180363042074,27.893063234449844,27.815465522842235,29.239471518049452,29.217569122177963,18.577999058035584,40.00345464957927,3371.5724127386957,3413.1398146051083,3411.7180031611424,-0.00036467984866476403,0.1591169962166191,0.15210429525675317,22.89616473476289,22.87974998893591,0.0,0.0,0.7951958587648988,0.0,True,thermal_anomaly,1.0,0.7951958587648988,thermal_anomaly,0.7951958587648988,0.7951958587648988,49,thermal_anomaly,1.9696781589797,0.7951958587648988,abrupt,0.0,0.832599089248062,15861062,thermal_anomaly
11520.0,192.0,3.2,1,613.376606858593,361.7557050458495,-251.62090181274357,87.05785608198632,87.17159411739023,29.482314243279454,29.53153257483818,-8.534638757881803,-8.571923746164192,27.93709209910151,28.069603977892026,29.290605471428997,29.20819126854081,18.75514257967654,39.662783142570156,3293.892626146237,3353.516220375672,3348.004507124652,-0.0008460957156158976,0.17115239289039744,0.16532162988037227,22.89158993230498,22.80460135720097,0.0,0.0,0.7951958587648988,0.0,True,thermal_anomaly,1.0,0.7951958587648988,thermal_anomaly,0.7951958587648988,0.7951958587648988,49,thermal_anomaly,1.9696781589797,0.7951958587648988,abrupt,0.0,0.832599089248062,15861062,thermal_anomaly
11580.0,193.0,3.216666666666667,1,614.184193564921,358.134732861516,-256.049460703405,87.4388820651759,87.39167336263735,29.497555282607035,29.478167303772867,-8.680362092731874,-8.686515854604085,27.981651799509184,28.03500286259842,29.340731523888476,29.271741368504475,18.9558327663484,39.26578087692712,3203.3683215379,3278.4422709567857,3277.722986952658,-0.001263072604977778,0.18157681512444446,0.17490279179536533,22.887008230467178,22.80528270409403,0.0,0.0,0.7951958587648988,0.0,True,thermal_anomaly,1.0,0.7951958587648988,thermal_anomaly,0.7951958587648988,0.7951958587648988,49,thermal_anomaly,1.9696781589797,0.7951958587648988,abrupt,0.0,0.832599089248062,15861062,thermal_anomaly
11640.0,194.0,3.2333333333333334,1,614.9226763059908,354.15823381635533,-260.7644424896354,87.82692439030929,87.65600243677268,29.51307697561237,29.515010286769115,-8.835555936953428,-8.797779321302206,28.026796599703406,28.0687285265679,29.38977593182859,29.327646627492236,19.17330177867612,38.829798756687005,3103.955845408883,3191.1990581828345,3191.9627426376687,-0.001597386625808079,0.18993466564520198,0.19015934149244829,22.88240130198374,22.855780021443003,0.0,0.0,0.7951958587648988,0.0,True,thermal_anomaly,1.0,0.7951958587648988,thermal_anomaly,0.7951958587648988,0.7951958587648988,49,thermal_anomaly,1.9696781589797,0.7951958587648988,abrupt,0.0,0.832599089248062,15861062,thermal_anomaly
11700.0,195.0,3.25,1,615.5884572681198,349.99999999999994,-265.58845726811984,88.22214530886305,88.45186054369834,29.52888581235452,29.531965596037647,-8.99419161819512,-8.993795307343111,28.072554016452443,27.9961176405088,29.4377033691454,29.380262520132558,19.39957651065839,38.37389129257859,2999.999999999999,3095.599529091417,3092.9455413545966,-0.0018344266511800132,0.19586066627950033,0.1985621384283236,22.877753521613645,22.90430375492878,0.0,0.0,0.7951958587648988,0.0,True,thermal_anomaly,1.0,0.7951958587648988,thermal_anomaly,0.7951958587648988,0.7951958587648988,49,thermal_anomaly,1.9696781589797,0.7951958587648988,abrupt,0.0,0.832599089248062,15861062,thermal_anomaly
11760.0,196.0,3.2666666666666666,1,616.178292833385,345.8417661836449,-270.33652664974005,88.62443180685374,88.87131856137664,29.54497727227415,29.55648319062061,-9.149999479046192,-9.200303383651672,28.118921747384686,28.166218940510753,29.484518508193897,29.485451421165866,19.62573711879713,37.91798382847021,2896.044154591122,2995.82184184127,2992.7325261051537,-0.0019638328945403845,0.1990958223635096,0.20798210284646187,22.8730526121147,22.872188500239556,0.0,0.0,0.7951958587648988,0.0,True,thermal_anomaly,1.0,0.7951958587648988,thermal_anomaly,0.7951958587648988,0.7951958587648988,49,thermal_anomaly,1.9696781589797,0.7951958587648988,abrupt,0.0,0.832599089248062,15861062,thermal_anomaly
11820.0,197.0,3.283333333333333,1,616.6893093822022,341.86526713848406,-274.8240422437181,89.0333961554307,89.35415317124634,29.561335846217226,29.562146025049003,-9.296739622099507,-9.308599046983614,28.16586584297331,28.260828865285195,29.530265852472084,29.48480130053342,19.842287289562673,37.48200170823008,2796.6316784621013,2896.226760151685,2902.1858484737554,-0.0019799496820944516,0.1994987420523613,0.1905782217746298,22.868290155358302,22.956223031267427,0.0,0.0,0.7951958587648988,0.0,True,thermal_anomaly,1.0,0.7951958587648988,thermal_anomaly,0.7951958587648988,0.7951958587648988,49,thermal_anomaly,1.9696781589797,0.7951958587648988,abrupt,0.0,0.832599089248062,15861062,thermal_anomaly
11880.0,198.0,3.3,1,617.1190172933127,338.24429495415046,-278.87472233916225,89.44838830176873,89.57313906417485,29.57793553207075,29.627350473531756,-9.428471504942733,-9.434499014312271,28.213320449708103,28.210522261218568,29.575027828338612,29.641228224545728,20.03962387503485,37.08499944258703,2706.107373853761,2801.1670670027233,2805.808673612983,-0.0018820726328891437,0.19705181582222858,0.18843595391650592,22.863461948536482,22.7992445876256,0.0,0.0,0.7951958587648988,0.0,True,thermal_anomaly,1.0,0.7951958587648988,thermal_anomaly,0.7951958587648988,0.7951958587648988,49,thermal_anomaly,1.9696781589797,0.7951958587648988,abrupt,0.0,0.832599089248062,15861062,thermal_anomaly
11940.0,199.0,3.316666666666667,1,617.465323072968,335.13710349045215,-282.3282195825158,89.86851958090938,89.85566395458342,29.594740783236375,29.562727967445113,-9.539810524119801,-9.509857570217303,28.26118935332456,28.250976588556263,29.618921219165816,29.581112883325893,20.208576668362035,36.74432793557792,2628.427587261303,2714.7973271320134,2715.136916095183,-0.001674479443640806,0.19186198609102015,0.19009095989135227,22.858568189820804,22.825750721859233,0.0,0.0,0.7951958587648988,0.0,True,thermal_anomaly,1.0,0.7951958587648988,thermal_anomaly,0.7951958587648988,0.7951958587648988,49,thermal_anomaly,1.9696781589797,0.7951958587648988,abrupt,0.0,0.832599089248062,15861062,thermal_anomaly
12000.0,200.0,3.3333333333333335,1,617.7265395542198,332.6794919243112,-285.0470476299086,90.29269673512056,90.39649491945733,29.61170786940482,29.58818278313887,-9.626160331144652,-9.650996182038307,28.309349405509376,28.35969718379223,29.662092097773353,29.75258784372299,20.340974899145714,36.47487616678228,2566.9872981077806,2640.892312619897,2641.315841819119,-0.0013662429328623895,0.18415607332155973,0.1909562326972764,22.85361348293644,22.875711799991606,0.0,0.0,0.7951958587648988,0.0,True,thermal_anomaly,1.0,0.7951958587648988,thermal_anomaly,0.7951958587648988,0.7951958587648988,49,thermal_anomaly,1.9696781589797,0.7951958587648988,abrupt,0.0,0.832599089248062,15861062,thermal_anomaly
12060.0,201.0,3.35,1,617.9013941166289,330.978869674097,-286.92252444253194,90.71966477744576,90.83569083777653,29.62878659109783,29.594573360726493,-9.68391073189409,-9.678048294948258,28.35765574256565,28.227053843636547,29.704709478620067,29.70422534067218,20.430188046536962,36.28842047146953,2524.471741852424,2582.6820272361606,2583.6813676885367,-0.0009708345151576976,0.17427086287894245,0.17881078475795953,22.848606656097854,22.814966699130498,0.0,0.0,0.7951958587648988,0.0,True,thermal_anomaly,1.0,0.7951958587648988,thermal_anomaly,0.7951958587648988,0.7951958587648988,49,thermal_anomaly,1.9696781589797,0.7951958587648988,abrupt,0.0,0.832599089248062,15861062,thermal_anomaly
12120.0,202.0,3.3666666666666667,1,617.9890348863438,330.1095620926345,-287.8794727937093,91.14805685005544,91.25387868869595,29.645922274002217,29.65943977671278,-9.710592577724025,-9.71320520114022,28.405948523369236,28.372536848349156,29.746957967184397,29.840201577649868,20.471586538317396,36.193109858238515,2502.7390523158633,2542.710539776012,2549.9372140193477,-0.0005055354357605888,0.16263838589401472,0.16324241863020683,22.84356039768733,22.711834236272892,0.0,0.0,0.7951958587648988,0.0,True,thermal_anomaly,1.0,0.7951958587648988,thermal_anomaly,0.7951958587648988,0.7951958587648988,49,thermal_anomaly,1.9696781589797,0.7951958587648988,abrupt,0.0,0.832599089248062,15861062,thermal_anomaly
12180.0,203.0,3.3833333333333333,1,617.9890348863438,330.1095620926345,-287.8794727937093,91.57644892266512,91.4048551683896,29.663057956906606,29.630907292935614,-9.704982986310108,-9.687927000075032,28.454060751891898,28.482034345792194,29.78902972779131,29.723015676275043,20.462873462638974,36.193109858238515,2502.7390523158633,2522.724796045938,2516.5997607278778,9.318502806628603e-06,0.15023296257016572,0.1572272162755036,22.838491976842484,22.904814604181688,0.0,0.0,0.7951958587648988,0.0,True,thermal_anomaly,1.0,0.7951958587648988,thermal_anomaly,0.7951958587648988,0.7951958587648988,49,thermal_anomaly,1.9696781589797,0.7951958587648988,abrupt,0.0,0.832599089248062,15861062,thermal_anomaly
12240.0,204.0,3.4,1,617.9013941166289,330.9788696740969,-286.922524442532,92.00341696499031,92.1733216728291,29.680136678599613,29.670466437530937,-9.667156440334484,-9.677220344923201,28.5018266298656,28.485765246457103,29.831116120930897,29.87350619186068,20.404250972825523,36.28842047146953,2524.471741852423,2523.5982689491807,2521.658838535181,0.0005512257128852536,0.16378064282213134,0.1611989320396782,22.833491925507733,22.784960591030874,0.0,0.0,0.7951958587648988,0.0,True,thermal_anomaly,1.0,0.7951958587648988,thermal_anomaly,0.7951958587648988,0.7951958587648988,49,thermal_anomaly,1.9696781589797,0.7951958587648988,abrupt,0.0,0.832599089248062,15861062,thermal_anomaly
12300.0,205.0,3.4166666666666665,1,617.7265395542198,332.67949192431115,-285.04704762990866,92.4275941192015,92.49291655127253,29.69710376476806,29.664965825343614,-9.598479699831259,-9.60073297432321,28.549089825235185,28.654950132651805,29.87339937555856,29.91859938867923,20.298402885319305,36.47487616678227,2566.9872981077788,2545.29278352848,2550.930876202863,0.0010965022490355331,0.1774125562258883,0.1727886249827385,22.828580602919644,22.828092686186697,0.0,0.0,0.7951958587648988,0.0,True,thermal_anomaly,1.0,0.7951958587648988,thermal_anomaly,0.7951958587648988,0.7951958587648988,49,thermal_anomaly,1.9696781589797,0.7951958587648988,abrupt,0.0,0.832599089248062,15861062,thermal_anomaly
12360.0,206.0,3.433333333333333,1,617.465323072968,335.13710349045215,-282.3282195825158,92.84772539834213,92.96643531217407,29.713909015933687,29.724903520018287,-9.501550921190514,-9.450743408043785,28.59571105065189,28.620895946215104,29.916044660337874,29.950275613970245,20.150295474111587,36.74432793557792,2628.427587261303,2586.8601853948917,2588.748339565678,0.00162131691010066,0.1905329227525165,0.18197132904053917,22.823776050211574,22.936592419810317,0.0,0.0,0.7951958587648988,0.0,True,thermal_anomaly,1.0,0.7951958587648988,thermal_anomaly,0.7951958587648988,0.7951958587648988,49,thermal_anomaly,1.9696781589797,0.7951958587648988,abrupt,0.0,0.832599089248062,15861062,thermal_anomaly
12420.0,207.0,3.45,1,617.1190172933127,338.24429495415046,-278.87472233916225,93.26271754468019,93.13659830334937,29.73050870178721,29.72532513552474,-9.380085794576333,-9.336885006094775,28.64157442209697,28.56975985476438,29.959192900351464,30.031697431078356,19.9668186425625,37.08499944258703,2706.107373853761,2646.4837796243264,2648.885694369552,0.0021027327770517935,0.20256831942629483,0.19667519218887178,22.81909317075209,22.918347388968673,0.0,0.0,0.7951958587648988,0.0,True,thermal_anomaly,1.0,0.7951958587648988,thermal_anomaly,0.7951958587648988,0.7951958587648988,49,thermal_anomaly,1.9696781589797,0.7951958587648988,abrupt,0.0,0.832599089248062,15861062,thermal_anomaly
12480.0,208.0,3.466666666666667,1,616.6893093822022,341.86526713848394,-274.8240422437182,93.67168189325714,93.3320732824945,29.746867275730285,29.71028865571138,-9.238755788847056,-9.275619317899084,28.68659219969029,28.74517858917799,30.002954653224734,29.975868265270552,19.756306563549884,37.48200170823007,2796.631678462098,2721.5577290432116,2723.7523827936825,0.0025197096664136883,0.2129927416603422,0.21295360911138098,22.814543038509083,22.785145679327403,0.0,0.0,0.7951958587648988,0.0,True,thermal_anomaly,1.0,0.7951958587648988,thermal_anomaly,0.7951958587648988,0.7951958587648988,49,thermal_anomaly,1.9696781589797,0.7951958587648988,abrupt,0.0,0.832599089248062,15861062,thermal_anomaly
12540.0,209.0,3.4833333333333334,1,616.178292833385,345.8417661836449,-270.33652664974005,94.07396839124782,94.27292998062626,29.762958735649914,29.74677032215509,-9.082985634957469,-9.100994328244349,28.730707681777545,28.750498379408473,30.04740531230585,29.985751788704878,19.527988125060983,37.91798382847021,2896.0441545911226,2808.8009418171673,2804.7367809380826,0.0028540236872440883,0.2213505921811022,0.21392394279067806,22.810132369719437,22.81807397197742,0.0,0.0,0.7951958587648988,0.0,True,thermal_anomaly,1.0,0.7951958587648988,thermal_anomaly,0.7951958587648988,0.7951958587648988,49,thermal_anomaly,1.9696781589797,0.7951958587648988,abrupt,0.0,0.832599089248062,15861062,thermal_anomaly
12600.0,210.0,3.5,1,615.5884572681198,349.99999999999994,-265.58845726811984,94.46918930980158,94.29143524582888,29.778767572392063,29.773305372975145,-8.918718903409127,-8.926830101649903,28.77389620560965,28.850416536288833,30.092581846546636,29.933948158093994,19.291421631715668,38.37389129257859,2999.999999999999,2904.4004709085834,2898.6014825276684,0.0030910637126159027,0.22727659281539755,0.2386818696762176,22.80586318672282,22.862015804102636,0.0,0.0,0.7951958587648988,0.0,True,thermal_anomaly,1.0,0.7951958587648988,thermal_anomaly,0.7951958587648988,0.7951958587648988,49,thermal_anomaly,1.9696781589797,0.7951958587648988,abrupt,0.0,0.832599089248062,15861062,thermal_anomaly
12660.0,211.0,3.5166666666666666,1,614.9226763059908,354.15823381635516,-260.7644424896356,94.85723163493495,94.85583511360979,29.7942892653974,29.82591246336572,-8.752161871251051,-8.772501785370785,28.816164378450512,28.922537505358875,30.138481219567833,30.21433877666255,19.05596487511994,38.82979875668699,3103.955845408879,3004.1781581587315,3002.7111517034973,0.003220469955976316,0.2305117488994079,0.2341368395855003,22.80173269413815,22.85629364389109,0.0,0.0,0.7951958587648988,0.0,True,thermal_anomaly,1.0,0.7951958587648988,thermal_anomaly,0.7951958587648988,0.7951958587648988,49,thermal_anomaly,1.9696781589797,0.7951958587648988,abrupt,0.0,0.832599089248062,15861062,thermal_anomaly
12720.0,212.0,3.533333333333333,1,614.184193564921,358.1347328615159,-256.0494607034051,95.23825761812455,95.11006757035801,29.80953030472498,29.809045909457467,-8.589516778223768,-8.616343636103577,28.857547799851346,28.836775840266338,30.1850605570038,30.154733336472738,18.830321760144493,39.2657808769271,3203.3683215378974,3103.773239848314,3106.2218050689708,0.003236586743530341,0.23091466858825851,0.23544644645954454,22.797733377050662,22.675396823784197,0.0,0.0,0.7951958587648988,0.0,True,thermal_anomaly,1.0,0.7951958587648988,thermal_anomaly,0.7951958587648988,0.7951958587648988,49,thermal_anomaly,1.9696781589797,0.7951958587648988,abrupt,0.0,0.832599089248062,15861062,thermal_anomaly
12780.0,213.0,3.55,1,613.376606858593,361.7557050458495,-251.62090181274357,95.61269348391733,95.75834664615766,29.824507739356694,29.8897997399702,-8.436716005900822,-8.409860506591228,28.898107623516484,28.908111389244432,30.232239054813487,30.346596454147974,18.62219203861133,39.662783142570156,3293.8926261462375,3198.8329329972757,3203.5267036905193,0.003138709694325054,0.22846774235812634,0.2216343732317838,22.793853319208296,22.88146063485728,0.0,0.0,0.7951958587648988,0.0,True,thermal_anomaly,1.0,0.7951958587648988,thermal_anomaly,0.7951958587648988,0.7951958587648988,49,thermal_anomaly,1.9696781589797,0.7951958587648988,abrupt,0.0,0.832599089248062,15861062,thermal_anomaly
12840.0,214.0,3.566666666666667,1,612.503850668262,364.86289650954785,-247.64095415871412,95.98120680855826,96.18389543748933,29.83924827234233,29.876461839143303,-8.299168661974965,-8.289196685385626,28.93792633865753,28.871523209712834,30.279901545155905,30.286211882255216,18.438033919866072,40.00345464957927,3371.5724127386957,3285.202672867986,3290.0657012671913,0.0029311165050767154,0.22327791262691787,0.22768339827989112,22.790076727248213,22.669219419483774,0.0,0.0,0.7951958587648988,0.0,True,thermal_anomaly,1.0,0.7951958587648988,thermal_anomaly,0.7951958587648988,0.7951958587648988,49,thermal_anomaly,1.9696781589797,0.7951958587648988,abrupt,0.0,0.832599089248062,15861062,thermal_anomaly
12900.0,215.0,3.5833333333333335,1,611.5701769743577,367.32050807568874,-244.24966889866892,96.3446735777527,96.48873437018726,29.85378694311011,29.862360372954946,-8.181530516182598,-8.168067711815855,28.97710312837492,28.95674699812078,30.32790356398488,30.2744360454394,18.28293320845165,40.27290641837491,3433.0127018922185,3359.1076873801026,3363.6740424328445,0.0026228799942983067,0.21557199985745767,0.21183594055596158,22.78638463561989,22.778869618479376,0.0,0.0,0.7951958587648988,0.0,True,thermal_anomaly,1.0,0.7951958587648988,thermal_anomaly,0.7951958587648988,0.7951958587648988,49,thermal_anomaly,1.9696781589797,0.7951958587648988,abrupt,0.0,0.832599089248062,15861062,thermal_anomaly
12960.0,216.0,3.6,1,610.5801345412646,369.021130325903,-241.55900421536154,96.70413638164462,96.95942986278091,29.868165455265785,29.89407953013252,-8.087507234990706,-8.018384937148584,29.015749097399752,28.95253706211956,30.376077698885457,30.479457263652158,18.160559743555645,40.45936211368766,3475.5282581475753,3417.317972763839,3420.215306301669,0.002227471576593615,0.20568678941484037,0.2110272400648726,22.782755757042647,22.764811905489584,0.0,0.0,0.7951958587648988,0.0,True,thermal_anomaly,1.0,0.7951958587648988,thermal_anomaly,0.7951958587648988,0.7951958587648988,49,thermal_anomaly,1.9696781589797,0.7951958587648988,abrupt,0.0,0.832599089248062,15861062,thermal_anomaly
13020.0,217.0,3.6166666666666667,1,609.5385467561977,369.8904379073655,-239.64810884883218,97.0607555912411,96.8592729912521,29.882430223649642,29.876233620284427,-8.019699437268967,-8.008900709418288,29.05398257083289,29.07584826265711,30.42424093972164,30.422413953230272,18.073184206604058,40.554672726918675,3497.2609476841367,3457.2894602239876,3455.1426759310853,0.0017621724971965198,0.194054312429913,0.18473770306053874,22.779167435796477,22.79967293558542,0.0,0.0,0.7951958587648988,0.0,True,thermal_anomaly,1.0,0.7951958587648988,thermal_anomaly,0.7951958587648988,0.7951958587648988,49,thermal_anomaly,1.9696781589797,0.7951958587648988,abrupt,0.0,0.832599089248062,15861062,thermal_anomaly
13080.0,218.0,3.6333333333333333,1,608.4504881301461,369.8904379073655,-238.56005022278066,97.41575566597737,97.63439913449893,29.896630226639097,29.849639673947348,-7.979496298222068,-7.993221583565655,29.091924569813614,29.147493906886638,30.47220271083749,30.47809997391068,18.021726775340657,40.554672726918675,3497.2609476841367,3477.2752039540624,3481.065351056881,0.0012473185586292885,0.18118296396573222,0.17950786070566643,22.77559665642858,22.813077912551336,0.0,0.0,0.7951958587648988,0.0,True,thermal_anomaly,1.0,0.7951958587648988,thermal_anomaly,0.7951958587648988,0.7951958587648988,49,thermal_anomaly,1.9696781589797,0.7951958587648988,abrupt,0.0,0.832599089248062,15861062,thermal_anomaly
13140.0,219.0,3.65,1,607.3212595753644,369.02113032590313,-238.30012924946124,97.77036895355099,97.59948785869672,29.91081475814204,29.92986071540791,-7.967022335444521,-7.955089253655529,29.129694489212824,29.113455955149636,30.519773233766447,30.51904027008215,18.005813472951232,40.459362113687675,3475.5282581475776,3476.40173105082,3475.4999278899077,0.0007054113485506708,0.16763528371376676,0.16526254671852839,22.77202105880887,22.80765012881587,0.0,0.0,0.7951958587648988,0.0,True,thermal_anomaly,1.0,0.7951958587648988,thermal_anomaly,0.7951958587648988,0.7951958587648988,49,thermal_anomaly,1.9696781589797,0.7951958587648988,abrupt,0.0,0.832599089248062,15861062,thermal_anomaly
13200.0,220.0,3.6666666666666665,1,606.156362579862,367.32050807568874,-238.8358545041733,98.12577945132504,98.09604796599642,29.925031178053,29.89671813319352,-7.98113970485469,-7.982691903558568,29.16740595219486,29.1945218494698,30.566771854958944,30.609767546965465,18.023825160546124,40.27290641837491,3433.0127018922185,3454.7072164715196,3448.6439990283966,0.0001601348124003416,0.15400337031000855,0.1607899515290405,22.768419911824303,22.748484933703313,0.0,0.0,0.7951958587648988,0.0,True,thermal_anomaly,1.0,0.7951958587648988,thermal_anomaly,0.7951958587648988,0.7951958587648988,49,thermal_anomaly,1.9696781589797,0.7951958587648988,abrupt,0.0,0.832599089248062,15861062,thermal_anomaly
13260.0,221.0,3.683333333333333,1,604.961472404706,364.8628965095479,-240.0985758951581,98.4830689987881,98.61218788250348,29.939322759951523,29.93189009659267,-8.019505912683071,-8.016289801190768,29.205162805621462,29.106133577040065,30.61303497456722,30.710364683770702,18.07293588815818,40.003454649579275,3371.572412738698,3413.1398146051088,3418.3676680765957,-0.0003646798486647144,0.15911699621661785,0.1569398794086956,22.76482423380168,22.78591528196722,0.0,0.0,0.7951958587648988,0.0,True,thermal_anomaly,1.0,0.7951958587648988,thermal_anomaly,0.7951958587648988,0.7951958587648988,49,thermal_anomaly,1.9696781589797,0.7951958587648988,abrupt,0.0,0.832599089248062,15861062,thermal_anomaly
13320.0,222.0,3.7,1,603.7424104347197,361.7557050458495,-241.98670538887018,98.84316826275963,98.74936767977617,29.953726730510386,29.93795333532344,-8.07868441766835,-8.100577110554354,29.243055249153844,29.275656896955915,30.65842322976202,30.604246570756498,18.149149235095678,39.662783142570156,3293.8926261462375,3353.5162203756736,3353.480258448267,-0.0008460957156158975,0.17115239289039744,0.1641916221933661,22.761234485100978,22.767781407806496,0.0,0.0,0.7951958587648988,0.0,True,thermal_anomaly,1.0,0.7951958587648988,thermal_anomaly,0.7951958587648988,0.7951958587648988,49,thermal_anomaly,1.9696781589797,0.7951958587648988,abrupt,0.0,0.832599089248062,15861062,thermal_anomaly
13380.0,223.0,3.716666666666667,1,602.5051158172813,358.13473286151617,-244.37038295576514,99.20681466596761,99.6314596813971,29.968272586638705,29.957183209552866,-8.154303263536024,-8.14399707020379,29.281156151527647,29.155995760143995,30.702827618636295,30.744510381602865,18.247350818570624,39.26578087692713,3203.3683215379037,3278.442270956789,3275.406708604611,-0.0012630726049777355,0.18157681512444337,0.18106968037940543,22.757630449117205,22.844633537489194,0.0,0.0,0.7951958587648988,0.0,True,thermal_anomaly,1.0,0.7951958587648988,thermal_anomaly,0.7951958587648988,0.7951958587648988,49,thermal_anomaly,1.9696781589797,0.7951958587648988,abrupt,0.0,0.832599089248062,15861062,thermal_anomaly
13440.0,224.0,3.7333333333333334,1,601.2556165273943,354.15823381635516,-247.09738271103913,99.5745191045257,99.58873307888516,29.98298076418103,29.899244149426156,-8.24125475230376,-8.210400904469793,29.319517684982067,29.190875737943674,30.746174297052587,30.748333775526742,18.36140027286303,38.82979875668699,3103.955845408879,3191.1990581828345,3195.44990496629,-0.0015973866258081563,0.1899346656452039,0.19493021683976897,22.753993853993894,22.847398581300304,0.0,0.0,0.7951958587648988,0.0,True,thermal_anomaly,1.0,0.7951958587648988,thermal_anomaly,0.7951958587648988,0.7951958587648988,49,thermal_anomaly,1.9696781589797,0.7951958587648988,abrupt,0.0,0.832599089248062,15861062,thermal_anomaly
13500.0,225.0,3.75,1,600.0,349.99999999999994,-250.00000000000006,99.94654291404952,99.85497902040586,29.99786171656198,30.041032723488065,-8.333927343293729,-8.294079183637033,29.358168484345146,29.466453742433906,30.78842783878934,30.69216723165331,18.48428547853739,38.37389129257859,2999.999999999999,3095.599529091417,3096.482257417773,-0.0018344266511800132,0.19586066627950033,0.19746781800973062,22.75030912948372,22.759648842137917,0.0,0.0,0.7951958587648988,0.0,True,thermal_anomaly,1.0,0.7951958587648988,thermal_anomaly,0.7951958587648988,0.7951958587648988,49,thermal_anomaly,1.9696781589797,0.7951958587648988,abrupt,0.0,0.832599089248062,15861062,thermal_anomaly
13560.0,226.0,3.7666666666666666,1,598.7443834726058,345.8417661836449,-252.90261728896093,100.0,99.84231866759744,30.0,29.99442103892388,-8.430087242965364,-8.432186161860875,29.3971278983417,29.320725740615515,30.829592816502736,30.853195151796896,18.61324755539407,37.91798382847021,2896.0441545911226,2995.82184184127,2993.722541661893,-0.0019638328945403775,0.19909582236350942,0.19489863263281162,22.746564052925752,22.66699039916607,0.0,0.0,0.7951958587648988,0.0,True,thermal_anomaly,1.0,0.7951958587648988,thermal_anomaly,0.7951958587648988,0.7951958587648988,49,thermal_anomaly,1.9696781589797,0.7951958587648988,abrupt,0.0,0.832599089248062,15861062,thermal_anomaly
13620.0,227.0,3.783333333333333,1,597.4948841827188,341.86526713848394,-255.62961704423486,100.0,100.0,30.0,29.987976267508717,-8.520987234807828,-8.492011364803396,29.436375979175555,29.49010226210992,30.869713634409003,30.876350328714008,18.73651575793412,37.48200170823007,2796.631678462098,2896.226760151684,2895.1524139540597,-0.001979949682094487,0.19949874205236218,0.19911691438430648,22.74275026036327,22.78199763571521,0.0,0.0,0.7951958587648988,0.0,True,thermal_anomaly,1.0,0.7951958587648988,thermal_anomaly,0.7951958587648988,0.7951958587648988,49,thermal_anomaly,1.9696781589797,0.7951958587648988,abrupt,0.0,0.832599089248062,15861062,thermal_anomaly
13680.0,228.0,3.8,1,596.2575895652803,338.2442949541506,-258.01329461112977,100.0,100.0,30.0,29.9824639838839,-8.600443153704326,-8.614588058124447,29.475863700267734,29.560593636266784,30.90887262000033,30.84974329700983,18.845347676681452,37.08499944258704,2706.1073738537643,2801.1670670027247,2800.11846509568,-0.001882072632889087,0.19705181582222717,0.19157868588119004,22.738863602753913,22.71386511075049,0.0,0.0,0.7951958587648988,0.0,True,thermal_anomaly,1.0,0.7951958587648988,thermal_anomaly,0.7951958587648988,0.7951958587648988,49,thermal_anomaly,1.9696781589797,0.7951958587648988,abrupt,0.0,0.832599089248062,15861062,thermal_anomaly
13740.0,229.0,3.816666666666667,1,595.038527595294,335.13710349045215,-259.90142410484185,100.0,100.0,30.0,30.01201617107358,-8.663380803494729,-8.688151181542286,29.515517281935253,29.453364190766134,30.947186458196153,30.852985476658453,18.93227123718236,36.74432793557792,2628.427587261303,2714.797327132014,2715.7311165150086,-0.0016744794436408194,0.19186198609102048,0.1895166739373135,22.734904331631604,22.930738799224475,0.0,0.0,0.7951958587648988,0.0,True,thermal_anomaly,1.0,0.7951958587648988,thermal_anomaly,0.7951958587648988,0.7951958587648988,49,thermal_anomaly,1.9696781589797,0.7951958587648988,abrupt,0.0,0.832599089248062,15861062,thermal_anomaly
13800.0,230.0,3.8333333333333335,1,593.843637420138,332.67949192431126,-261.1641454958267,100.0,100.0,30.0,29.995467702133894,-8.705471516527556,-8.694056933860917,29.555241409923894,29.46043915686992,30.984801123775057,30.899608611671272,18.99075662747929,36.47487616678228,2566.9872981077824,2640.8923126198983,2639.03727958823,-0.001366242932862375,0.18415607332155937,0.17847363567715535,22.730877103683657,22.569904725628774,0.0,0.0,0.7951958587648988,0.0,True,thermal_anomaly,1.0,0.7951958587648988,thermal_anomaly,0.7951958587648988,0.7951958587648988,49,thermal_anomaly,1.9696781589797,0.7951958587648988,abrupt,0.0,0.832599089248062,15861062,thermal_anomaly
13860.0,231.0,3.85,1,592.6787404246356,330.9788696740969,-261.6998707505387,100.0,99.80793183771328,30.0,30.023541175280467,-8.723329025017957,-8.725755982647344,29.594923907595696,29.655916756403467,31.02188553356493,31.201840732890222,19.015655423771143,36.28842047146953,2524.471741852423,2582.682027236161,2592.921270529513,-0.0009708345151577327,0.1742708628789433,0.1728242870041557,22.726790799689468,22.733389418427155,0.0,0.0,0.7951958587648988,0.0,True,thermal_anomaly,1.0,0.7951958587648988,thermal_anomaly,0.7951958587648988,0.7951958587648988,49,thermal_anomaly,1.9696781589797,0.7951958587648988,abrupt,0.0,0.832599089248062,15861062,thermal_anomaly
13920.0,232.0,3.8666666666666667,1,591.549511869854,330.1095620926345,-261.43994977721945,100.0,100.0,30.0,29.999787270114666,-8.714664992573981,-8.710901105020582,29.63444162067735,29.607047705713743,31.058624195821654,31.037569982824774,19.00356875609704,36.193109858238515,2502.739052315864,2542.710539776012,2544.8571019075716,-0.0005055354357605887,0.16263838589401472,0.16849683901956933,22.722658160202005,22.773664285336487,0.0,0.0,0.7951958587648988,0.0,True,thermal_anomaly,1.0,0.7951958587648988,thermal_anomaly,0.7951958587648988,0.7951958587648988,49,thermal_anomaly,1.9696781589797,0.7951958587648988,abrupt,0.0,0.832599089248062,15861062,thermal_anomaly
13980.0,233.0,3.8833333333333333,1,590.4614532438022,330.1095620926345,-260.3518911511677,100.0,100.0,30.0,29.988852905426988,-8.67839637170559,-8.708854412938141,29.67366713574606,29.821765951573358,31.095209178054322,31.00529319048663,18.9531029682281,36.193109858238515,2502.7390523158633,2522.724796045938,2522.188706689962,9.318502806628603e-06,0.15023296257016572,0.15090911183980646,22.718496506138298,22.666789915895716,0.0,0.0,0.7951958587648988,0.0,True,thermal_anomaly,1.0,0.7951958587648988,thermal_anomaly,0.7951958587648988,0.7951958587648988,49,thermal_anomaly,1.9696781589797,0.7951958587648988,abrupt,0.0,0.832599089248062,15861062,thermal_anomaly
14040.0,234.0,3.9,1,589.4198654587356,330.97886967409687,-258.4409957846387,100.0,100.0,30.0,29.98980710161954,-8.614699859487956,-8.615228031460246,29.712475852828636,29.526752950470815,31.13183174434214,31.224733448511767,18.864982174998428,36.28842047146952,2524.471741852422,2523.59826894918,2524.039811893665,0.0005512257128852394,0.16378064282213098,0.16511180974232773,22.71439642083383,22.78379636041608,0.0,0.0,0.7951958587648988,0.0,True,thermal_anomaly,1.0,0.7951958587648988,thermal_anomaly,0.7951958587648988,0.7951958587648988,49,thermal_anomaly,1.9696781589797,0.7951958587648988,abrupt,0.0,0.832599089248062,15861062,thermal_anomaly
14100.0,235.0,3.9166666666666665,1,588.4298230256423,332.6794919243112,-255.75033110133114,100.0,99.72576549079173,30.0,29.99222308316341,-8.525011036711039,-8.516774178490163,29.750752884722566,29.77539010765803,31.168674027632918,31.25537348261846,18.742002935557085,36.47487616678228,2566.9872981077806,2545.29278352848,2544.039965696631,0.0010965022490355685,0.1774125562258892,0.17446994016886558,22.710378314530796,22.678860116986023,0.0,0.0,0.7951958587648988,0.0,True,thermal_anomaly,1.0,0.7951958587648988,thermal_anomaly,0.7951958587648988,0.7951958587648988,49,thermal_anomaly,1.9696781589797,0.7951958587648988,abrupt,0.0,0.832599089248062,15861062,thermal_anomaly
14160.0,236.0,3.933333333333333,0,0.0,335.13710349045215,335.13710349045215,99.50128407218682,99.73839086779584,29.980051362887473,30.006753195221357,11.178670090783129,11.19168377774596,29.79344110603989,29.660866456107318,31.197534981228383,31.166790741282885,22.924951081359026,36.74432793557792,2628.427587261303,2586.8601853948917,2582.069040476041,0.00162131691010066,0.1905329227525165,0.19653130723453568,22.706460278985645,22.80152250880022,0.0,0.0,0.7951958587648988,0.0,True,thermal_anomaly,1.0,0.7951958587648988,thermal_anomaly,0.7951958587648988,0.7951958587648988,49,thermal_anomaly,1.9696781589797,0.7951958587648988,abrupt,0.0,0.832599089248062,15861062,thermal_anomaly
14220.0,237.0,3.95,0,0.0,338.24429495415046,338.24429495415046,98.99794434755268,98.64722916776294,29.959917773902106,29.954041567053356,11.289893967893093,11.311668284045956,29.836661812699877,29.789554935759707,31.226956550740844,31.141809712231293,23.12487434597499,37.08499944258703,2706.107373853761,2646.4837796243264,2646.2728568038465,0.0021027327770517935,0.20256831942629483,0.20592167697826036,22.702657267810356,22.660159923185642,0.0,0.0,0.7951958587648988,0.0,True,thermal_anomaly,1.0,0.7951958587648988,thermal_anomaly,0.7951958587648988,0.7951958587648988,49,thermal_anomaly,1.9696781589797,0.7951958587648988,abrupt,0.0,0.832599089248062,15861062,thermal_anomaly
14280.0,238.0,3.966666666666667,0,0.0,341.86526713848406,341.86526713848406,98.48921627145373,98.45269163177659,29.93956865085815,29.930044773526113,11.418510103641232,11.407656443482324,29.88052576783844,29.918216877413837,31.25704905259762,31.182667585150647,23.358527720430036,37.48200170823008,2796.6316784621013,2721.5577290432134,2720.5715459147996,0.002519709666413724,0.2129927416603431,0.21158001871789828,22.69898040483941,22.827602991013666,0.0,0.0,0.7951958587648988,0.0,True,thermal_anomaly,1.0,0.7951958587648988,thermal_anomaly,0.7951958587648988,0.7951958587648988,49,thermal_anomaly,1.9696781589797,0.7951958587648988,abrupt,0.0,0.832599089248062,15861062,thermal_anomaly
14340.0,239.0,3.9833333333333334,0,0.0,345.8417661836448,345.8417661836448,97.9745707860614,98.06365748200491,29.918982831442456,29.953889203894715,11.559275531927268,11.546236712495702,29.925114636236827,29.87640974075463,31.28788763995773,31.313882215132885,23.61728594731448,37.9179838284702,2896.044154591119,2808.800941817166,2808.563961954083,0.0028540236872440176,0.22135059218110043,0.21810401209225122,22.695436455802287,22.66963151758776,0.0,0.0,0.7951958587648988,0.0,True,thermal_anomaly,1.0,0.7951958587648988,thermal_anomaly,0.7951958587648988,0.7951958587648988,49,thermal_anomaly,1.9696781589797,0.7951958587648988,abrupt,0.0,0.832599089248062,15861062,thermal_anomaly
14400.0,240.0,4.0,0,0.0,349.99999999999994,349.99999999999994,97.45373745272806,97.3920367992444,29.898149498109124,29.89141383568664,11.706410124885332,11.72967535425719,29.970476466122484,30.01777964877382,31.31950904258858,31.400309784080378,23.891140922434907,38.37389129257859,2999.999999999999,2904.400470908583,2907.2759866173883,0.003091063712615916,0.22727659281539792,0.22772819134840996,22.69202749216005,22.729687300565097,0.0,0.0,0.7951958587648988,0.0,True,thermal_anomaly,1.0,0.7951958587648988,thermal_anomaly,0.7951958587648988,0.7951958587648988,49,thermal_anomaly,1.9696781589797,0.7951958587648988,abrupt,0.0,0.832599089248062,15861062,thermal_anomaly
14460.0,241.0,4.016666666666667,0,0.0,354.15823381635505,354.15823381635505,96.92671627145373,96.85057250124001,29.87706865085815,29.863936020628703,11.853848111909155,11.836730089184131,30.01662229644972,30.059910908840664,31.35190998592702,31.241474959570027,24.169035086290464,38.829798756686976,3103.955845408876,3004.1781581587297,3006.3505698112926,0.0032204699559762805,0.230511748899407,0.22654988576318386,22.6887507672846,22.737782192035514,0.0,0.0,0.7951958587648988,0.0,True,thermal_anomaly,1.0,0.7951958587648988,thermal_anomaly,0.7951958587648988,0.7951958587648988,49,thermal_anomaly,1.9696781589797,0.7951958587648988,abrupt,0.0,0.832599089248062,15861062,thermal_anomaly
14520.0,242.0,4.033333333333333,0,0.0,358.134732861516,358.134732861516,96.39377768088599,96.36619895469731,29.85575110723544,29.856387646596055,11.9955023598359,12.007024428254775,30.063524250179658,30.126305548143776,31.38504735841985,31.458096080237812,24.439304030659777,39.26578087692712,3203.3683215379,3103.773239848315,3100.8443813922645,0.00323658674353039,0.23091466858825976,0.2286935222582972,22.68559881464851,22.670200150151086,0.0,0.0,0.7951958587648988,0.0,True,thermal_anomaly,1.0,0.7951958587648988,thermal_anomaly,0.7951958587648988,0.7951958587648988,49,thermal_anomaly,1.9696781589797,0.7951958587648988,abrupt,0.0,0.832599089248062,15861062,thermal_anomaly
14580.0,243.0,4.05,0,0.0,361.7557050458495,361.7557050458495,95.85545073885348,95.79439316422079,29.83421802955414,29.833071099557944,12.125529976602365,12.114742733621528,30.11111543207527,29.999448553620585,31.418840119830634,31.429696053036047,24.69021605855209,39.662783142570156,3293.892626146237,3198.8329329972757,3198.9262642563326,0.0031387096943250397,0.228467742358126,0.22879593247674535,22.68255976602416,22.63775446506897,0.0,0.0,0.7951958587648988,0.0,True,thermal_anomaly,1.0,0.7951958587648988,thermal_anomaly,0.7951958587648988,0.7951958587648988,49,thermal_anomaly,1.9696781589797,0.7951958587648988,abrupt,0.0,0.832599089248062,15861062,thermal_anomaly
14640.0,244.0,4.066666666666666,0,0.0,364.86289650954785,364.86289650954785,95.31249999999997,95.37374453563605,29.8125,29.80138413664464,12.238587723590703,12.22149989256317,30.15929185366611,30.241113266878067,31.453172867111014,31.42136992361451,24.910580238915486,40.00345464957927,3371.5724127386957,3285.202672867986,3292.8100584469635,0.0029311165050767154,0.22327791262691787,0.221358170616019,22.67961787571296,22.72164182549822,0.0,0.0,0.7951958587648988,0.0,True,thermal_anomaly,1.0,0.7951958587648988,thermal_anomaly,0.7951958587648988,0.7951958587648988,49,thermal_anomaly,1.9696781589797,0.7951958587648988,abrupt,0.0,0.832599089248062,15861062,thermal_anomaly
14700.0,245.0,4.083333333333333,0,0.0,367.32050807568874,367.32050807568874,94.76589210107781,94.82892839643176,29.790635684043114,29.786529975427374,12.33006613123191,12.325652340628993,30.207916465303462,30.11827597480548,31.48790090199134,31.613941863372276,25.09038034551766,40.27290641837491,3433.0127018922185,3359.1076873801026,3354.2147920694815,0.0026228799942983067,0.21557199985745767,0.2161360907959113,22.676754225471154,22.677045093328097,0.0,0.0,0.7951958587648988,0.0,True,thermal_anomaly,1.0,0.7951958587648988,thermal_anomaly,0.7951958587648988,0.7951958587648988,49,thermal_anomaly,1.9696781589797,0.7951958587648988,abrupt,0.0,0.832599089248062,15861062,thermal_anomaly
14760.0,246.0,4.1,0,0.0,369.0211303259031,369.0211303259031,94.21675351428333,93.93879667502193,29.768670140571334,29.805177157583454,12.396292094451642,12.401064434943354,30.25682520103174,30.252056798449924,31.522856578812938,31.474031234988843,25.221382496750625,40.45936211368767,3475.5282581475767,3417.3179727638394,3420.2831903770107,0.002227471576593636,0.2056867894148409,0.20745243234454852,22.67394757497003,22.60620833132127,0.0,0.0,0.7951958587648988,0.0,True,thermal_anomaly,1.0,0.7951958587648988,thermal_anomaly,0.7951958587648988,0.7951958587648988,49,thermal_anomaly,1.9696781589797,0.7951958587648988,abrupt,0.0,0.832599089248062,15861062,thermal_anomaly
14820.0,247.0,4.116666666666666,0,0.0,369.8904379073655,369.8904379073655,93.6663213150164,93.58898442385959,29.746652852600654,29.721084148628304,12.434691047097997,12.40966214869642,30.30583475796466,30.402074477902257,31.557856655171783,31.460875364796863,25.29766119641581,40.554672726918675,3497.2609476841367,3457.2894602239876,3459.5327548444398,0.0017621724971965131,0.19405431242991283,0.19578715493996127,22.671175315089407,22.677191214908703,0.0,0.0,0.7951958587648988,0.0,True,thermal_anomaly,1.0,0.7951958587648988,thermal_anomaly,0.7951958587648988,0.7951958587648988,49,thermal_anomaly,1.9696781589797,0.7951958587648988,abrupt,0.0,0.832599089248062,15861062,thermal_anomaly
14880.0,248.0,4.133333333333334,0,0.0,369.8904379073655,369.8904379073655,93.11588911574948,93.07241178869356,29.724635564629978,29.710492562295432,12.443901527509611,12.480153505138375,30.3547516624747,30.47805637041603,31.592710324115487,31.67286880628126,25.315992699581965,40.554672726918675,3497.260947684137,3477.2752039540624,3476.7433298512033,0.001247318558629296,0.18118296396573239,0.1868323776409447,22.66841447662681,22.52413150695537,0.0,0.0,0.7951958587648988,0.0,True,thermal_anomaly,1.0,0.7951958587648988,thermal_anomaly,0.7951958587648988,0.7951958587648988,49,thermal_anomaly,1.9696781589797,0.7951958587648988,abrupt,0.0,0.832599089248062,15861062,thermal_anomaly
14940.0,249.0,4.15,0,0.0,369.0211303259031,369.0211303259031,92.56675052895498,92.62497713078095,29.702670021158198,29.69164011419153,12.42383698378082,12.380165762705147,30.403382044275475,30.57283571454849,31.627227576848572,31.589616274740166,25.27607591343829,40.45936211368767,3475.5282581475767,3476.4017310508193,3478.6958964018263,0.0007054113485506565,0.1676352837137664,0.16983053236540177,22.665642745355616,22.65728118873989,0.0,0.0,0.7951958587648988,0.0,True,thermal_anomaly,1.0,0.7951958587648988,thermal_anomaly,0.7951958587648988,0.7951958587648988,49,thermal_anomaly,1.9696781589797,0.7951958587648988,abrupt,0.0,0.832599089248062,15861062,thermal_anomaly
15000.0,250.0,4.166666666666667,0,0.0,367.32050807568874,367.32050807568874,92.02014263003282,91.92795490368282,29.680805705201312,29.682451072732434,12.375691944619916,12.385476298030952,30.451541465082645,30.485863054384083,31.661227530456028,31.495956891746005,25.180557970123907,40.27290641837491,3433.0127018922185,3454.7072164715196,3460.4871143112173,0.00016013481240034853,0.1540033703100087,0.15498982162299813,22.662839435721946,22.682226752590392,0.0,0.0,0.7951958587648988,0.0,True,thermal_anomaly,1.0,0.7951958587648988,thermal_anomaly,0.7951958587648988,0.7951958587648988,49,thermal_anomaly,1.9696781589797,0.7951958587648988,abrupt,0.0,0.832599089248062,15861062,thermal_anomaly
15060.0,251.0,4.183333333333334,0,0.0,364.8628965095479,364.8628965095479,91.47719189117932,91.40303438238293,29.65908767564717,29.671171641629766,12.301892104696591,12.318215036139945,30.49906414178345,30.42014066294086,31.694546356684103,31.713921916900876,25.03486182992119,40.003454649579275,3371.5724127386984,3413.139814605109,3418.549936732945,-0.00036467984866470743,0.15911699621661768,0.15981557317697537,22.66003561127009,22.589752578516432,0.0,0.0,0.7951958587648988,0.0,True,thermal_anomaly,1.0,0.7951958587648988,thermal_anomaly,0.7951958587648988,0.7951958587648988,49,thermal_anomaly,1.9696781589797,0.7951958587648988,abrupt,0.0,0.832599089248062,15861062,thermal_anomaly
15120.0,252.0,4.2,0,0.0,361.7557050458495,361.7557050458495,90.9388649491468,90.95996451797609,29.637554597965874,29.620629001729,12.205990337363327,12.217533621774422,30.54581096603533,30.44645844975564,31.727044465252987,31.970560688504605,24.846833890738033,39.662783142570156,3293.8926261462375,3353.5162203756736,3359.2050028836647,-0.0008460957156159045,0.1711523928903976,0.1753198576238724,22.657231777238376,22.687089017773364,0.0,0.0,0.7951958587648988,0.0,True,thermal_anomaly,1.0,0.7951958587648988,thermal_anomaly,0.7951958587648988,0.7951958587648988,49,thermal_anomaly,1.9696781589797,0.7951958587648988,abrupt,0.0,0.832599089248062,15861062,thermal_anomaly
15180.0,253.0,4.216666666666667,0,0.0,358.134732861516,358.134732861516,90.40592635857907,90.32957290777098,29.616237054343163,29.586155556537967,12.092513042908543,12.062467585726825,30.59167584413406,30.617489456493946,31.758612627756523,31.701429405373844,24.62624761690654,39.26578087692712,3203.3683215379006,3278.442270956787,3277.810802450457,-0.0012630726049777854,0.18157681512444462,0.18415735628672827,22.654407761563572,22.64390079076665,0.0,0.0,0.7951958587648988,0.0,True,thermal_anomaly,1.0,0.7951958587648988,thermal_anomaly,0.7951958587648988,0.7951958587648988,49,thermal_anomaly,1.9696781589797,0.7951958587648988,abrupt,0.0,0.832599089248062,15861062,thermal_anomaly
15240.0,254.0,4.233333333333333,0,0.0,354.15823381635516,354.15823381635516,89.87890517730473,89.72284365763359,29.595156207092188,29.626693546941834,11.966763457443236,11.964750634858229,30.63659004550518,30.649069242760728,31.78917677450559,31.844754266229728,24.384212093185383,38.82979875668699,3103.9558454088797,3191.199058182833,3195.7573163506845,-0.0015973866258081285,0.1899346656452032,0.19193144934794293,22.651545336596914,22.559220182137885,0.0,0.0,0.7951958587648988,0.0,True,thermal_anomaly,1.0,0.7951958587648988,thermal_anomaly,0.7951958587648988,0.7951958587648988,49,thermal_anomaly,1.9696781589797,0.7951958587648988,abrupt,0.0,0.832599089248062,15861062,thermal_anomaly
15300.0,255.0,4.25,0,0.0,350.0000000000001,350.0000000000001,89.3580718439714,89.40398734544557,29.574322873758856,29.57014231184372,11.834590482223797,11.807027548916556,30.680524432243836,30.64458763523107,31.818701254670472,31.81228994390186,24.132540432028847,38.373891292578605,3000.0000000000027,3095.599529091418,3095.4429576516904,-0.0018344266511799569,0.1958606662794989,0.19267342820021963,22.64862897596722,22.639345831561407,0.0,0.0,0.7951958587648988,0.0,True,thermal_anomaly,1.0,0.7951958587648988,thermal_anomaly,0.7951958587648988,0.7951958587648988,49,thermal_anomaly,1.9696781589797,0.7951958587648988,abrupt,0.0,0.832599089248062,15861062,thermal_anomaly
15360.0,256.0,4.266666666666667,0,0.0,345.8417661836449,345.8417661836449,88.84342635857907,88.78864684485757,29.553737054343163,29.533516087831966,11.702133153168209,11.684211726469574,30.723489620775347,30.75794249726852,31.847190417238743,31.70206504397284,23.883131508231763,37.91798382847021,2896.0441545911226,2995.8218418412703,2991.31440301532,-0.001963832894540392,0.19909582236350978,0.19517459793964695,22.645646500560623,22.798022317035453,0.0,0.0,0.7951958587648988,0.0,True,thermal_anomaly,1.0,0.7951958587648988,thermal_anomaly,0.7951958587648988,0.7951958587648988,49,thermal_anomaly,1.9696781589797,0.7951958587648988,abrupt,0.0,0.832599089248062,15861062,thermal_anomaly
15420.0,257.0,4.283333333333333,0,0.0,341.86526713848406,341.86526713848406,88.33469828248013,88.16685364291173,29.533387931299206,29.529133049904996,11.575551979804473,11.556399511270683,30.765534277053685,30.811149596667004,31.874688443693636,31.93176104892444,23.647410172445902,37.48200170823008,2796.6316784621013,2896.2267601516864,2893.567732453082,-0.001979949682094466,0.19949874205236165,0.1981999306260888,22.64258958964088,22.553888861053487,0.0,0.0,0.7951958587648988,0.0,True,thermal_anomaly,1.0,0.7951958587648988,thermal_anomaly,0.7951958587648988,0.7951958587648988,49,thermal_anomaly,1.9696781589797,0.7951958587648988,abrupt,0.0,0.832599089248062,15861062,thermal_anomaly
15480.0,258.0,4.3,0,0.0,338.2442949541506,338.2442949541506,87.83135855784599,87.70524103264913,29.51325434231384,29.53025643433576,11.46075898750352,11.432991099199707,30.80674185162795,30.86651082007147,31.90127743972606,31.76714090217112,23.435857607044895,37.08499944258704,2706.1073738537643,2801.1670670027256,2802.239450225873,-0.0018820726328891153,0.19705181582222786,0.199720315952426,22.63945413706194,22.645966251410133,0.0,0.0,0.7951958587648988,0.0,True,thermal_anomaly,1.0,0.7951958587648988,thermal_anomaly,0.7951958587648988,0.7951958587648988,49,thermal_anomaly,1.9696781589797,0.7951958587648988,abrupt,0.0,0.832599089248062,15861062,thermal_anomaly
15540.0,259.0,4.316666666666666,0,0.0,335.1371034904522,335.1371034904522,87.33264263003281,87.30873780264257,29.493305705201312,29.463608761450832,11.363158366861157,11.381564698989203,30.84722611162184,30.726168151478525,31.927073869381964,31.851324776580388,23.25764732710282,36.74432793557793,2628.4275872613057,2714.7973271320157,2709.5064921519297,-0.0016744794436408055,0.19186198609102012,0.2007935101291038,22.63624043693232,22.642163684055213,0.0,0.0,0.7951958587648988,0.0,True,thermal_anomaly,1.0,0.7951958587648988,thermal_anomaly,0.7951958587648988,0.7951958587648988,49,thermal_anomaly,1.9696781589797,0.7951958587648988,abrupt,0.0,0.832599089248062,15861062,thermal_anomaly
15600.0,260.0,4.333333333333333,0,0.0,332.6794919243112,332.6794919243112,86.8375838622883,86.90326762197137,29.473503354491534,29.465910810996956,11.287409166227041,11.290806740765788,30.887125823917103,30.776492809475897,31.952223487490393,31.95922280561121,23.120386336339582,36.47487616678228,2566.9872981077806,2640.8923126198983,2644.4840728818494,-0.0013662429328624172,0.18415607332156042,0.1769864137942838,22.632953188194616,22.70345228503782,0.0,0.0,0.7951958587648988,0.0,True,thermal_anomaly,1.0,0.7951958587648988,thermal_anomaly,0.7951958587648988,0.7951958587648988,49,thermal_anomaly,1.9696781589797,0.7951958587648988,abrupt,0.0,0.832599089248062,15861062,thermal_anomaly
15660.0,261.0,4.35,0,0.0,330.9788696740969,330.9788696740969,86.34505578241614,86.510676826979,29.453802231296645,29.454717951644362,11.237220480906524,11.25269573454227,30.926598897301645,30.984707634238738,31.97689499184974,31.99928098484919,23.029947812393885,36.28842047146953,2524.471741852423,2582.682027236161,2579.294831582633,-0.0009708345151577327,0.1742708628789433,0.17228069227942333,22.629601313566596,22.57260563622083,0.0,0.0,0.7951958587648988,0.0,True,thermal_anomaly,1.0,0.7951958587648988,thermal_anomaly,0.7951958587648988,0.7951958587648988,49,thermal_anomaly,1.9696781589797,0.7951958587648988,abrupt,0.0,0.832599089248062,15861062,thermal_anomaly
15720.0,262.0,4.366666666666666,0,0.0,330.1095620926345,330.1095620926345,85.85382131501638,86.33674320800719,29.434152852600654,29.43642694521865,11.215188143709993,11.183405466888708,30.965816217603987,31.111590312969028,32.00127267260261,32.04971026916228,22.990373489378538,36.193109858238515,2502.739052315864,2542.710539776012,2538.0853153668086,-0.0005055354357605887,0.16263838589401472,0.16503610193215199,22.626197595225054,22.61573798809006,0.0,0.0,0.7951958587648988,0.0,True,thermal_anomaly,1.0,0.7951958587648988,thermal_anomaly,0.7951958587648988,0.7951958587648988,49,thermal_anomaly,1.9696781589797,0.7951958587648988,abrupt,0.0,0.832599089248062,15861062,thermal_anomaly
15780.0,263.0,4.383333333333334,0,0.0,330.1095620926345,330.1095620926345,85.36258684761663,85.34719581195772,29.414503473904666,29.38073142754049,11.222680076360769,11.240259332431387,31.00495532907303,30.85930500093627,32.02554838005721,31.97462614180978,23.003821729181077,36.193109858238515,2502.7390523158633,2522.724796045938,2524.531131101542,9.318502806628603e-06,0.15023296257016572,0.14462293696727907,22.622759395398674,22.51241054225594,0.0,0.0,0.7951958587648988,0.0,True,thermal_anomaly,1.0,0.7951958587648988,thermal_anomaly,0.7951958587648988,0.7951958587648988,49,thermal_anomaly,1.9696781589797,0.7951958587648988,abrupt,0.0,0.832599089248062,15861062,thermal_anomaly
15840.0,264.0,4.4,0,0.0,330.9788696740969,330.9788696740969,84.87005876774447,84.81885577413081,29.394802350709778,29.413757770375803,11.259775307388825,11.21464949850476,31.044194047440683,31.05538616709515,32.04991316200041,32.00313837930024,23.07054107930413,36.28842047146953,2524.471741852423,2523.5982689491807,2518.896807363246,0.0005512257128852536,0.16378064282213134,0.16482741328646033,22.61937733842475,22.72623699335288,0.0,0.0,0.7951958587648988,0.0,True,thermal_anomaly,1.0,0.7951958587648988,thermal_anomaly,0.7951958587648988,0.7951958587648988,49,thermal_anomaly,1.9696781589797,0.7951958587648988,abrupt,0.0,0.832599089248062,15861062,thermal_anomaly
15900.0,265.0,4.416666666666667,0,0.0,332.6794919243112,332.6794919243112,84.37499999999994,84.26099632328194,29.374999999999996,29.370893192072703,11.325259299551021,11.311787278980264,31.083704051238104,31.161430930506548,32.07454893599245,32.162742919831594,23.188857737638834,36.47487616678228,2566.9872981077806,2545.292783528481,2545.68089428326,0.0010965022490355544,0.17741255622588886,0.1752158469690273,22.616071875239786,22.56798444979686,0.0,0.0,0.7951958587648988,0.0,True,thermal_anomaly,1.0,0.7951958587648988,thermal_anomaly,0.7951958587648988,0.7951958587648988,49,thermal_anomaly,1.9696781589797,0.7951958587648988,abrupt,0.0,0.832599089248062,15861062,thermal_anomaly
15960.0,266.0,4.433333333333334,0,0.0,335.13710349045203,335.13710349045203,83.87628407218678,83.73881628841211,29.355051362887473,29.32757231006503,11.416675765526124,11.423827979865289,31.123644497123934,31.231409270099505,32.099620560604336,32.05574644569363,23.355176724285606,36.744327935577914,2628.4275872613007,2586.860185394891,2590.8696368268756,0.0016213169101006175,0.19053292275251543,0.19187681653736907,22.612861137989317,22.693562186139864,0.0,0.0,0.7951958587648988,0.0,True,thermal_anomaly,1.0,0.7951958587648988,thermal_anomaly,0.7951958587648988,0.7951958587648988,49,thermal_anomaly,1.9696781589797,0.7951958587648988,abrupt,0.0,0.832599089248062,15861062,thermal_anomaly
16020.0,267.0,4.45,0,0.0,338.2442949541506,338.2442949541506,83.37294434755262,83.75163827305165,29.334917773902106,29.344986276357762,11.530432693255086,11.568486485825426,31.164155742734522,30.973933946498178,32.12526865212325,32.128806481401725,23.564008128968343,37.08499944258704,2706.107373853764,2646.483779624328,2653.174941469144,0.002102732777051836,0.20256831942629588,0.2011202940739612,22.6097601203715,22.662893370696022,0.0,0.0,0.7951958587648988,0.0,True,thermal_anomaly,1.0,0.7951958587648988,thermal_anomaly,0.7951958587648988,0.7951958587648988,49,thermal_anomaly,1.9696781589797,0.7951958587648988,abrupt,0.0,0.832599089248062,15861062,thermal_anomaly
16080.0,268.0,4.466666666666667,0,0.0,341.86526713848406,341.86526713848406,82.86421627145369,82.79326950131434,29.31456865085815,29.315490867573207,11.661957957156444,11.68375591810947,31.205353328700735,31.14769301353659,32.15160346067088,32.1061464212825,23.808038953032245,37.48200170823008,2796.6316784621013,2721.557729043214,2714.30792691529,0.00251970966641371,0.21299274166034274,0.21011476740590315,22.606779986006348,22.702620732683084,0.0,0.0,0.7951958587648988,0.0,True,thermal_anomaly,1.0,0.7951958587648988,thermal_anomaly,0.7951958587648988,0.7951958587648988,49,thermal_anomaly,1.9696781589797,0.7951958587648988,abrupt,0.0,0.832599089248062,15861062,thermal_anomaly
16140.0,269.0,4.483333333333333,0,0.0,345.8417661836447,345.8417661836447,82.34957078606136,82.11663157318134,29.293982831442456,29.311462533726534,11.805897756328248,11.814606879926394,31.247322454607158,31.267150904967327,32.178700073377954,32.28720176208436,24.07827562810359,37.91798382847019,2896.0441545911185,2808.800941817166,2808.1844011516246,0.0028540236872440033,0.2213505921811001,0.22393844551168854,22.603927540110472,22.61540530195015,0.0,0.0,0.7951958587648988,0.0,True,thermal_anomaly,1.0,0.7951958587648988,thermal_anomaly,0.7951958587648988,0.7951958587648988,49,thermal_anomaly,1.9696781589797,0.7951958587648988,abrupt,0.0,0.832599089248062,15861062,thermal_anomaly
16200.0,270.0,4.5,1,600.0,349.99999999999994,-250.00000000000006,82.72159459558517,82.59625339679789,29.308863783823405,29.346024515262133,-8.529842775344429,-8.524649590822154,31.280806194631026,31.315262413493585,32.21496127401566,32.17356858743919,18.748595303241125,38.37389129257859,2999.999999999999,2904.400470908583,2907.200155636751,0.003091063712615916,0.22727659281539792,0.22452240734269346,22.601204893335925,22.54869290214055,0.0,0.0,0.7951958587648988,0.0,True,thermal_anomaly,1.0,0.7951958587648988,thermal_anomaly,0.7951958587648988,0.7951958587648988,49,thermal_anomaly,1.9696781589797,0.7951958587648988,abrupt,0.0,0.832599089248062,15861062,thermal_anomaly
16260.0,271.0,4.516666666666667,1,601.2556165273943,354.15823381635516,-247.09738271103913,83.08929903414327,83.13224288148825,29.32357196136573,29.338660690268274,-8.42657855723013,-8.462558392237806,31.31371795519689,31.263112710319838,32.25198260680807,32.15923837237589,18.60851597596713,38.82979875668699,3103.955845408879,3004.1781581587306,3001.189861413171,0.003220469955976323,0.23051174889940806,0.23124927804668866,22.598609337951657,22.611096715904498,0.0,0.0,0.7951958587648988,0.0,True,thermal_anomaly,1.0,0.7951958587648988,thermal_anomaly,0.7951958587648988,0.7951958587648988,49,thermal_anomaly,1.9696781589797,0.7951958587648988,abrupt,0.0,0.832599089248062,15861062,thermal_anomaly
16320.0,272.0,4.533333333333333,1,602.5051158172813,358.134732861516,-244.3703829557653,83.45294543735125,83.32346862990458,29.33811781749405,29.331189231898065,-8.32944991481524,-8.357616027349476,31.346092464451168,31.482761400843902,32.28972104138913,32.19473961330392,18.478316752146732,39.26578087692712,3203.3683215379,3103.7732398483154,3104.9987256235777,0.0032365867435303767,0.2309146685882594,0.22305476653550022,22.596133446035566,22.61474113895852,0.0,0.0,0.7951958587648988,0.0,True,thermal_anomaly,1.0,0.7951958587648988,thermal_anomaly,0.7951958587648988,0.7951958587648988,49,thermal_anomaly,1.9696781589797,0.7951958587648988,abrupt,0.0,0.832599089248062,15861062,thermal_anomaly
16380.0,273.0,4.55,1,603.7424104347197,361.75570504584937,-241.9867053888703,83.81304470132278,83.53923409143833,29.35252178805291,29.335985936656588,-8.24415384600324,-8.27721812144648,31.37798842845657,31.315118424532816,32.32809561836992,32.50797374119914,18.365223692399084,39.66278314257014,3293.8926261462343,3198.832932997275,3193.3642601011684,0.0031387096943249967,0.2284677423581249,0.22797704907756766,22.593765387675813,22.547587212572548,0.0,0.0,0.7951958587648988,0.0,True,thermal_anomaly,1.0,0.7951958587648988,thermal_anomaly,0.7951958587648988,0.7951958587648988,49,thermal_anomaly,1.9696781589797,0.7951958587648988,abrupt,0.0,0.832599089248062,15861062,thermal_anomaly
16440.0,274.0,4.566666666666666,1,604.961472404706,364.8628965095478,-240.0985758951582,84.1703342487858,84.12177177497658,29.366813369951434,29.335418040013014,-8.17584709891713,-8.191226539045664,31.409485232922716,31.52314249653696,32.36699101521143,32.46062271240319,18.275495944263213,40.00345464957926,3371.5724127386957,3285.202672867985,3285.4470665165964,0.0029311165050767297,0.22327791262691823,0.21976409181866638,22.591489455202225,22.546636376024466,0.0,0.0,0.7951958587648988,0.0,True,thermal_anomaly,1.0,0.7951958587648988,thermal_anomaly,0.7951958587648988,0.7951958587648988,49,thermal_anomaly,1.9696781589797,0.7951958587648988,abrupt,0.0,0.832599089248062,15861062,thermal_anomaly
16500.0,275.0,4.583333333333333,1,606.1563625798619,367.32050807568874,-238.8358545041732,84.52574474655987,84.43739940107366,29.381029789862396,29.364369524728506,-8.128913663420365,-8.090707487775882,31.440679159041235,31.31627175870046,32.40626261381657,32.445326712437584,18.214276869260868,40.27290641837491,3433.0127018922185,3359.107687380102,3353.7158779452748,0.0026228799942983206,0.215571999857458,0.212625406948084,22.58928676811425,22.675299099895923,0.0,0.0,0.7951958587648988,0.0,True,thermal_anomaly,1.0,0.7951958587648988,thermal_anomaly,0.7951958587648988,0.7951958587648988,49,thermal_anomaly,1.9696781589797,0.7951958587648988,abrupt,0.0,0.832599089248062,15861062,thermal_anomaly
16560.0,276.0,4.6,1,607.3212595753644,369.0211303259031,-238.3001292494613,84.88035803413348,84.82140631424801,29.395214321365337,29.366209771632953,-8.106766177794373,-8.063187955748406,31.471679332751258,31.46939878238024,32.44574284836387,32.386532047079726,18.185510510387946,40.45936211368767,3475.5282581475763,3417.3179727638394,3417.1869992135166,0.002227471576593643,0.20568678941484106,0.2029354943168322,22.5871361235433,22.517617182420008,0.0,0.0,0.7951958587648988,0.0,True,thermal_anomaly,1.0,0.7951958587648988,thermal_anomaly,0.7951958587648988,0.7951958587648988,49,thermal_anomaly,1.9696781589797,0.7951958587648988,abrupt,0.0,0.832599089248062,15861062,thermal_anomaly
16620.0,277.0,4.616666666666666,1,608.450488130146,369.8904379073655,-238.56005022278055,85.23535810886975,85.20248639243658,29.409414324354792,29.43618997821445,-8.111689936824822,-8.066310628278652,31.502603544646075,31.67027069240691,32.48524855595252,32.54689086908102,18.19189897196829,40.554672726918675,3497.2609476841367,3457.2894602239876,3456.1918753146488,0.0017621724971965131,0.19405431242991283,0.19274483452481841,22.585014949548377,22.693503650245052,0.0,0.0,0.7951958587648988,0.0,True,thermal_anomaly,1.0,0.7951958587648988,thermal_anomaly,0.7951958587648988,0.7951958587648988,49,thermal_anomaly,1.9696781589797,0.7951958587648988,abrupt,0.0,0.832599089248062,15861062,thermal_anomaly
16680.0,278.0,4.633333333333334,1,609.5385467561977,369.8904379073655,-239.64810884883218,85.59197731846623,85.6279449680788,29.42367909273865,29.402445541223532,-8.1447363565073,-8.14029795615221,31.533573995951254,31.535038777726857,32.52458900880081,32.5551085377543,18.23487630683443,40.554672726918675,3497.2609476841367,3477.2752039540624,3475.043826110256,0.0012473185586292885,0.18118296396573222,0.17844864025448764,22.582900313827338,22.569605041288526,0.0,0.0,0.7951958587648988,0.0,True,thermal_anomaly,1.0,0.7951958587648988,thermal_anomaly,0.7951958587648988,0.7951958587648988,49,thermal_anomaly,1.9696781589797,0.7951958587648988,abrupt,0.0,0.832599089248062,15861062,thermal_anomaly
16740.0,279.0,4.65,1,610.5801345412646,369.0211303259031,-241.55900421536148,85.95144012235814,85.92686557436508,29.438057604894325,29.403221897974316,-8.205670613783983,-8.211073350042033,31.564712963791884,31.521378015438753,32.56357427695275,32.659671354444065,18.314580299226925,40.45936211368767,3475.5282581475767,3476.4017310508193,3473.2445892396727,0.0007054113485506565,0.1676352837137664,0.17263083769300286,22.580769938777138,22.654215694232995,0.0,0.0,0.7951958587648988,0.0,True,thermal_anomaly,1.0,0.7951958587648988,thermal_anomaly,0.7951958587648988,0.7951958587648988,49,thermal_anomaly,1.9696781589797,0.7951958587648988,abrupt,0.0,0.832599089248062,15861062,thermal_anomaly
16800.0,280.0,4.666666666666667,1,611.5701769743577,367.3205080756888,-244.24966889866886,86.3149068915526,86.50392673756768,29.452596275662103,29.47560122697953,-8.29297582503796,-8.319807141757606,31.596138350923983,31.578322279536092,32.602023556003026,32.53338586009946,18.429813724246607,40.272906418374916,3433.0127018922203,3454.70721647152,3449.70748079315,0.00016013481240036989,0.15400337031000924,0.14831536078102026,22.578603175192807,22.574412734013094,0.0,0.0,0.7951958587648988,0.0,True,thermal_anomaly,1.0,0.7951958587648988,thermal_anomaly,0.7951958587648988,0.7951958587648988,49,thermal_anomaly,1.9696781589797,0.7951958587648988,abrupt,0.0,0.832599089248062,15861062,thermal_anomaly
16860.0,281.0,4.683333333333334,1,612.503850668262,364.8628965095479,-247.64095415871407,86.68342021619354,87.11362356039389,29.46733680864774,29.438045212859016,-8.403913654186734,-8.415213884030303,31.627959098461666,31.698363845498882,32.63977309587918,32.76408927927698,18.57799905803558,40.003454649579275,3371.5724127386984,3413.139814605109,3409.789490900678,-0.00036467984866471426,0.15911699621661785,0.16037239301911493,22.57643112269492,22.61947867621355,0.0,0.0,0.7951958587648988,0.0,True,thermal_anomaly,1.0,0.7951958587648988,thermal_anomaly,0.7951958587648988,0.7951958587648988,49,thermal_anomaly,1.9696781589797,0.7951958587648988,abrupt,0.0,0.832599089248062,15861062,thermal_anomaly
16920.0,282.0,4.7,1,613.376606858593,361.7557050458495,-251.62090181274357,87.0578560819863,87.41958532693639,29.482314243279454,29.48404175546736,-8.534638757881803,-8.556493059249698,31.660270493335588,31.673523961826287,32.676683384155645,32.87643269371712,18.75514257967654,39.662783142570156,3293.8926261462375,3353.5162203756736,3354.9799146056976,-0.0008460957156159045,0.1711523928903976,0.1799437841792443,22.57425432232752,22.55290565262927,0.0,0.0,0.7951958587648988,0.0,True,thermal_anomaly,1.0,0.7951958587648988,thermal_anomaly,0.7951958587648988,0.7951958587648988,49,thermal_anomaly,1.9696781589797,0.7951958587648988,abrupt,0.0,0.832599089248062,15861062,thermal_anomaly
16980.0,283.0,4.716666666666667,1,614.184193564921,358.134732861516,-256.049460703405,87.4388820651759,87.33012224799924,29.497555282607035,29.4777320249572,-8.680362092731874,-8.724001853421713,31.693149485123794,31.639731877482756,32.712645269954855,32.739335401014145,18.9558327663484,39.26578087692712,3203.3683215379006,3278.442270956787,3281.180194709692,-0.0012630726049777854,0.18157681512444462,0.180145658422824,22.572052637564546,22.52294421406613,0.0,0.0,0.7951958587648988,0.0,True,thermal_anomaly,1.0,0.7951958587648988,thermal_anomaly,0.7951958587648988,0.7951958587648988,49,thermal_anomaly,1.9696781589797,0.7951958587648988,abrupt,0.0,0.832599089248062,15861062,thermal_anomaly
17040.0,284.0,4.733333333333333,1,614.9226763059908,354.15823381635533,-260.7644424896354,87.82692439030927,87.92051882474406,29.51307697561237,29.518067221414654,-8.835555936953428,-8.797644678734237,31.726650222526224,31.797669155342305,32.747584760791966,32.75100501798185,19.17330177867612,38.829798756687005,3103.9558454088833,3191.199058182836,3191.3757870616764,-0.001597386625808086,0.18993466564520214,0.19096563776593323,22.56980787602788,22.615757073727178,0.0,0.0,0.7951958587648988,0.0,True,thermal_anomaly,1.0,0.7951958587648988,thermal_anomaly,0.7951958587648988,0.7951958587648988,49,thermal_anomaly,1.9696781589797,0.7951958587648988,abrupt,0.0,0.832599089248062,15861062,thermal_anomaly
17100.0,285.0,4.75,1,615.5884572681198,350.0000000000001,-265.58845726811967,88.22214530886303,88.49785655225173,29.52888581235452,29.570674177464085,-8.994191618195115,-9.025844178609026,31.760800107342384,31.75781711093993,32.78146628271858,32.77599040077137,19.399576510658385,38.373891292578605,3000.0000000000027,3095.5995290914193,3096.7376694245836,-0.0018344266511799848,0.1958606662794996,0.1946199097934732,22.567504546352456,22.50755723892249,0.0,0.0,0.7951958587648988,0.0,True,thermal_anomaly,1.0,0.7951958587648988,thermal_anomaly,0.7951958587648988,0.7951958587648988,49,thermal_anomaly,1.9696781589797,0.7951958587648988,abrupt,0.0,0.832599089248062,15861062,thermal_anomaly
17160.0,286.0,4.766666666666667,1,616.1782928333851,345.8417661836448,-270.3365266497403,88.62443180685372,88.36501575095643,29.54497727227415,29.57973167876165,-9.1499994790462,-9.163579823815407,31.79559672259258,31.84060060501336,32.81429426128201,32.812810449177746,19.62573711879714,37.9179838284702,2896.044154591119,2995.8218418412694,3000.4167231539836,-0.0019638328945404556,0.1990958223635114,0.19659155975965237,22.56513050416797,22.617169904008602,0.0,0.0,0.7951958587648988,0.0,True,thermal_anomaly,1.0,0.7951958587648988,thermal_anomaly,0.7951958587648988,0.7951958587648988,49,thermal_anomaly,1.9696781589797,0.7951958587648988,abrupt,0.0,0.832599089248062,15861062,thermal_anomaly
17220.0,287.0,4.783333333333333,1,616.6893093822022,341.86526713848406,-274.8240422437181,89.03339615543068,88.89018569860673,29.561335846217226,29.557476708230357,-9.296739622099507,-9.281590348913802,31.83100600450147,31.86150908342977,32.84611295420495,32.79891344562359,19.842287289562673,37.48200170823008,2796.6316784621017,2896.226760151685,2899.249115930428,-0.001979949682094438,0.19949874205236096,0.19597818014203067,22.562677463221174,22.5597458639712,0.0,0.0,0.7951958587648988,0.0,True,thermal_anomaly,1.0,0.7951958587648988,thermal_anomaly,0.7951958587648988,0.7951958587648988,49,thermal_anomaly,1.9696781589797,0.7951958587648988,abrupt,0.0,0.832599089248062,15861062,thermal_anomaly
17280.0,288.0,4.8,1,617.1190172933127,338.2442949541506,-278.87472233916213,89.44838830176872,89.58406733140819,29.57793553207075,29.602506242462308,-9.42847150494273,-9.386203036966505,31.86696198566876,31.91045776178965,32.87700454309887,32.95659732655158,20.039623875034845,37.08499944258704,2706.1073738537643,2801.1670670027247,2805.4419390462294,-0.0018820726328891012,0.19705181582222753,0.19561736828467724,22.56014135159038,22.560289400394343,0.0,0.0,0.7951958587648988,0.0,True,thermal_anomaly,1.0,0.7951958587648988,thermal_anomaly,0.7951958587648988,0.7951958587648988,49,thermal_anomaly,1.9696781589797,0.7951958587648988,abrupt,0.0,0.832599089248062,15861062,thermal_anomaly
17340.0,289.0,4.816666666666666,1,617.465323072968,335.13710349045215,-282.3282195825158,89.86851958090936,89.76782413566956,29.594740783236375,29.610907577730053,-9.539810524119801,-9.531245885351725,31.90336833829716,31.735623131484118,32.90708556761271,32.95585581184654,20.208576668362035,36.74432793557792,2628.4275872613034,2714.797327132014,2712.6106975353164,-0.0016744794436408194,0.19186198609102048,0.19261888014650277,22.557522497351798,22.50046227505616,0.0,0.0,0.7951958587648988,0.0,True,thermal_anomaly,1.0,0.7951958587648988,thermal_anomaly,0.7951958587648988,0.7951958587648988,49,thermal_anomaly,1.9696781589797,0.7951958587648988,abrupt,0.0,0.832599089248062,15861062,thermal_anomaly
17400.0,290.0,4.833333333333333,1,617.7265395542198,332.6794919243112,-285.0470476299086,90.29269673512054,90.28966927151184,29.61170786940482,29.621711179372497,-9.626160331144652,-9.609342740224005,31.94010180089677,31.778075656049396,32.936501857862226,32.84849359804923,20.340974899145714,36.47487616678228,2566.9872981077806,2640.8923126198974,2638.9180300087087,-0.0013662429328623966,0.18415607332155992,0.18278772661173057,22.55482563316095,22.577981053284812,0.0,0.0,0.7951958587648988,0.0,True,thermal_anomaly,1.0,0.7951958587648988,thermal_anomaly,0.7951958587648988,0.7951958587648988,49,thermal_anomaly,1.9696781589797,0.7951958587648988,abrupt,0.0,0.832599089248062,15861062,thermal_anomaly
17460.0,291.0,4.85,1,617.9013941166289,330.978869674097,-286.92252444253194,90.71966477744574,90.78081556483386,29.62878659109783,29.658440292246127,-9.68391073189409,-9.679090504333605,31.97701739694917,31.995010684994643,32.965422186617616,33.1905990028231,20.430188046536962,36.28842047146953,2524.471741852424,2582.682027236161,2579.599765335211,-0.0009708345151577046,0.1742708628789426,0.17088437783370122,22.552059715195682,22.48168942866934,0.0,0.0,0.7951958587648988,0.0,True,thermal_anomaly,1.0,0.7951958587648988,thermal_anomaly,0.7951958587648988,0.7951958587648988,49,thermal_anomaly,1.9696781589797,0.7951958587648988,abrupt,0.0,0.832599089248062,15861062,thermal_anomaly
17520.0,292.0,4.866666666666666,1,617.9890348863438,330.1095620926345,-287.8794727937093,91.14805685005543,91.05002426220499,29.645922274002217,29.61434345471069,-9.710592577724025,-9.700341888925424,32.01395517286263,31.972695612859475,32.99403091867967,32.82844064744184,20.471586538317396,36.193109858238515,2502.739052315864,2542.710539776012,2547.6526853206406,-0.0005055354357605887,0.16263838589401472,0.15962265775224774,22.549237558841924,22.56625221066493,0.0,0.0,0.7951958587648988,0.0,True,thermal_anomaly,1.0,0.7951958587648988,thermal_anomaly,0.7951958587648988,0.7951958587648988,49,thermal_anomaly,1.9696781589797,0.7951958587648988,abrupt,0.0,0.832599089248062,15861062,thermal_anomaly
17580.0,293.0,4.883333333333334,1,617.9890348863438,330.1095620926345,-287.8794727937093,91.57644892266512,91.57133811858412,29.663057956906606,29.68327480452403,-9.704982986310108,-9.702406311794666,32.0507480204942,32.200900507559446,33.022519978702476,33.034469036540784,20.462873462638974,36.193109858238515,2502.739052315864,2522.724796045938,2525.6731390325563,9.318502806635758e-06,0.15023296257016588,0.14900865313028674,22.54637655928842,22.620368027131647,0.0,0.0,0.7951958587648988,0.0,True,thermal_anomaly,1.0,0.7951958587648988,thermal_anomaly,0.7951958587648988,0.7951958587648988,49,thermal_anomaly,1.9696781589797,0.7951958587648988,abrupt,0.0,0.832599089248062,15861062,thermal_anomaly
17640.0,294.0,4.9,1,617.9013941166289,330.9788696740969,-286.922524442532,92.00341696499031,92.04017016199641,29.680136678599613,29.653516673817077,-9.667156440334484,-9.662833448427087,32.087230029812844,32.047094331212904,33.05108048850781,32.96091034077599,20.404250972825523,36.28842047146953,2524.471741852423,2523.5982689491807,2525.544292765927,0.0005512257128852536,0.16378064282213134,0.16766854621817281,22.543567373585326,22.479141561536427,0.0,0.0,0.7951958587648988,0.0,True,thermal_anomaly,1.0,0.7951958587648988,thermal_anomaly,0.7951958587648988,0.7951958587648988,49,thermal_anomaly,1.9696781589797,0.7951958587648988,abrupt,0.0,0.832599089248062,15861062,thermal_anomaly
17700.0,295.0,4.916666666666667,1,617.7265395542198,332.6794919243112,-285.0470476299086,92.4275941192015,92.29813729268939,29.69710376476806,29.680956871166547,-9.598479699831257,-9.570249465849708,32.123244757351046,32.197907523053395,33.0798944393811,33.04367414563624,20.2984028853193,36.47487616678228,2566.9872981077806,2545.292783528481,2547.0444484412337,0.0010965022490355544,0.17741255622588886,0.1759920978391847,22.540830485136656,22.50256555817395,0.0,0.0,0.7951958587648988,0.0,True,thermal_anomaly,1.0,0.7951958587648988,thermal_anomaly,0.7951958587648988,0.7951958587648988,49,thermal_anomaly,1.9696781589797,0.7951958587648988,abrupt,0.0,0.832599089248062,15861062,thermal_anomaly
17760.0,296.0,4.933333333333334,1,617.465323072968,335.1371034904521,-282.3282195825159,92.84772539834213,92.74418004015713,29.713909015933687,29.666733519872917,-9.501550921190516,-9.502093418494601,32.158652804697226,32.085413767932074,33.109126763310165,33.15935414585783,20.15029547411159,36.74432793557792,2628.427587261303,2586.860185394892,2588.5284954314525,0.001621316910100646,0.19053292275251615,0.18839035794358375,22.53818405831196,22.536694896123795,0.0,0.0,0.7951958587648988,0.0,True,thermal_anomaly,1.0,0.7951958587648988,thermal_anomaly,0.7951958587648988,0.7951958587648988,49,thermal_anomaly,1.9696781589797,0.7951958587648988,abrupt,0.0,0.832599089248062,15861062,thermal_anomaly
17820.0,297.0,4.95,1,617.1190172933127,338.2442949541506,-278.87472233916213,93.26271754468019,93.32411963358072,29.73050870178721,29.735365320600593,-9.38008579457633,-9.344871025441025,32.19333817711825,32.265072409319295,33.13891814969188,33.16783253293258,19.966818642562494,37.08499944258704,2706.107373853764,2646.4837796243282,2651.567288411974,0.002102732777051822,0.20256831942629555,0.20384604144436747,22.53564311879172,22.49511044202803,0.0,0.0,0.7951958587648988,0.0,True,thermal_anomaly,1.0,0.7951958587648988,thermal_anomaly,0.7951958587648988,0.7951958587648988,49,thermal_anomaly,1.9696781589797,0.7951958587648988,abrupt,0.0,0.832599089248062,15861062,thermal_anomaly
17880.0,298.0,4.966666666666667,1,616.6893093822022,341.8652671384839,-274.8240422437183,93.67168189325714,93.64367264564872,29.746867275730285,29.735095967830443,-9.238755788847058,-9.219226204254099,32.22721302436694,32.09065839672646,33.1693789214518,33.29110551340228,19.756306563549884,37.482001708230065,2796.6316784620976,2721.557729043213,2721.1015576985446,0.00251970966641366,0.2129927416603415,0.2136859724367391,22.533218861938416,22.470757297983003,0.0,0.0,0.7951958587648988,0.0,True,thermal_anomaly,1.0,0.7951958587648988,thermal_anomaly,0.7951958587648988,0.7951958587648988,49,thermal_anomaly,1.9696781589797,0.7951958587648988,abrupt,0.0,0.832599089248062,15861062,thermal_anomaly
17940.0,299.0,4.983333333333333,1,616.1782928333851,345.8417661836447,-270.33652664974034,94.07396839124782,94.0027683031706,29.762958735649914,29.718216576965535,-9.082985634957478,-9.099206147600272,32.2602205347682,32.217032601683925,33.20058423822,33.27244418991704,19.527988125060993,37.91798382847019,2896.0441545911185,2808.800941817166,2806.400557390429,0.0028540236872440176,0.22135059218110043,0.2296301107981962,22.53091812447305,22.54436946355943,0.0,0.0,0.7951958587648988,0.0,True,thermal_anomaly,1.0,0.7951958587648988,thermal_anomaly,0.7951958587648988,0.7951958587648988,49,thermal_anomaly,1.9696781589797,0.7951958587648988,abrupt,0.0,0.832599089248062,15861062,thermal_anomaly
18000.0,300.0,5.0,1,615.5884572681198,349.99999999999994,-265.58845726811984,94.46918930980158,94.34496323543908,29.778767572392063,29.784309802444564,-8.918718903409127,-8.947933513715991,32.29233593589732,32.40166711103483,33.23257083620787,33.10875135586242,19.291421631715668,38.37389129257859,2999.9999999999986,2904.4004709085825,2916.5683185488783,0.0030910637126159092,0.22727659281539772,0.22680380143149753,22.528743048315786,22.544295882321332,0.0,0.0,0.7951958587648988,0.0,True,thermal_anomaly,1.0,0.7951958587648988,thermal_anomaly,0.7951958587648988,0.7951958587648988,49,thermal_anomaly,1.9696781589797,0.7951958587648988,abrupt,0.0,0.832599089248062,15861062,thermal_anomaly
18060.0,301.0,5.016666666666667,1,614.9226763059908,354.15823381635516,-260.7644424896356,94.85723163493495,94.7644173603934,29.7942892653974,29.797601222755237,-8.752161871251051,-8.773536736357343,32.32356572568668,32.527945404539736,33.26533544726928,33.29429377267422,19.05596487511994,38.82979875668699,3103.955845408879,3004.1781581587306,3003.863137740607,0.0032204699559763303,0.23051174889940823,0.2419451633147642,22.52669095676917,22.53567097449872,0.0,0.0,0.7951958587648988,0.0,True,thermal_anomaly,1.0,0.7951958587648988,thermal_anomaly,0.7951958587648988,0.7951958587648988,49,thermal_anomaly,1.9696781589797,0.7951958587648988,abrupt,0.0,0.832599089248062,15861062,thermal_anomaly
18120.0,302.0,5.033333333333333,1,614.184193564921,358.1347328615159,-256.0494607034051,95.23825761812455,95.23255517108407,29.80953030472498,29.80527454638824,-8.589516778223768,-8.625235928635583,32.353945394698954,32.21487174041734,33.29883496624122,33.33201113832929,18.830321760144493,39.2657808769271,3203.368321537897,3103.773239848314,3103.459322769659,0.003236586743530341,0.23091466858825851,0.23174932566263537,22.52475445271195,22.71064337378965,0.0,0.0,0.7951958587648988,0.0,True,thermal_anomaly,1.0,0.7951958587648988,thermal_anomaly,0.7951958587648988,0.7951958587648988,49,thermal_anomaly,1.9696781589797,0.7951958587648988,abrupt,0.0,0.832599089248062,15861062,thermal_anomaly
18180.0,303.0,5.05,1,613.376606858593,361.75570504584937,-251.62090181274368,95.61269348391733,95.66346779506485,29.824507739356694,29.84015112675693,-8.436716005900825,-8.449752413180752,32.38353598799187,32.205524132769476,33.332988359250706,33.40342557782474,18.622192038611338,39.66278314257014,3293.8926261462343,3198.8329329972744,3196.3409421632005,0.0031387096943250115,0.22846774235812528,0.23203898483570046,22.52292173680212,22.483164624145317,0.0,0.0,0.7951958587648988,0.0,True,thermal_anomaly,1.0,0.7951958587648988,thermal_anomaly,0.7951958587648988,0.7951958587648988,49,thermal_anomaly,1.9696781589797,0.7951958587648988,abrupt,0.0,0.832599089248062,15861062,thermal_anomaly
18240.0,304.0,5.066666666666666,1,612.503850668262,364.8628965095479,-247.64095415871407,95.98120680855826,95.84381942050668,29.83924827234233,29.86927583076771,-8.299168661974964,-8.28949053904197,32.41241988647129,32.316571590109625,33.36768022958621,33.3573074482127,18.43803391986607,40.003454649579275,3371.572412738698,3285.202672867986,3290.0688783319097,0.002931116505076772,0.22327791262691932,0.2256358577882962,22.521177131710086,22.52573915846697,0.0,0.0,0.7951958587648988,0.0,True,thermal_anomaly,1.0,0.7951958587648988,thermal_anomaly,0.7951958587648988,0.7951958587648988,49,thermal_anomaly,1.9696781589797,0.7951958587648988,abrupt,0.0,0.832599089248062,15861062,thermal_anomaly
18300.0,305.0,5.083333333333333,1,611.5701769743577,367.32050807568874,-244.24966889866892,96.3446735777527,96.25998278410167,29.85378694311011,29.858136771956467,-8.181530516182598,-8.186986231922416,32.440696165271696,32.28395149946749,33.402765885288424,33.31752393584899,18.28293320845165,40.27290641837491,3433.0127018922185,3359.1076873801026,3359.6549632449137,0.0026228799942983067,0.21557199985745767,0.21759256267064928,22.5195017870483,22.505481942519367,0.0,0.0,0.7951958587648988,0.0,True,thermal_anomaly,1.0,0.7951958587648988,thermal_anomaly,0.7951958587648988,0.7951958587648988,49,thermal_anomaly,1.9696781589797,0.7951958587648988,abrupt,0.0,0.832599089248062,15861062,thermal_anomaly
18360.0,306.0,5.1,1,610.5801345412646,369.021130325903,-241.55900421536154,96.70413638164462,96.7042555699044,29.868165455265785,29.901096548614184,-8.087507234990706,-8.068347766926244,32.46847582149694,32.44836688845028,33.4380776869826,33.37890052671108,18.160559743555645,40.45936211368766,3475.5282581475753,3417.317972763839,3418.853495749795,0.002227471576593615,0.20568678941484037,0.21433142695115157,22.517874529835343,22.505953582922267,0.0,0.0,0.7951958587648988,0.0,True,thermal_anomaly,1.0,0.7951958587648988,thermal_anomaly,0.7951958587648988,0.7951958587648988,49,thermal_anomaly,1.9696781589797,0.7951958587648988,abrupt,0.0,0.832599089248062,15861062,thermal_anomaly
18420.0,307.0,5.116666666666666,1,609.5385467561977,369.8904379073655,-239.64810884883218,97.0607555912411,97.31187052900964,29.882430223649642,29.87267834187556,-8.019699437268967,-8.016608387029557,32.49587707295831,32.37231332419096,33.473432398522355,33.51651386823321,18.073184206604058,40.554672726918675,3497.260947684137,3457.2894602239876,3452.6437563205595,0.0017621724971965272,0.19405431242991317,0.19240348095908466,22.51627281779323,22.48078086898131,0.0,0.0,0.7951958587648988,0.0,True,thermal_anomaly,1.0,0.7951958587648988,thermal_anomaly,0.7951958587648988,0.7951958587648988,49,thermal_anomaly,1.9696781589797,0.7951958587648988,abrupt,0.0,0.832599089248062,15861062,thermal_anomaly
18480.0,308.0,5.133333333333334,1,608.450488130146,369.8904379073655,-238.56005022278055,97.41575566597737,97.16000146311038,29.896630226639097,29.899579752343993,-7.979496298222064,-7.966364447122422,32.523020833842104,32.475503868938894,33.508639219186776,33.55988230153125,18.021726775340653,40.554672726918675,3497.260947684137,3477.2752039540624,3483.5328182507374,0.001247318558629296,0.18118296396573239,0.1908081993748555,22.514673748060353,22.53586559345014,0.0,0.0,0.7951958587648988,0.0,True,thermal_anomaly,1.0,0.7951958587648988,thermal_anomaly,0.7951958587648988,0.7951958587648988,49,thermal_anomaly,1.9696781589797,0.7951958587648988,abrupt,0.0,0.832599089248062,15861062,thermal_anomaly
18540.0,309.0,5.15,1,607.3212595753644,369.02113032590313,-238.30012924946124,97.77036895355099,97.97326102655782,29.91081475814204,29.909561327553465,-7.967022335444521,-7.9650061524557145,32.55002639240179,32.51095022510754,33.54350814638578,33.60345864144816,18.005813472951232,40.459362113687675,3475.5282581475776,3476.40173105082,3480.1077258554865,0.0007054113485506708,0.16763528371376676,0.16581949691245546,22.513055072253405,22.466027308297544,0.0,0.0,0.7951958587648988,0.0,True,thermal_anomaly,1.0,0.7951958587648988,thermal_anomaly,0.7951958587648988,0.7951958587648988,49,thermal_anomaly,1.9696781589797,0.7951958587648988,abrupt,0.0,0.832599089248062,15861062,thermal_anomaly
18600.0,310.0,5.166666666666667,1,606.156362579862,367.32050807568885,-238.8358545041732,98.12577945132504,97.95748559301992,29.925031178053,29.931046032644538,-7.9811397048546855,-8.011950488447948,32.57700726551875,32.48029595584004,33.57785830338381,33.61670248548772,18.023825160546117,40.27290641837492,3433.0127018922203,3454.7072164715205,3456.573947175907,0.00016013481240036295,0.15400337031000907,0.1517458570386412,22.511396170168002,22.58707152173479,0.0,0.0,0.7951958587648988,0.0,True,thermal_anomaly,1.0,0.7951958587648988,thermal_anomaly,0.7951958587648988,0.7951958587648988,49,thermal_anomaly,1.9696781589797,0.7951958587648988,abrupt,0.0,0.832599089248062,15861062,thermal_anomaly
18660.0,311.0,5.183333333333334,1,604.961472404706,364.8628965095479,-240.0985758951581,98.4830689987881,98.98488676408576,29.939322759951523,29.934280236387504,-8.019505912683071,-8.064601595701374,32.604067194105234,32.55083087808452,33.61152586808071,33.70753786288042,18.07293588815818,40.003454649579275,3371.5724127386984,3413.139814605109,3414.256000230897,-0.0003646798486647213,0.15911699621661804,0.1577162797632444,22.5097281702078,22.363460712706612,0.0,0.0,0.7951958587648988,0.0,True,thermal_anomaly,1.0,0.7951958587648988,thermal_anomaly,0.7951958587648988,0.7951958587648988,49,thermal_anomaly,1.9696781589797,0.7951958587648988,abrupt,0.0,0.832599089248062,15861062,thermal_anomaly
18720.0,312.0,5.2,1,603.7424104347197,361.7557050458495,-241.98670538887018,98.84316826275963,98.97541825025972,29.953726730510386,30.00500893626148,-8.07868441766835,-8.08228734591647,32.63129627220533,32.593804794953606,33.64437125632452,33.66630971658585,18.149149235095678,39.662783142570156,3293.8926261462375,3353.5162203756736,3356.628779200297,-0.0008460957156159045,0.1711523928903976,0.17726515235490853,22.508051641984054,22.44780309064323,0.0,0.0,0.7951958587648988,0.0,True,thermal_anomaly,1.0,0.7951958587648988,thermal_anomaly,0.7951958587648988,0.7951958587648988,49,thermal_anomaly,1.9696781589797,0.7951958587648988,abrupt,0.0,0.832599089248062,15861062,thermal_anomaly
18780.0,313.0,5.216666666666667,1,602.5051158172813,358.13473286151606,-244.37038295576525,99.20681466596761,99.18276649147876,29.968272586638705,29.95894438895135,-8.154303263536027,-8.15580602520771,32.65876726326893,32.65022445057416,33.6762852458113,33.56121504268451,18.247350818570627,39.265780876927124,3203.3683215379006,3278.442270956787,3274.851633095584,-0.0012630726049777854,0.18157681512444462,0.17785962932147253,22.506346477323657,22.53621862663037,0.0,0.0,0.7951958587648988,0.0,True,thermal_anomaly,1.0,0.7951958587648988,thermal_anomaly,0.7951958587648988,0.7951958587648988,49,thermal_anomaly,1.9696781589797,0.7951958587648988,abrupt,0.0,0.832599089248062,15861062,thermal_anomaly
18840.0,314.0,5.233333333333333,1,601.2556165273943,354.15823381635516,-247.09738271103913,99.5745191045257,99.61097923534497,29.98298076418103,29.99931245996859,-8.24125475230376,-8.271542225174061,32.68653223457977,32.679827827667665,33.70719377292864,33.5696392711901,18.36140027286303,38.82979875668699,3103.9558454088797,3191.199058182833,3204.7061260215974,-0.0015973866258081285,0.1899346656452032,0.1997641603724037,22.504594511988795,22.48852599244757,0.0,0.0,0.7951958587648988,0.0,True,thermal_anomaly,1.0,0.7951958587648988,thermal_anomaly,0.7951958587648988,0.7951958587648988,49,thermal_anomaly,1.9696781589797,0.7951958587648988,abrupt,0.0,0.832599089248062,15861062,thermal_anomaly
18900.0,315.0,5.25,1,600.0,350.0,-250.0,99.94654291404952,99.95500408795962,29.99786171656198,30.02091869299839,-8.333927343293727,-8.297123776461293,32.71461971633973,32.83381800829742,33.73706119289809,33.691268953365444,18.48428547853739,38.3738912925786,2999.9999999999995,3095.5995290914166,3101.49139939614,-0.0018344266511799994,0.19586066627949997,0.19306061350623824,22.502780282543664,22.44638180764327,0.0,0.0,0.7951958587648988,0.0,True,thermal_anomaly,1.0,0.7951958587648988,thermal_anomaly,0.7951958587648988,0.7951958587648988,49,thermal_anomaly,1.9696781589797,0.7951958587648988,abrupt,0.0,0.832599089248062,15861062,thermal_anomaly
18960.0,316.0,5.266666666666667,1,598.7443834726058,345.8417661836448,-252.90261728896104,100.0,99.86159267293876,30.0,29.987229315937814,-8.430087242965367,-8.43883972046776,32.7430489529757,32.634814759818575,33.76589186073319,33.774842109562115,18.613247555394075,37.9179838284702,2896.0441545911194,2995.821841841268,2992.3993897231408,-0.0019638328945404135,0.19909582236351034,0.19521788261026427,22.500891672337747,22.571858990547458,0.0,0.0,0.7951958587648988,0.0,True,thermal_anomaly,1.0,0.7951958587648988,thermal_anomaly,0.7951958587648988,0.7951958587648988,49,thermal_anomaly,1.9696781589797,0.7951958587648988,abrupt,0.0,0.832599089248062,15861062,thermal_anomaly
19020.0,317.0,5.283333333333333,1,597.4948841827189,341.86526713848417,-255.62961704423475,100.0,99.96895064062521,30.0,30.056371271007706,-8.520987234807825,-8.47895560403213,32.771799892720786,32.65265802193865,33.79372996391794,33.92535448703142,18.736515757934114,37.482001708230094,2796.631678462105,2896.226760151687,2895.715973677865,-0.001979949682094374,0.19949874205235935,0.19597554528646577,22.498920422629677,22.396849566268564,0.0,0.0,0.7951958587648988,0.0,True,thermal_anomaly,1.0,0.7951958587648988,thermal_anomaly,0.7951958587648988,0.7951958587648988,49,thermal_anomaly,1.9696781589797,0.7951958587648988,abrupt,0.0,0.832599089248062,15861062,thermal_anomaly
19080.0,318.0,5.3,1,596.2575895652803,338.24429495415046,-258.0132946111299,100.0,100.0,30.0,29.99873908076584,-8.60044315370433,-8.593378755124972,32.80082340535149,32.707568952608725,33.82065761411889,33.94425584190933,18.845347676681456,37.08499944258703,2706.1073738537616,2801.1670670027247,2799.1086813394622,-0.0018820726328891576,0.19705181582222894,0.1972157064588321,22.49686248880332,22.301905150298683,0.0,0.0,0.7951958587648988,0.0,True,thermal_anomaly,1.0,0.7951958587648988,thermal_anomaly,0.7951958587648988,0.7951958587648988,49,thermal_anomaly,1.9696781589797,0.7951958587648988,abrupt,0.0,0.832599089248062,15861062,thermal_anomaly
19140.0,319.0,5.316666666666666,1,595.038527595294,335.13710349045203,-259.90142410484196,100.0,100.0,30.0,30.00010331413759,-8.663380803494732,-8.619197997056842,32.83004560786546,32.81808023855341,33.84679128133266,33.79160819958864,18.932271237182366,36.744327935577914,2628.427587261301,2714.7973271320125,2713.2099220198957,-0.001674479443640848,0.1918619860910212,0.18478994830248555,22.49471822603564,22.58165394002598,0.0,0.0,0.7951958587648988,0.0,True,thermal_anomaly,1.0,0.7951958587648988,thermal_anomaly,0.7951958587648988,0.7951958587648988,49,thermal_anomaly,1.9696781589797,0.7951958587648988,abrupt,0.0,0.832599089248062,15861062,thermal_anomaly
19200.0,320.0,5.333333333333333,1,593.843637420138,332.6794919243113,-261.16414549582663,100.0,100.0,30.0,29.968894263979667,-8.705471516527554,-8.744966360319596,32.85937108301326,33.04519180356797,33.872276726314055,33.68583312601225,18.990756627479286,36.47487616678229,2566.9872981077824,2640.8923126198974,2639.1687358259146,-0.0013662429328623609,0.184156073321559,0.17738192834800084,22.49249239387966,22.481052833473175,0.0,0.0,0.7951958587648988,0.0,True,thermal_anomaly,1.0,0.7951958587648988,thermal_anomaly,0.7951958587648988,0.7951958587648988,49,thermal_anomaly,1.9696781589797,0.7951958587648988,abrupt,0.0,0.832599089248062,15861062,thermal_anomaly
19260.0,321.0,5.35,1,592.6787404246356,330.978869674097,-261.69987075053865,100.0,99.98511013041875,30.0,30.022343482914344,-8.723329025017955,-8.767453531209162,32.88868755148483,32.82994186326097,33.89728265276245,33.92026379048519,19.01565542377114,36.28842047146953,2524.471741852424,2582.682027236161,2581.1185186501984,-0.0009708345151577046,0.1742708628789426,0.17689667080437882,22.490193975209003,22.448159096289217,0.0,0.0,0.7951958587648988,0.0,True,thermal_anomaly,1.0,0.7951958587648988,thermal_anomaly,0.7951958587648988,0.7951958587648988,49,thermal_anomaly,1.9696781589797,0.7951958587648988,abrupt,0.0,0.832599089248062,15861062,thermal_anomaly
19320.0,322.0,5.366666666666666,1,591.549511869854,330.1095620926345,-261.43994977721945,100.0,100.0,30.0,30.015637018599442,-8.714664992573981,-8.746886598576365,32.91787175665688,32.84821601099016,33.921993356696746,33.91966801418784,19.00356875609704,36.193109858238515,2502.739052315864,2542.710539776012,2548.6437611013944,-0.0005055354357605887,0.16263838589401472,0.15828415922083974,22.487835811905146,22.486653911028384,0.0,0.0,0.7951958587648988,0.0,True,thermal_anomaly,1.0,0.7951958587648988,thermal_anomaly,0.7951958587648988,0.7951958587648988,49,thermal_anomaly,1.9696781589797,0.7951958587648988,abrupt,0.0,0.832599089248062,15861062,thermal_anomaly
19380.0,323.0,5.383333333333334,1,590.4614532438022,330.1095620926345,-260.3518911511677,100.0,100.0,30.0,29.981267406848414,-8.67839637170559,-8.653970633983592,32.946796183077744,32.917555775232294,33.94660069427686,33.92738387053635,18.9531029682281,36.193109858238515,2502.7390523158633,2522.724796045938,2523.5352106570917,9.318502806628603e-06,0.15023296257016572,0.16074768952501747,22.485435325453665,22.53824197546113,0.0,0.0,0.7951958587648988,0.0,True,thermal_anomaly,1.0,0.7951958587648988,thermal_anomaly,0.7951958587648988,0.7951958587648988,49,thermal_anomaly,1.9696781589797,0.7951958587648988,abrupt,0.0,0.832599089248062,15861062,thermal_anomaly
19440.0,324.0,5.4,1,589.4198654587356,330.9788696740969,-258.44099578463863,100.0,99.81549499192714,30.0,30.03096934259831,-8.614699859487954,-8.633877971044303,32.97533612906543,32.8880444973603,33.9712957191169,34.00202970213128,18.864982174998424,36.28842047146953,2524.471741852423,2523.5982689491807,2525.5377406906237,0.0005512257128852536,0.16378064282213134,0.15945883793881105,22.48308319900433,22.43128958083589,0.0,0.0,0.7951958587648988,0.0,True,thermal_anomaly,1.0,0.7951958587648988,thermal_anomaly,0.7951958587648988,0.7951958587648988,49,thermal_anomaly,1.9696781589797,0.7951958587648988,abrupt,0.0,0.832599089248062,15861062,thermal_anomaly
19500.0,325.0,5.416666666666667,1,588.4298230256422,332.6794919243112,-255.75033110133103,100.0,99.9071852790717,30.0,29.947864896029998,-8.525011036711033,-8.53866066342231,33.00337660602775,33.01837934892199,33.996260354579974,34.02907434494154,18.742002935557075,36.47487616678228,2566.98729810778,2545.2927835284804,2544.4810489095025,0.0010965022490355475,0.1774125562258887,0.17549411810883667,22.480799941865016,22.388458196677544,0.0,0.0,0.7951958587648988,0.0,True,thermal_anomaly,1.0,0.7951958587648988,thermal_anomaly,0.7951958587648988,0.7951958587648988,49,thermal_anomaly,1.9696781589797,0.7951958587648988,abrupt,0.0,0.832599089248062,15861062,thermal_anomaly
19560.0,326.0,5.433333333333334,0,0.0,335.1371034904521,335.1371034904521,99.50128407218682,99.72499212974394,29.980051362887473,30.010493141923238,11.178670090783127,11.185345453757343,33.03586038750513,33.11496101453124,34.01329334525981,33.99509918516887,22.924951081359023,36.74432793557792,2628.427587261303,2586.860185394892,2587.666439758856,0.001621316910100653,0.19053292275251632,0.18841967759785144,22.478603744114857,22.429576174876463,0.0,0.0,0.7951958587648988,0.0,True,thermal_anomaly,1.0,0.7951958587648988,thermal_anomaly,0.7951958587648988,0.7951958587648988,49,thermal_anomaly,1.9696781589797,0.7951958587648988,abrupt,0.0,0.832599089248062,15861062,thermal_anomaly
19620.0,327.0,5.45,0,0.0,338.2442949541506,338.2442949541506,98.99794434755268,99.26706668546912,29.959917773902106,29.972320835247423,11.289893967893097,11.286708437399884,33.06890866866233,32.99237773716935,34.03093642893375,33.96582620755714,23.124874345974995,37.08499944258704,2706.107373853764,2646.4837796243282,2647.360155343938,0.002102732777051822,0.20256831942629555,0.20768518634756175,22.476509656951098,22.512229861224093,0.0,0.0,0.7951958587648988,0.0,True,thermal_anomaly,1.0,0.7951958587648988,thermal_anomaly,0.7951958587648988,0.7951958587648988,49,thermal_anomaly,1.9696781589797,0.7951958587648988,abrupt,0.0,0.832599089248062,15861062,thermal_anomaly
19680.0,328.0,5.466666666666667,0,0.0,341.8652671384838,341.8652671384838,98.48921627145373,98.49736869144624,29.93956865085815,29.913726856222812,11.418510103641223,11.418472218954893,33.10263211219684,33.200875607434384,34.04929971506353,34.07808829908941,23.35852772043002,37.48200170823005,2796.6316784620944,2721.5577290432116,2720.0926667588747,0.0025197096664136176,0.21299274166034043,0.21814664253926097,22.474528901061596,22.423760946957866,0.0,0.0,0.7951958587648988,0.0,True,thermal_anomaly,1.0,0.7951958587648988,thermal_anomaly,0.7951958587648988,0.7951958587648988,49,thermal_anomaly,1.9696781589797,0.7951958587648988,abrupt,0.0,0.832599089248062,15861062,thermal_anomaly
19740.0,329.0,5.483333333333333,0,0.0,345.8417661836449,345.8417661836449,97.9745707860614,98.04143291940844,29.918982831442456,29.909379095600503,11.559275531927272,11.542440416606864,33.137112282766594,33.00929414029098,34.068458150708366,34.017250535099116,23.617285947314485,37.91798382847021,2896.0441545911217,2808.8009418171673,2801.3164323966625,0.0028540236872440883,0.2213505921811022,0.21754595734312682,22.472668338302807,22.411182203728387,0.0,0.0,0.7951958587648988,0.0,True,thermal_anomaly,1.0,0.7951958587648988,thermal_anomaly,0.7951958587648988,0.7951958587648988,49,thermal_anomaly,1.9696781589797,0.7951958587648988,abrupt,0.0,0.832599089248062,15861062,thermal_anomaly
19800.0,330.0,5.5,0,0.0,350.0000000000001,350.0000000000001,97.45373745272806,97.64281086823641,29.898149498109124,29.887735900470503,11.706410124885338,11.676863317528582,33.172397128789854,33.19234988465437,34.088448260397946,34.06419541206696,23.89114092243492,38.373891292578605,3000.0000000000023,2904.4004709085843,2903.586701544167,0.003091063712615938,0.22727659281539844,0.22844302315345993,22.470930135541817,22.40807903691766,0.0,0.0,0.7951958587648988,0.0,True,thermal_anomaly,1.0,0.7951958587648988,thermal_anomaly,0.7951958587648988,0.7951958587648988,49,thermal_anomaly,1.9696781589797,0.7951958587648988,abrupt,0.0,0.832599089248062,15861062,thermal_anomaly
19860.0,331.0,5.516666666666667,0,0.0,354.158233816355,354.158233816355,96.92671627145373,96.77701424315548,29.87706865085815,29.864037594327378,11.853848111909151,11.831489931193346,33.20849758972486,33.19604834064518,34.10926656518994,34.17951335806321,24.169035086290457,38.82979875668697,3103.9558454088756,3004.1781581587297,2998.92597432251,0.0032204699559762523,0.2305117488994063,0.2312505468924355,22.469311640841003,22.44097563346792,0.0,0.0,0.7951958587648988,0.0,True,thermal_anomaly,1.0,0.7951958587648988,thermal_anomaly,0.7951958587648988,0.7951958587648988,49,thermal_anomaly,1.9696781589797,0.7951958587648988,abrupt,0.0,0.832599089248062,15861062,thermal_anomaly
19920.0,332.0,5.533333333333333,0,0.0,358.1347328615159,358.1347328615159,96.39377768088599,95.89389592277239,29.85575110723544,29.839636592462185,11.995502359835895,11.952890934016295,33.24538568934881,33.11916571045965,34.130869750006916,34.21391018389536,24.439304030659763,39.2657808769271,3203.368321537897,3103.773239848313,3100.1940746294113,0.003236586743530355,0.23091466858825888,0.2360614751524688,22.467805481653244,22.522321749087777,0.0,0.0,0.7951958587648988,0.0,True,thermal_anomaly,1.0,0.7951958587648988,thermal_anomaly,0.7951958587648988,0.7951958587648988,49,thermal_anomaly,1.9696781589797,0.7951958587648988,abrupt,0.0,0.832599089248062,15861062,thermal_anomaly
19980.0,333.0,5.55,0,0.0,361.75570504584937,361.75570504584937,95.85545073885348,95.90869805919611,29.83421802955414,29.812636288207283,12.125529976602362,12.09420675849087,33.282994433551934,33.31244873506895,34.15317657193953,34.271008732285615,24.690216058552082,39.66278314257014,3293.892626146234,3198.8329329972735,3202.2425100675987,0.003138709694325018,0.22846774235812545,0.21903190320743104,22.466399883026355,22.53464582642458,0.0,0.0,0.7951958587648988,0.0,True,thermal_anomaly,1.0,0.7951958587648988,thermal_anomaly,0.7951958587648988,0.7951958587648988,49,thermal_anomaly,1.9696781589797,0.7951958587648988,abrupt,0.0,0.832599089248062,15861062,thermal_anomaly
20040.0,334.0,5.566666666666666,0,0.0,364.8628965095478,364.8628965095478,95.31249999999997,95.17714222854802,29.8125,29.824794636905864,12.238587723590701,12.199940147996559,33.321219735301234,33.29912676778375,34.17607142611434,33.984913086511426,24.910580238915486,40.00345464957926,3371.572412738695,3285.2026728679843,3285.7008562320643,0.002931116505076736,0.2232779126269184,0.22366683696358533,22.46507919183764,22.493454449550516,0.0,0.0,0.7951958587648988,0.0,True,thermal_anomaly,1.0,0.7951958587648988,thermal_anomaly,0.7951958587648988,0.7951958587648988,49,thermal_anomaly,1.9696781589797,0.7951958587648988,abrupt,0.0,0.832599089248062,15861062,thermal_anomaly
20100.0,335.0,5.583333333333333,0,0.0,367.32050807568874,367.32050807568874,94.76589210107781,94.59609521252192,29.790635684043114,29.770617835889563,12.33006613123191,12.3323605630772,33.359924446694656,33.28492509996366,34.199409413280826,34.21407795398285,25.09038034551766,40.27290641837491,3433.0127018922185,3359.107687380101,3364.3344522753164,0.0026228799942983275,0.21557199985745817,0.2110875105568503,22.463824581724896,22.44177618738575,0.0,0.0,0.7951958587648988,0.0,True,thermal_anomaly,1.0,0.7951958587648988,thermal_anomaly,0.7951958587648988,0.7951958587648988,49,thermal_anomaly,1.9696781589797,0.7951958587648988,abrupt,0.0,0.832599089248062,15861062,thermal_anomaly
20160.0,336.0,5.6,0,0.0,369.0211303259031,369.0211303259031,94.21675351428333,94.30587819498488,29.768670140571334,29.76428491222492,12.396292094451642,12.389048746694,33.398944403831536,33.431531743873826,34.22302268764019,34.16556184327611,25.221382496750625,40.45936211368767,3475.5282581475763,3417.3179727638394,3416.428366268623,0.00222747157659365,0.20568678941484125,0.1971942530823021,22.462614903551867,22.385465191133303,0.0,0.0,0.7951958587648988,0.0,True,thermal_anomaly,1.0,0.7951958587648988,thermal_anomaly,0.7951958587648988,0.7951958587648988,49,thermal_anomaly,1.9696781589797,0.7951958587648988,abrupt,0.0,0.832599089248062,15861062,thermal_anomaly
20220.0,337.0,5.616666666666666,0,0.0,369.8904379073655,369.8904379073655,93.6663213150164,93.3369598316188,29.746652852600654,29.693834589896877,12.434691047097997,12.421444289210724,33.43809620618778,33.28570703405902,34.246727807485456,34.34136390446174,25.29766119641581,40.554672726918675,3497.2609476841367,3457.2894602239876,3457.284200011253,0.0017621724971965131,0.19405431242991283,0.19941505405042853,22.46142763870688,22.62475215294812,0.0,0.0,0.7951958587648988,0.0,True,thermal_anomaly,1.0,0.7951958587648988,thermal_anomaly,0.7951958587648988,0.7951958587648988,49,thermal_anomaly,1.9696781589797,0.7951958587648988,abrupt,0.0,0.832599089248062,15861062,thermal_anomaly
20280.0,338.0,5.633333333333334,0,0.0,369.8904379073655,369.8904379073655,93.11588911574948,92.96328483919139,29.724635564629978,29.69264267776961,12.443901527509611,12.433589018641417,33.47718628280439,33.60018691111042,34.270333767394995,34.3257520173938,25.315992699581965,40.554672726918675,3497.2609476841367,3477.2752039540624,3475.3951227375564,0.0012473185586292885,0.18118296396573222,0.17245076878965304,22.460239907817154,22.502657492761756,0.0,0.0,0.7951958587648988,0.0,True,thermal_anomaly,1.0,0.7951958587648988,thermal_anomaly,0.7951958587648988,0.7951958587648988,49,thermal_anomaly,1.9696781589797,0.7951958587648988,abrupt,0.0,0.832599089248062,15861062,thermal_anomaly
20340.0,339.0,5.65,0,0.0,369.0211303259031,369.0211303259031,92.56675052895498,92.5454941912624,29.702670021158198,29.71887165303962,12.42383698378082,12.41724181949627,33.516020666368846,33.49972080328773,34.29365036093429,34.36149212425667,25.27607591343829,40.45936211368767,3475.5282581475767,3476.4017310508193,3476.142037762277,0.0007054113485506565,0.1676352837137664,0.1660064943895443,22.45902948581203,22.33986259068877,0.0,0.0,0.7951958587648988,0.0,True,thermal_anomaly,1.0,0.7951958587648988,thermal_anomaly,0.7951958587648988,0.7951958587648988,49,thermal_anomaly,1.9696781589797,0.7951958587648988,abrupt,0.0,0.832599089248062,15861062,thermal_anomaly
20400.0,340.0,5.666666666666667,0,0.0,367.32050807568874,367.32050807568874,92.02014263003282,92.00572723868706,29.680805705201312,29.66953788311821,12.375691944619916,12.410954096268176,33.55441482187509,33.67771357305172,34.31649650837605,34.2038005821495,25.180557970123907,40.27290641837491,3433.012701892219,3454.7072164715196,3452.36074635751,0.00016013481240035557,0.15400337031000888,0.14549313559592264,22.45777577562494,22.587841076231253,0.0,0.0,0.7951958587648988,0.0,True,thermal_anomaly,1.0,0.7951958587648988,thermal_anomaly,0.7951958587648988,0.7951958587648988,49,thermal_anomaly,1.9696781589797,0.7951958587648988,abrupt,0.0,0.832599089248062,15861062,thermal_anomaly
20460.0,341.0,5.683333333333334,0,0.0,364.86289650954785,364.86289650954785,91.47719189117932,91.27434557244695,29.65908767564717,29.65166541365408,12.30189210469659,12.289753092895008,33.592202869792075,33.62274164337942,34.33870818547748,34.22148146147823,25.034861829921184,40.00345464957927,3371.572412738696,3413.1398146051074,3411.870157648561,-0.000364679848664743,0.15911699621661857,0.1581574712449047,22.45650992862381,22.503375806005668,0.0,0.0,0.7951958587648988,0.0,True,thermal_anomaly,1.0,0.7951958587648988,thermal_anomaly,0.7951958587648988,0.7951958587648988,49,thermal_anomaly,1.9696781589797,0.7951958587648988,abrupt,0.0,0.832599089248062,15861062,thermal_anomaly
20520.0,342.0,5.7,0,0.0,361.7557050458496,361.7557050458496,90.9388649491468,91.0639186143926,29.637554597965874,29.67862098236879,12.20599033736333,12.182322959790936,33.62924560566145,33.6589906584148,34.36014560678959,34.332601705861876,24.84683389073804,39.66278314257017,3293.8926261462407,3353.5162203756745,3360.771352601493,-0.0008460957156158409,0.17115239289039602,0.17163152264310647,22.45523253721194,22.350382631427845,0.0,0.0,0.7951958587648988,0.0,True,thermal_anomaly,1.0,0.7951958587648988,thermal_anomaly,0.7951958587648988,0.7951958587648988,49,thermal_anomaly,1.9696781589797,0.7951958587648988,abrupt,0.0,0.832599089248062,15861062,thermal_anomaly
20580.0,343.0,5.716666666666667,0,0.0,358.13473286151617,358.13473286151617,90.40592635857907,90.17996420580077,29.616237054343163,29.656667891148892,12.09251304290855,12.074665549035371,33.665436839964755,33.46275283166013,34.38069934955343,34.268198775128134,24.626247616906554,39.26578087692713,3203.368321537904,3278.4422709567893,3279.5021562464676,-0.0012630726049777494,0.18157681512444374,0.1732754747365877,22.453923515837335,22.391647887072132,0.0,0.0,0.7951958587648988,0.0,True,thermal_anomaly,1.0,0.7951958587648988,thermal_anomaly,0.7951958587648988,0.7951958587648988,49,thermal_anomaly,1.9696781589797,0.7951958587648988,abrupt,0.0,0.832599089248062,15861062,thermal_anomaly
20640.0,344.0,5.733333333333333,0,0.0,354.15823381635533,354.15823381635533,89.87890517730473,89.9420835591937,29.595156207092188,29.60871513764262,11.966763457443243,11.973158003485846,33.70070774661388,33.59604025701119,34.4002951505401,34.40747083095428,24.384212093185397,38.829798756687005,3103.9558454088833,3191.1990581828363,3193.217632718363,-0.001597386625808114,0.18993466564520284,0.1999320280727923,22.45256472271362,22.377281025225496,0.0,0.0,0.7951958587648988,0.0,True,thermal_anomaly,1.0,0.7951958587648988,thermal_anomaly,0.7951958587648988,0.7951958587648988,49,thermal_anomaly,1.9696781589797,0.7951958587648988,abrupt,0.0,0.832599089248062,15861062,thermal_anomaly
20700.0,345.0,5.75,0,0.0,350.0000000000001,350.0000000000001,89.3580718439714,89.47603048107277,29.574322873758856,29.55834239506073,11.834590482223797,11.868166443828935,33.73502909248997,33.78035849684236,34.41889716618967,34.52068493497879,24.132540432028847,38.373891292578605,3000.000000000003,3095.59952909142,3099.479484238097,-0.0018344266511799916,0.19586066627949977,0.1890136151415245,22.45114071668805,22.5602640183746,0.0,0.0,0.7951958587648988,0.0,True,thermal_anomaly,1.0,0.7951958587648988,thermal_anomaly,0.7951958587648988,0.7951958587648988,49,thermal_anomaly,1.9696781589797,0.7951958587648988,abrupt,0.0,0.832599089248062,15861062,thermal_anomaly
20760.0,346.0,5.766666666666667,0,0.0,345.8417661836449,345.8417661836449,88.84342635857907,88.71321467880077,29.553737054343163,29.55633685834715,11.702133153168209,11.722133573491417,33.76841139910306,33.652536399342694,34.43650955356571,34.43707766797221,23.883131508231763,37.91798382847021,2896.044154591123,2995.8218418412716,2994.2038561291583,-0.0019638328945404127,0.1990958223635103,0.20211636053622234,22.44963940322605,22.34720708990774,0.0,0.0,0.7951958587648988,0.0,True,thermal_anomaly,1.0,0.7951958587648988,thermal_anomaly,0.7951958587648988,0.7951958587648988,49,thermal_anomaly,1.9696781589797,0.7951958587648988,abrupt,0.0,0.832599089248062,15861062,thermal_anomaly
20820.0,347.0,5.783333333333333,0,0.0,341.86526713848406,341.86526713848406,88.33469828248013,88.54972529112744,29.533387931299206,29.45868862123811,11.575551979804473,11.651327111013918,33.80090323778963,33.747839608869306,34.45317630303028,34.467865443315134,23.647410172445902,37.48200170823008,2796.6316784621017,2896.226760151687,2898.582547131404,-0.0019799496820944724,0.1994987420523618,0.19613157950809074,22.448052545536317,22.406898553965267,0.0,0.0,0.7951958587648988,0.0,True,thermal_anomaly,1.0,0.7951958587648988,thermal_anomaly,0.7951958587648988,0.7951958587648988,49,thermal_anomaly,1.9696781589797,0.7951958587648988,abrupt,0.0,0.832599089248062,15861062,thermal_anomaly
20880.0,348.0,5.8,0,0.0,338.2442949541506,338.2442949541506,87.83135855784599,87.89712823062283,29.51325434231384,29.4864612253909,11.46075898750352,11.454028214575679,33.83258796477813,33.71745532758213,34.46897932995259,34.53454360702955,23.435857607044895,37.08499944258704,2706.107373853765,2801.1670670027256,2797.0412645857377,-0.001882072632889122,0.19705181582222803,0.191517867906982,22.446376120788162,22.315384017589125,0.0,0.0,0.7951958587648988,0.0,True,thermal_anomaly,1.0,0.7951958587648988,thermal_anomaly,0.7951958587648988,0.7951958587648988,49,thermal_anomaly,1.9696781589797,0.7951958587648988,abrupt,0.0,0.832599089248062,15861062,thermal_anomaly
20940.0,349.0,5.816666666666666,0,0.0,335.13710349045215,335.13710349045215,87.33264263003281,87.3676866006609,29.493305705201312,29.49794582481033,11.363158366861155,11.36247600854942,33.86357925316749,33.832748875394714,34.484034908853005,34.361271443436934,23.257647327102816,36.74432793557792,2628.4275872613034,2714.7973271320143,2717.8730067459483,-0.0016744794436408337,0.19186198609102084,0.1928950937498497,22.444610505780595,22.38549910924862,0.0,0.0,0.7951958587648988,0.0,True,thermal_anomaly,1.0,0.7951958587648988,thermal_anomaly,0.7951958587648988,0.7951958587648988,49,thermal_anomaly,1.9696781589797,0.7951958587648988,abrupt,0.0,0.832599089248062,15861062,thermal_anomaly
21000.0,350.0,5.833333333333333,0,0.0,332.6794919243112,332.6794919243112,86.8375838622883,86.71595674852048,29.473503354491534,29.50643658745885,11.287409166227041,11.267048259575681,33.894015776109704,33.82818612116206,34.498488605827795,34.59970848476871,23.120386336339582,36.47487616678228,2566.9872981077806,2640.8923126198974,2648.330407136565,-0.0013662429328624034,0.1841560733215601,0.1927799508004654,22.44276048152653,22.32446340318541,0.0,0.0,0.7951958587648988,0.0,True,thermal_anomaly,1.0,0.7951958587648988,thermal_anomaly,0.7951958587648988,0.7951958587648988,49,thermal_anomaly,1.9696781589797,0.7951958587648988,abrupt,0.0,0.832599089248062,15861062,thermal_anomaly
21060.0,351.0,5.85,0,0.0,330.97886967409704,330.97886967409704,86.34505578241614,86.38580913157604,29.453802231296645,29.49126465991856,11.237220480906528,11.217445895810894,33.924055348956976,34.03320456608837,34.512508930732054,34.48298851217701,23.029947812393893,36.288420471469536,2524.471741852425,2582.682027236161,2586.917435355616,-0.0009708345151576903,0.17427086287894225,0.179764695245264,22.440835052198523,22.39383589467947,0.0,0.0,0.7951958587648988,0.0,True,thermal_anomaly,1.0,0.7951958587648988,thermal_anomaly,0.7951958587648988,0.7951958587648988,49,thermal_anomaly,1.9696781589797,0.7951958587648988,abrupt,0.0,0.832599089248062,15861062,thermal_anomaly
21120.0,352.0,5.866666666666666,0,0.0,330.1095620926346,330.1095620926346,85.85382131501638,85.90558060213344,29.434152852600654,29.438705641841278,11.215188143709995,11.229658313571841,33.95386876439525,34.01442096991366,34.52627998655127,34.49136240971917,22.99037348937854,36.19310985823852,2502.739052315864,2542.710539776012,2542.9577807422024,-0.0005055354357605887,0.16263838589401472,0.16875585907197682,22.438847080817244,22.446210346112352,0.0,0.0,0.7951958587648988,0.0,True,thermal_anomaly,1.0,0.7951958587648988,thermal_anomaly,0.7951958587648988,0.7951958587648988,49,thermal_anomaly,1.9696781589797,0.7951958587648988,abrupt,0.0,0.832599089248062,15861062,thermal_anomaly
21180.0,353.0,5.883333333333334,0,0.0,330.1095620926345,330.1095620926345,85.36258684761663,85.39231581534943,29.414503473904666,29.417348729987626,11.222680076360769,11.196907705603609,33.983633473823076,33.93184788323715,34.539993437219415,34.53365270875412,23.003821729181077,36.193109858238515,2502.7390523158633,2522.724796045938,2516.711910486592,9.318502806628603e-06,0.15023296257016572,0.144187799146891,22.436814009848923,22.289221032934954,0.0,0.0,0.7951958587648988,0.0,True,thermal_anomaly,1.0,0.7951958587648988,thermal_anomaly,0.7951958587648988,0.7951958587648988,49,thermal_anomaly,1.9696781589797,0.7951958587648988,abrupt,0.0,0.832599089248062,15861062,thermal_anomaly
21240.0,354.0,5.9,0,0.0,330.9788696740969,330.9788696740969,84.87005876774447,84.81511224338323,29.394802350709778,29.37426469070704,11.259775307388825,11.290775346153564,34.01352720041331,34.050752951928175,34.55384014492874,34.64304628255568,23.07054107930413,36.28842047146953,2524.4717418524237,2523.5982689491807,2522.843464355284,0.0005512257128852607,0.1637806428221315,0.1692456350316807,22.434826543266624,22.49675065385269,0.0,0.0,0.7951958587648988,0.0,True,thermal_anomaly,1.0,0.7951958587648988,thermal_anomaly,0.7951958587648988,0.7951958587648988,49,thermal_anomaly,1.9696781589797,0.7951958587648988,abrupt,0.0,0.832599089248062,15861062,thermal_anomaly
21300.0,355.0,5.916666666666667,0,0.0,332.67949192431126,332.67949192431126,84.37499999999994,84.43021833736982,29.374999999999996,29.406753003540683,11.325259299551023,11.326684899803316,34.04372153042843,33.92048246308143,34.56800184242123,34.70492036396854,23.188857737638834,36.47487616678228,2566.987298107782,2545.292783528482,2550.6432155127764,0.0010965022490355756,0.1774125562258894,0.17242185670731497,22.432905211045345,22.509023775394716,0.0,0.0,0.7951958587648988,0.0,True,thermal_anomaly,1.0,0.7951958587648988,thermal_anomaly,0.7951958587648988,0.7951958587648988,49,thermal_anomaly,1.9696781589797,0.7951958587648988,abrupt,0.0,0.832599089248062,15861062,thermal_anomaly
21360.0,356.0,5.933333333333334,0,0.0,335.13710349045203,335.13710349045203,83.87628407218678,84.03173293332429,29.355051362887473,29.372592275542782,11.416675765526124,11.415004408700266,34.07437552854788,34.139094586445275,34.582643204222734,34.711832184391014,23.355176724285606,36.744327935577914,2628.4275872613002,2586.860185394891,2586.037804752858,0.0016213169101006036,0.1905329227525151,0.18954094671462085,22.431068223776332,22.385651356098236,0.0,0.0,0.7951958587648988,0.0,True,thermal_anomaly,1.0,0.7951958587648988,thermal_anomaly,0.7951958587648988,0.7951958587648988,49,thermal_anomaly,1.9696781589797,0.7951958587648988,abrupt,0.0,0.832599089248062,15861062,thermal_anomaly
21420.0,357.0,5.95,0,0.0,338.2442949541504,338.2442949541504,83.37294434755262,83.62847868933257,29.334917773902106,29.338348013816308,11.530432693255081,11.504323481415897,34.10562946071739,34.263670190431576,34.59790466334514,34.61485177045528,23.564008128968332,37.084999442587026,2706.1073738537607,2646.483779624326,2640.7561627077416,0.0021027327770517935,0.20256831942629483,0.20486817277193947,22.42933065301511,22.28430930507138,0.0,0.0,0.7951958587648988,0.0,True,thermal_anomaly,1.0,0.7951958587648988,thermal_anomaly,0.7951958587648988,0.7951958587648988,49,thermal_anomaly,1.9696781589797,0.7951958587648988,abrupt,0.0,0.832599089248062,15861062,thermal_anomaly
21480.0,358.0,5.966666666666667,0,0.0,341.8652671384839,341.8652671384839,82.86421627145369,82.93372400122979,29.31456865085815,29.278582155129737,11.661957957156439,11.677014397954649,34.13759877616484,34.1836137702309,34.6138962874015,34.726774340883,23.80803895303223,37.482001708230065,2796.6316784620976,2721.5577290432116,2723.0705722913744,0.002519709666413688,0.21299274166034218,0.2076529210953137,22.42770373965513,22.289426220046117,0.0,0.0,0.7951958587648988,0.0,True,thermal_anomaly,1.0,0.7951958587648988,thermal_anomaly,0.7951958587648988,0.7951958587648988,49,thermal_anomaly,1.9696781589797,0.7951958587648988,abrupt,0.0,0.832599089248062,15861062,thermal_anomaly
21540.0,359.0,5.983333333333333,0,0.0,345.8417661836447,345.8417661836447,82.34957078606136,82.44865086630526,29.293982831442456,29.262694959332315,11.805897756328248,11.844087576034672,34.17036858335862,34.11595533799854,34.63069298177737,34.56737434255983,24.07827562810359,37.91798382847019,2896.0441545911185,2808.8009418171646,2816.8818640693225,0.0028540236872440384,0.22135059218110095,0.21412673543458793,22.42619436560689,22.294459679863255,0.0,0.0,0.7951958587648988,0.0,True,thermal_anomaly,1.0,0.7951958587648988,thermal_anomaly,0.7951958587648988,0.7951958587648988,49,thermal_anomaly,1.9696781589797,0.7951958587648988,abrupt,0.0,0.832599089248062,15861062,thermal_anomaly
21600.0,360.0,6.0,1,600.0,349.99999999999994,-250.00000000000006,82.72159459558517,82.81199142137613,29.308863783823405,29.308570624643373,-8.529842775344429,-8.529347256418097,34.194681865645606,34.16319623216673,34.65669734925899,34.727732433000305,18.748595303241125,38.37389129257859,2999.9999999999986,2904.4004709085825,2903.8127987125968,0.0030910637126159235,0.22727659281539808,0.22713409422080225,22.42480471764112,22.426529893332454,0.0,0.0,0.7951958587648988,0.0,True,thermal_anomaly,1.0,0.7951958587648988,thermal_anomaly,0.7951958587648988,0.7951958587648988,49,thermal_anomaly,1.9696781589797,0.7951958587648988,abrupt,0.0,0.832599089248062,15861062,thermal_anomaly
