time_s,time_min,time_h,in_sunlight,solar_power_w,load_power_w,battery_power_w,battery_soc_true,battery_soc_measured,battery_voltage_true,battery_voltage_measured,battery_current_true,battery_current_measured,battery_temp_true,battery_temp_measured,electronics_temp_true,electronics_temp_measured,battery_heat_w,electronics_heat_w,wheel_target_speed_rpm,wheel_speed_true,wheel_speed_measured,wheel_torque_nm,wheel_current_true,wheel_current_measured,wheel_temp_true,wheel_temp_measured,solar_degradation,battery_degradation,thermal_anomaly,wheel_degradation,fault_active,fault_type,fault_progress,fault_severity,fault_label,fault_requested_severity,fault_effective_severity,scenario_id,scenario_fault_type,scenario_start_time_h,scenario_severity,scenario_profile,scenario_ramp_duration_h,scenario_sensor_noise_scale,scenario_random_seed,scenario_internal_fault_name
0.0,0.0,0.0,1,600.0,350.0,-250.0,90.37202380952381,90.59304799847546,29.61488095238095,29.58832410756991,-8.44170200791912,-8.401513496296895,22.022336622077468,21.99371083416279,24.023,24.06617238524312,6.700986623240457,17.5,3000.0,3000.0,2998.149770414327,0.0006283185307179586,0.16570796326794895,0.17193788125091317,24.979227572821976,25.02679490763509,0.0,0.0,0.0,0.0,False,none,0.0,0.0,nominal,0.2673277544409908,0.0,58,thermal_anomaly,2.4940452314008352,0.2673277544409908,abrupt,0.0,1.1325919397452502,1602673316,thermal_anomaly
60.0,1.0,0.016666666666666666,1,601.2556165273943,354.15823381635516,-247.09738271103913,90.7397282480819,90.55456104329022,29.629589129923275,29.66572772985731,-8.339548065534684,-8.29430652077367,22.0440820855283,22.127104515390535,24.046231823381635,24.044275358106944,6.563844954989063,17.70791169081776,3103.9558454088797,3051.97792270444,3052.129239845227,0.0019890973650273443,0.1997274341256836,0.20073423277142083,24.95874847619419,24.82716120287258,0.0,0.0,0.0,0.0,False,none,0.0,0.0,nominal,0.2673277544409908,0.0,58,thermal_anomaly,2.4940452314008352,0.2673277544409908,abrupt,0.0,1.1325919397452502,1602673316,thermal_anomaly
120.0,2.0,0.03333333333333333,1,602.5051158172811,358.134732861516,-244.37038295576508,91.10337465128988,91.15057307297006,29.644134986051597,29.65442459689736,-8.243464788928678,-8.225841021823394,22.065272182808812,21.880943089280034,24.069675442080733,24.243087004656658,6.436376938104555,17.9067366430758,3203.3683215379,3127.67312212117,3124.5054395260654,0.002620900448055877,0.21552251120139693,0.22191028611952007,24.938546098704002,25.000847854305476,0.0,0.0,0.0,0.0,False,none,0.0,0.0,nominal,0.2673277544409908,0.0,58,thermal_anomaly,2.4940452314008352,0.2673277544409908,abrupt,0.0,1.1325919397452502,1602673316,thermal_anomaly
180.0,3.0,0.05,1,603.7424104347197,361.7557050458495,-241.98670538887018,91.46347391526143,91.61835169602517,29.658538956610457,29.64614621521342,-8.159090565549752,-8.089500252192966,22.08596608540712,21.98822526706603,24.093293609048672,24.30443255263584,6.325660708547438,18.087785252292473,3293.8926261462366,3210.7828741337034,3203.4104615166407,0.002830866546587775,0.22077166366469436,0.2265987172424797,24.918597552843362,24.918293276958078,0.0,0.0,0.0,0.0,False,none,0.0,0.0,nominal,0.2673277544409908,0.0,58,thermal_anomaly,2.4940452314008352,0.2673277544409908,abrupt,0.0,1.1325919397452502,1602673316,thermal_anomaly
240.0,4.0,0.06666666666666667,1,604.961472404706,364.8628965095479,-240.0985758951581,91.82076346272446,92.12281622712081,29.67283053850898,29.670097315212537,-8.091529238626613,-8.115825430008607,22.10624304767322,22.13149788961655,24.117033549827237,23.990263231923546,6.23782763356395,18.243144825477398,3371.572412738697,3291.1776434362005,3297.641421762854,0.002777194931208119,0.21942987328020297,0.21934583175204814,24.898879660493158,24.902568663541093,0.0,0.0,0.0,0.0,False,none,0.0,0.0,nominal,0.2673277544409908,0.0,58,thermal_anomaly,2.4940452314008352,0.2673277544409908,abrupt,0.0,1.1325919397452502,1602673316,thermal_anomaly
300.0,5.0,0.08333333333333333,1,606.156362579862,367.3205080756888,-238.83585450417326,92.17617396049855,91.97098279042108,29.68704695841994,29.608959214374256,-8.045119975681306,-8.059173315135247,22.126198644166678,22.277400989326118,24.140829332236187,24.116523524241575,6.17791643384851,18.36602540378444,3433.0127018922194,3362.0951726642097,3365.314300664364,0.0025459192073639977,0.21364798018409992,0.21189824334718546,24.879369033248576,24.97023568169448,0.0,0.0,0.0,0.0,False,none,0.0,0.0,nominal,0.2673277544409908,0.0,58,thermal_anomaly,2.4940452314008352,0.2673277544409908,abrupt,0.0,1.1325919397452502,1602673316,thermal_anomaly
360.0,6.0,0.1,1,607.3212595753644,369.0211303259031,-238.3001292494613,92.53078724807214,92.47607312005265,29.701231489922886,29.625650909960882,-8.023240697285983,-8.058493256301029,22.145940756644766,22.03724211441299,24.16460481061089,24.151926421651513,6.149791302926885,18.451056516295154,3475.5282581475767,3418.811715405893,3413.939435612598,0.0021889911831264744,0.20472477957816185,0.21029545214198803,24.860041723756545,24.95881169209512,0.0,0.0,0.0,0.0,False,none,0.0,0.0,nominal,0.2673277544409908,0.0,58,thermal_anomaly,2.4940452314008352,0.2673277544409908,abrupt,0.0,1.1325919397452502,1602673316,thermal_anomaly
420.0,7.0,0.11666666666666667,1,608.450488130146,369.8904379073655,-238.56005022278055,92.88578732280843,92.87706434405794,29.715431492912337,29.729894248545147,-8.028153664188972,-8.04267108973316,22.165585445773118,22.152804308267655,24.18827701591674,24.095398601276166,6.156100100466465,18.494521895368276,3497.2609476841367,3458.036331545015,3465.9700060451696,0.0017429323004629288,0.1935733075115732,0.19541127767894978,24.84087334921582,24.814495723252833,0.0,0.0,0.0,0.0,False,none,0.0,0.0,nominal,0.2673277544409908,0.0,58,thermal_anomaly,2.4940452314008352,0.2673277544409908,abrupt,0.0,1.1325919397452502,1602673316,thermal_anomaly
480.0,8.0,0.13333333333333333,1,609.5385467561977,369.8904379073655,-239.64810884883218,93.2424065324049,93.56902460471981,29.729696261296198,29.741584190510725,-8.060900008615953,-8.08512567319809,22.18525276215152,22.284036222513137,24.211759843580143,24.22972046035835,6.198248715912373,18.494521895368276,3497.2609476841367,3477.6486396145756,3474.967013820942,0.0012376984602625,0.18094246150656249,0.18746979940035907,24.82183963129007,24.994278493156585,0.0,0.0,0.0,0.0,False,none,0.0,0.0,nominal,0.2673277544409908,0.0,58,thermal_anomaly,2.4940452314008352,0.2673277544409908,abrupt,0.0,1.1325919397452502,1602673316,thermal_anomaly
540.0,9.0,0.15,1,610.5801345412646,369.0211303259031,-241.55900421536148,93.60186933629682,93.66107180082777,29.74407477345187,29.667502138918387,-8.121247880635556,-8.079867286681186,22.20506249014894,22.25483685059464,24.234967877864094,24.298360719814347,6.2763733710982015,18.451056516295154,3475.5282581475767,3476.588448881076,3475.03632022153,0.0007006012993672623,0.16751503248418156,0.16981957433848144,24.802917168998125,24.863021943166338,0.0,0.0,0.0,0.0,False,none,0.0,0.0,nominal,0.2673277544409908,0.0,58,thermal_anomaly,2.4940452314008352,0.2673277544409908,abrupt,0.0,1.1325919397452502,1602673316,thermal_anomaly
600.0,10.0,0.16666666666666666,1,611.5701769743577,367.3205080756888,-244.24966889866886,93.96533610549126,93.68396693504225,29.75861344421965,29.756098625541135,-8.207696549992056,-8.18352290826744,22.22512979058318,22.148978934017805,24.25782018564875,24.304875800062263,6.38930261254012,18.36602540378444,3433.0127018922194,3454.8005753866473,3457.260887712566,0.00015772978780866564,0.15394324469521664,0.15822730586077327,24.7840842940449,24.61645192519922,0.0,0.0,0.0,0.0,False,none,0.0,0.0,nominal,0.2673277544409908,0.0,58,thermal_anomaly,2.4940452314008352,0.2673277544409908,abrupt,0.0,1.1325919397452502,1602673316,thermal_anomaly
660.0,11.0,0.18333333333333332,1,612.503850668262,364.8628965095479,-247.64095415871407,94.33384943013219,94.53119683948096,29.77335397720529,29.780880410133282,-8.317536356445093,-8.294384186060396,22.245560721450556,22.31469347887799,24.280243913814516,24.16098044392302,6.534512883262872,18.243144825477398,3371.572412738697,3413.186494062673,3421.7562263675095,-0.00036588236096057034,0.15914705902401424,0.16871842315752497,24.765371298209715,24.79749451093279,0.0,0.0,0.0,0.0,False,none,0.0,0.0,nominal,0.2673277544409908,0.0,58,thermal_anomaly,2.4940452314008352,0.2673277544409908,abrupt,0.0,1.1325919397452502,1602673316,thermal_anomaly
720.0,12.0,0.2,1,613.376606858593,361.7557050458495,-251.62090181274357,94.70828529592498,94.69766841836066,29.788331411837,29.795153569833566,-8.446961944056957,-8.423820195798397,22.266447668077678,22.185499846069316,24.302177533008585,24.350469923841484,6.708093286747719,18.087785252292473,3293.8926261462366,3353.5395601044547,3351.0949953269906,-0.0008466969717638359,0.1711674242940959,0.17550770666915194,24.746777531689744,24.825227271542985,0.0,0.0,0.0,0.0,False,none,0.0,0.0,nominal,0.2673277544409908,0.0,58,thermal_anomaly,2.4940452314008352,0.2673277544409908,abrupt,0.0,1.1325919397452502,1602673316,thermal_anomaly
780.0,13.0,0.21666666666666667,1,614.184193564921,358.134732861516,-256.049460703405,95.08931127911457,94.9433331934366,29.803572451164584,29.824695195571014,-8.59123385704722,-8.549688478258384,22.287864795185605,22.225257370807757,24.32357358603067,24.319549997504254,6.904743934917956,17.9067366430758,3203.3683215379,3278.4539408211776,3278.5715618141576,-0.001263373233051744,0.1815843308262936,0.1846428671681725,24.72828196644546,24.801513506970682,0.0,0.0,0.0,0.0,False,none,0.0,0.0,nominal,0.2673277544409908,0.0,58,thermal_anomaly,2.4940452314008352,0.2673277544409908,abrupt,0.0,1.1325919397452502,1602673316,thermal_anomaly
840.0,14.0,0.23333333333333334,1,614.9226763059908,354.15823381635516,-260.7644424896356,95.47735360424795,95.3607135388093,29.819094144169917,29.7958447701121,-8.744881424931515,-8.800256149233189,22.309863726717456,22.296950574029403,24.344400820724058,24.285580194770795,7.1178360908889795,17.70791169081776,3103.9558454088797,3191.2048931150284,3183.267817395437,-0.0015975369398450977,0.18993842349612744,0.1898527686857988,24.709865507062307,24.716695209465126,0.0,0.0,0.0,0.0,False,none,0.0,0.0,nominal,0.2673277544409908,0.0,58,thermal_anomaly,2.4940452314008352,0.2673277544409908,abrupt,0.0,1.1325919397452502,1602673316,thermal_anomaly
900.0,15.0,0.25,1,615.5884572681198,350.0,-265.5884572681198,95.8725745228017,95.87264466384907,29.83490298091207,29.8584390705189,-8.901938023329231,-8.867541301533985,22.33246974450947,22.472299428429718,24.364645614158267,24.29852768797206,7.33956004569558,17.5,3000.0,3095.602446557514,3097.294334999428,-0.00183450180819848,0.195862545204962,0.19937211327100846,24.691511756280946,24.623669758034527,0.0,0.0,0.0,0.0,False,none,0.0,0.0,nominal,0.2673277544409908,0.0,58,thermal_anomaly,2.4940452314008352,0.2673277544409908,abrupt,0.0,1.1325919397452502,1602673316,thermal_anomaly
960.0,16.0,0.26666666666666666,1,616.178292833385,345.84176618364484,-270.3365266497401,96.27486102079239,96.23514994817636,29.850994440831695,29.89682426651932,-9.056198351635487,-9.071877480099278,22.35567885366486,22.45221153238372,24.384312625863366,24.27454781749729,7.561178286733225,17.292088309182244,2896.0441545911203,2995.8233005743177,3003.5729060301337,-0.0019638704730496467,0.19909676182624117,0.19388475713215592,24.673207665569283,24.855811671517323,0.0,0.0,0.0,0.0,False,none,0.0,0.0,nominal,0.2673277544409908,0.0,58,thermal_anomaly,2.4940452314008352,0.2673277544409908,abrupt,0.0,1.1325919397452502,1602673316,thermal_anomaly
1020.0,17.0,0.2833333333333333,1,616.6893093822022,341.865267138484,-274.82404224371817,96.68382536936933,95.98337189499921,29.867353014774775,29.877012493091822,-9.20148638909408,-9.194257435519775,22.379456074347853,22.3488907183493,24.403424651570308,24.167931249385532,7.7733881414946895,17.0932633569242,2796.6316784621,2896.227489518209,2901.706098034395,-0.0019799684713490795,0.19949921178372698,0.19082982320300113,24.654944048653153,24.573000951301136,0.0,0.0,0.0,0.0,False,none,0.0,0.0,nominal,0.2673277544409908,0.0,58,thermal_anomaly,2.4940452314008352,0.2673277544409908,abrupt,0.0,1.1325919397452502,1602673316,thermal_anomaly
1080.0,18.0,0.3,1,617.1190172933127,338.2442949541505,-278.8747223391622,97.09881751570738,97.34146892444086,29.883952700628296,29.88699009031362,-9.331922223705668,-9.354809833794748,22.403735277205577,22.264873502912714,24.42202168385316,24.50443836693026,7.966781791143339,16.912214747707527,2706.1073738537634,2801.1674316859862,2800.893510454367,-0.001882082027516422,0.19705205068791054,0.19629162877494508,24.636715938974486,24.754423813565772,0.0,0.0,0.0,0.0,False,none,0.0,0.0,nominal,0.2673277544409908,0.0,58,thermal_anomaly,2.4940452314008352,0.2673277544409908,abrupt,0.0,1.1325919397452502,1602673316,thermal_anomaly
1140.0,19.0,0.31666666666666665,1,617.465323072968,335.1371034904521,-282.3282195825159,97.51894879484803,96.86231504976763,29.90075795179392,29.880852668638315,-9.44217601566108,-9.467972799330159,22.428420782318536,22.600721401319518,24.44015922073138,24.670213398075155,8.132375032858029,16.756855174522606,2628.427587261303,2714.797509473645,2707.295604711683,-0.0016744841409544729,0.19186210352386182,0.19366423167382474,24.618522775982953,24.526933881144263,0.0,0.0,0.0,0.0,False,none,0.0,0.0,nominal,0.2673277544409908,0.0,58,thermal_anomaly,2.4940452314008352,0.2673277544409908,abrupt,0.0,1.1325919397452502,1602673316,thermal_anomaly
1200.0,20.0,0.3333333333333333,1,617.7265395542198,332.6794919243112,-285.0470476299086,97.9431259490592,97.82074911733687,29.917725037962366,29.899534934074246,-9.527697953912426,-9.532586316685604,22.453390798504888,22.416570862963006,24.45790589615796,24.544436697783354,8.262162264078963,16.633974596215563,2566.9872981077806,2640.8924037907127,2643.708742309845,-0.0013662452815192232,0.18415613203798056,0.1820297872341174,24.60036841001693,24.59893736612397,0.0,0.0,0.0,0.0,False,none,0.0,0.0,nominal,0.2673277544409908,0.0,58,thermal_anomaly,2.4940452314008352,0.2673277544409908,abrupt,0.0,1.1325919397452502,1602673316,thermal_anomaly
1260.0,21.0,0.35,1,617.9013941166289,330.9788696740969,-286.922524442532,98.3700939913844,98.22051450814081,29.934803759655377,29.87549490831743,-9.584914160327042,-9.608968150921825,22.47850260823675,22.442601682336523,24.475340535956107,24.713104313837697,8.349646356867026,16.548943483704846,2524.4717418524233,2582.682072821568,2585.501145863486,-0.0009708356894861285,0.1742708922371532,0.16943481179068265,24.58226092137587,24.66563637354111,0.0,0.0,0.0,0.0,False,none,0.0,0.0,nominal,0.2673277544409908,0.0,58,thermal_anomaly,2.4940452314008352,0.2673277544409908,abrupt,0.0,1.1325919397452502,1602673316,thermal_anomaly
1320.0,22.0,0.36666666666666664,1,617.9890348863438,330.1095620926345,-287.8794727937093,98.79848606399409,98.47869909606993,29.951939442559762,29.919475434408287,-9.611380035866768,-9.553491388254626,22.503599226239025,22.535001345255353,24.49254876787772,24.457412398895013,8.39029009550866,16.505478104631727,2502.7390523158633,2542.710562568716,2545.8812725007683,-0.0005055360229247973,0.16263840057311993,0.15989647624978662,24.564212256047483,24.466371096485172,0.0,0.0,0.0,0.0,False,none,0.0,0.0,nominal,0.2673277544409908,0.0,58,thermal_anomaly,2.4940452314008352,0.2673277544409908,abrupt,0.0,1.1325919397452502,1602673316,thermal_anomaly
1380.0,23.0,0.38333333333333336,1,617.9890348863438,330.1095620926345,-287.8794727937093,99.22687813660377,99.55696322369296,29.96907512546415,29.962248905986396,-9.605884452173287,-9.57479620574939,22.52851710184386,22.514459932356306,24.509619333943963,24.510298313803446,8.38184128868036,16.505478104631727,2502.7390523158633,2522.7248074422896,2521.340009510028,9.318209224527915e-06,0.1502329552306132,0.1566976127171778,24.54623894625931,24.418850765268783,0.0,0.0,0.0,0.0,False,none,0.0,0.0,nominal,0.2673277544409908,0.0,58,thermal_anomaly,2.4940452314008352,0.2673277544409908,abrupt,0.0,1.1325919397452502,1602673316,thermal_anomaly
1440.0,24.0,0.4,1,617.9013941166289,330.9788696740969,-286.922524442532,99.65384617892896,99.45543369007756,29.98615384715716,29.897595319138333,-9.568500378708412,-9.575278376299822,22.553094319098754,22.49988422360079,24.52664026623982,24.628216600320503,8.324495959787441,16.548943483704846,2524.4717418524233,2523.5982746473564,2526.0567832767633,0.0005512255660942137,0.16378063915235533,0.15966595260143387,24.528430792650212,24.397848648902517,0.0,0.0,0.0,0.0,False,none,0.0,0.0,nominal,0.2673277544409908,0.0,58,thermal_anomaly,2.4940452314008352,0.2673277544409908,abrupt,0.0,1.1325919397452502,1602673316,thermal_anomaly
1500.0,25.0,0.4166666666666667,1,617.7265395542198,332.6794919243112,-285.0470476299086,100.0,100.0,30.0,29.96835225311694,-9.501568254330287,-9.50057802755482,22.577183699661948,22.706494110258436,24.543695093302333,24.549320622310436,8.222383943335767,16.633974596215563,2566.9872981077806,2545.2927863775685,2544.3813893541783,0.0010965021756400308,0.17741255439100076,0.18425215022715766,24.510807428556266,24.560572321848856,0.0,0.0,0.0,0.0,False,none,0.0,0.0,nominal,0.2673277544409908,0.0,58,thermal_anomaly,2.4940452314008352,0.2673277544409908,abrupt,0.0,1.1325919397452502,1602673316,thermal_anomaly
1560.0,26.0,0.43333333333333335,1,617.465323072968,335.1371034904521,-282.3282195825159,100.0,99.86845562766722,30.0,29.975575139803176,-9.41094065275053,-9.406430632679815,22.600671478522536,22.542635465221345,24.56085924290496,24.445155416610138,8.085264317567404,16.756855174522606,2628.4275872613025,2586.8601868194355,2580.737830448925,0.0016213168734028807,0.190532921835072,0.18476988843690656,24.493386174654585,24.591397179917635,0.0,0.0,0.0,0.0,False,none,0.0,0.0,nominal,0.2673277544409908,0.0,58,thermal_anomaly,2.4940452314008352,0.2673277544409908,abrupt,0.0,1.1325919397452502,1602673316,thermal_anomaly
1620.0,27.0,0.45,1,617.1190172933127,338.2442949541505,-278.8747223391622,100.0,100.0,30.0,29.98036538256506,-9.295824077972073,-9.287531298826272,22.623444075061695,22.585123591648536,24.578196798457135,24.59518402300208,7.912987623088427,16.912214747707527,2706.107373853763,2646.483780336599,2657.8088320778998,0.002102732758702936,0.20256831896757338,0.19947738477643617,24.47618121926103,24.566848060735147,0.0,0.0,0.0,0.0,False,none,0.0,0.0,nominal,0.2673277544409908,0.0,58,thermal_anomaly,2.4940452314008352,0.2673277544409908,abrupt,0.0,1.1325919397452502,1602673316,thermal_anomaly
1680.0,28.0,0.4666666666666667,1,616.6893093822022,341.865267138484,-274.82404224371817,100.0,99.80884419793234,30.0,29.950933578281347,-9.16080140812394,-9.123924803127059,22.645415485928414,22.4866504472607,24.595757750783328,24.754308231390738,7.713622595126845,17.0932633569242,2796.6316784621,2721.5577293993497,2728.1217791560343,0.0025197096572392597,0.21299274143098149,0.2078995480986667,24.4592029266538,24.44329109091285,0.0,0.0,0.0,0.0,False,none,0.0,0.0,nominal,0.2673277544409908,0.0,58,thermal_anomaly,2.4940452314008352,0.2673277544409908,abrupt,0.0,1.1325919397452502,1602673316,thermal_anomaly
1740.0,29.0,0.48333333333333334,1,616.178292833385,345.8417661836448,-270.33652664974016,100.0,100.0,30.0,30.07315692009152,-9.011217554991338,-8.961859498363141,22.666530204165745,22.754382230808247,24.613575865395426,24.595178524045934,7.496163345870727,17.29208830918224,2896.04415459112,2808.800941995234,2808.7011294372023,0.0028540236826568068,0.22135059206642016,0.2225280857915668,24.442457308702856,24.482056464109696,0.0,0.0,0.0,0.0,False,none,0.0,0.0,nominal,0.2673277544409908,0.0,58,thermal_anomaly,2.4940452314008352,0.2673277544409908,abrupt,0.0,1.1325919397452502,1602673316,thermal_anomaly
1800.0,30.0,0.5,1,615.5884572681198,350.0,-265.5884572681198,100.0,100.0,30.0,29.952284790280935,-8.852948575603993,-8.799405076383463,22.68676427586936,22.74655740689605,24.631667258472262,24.506749213343948,7.269975878583101,17.5,3000.0,2904.4004709976166,2908.6007785662036,0.003091063710322311,0.22727659275805778,0.23269296100701903,24.42594568866376,24.313496173169884,0.0,0.0,0.0,0.0,False,none,0.0,0.0,nominal,0.2673277544409908,0.0,58,thermal_anomaly,2.4940452314008352,0.2673277544409908,abrupt,0.0,1.1325919397452502,1602673316,thermal_anomaly
1860.0,31.0,0.5166666666666667,1,614.9226763059908,354.15823381635516,-260.7644424896356,100.0,99.9664557941692,30.0,30.01130568254405,-8.692148082987853,-8.689660919828404,22.706124607093237,22.827938305571987,24.65002974378612,24.696270044261226,7.044275063727152,17.70791169081776,3103.955845408879,3004.178158203248,3009.6538387888872,0.0032204699548295168,0.23051174887073791,0.2383442886295464,24.409664577314476,24.42427258405142,0.0,0.0,0.0,0.0,False,none,0.0,0.0,nominal,0.2673277544409908,0.0,58,thermal_anomaly,2.4940452314008352,0.2673277544409908,abrupt,0.0,1.1325919397452502,1602673316,thermal_anomaly
1920.0,32.0,0.5333333333333333,1,614.184193564921,358.134732861516,-256.049460703405,100.0,99.82219389590298,30.0,29.989715873798275,-8.534982023446833,-8.548287289123039,22.724646770954827,22.695017351112643,24.668642979121984,24.70653927087263,6.827673451244848,17.9067366430758,3203.3683215378996,3103.773239870574,3112.788683568787,0.0032365867429569625,0.23091466857392406,0.23109943122455995,24.39360577110314,24.425151484029417,0.0,0.0,0.0,0.0,False,none,0.0,0.0,nominal,0.2673277544409908,0.0,58,thermal_anomaly,2.4940452314008352,0.2673277544409908,abrupt,0.0,1.1325919397452502,1602673316,thermal_anomaly
1980.0,33.0,0.55,1,613.376606858593,361.7557050458495,-251.62090181274357,100.0,100.0,30.0,29.997272391222317,-8.387363393758118,-8.384209209846388,22.74239165424882,22.743481782489923,24.687469405793593,24.589486902433134,6.627829175916296,18.087785252292473,3293.8926261462366,3198.832933008405,3200.6989675202576,0.0031387096940383224,0.22846774235095807,0.2287113484874147,24.377756670305367,24.557448551394,0.0,0.0,0.0,0.0,False,none,0.0,0.0,nominal,0.2673277544409908,0.0,58,thermal_anomaly,2.4940452314008352,0.2673277544409908,abrupt,0.0,1.1325919397452502,1602673316,thermal_anomaly
2040.0,34.0,0.5666666666666667,1,612.503850668262,364.8628965095479,-247.64095415871407,100.0,100.0,30.0,29.996758855479058,-8.254698471957136,-8.23991915246554,22.75944131682011,22.760966626610763,24.7064559401982,24.706088947014223,6.4512037490345175,18.243144825477398,3371.572412738697,3285.2026728735514,3283.0007048877274,0.002931116504933392,0.2232779126233348,0.2154450136059423,24.36210080321205,24.317147913155615,0.0,0.0,0.0,0.0,False,none,0.0,0.0,nominal,0.2673277544409908,0.0,58,thermal_anomaly,2.4940452314008352,0.2673277544409908,abrupt,0.0,1.1325919397452502,1602673316,thermal_anomaly
2100.0,35.0,0.5833333333333334,1,611.5701769743577,367.3205080756888,-244.24966889866886,100.0,100.0,30.0,30.005284872196214,-8.141655629955629,-8.119673147616792,22.775894417291664,22.763067903747256,24.725536343484183,24.58583201795806,6.302924511743055,18.36602540378444,3433.0127018922194,3359.1076873828856,3357.089486457673,0.002622879994226634,0.21557199985566583,0.22679439353341774,24.346618531014,24.328829022885472,0.0,0.0,0.0,0.0,False,none,0.0,0.0,nominal,0.2673277544409908,0.0,58,thermal_anomaly,2.4940452314008352,0.2673277544409908,abrupt,0.0,1.1325919397452502,1602673316,thermal_anomaly
2160.0,36.0,0.6,1,610.5801345412646,369.0211303259031,-241.55900421536148,100.0,99.79451668363902,30.0,30.086543408400676,-8.051966807178717,-8.08579413770122,22.79186149597829,22.56169005444002,24.7446341657689,24.831199329366672,6.1867335571126265,18.451056516295154,3475.5282581475767,3417.3179727652314,3421.755346336435,0.0022274715765577893,0.20568678941394472,0.20298467900201247,24.3312878982213,24.297155992073137,0.0,0.0,0.0,0.0,False,none,0.0,0.0,nominal,0.2673277544409908,0.0,58,thermal_anomaly,2.4940452314008352,0.2673277544409908,abrupt,0.0,1.1325919397452502,1602673316,thermal_anomaly
2220.0,37.0,0.6166666666666667,1,609.5385467561977,369.8904379073655,-239.64810884883218,100.0,100.0,30.0,30.042974476229876,-7.988270294961072,-7.93528297731792,22.807460316950515,22.65882714560704,24.763666136233486,24.60921483451073,6.104996984428596,18.494521895368276,3497.2609476841367,3457.289460224684,3461.9372835101194,0.0017621724971785863,0.19405431242946464,0.18705968480008484,24.316085585916294,24.26949083871177,0.0,0.0,0.0,0.0,False,none,0.0,0.0,nominal,0.2673277544409908,0.0,58,thermal_anomaly,2.4940452314008352,0.2673277544409908,abrupt,0.0,1.1325919397452502,1602673316,thermal_anomaly
2280.0,38.0,0.6333333333333333,1,608.450488130146,369.8904379073655,-238.56005022278055,100.0,99.73697948478147,30.0,29.94374129417135,-7.952001674092685,-7.971642719418577,22.82281137654875,23.02303835272017,24.782545850934355,24.960492722738316,6.05874644998183,18.494521895368276,3497.2609476841367,3477.2752039544102,3484.7173664287593,0.0012473185586203252,0.18118296396550812,0.172484129859828,24.300987920422497,24.336800293662606,0.0,0.0,0.0,0.0,False,none,0.0,0.0,nominal,0.2673277544409908,0.0,58,thermal_anomaly,2.4940452314008352,0.2673277544409908,abrupt,0.0,1.1325919397452502,1602673316,thermal_anomaly
2340.0,39.0,0.65,1,607.3212595753644,369.0211303259031,-238.3001292494613,100.0,99.99073082810877,30.0,30.009265734711292,-7.94333764164871,-7.950349304871346,22.83803360505992,22.785973128043757,24.80118759715947,24.904228268617068,6.047729031138663,18.451056516295154,3475.5282581475767,3476.401731050993,3478.308976580141,0.0007054113485461749,0.16763528371365435,0.1723102377826459,24.285971888322834,24.21149223327842,0.0,0.0,0.0,0.0,False,none,0.0,0.0,nominal,0.2673277544409908,0.0,58,thermal_anomaly,2.4940452314008352,0.2673277544409908,abrupt,0.0,1.1325919397452502,1602673316,thermal_anomaly
2400.0,40.0,0.6666666666666666,1,606.156362579862,367.3205080756888,-238.83585450417326,100.0,99.46879509549262,30.0,29.97377914647806,-7.961195150139108,-7.968294729691757,22.853240237621186,22.81185138781456,24.819510147189764,24.764777857775886,6.0704502574878765,18.36602540378444,3433.0127018922194,3454.7072164716064,3449.86918151986,0.00016013481239812548,0.15400337030995312,0.1515481581980487,24.27101611011691,24.189029666422694,0.0,0.0,0.0,0.0,False,none,0.0,0.0,nominal,0.2673277544409908,0.0,58,thermal_anomaly,2.4940452314008352,0.2673277544409908,abrupt,0.0,1.1325919397452502,1602673316,thermal_anomaly
2460.0,41.0,0.6833333333333333,1,604.961472404706,364.8628965095479,-240.0985758951581,100.0,99.86588229167336,30.0,29.96587700002243,-8.003285863171936,-8.0003181034032,22.8685348187575,22.882909365526523,24.8374403556632,25.02765721897931,6.1242067686118205,18.243144825477398,3371.5724127386975,3413.1398146051515,3413.0275832943203,-0.0003646798486658404,0.15911699621664602,0.1494948609398142,24.256150960607094,24.182855140941317,0.0,0.0,0.0,0.0,False,none,0.0,0.0,nominal,0.2673277544409908,0.0,58,thermal_anomaly,2.4940452314008352,0.2673277544409908,abrupt,0.0,1.1325919397452502,1602673316,thermal_anomaly
2520.0,42.0,0.7,1,603.7424104347197,361.7557050458495,-241.98670538887018,100.0,100.0,30.0,30.002240469167944,-8.06622351296234,-8.074697771926722,22.884007332981238,23.06808856022459,24.85491640332248,24.906738071873853,6.205116940885321,18.087785252292473,3293.8926261462366,3353.5162203756936,3355.5086056444666,-0.000846095715616464,0.1711523928904116,0.1757470802085944,24.241376261455354,24.31012184080118,0.0,0.0,0.0,0.0,False,none,0.0,0.0,nominal,0.2673277544409908,0.0,58,thermal_anomaly,2.4940452314008352,0.2673277544409908,abrupt,0.0,1.1325919397452502,1602673316,thermal_anomaly
2580.0,43.0,0.7166666666666667,1,602.5051158172811,358.134732861516,-244.37038295576508,100.0,99.71961204128229,30.0,29.938431362197875,-8.145679431858836,-8.123043821748519,22.89973051389178,23.10814687832425,24.87189054538205,24.890003191590683,6.308167472528647,17.9067366430758,3203.3683215379006,3278.442270956797,3277.802541625204,-0.0012630726049780512,0.18157681512445129,0.17040806178499787,24.226671162148925,24.241186745702482,0.0,0.0,0.0,0.0,False,none,0.0,0.0,nominal,0.2673277544409908,0.0,58,thermal_anomaly,2.4940452314008352,0.2673277544409908,abrupt,0.0,1.1325919397452502,1602673316,thermal_anomaly
2640.0,44.0,0.7333333333333333,1,601.2556165273943,354.1582338163552,-247.09738271103907,100.0,99.87433830705902,30.0,29.9985454565409,-8.236579423701302,-8.188991969452085,22.91575646163588,22.870948915927425,24.88833124440063,24.866233085784682,6.427299248235174,17.707911690817763,3103.9558454088806,3191.1990581828386,3190.043249101505,-0.00159738662580824,0.189934665645206,0.1939877112571201,24.212016761677877,24.082639106934042,0.0,0.0,0.0,0.0,False,none,0.0,0.0,nominal,0.2673277544409908,0.0,58,thermal_anomaly,2.4940452314008352,0.2673277544409908,abrupt,0.0,1.1325919397452502,1602673316,thermal_anomaly
2700.0,45.0,0.75,1,600.0,350.0,-250.0,100.0,100.0,30.0,29.980306118328027,-8.333333333333334,-8.351873677024722,22.932113774717916,22.740186005526922,24.904224594445424,24.75635046454355,6.555555555555556,17.5,3000.0,3095.5995290914193,3094.5925647490335,-0.0018344266511800618,0.19586066627950155,0.20393656479818864,24.197396865360076,24.171383621211177,0.0,0.0,0.0,0.0,False,none,0.0,0.0,nominal,0.2673277544409908,0.0,58,thermal_anomaly,2.4940452314008352,0.2673277544409908,abrupt,0.0,1.1325919397452502,1602673316,thermal_anomaly
2760.0,46.0,0.7666666666666667,1,598.7443834726058,345.8417661836448,-252.90261728896104,100.0,100.0,30.0,30.000853602730473,-8.430087242965367,-8.469886644646836,22.948805457649343,22.964030313612824,24.919574974308226,24.919597912693984,6.685309673920594,17.29208830918224,2896.04415459112,2995.82184184127,2993.9937173508347,-0.001963832894540448,0.1990958223635112,0.19835588311202657,24.182798630783033,24.23899495002452,0.0,0.0,0.0,0.0,False,none,0.0,0.0,nominal,0.2673277544409908,0.0,58,thermal_anomaly,2.4940452314008352,0.2673277544409908,abrupt,0.0,1.1325919397452502,1602673316,thermal_anomaly
2820.0,47.0,0.7833333333333333,1,597.4948841827188,341.865267138484,-255.6296170442348,100.0,99.63978776350861,30.0,29.996810454435177,-8.520987234807826,-8.50719289349795,22.96580788449165,22.777773384072894,24.93440490122761,24.959019474776706,6.808577876460634,17.0932633569242,2796.6316784621,2896.226760151685,2899.5157319694276,-0.001979949682094466,0.19949874205236165,0.20562371915343772,24.16821307888662,24.147557609872546,0.0,0.0,0.0,0.0,False,none,0.0,0.0,nominal,0.2673277544409908,0.0,58,thermal_anomaly,2.4940452314008352,0.2673277544409908,abrupt,0.0,1.1325919397452502,1602673316,thermal_anomaly
2880.0,48.0,0.8,1,596.2575895652803,338.2442949541505,-258.0132946111298,100.0,100.0,30.0,30.067077755627295,-8.600443153704328,-8.648056478837749,22.983071069835393,23.15467730948265,24.9487540915132,24.88896983331297,6.917409795207972,16.912214747707527,2706.1073738537634,2801.1670670027247,2792.6836697358467,-0.0018820726328891155,0.1970518158222279,0.19984381863745815,24.153635450138335,24.256675948513365,0.0,0.0,0.0,0.0,False,none,0.0,0.0,nominal,0.2673277544409908,0.0,58,thermal_anomaly,2.4940452314008352,0.2673277544409908,abrupt,0.0,1.1325919397452502,1602673316,thermal_anomaly
2940.0,49.0,0.8166666666666667,1,595.038527595294,335.13710349045215,-259.90142410484185,100.0,100.0,30.0,29.993726995547252,-8.663380803494729,-8.687593608281885,23.000520421268742,22.83824384036716,24.962677769130142,24.925437033896287,7.004333355708877,16.75685517452261,2628.4275872613034,2714.797327132014,2726.510141806315,-0.0016744794436408194,0.19186198609102048,0.19867993900470934,24.139065390160642,23.977377274255158,0.0,0.0,0.0,0.0,False,none,0.0,0.0,nominal,0.2673277544409908,0.0,58,thermal_anomaly,2.4940452314008352,0.2673277544409908,abrupt,0.0,1.1325919397452502,1602673316,thermal_anomaly
3000.0,50.0,0.8333333333333334,1,593.843637420138,332.6794919243112,-261.16414549582674,100.0,100.0,30.0,30.010708613676677,-8.705471516527558,-8.710090429538774,23.01806002789448,22.959739988077256,24.976244296169533,24.927974857971563,7.06281874600581,16.633974596215563,2566.9872981077806,2640.8923126198974,2651.695822550925,-0.0013662429328623966,0.18415607332155992,0.18935885935420496,24.124506954273727,23.984455430067356,0.0,0.0,0.0,0.0,False,none,0.0,0.0,nominal,0.2673277544409908,0.0,58,thermal_anomaly,2.4940452314008352,0.2673277544409908,abrupt,0.0,1.1325919397452502,1602673316,thermal_anomaly
3060.0,51.0,0.85,1,592.6787404246356,330.9788696740969,-261.6998707505387,100.0,100.0,30.0,30.001496551313682,-8.723329025017957,-8.70829953255065,23.035577392868106,23.094907932345393,24.989532228767587,24.93834573512433,7.08771754229766,16.548943483704846,2524.4717418524233,2582.6820272361606,2577.814706855208,-0.0009708345151577116,0.17427086287894278,0.17007348494821997,24.109968426400112,24.10166119026635,0.0,0.0,0.0,0.0,False,none,0.0,0.0,nominal,0.2673277544409908,0.0,58,thermal_anomaly,2.4940452314008352,0.2673277544409908,abrupt,0.0,1.1325919397452502,1602673316,thermal_anomaly
3120.0,52.0,0.8666666666666667,1,591.549511869854,330.1095620926345,-261.43994977721945,100.0,99.73205346243316,30.0,29.963332901705165,-8.714664992573981,-8.66421404651848,23.05294936475964,22.96845931763957,25.00262692714671,24.87846332309986,7.075630874623557,16.505478104631727,2502.7390523158633,2542.710539776012,2555.560942206981,-0.0005055354357605888,0.16263838589401472,0.15519760336386296,24.09546195471232,23.99894459766352,0.0,0.0,0.0,0.0,False,none,0.0,0.0,nominal,0.2673277544409908,0.0,58,thermal_anomaly,2.4940452314008352,0.2673277544409908,abrupt,0.0,1.1325919397452502,1602673316,thermal_anomaly
3180.0,53.0,0.8833333333333333,1,590.4614532438023,330.1095620926345,-260.3518911511678,100.0,99.94146367617827,30.0,29.995836363574707,-8.678396371705594,-8.615916271342384,23.070048885526933,22.979743607667224,25.0156168679388,25.15827147115168,7.025165086754626,16.505478104631727,2502.7390523158633,2522.724796045938,2513.2699949942485,9.318502806628603e-06,0.15023296257016572,0.14381503158444658,24.081004272189787,24.073650032180634,0.0,0.0,0.0,0.0,False,none,0.0,0.0,nominal,0.2673277544409908,0.0,58,thermal_anomaly,2.4940452314008352,0.2673277544409908,abrupt,0.0,1.1325919397452502,1602673316,thermal_anomaly
3240.0,54.0,0.9,1,589.4198654587356,330.9788696740969,-258.44099578463863,100.0,99.41832167727331,30.0,30.004602253222437,-8.614699859487954,-8.638746874225077,23.086752073192187,23.021187283117417,25.0285898199627,25.029970124823542,6.937044293524942,16.548943483704846,2524.471741852423,2523.5982689491807,2525.3973187307224,0.0005512257128852536,0.16378064282213134,0.16354654316694237,24.06668537863993,23.995625100179574,0.0,0.0,0.0,0.0,False,none,0.0,0.0,nominal,0.2673277544409908,0.0,58,thermal_anomaly,2.4940452314008352,0.2673277544409908,abrupt,0.0,1.1325919397452502,1602673316,thermal_anomaly
3300.0,55.0,0.9166666666666666,1,588.4298230256423,332.67949192431126,-255.75033110133108,100.0,100.0,30.0,29.96125679598736,-8.525011036711037,-8.501039695973889,23.102945110933312,22.91837522587936,25.04162905059543,25.125530842166096,6.814065054083598,16.633974596215563,2566.987298107781,2545.292783528481,2540.132244785672,0.0010965022490355618,0.17741255622588903,0.179473935584312,24.05252510515335,24.017810556435865,0.0,0.0,0.0,0.0,False,none,0.0,0.0,nominal,0.2673277544409908,0.0,58,thermal_anomaly,2.4940452314008352,0.2673277544409908,abrupt,0.0,1.1325919397452502,1602673316,thermal_anomaly
3360.0,56.0,0.9333333333333333,0,0.0,335.1371034904521,335.1371034904521,99.50128407218682,99.45264732364966,29.980051362887473,30.053432752004515,11.178670090783127,11.182635913362363,23.114984150934,23.134365656009372,25.03880972853971,25.0399411763359,10.99701319988554,16.756855174522606,2628.427587261303,2586.860185394892,2585.9782158752155,0.001621316910100646,0.19053292275251615,0.18899755211000044,24.03854096867853,24.109736217069344,0.0,0.0,0.0,0.0,False,none,0.0,0.0,nominal,0.2673277544409908,0.0,58,thermal_anomaly,2.4940452314008352,0.2673277544409908,abrupt,0.0,1.1325919397452502,1602673316,thermal_anomaly
3420.0,57.0,0.95,0,0.0,338.2442949541505,338.2442949541505,98.99794434755268,99.29345988850696,29.959917773902106,29.943679684739504,11.289893967893095,11.327097922919078,23.127617367576732,23.360000122168106,25.03632368020681,25.026740866316953,11.19693646450151,16.912214747707527,2706.1073738537634,2646.4837796243282,2644.4737117493296,0.0021027327770518148,0.20256831942629536,0.20377247520857827,24.024747352330543,24.131037510190524,0.0,0.0,0.0,0.0,False,none,0.0,0.0,nominal,0.2673277544409908,0.0,58,thermal_anomaly,2.4940452314008352,0.2673277544409908,abrupt,0.0,1.1325919397452502,1602673316,thermal_anomaly
3480.0,58.0,0.9666666666666667,0,0.0,341.865267138484,341.865267138484,98.48921627145373,98.23572536602472,29.93956865085815,29.966445763397797,11.41851010364123,11.393089975371657,23.140953629501126,23.268143216592616,25.034219617479003,25.139579173301442,11.430589838956548,17.0932633569242,2796.6316784620994,2721.5577290432134,2730.9054846794975,0.0025197096664136814,0.21299274166034204,0.20056703658964473,24.011154813725696,23.82310807946282,0.0,0.0,0.0,0.0,False,none,0.0,0.0,nominal,0.2673277544409908,0.0,58,thermal_anomaly,2.4940452314008352,0.2673277544409908,abrupt,0.0,1.1325919397452502,1602673316,thermal_anomaly
3540.0,59.0,0.9833333333333333,0,0.0,345.84176618364484,345.84176618364484,97.9745707860614,98.11427898814743,29.918982831442456,29.999860681913695,11.55927553192727,11.568937371072973,23.15507240127692,23.174343916399437,25.032530037157535,24.872964242896604,11.689348065840997,17.292088309182244,2896.0441545911203,2808.8009418171673,2808.004310488659,0.002854023687244039,0.22135059218110098,0.22351208724425042,23.997769556621925,23.983678799701007,0.0,0.0,0.0,0.0,False,none,0.0,0.0,nominal,0.2673277544409908,0.0,58,thermal_anomaly,2.4940452314008352,0.2673277544409908,abrupt,0.0,1.1325919397452502,1602673316,thermal_anomaly
3600.0,60.0,1.0,0,0.0,350.0,350.0,97.45373745272806,97.42582156784269,29.898149498109124,29.898604000902175,11.706410124885334,11.678394333917534,23.170019310339132,23.244859943241455,25.031269796860276,24.910199177807065,11.96320304096143,17.5,2999.9999999999995,2904.4004709085834,2906.7395541487163,0.0030910637126159027,0.22727659281539755,0.23194358949121574,23.984593094723543,23.98978986424979,0.0,0.0,0.0,0.0,False,none,0.0,0.0,nominal,0.2673277544409908,0.0,58,thermal_anomaly,2.4940452314008352,0.2673277544409908,abrupt,0.0,1.1325919397452502,1602673316,thermal_anomaly
3660.0,61.0,1.0166666666666666,0,0.0,354.15823381635516,354.15823381635516,96.92671627145373,96.90091835453461,29.87706865085815,29.8928053206633,11.853848111909159,11.898278760911687,23.185802851826487,23.320291490728263,25.03043546186703,24.933498209085364,12.241097204816986,17.70791169081776,3103.955845408879,3004.1781581587315,2999.927040636279,0.003220469955976316,0.2305117488994079,0.23151155933735887,23.971622127828866,23.928792086942558,0.0,0.0,0.0,0.0,False,none,0.0,0.0,nominal,0.2673277544409908,0.0,58,thermal_anomaly,2.4940452314008352,0.2673277544409908,abrupt,0.0,1.1325919397452502,1602673316,thermal_anomaly
3720.0,62.0,1.0333333333333334,0,0.0,358.134732861516,358.134732861516,96.39377768088599,96.73318099777786,29.85575110723544,29.800098287088513,11.9955023598359,12.035571995198483,23.20239258854615,23.134277954583712,25.030005451458244,25.02424529585717,12.511366149186292,17.9067366430758,3203.368321537899,3103.7732398483154,3101.9224905853243,0.0032365867435303623,0.23091466858825904,0.23359040982700513,23.958848639988698,23.963741558980356,0.0,0.0,0.0,0.0,False,none,0.0,0.0,nominal,0.2673277544409908,0.0,58,thermal_anomaly,2.4940452314008352,0.2673277544409908,abrupt,0.0,1.1325919397452502,1602673316,thermal_anomaly
3780.0,63.0,1.05,0,0.0,361.7557050458495,361.7557050458495,95.85545073885348,95.91259933108817,29.83421802955414,29.84184430678749,12.125529976602365,12.13745656841395,23.2197191602718,23.321212697680416,25.029940978351163,24.992008248622263,12.762278177078606,18.087785252292473,3293.8926261462366,3198.8329329972757,3203.2911329325652,0.0031387096943250254,0.22846774235812561,0.22507740444516547,23.946260217674297,23.855200575371477,0.0,0.0,0.0,0.0,False,none,0.0,0.0,nominal,0.2673277544409908,0.0,58,thermal_anomaly,2.4940452314008352,0.2673277544409908,abrupt,0.0,1.1325919397452502,1602673316,thermal_anomaly
3840.0,64.0,1.0666666666666667,0,0.0,364.86289650954785,364.86289650954785,95.31249999999997,95.24045643610467,29.8125,29.75895192654607,12.238587723590703,12.351986413986637,23.237676319834975,23.03885249237053,25.030187740175307,25.001499311908606,12.982642357442005,18.243144825477394,3371.5724127386966,3285.202672867986,3302.0752275154978,0.0029311165050767297,0.22327791262691823,0.22269713525657878,23.933840573975722,23.79160429625769,0.0,0.0,0.0,0.0,False,none,0.0,0.0,nominal,0.2673277544409908,0.0,58,thermal_anomaly,2.4940452314008352,0.2673277544409908,abrupt,0.0,1.1325919397452502,1602673316,thermal_anomaly
3900.0,65.0,1.0833333333333333,0,0.0,367.3205080756888,367.3205080756888,94.76589210107781,95.34171772013619,29.790635684043114,29.74608541331923,12.330066131231911,12.348241163594887,23.256125070129446,23.25052017602514,25.030678289061473,24.757681040691732,13.162442464044181,18.36602540378444,3433.0127018922194,3359.107687380103,3357.8063798988483,0.0026228799942983206,0.215571999857458,0.2252032886217285,23.92157025349694,23.740773535750115,0.0,0.0,0.0,0.0,False,none,0.0,0.0,nominal,0.2673277544409908,0.0,58,thermal_anomaly,2.4940452314008352,0.2673277544409908,abrupt,0.0,1.1325919397452502,1602673316,thermal_anomaly
3960.0,66.0,1.1,0,0.0,369.0211303259031,369.0211303259031,94.21675351428333,94.40797918992243,29.768670140571334,29.766890234541002,12.396292094451642,12.420324147364463,23.27489980175959,23.147857319842682,25.031334975781572,24.91049252142845,13.293444615277142,18.451056516295154,3475.5282581475767,3417.31797276384,3415.498053893823,0.0022274715765936287,0.2056867894148407,0.2066812719786882,23.909427482785624,24.060450347550482,0.0,0.0,0.0,0.0,False,none,0.0,0.0,nominal,0.2673277544409908,0.0,58,thermal_anomaly,2.4940452314008352,0.2673277544409908,abrupt,0.0,1.1325919397452502,1602673316,thermal_anomaly
4020.0,67.0,1.1166666666666667,0,0.0,369.8904379073655,369.8904379073655,93.6663213150164,93.81757676878429,29.746652852600654,29.73450759899975,12.434691047097997,12.474953801831193,23.293816147332176,23.24201246286892,25.032073339766058,25.17464396341971,13.369723314942329,18.494521895368276,3497.2609476841367,3457.2894602239876,3455.682537988111,0.001762172497196506,0.19405431242991264,0.20329199007561946,23.897389123596383,23.869244690798624,0.0,0.0,0.0,0.0,False,none,0.0,0.0,nominal,0.2673277544409908,0.0,58,thermal_anomaly,2.4940452314008352,0.2673277544409908,abrupt,0.0,1.1325919397452502,1602673316,thermal_anomaly
4080.0,68.0,1.1333333333333333,0,0.0,369.8904379073655,369.8904379073655,93.11588911574948,93.24277818851155,29.724635564629978,29.76297125918197,12.443901527509611,12.441744265860864,23.312680099841877,23.39519930078666,25.032805796838666,24.9279240530331,13.388054818108483,18.494521895368276,3497.2609476841367,3477.2752039540624,3474.2022560610803,0.0012473185586292885,0.18118296396573222,0.18083803881294716,23.885431681569983,23.859379206092054,0.0,0.0,0.0,0.0,False,none,0.0,0.0,nominal,0.2673277544409908,0.0,58,thermal_anomaly,2.4940452314008352,0.2673277544409908,abrupt,0.0,1.1325919397452502,1602673316,thermal_anomaly
4140.0,69.0,1.15,0,0.0,369.0211303259031,369.0211303259031,92.56675052895498,92.51657676038768,29.702670021158198,29.69201230996031,12.42383698378082,12.39774983925667,23.33129781268271,23.205261721287858,25.033445463496548,24.80154372208385,13.348138031964808,18.451056516295154,3475.5282581475767,3476.4017310508193,3479.1007282941223,0.0007054113485506565,0.1676352837137664,0.17293073857868668,23.873532321261713,23.90216935494273,0.0,0.0,0.0,0.0,False,none,0.0,0.0,nominal,0.2673277544409908,0.0,58,thermal_anomaly,2.4940452314008352,0.2673277544409908,abrupt,0.0,1.1325919397452502,1602673316,thermal_anomaly
4200.0,70.0,1.1666666666666667,0,0.0,367.3205080756888,367.3205080756888,92.02014263003282,92.20822376994619,29.680805705201312,29.647415187645706,12.375691944619918,12.357419906737341,23.349485426102113,23.314908221248366,25.033909950596144,24.974413571844398,13.252620088650426,18.36602540378444,3433.0127018922194,3454.7072164715196,3465.915462088703,0.00016013481240036284,0.15400337031000907,0.1583335757915882,23.861669839808748,23.939123552969427,0.0,0.0,0.0,0.0,False,none,0.0,0.0,nominal,0.2673277544409908,0.0,58,thermal_anomaly,2.4940452314008352,0.2673277544409908,abrupt,0.0,1.1325919397452502,1602673316,thermal_anomaly
4260.0,71.0,1.1833333333333333,0,0.0,364.8628965095479,364.8628965095479,91.47719189117932,91.47129398241624,29.65908767564717,29.69266450247962,12.301892104696591,12.300343089565626,23.367078260040326,23.488929881262415,25.03412496064233,25.178834446841655,13.106923948447706,18.243144825477398,3371.5724127386975,3413.1398146051083,3417.8521413469425,-0.00036467984866472153,0.15911699621661804,0.15914992191521063,23.84987478732624,23.777024467929756,0.0,0.0,0.0,0.0,False,none,0.0,0.0,nominal,0.2673277544409908,0.0,58,thermal_anomaly,2.4940452314008352,0.2673277544409908,abrupt,0.0,1.1325919397452502,1602673316,thermal_anomaly
4320.0,72.0,1.2,0,0.0,361.7557050458495,361.7557050458495,90.9388649491468,90.9831439190027,29.637554597965874,29.6155881371842,12.205990337363327,12.252351479485142,23.383938777177633,23.56194408822112,25.034027531461778,24.870130925054035,12.918896009264552,18.087785252292473,3293.8926261462366,3353.516220375672,3353.8780640821847,-0.0008460957156159048,0.1711523928903976,0.17223062237265582,23.838147159474104,23.91964681808016,0.0,0.0,0.0,0.0,False,none,0.0,0.0,nominal,0.2673277544409908,0.0,58,thermal_anomaly,2.4940452314008352,0.2673277544409908,abrupt,0.0,1.1325919397452502,1602673316,thermal_anomaly
4380.0,73.0,1.2166666666666666,0,0.0,358.134732861516,358.134732861516,90.40592635857907,90.33683252202766,29.616237054343163,29.605465590627464,12.092513042908543,12.090763916831124,23.39996284363268,23.32370960886307,25.033568784496236,25.128007430398835,12.698309735433059,17.9067366430758,3203.3683215379006,3278.4422709567866,3278.2004463048706,-0.001263072604977771,0.18157681512444426,0.18942690232670112,23.826466278432534,23.550761456070877,0.0,0.0,0.0,0.0,False,none,0.0,0.0,nominal,0.2673277544409908,0.0,58,thermal_anomaly,2.4940452314008352,0.2673277544409908,abrupt,0.0,1.1325919397452502,1602673316,thermal_anomaly
4440.0,74.0,1.2333333333333334,0,0.0,354.15823381635516,354.15823381635516,89.87890517730473,90.26042000254564,29.595156207092188,29.586628317673952,11.966763457443236,11.911935163879296,23.41508398060992,23.495020431567525,25.032716057601903,24.990636873521936,12.456274211711902,17.70791169081776,3103.9558454088797,3191.199058182833,3185.070271531631,-0.0015973866258081216,0.18993466564520303,0.1923462349694882,23.81481341458936,24.02811238921453,0.0,0.0,0.0,0.0,False,none,0.0,0.0,nominal,0.2673277544409908,0.0,58,thermal_anomaly,2.4940452314008352,0.2673277544409908,abrupt,0.0,1.1325919397452502,1602673316,thermal_anomaly
4500.0,75.0,1.25,0,0.0,350.0,350.0,89.3580718439714,89.30383644518662,29.574322873758856,29.56008807593968,11.834590482223794,11.788835719645228,23.429275485228114,23.42442324062078,25.031454329141088,24.98625033982059,12.20460255055536,17.5,3000.0000000000005,3095.599529091417,3098.3866573052223,-0.0018344266511799855,0.19586066627949963,0.19251083949116388,23.80317254337472,23.859136965212098,0.0,0.0,0.0,0.0,False,none,0.0,0.0,nominal,0.2673277544409908,0.0,58,thermal_anomaly,2.4940452314008352,0.2673277544409908,abrupt,0.0,1.1325919397452502,1602673316,thermal_anomaly
4560.0,76.0,1.2666666666666666,0,0.0,345.8417661836448,345.8417661836448,88.84342635857907,88.74742688153178,29.553737054343163,29.585652651267484,11.702133153168205,11.704981743776264,23.442550477739275,23.413168953084657,25.029786871126323,25.002761456307272,11.955193626758275,17.29208830918224,2896.04415459112,2995.8218418412685,3000.7281352831205,-0.0019638328945404205,0.1990958223635105,0.19541573208843108,23.791530991212568,23.722132027444218,0.0,0.0,0.0,0.0,False,none,0.0,0.0,nominal,0.2673277544409908,0.0,58,thermal_anomaly,2.4940452314008352,0.2673277544409908,abrupt,0.0,1.1325919397452502,1602673316,thermal_anomaly
4620.0,77.0,1.2833333333333334,0,0.0,341.865267138484,341.865267138484,88.33469828248013,88.36651528365336,29.533387931299206,29.546413743095528,11.575551979804471,11.576649072472268,23.454960082509412,23.342541912106867,25.027735102871162,25.156031307476738,11.719472290972417,17.0932633569242,2796.631678462101,2896.226760151685,2900.2170546451,-0.001979949682094438,0.19949874205236096,0.20726216936135328,23.779879946612933,23.609351690736226,0.0,0.0,0.0,0.0,False,none,0.0,0.0,nominal,0.2673277544409908,0.0,58,thermal_anomaly,2.4940452314008352,0.2673277544409908,abrupt,0.0,1.1325919397452502,1602673316,thermal_anomaly
4680.0,78.0,1.3,0,0.0,338.2442949541506,338.2442949541506,87.83135855784599,88.01034754825325,29.51325434231384,29.49871427976069,11.46075898750352,11.42318680457404,23.466590054432928,23.46640120342522,25.02533765154361,24.948346640293032,11.507919725571414,16.91221474770753,2706.107373853764,2801.1670670027247,2799.415600544536,-0.0018820726328891081,0.1970518158222277,0.20618448451964788,23.768214816356704,23.835289134955303,0.0,0.0,0.0,0.0,False,none,0.0,0.0,nominal,0.2673277544409908,0.0,58,thermal_anomaly,2.4940452314008352,0.2673277544409908,abrupt,0.0,1.1325919397452502,1602673316,thermal_anomaly
4740.0,79.0,1.3166666666666667,0,0.0,335.1371034904521,335.1371034904521,87.33264263003281,87.45151877002623,29.493305705201312,29.492736362767292,11.363158366861153,11.319826347763744,23.477556212258428,23.363224559992993,25.022648660680304,25.03848129372468,11.32970944562933,16.756855174522606,2628.4275872613025,2714.7973271320134,2720.1958729252465,-0.0016744794436408268,0.19186198609102068,0.19811744349475172,23.756535411132372,23.930720915741684,0.0,0.0,0.0,0.0,False,none,0.0,0.0,nominal,0.2673277544409908,0.0,58,thermal_anomaly,2.4940452314008352,0.2673277544409908,abrupt,0.0,1.1325919397452502,1602673316,thermal_anomaly
4800.0,80.0,1.3333333333333333,0,0.0,332.67949192431126,332.67949192431126,86.8375838622883,86.91595598220597,29.473503354491534,29.454646355829663,11.287409166227043,11.334474274087055,23.487999036501098,23.489190524721266,25.019735420587292,24.788213521979106,11.192448454866103,16.633974596215563,2566.987298107781,2640.8923126198974,2645.8087931734603,-0.0013662429328623821,0.18415607332155953,0.18339156203136117,23.74484595008817,23.70133653720097,0.0,0.0,0.0,0.0,False,none,0.0,0.0,nominal,0.2673277544409908,0.0,58,thermal_anomaly,2.4940452314008352,0.2673277544409908,abrupt,0.0,1.1325919397452502,1602673316,thermal_anomaly
4860.0,81.0,1.35,0,0.0,330.9788696740969,330.9788696740969,86.34505578241614,86.17069431850844,29.453802231296645,29.444556809268075,11.237220480906524,11.221135605707923,23.498077742051827,23.54578890776575,25.01667542419,25.115577679749293,11.102009930920405,16.548943483704846,2524.4717418524233,2582.6820272361606,2583.2833260881453,-0.0009708345151577116,0.17427086287894278,0.17352216387523944,23.733154879745946,23.935915432046922,0.0,0.0,0.0,0.0,False,none,0.0,0.0,nominal,0.2673277544409908,0.0,58,thermal_anomaly,2.4940452314008352,0.2673277544409908,abrupt,0.0,1.1325919397452502,1602673316,thermal_anomaly
4920.0,82.0,1.3666666666666667,0,0.0,330.1095620926345,330.1095620926345,85.85382131501638,85.93467207465234,29.434152852600654,29.445556706532976,11.215188143709993,11.133283418384238,23.5079640609592,23.44689900825867,25.013552977005745,24.834590810854365,11.062435607905055,16.505478104631727,2502.7390523158633,2542.710539776012,2541.774155844771,-0.0005055354357605888,0.16263838589401472,0.161881553879018,23.721474509658062,23.665972720200706,0.0,0.0,0.0,0.0,False,none,0.0,0.0,nominal,0.2673277544409908,0.0,58,thermal_anomaly,2.4940452314008352,0.2673277544409908,abrupt,0.0,1.1325919397452502,1602673316,thermal_anomaly
4980.0,83.0,1.3833333333333333,0,0.0,330.1095620926345,330.1095620926345,85.36258684761663,85.41681636329481,29.414503473904666,29.426950698287108,11.222680076360769,11.225971408091272,23.517835889419135,23.546924611374557,25.010455509398962,24.94827542120733,11.075883847707596,16.505478104631727,2502.7390523158633,2522.724796045938,2518.6629725644584,9.318502806628603e-06,0.15023296257016572,0.1339029230568964,23.709821732973435,23.59244181197131,0.0,0.0,0.0,0.0,False,none,0.0,0.0,nominal,0.2673277544409908,0.0,58,thermal_anomaly,2.4940452314008352,0.2673277544409908,abrupt,0.0,1.1325919397452502,1602673316,thermal_anomaly
5040.0,84.0,1.4,0,0.0,330.9788696740969,330.9788696740969,84.87005876774447,85.24921564389865,29.394802350709778,29.40905397366209,11.259775307388825,11.26053013421339,23.527870884742057,23.545316058404904,25.00746975229118,25.07549352436192,11.142603197830649,16.548943483704846,2524.4717418524233,2523.5982689491807,2517.787505245204,0.0005512257128852607,0.1637806428221315,0.1584396376791064,23.698286708467702,23.60160053129996,0.0,0.0,0.0,0.0,False,none,0.0,0.0,nominal,0.2673277544409908,0.0,58,thermal_anomaly,2.4940452314008352,0.2673277544409908,abrupt,0.0,1.1325919397452502,1602673316,thermal_anomaly
5100.0,85.0,1.4166666666666667,0,0.0,332.6794919243112,332.6794919243112,84.37499999999994,84.44756855259492,29.374999999999996,29.388811934303867,11.325259299551021,11.327152725627732,23.538240058954155,23.443193572476826,25.004677943465282,24.90195311835405,11.260919856165351,16.633974596215563,2566.9872981077806,2545.292783528481,2541.598459029829,0.0010965022490355544,0.17741255622588886,0.16784301985410888,23.686889425007415,23.72898082111146,0.0,0.0,0.0,0.0,False,none,0.0,0.0,nominal,0.2673277544409908,0.0,58,thermal_anomaly,2.4940452314008352,0.2673277544409908,abrupt,0.0,1.1325919397452502,1602673316,thermal_anomaly
5160.0,86.0,1.4333333333333333,0,0.0,335.1371034904521,335.1371034904521,83.87628407218678,84.25921037771828,29.355051362887473,29.330097508637646,11.416675765526126,11.396051926740029,23.549101414743138,23.48102698153779,25.002154230266605,25.018192359519677,11.427238842812123,16.756855174522606,2628.4275872613025,2586.860185394892,2586.7988171614807,0.0016213169101006388,0.19053292275251596,0.18821178798270138,23.67564755613369,23.63166032995803,0.0,0.0,0.0,0.0,False,none,0.0,0.0,nominal,0.2673277544409908,0.0,58,thermal_anomaly,2.4940452314008352,0.2673277544409908,abrupt,0.0,1.1325919397452502,1602673316,thermal_anomaly
5220.0,87.0,1.45,0,0.0,338.2442949541505,338.2442949541505,83.37294434755262,83.14720775735876,29.334917773902106,29.353531644124214,11.530432693255085,11.46952152497437,23.56059370707966,23.479980421095206,24.99996142591989,25.16195329923105,11.636070247494857,16.912214747707527,2706.107373853763,2646.483779624328,2640.1706892585466,0.002102732777051808,0.2025683194262952,0.20071763308695748,23.66457564037979,23.600003791061614,0.0,0.0,0.0,0.0,False,none,0.0,0.0,nominal,0.2673277544409908,0.0,58,thermal_anomaly,2.4940452314008352,0.2673277544409908,abrupt,0.0,1.1325919397452502,1602673316,thermal_anomaly
5280.0,88.0,1.4666666666666666,0,0.0,341.86526713848394,341.86526713848394,82.86421627145369,82.79284030116945,29.31456865085815,29.326056141022143,11.66195795715644,11.706824594894666,23.57283048174238,23.572134744531212,24.998148261226376,25.028029805609073,11.880101071558753,17.093263356924197,2796.6316784620985,2721.557729043213,2721.1226058160482,0.0025197096664136814,0.21299274166034204,0.20539677707688028,23.653684389614575,23.671491245524187,0.0,0.0,0.0,0.0,False,none,0.0,0.0,nominal,0.2673277544409908,0.0,58,thermal_anomaly,2.4940452314008352,0.2673277544409908,abrupt,0.0,1.1325919397452502,1602673316,thermal_anomaly
5340.0,89.0,1.4833333333333334,0,0.0,345.8417661836448,345.8417661836448,82.34957078606136,82.73190135962668,29.293982831442456,29.34742477738592,11.80589775632825,11.754955321495965,23.585894624674026,23.65479260899302,24.99674725175493,25.004983115996996,12.150337746630113,17.29208830918224,2896.0441545911194,2808.800941817166,2805.7672868760646,0.002854023687244032,0.22135059218110079,0.21551639543369616,23.64298016069164,23.48780402118168,0.0,0.0,0.0,0.0,False,none,0.0,0.0,nominal,0.2673277544409908,0.0,58,thermal_anomaly,2.4940452314008352,0.2673277544409908,abrupt,0.0,1.1325919397452502,1602673316,thermal_anomaly
5400.0,90.0,1.5,1,600.0,350.0,-250.0,82.72159459558517,82.80021956298505,29.308863783823405,29.35412897455562,-8.529842775344427,-8.517534621235011,23.599114781665207,23.704783934990523,25.01177327374089,25.055169872348305,6.820657421767642,17.5,2999.9999999999995,2904.400470908583,2907.5007457877045,0.003091063712615916,0.22727659281539792,0.2255685281409424,23.632464619262734,23.67675748717156,0.0,0.0,0.0,0.0,False,none,0.0,0.0,nominal,0.2673277544409908,0.0,58,thermal_anomaly,2.4940452314008352,0.2673277544409908,abrupt,0.0,1.1325919397452502,1602673316,thermal_anomaly
5460.0,91.0,1.5166666666666666,1,601.2556165273943,354.1582338163552,-247.09738271103907,83.08929903414327,83.14823404748226,29.32357196136573,29.33223910377906,-8.426578557230128,-8.381155580115905,23.611788686623527,23.75993719400194,25.027094910932597,24.86912603405634,6.680578094493646,17.707911690817763,3103.9558454088797,3004.1781581587315,2996.9444717026945,0.0032204699559763308,0.23051174889940826,0.227604759128799,23.622134615934012,23.677186558725303,0.0,0.0,0.0,0.0,False,none,0.0,0.0,nominal,0.2673277544409908,0.0,58,thermal_anomaly,2.4940452314008352,0.2673277544409908,abrupt,0.0,1.1325919397452502,1602673316,thermal_anomaly
5520.0,92.0,1.5333333333333334,1,602.5051158172811,358.13473286151606,-244.37038295576502,83.45294543735125,83.36333365499277,29.33811781749405,29.30998647370316,-8.32944991481523,-8.330844644666549,23.623952550739364,23.58869079296059,25.042691624931287,24.968825758805234,6.550378870673236,17.906736643075803,3203.368321537901,3103.7732398483167,3106.8681390498705,0.0032365867435303836,0.2309146685882596,0.23505266659097487,23.611982284433054,23.67149586537421,0.0,0.0,0.0,0.0,False,none,0.0,0.0,nominal,0.2673277544409908,0.0,58,thermal_anomaly,2.4940452314008352,0.2673277544409908,abrupt,0.0,1.1325919397452502,1602673316,thermal_anomaly
5580.0,93.0,1.55,1,603.7424104347197,361.7557050458494,-241.98670538887023,83.81304470132278,83.86684521693395,29.35252178805291,29.377612431626222,-8.244153846003238,-8.234957782235195,23.63566645480468,23.65473799259759,25.05852566243642,24.886442602113483,6.437285810925598,18.087785252292473,3293.892626146236,3198.8329329972757,3202.1867296959845,0.0031387096943250046,0.22846774235812511,0.22268494823852528,23.60199535978532,23.511887098664616,0.0,0.0,0.0,0.0,False,none,0.0,0.0,nominal,0.2673277544409908,0.0,58,thermal_anomaly,2.4940452314008352,0.2673277544409908,abrupt,0.0,1.1325919397452502,1602673316,thermal_anomaly
5640.0,94.0,1.5666666666666667,1,604.961472404706,364.8628965095479,-240.0985758951581,84.1703342487858,84.1072365692187,29.366813369951434,29.404446033395942,-8.175847098917126,-8.165945980111335,23.64701098295182,23.583834257531887,25.07454374678788,24.96683298307756,6.3475580627897275,18.243144825477398,3371.572412738697,3285.202672867987,3291.3687139330127,0.002931116505076744,0.2232779126269186,0.22989408580599907,23.59215770252091,23.583381801368798,0.0,0.0,0.0,0.0,False,none,0.0,0.0,nominal,0.2673277544409908,0.0,58,thermal_anomaly,2.4940452314008352,0.2673277544409908,abrupt,0.0,1.1325919397452502,1602673316,thermal_anomaly
5700.0,95.0,1.5833333333333333,1,606.1563625798619,367.32050807568874,-238.8358545041732,84.52574474655987,84.37020904878746,29.381029789862396,29.339421158715965,-8.128913663420365,-8.110603448538482,23.65808338034673,23.801201215531385,25.09067944762115,25.061118162727347,6.286338987787384,18.366025403784437,3433.012701892219,3359.107687380103,3347.145430891166,0.0026228799942982993,0.21557199985745748,0.2189264698137823,23.582450003578042,23.610025139516516,0.0,0.0,0.0,0.0,False,none,0.0,0.0,nominal,0.2673277544409908,0.0,58,thermal_anomaly,2.4940452314008352,0.2673277544409908,abrupt,0.0,1.1325919397452502,1602673316,thermal_anomaly
5760.0,96.0,1.6,1,607.3212595753644,369.0211303259031,-238.3001292494613,84.88035803413348,84.77799202125381,29.395214321365337,29.43102224925385,-8.106766177794373,-8.126623319874128,23.668993455494366,23.577171422850785,25.10685612507277,25.096243541301202,6.257572628914463,18.451056516295154,3475.5282581475767,3417.31797276384,3421.876067461862,0.0022274715765936287,0.2056867894148407,0.20057742208175183,23.572850634741116,23.61971743793832,0.0,0.0,0.0,0.0,False,none,0.0,0.0,nominal,0.2673277544409908,0.0,58,thermal_anomaly,2.4940452314008352,0.2673277544409908,abrupt,0.0,1.1325919397452502,1602673316,thermal_anomaly
5820.0,97.0,1.6166666666666667,1,608.450488130146,369.8904379073655,-238.56005022278055,85.23535810886975,84.99989319024387,29.409414324354792,29.37159696813771,-8.111689936824822,-8.083662702897099,23.67985936506305,23.44881041365489,25.122990319862925,25.43723592553418,6.263961090494807,18.494521895368276,3497.260947684136,3457.2894602239876,3455.8966616382577,0.001762172497196499,0.19405431242991247,0.18737494378693567,23.56333660191221,23.662899971638844,0.0,0.0,0.0,0.0,False,none,0.0,0.0,nominal,0.2673277544409908,0.0,58,thermal_anomaly,2.4940452314008352,0.2673277544409908,abrupt,0.0,1.1325919397452502,1602673316,thermal_anomaly
5880.0,98.0,1.6333333333333333,1,609.5385467561977,369.8904379073655,-239.64810884883218,85.59197731846623,85.85595980271357,29.42367909273865,29.40858443469181,-8.1447363565073,-8.137377115289297,23.690803336957206,23.691451969090664,25.138995441094757,25.220539728276847,6.306938425360945,18.494521895368276,3497.2609476841367,3477.2752039540624,3478.7896595925067,0.0012473185586292885,0.18118296396573222,0.1708737046330016,23.55388455379844,23.569743135523897,0.0,0.0,0.0,0.0,False,none,0.0,0.0,nominal,0.2673277544409908,0.0,58,thermal_anomaly,2.4940452314008352,0.2673277544409908,abrupt,0.0,1.1325919397452502,1602673316,thermal_anomaly
5940.0,99.0,1.65,1,610.5801345412646,369.0211303259031,-241.55900421536148,85.95144012235814,85.92064597675162,29.438057604894325,29.435200945656035,-8.205670613783983,-8.177650717846133,23.70194732499464,23.71325290640039,25.15478559059859,24.99523356947693,6.386642417753441,18.451056516295154,3475.5282581475763,3476.4017310508193,3481.6808311363884,0.0007054113485506565,0.1676352837137664,0.16098096515223861,23.544471796948457,23.619275042650926,0.0,0.0,0.0,0.0,False,none,0.0,0.0,nominal,0.2673277544409908,0.0,58,thermal_anomaly,2.4940452314008352,0.2673277544409908,abrupt,0.0,1.1325919397452502,1602673316,thermal_anomaly
6000.0,100.0,1.6666666666666667,1,611.5701769743577,367.3205080756888,-244.24966889866886,86.3149068915526,86.45654547437108,29.452596275662103,29.438118372765587,-8.29297582503796,-8.334418064089077,23.713408560520584,23.662446059462354,25.17027935668137,25.18052380264854,6.5018758427731225,18.36602540378444,3433.0127018922194,3454.7072164715196,3450.205341496352,0.00016013481240036284,0.15400337031000907,0.16269359475442607,23.53507726942784,23.642381960961377,0.0,0.0,0.0,0.0,False,none,0.0,0.0,nominal,0.2673277544409908,0.0,58,thermal_anomaly,2.4940452314008352,0.2673277544409908,abrupt,0.0,1.1325919397452502,1602673316,thermal_anomaly
6060.0,101.0,1.6833333333333333,1,612.503850668262,364.86289650954785,-247.64095415871412,86.68342021619354,86.61230921880936,29.46733680864774,29.510126506064317,-8.403913654186736,-8.420109399372127,23.725294979746,23.560859451191916,25.185403411478873,25.31846158336142,6.650061176562101,18.243144825477394,3371.5724127386966,3413.1398146051083,3404.469699698599,-0.00036467984866473584,0.1591169962166184,0.1647894538956127,23.52573166122319,23.62570183368048,0.0,0.0,0.0,0.0,False,none,0.0,0.0,nominal,0.2673277544409908,0.0,58,thermal_anomaly,2.4940452314008352,0.2673277544409908,abrupt,0.0,1.1325919397452502,1602673316,thermal_anomaly
6120.0,102.0,1.7,1,613.376606858593,361.7557050458495,-251.62090181274357,87.0578560819863,86.70161978843191,29.482314243279454,29.46441943006407,-8.534638757881803,-8.46789710138845,23.737700558861533,23.96556949555698,25.200095754691628,25.32824974766102,6.827204698203059,18.087785252292473,3293.892626146237,3353.516220375672,3350.060491776524,-0.0008460957156158976,0.17115239289039744,0.16694507832002548,23.51643510681683,23.54695604793007,0.0,0.0,0.0,0.0,False,none,0.0,0.0,nominal,0.2673277544409908,0.0,58,thermal_anomaly,2.4940452314008352,0.2673277544409908,abrupt,0.0,1.1325919397452502,1602673316,thermal_anomaly
6180.0,103.0,1.7166666666666666,1,614.184193564921,358.134732861516,-256.049460703405,87.4388820651759,87.23306818029374,29.497555282607035,29.482206715277727,-8.680362092731874,-8.702268519198926,23.75070067179128,23.755525669915944,25.214308461940245,25.172612900889497,7.027894884874919,17.9067366430758,3203.3683215379,3278.4422709567857,3286.7862349691554,-0.001263072604977778,0.18157681512444446,0.17919320858683657,23.507167066170187,23.565082692920733,0.0,0.0,0.0,0.0,False,none,0.0,0.0,nominal,0.2673277544409908,0.0,58,thermal_anomaly,2.4940452314008352,0.2673277544409908,abrupt,0.0,1.1325919397452502,1602673316,thermal_anomaly
6240.0,104.0,1.7333333333333334,1,614.9226763059908,354.1582338163552,-260.76444248963554,87.82692439030927,87.70557138611059,29.51307697561237,29.50011886925341,-8.835555936953433,-8.803177262848699,23.764347680751207,23.636860574918217,25.228009817626358,25.398462483759427,7.245363897202646,17.707911690817763,3103.9558454088806,3191.199058182833,3176.4153694594706,-0.0015973866258081003,0.1899346656452025,0.18686602067524616,23.497908946418978,23.421851952747303,0.0,0.0,0.0,0.0,False,none,0.0,0.0,nominal,0.2673277544409908,0.0,58,thermal_anomaly,2.4940452314008352,0.2673277544409908,abrupt,0.0,1.1325919397452502,1602673316,thermal_anomaly
6300.0,105.0,1.75,1,615.5884572681198,350.0,-265.5884572681198,88.22214530886303,88.59713235783879,29.52888581235452,29.52161327680468,-8.994191618195119,-8.981332884345804,23.778667056763982,23.637311630930853,25.241185739085346,25.267359761812045,7.471638629184906,17.5,3000.0000000000005,3095.599529091417,3099.052762857137,-0.0018344266511799855,0.19586066627949963,0.19920519615750693,23.48864485871562,23.44187601811424,0.0,0.0,0.0,0.0,False,none,0.0,0.0,nominal,0.2673277544409908,0.0,58,thermal_anomaly,2.4940452314008352,0.2673277544409908,abrupt,0.0,1.1325919397452502,1602673316,thermal_anomaly
6360.0,106.0,1.7666666666666666,1,616.178292833385,345.8417661836449,-270.33652664974005,88.62443180685372,88.6811661170562,29.54497727227415,29.458190055637616,-9.149999479046192,-9.158211564413383,23.793654385214477,23.64982822179984,25.253840429791026,25.1464762399535,7.697799237323648,17.292088309182244,2896.0441545911217,2995.82184184127,2998.4093600196593,-0.0019638328945403845,0.1990958223635096,0.20424173087198388,23.479362264188413,23.46683180740132,0.0,0.0,0.0,0.0,False,none,0.0,0.0,nominal,0.2673277544409908,0.0,58,thermal_anomaly,2.4940452314008352,0.2673277544409908,abrupt,0.0,1.1325919397452502,1602673316,thermal_anomaly
6420.0,107.0,1.7833333333333334,1,616.6893093822022,341.86526713848406,-274.8240422437181,89.03339615543068,88.88319483677711,29.561335846217226,29.579950156284273,-9.296739622099507,-9.274945453624301,23.80927362359682,23.81156910784357,25.265996233066545,25.212223954179585,7.9143494080891905,17.093263356924204,2796.631678462101,2896.226760151685,2895.0498826644066,-0.0019799496820944516,0.1994987420523613,0.19590015571382535,23.47005248504146,23.452751048596006,0.0,0.0,0.0,0.0,False,none,0.0,0.0,nominal,0.2673277544409908,0.0,58,thermal_anomaly,2.4940452314008352,0.2673277544409908,abrupt,0.0,1.1325919397452502,1602673316,thermal_anomaly
6480.0,108.0,1.8,1,617.1190172933127,338.24429495415063,-278.8747223391621,89.44838830176872,89.577080064804,29.57793553207075,29.59126888376066,-9.428471504942728,-9.433870633147608,23.82545693516711,23.841725545977596,25.27769269269743,25.297801790640996,8.111685993561359,16.912214747707534,2706.1073738537652,2801.167067002725,2801.44562836813,-0.0018820726328890943,0.19705181582222736,0.1946132933325429,23.460711060747016,23.39681431876237,0.0,0.0,0.0,0.0,False,none,0.0,0.0,nominal,0.2673277544409908,0.0,58,thermal_anomaly,2.4940452314008352,0.2673277544409908,abrupt,0.0,1.1325919397452502,1602673316,thermal_anomaly
6540.0,109.0,1.8166666666666667,1,617.465323072968,335.1371034904521,-282.3282195825159,89.86851958090936,89.87466739374749,29.594740783236375,29.52908657332525,-9.539810524119803,-9.563750535442963,23.842106322845737,23.984465650136872,25.288984861504893,25.177588572897285,8.280638786888556,16.756855174522606,2628.427587261303,2714.7973271320143,2719.8772073492955,-0.0016744794436408268,0.19186198609102068,0.1919670388737915,23.451337933689757,23.3777208267886,0.0,0.0,0.0,0.0,False,none,0.0,0.0,nominal,0.2673277544409908,0.0,58,thermal_anomaly,2.4940452314008352,0.2673277544409908,abrupt,0.0,1.1325919397452502,1602673316,thermal_anomaly
6600.0,110.0,1.8333333333333333,1,617.7265395542198,332.6794919243112,-285.0470476299086,90.29269673512054,90.3317918640486,29.61170786940482,29.69376115749695,-9.626160331144652,-9.65104465628589,23.859097141634237,23.987930362773184,25.299940931805285,25.225276260524407,8.413037017672233,16.633974596215563,2566.98729810778,2640.8923126198974,2639.702689713548,-0.0013662429328624107,0.18415607332156025,0.1785189362316716,23.441937453726375,23.196694945003816,0.0,0.0,0.0,0.0,False,none,0.0,0.0,nominal,0.2673277544409908,0.0,58,thermal_anomaly,2.4940452314008352,0.2673277544409908,abrupt,0.0,1.1325919397452502,1602673316,thermal_anomaly
6660.0,111.0,1.85,1,617.9013941166289,330.9788696740969,-286.922524442532,90.71966477744574,90.62536464846455,29.62878659109783,29.666203895459986,-9.683910731894091,-9.718010192026304,23.876283392667975,23.827439309732362,25.310639291318253,25.145452829901142,8.502250165063485,16.548943483704846,2524.4717418524233,2582.6820272361606,2581.4677933323296,-0.0009708345151577116,0.17427086287894278,0.1845698010310773,23.432518197106866,23.279494082791153,0.0,0.0,0.0,0.0,False,none,0.0,0.0,nominal,0.2673277544409908,0.0,58,thermal_anomaly,2.4940452314008352,0.2673277544409908,abrupt,0.0,1.1325919397452502,1602673316,thermal_anomaly
6720.0,112.0,1.8666666666666667,1,617.9890348863438,330.1095620926345,-287.8794727937093,91.14805685005543,91.74741406142523,29.645922274002217,29.656737869786802,-9.710592577724025,-9.776806339558151,23.893504521168115,23.841247681114517,25.32116513319697,25.43849561816109,8.543648656843914,16.505478104631727,2502.7390523158633,2542.710539776012,2538.413992711243,-0.0005055354357605888,0.16263838589401472,0.1527940770614754,23.423092602138773,23.430006638069194,0.0,0.0,0.0,0.0,False,none,0.0,0.0,nominal,0.2673277544409908,0.0,58,thermal_anomaly,2.4940452314008352,0.2673277544409908,abrupt,0.0,1.1325919397452502,1602673316,thermal_anomaly
6780.0,113.0,1.8833333333333333,1,617.9890348863438,330.1095620926345,-287.8794727937093,91.57644892266512,91.44598066231524,29.663057956906606,29.662812112056688,-9.704982986310108,-9.691695495339026,23.91059327931166,24.084308524947645,25.33160676834066,25.301089433011914,8.534935581165493,16.505478104631727,2502.7390523158633,2522.724796045938,2518.5395777055314,9.318502806628603e-06,0.15023296257016572,0.14998251100381552,23.41367768976054,23.30071913429297,0.0,0.0,0.0,0.0,False,none,0.0,0.0,nominal,0.2673277544409908,0.0,58,thermal_anomaly,2.4940452314008352,0.2673277544409908,abrupt,0.0,1.1325919397452502,1602673316,thermal_anomaly
6840.0,114.0,1.9,1,617.9013941166289,330.9788696740969,-286.922524442532,92.00341696499031,91.78692155724003,29.680136678599613,29.69316599979413,-9.667156440334484,-9.621405352381325,23.92738409660696,23.976260554685037,25.342051801161343,25.37500358504292,8.47631309135204,16.548943483704846,2524.4717418524233,2523.5982689491807,2519.8387459000137,0.0005512257128852607,0.1637806428221315,0.16908399747492145,23.404363745578905,23.27377576195528,0.0,0.0,0.0,0.0,False,none,0.0,0.0,nominal,0.2673277544409908,0.0,58,thermal_anomaly,2.4940452314008352,0.2673277544409908,abrupt,0.0,1.1325919397452502,1602673316,thermal_anomaly
6900.0,115.0,1.9166666666666667,1,617.7265395542198,332.6794919243112,-285.0470476299086,92.4275941192015,92.31333990348054,29.69710376476806,29.74763984495906,-9.598479699831257,-9.611129593198523,23.94372134204014,23.771816113475687,25.352583335944484,25.390891163579102,8.370465003845819,16.633974596215563,2566.9872981077797,2545.2927835284804,2544.706165451166,0.0010965022490355475,0.1774125562258887,0.1717036084524109,23.395170884340285,23.2525460052083,0.0,0.0,0.0,0.0,False,none,0.0,0.0,nominal,0.2673277544409908,0.0,58,thermal_anomaly,2.4940452314008352,0.2673277544409908,abrupt,0.0,1.1325919397452502,1602673316,thermal_anomaly
6960.0,116.0,1.9333333333333333,1,617.465323072968,335.1371034904521,-282.3282195825159,92.84772539834213,93.12241172414232,29.713909015933687,29.746895760028824,-9.501550921190516,-9.492510359749014,23.959466872630024,24.025594297994267,25.363276379605974,25.354095007085252,8.222357592638108,16.756855174522606,2628.427587261302,2586.860185394891,2586.724521321442,0.0016213169101006388,0.19053292275251596,0.1901661589592862,23.38611690452156,23.36403230924564,0.0,0.0,0.0,0.0,False,none,0.0,0.0,nominal,0.2673277544409908,0.0,58,thermal_anomaly,2.4940452314008352,0.2673277544409908,abrupt,0.0,1.1325919397452502,1602673316,thermal_anomaly
7020.0,117.0,1.95,1,617.1190172933127,338.24429495415046,-278.87472233916225,93.26271754468019,93.4980983325601,29.73050870178721,29.713094574120664,-9.380085794576333,-9.438163486947785,23.974506340597873,23.954470636530072,25.37419459806454,25.308675990810418,8.038880761089018,16.912214747707523,2706.1073738537616,2646.4837796243264,2645.8682347226963,0.0021027327770518074,0.20256831942629516,0.20461286968552125,23.37721646865475,23.481086499841087,0.0,0.0,0.0,0.0,False,none,0.0,0.0,nominal,0.2673277544409908,0.0,58,thermal_anomaly,2.4940452314008352,0.2673277544409908,abrupt,0.0,1.1325919397452502,1602673316,thermal_anomaly
7080.0,118.0,1.9666666666666666,1,616.6893093822022,341.865267138484,-274.82404224371817,93.67168189325714,93.81306539191245,29.746867275730285,29.76305964929462,-9.238755788847055,-9.24496209329643,23.988753864827874,24.083695125209896,25.385387567993874,25.522047089463683,7.8283686820763965,17.0932633569242,2796.6316784621,2721.557729043213,2720.2771767003533,0.00251970966641371,0.21299274166034274,0.21371790687024864,23.36848041167747,23.446007286259412,0.0,0.0,0.0,0.0,False,none,0.0,0.0,nominal,0.2673277544409908,0.0,58,thermal_anomaly,2.4940452314008352,0.2673277544409908,abrupt,0.0,1.1325919397452502,1602673316,thermal_anomaly
7140.0,119.0,1.9833333333333334,1,616.178292833385,345.84176618364484,-270.3365266497401,94.07396839124782,93.79056254321691,29.762958735649914,29.714450008024507,-9.08298563495747,-9.07901646456141,24.002154842450864,23.895595847023472,25.396888644068287,25.553527620478437,7.600050243587502,17.292088309182244,2896.044154591121,2808.8009418171673,2819.431472391456,0.002854023687244053,0.2213505921811013,0.22808775729535796,23.359915212589062,23.458282652106714,0.0,0.0,0.0,0.0,False,none,0.0,0.0,nominal,0.2673277544409908,0.0,58,thermal_anomaly,2.4940452314008352,0.2673277544409908,abrupt,0.0,1.1325919397452502,1602673316,thermal_anomaly
7200.0,120.0,2.0,1,615.58845726812,350.0,-265.58845726812,94.46918930980158,94.7654966186432,29.778767572392063,29.782705515619984,-8.918718903409134,-8.892362074158084,24.0146868592303,23.808920337100027,25.40871353491574,25.52576429102911,7.363483750242194,17.5,2999.9999999999995,2904.4004709085834,2895.9079118824234,0.0030910637126159027,0.22727659281539755,0.2271573358105894,23.351522658270927,23.438304836809156,0.0,0.0,0.0,0.0,False,none,0.0,0.0,nominal,0.2673277544409908,0.0,58,thermal_anomaly,2.4940452314008352,0.2673277544409908,abrupt,0.0,1.1325919397452502,1602673316,thermal_anomaly
7260.0,121.0,2.0166666666666666,1,614.9226763059908,354.15823381635516,-260.7644424896356,94.85723163493495,95.29186280542731,29.7942892653974,29.843031157983265,-8.752161871251051,-8.71626774547198,24.026358828053738,23.876210791207207,25.420859650018052,25.533713209552623,7.128026993646456,17.70791169081776,3103.9558454088797,3004.178158158732,2995.4822363332423,0.003220469955976323,0.23051174889940806,0.22801952284448898,23.343299719649647,23.315148614533534,0.0,0.0,0.0,0.0,False,none,0.0,0.0,nominal,0.2673277544409908,0.0,58,thermal_anomaly,2.4940452314008352,0.2673277544409908,abrupt,0.0,1.1325919397452502,1602673316,thermal_anomaly
7320.0,122.0,2.033333333333333,1,614.184193564921,358.13473286151594,-256.04946070340503,95.23825761812455,95.31337127893649,29.80953030472498,29.753364771610503,-8.589516778223766,-8.53831522671324,24.037208621347652,23.974817900877976,25.43330624610406,25.172412915740473,6.902383878671007,17.9067366430758,3203.368321537899,3103.7732398483154,3102.3025075470705,0.0032365867435303554,0.23091466858825888,0.2315767233102781,23.33523864987082,23.261364738150146,0.0,0.0,0.0,0.0,False,none,0.0,0.0,nominal,0.2673277544409908,0.0,58,thermal_anomaly,2.4940452314008352,0.2673277544409908,abrupt,0.0,1.1325919397452502,1602673316,thermal_anomaly
7380.0,123.0,2.05,1,613.376606858593,361.7557050458494,-251.62090181274363,95.61269348391733,95.39949526254095,29.824507739356694,29.824943676461878,-8.436716005900823,-8.454960699591679,24.047299550143357,23.995446155617476,25.446015366639813,25.564292613415954,6.694254157137851,18.087785252292473,3293.892626146236,3198.8329329972757,3198.381638153619,0.0031387096943250184,0.22846774235812545,0.23210803836400706,23.327327302482303,23.384839186316746,0.0,0.0,0.0,0.0,False,none,0.0,0.0,nominal,0.2673277544409908,0.0,58,thermal_anomaly,2.4940452314008352,0.2673277544409908,abrupt,0.0,1.1325919397452502,1602673316,thermal_anomaly
7440.0,124.0,2.066666666666667,1,612.503850668262,364.86289650954785,-247.64095415871412,95.98120680855826,96.10049263370044,29.83924827234233,29.82447949837498,-8.299168661974965,-8.319917877264848,24.056716072970474,23.994170724396245,25.458933533357648,25.728177710722456,6.510096038392588,18.243144825477394,3371.572412738696,3285.202672867986,3292.5833569974775,0.0029311165050767227,0.22327791262691807,0.2192151894337753,23.319549655647666,23.34782495109274,0.0,0.0,0.0,0.0,False,none,0.0,0.0,nominal,0.2673277544409908,0.0,58,thermal_anomaly,2.4940452314008352,0.2673277544409908,abrupt,0.0,1.1325919397452502,1602673316,thermal_anomaly
7500.0,125.0,2.0833333333333335,1,611.5701769743577,367.3205080756888,-244.24966889866886,96.3446735777527,96.3278752798477,29.85378694311011,29.790164192822242,-8.181530516182596,-8.232317910259574,24.065559094289245,23.971499515731804,25.471994115898354,25.590005765483475,6.354995326978164,18.36602540378444,3433.0127018922194,3359.107687380103,3352.3488584177753,0.0026228799942983206,0.215571999857458,0.21428826248965283,23.311886517056347,23.24703021124199,0.0,0.0,0.0,0.0,False,none,0.0,0.0,nominal,0.2673277544409908,0.0,58,thermal_anomaly,2.4940452314008352,0.2673277544409908,abrupt,0.0,1.1325919397452502,1602673316,thermal_anomaly
7560.0,126.0,2.1,1,610.5801345412646,369.0211303259031,-241.55900421536148,96.70413638164462,97.35938100198095,29.868165455265785,29.853076034290048,-8.087507234990705,-8.042741632380878,24.07394114593045,23.992382312999418,25.48512027600376,25.744128905767212,6.232621862082159,18.451056516295154,3475.5282581475767,3417.31797276384,3406.0742382684048,0.0022274715765936287,0.2056867894148407,0.20698894624093672,23.304316374368334,23.44296062545891,0.0,0.0,0.0,0.0,False,none,0.0,0.0,nominal,0.2673277544409908,0.0,58,thermal_anomaly,2.4940452314008352,0.2673277544409908,abrupt,0.0,1.1325919397452502,1602673316,thermal_anomaly
7620.0,127.0,2.1166666666666667,1,609.5385467561977,369.8904379073655,-239.64810884883218,97.0607555912411,97.03180468694705,29.882430223649642,29.84251247247796,-8.019699437268967,-8.051704554614485,24.08198165347197,23.979239692749985,25.498228357586466,25.4576867619072,6.145246325130574,18.494521895368276,3497.2609476841367,3457.2894602239876,3457.380992985779,0.001762172497196506,0.19405431242991264,0.19222322721236185,23.29681634849222,23.46445747145275,0.0,0.0,0.0,0.0,False,none,0.0,0.0,nominal,0.2673277544409908,0.0,58,thermal_anomaly,2.4940452314008352,0.2673277544409908,abrupt,0.0,1.1325919397452502,1602673316,thermal_anomaly
7680.0,128.0,2.1333333333333333,1,608.450488130146,369.8904379073655,-238.56005022278055,97.41575566597737,97.46024486464667,29.896630226639097,29.883009499695895,-7.979496298222064,-7.958823149938764,24.089802393197363,23.996481550601967,25.51123157451651,25.576763444980305,6.09378889386717,18.494521895368276,3497.2609476841367,3477.2752039540624,3476.193864539492,0.0012473185586292885,0.18118296396573222,0.18913873706645606,23.289363202279105,23.34685256790274,0.0,0.0,0.0,0.0,False,none,0.0,0.0,nominal,0.2673277544409908,0.0,58,thermal_anomaly,2.4940452314008352,0.2673277544409908,abrupt,0.0,1.1325919397452502,1602673316,thermal_anomaly
7740.0,129.0,2.15,1,607.3212595753644,369.0211303259031,-238.3001292494613,97.77036895355099,97.97727568438718,29.91081475814204,29.924316567098487,-7.967022335444523,-7.997953101938569,24.097523164143105,24.251567553865502,25.52404383495297,25.572730821998082,6.077875591477752,18.451056516295154,3475.5282581475767,3476.4017310508193,3472.9737312028196,0.0007054113485506565,0.1676352837137664,0.1479875324613012,23.281934355565518,23.297934684890222,0.0,0.0,0.0,0.0,False,none,0.0,0.0,nominal,0.2673277544409908,0.0,58,thermal_anomaly,2.4940452314008352,0.2673277544409908,abrupt,0.0,1.1325919397452502,1602673316,thermal_anomaly
7800.0,130.0,2.1666666666666665,1,606.156362579862,367.3205080756888,-238.83585450417326,98.12577945132504,97.77379387301862,29.925031178053,29.972013250449475,-7.981139704854688,-8.001072467767205,24.105257649421823,24.309925288080635,25.536583535080915,25.41042468887588,6.095887279072638,18.36602540378444,3433.0127018922194,3454.7072164715196,3461.414689356547,0.00016013481240036284,0.15400337031000907,0.1463683701072796,23.274508858855274,23.306200888902755,0.0,0.0,0.0,0.0,False,none,0.0,0.0,nominal,0.2673277544409908,0.0,58,thermal_anomaly,2.4940452314008352,0.2673277544409908,abrupt,0.0,1.1325919397452502,1602673316,thermal_anomaly
7860.0,131.0,2.183333333333333,1,604.961472404706,364.8628965095479,-240.0985758951581,98.4830689987881,98.56493501731137,29.939322759951523,29.942399765251846,-8.019505912683071,-7.933693161400018,24.11310943021424,24.010193267286624,25.548777156451223,25.712409894298165,6.144998006684699,18.243144825477398,3371.572412738698,3413.1398146051088,3416.7027417293766,-0.0003646798486647144,0.15911699621661785,0.16328509153828533,23.267117513729918,23.267489564722787,0.0,0.0,0.0,0.0,False,none,0.0,0.0,nominal,0.2673277544409908,0.0,58,thermal_anomaly,2.4940452314008352,0.2673277544409908,abrupt,0.0,1.1325919397452502,1602673316,thermal_anomaly
7920.0,132.0,2.2,1,603.7424104347197,361.7557050458495,-241.98670538887018,98.84316826275963,99.04367101591058,29.953726730510386,29.95742372255949,-8.07868441766835,-8.098392284959377,24.121168144811698,24.242239804340045,25.560562509704198,25.521465094629622,6.221211353622193,18.087785252292473,3293.892626146237,3353.516220375673,3360.9300310286085,-0.0008460957156159047,0.1711523928903976,0.16686517147692148,23.259760565429755,23.217420043751957,0.0,0.0,0.0,0.0,False,none,0.0,0.0,nominal,0.2673277544409908,0.0,58,thermal_anomaly,2.4940452314008352,0.2673277544409908,abrupt,0.0,1.1325919397452502,1602673316,thermal_anomaly
7980.0,133.0,2.216666666666667,1,602.5051158172811,358.13473286151606,-244.37038295576502,99.20681466596761,99.3741209288357,29.968272586638705,30.008610168109797,-8.15430326353602,-8.149769908466402,24.129505845733153,24.185824019604716,25.571891482912715,25.45154742559591,6.319412937097135,17.906736643075803,3203.3683215379015,3278.442270956787,3277.3173603400714,-0.0012630726049777641,0.1815768151244441,0.17856518847137087,23.252417583843517,23.315506310312113,0.0,0.0,0.0,0.0,False,none,0.0,0.0,nominal,0.2673277544409908,0.0,58,thermal_anomaly,2.4940452314008352,0.2673277544409908,abrupt,0.0,1.1325919397452502,1602673316,thermal_anomaly
8040.0,134.0,2.2333333333333334,1,601.2556165273943,354.15823381635516,-247.09738271103913,99.5745191045257,99.5760384258186,29.98298076418103,30.00296153837011,-8.24125475230376,-8.233692573978766,24.13817368529672,24.06605154494815,25.582732174431047,25.27584839070906,6.433462391389545,17.70791169081776,3103.955845408879,3191.199058182833,3189.589084882883,-0.001597386625808136,0.1899346656452034,0.19248356036277633,23.245070085209758,23.21958424630015,0.0,0.0,0.0,0.0,False,none,0.0,0.0,nominal,0.2673277544409908,0.0,58,thermal_anomaly,2.4940452314008352,0.2673277544409908,abrupt,0.0,1.1325919397452502,1602673316,thermal_anomaly
8100.0,135.0,2.25,1,600.0,350.0,-250.0,99.94654291404952,100.0070879787193,29.99786171656198,30.02624043543719,-8.333927343293727,-8.321187563616682,24.147199135175153,24.036146776519328,25.5930703170356,25.60561999932016,6.556347597063907,17.5,3000.0000000000005,3095.599529091417,3102.5638234968833,-0.0018344266511799855,0.19586066627949963,0.2019508325526815,23.23770228896547,23.29162453096228,0.0,0.0,0.0,0.0,False,none,0.0,0.0,nominal,0.2673277544409908,0.0,58,thermal_anomaly,2.4940452314008352,0.2673277544409908,abrupt,0.0,1.1325919397452502,1602673316,thermal_anomaly
8160.0,136.0,2.2666666666666666,1,598.7443834726057,345.84176618364484,-252.90261728896087,100.0,99.73247938589606,30.0,30.014303528973592,-8.430087242965362,-8.471540024691539,24.156600305943837,23.996814806948596,25.60290993111768,25.580964633303754,6.685309673920586,17.292088309182244,2896.0441545911203,2995.8218418412685,2996.7166054496784,-0.0019638328945404057,0.19909582236351014,0.2048237961316116,23.230301763711388,23.23227327857753,0.0,0.0,0.0,0.0,False,none,0.0,0.0,nominal,0.2673277544409908,0.0,58,thermal_anomaly,2.4940452314008352,0.2673277544409908,abrupt,0.0,1.1325919397452502,1602673316,thermal_anomaly
8220.0,137.0,2.283333333333333,1,597.4948841827188,341.86526713848406,-255.62961704423475,100.0,99.90545411643728,30.0,29.97918058213414,-8.520987234807825,-8.536361423271618,24.166355963696375,24.343804008270492,25.612273178382587,25.681386302681,6.808577876460633,17.093263356924204,2796.631678462101,2896.226760151685,2892.170927078773,-0.001979949682094438,0.19949874205236096,0.1951976972684311,23.222859938318013,23.329852485822652,0.0,0.0,0.0,0.0,False,none,0.0,0.0,nominal,0.2673277544409908,0.0,58,thermal_anomaly,2.4940452314008352,0.2673277544409908,abrupt,0.0,1.1325919397452502,1602673316,thermal_anomaly
8280.0,138.0,2.3,1,596.2575895652803,338.2442949541506,-258.01329461112977,100.0,100.0,30.0,29.983510556894892,-8.600443153704326,-8.586730967808824,24.17641586056489,24.218008297774094,25.621199422450943,25.75991500182938,6.91740979520797,16.91221474770753,2706.107373853764,2801.1670670027247,2794.858232358827,-0.0018820726328891081,0.1970518158222277,0.20730551866682012,23.215372458123994,23.13820583830778,0.0,0.0,0.0,0.0,False,none,0.0,0.0,nominal,0.2673277544409908,0.0,58,thermal_anomaly,2.4940452314008352,0.2673277544409908,abrupt,0.0,1.1325919397452502,1602673316,thermal_anomaly
8340.0,139.0,2.316666666666667,1,595.038527595294,335.1371034904521,-259.9014241048419,100.0,100.0,30.0,29.93867844078449,-8.66338080349473,-8.562372914178297,24.186705143253864,24.37522318914452,25.62974353742038,25.696732298069815,7.00433335570888,16.756855174522606,2628.427587261303,2714.797327132014,2707.8714527048146,-0.0016744794436408194,0.19186198609102048,0.1935378325361465,23.20783937058641,23.205147345277343,0.0,0.0,0.0,0.0,False,none,0.0,0.0,nominal,0.2673277544409908,0.0,58,thermal_anomaly,2.4940452314008352,0.2673277544409908,abrupt,0.0,1.1325919397452502,1602673316,thermal_anomaly
8400.0,140.0,2.3333333333333335,1,593.843637420138,332.67949192431126,-261.1641454958267,100.0,99.76469665481447,30.0,30.0196979290643,-8.705471516527556,-8.685874882352863,24.197127641547695,24.147687697160276,25.63797353831345,25.755300739880997,7.0628187460058065,16.633974596215563,2566.9872981077815,2640.892312619898,2637.7986851654027,-0.001366242932862382,0.18415607332155953,0.17709797394124446,23.2002651298463,23.3148204401968,0.0,0.0,0.0,0.0,False,none,0.0,0.0,nominal,0.2673277544409908,0.0,58,thermal_anomaly,2.4940452314008352,0.2673277544409908,abrupt,0.0,1.1325919397452502,1602673316,thermal_anomaly
8460.0,141.0,2.35,1,592.6787404246356,330.9788696740969,-261.6998707505387,100.0,99.80097557773217,30.0,30.03665741231073,-8.723329025017957,-8.713682177918367,24.2075706008394,24.172014362378793,25.64596763697435,25.718556543201764,7.08771754229766,16.548943483704846,2524.4717418524233,2582.682027236161,2586.21333161275,-0.0009708345151577187,0.17427086287894297,0.17448725949582566,23.19265841565589,23.09103398511377,0.0,0.0,0.0,0.0,False,none,0.0,0.0,nominal,0.2673277544409908,0.0,58,thermal_anomaly,2.4940452314008352,0.2673277544409908,abrupt,0.0,1.1325919397452502,1602673316,thermal_anomaly
8520.0,142.0,2.3666666666666667,1,591.549511869854,330.1095620926345,-261.43994977721945,100.0,99.56965438159938,30.0,30.019115730306954,-8.714664992573981,-8.718393333667867,24.21791061348311,24.217690224370003,25.65381085208782,25.55302023946167,7.075630874623557,16.505478104631727,2502.739052315864,2542.710539776012,2535.1355646870193,-0.0005055354357605887,0.16263838589401472,0.16120507009324045,23.18503176904868,23.108946975812405,0.0,0.0,0.0,0.0,False,none,0.0,0.0,nominal,0.2673277544409908,0.0,58,thermal_anomaly,2.4940452314008352,0.2673277544409908,abrupt,0.0,1.1325919397452502,1602673316,thermal_anomaly
8580.0,143.0,2.3833333333333333,1,590.4614532438022,330.1095620926345,-260.3518911511677,100.0,100.0,30.0,30.04481642282391,-8.67839637170559,-8.646551477978624,24.22802036675806,24.38818022618648,25.66159132148038,25.66610854529242,7.02516508675462,16.505478104631727,2502.7390523158633,2522.724796045938,2517.904769176922,9.318502806628603e-06,0.15023296257016572,0.1493183759079507,23.177402312918623,23.11539805482849,0.0,0.0,0.0,0.0,False,none,0.0,0.0,nominal,0.2673277544409908,0.0,58,thermal_anomaly,2.4940452314008352,0.2673277544409908,abrupt,0.0,1.1325919397452502,1602673316,thermal_anomaly
8640.0,144.0,2.4,1,589.4198654587356,330.9788696740969,-258.44099578463863,100.0,100.0,30.0,30.02410326298118,-8.614699859487954,-8.59240720506765,24.23777572553593,24.30285321697447,25.669396477875946,25.5169499824556,6.937044293524942,16.548943483704846,2524.471741852423,2523.5982689491807,2530.058928658633,0.0005512257128852536,0.16378064282213134,0.16230922231020206,23.169860434063303,23.103358543636478,0.0,0.0,0.0,0.0,False,none,0.0,0.0,nominal,0.2673277544409908,0.0,58,thermal_anomaly,2.4940452314008352,0.2673277544409908,abrupt,0.0,1.1325919397452502,1602673316,thermal_anomaly
8700.0,145.0,2.4166666666666665,1,588.4298230256423,332.6794919243112,-255.75033110133114,100.0,100.0,30.0,30.00690264268649,-8.525011036711039,-8.543089277707939,24.247062621362993,24.232282894069026,25.67730925524537,25.731658547398766,6.814065054083602,16.633974596215563,2566.9872981077806,2545.292783528481,2548.491719815065,0.0010965022490355544,0.17741255622588886,0.18477561469020343,23.162426347661047,23.16866994085652,0.0,0.0,0.0,0.0,False,none,0.0,0.0,nominal,0.2673277544409908,0.0,58,thermal_anomaly,2.4940452314008352,0.2673277544409908,abrupt,0.0,1.1325919397452502,1602673316,thermal_anomaly
8760.0,146.0,2.433333333333333,0,0.0,335.1371034904521,335.1371034904521,99.50128407218682,99.40426495392971,29.980051362887473,29.940828576293757,11.178670090783127,11.210037327360522,24.2522369563011,24.385190216666896,25.669404491552452,25.70704785977722,10.99701319988554,16.756855174522606,2628.427587261302,2586.8601853948917,2590.7502322721466,0.0016213169101006316,0.1905329227525158,0.18700679222540087,23.155117951867418,23.11565149569911,0.0,0.0,0.0,0.0,False,none,0.0,0.0,nominal,0.2673277544409908,0.0,58,thermal_anomaly,2.4940452314008352,0.2673277544409908,abrupt,0.0,1.1325919397452502,1602673316,thermal_anomaly
8820.0,147.0,2.45,0,0.0,338.2442949541505,338.2442949541505,98.99794434755268,99.12348751263595,29.959917773902106,29.89249050318577,11.289893967893095,11.307368574311246,24.25804665611163,24.231170223185615,25.66187368511545,25.601107489528253,11.19693646450151,16.912214747707527,2706.107373853763,2646.483779624327,2652.05679759386,0.0021027327770518148,0.20256831942629536,0.20231620777075615,23.147950008145514,23.063436994489688,0.0,0.0,0.0,0.0,False,none,0.0,0.0,nominal,0.2673277544409908,0.0,58,thermal_anomaly,2.4940452314008352,0.2673277544409908,abrupt,0.0,1.1325919397452502,1602673316,thermal_anomaly
8880.0,148.0,2.466666666666667,0,0.0,341.865267138484,341.865267138484,98.48921627145373,98.93377076480033,29.93956865085815,29.939257272366657,11.41851010364123,11.469209513332832,24.264600342304817,24.213737991975783,25.654765222348374,25.74517841407882,11.430589838956548,17.0932633569242,2796.6316784621,2721.557729043213,2711.2678390240862,0.0025197096664137026,0.21299274166034254,0.2085728802841075,23.140933449622054,23.116972942457405,0.0,0.0,0.0,0.0,False,none,0.0,0.0,nominal,0.2673277544409908,0.0,58,thermal_anomaly,2.4940452314008352,0.2673277544409908,abrupt,0.0,1.1325919397452502,1602673316,thermal_anomaly
8940.0,149.0,2.4833333333333334,0,0.0,345.8417661836448,345.8417661836448,97.9745707860614,98.0000442592153,29.918982831442456,29.904143531386197,11.559275531927268,11.483759946684389,24.271977233803792,24.228117419284544,25.64811127718795,25.65448092907438,11.689348065840994,17.29208830918224,2896.044154591119,2808.800941817166,2813.9290545491276,0.0028540236872440245,0.2213505921811006,0.22380623281732445,23.134074852749063,23.22397011203949,0.0,0.0,0.0,0.0,False,none,0.0,0.0,nominal,0.2673277544409908,0.0,58,thermal_anomaly,2.4940452314008352,0.2673277544409908,abrupt,0.0,1.1325919397452502,1602673316,thermal_anomaly
9000.0,150.0,2.5,0,0.0,350.0,350.0,97.45373745272806,97.3784623151892,29.898149498109124,29.92842510549518,11.706410124885334,11.675642385775623,24.298662746600247,24.224678342616983,25.662567012609845,25.650138418117116,15.97311935757629,24.51735355407601,2999.9999999999995,2904.400470908583,2904.550355300925,0.003091063712615916,0.22727659281539792,0.23041593608081723,23.127376101129727,23.264157416018058,0.0,0.0,0.2673277544409908,0.0,True,thermal_anomaly,1.0,0.2673277544409908,thermal_anomaly,0.2673277544409908,0.2673277544409908,58,thermal_anomaly,2.4940452314008352,0.2673277544409908,abrupt,0.0,1.1325919397452502,1602673316,thermal_anomaly
9060.0,151.0,2.5166666666666666,0,0.0,354.1582338163551,354.1582338163551,96.92671627145373,96.98812740034184,29.87706865085815,29.883404006104197,11.853848111909157,11.871974225509554,24.326140141801005,24.274337160268214,25.677508216438873,25.76545308591777,16.251013521431844,24.808636093036274,3103.955845408878,3004.1781581587306,3003.8536756670037,0.003220469955976309,0.23051174889940773,0.23522290722182634,23.120834261687005,23.179372691437184,0.0,0.0,0.2673277544409908,0.0,True,thermal_anomaly,1.0,0.2673277544409908,thermal_anomaly,0.2673277544409908,0.2673277544409908,58,thermal_anomaly,2.4940452314008352,0.2673277544409908,abrupt,0.0,1.1325919397452502,1602673316,thermal_anomaly
9120.0,152.0,2.533333333333333,0,0.0,358.134732861516,358.134732861516,96.39377768088599,96.36455381654314,29.85575110723544,29.76529474103496,11.9955023598359,12.008252778637393,24.354380012805073,24.387761269997206,25.692906166978474,25.584730659886826,16.521282465801153,25.087188187315288,3203.3683215379006,3103.7732398483154,3097.34501273534,0.0032365867435303836,0.2309146685882596,0.23513058326322908,23.114441682842898,23.02410212845865,0.0,0.0,0.2673277544409908,0.0,True,thermal_anomaly,1.0,0.2673277544409908,thermal_anomaly,0.2673277544409908,0.2673277544409908,58,thermal_anomaly,2.4940452314008352,0.2673277544409908,abrupt,0.0,1.1325919397452502,1602673316,thermal_anomaly
9180.0,153.0,2.55,0,0.0,361.75570504584937,361.75570504584937,95.85545073885348,95.56962359388679,29.83421802955414,29.85165359376849,12.125529976602362,12.070795947189781,24.38331399549411,24.167528570481707,25.708707987324427,25.856624184804158,16.77219449369346,25.34083577375179,3293.8926261462348,3198.832932997275,3211.7027736692216,0.003138709694325004,0.22846774235812511,0.2264700324799221,23.10818631270709,23.122542692358028,0.0,0.0,0.2673277544409908,0.0,True,thermal_anomaly,1.0,0.2673277544409908,thermal_anomaly,0.2673277544409908,0.2673277544409908,58,thermal_anomaly,2.4940452314008352,0.2673277544409908,abrupt,0.0,1.1325919397452502,1602673316,thermal_anomaly
9240.0,154.0,2.566666666666667,0,0.0,364.86289650954785,364.86289650954785,95.31249999999997,95.43869852809794,29.8125,29.8709267040087,12.238587723590703,12.200093053297582,24.41283676703872,24.416182884609253,25.72483898450419,25.762088117862337,16.992558674056866,25.55849323568237,3371.5724127386957,3285.202672867985,3287.7244413710914,0.0029311165050767297,0.22327791262691823,0.22313142097965943,23.102052223295768,23.00492152175962,0.0,0.0,0.2673277544409908,0.0,True,thermal_anomaly,1.0,0.2673277544409908,thermal_anomaly,0.2673277544409908,0.2673277544409908,58,thermal_anomaly,2.4940452314008352,0.2673277544409908,abrupt,0.0,1.1325919397452502,1602673316,thermal_anomaly
9300.0,155.0,2.5833333333333335,0,0.0,367.32050807568874,367.32050807568874,94.76589210107781,94.9407038526777,29.790635684043114,29.766431289553505,12.33006613123191,12.372521406428948,24.442810147765133,24.18979257408707,25.74120594189393,25.7926430373127,17.17235878065904,25.730647897584266,3433.0127018922185,3359.107687380102,3358.8532533088746,0.0026228799942983206,0.215571999857458,0.21107831958444853,23.096020315447088,23.105153609382263,0.0,0.0,0.2673277544409908,0.0,True,thermal_anomaly,1.0,0.2673277544409908,thermal_anomaly,0.2673277544409908,0.2673277544409908,58,thermal_anomaly,2.4940452314008352,0.2673277544409908,abrupt,0.0,1.1325919397452502,1602673316,thermal_anomaly
9360.0,156.0,2.6,0,0.0,369.0211303259031,369.0211303259031,94.21675351428333,94.28594455763826,29.768670140571334,29.758320796099238,12.396292094451642,12.38676975487064,24.47306920782426,24.405876639578786,25.75770122102011,25.736747227880514,17.303360931892005,25.849775774642644,3475.5282581475767,3417.3179727638394,3418.4364035426365,0.002227471576593643,0.20568678941484106,0.20571286385745974,23.090069169271143,23.05240618391057,0.0,0.0,0.2673277544409908,0.0,True,thermal_anomaly,1.0,0.2673277544409908,thermal_anomaly,0.2673277544409908,0.2673277544409908,58,thermal_anomaly,2.4940452314008352,0.2673277544409908,abrupt,0.0,1.1325919397452502,1602673316,thermal_anomaly
9420.0,157.0,2.6166666666666667,0,0.0,369.8904379073655,369.8904379073655,93.6663213150164,93.83683622207133,29.746652852600654,29.71522996638191,12.434691047097997,12.398340601363536,24.503430096566923,24.478544586724997,25.77420749347843,25.791496220421706,17.37963963155719,25.91067040699108,3497.2609476841367,3457.2894602239876,3448.1459581340964,0.0017621724971965131,0.19405431242991283,0.18669205037332826,23.08417599743326,23.02316002095244,0.0,0.0,0.2673277544409908,0.0,True,thermal_anomaly,1.0,0.2673277544409908,thermal_anomaly,0.2673277544409908,0.2673277544409908,58,thermal_anomaly,2.4940452314008352,0.2673277544409908,abrupt,0.0,1.1325919397452502,1602673316,thermal_anomaly
9480.0,158.0,2.6333333333333333,0,0.0,369.8904379073655,369.8904379073655,93.11588911574948,92.65956860914397,29.724635564629978,29.732850780730313,12.443901527509611,12.518812550168976,24.533699143697245,24.587292334346945,25.790602896163882,25.964017980620078,17.397971134723345,25.91067040699108,3497.2609476841367,3477.2752039540624,3485.0769182178688,0.0012473185586292885,0.18118296396573222,0.18833768560501882,23.078317653853084,23.1713097005934,0.0,0.0,0.2673277544409908,0.0,True,thermal_anomaly,1.0,0.2673277544409908,thermal_anomaly,0.2673277544409908,0.2673277544409908,58,thermal_anomaly,2.4940452314008352,0.2673277544409908,abrupt,0.0,1.1325919397452502,1602673316,thermal_anomaly
9540.0,159.0,2.65,0,0.0,369.0211303259031,369.0211303259031,92.56675052895498,92.59267206572844,29.702670021158198,29.686947289594986,12.42383698378082,12.405362772664068,24.563682650914004,24.520877966482917,25.806766384504837,25.925626734957145,17.35805434857967,25.849775774642644,3475.5282581475763,3476.4017310508193,3479.9681811146465,0.0007054113485506565,0.1676352837137664,0.16840076103447169,23.072471648752693,22.992495658304357,0.0,0.0,0.2673277544409908,0.0,True,thermal_anomaly,1.0,0.2673277544409908,thermal_anomaly,0.2673277544409908,0.2673277544409908,58,thermal_anomaly,2.4940452314008352,0.2673277544409908,abrupt,0.0,1.1325919397452502,1602673316,thermal_anomaly
9600.0,160.0,2.6666666666666665,0,0.0,367.3205080756888,367.3205080756888,92.02014263003282,92.29014595728837,29.680805705201312,29.707677175109488,12.375691944619918,12.364577928209078,24.59319671946824,24.96967836103204,25.82258304974035,25.838857377906958,17.262536405265287,25.73064789758427,3433.0127018922203,3454.70721647152,3447.3694906421697,0.00016013481240036989,0.15400337031000924,0.15943980991494439,23.066617122343544,23.05812532237499,0.0,0.0,0.2673277544409908,0.0,True,thermal_anomaly,1.0,0.2673277544409908,thermal_anomaly,0.2673277544409908,0.2673277544409908,58,thermal_anomaly,2.4940452314008352,0.2673277544409908,abrupt,0.0,1.1325919397452502,1602673316,thermal_anomaly
9660.0,161.0,2.683333333333333,0,0.0,364.8628965095479,364.8628965095479,91.47719189117932,91.59755931631189,29.65908767564717,29.704484492998862,12.301892104696591,12.305834956999966,24.622076453557288,24.675548482668926,25.837949167851452,25.828186831157023,17.116840265062567,25.558493235682377,3371.572412738698,3413.139814605109,3406.6522782306715,-0.0003646798486647214,0.15911699621661804,0.16324834213209163,23.060784965242025,23.04727970157676,0.0,0.0,0.2673277544409908,0.0,True,thermal_anomaly,1.0,0.2673277544409908,thermal_anomaly,0.2673277544409908,0.2673277544409908,58,thermal_anomaly,2.4940452314008352,0.2673277544409908,abrupt,0.0,1.1325919397452502,1602673316,thermal_anomaly
9720.0,162.0,2.7,0,0.0,361.7557050458495,361.7557050458495,90.9388649491468,91.06407281638823,29.637554597965874,29.704552525086225,12.205990337363327,12.206400735722054,24.65018394272059,24.63904582525704,25.85277675948508,25.779021941545967,16.928812325879413,25.3408357737518,3293.892626146237,3353.5162203756736,3359.8562736109257,-0.0008460957156159114,0.17115239289039777,0.17707049372743663,23.05497551105552,23.11601609886096,0.0,0.0,0.2673277544409908,0.0,True,thermal_anomaly,1.0,0.2673277544409908,thermal_anomaly,0.2673277544409908,0.2673277544409908,58,thermal_anomaly,2.4940452314008352,0.2673277544409908,abrupt,0.0,1.1325919397452502,1602673316,thermal_anomaly
9780.0,163.0,2.716666666666667,0,0.0,358.134732861516,358.134732861516,90.40592635857907,90.04055853788398,29.616237054343163,29.581188392132436,12.092513042908543,12.043014134415191,24.67741454945254,24.7577491968136,25.86699746158129,26.02920744856498,16.70822605204792,25.087188187315288,3203.3683215379,3278.4422709567866,3275.529852669663,-0.0012630726049777928,0.18157681512444482,0.18465901089850473,23.04916841737709,23.04523884890888,0.0,0.0,0.2673277544409908,0.0,True,thermal_anomaly,1.0,0.2673277544409908,thermal_anomaly,0.2673277544409908,0.2673277544409908,58,thermal_anomaly,2.4940452314008352,0.2673277544409908,abrupt,0.0,1.1325919397452502,1602673316,thermal_anomaly
9840.0,164.0,2.7333333333333334,0,0.0,354.1582338163553,354.1582338163553,89.87890517730473,90.03125607070318,29.595156207092188,29.558198796046575,11.96676345744324,11.930130494239652,24.70370119365404,24.692595734296884,25.880565541496285,25.784540770208352,16.466190528326777,24.808636093036288,3103.955845408883,3191.1990581828345,3192.941782487072,-0.001597386625808086,0.18993466564520214,0.186583749992403,23.043345287491828,23.225401107905117,0.0,0.0,0.2673277544409908,0.0,True,thermal_anomaly,1.0,0.2673277544409908,thermal_anomaly,0.2673277544409908,0.2673277544409908,58,thermal_anomaly,2.4940452314008352,0.2673277544409908,abrupt,0.0,1.1325919397452502,1602673316,thermal_anomaly
9900.0,165.0,2.75,0,0.0,349.99999999999994,349.99999999999994,89.3580718439714,89.3203867632331,29.574322873758856,29.58913368707746,11.834590482223792,11.820517638181368,24.729016510191585,24.850897061633134,25.893459921890855,25.958280061133987,16.21451886717022,24.517353554076006,2999.999999999999,3095.599529091417,3093.1211906441767,-0.0018344266511800132,0.19586066627950033,0.19292246122054488,23.037490427230424,22.930006087433597,0.0,0.0,0.2673277544409908,0.0,True,thermal_anomaly,1.0,0.2673277544409908,thermal_anomaly,0.2673277544409908,0.2673277544409908,58,thermal_anomaly,2.4940452314008352,0.2673277544409908,abrupt,0.0,1.1325919397452502,1602673316,thermal_anomaly
9960.0,166.0,2.7666666666666666,0,0.0,345.8417661836449,345.8417661836449,88.84342635857907,88.50261281350446,29.553737054343163,29.568042000820707,11.702133153168209,11.68119335418998,24.75337293470278,24.73892732070186,25.905685127887974,25.839660770621613,15.965109943373143,24.226071015115743,2896.044154591122,2995.82184184127,2999.952278973219,-0.0019638328945403845,0.1990958223635096,0.20568668688555133,23.031591490939356,23.12230913490298,0.0,0.0,0.2673277544409908,0.0,True,thermal_anomaly,1.0,0.2673277544409908,thermal_anomaly,0.2673277544409908,0.2673277544409908,58,thermal_anomaly,2.4940452314008352,0.2673277544409908,abrupt,0.0,1.1325919397452502,1602673316,thermal_anomaly
10020.0,167.0,2.783333333333333,0,0.0,341.86526713848406,341.86526713848406,88.33469828248013,88.2767384188822,29.533387931299206,29.56381022786151,11.575551979804473,11.554368747474706,24.776820923014732,24.977845046621006,25.91727111510552,25.97390925700112,15.729388607587282,23.947518920836732,2796.6316784621013,2896.226760151685,2898.032220365756,-0.0019799496820944516,0.1994987420523613,0.19234370446725432,23.02563999259177,23.03298835541733,0.0,0.0,0.2673277544409908,0.0,True,thermal_anomaly,1.0,0.2673277544409908,thermal_anomaly,0.2673277544409908,0.2673277544409908,58,thermal_anomaly,2.4940452314008352,0.2673277544409908,abrupt,0.0,1.1325919397452502,1602673316,thermal_anomaly
10080.0,168.0,2.8,0,0.0,338.2442949541506,338.2442949541506,87.83135855784599,87.57430087782829,29.51325434231384,29.497083952987165,11.46075898750352,11.487726200826168,24.79944561405183,24.864939785348444,25.928271986080993,25.77699672643347,15.517836042186275,23.69387133440022,2706.107373853764,2801.1670670027247,2809.9752736098344,-0.0018820726328891081,0.1970518158222277,0.19767542065568564,23.019631661990697,23.037505412918332,0.0,0.0,0.2673277544409908,0.0,True,thermal_anomaly,1.0,0.2673277544409908,thermal_anomaly,0.2673277544409908,0.2673277544409908,58,thermal_anomaly,2.4940452314008352,0.2673277544409908,abrupt,0.0,1.1325919397452502,1602673316,thermal_anomaly
10140.0,169.0,2.816666666666667,0,0.0,335.1371034904521,335.1371034904521,87.33264263003281,87.4574420642188,29.493305705201312,29.46261123174629,11.363158366861153,11.44938311303924,24.821362296224493,24.74608865998188,25.93876365118785,25.978826656443115,15.339625762244193,23.476213872469643,2628.427587261303,2714.797327132014,2719.7691101061523,-0.0016744794436408194,0.19186198609102048,0.18326421332765072,23.013566630424112,23.046214720894046,0.0,0.0,0.2673277544409908,0.0,True,thermal_anomaly,1.0,0.2673277544409908,thermal_anomaly,0.2673277544409908,0.2673277544409908,58,thermal_anomaly,2.4940452314008352,0.2673277544409908,abrupt,0.0,1.1325919397452502,1602673316,thermal_anomaly
10200.0,170.0,2.8333333333333335,0,0.0,332.6794919243112,332.6794919243112,86.8375838622883,87.0523095125876,29.473503354491534,29.53063518792911,11.287409166227041,11.25001428289143,24.84271103384299,24.861872689006937,25.948840536273757,25.847317253694246,15.202364771480962,23.30405921056775,2566.9872981077806,2640.8923126198974,2641.341778901893,-0.0013662429328623966,0.18415607332155992,0.18904700367320085,23.00744943523522,23.053249673985636,0.0,0.0,0.2673277544409908,0.0,True,thermal_anomaly,1.0,0.2673277544409908,thermal_anomaly,0.2673277544409908,0.2673277544409908,58,thermal_anomaly,2.4940452314008352,0.2673277544409908,abrupt,0.0,1.1325919397452502,1602673316,thermal_anomaly
10260.0,171.0,2.85,0,0.0,330.978869674097,330.978869674097,86.34505578241614,86.44312982404863,29.453802231296645,29.462494557114603,11.237220480906526,11.255010323874862,24.863650762885605,24.79951234366944,25.95861148091396,26.087478900099065,15.11192624753527,23.184931333509375,2524.471741852424,2582.682027236161,2585.188703339497,-0.0009708345151577046,0.1742708628789426,0.1668882187103103,23.001288838754395,23.0889454333013,0.0,0.0,0.2673277544409908,0.0,True,thermal_anomaly,1.0,0.2673277544409908,thermal_anomaly,0.2673277544409908,0.2673277544409908,58,thermal_anomaly,2.4940452314008352,0.2673277544409908,abrupt,0.0,1.1325919397452502,1602673316,thermal_anomaly
10320.0,172.0,2.8666666666666667,0,0.0,330.1095620926345,330.1095620926345,85.85382131501638,86.028984593971,29.434152852600654,29.495956377148396,11.215188143709993,11.220183134225202,24.88435309111859,25.025301907344453,25.96819500654685,25.91348275132792,15.072351924519918,23.124036701160936,2502.739052315864,2542.710539776012,2548.6417153531925,-0.0005055354357605887,0.16263838589401472,0.16179615413800996,22.995097463973945,22.873554798854205,0.0,0.0,0.2673277544409908,0.0,True,thermal_anomaly,1.0,0.2673277544409908,thermal_anomaly,0.2673277544409908,0.2673277544409908,58,thermal_anomaly,2.4940452314008352,0.2673277544409908,abrupt,0.0,1.1325919397452502,1602673316,thermal_anomaly
10380.0,173.0,2.8833333333333333,0,0.0,330.1095620926345,330.1095620926345,85.36258684761663,85.09170367595496,29.414503473904666,29.482668639990184,11.222680076360769,11.201692346907707,24.904995956353094,24.9120510623909,25.977714161298135,25.730664790067653,15.085800164322457,23.124036701160936,2502.7390523158633,2522.724796045938,2520.3369273962967,9.318502806628603e-06,0.15023296257016572,0.14885877571361653,22.988892515131948,22.858926682885066,0.0,0.0,0.2673277544409908,0.0,True,thermal_anomaly,1.0,0.2673277544409908,thermal_anomaly,0.2673277544409908,0.2673277544409908,58,thermal_anomaly,2.4940452314008352,0.2673277544409908,abrupt,0.0,1.1325919397452502,1602673316,thermal_anomaly
10440.0,174.0,2.9,0,0.0,330.9788696740969,330.9788696740969,84.87005876774447,84.75871353464773,29.394802350709778,29.354387398363496,11.259775307388825,11.2451706091219,24.925757228508843,25.089991202807425,25.987291166800574,26.000883303911102,15.152519514445512,23.184931333509372,2524.471741852423,2523.5982689491807,2517.1607401262168,0.0005512257128852536,0.16378064282213134,0.16962899350280206,22.982764459760027,23.022376103557082,0.0,0.0,0.2673277544409908,0.0,True,thermal_anomaly,1.0,0.2673277544409908,thermal_anomaly,0.2673277544409908,0.2673277544409908,58,thermal_anomaly,2.4940452314008352,0.2673277544409908,abrupt,0.0,1.1325919397452502,1602673316,thermal_anomaly
10500.0,175.0,2.9166666666666665,0,0.0,332.6794919243112,332.6794919243112,84.37499999999994,84.33340004353502,29.374999999999996,29.346435081181564,11.325259299551021,11.3515147181367,24.946808302124126,25.126056354193604,25.997042100970113,25.99344104334027,15.270836172780214,23.30405921056775,2566.9872981077806,2545.292783528481,2544.72383784481,0.0010965022490355544,0.17741255622588886,0.16938262362804316,22.976733593165047,22.86690045983741,0.0,0.0,0.2673277544409908,0.0,True,thermal_anomaly,1.0,0.2673277544409908,thermal_anomaly,0.2673277544409908,0.2673277544409908,58,thermal_anomaly,2.4940452314008352,0.2673277544409908,abrupt,0.0,1.1325919397452502,1602673316,thermal_anomaly
10560.0,176.0,2.933333333333333,0,0.0,335.13710349045203,335.13710349045203,83.87628407218678,83.31806345660848,29.355051362887473,29.311025821381662,11.416675765526124,11.426538245512397,24.96830772505033,25.10702400927049,26.00707184912771,26.064585356604603,15.437155159426982,23.47621387246964,2628.4275872613007,2586.860185394891,2586.4797344775984,0.0016213169101006175,0.19053292275251543,0.19081358457843534,22.970817893030137,22.82058922993652,0.0,0.0,0.2673277544409908,0.0,True,thermal_anomaly,1.0,0.2673277544409908,thermal_anomaly,0.2673277544409908,0.2673277544409908,58,thermal_anomaly,2.4940452314008352,0.2673277544409908,abrupt,0.0,1.1325919397452502,1602673316,thermal_anomaly
10620.0,177.0,2.95,0,0.0,338.2442949541506,338.2442949541506,83.37294434755262,83.49991391992381,29.334917773902106,29.343119395991295,11.530432693255086,11.539165802452514,24.99039494673408,24.9833638373607,26.017469544128154,25.98608840481062,15.645986564109723,23.69387133440022,2706.1073738537643,2646.4837796243282,2651.1757812327487,0.002102732777051843,0.20256831942629605,0.20631820088533218,22.965032199749515,22.91916840647052,0.0,0.0,0.2673277544409908,0.0,True,thermal_anomaly,1.0,0.2673277544409908,thermal_anomaly,0.2673277544409908,0.2673277544409908,58,thermal_anomaly,2.4940452314008352,0.2673277544409908,abrupt,0.0,1.1325919397452502,1602673316,thermal_anomaly
10680.0,178.0,2.966666666666667,0,0.0,341.86526713848394,341.86526713848394,82.86421627145369,83.01487999142195,29.31456865085815,29.32924442739379,11.66195795715644,11.662209454268302,25.01318433746649,24.93496473886546,26.02830469478526,26.00480069665568,15.890017388173614,23.947518920836725,2796.631678462098,2721.557729043213,2717.6979791659314,0.002519709666413667,0.21299274166034166,0.21344618859148587,22.959387524789026,23.044288252599255,0.0,0.0,0.2673277544409908,0.0,True,thermal_anomaly,1.0,0.2673277544409908,thermal_anomaly,0.2673277544409908,0.2673277544409908,58,thermal_anomaly,2.4940452314008352,0.2673277544409908,abrupt,0.0,1.1325919397452502,1602673316,thermal_anomaly
10740.0,179.0,2.9833333333333334,0,0.0,345.8417661836448,345.8417661836448,82.34957078606136,82.53858628381036,29.293982831442456,29.328544261748583,11.80589775632825,11.81734611821313,25.03675971282335,25.300008855702426,26.039624171800835,26.017436402666615,16.160254063244974,24.226071015115735,2896.044154591119,2808.800941817166,2806.2671874783327,0.0028540236872440245,0.2213505921811006,0.22163996533999575,22.953890522352282,23.04671077972026,0.0,0.0,0.2673277544409908,0.0,True,thermal_anomaly,1.0,0.2673277544409908,thermal_anomaly,0.2673277544409908,0.2673277544409908,58,thermal_anomaly,2.4940452314008352,0.2673277544409908,abrupt,0.0,1.1325919397452502,1602673316,thermal_anomaly
10800.0,180.0,3.0,1,600.0,349.99999999999994,-250.00000000000006,82.72159459558517,82.25835967352221,29.308863783823405,29.310237854243518,-8.529842775344429,-8.480456470278721,25.05756358356499,25.091293683535493,26.06488383648536,25.960333934885615,10.830573738382505,24.517353554076006,2999.999999999999,2904.400470908583,2900.8219491692516,0.003091063712615916,0.22727659281539792,0.22562781756750405,22.94854315321092,22.972317693641077,0.0,0.0,0.2673277544409908,0.0,True,thermal_anomaly,1.0,0.2673277544409908,thermal_anomaly,0.2673277544409908,0.2673277544409908,58,thermal_anomaly,2.4940452314008352,0.2673277544409908,abrupt,0.0,1.1325919397452502,1602673316,thermal_anomaly
10860.0,181.0,3.0166666666666666,1,601.2556165273943,354.15823381635516,-247.09738271103913,83.08929903414327,82.89306282019801,29.32357196136573,29.31225036293212,-8.42657855723013,-8.45325002746083,25.07779572121864,24.907762751719844,26.090556401455633,26.098180179266446,10.69049441110851,24.808636093036277,3103.9558454088797,3004.1781581587315,3006.8844265877606,0.0032204699559763308,0.23051174889940826,0.22165909388875513,22.94334256087759,22.91378031892977,0.0,0.0,0.2673277544409908,0.0,True,thermal_anomaly,1.0,0.2673277544409908,thermal_anomaly,0.2673277544409908,0.2673277544409908,58,thermal_anomaly,2.4940452314008352,0.2673277544409908,abrupt,0.0,1.1325919397452502,1602673316,thermal_anomaly
10920.0,182.0,3.033333333333333,1,602.5051158172811,358.134732861516,-244.37038295576508,83.45294543735125,82.88834064800905,29.33811781749405,29.369450935943892,-8.329449914815232,-8.338994213880758,25.097491939636566,25.170544364717358,26.116613632442593,26.316830574469904,10.560295187288101,25.087188187315288,3203.3683215379006,3103.773239848316,3092.101850266107,0.0032365867435303767,0.2309146685882594,0.22405038076581527,22.938281169789555,22.776796216082623,0.0,0.0,0.2673277544409908,0.0,True,thermal_anomaly,1.0,0.2673277544409908,thermal_anomaly,0.2673277544409908,0.2673277544409908,58,thermal_anomaly,2.4940452314008352,0.2673277544409908,abrupt,0.0,1.1325919397452502,1602673316,thermal_anomaly
10980.0,183.0,3.05,1,603.7424104347197,361.75570504584937,-241.9867053888703,83.81304470132278,83.92765627576937,29.35252178805291,29.281129096728584,-8.24415384600324,-8.24015590036167,25.116711959123187,25.049633732658464,26.143003136695555,25.99144181018111,10.447202127540463,25.34083577375179,3293.8926261462348,3198.8329329972753,3201.1664835550055,0.0031387096943249967,0.2284677423581249,0.22847348150258281,22.933347003501645,23.06412709660938,0.0,0.0,0.2673277544409908,0.0,True,thermal_anomaly,1.0,0.2673277544409908,thermal_anomaly,0.2673277544409908,0.2673277544409908,58,thermal_anomaly,2.4940452314008352,0.2673277544409908,abrupt,0.0,1.1325919397452502,1602673316,thermal_anomaly
11040.0,184.0,3.066666666666667,1,604.961472404706,364.8628965095479,-240.0985758951581,84.1703342487858,84.23598443848635,29.366813369951434,29.338795846980602,-8.175847098917126,-8.202377595394834,25.13553606295984,25.274770392325717,26.169650702143535,26.130586637953055,10.35747437940459,25.558493235682377,3371.5724127386984,3285.202672867987,3297.8504327099604,0.0029311165050767652,0.22327791262691912,0.2224931148952192,22.928524208909362,22.919546234065912,0.0,0.0,0.2673277544409908,0.0,True,thermal_anomaly,1.0,0.2673277544409908,thermal_anomaly,0.2673277544409908,0.2673277544409908,58,thermal_anomaly,2.4940452314008352,0.2673277544409908,abrupt,0.0,1.1325919397452502,1602673316,thermal_anomaly
11100.0,185.0,3.0833333333333335,1,606.1563625798619,367.32050807568874,-238.8358545041732,84.52574474655987,84.25354487816054,29.381029789862396,29.332144004154873,-8.128913663420365,-8.150459083669602,25.154061274529603,25.16838023629415,26.19646358983413,26.24394670073299,10.296255304402246,25.730647897584266,3433.0127018922185,3359.1076873801026,3354.7950437781637,0.0026228799942982924,0.21557199985745729,0.2147487385629126,22.923793761168582,22.924942279931958,0.0,0.0,0.2673277544409908,0.0,True,thermal_anomaly,1.0,0.2673277544409908,thermal_anomaly,0.2673277544409908,0.2673277544409908,58,thermal_anomaly,2.4940452314008352,0.2673277544409908,abrupt,0.0,1.1325919397452502,1602673316,thermal_anomaly
11160.0,186.0,3.1,1,607.3212595753644,369.0211303259031,-238.3001292494613,84.88035803413348,84.91284900909159,29.395214321365337,29.38742991658395,-8.106766177794373,-8.09320018824972,25.172397275258593,25.130896630450174,26.223334635756792,26.148546791605426,10.267488945529326,25.849775774642644,3475.5282581475767,3417.3179727638394,3421.43897512201,0.002227471576593636,0.2056867894148409,0.19377092011434766,22.919134314149726,22.803878480416312,0.0,0.0,0.2673277544409908,0.0,True,thermal_anomaly,1.0,0.2673277544409908,thermal_anomaly,0.2673277544409908,0.2673277544409908,58,thermal_anomaly,2.4940452314008352,0.2673277544409908,abrupt,0.0,1.1325919397452502,1602673316,thermal_anomaly
11220.0,187.0,3.1166666666666667,1,608.450488130146,369.8904379073654,-238.5600502227806,85.23535810886976,85.2592267405387,29.409414324354792,29.421618537697494,-8.111689936824824,-8.166399437425873,25.190662201053982,25.13259372348219,26.250146982783324,26.04592892740989,10.273877407109673,25.910670406991077,3497.260947684136,3457.2894602239876,3455.722529418561,0.001762172497196506,0.19405431242991264,0.19471543250305226,22.914523153725256,22.905988499055958,0.0,0.0,0.2673277544409908,0.0,True,thermal_anomaly,1.0,0.2673277544409908,thermal_anomaly,0.2673277544409908,0.2673277544409908,58,thermal_anomaly,2.4940452314008352,0.2673277544409908,abrupt,0.0,1.1325919397452502,1602673316,thermal_anomaly
11280.0,188.0,3.1333333333333333,1,609.5385467561977,369.8904379073655,-239.64810884883218,85.59197731846623,85.57853075185663,29.42367909273865,29.4683869015732,-8.1447363565073,-8.157661650766512,25.20897837287524,25.18789934603426,26.27677923591935,26.215789597075926,10.316854741975806,25.91067040699108,3497.2609476841367,3477.2752039540624,3474.6090388769812,0.0012473185586292885,0.18118296396573222,0.17723269301056938,22.90993720647289,22.97936569814894,0.0,0.0,0.2673277544409908,0.0,True,thermal_anomaly,1.0,0.2673277544409908,thermal_anomaly,0.2673277544409908,0.2673277544409908,58,thermal_anomaly,2.4940452314008352,0.2673277544409908,abrupt,0.0,1.1325919397452502,1602673316,thermal_anomaly
11340.0,189.0,3.15,1,610.5801345412646,369.02113032590313,-241.55900421536143,85.95144012235815,85.88813348929469,29.438057604894325,29.44382663357429,-8.205670613783981,-8.240541397772095,25.22746795475611,25.207079351631833,26.303110815559638,26.407835248013267,10.3965587343683,25.849775774642648,3475.5282581475776,3476.40173105082,3476.046745710046,0.0007054113485506708,0.16763528371376676,0.1700078420262278,22.905354054727848,22.95720938272971,0.0,0.0,0.2673277544409908,0.0,True,thermal_anomaly,1.0,0.2673277544409908,thermal_anomaly,0.2673277544409908,0.2673277544409908,58,thermal_anomaly,2.4940452314008352,0.2673277544409908,abrupt,0.0,1.1325919397452502,1602673316,thermal_anomaly
11400.0,190.0,3.1666666666666665,1,611.5701769743577,367.3205080756888,-244.24966889866886,86.3149068915526,86.3628474589869,29.452596275662103,29.4256665779153,-8.29297582503796,-8.289909384819763,25.246248504564686,25.072153650715375,26.329027274786554,26.321604603668053,10.511792159387984,25.73064789758427,3433.0127018922203,3454.7072164715205,3453.487637461415,0.00016013481240036295,0.15400337031000907,0.15732538382503022,22.900752910273887,22.848072753891003,0.0,0.0,0.2673277544409908,0.0,True,thermal_anomaly,1.0,0.2673277544409908,thermal_anomaly,0.2673277544409908,0.2673277544409908,58,thermal_anomaly,2.4940452314008352,0.2673277544409908,abrupt,0.0,1.1325919397452502,1602673316,thermal_anomaly
11460.0,191.0,3.183333333333333,1,612.503850668262,364.86289650954785,-247.64095415871412,86.68342021619354,86.79413640892744,29.46733680864774,29.50908846068897,-8.403913654186736,-8.385178807134501,25.265428396210986,25.215970267977116,26.354425348322323,26.50034023197825,10.659977493176964,25.55849323568237,3371.5724127386957,3413.1398146051083,3418.0101708733614,-0.00036467984866476403,0.1591169962166191,0.1573802739376319,22.89616473476289,22.999257247447026,0.0,0.0,0.2673277544409908,0.0,True,thermal_anomaly,1.0,0.2673277544409908,thermal_anomaly,0.2673277544409908,0.2673277544409908,58,thermal_anomaly,2.4940452314008352,0.2673277544409908,abrupt,0.0,1.1325919397452502,1602673316,thermal_anomaly
11520.0,192.0,3.2,1,613.376606858593,361.7557050458495,-251.62090181274357,87.05785608198632,86.64907517945655,29.482314243279454,29.46515363239249,-8.534638757881803,-8.481534774864043,25.28510214525539,25.344911156898025,26.37921751247378,26.366561335288523,10.837121014817921,25.3408357737518,3293.892626146237,3353.516220375672,3354.9557526537415,-0.0008460957156158976,0.17115239289039744,0.17089561342495246,22.89158993230498,22.81667510165466,0.0,0.0,0.2673277544409908,0.0,True,thermal_anomaly,1.0,0.2673277544409908,thermal_anomaly,0.2673277544409908,0.2673277544409908,58,thermal_anomaly,2.4940452314008352,0.2673277544409908,abrupt,0.0,1.1325919397452502,1602673316,thermal_anomaly
11580.0,193.0,3.216666666666667,1,614.184193564921,358.134732861516,-256.049460703405,87.4388820651759,87.58630724849208,29.497555282607035,29.469176543491255,-8.680362092731874,-8.769785002354748,25.305345752715386,25.20904545292172,26.403335856780288,26.423137356655793,11.037811201489781,25.087188187315288,3203.3683215379,3278.4422709567857,3272.075466972082,-0.001263072604977778,0.18157681512444446,0.18536599576185464,22.887008230467178,23.06902986594887,0.0,0.0,0.2673277544409908,0.0,True,thermal_anomaly,1.0,0.2673277544409908,thermal_anomaly,0.2673277544409908,0.2673277544409908,58,thermal_anomaly,2.4940452314008352,0.2673277544409908,abrupt,0.0,1.1325919397452502,1602673316,thermal_anomaly
11640.0,194.0,3.2333333333333334,1,614.9226763059908,354.15823381635533,-260.7644424896354,87.82692439030929,87.90146078506518,29.51307697561237,29.56738588179114,-8.835555936953428,-8.853301609941441,25.326212277279627,25.426058285367496,26.426735098157344,26.49645230974085,11.2552802138175,24.80863609303629,3103.955845408883,3191.1990581828345,3197.9925228387374,-0.001597386625808079,0.18993466564520198,0.19140675598158724,22.88240130198374,22.945067550686755,0.0,0.0,0.2673277544409908,0.0,True,thermal_anomaly,1.0,0.2673277544409908,thermal_anomaly,0.2673277544409908,0.2673277544409908,58,thermal_anomaly,2.4940452314008352,0.2673277544409908,abrupt,0.0,1.1325919397452502,1602673316,thermal_anomaly
11700.0,195.0,3.25,1,615.5884572681198,349.99999999999994,-265.58845726811984,88.22214530886305,87.73414751381235,29.52888581235452,29.575834242556713,-8.99419161819512,-8.88605936235266,25.347727933327246,25.365966767730985,26.4493946058054,26.451127357185154,11.481554945799772,24.517353554076006,2999.999999999999,3095.599529091417,3097.782378629444,-0.0018344266511800132,0.19586066627950033,0.18777813252030004,22.877753521613645,22.778137209519617,0.0,0.0,0.2673277544409908,0.0,True,thermal_anomaly,1.0,0.2673277544409908,thermal_anomaly,0.2673277544409908,0.2673277544409908,58,thermal_anomaly,2.4940452314008352,0.2673277544409908,abrupt,0.0,1.1325919397452502,1602673316,thermal_anomaly
11760.0,196.0,3.2666666666666666,1,616.178292833385,345.8417661836449,-270.33652664974005,88.62443180685374,88.56412096925978,29.54497727227415,29.508322817485492,-9.149999479046192,-9.22375762003056,25.369889070367634,25.278675601096165,26.47131934838777,26.509946860147455,11.70771555393851,24.226071015115743,2896.044154591122,2995.82184184127,2988.8424756224254,-0.0019638328945403845,0.1990958223635096,0.19998951217716343,22.8730526121147,22.819711196595726,0.0,0.0,0.2673277544409908,0.0,True,thermal_anomaly,1.0,0.2673277544409908,thermal_anomaly,0.2673277544409908,0.2673277544409908,58,thermal_anomaly,2.4940452314008352,0.2673277544409908,abrupt,0.0,1.1325919397452502,1602673316,thermal_anomaly
11820.0,197.0,3.283333333333333,1,616.6893093822022,341.86526713848406,-274.8240422437181,89.0333961554307,88.844009198543,29.561335846217226,29.571361024377982,-9.296739622099507,-9.36168339214064,25.392660401921535,25.411611554866468,26.49253972208349,26.329636288622513,11.924265724704053,23.947518920836732,2796.6316784621013,2896.226760151685,2900.1589599173335,-0.0019799496820944516,0.1994987420523613,0.19559541150959878,22.868290155358302,22.88200281757642,0.0,0.0,0.2673277544409908,0.0,True,thermal_anomaly,1.0,0.2673277544409908,thermal_anomaly,0.2673277544409908,0.2673277544409908,58,thermal_anomaly,2.4940452314008352,0.2673277544409908,abrupt,0.0,1.1325919397452502,1602673316,thermal_anomaly
11880.0,198.0,3.3,1,617.1190172933127,338.24429495415046,-278.87472233916225,89.44838830176873,89.59539905926847,29.57793553207075,29.619803217510444,-9.428471504942733,-9.330321317094652,25.415974808776504,25.487506739649362,26.513110267032044,26.648314371517362,12.121602310176229,23.693871334400214,2706.107373853761,2801.1670670027233,2792.052181228669,-0.0018820726328891437,0.19705181582222858,0.20119923794335937,22.863461948536482,22.935442676973363,0.0,0.0,0.2673277544409908,0.0,True,thermal_anomaly,1.0,0.2673277544409908,thermal_anomaly,0.2673277544409908,0.2673277544409908,58,thermal_anomaly,2.4940452314008352,0.2673277544409908,abrupt,0.0,1.1325919397452502,1602673316,thermal_anomaly
11940.0,199.0,3.316666666666667,1,617.465323072968,335.13710349045215,-282.3282195825158,89.86851958090938,89.65785096245314,29.594740783236375,29.616808734206575,-9.539810524119801,-9.538787638421269,25.43973494248501,25.524415454323464,26.533107328269573,26.526848668499053,12.290555103503415,23.476213872469646,2628.427587261303,2714.7973271320134,2719.8644591034695,-0.001674479443640806,0.19186198609102015,0.19021540679467397,22.858568189820804,22.858358400191328,0.0,0.0,0.2673277544409908,0.0,True,thermal_anomaly,1.0,0.2673277544409908,thermal_anomaly,0.2673277544409908,0.2673277544409908,58,thermal_anomaly,2.4940452314008352,0.2673277544409908,abrupt,0.0,1.1325919397452502,1602673316,thermal_anomaly
12000.0,200.0,3.3333333333333335,1,617.7265395542198,332.6794919243112,-285.0470476299086,90.29269673512056,90.19612613284343,29.61170786940482,29.61504663235095,-9.626160331144652,-9.604337279915821,25.46381670910269,25.45543215995737,26.552625763386885,26.620529789171105,12.422953334287094,23.30405921056775,2566.9872981077806,2640.892312619897,2633.5794471470294,-0.0013662429328623895,0.18415607332155973,0.19369671583034986,22.85361348293644,22.90946817487525,0.0,0.0,0.2673277544409908,0.0,True,thermal_anomaly,1.0,0.2673277544409908,thermal_anomaly,0.2673277544409908,0.2673277544409908,58,thermal_anomaly,2.4940452314008352,0.2673277544409908,abrupt,0.0,1.1325919397452502,1602673316,thermal_anomaly
12060.0,201.0,3.35,1,617.9013941166289,330.978869674097,-286.92252444253194,90.71966477744576,90.7664582623563,29.62878659109783,29.638705335745144,-9.68391073189409,-9.668790077174405,25.488074538087172,25.441492883185646,26.571774840802405,26.38297070574952,12.512166481678342,23.184931333509375,2524.471741852424,2582.6820272361606,2579.0878436966436,-0.0009708345151576976,0.17427086287894245,0.1750103639497228,22.848606656097854,22.722634230632593,0.0,0.0,0.2673277544409908,0.0,True,thermal_anomaly,1.0,0.2673277544409908,thermal_anomaly,0.2673277544409908,0.2673277544409908,58,thermal_anomaly,2.4940452314008352,0.2673277544409908,abrupt,0.0,1.1325919397452502,1602673316,thermal_anomaly
12120.0,202.0,3.3666666666666667,1,617.9890348863438,330.1095620926345,-287.8794727937093,91.14805685005544,90.86556138168108,29.645922274002217,29.7128674165276,-9.710592577724025,-9.667252836374347,25.512348160317767,25.302511331717746,26.590673507917256,26.755275323878546,12.553564973458776,23.124036701160936,2502.7390523158633,2542.710539776012,2542.593361958682,-0.0005055354357605888,0.16263838589401472,0.15482432383530526,22.84356039768733,22.780560591336737,0.0,0.0,0.2673277544409908,0.0,True,thermal_anomaly,1.0,0.2673277544409908,thermal_anomaly,0.2673277544409908,0.2673277544409908,58,thermal_anomaly,2.4940452314008352,0.2673277544409908,abrupt,0.0,1.1325919397452502,1602673316,thermal_anomaly
12180.0,203.0,3.3833333333333333,1,617.9890348863438,330.1095620926345,-287.8794727937093,91.57644892266512,91.46166606031831,29.663057956906606,29.626982330389126,-9.704982986310108,-9.774885797883297,25.536470457675907,25.65046416471976,26.60944523595875,26.648532438776773,12.544851897780354,23.124036701160936,2502.7390523158633,2522.724796045938,2525.3364417492226,9.318502806628603e-06,0.15023296257016572,0.14450831969482789,22.838491976842484,22.933937218895196,0.0,0.0,0.2673277544409908,0.0,True,thermal_anomaly,1.0,0.2673277544409908,thermal_anomaly,0.2673277544409908,0.2673277544409908,58,thermal_anomaly,2.4940452314008352,0.2673277544409908,abrupt,0.0,1.1325919397452502,1602673316,thermal_anomaly
12240.0,204.0,3.4,1,617.9013941166289,330.9788696740969,-286.922524442532,92.00341696499031,92.54979654070124,29.680136678599613,29.691673778897684,-9.667156440334484,-9.665828199468494,25.560275827765025,25.69136283242545,26.628212666819348,26.60419913314527,12.486229407966901,23.184931333509372,2524.471741852423,2523.5982689491807,2524.570660611544,0.0005512257128852536,0.16378064282213134,0.16514019584655493,22.833491925507733,22.829107408937038,0.0,0.0,0.2673277544409908,0.0,True,thermal_anomaly,1.0,0.2673277544409908,thermal_anomaly,0.2673277544409908,0.2673277544409908,58,thermal_anomaly,2.4940452314008352,0.2673277544409908,abrupt,0.0,1.1325919397452502,1602673316,thermal_anomaly
12300.0,205.0,3.4166666666666665,1,617.7265395542198,332.67949192431115,-285.04704762990866,92.4275941192015,92.50871093269062,29.69710376476806,29.714192313981602,-9.598479699831259,-9.579231067136668,25.58360844848532,25.618051104157768,26.64709229585189,26.732443058321643,12.380381320460684,23.304059210567747,2566.9872981077788,2545.29278352848,2550.0445561411634,0.0010965022490355331,0.1774125562258883,0.17342017818120908,22.828580602919644,22.84312105257953,0.0,0.0,0.2673277544409908,0.0,True,thermal_anomaly,1.0,0.2673277544409908,thermal_anomaly,0.2673277544409908,0.2673277544409908,58,thermal_anomaly,2.4940452314008352,0.2673277544409908,abrupt,0.0,1.1325919397452502,1602673316,thermal_anomaly
12360.0,206.0,3.433333333333333,1,617.465323072968,335.13710349045215,-282.3282195825158,92.84772539834213,92.83489684884107,29.713909015933687,29.68258641646477,-9.501550921190514,-9.538277291891266,25.60632983695617,25.469512361112134,26.666189423010383,26.630325320309563,12.232273909252967,23.476213872469646,2628.427587261303,2586.8601853948917,2594.733032510245,0.00162131691010066,0.1905329227525165,0.2003088039700344,22.823776050211574,22.809225295071485,0.0,0.0,0.2673277544409908,0.0,True,thermal_anomaly,1.0,0.2673277544409908,thermal_anomaly,0.2673277544409908,0.2673277544409908,58,thermal_anomaly,2.4940452314008352,0.2673277544409908,abrupt,0.0,1.1325919397452502,1602673316,thermal_anomaly
12420.0,207.0,3.45,1,617.1190172933127,338.24429495415046,-278.87472233916225,93.26271754468019,93.44623874524298,29.73050870178721,29.759652971046798,-9.380085794576333,-9.370062171899255,25.628325174265626,25.70352436500612,26.68559359299764,26.569780519468488,12.04879707770388,23.693871334400214,2706.107373853761,2646.4837796243264,2639.5117426416705,0.0021027327770517935,0.20256831942629483,0.20307789409216126,22.81909317075209,22.86800452694571,0.0,0.0,0.2673277544409908,0.0,True,thermal_anomaly,1.0,0.2673277544409908,thermal_anomaly,0.2673277544409908,0.2673277544409908,58,thermal_anomaly,2.4940452314008352,0.2673277544409908,abrupt,0.0,1.1325919397452502,1602673316,thermal_anomaly
12480.0,208.0,3.466666666666667,1,616.6893093822022,341.86526713848394,-274.8240422437182,93.67168189325714,93.45781666697408,29.746867275730285,29.813432983173428,-9.238755788847056,-9.24505975461401,25.649508000492055,25.707716543227274,26.705374723709184,26.66355645116845,11.838284998691261,23.947518920836725,2796.631678462098,2721.5577290432116,2720.028391541834,0.0025197096664136883,0.2129927416603422,0.2084596214319748,22.814543038509083,22.828897519509322,0.0,0.0,0.2673277544409908,0.0,True,thermal_anomaly,1.0,0.2673277544409908,thermal_anomaly,0.2673277544409908,0.2673277544409908,58,thermal_anomaly,2.4940452314008352,0.2673277544409908,abrupt,0.0,1.1325919397452502,1602673316,thermal_anomaly
12540.0,209.0,3.4833333333333334,1,616.178292833385,345.8417661836449,-270.33652664974005,94.07396839124782,93.80184061972636,29.762958735649914,29.72487835993311,-9.082985634957469,-9.035242117792558,25.669823054226022,25.82275341037233,26.72558009218081,26.935196747216917,11.609966560202361,24.226071015115743,2896.0441545911226,2808.8009418171673,2808.9886466180265,0.0028540236872440883,0.2213505921811022,0.21632932771001953,22.810132369719437,22.87582866492777,0.0,0.0,0.2673277544409908,0.0,True,thermal_anomaly,1.0,0.2673277544409908,thermal_anomaly,0.2673277544409908,0.2673277544409908,58,thermal_anomaly,2.4940452314008352,0.2673277544409908,abrupt,0.0,1.1325919397452502,1602673316,thermal_anomaly
12600.0,210.0,3.5,1,615.5884572681198,349.99999999999994,-265.58845726811984,94.46918930980158,94.46258900594178,29.778767572392063,29.826266350303857,-8.918718903409127,-8.825890203712571,25.68924721345947,25.88585497740109,26.74623230977033,26.771898009775235,11.373400066857046,24.517353554076006,2999.999999999999,2904.4004709085834,2900.9221405621133,0.0030910637126159027,0.22727659281539755,0.22888163113682458,22.80586318672282,22.79086646638641,0.0,0.0,0.2673277544409908,0.0,True,thermal_anomaly,1.0,0.2673277544409908,thermal_anomaly,0.2673277544409908,0.2673277544409908,58,thermal_anomaly,2.4940452314008352,0.2673277544409908,abrupt,0.0,1.1325919397452502,1602673316,thermal_anomaly
12660.0,211.0,3.5166666666666666,1,614.9226763059908,354.15823381635516,-260.7644424896356,94.85723163493495,94.82277596997643,29.7942892653974,29.710179038714667,-8.752161871251051,-8.746616746872695,25.70778866530293,25.855308501051837,26.767328375069628,26.7157821415527,11.137943310261317,24.808636093036277,3103.955845408879,3004.1781581587315,2989.3611249762657,0.003220469955976316,0.2305117488994079,0.22356363325855022,22.80173269413815,22.77073935525927,0.0,0.0,0.2673277544409908,0.0,True,thermal_anomaly,1.0,0.2673277544409908,thermal_anomaly,0.2673277544409908,0.2673277544409908,58,thermal_anomaly,2.4940452314008352,0.2673277544409908,abrupt,0.0,1.1325919397452502,1602673316,thermal_anomaly
12720.0,212.0,3.533333333333333,1,614.184193564921,358.1347328615159,-256.0494607034051,95.23825761812455,95.40995842867316,29.80953030472498,29.790071337628717,-8.589516778223768,-8.56338473622365,25.725484568639615,25.563546334741748,26.788839845941155,26.807936600209818,10.912300195285873,25.08718818731528,3203.3683215378974,3103.773239848314,3108.413852717528,0.003236586743530341,0.23091466858825851,0.22344562730034787,22.797733377050662,22.834285404205414,0.0,0.0,0.2673277544409908,0.0,True,thermal_anomaly,1.0,0.2673277544409908,thermal_anomaly,0.2673277544409908,0.2673277544409908,58,thermal_anomaly,2.4940452314008352,0.2673277544409908,abrupt,0.0,1.1325919397452502,1602673316,thermal_anomaly
12780.0,213.0,3.55,1,613.376606858593,361.7557050458495,-251.62090181274357,95.61269348391733,96.02666053998814,29.824507739356694,29.840665761385715,-8.436716005900822,-8.47066555588863,25.7423975609998,25.430402034548344,26.810714123161958,26.77050760800446,10.704170473752711,25.3408357737518,3293.8926261462375,3198.8329329972757,3205.5784366524476,0.003138709694325054,0.22846774235812634,0.23603857630948422,22.793853319208296,22.881614933241995,0.0,0.0,0.2673277544409908,0.0,True,thermal_anomaly,1.0,0.2673277544409908,thermal_anomaly,0.2673277544409908,0.2673277544409908,58,thermal_anomaly,2.4940452314008352,0.2673277544409908,abrupt,0.0,1.1325919397452502,1602673316,thermal_anomaly
12840.0,214.0,3.566666666666667,1,612.503850668262,364.86289650954785,-247.64095415871412,95.98120680855826,96.41117388767361,29.83924827234233,29.84079367672183,-8.299168661974965,-8.33966983067044,25.758611491734175,25.809681830765385,26.83287678957562,26.753928087700213,10.520012355007449,25.55849323568237,3371.5724127386957,3285.202672867986,3303.044517749679,0.0029311165050767154,0.22327791262691787,0.23057662630309028,22.790076727248213,22.765928081597153,0.0,0.0,0.2673277544409908,0.0,True,thermal_anomaly,1.0,0.2673277544409908,thermal_anomaly,0.2673277544409908,0.2673277544409908,58,thermal_anomaly,2.4940452314008352,0.2673277544409908,abrupt,0.0,1.1325919397452502,1602673316,thermal_anomaly
12900.0,215.0,3.5833333333333335,1,611.5701769743577,367.32050807568874,-244.24966889866892,96.3446735777527,96.36424910554113,29.85378694311011,29.82504727276454,-8.181530516182598,-8.161688229021934,25.77422674047406,25.811785110394975,26.855234902521833,26.926267418956467,10.364911643593029,25.730647897584266,3433.0127018922185,3359.1076873801026,3361.294320921064,0.0026228799942983067,0.21557199985745767,0.20081222000383434,22.78638463561989,22.712747969432044,0.0,0.0,0.2673277544409908,0.0,True,thermal_anomaly,1.0,0.2673277544409908,thermal_anomaly,0.2673277544409908,0.2673277544409908,58,thermal_anomaly,2.4940452314008352,0.2673277544409908,abrupt,0.0,1.1325919397452502,1602673316,thermal_anomaly
12960.0,216.0,3.6,1,610.5801345412646,369.021130325903,-241.55900421536154,96.70413638164462,96.67844979747217,29.868165455265785,29.87512251221758,-8.087507234990706,-8.112847754580354,25.78935541397362,25.82403964004291,26.877681095650402,26.9980967737524,10.242538178697023,25.84977577464264,3475.5282581475753,3417.317972763839,3419.9691309710834,0.002227471576593615,0.20568678941484037,0.21301873739373095,22.782755757042647,22.81430107931217,0.0,0.0,0.2673277544409908,0.0,True,thermal_anomaly,1.0,0.2673277544409908,thermal_anomaly,0.2673277544409908,0.2673277544409908,58,thermal_anomaly,2.4940452314008352,0.2673277544409908,abrupt,0.0,1.1325919397452502,1602673316,thermal_anomaly
13020.0,217.0,3.6166666666666667,1,609.5385467561977,369.8904379073655,-239.64810884883218,97.0607555912411,96.98460782277007,29.882430223649642,29.90554431205812,-8.019699437268967,-7.980340314758215,25.804116623173876,25.65977944989364,26.900098310852584,26.896619013112172,10.155162641745436,25.91067040699108,3497.2609476841367,3457.2894602239876,3465.271228810036,0.0017621724971965198,0.194054312429913,0.194586711693765,22.779167435796477,22.786284226979532,0.0,0.0,0.2673277544409908,0.0,True,thermal_anomaly,1.0,0.2673277544409908,thermal_anomaly,0.2673277544409908,0.2673277544409908,58,thermal_anomaly,2.4940452314008352,0.2673277544409908,abrupt,0.0,1.1325919397452502,1602673316,thermal_anomaly
13080.0,218.0,3.6333333333333333,1,608.4504881301461,369.8904379073655,-238.56005022278066,97.41575566597737,97.35435046526175,29.896630226639097,29.899553260215395,-7.979496298222068,-7.954251131671061,25.81863194623932,25.76996532658011,26.922364953503394,27.063686389673137,10.103705210482037,25.91067040699108,3497.2609476841367,3477.2752039540624,3476.115918068744,0.0012473185586292885,0.18118296396573222,0.1689491859559462,22.77559665642858,22.674749429703404,0.0,0.0,0.2673277544409908,0.0,True,thermal_anomaly,1.0,0.2673277544409908,thermal_anomaly,0.2673277544409908,0.2673277544409908,58,thermal_anomaly,2.4940452314008352,0.2673277544409908,abrupt,0.0,1.1325919397452502,1602673316,thermal_anomaly
13140.0,219.0,3.65,1,607.3212595753644,369.02113032590313,-238.30012924946124,97.77036895355099,97.59978442818984,29.91081475814204,30.005909211479395,-7.967022335444521,-7.974948789354835,25.83302110228047,25.637542313452037,26.944360245707877,27.087765422979825,10.087791908092612,25.849775774642648,3475.5282581475776,3476.40173105082,3462.898089881485,0.0007054113485506708,0.16763528371376676,0.17310882466546018,22.77202105880887,22.79604364089398,0.0,0.0,0.2673277544409908,0.0,True,thermal_anomaly,1.0,0.2673277544409908,thermal_anomaly,0.2673277544409908,0.2673277544409908,58,thermal_anomaly,2.4940452314008352,0.2673277544409908,abrupt,0.0,1.1325919397452502,1602673316,thermal_anomaly
13200.0,220.0,3.6666666666666665,1,606.156362579862,367.32050807568874,-238.8358545041733,98.12577945132504,97.86658283283006,29.925031178053,29.871400051870534,-7.98113970485469,-7.986204502983648,25.8473978101788,25.812080010148765,26.96596954359056,27.08394891970497,10.105803595687503,25.730647897584266,3433.0127018922185,3454.7072164715196,3461.792505815519,0.0001601348124003416,0.15400337031000855,0.14866646194228703,22.768419911824303,22.869555224511416,0.0,0.0,0.2673277544409908,0.0,True,thermal_anomaly,1.0,0.2673277544409908,thermal_anomaly,0.2673277544409908,0.2673277544409908,58,thermal_anomaly,2.4940452314008352,0.2673277544409908,abrupt,0.0,1.1325919397452502,1602673316,thermal_anomaly
13260.0,221.0,3.683333333333333,1,604.961472404706,364.8628965095479,-240.0985758951581,98.4830689987881,98.62520332238155,29.939322759951523,29.869737743644812,-8.019505912683071,-7.9856929845996305,25.861865796110056,25.756424614153214,26.987089386238754,27.050549612329245,10.154914323299561,25.558493235682377,3371.572412738698,3413.1398146051088,3416.9232672179123,-0.0003646798486647144,0.15911699621661785,0.1626095102177977,22.76482423380168,22.706191450369815,0.0,0.0,0.2673277544409908,0.0,True,thermal_anomaly,1.0,0.2673277544409908,thermal_anomaly,0.2673277544409908,0.2673277544409908,58,thermal_anomaly,2.4940452314008352,0.2673277544409908,abrupt,0.0,1.1325919397452502,1602673316,thermal_anomaly
13320.0,222.0,3.7,1,603.7424104347197,361.7557050458495,-241.98670538887018,98.84316826275963,98.37365859730146,29.953726730510386,29.901800525037117,-8.07868441766835,-8.09507830800653,25.8765149423146,25.77890629199569,27.007632055638425,27.022174875569846,10.231127670237054,25.3408357737518,3293.8926261462375,3353.5162203756736,3343.031007072971,-0.0008460957156158975,0.17115239289039744,0.16278395544737176,22.761234485100978,22.776761243654768,0.0,0.0,0.2673277544409908,0.0,True,thermal_anomaly,1.0,0.2673277544409908,thermal_anomaly,0.2673277544409908,0.2673277544409908,58,thermal_anomaly,2.4940452314008352,0.2673277544409908,abrupt,0.0,1.1325919397452502,1602673316,thermal_anomaly
13380.0,223.0,3.716666666666667,1,602.5051158172813,358.13473286151617,-244.37038295576514,99.20681466596761,99.32605270512481,29.968272586638705,30.03632029919507,-8.154303263536024,-8.11864269059811,25.891417630297596,25.77921376562816,27.02752944831329,27.348113439610312,10.329329253712,25.087188187315302,3203.3683215379037,3278.442270956789,3275.600137997344,-0.0012630726049777355,0.18157681512444337,0.17339216809882016,22.757630449117205,22.65245812813809,0.0,0.0,0.2673277544409908,0.0,True,thermal_anomaly,1.0,0.2673277544409908,thermal_anomaly,0.2673277544409908,0.2673277544409908,58,thermal_anomaly,2.4940452314008352,0.2673277544409908,abrupt,0.0,1.1325919397452502,1602673316,thermal_anomaly
13440.0,224.0,3.7333333333333334,1,601.2556165273943,354.15823381635516,-247.09738271103913,99.5745191045257,99.53257711986963,29.98298076418103,30.009950968484468,-8.24125475230376,-8.219261022711093,25.906625409047944,25.752535891091963,27.046736089459657,27.138853141057265,10.443378708004406,24.808636093036277,3103.955845408879,3191.1990581828345,3190.8107580178303,-0.0015973866258081563,0.1899346656452039,0.1978680147369239,22.753993853993894,22.60708371116614,0.0,0.0,0.2673277544409908,0.0,True,thermal_anomaly,1.0,0.2673277544409908,thermal_anomaly,0.2673277544409908,0.2673277544409908,58,thermal_anomaly,2.4940452314008352,0.2673277544409908,abrupt,0.0,1.1325919397452502,1602673316,thermal_anomaly
13500.0,225.0,3.75,1,600.0,349.99999999999994,-250.00000000000006,99.94654291404952,99.94254020929064,29.99786171656198,30.020386436404465,-8.333927343293729,-8.354640431258442,25.922166194138875,26.03638376961292,27.06523115784652,27.359601300140483,10.566263913678771,24.517353554076006,2999.999999999999,3095.599529091417,3101.071880439464,-0.0018344266511800132,0.19586066627950033,0.18855523451828488,22.75030912948372,22.787087273680097,0.0,0.0,0.2673277544409908,0.0,True,thermal_anomaly,1.0,0.2673277544409908,thermal_anomaly,0.2673277544409908,0.2673277544409908,58,thermal_anomaly,2.4940452314008352,0.2673277544409908,abrupt,0.0,1.1325919397452502,1602673316,thermal_anomaly
13560.0,226.0,3.7666666666666666,1,598.7443834726058,345.8417661836449,-252.90261728896093,100.0,99.93350218813455,30.0,30.01788175588901,-8.430087242965364,-8.392345515547623,25.93805856424823,25.908478920553026,27.083019432984848,27.072691914941526,10.695225990535452,24.226071015115743,2896.0441545911226,2995.82184184127,2998.236167669012,-0.0019638328945403775,0.19909582236350942,0.2060914076950751,22.746564052925752,22.692369802298934,0.0,0.0,0.2673277544409908,0.0,True,thermal_anomaly,1.0,0.2673277544409908,thermal_anomaly,0.2673277544409908,0.2673277544409908,58,thermal_anomaly,2.4940452314008352,0.2673277544409908,abrupt,0.0,1.1325919397452502,1602673316,thermal_anomaly
13620.0,227.0,3.783333333333333,1,597.4948841827188,341.86526713848394,-255.62961704423486,100.0,99.93275176614968,30.0,29.978157677129698,-8.520987234807828,-8.538586523957456,25.95428176864321,25.786518398312246,27.100131123171824,27.14788954441745,10.818494193075498,23.947518920836725,2796.631678462098,2896.226760151684,2896.7603410079037,-0.001979949682094487,0.19949874205236218,0.19662094187668955,22.74275026036327,22.898944650749375,0.0,0.0,0.2673277544409908,0.0,True,thermal_anomaly,1.0,0.2673277544409908,thermal_anomaly,0.2673277544409908,0.2673277544409908,58,thermal_anomaly,2.4940452314008352,0.2673277544409908,abrupt,0.0,1.1325919397452502,1602673316,thermal_anomaly
13680.0,228.0,3.8,1,596.2575895652803,338.2442949541506,-258.01329461112977,100.0,100.0,30.0,30.02696731312386,-8.600443153704326,-8.589938876721247,25.97078601976039,26.041752186636458,27.116620581927048,27.092338624944727,10.927326111822833,23.69387133440022,2706.1073738537643,2801.1670670027247,2796.854146083432,-0.001882072632889087,0.19705181582222717,0.18944489227596475,22.738863602753913,22.92172031710145,0.0,0.0,0.2673277544409908,0.0,True,thermal_anomaly,1.0,0.2673277544409908,thermal_anomaly,0.2673277544409908,0.2673277544409908,58,thermal_anomaly,2.4940452314008352,0.2673277544409908,abrupt,0.0,1.1325919397452502,1602673316,thermal_anomaly
13740.0,229.0,3.816666666666667,1,595.038527595294,335.13710349045215,-259.90142410484185,100.0,100.0,30.0,29.972680717435605,-8.663380803494729,-8.65575890821845,25.98749687393234,25.86104721176613,27.13256396892028,27.2195417553895,11.01424967232374,23.476213872469646,2628.427587261303,2714.797327132014,2718.3702119332497,-0.0016744794436408194,0.19186198609102048,0.19146844665422627,22.734904331631604,22.889727790333463,0.0,0.0,0.2673277544409908,0.0,True,thermal_anomaly,1.0,0.2673277544409908,thermal_anomaly,0.2673277544409908,0.2673277544409908,58,thermal_anomaly,2.4940452314008352,0.2673277544409908,abrupt,0.0,1.1325919397452502,1602673316,thermal_anomaly
13800.0,230.0,3.8333333333333335,1,593.843637420138,332.67949192431126,-261.1641454958267,100.0,99.93629973836542,30.0,30.017929824542705,-8.705471516527556,-8.73361655553206,26.004318496470685,26.07162252590331,27.148055957621008,27.157490259599886,11.07273506262067,23.304059210567754,2566.9872981077824,2640.8923126198983,2648.7787150439003,-0.001366242932862375,0.18415607332155937,0.18976189388654047,22.730877103683657,22.819557490151105,0.0,0.0,0.2673277544409908,0.0,True,thermal_anomaly,1.0,0.2673277544409908,thermal_anomaly,0.2673277544409908,0.2673277544409908,58,thermal_anomaly,2.4940452314008352,0.2673277544409908,abrupt,0.0,1.1325919397452502,1602673316,thermal_anomaly
13860.0,231.0,3.85,1,592.6787404246356,330.9788696740969,-261.6998707505387,100.0,100.0,30.0,30.008225386279467,-8.723329025017957,-8.741633306577082,26.021138374053123,26.17366053825354,27.16320563356306,27.207877303549107,11.097633858912522,23.184931333509372,2524.471741852423,2582.682027236161,2584.2557699272397,-0.0009708345151577327,0.1742708628789433,0.17714503239701593,22.726790799689468,22.812475872240064,0.0,0.0,0.2673277544409908,0.0,True,thermal_anomaly,1.0,0.2673277544409908,thermal_anomaly,0.2673277544409908,0.2673277544409908,58,thermal_anomaly,2.4940452314008352,0.2673277544409908,abrupt,0.0,1.1325919397452502,1602673316,thermal_anomaly
13920.0,232.0,3.8666666666666667,1,591.549511869854,330.1095620926345,-261.43994977721945,100.0,99.72423227506138,30.0,30.036099982375408,-8.714664992573981,-8.729297857763047,26.037833230590195,25.875401646468156,27.178131762491358,27.185381952197613,11.085547191238419,23.124036701160936,2502.739052315864,2542.710539776012,2550.095158951309,-0.0005055354357605887,0.16263838589401472,0.16706715033196035,22.722658160202005,22.675480680956237,0.0,0.0,0.2673277544409908,0.0,True,thermal_anomaly,1.0,0.2673277544409908,thermal_anomaly,0.2673277544409908,0.2673277544409908,58,thermal_anomaly,2.4940452314008352,0.2673277544409908,abrupt,0.0,1.1325919397452502,1602673316,thermal_anomaly
13980.0,233.0,3.8833333333333333,1,590.4614532438022,330.1095620926345,-260.3518911511677,100.0,99.77374415453673,30.0,30.01042145325884,-8.67839637170559,-8.730828416485743,26.05427576548978,25.833047835098235,27.192957635197168,27.07916349261882,11.035081403369482,23.124036701160936,2502.7390523158633,2522.724796045938,2521.6380705599076,9.318502806628603e-06,0.15023296257016572,0.1525117926660599,22.718496506138298,22.63776600723212,0.0,0.0,0.2673277544409908,0.0,True,thermal_anomaly,1.0,0.2673277544409908,thermal_anomaly,0.2673277544409908,0.2673277544409908,58,thermal_anomaly,2.4940452314008352,0.2673277544409908,abrupt,0.0,1.1325919397452502,1602673316,thermal_anomaly
14040.0,234.0,3.9,1,589.4198654587356,330.97886967409687,-258.4409957846387,100.0,100.0,30.0,30.06630354967686,-8.614699859487956,-8.59480996510869,26.07034173316789,25.801808172676996,27.20780571434887,27.257033337452235,10.946960610139808,23.18493133350937,2524.471741852422,2523.59826894918,2521.494021936389,0.0005512257128852394,0.16378064282213098,0.16390315727207308,22.71439642083383,22.918990036348514,0.0,0.0,0.2673277544409908,0.0,True,thermal_anomaly,1.0,0.2673277544409908,thermal_anomaly,0.2673277544409908,0.2673277544409908,58,thermal_anomaly,2.4940452314008352,0.2673277544409908,abrupt,0.0,1.1325919397452502,1602673316,thermal_anomaly
14100.0,235.0,3.9166666666666665,1,588.4298230256423,332.6794919243112,-255.75033110133114,100.0,100.0,30.0,29.998480998689246,-8.525011036711039,-8.542592611844613,26.08591683580642,25.951046330368897,27.222792317279026,27.212007158208078,10.823981370698464,23.30405921056775,2566.9872981077806,2545.29278352848,2543.5436896286806,0.0010965022490355685,0.1774125562258892,0.18101073958882935,22.710378314530796,22.69998532716503,0.0,0.0,0.2673277544409908,0.0,True,thermal_anomaly,1.0,0.2673277544409908,thermal_anomaly,0.2673277544409908,0.2673277544409908,58,thermal_anomaly,2.4940452314008352,0.2673277544409908,abrupt,0.0,1.1325919397452502,1602673316,thermal_anomaly
14160.0,236.0,3.933333333333333,0,0.0,335.13710349045215,335.13710349045215,99.50128407218682,99.37334080940406,29.980051362887473,29.93967991677168,11.178670090783129,11.2022620271007,26.100243777229053,26.115820748406087,27.22458891355974,27.20402118009198,15.006929516500403,23.476213872469646,2628.427587261303,2586.8601853948917,2587.894575046937,0.00162131691010066,0.1905329227525165,0.1918827120480792,22.706460278985645,22.686363765117033,0.0,0.0,0.2673277544409908,0.0,True,thermal_anomaly,1.0,0.2673277544409908,thermal_anomaly,0.2673277544409908,0.2673277544409908,58,thermal_anomaly,2.4940452314008352,0.2673277544409908,abrupt,0.0,1.1325919397452502,1602673316,thermal_anomaly
14220.0,237.0,3.95,0,0.0,338.24429495415046,338.24429495415046,98.99794434755268,98.99158431719334,29.959917773902106,29.939357351223077,11.289893967893093,11.233313305328778,26.115164955845888,25.97395169451809,27.226808757338304,27.172424726881534,15.206852781116371,23.693871334400214,2706.107373853761,2646.4837796243264,2644.974339460159,0.0021027327770517935,0.20256831942629483,0.2086591670887831,22.702657267810356,22.66318092720266,0.0,0.0,0.2673277544409908,0.0,True,thermal_anomaly,1.0,0.2673277544409908,thermal_anomaly,0.2673277544409908,0.2673277544409908,58,thermal_anomaly,2.4940452314008352,0.2673277544409908,abrupt,0.0,1.1325919397452502,1602673316,thermal_anomaly
14280.0,238.0,3.966666666666667,0,0.0,341.86526713848406,341.86526713848406,98.48921627145373,98.28176920131577,29.93956865085815,29.90195465366997,11.418510103641232,11.40787220952058,26.130789811815163,26.010862633318794,27.22952098598361,27.299596627080913,15.440506155571416,23.947518920836732,2796.6316784621013,2721.5577290432134,2717.624782758626,0.002519709666413724,0.2129927416603431,0.19823579864308297,22.69898040483941,22.63857901008825,0.0,0.0,0.2673277544409908,0.0,True,thermal_anomaly,1.0,0.2673277544409908,thermal_anomaly,0.2673277544409908,0.2673277544409908,58,thermal_anomaly,2.4940452314008352,0.2673277544409908,abrupt,0.0,1.1325919397452502,1602673316,thermal_anomaly
14340.0,239.0,3.9833333333333334,0,0.0,345.8417661836448,345.8417661836448,97.9745707860614,98.05465018104978,29.918982831442456,29.933301180943914,11.559275531927268,11.593502099526056,26.147198483119144,25.997260001097064,27.232772101247473,27.026472923826613,15.699264382455855,24.226071015115735,2896.044154591119,2808.800941817166,2812.3920323318707,0.0028540236872440176,0.22135059218110043,0.21894094866201413,22.695436455802287,22.764451753378896,0.0,0.0,0.2673277544409908,0.0,True,thermal_anomaly,1.0,0.2673277544409908,thermal_anomaly,0.2673277544409908,0.2673277544409908,58,thermal_anomaly,2.4940452314008352,0.2673277544409908,abrupt,0.0,1.1325919397452502,1602673316,thermal_anomaly
14400.0,240.0,4.0,0,0.0,349.99999999999994,349.99999999999994,97.45373745272806,97.7731421158161,29.898149498109124,29.921935697084955,11.706410124885332,11.677097426345066,26.164437343688082,26.11240548680082,27.236583944411194,27.35885790418811,15.973119357576287,24.517353554076006,2999.999999999999,2904.400470908583,2899.2210047370963,0.003091063712615916,0.22727659281539792,0.2265669120357774,22.69202749216005,22.62684509339769,0.0,0.0,0.2673277544409908,0.0,True,thermal_anomaly,1.0,0.2673277544409908,thermal_anomaly,0.2673277544409908,0.2673277544409908,58,thermal_anomaly,2.4940452314008352,0.2673277544409908,abrupt,0.0,1.1325919397452502,1602673316,thermal_anomaly
14460.0,241.0,4.016666666666667,0,0.0,354.15823381635505,354.15823381635505,96.92671627145373,97.20989355116437,29.87706865085815,29.919653581011524,11.853848111909155,11.820754697114314,26.18251567530631,26.258648443080936,27.2409527491626,27.321266200457,16.25101352143184,24.80863609303627,3103.955845408876,3004.1781581587297,2997.28797450388,0.0032204699559762805,0.230511748899407,0.23109299957831833,22.6887507672846,22.736179150201792,0.0,0.0,0.2673277544409908,0.0,True,thermal_anomaly,1.0,0.2673277544409908,thermal_anomaly,0.2673277544409908,0.2673277544409908,58,thermal_anomaly,2.4940452314008352,0.2673277544409908,abrupt,0.0,1.1325919397452502,1602673316,thermal_anomaly
14520.0,242.0,4.033333333333333,0,0.0,358.134732861516,358.134732861516,96.39377768088599,96.32324276727597,29.85575110723544,29.901256366225617,11.9955023598359,11.959340215307563,26.201403831639322,26.071167031190395,27.245849313597816,27.413091496294463,16.521282465801153,25.087188187315288,3203.3683215379,3103.773239848315,3109.8731374586223,0.00323658674353039,0.23091466858825976,0.23036391348110993,22.68559881464851,22.688652326756714,0.0,0.0,0.2673277544409908,0.0,True,thermal_anomaly,1.0,0.2673277544409908,thermal_anomaly,0.2673277544409908,0.2673277544409908,58,thermal_anomaly,2.4940452314008352,0.2673277544409908,abrupt,0.0,1.1325919397452502,1602673316,thermal_anomaly
14580.0,243.0,4.05,0,0.0,361.7557050458495,361.7557050458495,95.85545073885348,95.78500697160716,29.83421802955414,29.84114916731636,12.125529976602365,12.067549640253707,26.22103321004295,26.174801357195705,27.251220283830783,27.150387435233608,16.77219449369347,25.3408357737518,3293.892626146237,3198.8329329972757,3199.662484580688,0.0031387096943250397,0.228467742358126,0.23945931584926042,22.68255976602416,22.6878694625925,0.0,0.0,0.2673277544409908,0.0,True,thermal_anomaly,1.0,0.2673277544409908,thermal_anomaly,0.2673277544409908,0.2673277544409908,58,thermal_anomaly,2.4940452314008352,0.2673277544409908,abrupt,0.0,1.1325919397452502,1602673316,thermal_anomaly
14640.0,244.0,4.066666666666666,0,0.0,364.86289650954785,364.86289650954785,95.31249999999997,95.19809028620213,29.8125,29.813716186556192,12.238587723590703,12.244704504328599,26.241298250363574,26.137889640023673,27.256990493110923,27.2744241453327,16.992558674056866,25.55849323568237,3371.5724127386957,3285.202672867986,3288.3284163112203,0.0029311165050767154,0.22327791262691787,0.21938939114904205,22.67961787571296,22.69530083414471,0.0,0.0,0.2673277544409908,0.0,True,thermal_anomaly,1.0,0.2673277544409908,thermal_anomaly,0.2673277544409908,0.2673277544409908,58,thermal_anomaly,2.4940452314008352,0.2673277544409908,abrupt,0.0,1.1325919397452502,1602673316,thermal_anomaly
14700.0,245.0,4.083333333333333,0,0.0,367.32050807568874,367.32050807568874,94.76589210107781,95.01802233289105,29.790635684043114,29.755468347444364,12.33006613123191,12.331735229806362,26.26206053679875,26.39387762916498,27.263066254218657,27.259795838365388,17.17235878065904,25.730647897584266,3433.0127018922185,3359.1076873801026,3352.995008686197,0.0026228799942983067,0.21557199985745767,0.22059278920894823,22.676754225471154,22.598547973868488,0.0,0.0,0.2673277544409908,0.0,True,thermal_anomaly,1.0,0.2673277544409908,thermal_anomaly,0.2673277544409908,0.2673277544409908,58,thermal_anomaly,2.4940452314008352,0.2673277544409908,abrupt,0.0,1.1325919397452502,1602673316,thermal_anomaly
14760.0,246.0,4.1,0,0.0,369.0211303259031,369.0211303259031,94.21675351428333,94.55456906937043,29.768670140571334,29.76046519494138,12.396292094451642,12.388772353580235,26.28315490456023,26.341691539171308,27.269339461245597,27.114389377841636,17.303360931892005,25.849775774642644,3475.5282581475767,3417.3179727638394,3420.0367313789684,0.002227471576593636,0.2056867894148409,0.2140998868703079,22.67394757497003,22.653769761658545,0.0,0.0,0.2673277544409908,0.0,True,thermal_anomaly,1.0,0.2673277544409908,thermal_anomaly,0.2673277544409908,0.2673277544409908,58,thermal_anomaly,2.4940452314008352,0.2673277544409908,abrupt,0.0,1.1325919397452502,1602673316,thermal_anomaly
14820.0,247.0,4.116666666666666,0,0.0,369.8904379073655,369.8904379073655,93.6663213150164,93.41321853284458,29.746652852600654,29.785351850972678,12.434691047097997,12.441690818131976,26.304397269243236,26.380659020715022,27.275692321492286,27.353932898181206,17.37963963155719,25.91067040699108,3497.2609476841367,3457.2894602239876,3459.8283405227317,0.0017621724971965131,0.19405431242991283,0.20265133738408045,22.671175315089407,22.547430934626217,0.0,0.0,0.2673277544409908,0.0,True,thermal_anomaly,1.0,0.2673277544409908,thermal_anomaly,0.2673277544409908,0.2673277544409908,58,thermal_anomaly,2.4940452314008352,0.2673277544409908,abrupt,0.0,1.1325919397452502,1602673316,thermal_anomaly
14880.0,248.0,4.133333333333334,0,0.0,369.8904379073655,369.8904379073655,93.11588911574948,92.98179455764767,29.724635564629978,29.700323119706507,12.443901527509611,12.433536035049455,26.325593727973835,26.491605730899664,27.282002510677152,27.385151529677294,17.397971134723345,25.91067040699108,3497.260947684137,3477.2752039540624,3478.43250407367,0.001247318558629296,0.18118296396573239,0.18131671280716954,22.66841447662681,22.771148655114164,0.0,0.0,0.2673277544409908,0.0,True,thermal_anomaly,1.0,0.2673277544409908,thermal_anomaly,0.2673277544409908,0.2673277544409908,58,thermal_anomaly,2.4940452314008352,0.2673277544409908,abrupt,0.0,1.1325919397452502,1602673316,thermal_anomaly
14940.0,249.0,4.15,0,0.0,369.0211303259031,369.0211303259031,92.56675052895498,92.57551232122098,29.702670021158198,29.679769433802015,12.42383698378082,12.423743205887785,26.34655035104441,26.525285597030553,27.288148526149623,27.502295938047197,17.35805434857967,25.849775774642644,3475.5282581475767,3476.4017310508193,3478.0996865645993,0.0007054113485506565,0.1676352837137664,0.1627751816462598,22.665642745355616,22.643449134621765,0.0,0.0,0.2673277544409908,0.0,True,thermal_anomaly,1.0,0.2673277544409908,thermal_anomaly,0.2673277544409908,0.2673277544409908,58,thermal_anomaly,2.4940452314008352,0.2673277544409908,abrupt,0.0,1.1325919397452502,1602673316,thermal_anomaly
15000.0,250.0,4.166666666666667,0,0.0,367.32050807568874,367.32050807568874,92.02014263003282,91.88855059525694,29.680805705201312,29.66606800892997,12.375691944619916,12.369983294217358,26.367083009465333,26.300802793078393,27.294015004146672,27.174501138460368,17.262536405265287,25.730647897584266,3433.0127018922185,3454.7072164715196,3449.5729965153405,0.00016013481240034853,0.1540033703100087,0.14438376641057615,22.662839435721946,22.506464876671032,0.0,0.0,0.2673277544409908,0.0,True,thermal_anomaly,1.0,0.2673277544409908,thermal_anomaly,0.2673277544409908,0.2673277544409908,58,thermal_anomaly,2.4940452314008352,0.2673277544409908,abrupt,0.0,1.1325919397452502,1602673316,thermal_anomaly
15060.0,251.0,4.183333333333334,0,0.0,364.8628965095479,364.8628965095479,91.47719189117932,91.61016153633642,29.65908767564717,29.657746806226704,12.301892104696591,12.27666490897071,26.38702657835314,26.371671074749802,27.299497768703407,27.199522933113013,17.116840265062567,25.558493235682377,3371.5724127386984,3413.139814605109,3412.9821889192735,-0.00036467984866470743,0.15911699621661768,0.16162750693427902,22.66003561127009,22.582949411016827,0.0,0.0,0.2673277544409908,0.0,True,thermal_anomaly,1.0,0.2673277544409908,thermal_anomaly,0.2673277544409908,0.2673277544409908,58,thermal_anomaly,2.4940452314008352,0.2673277544409908,abrupt,0.0,1.1325919397452502,1602673316,thermal_anomaly
15120.0,252.0,4.2,0,0.0,361.7557050458495,361.7557050458495,90.9388649491468,90.9279649031136,29.637554597965874,29.68360250415869,12.205990337363327,12.210224293660294,26.406242919320494,26.222120994448648,27.304508391556485,27.271276046858066,16.928812325879413,25.3408357737518,3293.8926261462375,3353.5162203756736,3355.2747511505363,-0.0008460957156159045,0.1711523928903976,0.17117868457102264,22.657231777238376,22.567351767979385,0.0,0.0,0.2673277544409908,0.0,True,thermal_anomaly,1.0,0.2673277544409908,thermal_anomaly,0.2673277544409908,0.2673277544409908,58,thermal_anomaly,2.4940452314008352,0.2673277544409908,abrupt,0.0,1.1325919397452502,1602673316,thermal_anomaly
15180.0,253.0,4.216666666666667,0,0.0,358.134732861516,358.134732861516,90.40592635857907,90.64528863363077,29.616237054343163,29.55559284386495,12.092513042908543,12.091871840202792,26.42462716808321,26.299092418784312,27.308978063750935,27.361231747068405,16.70822605204792,25.087188187315288,3203.3683215379006,3278.442270956787,3268.2963762216164,-0.0012630726049777854,0.18157681512444462,0.19056913875156686,22.654407761563572,22.653477881999468,0.0,0.0,0.2673277544409908,0.0,True,thermal_anomaly,1.0,0.2673277544409908,thermal_anomaly,0.2673277544409908,0.2673277544409908,58,thermal_anomaly,2.4940452314008352,0.2673277544409908,abrupt,0.0,1.1325919397452502,1602673316,thermal_anomaly
15240.0,254.0,4.233333333333333,0,0.0,354.15823381635516,354.15823381635516,89.87890517730473,89.34471958764273,29.595156207092188,29.54593743657301,11.966763457443236,11.977026382775426,26.44211201890606,26.466661971237997,27.312860609742938,27.193083897340376,16.466190528326763,24.808636093036277,3103.9558454088797,3191.199058182833,3196.558310472017,-0.0015973866258081285,0.1899346656452032,0.1888304495609936,22.651545336596914,22.572851411584963,0.0,0.0,0.2673277544409908,0.0,True,thermal_anomaly,1.0,0.2673277544409908,thermal_anomaly,0.2673277544409908,0.2673277544409908,58,thermal_anomaly,2.4940452314008352,0.2673277544409908,abrupt,0.0,1.1325919397452502,1602673316,thermal_anomaly
15300.0,255.0,4.25,0,0.0,350.0000000000001,350.0000000000001,89.3580718439714,89.46070786343132,29.574322873758856,29.60175242481061,11.834590482223797,11.862314825744907,26.458669882156048,26.402217964760492,27.316134512268132,27.526054533809347,16.214518867170227,24.517353554076017,3000.0000000000027,3095.599529091418,3093.7249896071307,-0.0018344266511799569,0.1958606662794989,0.19917212028695822,22.64862897596722,22.648376854191795,0.0,0.0,0.2673277544409908,0.0,True,thermal_anomaly,1.0,0.2673277544409908,thermal_anomaly,0.2673277544409908,0.2673277544409908,58,thermal_anomaly,2.4940452314008352,0.2673277544409908,abrupt,0.0,1.1325919397452502,1602673316,thermal_anomaly
15360.0,256.0,4.266666666666667,0,0.0,345.8417661836449,345.8417661836449,88.84342635857907,88.74108269468138,29.553737054343163,29.536364170378295,11.702133153168209,11.748678120701662,26.474312970102257,26.48084200935387,27.318803859479253,27.398231237938127,15.965109943373143,24.226071015115743,2896.0441545911226,2995.8218418412703,3000.653497708008,-0.001963832894540392,0.19909582236350978,0.1985792073221152,22.645646500560623,22.67544488871593,0.0,0.0,0.2673277544409908,0.0,True,thermal_anomaly,1.0,0.2673277544409908,thermal_anomaly,0.2673277544409908,0.2673277544409908,58,thermal_anomaly,2.4940452314008352,0.2673277544409908,abrupt,0.0,1.1325919397452502,1602673316,thermal_anomaly
15420.0,257.0,4.283333333333333,0,0.0,341.86526713848406,341.86526713848406,88.33469828248013,88.46315248756282,29.533387931299206,29.524296076265756,11.575551979804473,11.617835795707142,26.4890915163285,26.40275753324056,27.320898172958987,27.16354943714776,15.729388607587282,23.947518920836732,2796.6316784621013,2896.2267601516864,2897.3553811713673,-0.001979949682094466,0.19949874205236165,0.1969381069769275,22.64258958964088,22.725871873320365,0.0,0.0,0.2673277544409908,0.0,True,thermal_anomaly,1.0,0.2673277544409908,thermal_anomaly,0.2673277544409908,0.2673277544409908,58,thermal_anomaly,2.4940452314008352,0.2673277544409908,abrupt,0.0,1.1325919397452502,1602673316,thermal_anomaly
15480.0,258.0,4.3,0,0.0,338.2442949541506,338.2442949541506,87.83135855784599,88.08777013846478,29.51325434231384,29.489333670768342,11.46075898750352,11.412735646963002,26.503090438635457,26.533451427368853,27.322471124124984,27.310281691373124,15.517836042186275,23.69387133440022,2706.1073738537643,2801.1670670027256,2803.466315526306,-0.0018820726328891153,0.19705181582222786,0.19341355885555106,22.63945413706194,22.48404964368617,0.0,0.0,0.2673277544409908,0.0,True,thermal_anomaly,1.0,0.2673277544409908,thermal_anomaly,0.2673277544409908,0.2673277544409908,58,thermal_anomaly,2.4940452314008352,0.2673277544409908,abrupt,0.0,1.1325919397452502,1602673316,thermal_anomaly
15540.0,259.0,4.316666666666666,0,0.0,335.1371034904522,335.1371034904522,87.33264263003281,87.33395987886365,29.493305705201312,29.473134853368077,11.363158366861157,11.343622698958363,26.516424805423775,26.529648983218603,27.323598195126607,27.173249908571055,15.3396257622442,23.47621387246965,2628.4275872613057,2714.7973271320157,2710.4651123616713,-0.0016744794436408055,0.19186198609102012,0.19866367684121836,22.63624043693232,22.641236971670008,0.0,0.0,0.2673277544409908,0.0,True,thermal_anomaly,1.0,0.2673277544409908,thermal_anomaly,0.2673277544409908,0.2673277544409908,58,thermal_anomaly,2.4940452314008352,0.2673277544409908,abrupt,0.0,1.1325919397452502,1602673316,thermal_anomaly
15600.0,260.0,4.333333333333333,0,0.0,332.6794919243112,332.6794919243112,86.8375838622883,86.8317970050402,29.473503354491534,29.423821567888442,11.287409166227041,11.262057841115652,26.529234462102274,26.571737342757952,27.32437338646374,27.330932306454976,15.202364771480962,23.30405921056775,2566.9872981077806,2640.8923126198983,2645.2096671038844,-0.0013662429328624172,0.18415607332156042,0.17997790340922537,22.632953188194616,22.60813780209116,0.0,0.0,0.2673277544409908,0.0,True,thermal_anomaly,1.0,0.2673277544409908,thermal_anomaly,0.2673277544409908,0.2673277544409908,58,thermal_anomaly,2.4940452314008352,0.2673277544409908,abrupt,0.0,1.1325919397452502,1602673316,thermal_anomaly
15660.0,261.0,4.35,0,0.0,330.9788696740969,330.9788696740969,86.34505578241614,86.27113699587575,29.453802231296645,29.435798031291977,11.237220480906524,11.237230328888252,26.54167812685053,26.576875535133702,27.324905115220826,27.12806028771414,15.111926247535266,23.184931333509372,2524.471741852423,2582.682027236161,2586.8217565593436,-0.0009708345151577327,0.1742708628789433,0.17167956154921044,22.629601313566596,22.65336728488397,0.0,0.0,0.2673277544409908,0.0,True,thermal_anomaly,1.0,0.2673277544409908,thermal_anomaly,0.2673277544409908,0.2673277544409908,58,thermal_anomaly,2.4940452314008352,0.2673277544409908,abrupt,0.0,1.1325919397452502,1602673316,thermal_anomaly
15720.0,262.0,4.366666666666666,0,0.0,330.1095620926345,330.1095620926345,85.85382131501638,86.16810095476343,29.434152852600654,29.449825103090454,11.215188143709993,11.227165733134102,26.553927190733283,26.70785529079956,27.32531148318326,27.097163256103553,15.072351924519918,23.124036701160936,2502.739052315864,2542.710539776012,2546.4532015915406,-0.0005055354357605887,0.16263838589401472,0.1666151595568709,22.626197595225054,22.566789782883514,0.0,0.0,0.2673277544409908,0.0,True,thermal_anomaly,1.0,0.2673277544409908,thermal_anomaly,0.2673277544409908,0.2673277544409908,58,thermal_anomaly,2.4940452314008352,0.2673277544409908,abrupt,0.0,1.1325919397452502,1602673316,thermal_anomaly
15780.0,263.0,4.383333333333334,0,0.0,330.1095620926345,330.1095620926345,85.36258684761663,85.52582345403107,29.414503473904666,29.37870420876907,11.222680076360769,11.246453769744551,26.56615937595182,26.438048716189837,27.32571512164248,27.26603444158971,15.085800164322457,23.124036701160936,2502.7390523158633,2522.724796045938,2523.8307207438106,9.318502806628603e-06,0.15023296257016572,0.1468636101843527,22.622759395398674,22.51442985115626,0.0,0.0,0.2673277544409908,0.0,True,thermal_anomaly,1.0,0.2673277544409908,thermal_anomaly,0.2673277544409908,0.2673277544409908,58,thermal_anomaly,2.4940452314008352,0.2673277544409908,abrupt,0.0,1.1325919397452502,1602673316,thermal_anomaly
15840.0,264.0,4.4,0,0.0,330.9788696740969,330.9788696740969,84.87005876774447,85.15185773055354,29.394802350709778,29.370956650144972,11.259775307388825,11.294474167233796,26.57855233790217,26.643741020630788,27.32623783819679,27.475896845327565,15.152519514445512,23.184931333509372,2524.471741852423,2523.5982689491807,2525.3516899228216,0.0005512257128852536,0.16378064282213134,0.162110127354752,22.61937733842475,22.713113206099287,0.0,0.0,0.2673277544409908,0.0,True,thermal_anomaly,1.0,0.2673277544409908,thermal_anomaly,0.2673277544409908,0.2673277544409908,58,thermal_anomaly,2.4940452314008352,0.2673277544409908,abrupt,0.0,1.1325919397452502,1602673316,thermal_anomaly
15900.0,265.0,4.416666666666667,0,0.0,332.6794919243112,332.6794919243112,84.37499999999994,84.33718087799988,29.374999999999996,29.379314445606717,11.325259299551021,11.322350163979138,26.591277257679614,26.445243279490686,27.326995299508663,27.23698583183185,15.270836172780214,23.30405921056775,2566.9872981077806,2545.292783528481,2545.4070516249067,0.0010965022490355544,0.17741255622588886,0.18226499246060088,22.616071875239786,22.548807810130608,0.0,0.0,0.2673277544409908,0.0,True,thermal_anomaly,1.0,0.2673277544409908,thermal_anomaly,0.2673277544409908,0.2673277544409908,58,thermal_anomaly,2.4940452314008352,0.2673277544409908,abrupt,0.0,1.1325919397452502,1602673316,thermal_anomaly
15960.0,266.0,4.433333333333334,0,0.0,335.13710349045203,335.13710349045203,83.87628407218678,83.82471856014763,29.355051362887473,29.338067212372476,11.416675765526124,11.388735370485797,26.604492470767777,26.522674234717698,27.32809198240792,27.316255451122224,15.437155159426982,23.47621387246964,2628.4275872613007,2586.860185394891,2593.5992923682816,0.0016213169101006175,0.19053292275251543,0.18010181906052483,22.612861137989317,22.706685285472744,0.0,0.0,0.2673277544409908,0.0,True,thermal_anomaly,1.0,0.2673277544409908,thermal_anomaly,0.2673277544409908,0.2673277544409908,58,thermal_anomaly,2.4940452314008352,0.2673277544409908,abrupt,0.0,1.1325919397452502,1602673316,thermal_anomaly
16020.0,267.0,4.45,0,0.0,338.2442949541506,338.2442949541506,83.37294434755262,83.31991040096786,29.334917773902106,29.337554847668834,11.530432693255086,11.533609859689538,26.61833721531535,26.600572943015578,27.32961661400197,27.484843973313577,15.645986564109723,23.69387133440022,2706.107373853764,2646.483779624328,2633.2708983943576,0.002102732777051836,0.20256831942629588,0.20719178513891973,22.6097601203715,22.381908841031812,0.0,0.0,0.2673277544409908,0.0,True,thermal_anomaly,1.0,0.2673277544409908,thermal_anomaly,0.2673277544409908,0.2673277544409908,58,thermal_anomaly,2.4940452314008352,0.2673277544409908,abrupt,0.0,1.1325919397452502,1602673316,thermal_anomaly
16080.0,268.0,4.466666666666667,0,0.0,341.86526713848406,341.86526713848406,82.86421627145369,83.19969587759687,29.31456865085815,29.283828048095458,11.661957957156444,11.713165889506012,26.632925651379942,26.550941182438095,27.331638300082577,27.547519987549588,15.890017388173622,23.947518920836732,2796.6316784621013,2721.557729043214,2720.3412207954866,0.00251970966641371,0.21299274166034274,0.21837403500386904,22.606779986006348,22.715144336144192,0.0,0.0,0.2673277544409908,0.0,True,thermal_anomaly,1.0,0.2673277544409908,thermal_anomaly,0.2673277544409908,0.2673277544409908,58,thermal_anomaly,2.4940452314008352,0.2673277544409908,abrupt,0.0,1.1325919397452502,1602673316,thermal_anomaly
16140.0,269.0,4.483333333333333,0,0.0,345.8417661836447,345.8417661836447,82.34957078606136,82.84299380201631,29.293982831442456,29.285582240136463,11.805897756328248,11.816790239994006,26.648341385362926,26.6447177164494,27.334203511036534,27.21617593435831,16.16025406324497,24.226071015115732,2896.0441545911185,2808.800941817166,2814.5970125159756,0.0028540236872440033,0.2213505921811001,0.22292698080927234,22.603927540110472,22.63806855691607,0.0,0.0,0.2673277544409908,0.0,True,thermal_anomaly,1.0,0.2673277544409908,thermal_anomaly,0.2673277544409908,0.2673277544409908,58,thermal_anomaly,2.4940452314008352,0.2673277544409908,abrupt,0.0,1.1325919397452502,1602673316,thermal_anomaly
16200.0,270.0,4.5,1,600.0,349.99999999999994,-250.00000000000006,82.72159459558517,82.69714785990398,29.308863783823405,29.305120183108055,-8.529842775344429,-8.5261976100713,26.66102671990395,26.574867048452184,27.35076771054815,27.290036473092638,10.830573738382505,24.517353554076006,2999.999999999999,2904.400470908583,2891.013563267098,0.003091063712615916,0.22727659281539792,0.22231936626543672,22.601204893335925,22.506495728549545,0.0,0.0,0.2673277544409908,0.0,True,thermal_anomaly,1.0,0.2673277544409908,thermal_anomaly,0.2673277544409908,0.2673277544409908,58,thermal_anomaly,2.4940452314008352,0.2673277544409908,abrupt,0.0,1.1325919397452502,1602673316,thermal_anomaly
16260.0,271.0,4.516666666666667,1,601.2556165273943,354.15823381635516,-247.09738271103913,83.08929903414327,83.0112544601851,29.32357196136573,29.31125122640018,-8.42657855723013,-8.4264103751864,26.673181219458005,26.787868498622753,27.36780321627884,27.40478343573833,10.69049441110851,24.808636093036277,3103.955845408879,3004.1781581587306,3004.119164791075,0.003220469955976323,0.23051174889940806,0.2278937693337951,22.598609337951657,22.58769904980568,0.0,0.0,0.2673277544409908,0.0,True,thermal_anomaly,1.0,0.2673277544409908,thermal_anomaly,0.2673277544409908,0.2673277544409908,58,thermal_anomaly,2.4940452314008352,0.2673277544409908,abrupt,0.0,1.1325919397452502,1602673316,thermal_anomaly
16320.0,272.0,4.533333333333333,1,602.5051158172813,358.134732861516,-244.3703829557653,83.45294543735125,83.37306476739275,29.33811781749405,29.356577586408356,-8.32944991481524,-8.342973343922976,26.68484049184826,26.836023772718903,27.385281401657007,27.21077650926007,10.560295187288112,25.087188187315288,3203.3683215379,3103.7732398483154,3103.433214604736,0.0032365867435303767,0.2309146685882594,0.2322122920185901,22.596133446035566,22.609660110674394,0.0,0.0,0.2673277544409908,0.0,True,thermal_anomaly,1.0,0.2673277544409908,thermal_anomaly,0.2673277544409908,0.2673277544409908,58,thermal_anomaly,2.4940452314008352,0.2673277544409908,abrupt,0.0,1.1325919397452502,1602673316,thermal_anomaly
16380.0,273.0,4.55,1,603.7424104347197,361.75570504584937,-241.9867053888703,83.81304470132278,83.9126059106338,29.35252178805291,29.37297220516433,-8.24415384600324,-8.183412337694103,26.696064052387932,26.725056273942503,27.403149484264457,27.26690612435052,10.447202127540463,25.34083577375179,3293.8926261462343,3198.832932997275,3194.7983016692483,0.0031387096943249967,0.2284677423581249,0.22247174502940048,22.593765387675813,22.572641551942187,0.0,0.0,0.2673277544409908,0.0,True,thermal_anomaly,1.0,0.2673277544409908,thermal_anomaly,0.2673277544409908,0.2673277544409908,58,thermal_anomaly,2.4940452314008352,0.2673277544409908,abrupt,0.0,1.1325919397452502,1602673316,thermal_anomaly
16440.0,274.0,4.566666666666666,1,604.961472404706,364.8628965095478,-240.0985758951582,84.1703342487858,84.26225667985544,29.366813369951434,29.29545679257643,-8.17584709891713,-8.195850178721324,26.70693198039983,26.620257084375154,27.421332864980027,27.38343885699443,10.357474379404593,25.558493235682366,3371.5724127386957,3285.202672867985,3286.501752510382,0.0029311165050767297,0.22327791262691823,0.2210286040907436,22.591489455202225,22.638425499028536,0.0,0.0,0.2673277544409908,0.0,True,thermal_anomaly,1.0,0.2673277544409908,thermal_anomaly,0.2673277544409908,0.2673277544409908,58,thermal_anomaly,2.4940452314008352,0.2673277544409908,abrupt,0.0,1.1325919397452502,1602673316,thermal_anomaly
16500.0,275.0,4.583333333333333,1,606.1563625798619,367.32050807568874,-238.8358545041732,84.52574474655987,84.12283423626901,29.381029789862396,29.29902225589544,-8.128913663420365,-8.111922663890121,26.71754109633596,26.690398608225,27.439738420400882,27.394993884191443,10.296255304402246,25.730647897584266,3433.0127018922185,3359.107687380102,3354.6886681668243,0.0026228799942983206,0.215571999857458,0.21219222249434228,22.58928676811425,22.44849580274712,0.0,0.0,0.2673277544409908,0.0,True,thermal_anomaly,1.0,0.2673277544409908,thermal_anomaly,0.2673277544409908,0.2673277544409908,58,thermal_anomaly,2.4940452314008352,0.2673277544409908,abrupt,0.0,1.1325919397452502,1602673316,thermal_anomaly
16560.0,276.0,4.6,1,607.3212595753644,369.0211303259031,-238.3001292494613,84.88035803413348,84.86493006464553,29.395214321365337,29.411753546248885,-8.106766177794373,-8.111046772013088,26.72800087971367,26.803754700179,27.45825860464833,27.35876299701332,10.267488945529326,25.849775774642644,3475.5282581475763,3417.3179727638394,3414.512551535104,0.002227471576593643,0.20568678941484106,0.20971691913647025,22.5871361235433,22.517055507387184,0.0,0.0,0.2673277544409908,0.0,True,thermal_anomaly,1.0,0.2673277544409908,thermal_anomaly,0.2673277544409908,0.2673277544409908,58,thermal_anomaly,2.4940452314008352,0.2673277544409908,abrupt,0.0,1.1325919397452502,1602673316,thermal_anomaly
16620.0,277.0,4.616666666666666,1,608.450488130146,369.8904379073655,-238.56005022278055,85.23535810886975,85.51654744004546,29.409414324354792,29.41538935989363,-8.111689936824822,-8.150981252728736,26.738429265548493,26.81227537960316,27.476776181290973,27.41534901222359,10.27387740710967,25.91067040699108,3497.2609476841367,3457.2894602239876,3456.6474875698814,0.0017621724971965131,0.19405431242991283,0.1946295261428329,22.585014949548377,22.71763017379847,0.0,0.0,0.2673277544409908,0.0,True,thermal_anomaly,1.0,0.2673277544409908,thermal_anomaly,0.2673277544409908,0.2673277544409908,58,thermal_anomaly,2.4940452314008352,0.2673277544409908,abrupt,0.0,1.1325919397452502,1602673316,thermal_anomaly
16680.0,278.0,4.633333333333334,1,609.5385467561977,369.8904379073655,-239.64810884883218,85.59197731846623,85.61044269494678,29.42367909273865,29.440387573067994,-8.1447363565073,-8.10061194241209,26.74894837492028,26.749799918863683,27.495169378578947,27.293937251836876,10.316854741975806,25.91067040699108,3497.2609476841367,3477.2752039540624,3470.2315258283315,0.0012473185586292885,0.18118296396573222,0.18274816925557832,22.582900313827338,22.285108617043868,0.0,0.0,0.2673277544409908,0.0,True,thermal_anomaly,1.0,0.2673277544409908,thermal_anomaly,0.2673277544409908,0.2673277544409908,58,thermal_anomaly,2.4940452314008352,0.2673277544409908,abrupt,0.0,1.1325919397452502,1602673316,thermal_anomaly
16740.0,279.0,4.65,1,610.5801345412646,369.0211303259031,-241.55900421536148,85.95144012235814,85.87650908892176,29.438057604894325,29.426198730778054,-8.205670613783983,-8.210556760002007,26.75968017299007,26.602426652972415,27.513317242682135,27.37496395682702,10.396558734368302,25.849775774642644,3475.5282581475767,3476.4017310508193,3475.0380628343996,0.0007054113485506565,0.1676352837137664,0.16014049260515037,22.580769938777138,22.46961835176228,0.0,0.0,0.2673277544409908,0.0,True,thermal_anomaly,1.0,0.2673277544409908,thermal_anomaly,0.2673277544409908,0.2673277544409908,58,thermal_anomaly,2.4940452314008352,0.2673277544409908,abrupt,0.0,1.1325919397452502,1602673316,thermal_anomaly
16800.0,280.0,4.666666666666667,1,611.5701769743577,367.3205080756888,-244.24966889866886,86.3149068915526,86.18604555003179,29.452596275662103,29.460559774073833,-8.29297582503796,-8.292778727402847,26.770742019755097,26.60589846757931,27.53110495497162,27.533355655311723,10.511792159387984,25.73064789758427,3433.0127018922203,3454.70721647152,3458.9384750950157,0.00016013481240036989,0.15400337031000924,0.1567734253519058,22.578603175192807,22.52662800493632,0.0,0.0,0.2673277544409908,0.0,True,thermal_anomaly,1.0,0.2673277544409908,thermal_anomaly,0.2673277544409908,0.2673277544409908,58,thermal_anomaly,2.4940452314008352,0.2673277544409908,abrupt,0.0,1.1325919397452502,1602673316,thermal_anomaly
16860.0,281.0,4.683333333333334,1,612.503850668262,364.8628965095479,-247.64095415871407,86.68342021619354,86.54213034714776,29.46733680864774,29.443615425359614,-8.403913654186734,-8.439390954652751,26.782242092251327,26.971561721000032,27.548428880955065,27.53112681086127,10.65997749317696,25.558493235682377,3371.5724127386984,3413.139814605109,3414.4437484594528,-0.00036467984866471426,0.15911699621661785,0.1556169091763534,22.57643112269492,22.581727712801005,0.0,0.0,0.2673277544409908,0.0,True,thermal_anomaly,1.0,0.2673277544409908,thermal_anomaly,0.2673277544409908,0.2673277544409908,58,thermal_anomaly,2.4940452314008352,0.2673277544409908,abrupt,0.0,1.1325919397452502,1602673316,thermal_anomaly
16920.0,282.0,4.7,1,613.376606858593,361.7557050458495,-251.62090181274357,87.0578560819863,86.97624443260774,29.482314243279454,29.480325634016044,-8.534638757881803,-8.54288019122347,26.794274710156852,26.791900548534223,27.56520113020469,27.81118291378056,10.837121014817921,25.3408357737518,3293.8926261462375,3353.5162203756736,3359.934681392781,-0.0008460957156159045,0.1711523928903976,0.18266189458809842,22.57425432232752,22.71753892996742,0.0,0.0,0.2673277544409908,0.0,True,thermal_anomaly,1.0,0.2673277544409908,thermal_anomaly,0.2673277544409908,0.2673277544409908,58,thermal_anomaly,2.4940452314008352,0.2673277544409908,abrupt,0.0,1.1325919397452502,1602673316,thermal_anomaly
16980.0,283.0,4.716666666666667,1,614.184193564921,358.134732861516,-256.049460703405,87.4388820651759,87.46254598716735,29.497555282607035,29.572343251684938,-8.680362092731874,-8.662166271932449,26.806915679593658,26.9282588310346,27.581353427988546,27.766466992152573,11.037811201489781,25.087188187315288,3203.3683215379006,3278.442270956787,3276.048995869586,-0.0012630726049777854,0.18157681512444462,0.19911552767096202,22.572052637564546,22.533086260478473,0.0,0.0,0.2673277544409908,0.0,True,thermal_anomaly,1.0,0.2673277544409908,thermal_anomaly,0.2673277544409908,0.2673277544409908,58,thermal_anomaly,2.4940452314008352,0.2673277544409908,abrupt,0.0,1.1325919397452502,1602673316,thermal_anomaly
17040.0,284.0,4.733333333333333,1,614.9226763059908,354.15823381635533,-260.7644424896354,87.82692439030927,87.67044285794996,29.51307697561237,29.447299697031873,-8.835555936953428,-8.89809748131203,26.82021786533671,26.768656983880394,27.596840129397552,27.615394988691158,11.2552802138175,24.80863609303629,3103.9558454088833,3191.199058182836,3192.072739360428,-0.001597386625808086,0.18993466564520214,0.18619705543497964,22.56980787602788,22.60227598592538,0.0,0.0,0.2673277544409908,0.0,True,thermal_anomaly,1.0,0.2673277544409908,thermal_anomaly,0.2673277544409908,0.2673277544409908,58,thermal_anomaly,2.4940452314008352,0.2673277544409908,abrupt,0.0,1.1325919397452502,1602673316,thermal_anomaly
17100.0,285.0,4.75,1,615.5884572681198,350.0000000000001,-265.58845726811967,88.22214530886303,88.84328696941466,29.52888581235452,29.554746429742423,-8.994191618195115,-9.001140840428327,26.834207288828306,26.842164304843482,27.6116402442379,27.483200889876983,11.481554945799765,24.517353554076017,3000.0000000000027,3095.5995290914193,3085.961004243637,-0.0018344266511799848,0.1958606662794996,0.19652331386528868,22.567504546352456,22.693136906124213,0.0,0.0,0.2673277544409908,0.0,True,thermal_anomaly,1.0,0.2673277544409908,thermal_anomaly,0.2673277544409908,0.2673277544409908,58,thermal_anomaly,2.4940452314008352,0.2673277544409908,abrupt,0.0,1.1325919397452502,1602673316,thermal_anomaly
17160.0,286.0,4.766666666666667,1,616.1782928333851,345.8417661836448,-270.3365266497403,88.62443180685372,88.40120339022585,29.54497727227415,29.552011220809344,-9.1499994790462,-9.207843409347072,26.848880107612953,26.738952143394776,27.62575838419264,27.580125963497817,11.70771555393852,24.226071015115735,2896.044154591119,2995.8218418412694,2995.6919750798243,-0.0019638328945404556,0.1990958223635114,0.2119437384849147,22.56513050416797,22.678830751899525,0.0,0.0,0.2673277544409908,0.0,True,thermal_anomaly,1.0,0.2673277544409908,thermal_anomaly,0.2673277544409908,0.2673277544409908,58,thermal_anomaly,2.4940452314008352,0.2673277544409908,abrupt,0.0,1.1325919397452502,1602673316,thermal_anomaly
17220.0,287.0,4.783333333333333,1,616.6893093822022,341.86526713848406,-274.8240422437181,89.03339615543068,88.99523906569429,29.561335846217226,29.56171174320188,-9.296739622099507,-9.32091281704566,26.864200844213553,26.931018597859374,27.63922459085831,27.724644931452126,11.924265724704053,23.947518920836732,2796.6316784621017,2896.226760151685,2900.8645184023258,-0.001979949682094438,0.19949874205236096,0.1973782529311214,22.562677463221174,22.58266119644526,0.0,0.0,0.2673277544409908,0.0,True,thermal_anomaly,1.0,0.2673277544409908,thermal_anomaly,0.2673277544409908,0.2673277544409908,58,thermal_anomaly,2.4940452314008352,0.2673277544409908,abrupt,0.0,1.1325919397452502,1602673316,thermal_anomaly
17280.0,288.0,4.8,1,617.1190172933127,338.2442949541506,-278.87472233916213,89.44838830176872,90.1589302320435,29.57793553207075,29.58114887248013,-9.42847150494273,-9.464034421241657,26.880102189381994,26.918830405258266,27.652093052173566,27.66703285332347,12.121602310176224,23.69387133440022,2706.1073738537643,2801.1670670027247,2794.771240664239,-0.0018820726328891012,0.19705181582222753,0.19453693459089152,22.56014135159038,22.553528842452543,0.0,0.0,0.2673277544409908,0.0,True,thermal_anomaly,1.0,0.2673277544409908,thermal_anomaly,0.2673277544409908,0.2673277544409908,58,thermal_anomaly,2.4940452314008352,0.2673277544409908,abrupt,0.0,1.1325919397452502,1602673316,thermal_anomaly
17340.0,289.0,4.816666666666666,1,617.465323072968,335.13710349045215,-282.3282195825158,89.86851958090936,89.58882578384095,29.594740783236375,29.539772891634772,-9.539810524119801,-9.470732785339578,26.896486605592408,26.786138157737394,27.6644397633394,27.765340768057555,12.290555103503415,23.476213872469646,2628.4275872613034,2714.797327132014,2716.0077939930625,-0.0016744794436408194,0.19186198609102048,0.1920462463381032,22.557522497351798,22.762211015870914,0.0,0.0,0.2673277544409908,0.0,True,thermal_anomaly,1.0,0.2673277544409908,thermal_anomaly,0.2673277544409908,0.2673277544409908,58,thermal_anomaly,2.4940452314008352,0.2673277544409908,abrupt,0.0,1.1325919397452502,1602673316,thermal_anomaly
17400.0,290.0,4.833333333333333,1,617.7265395542198,332.6794919243112,-285.0470476299086,90.29269673512054,90.06663451699049,29.61170786940482,29.609086749685016,-9.626160331144652,-9.577048081495331,26.913229810774602,26.615058256381992,27.676359234461238,27.73752876270141,12.422953334287094,23.30405921056775,2566.9872981077806,2640.8923126198974,2633.053754284957,-0.0013662429328623966,0.18415607332155992,0.17746538388105546,22.55482563316095,22.48065932510542,0.0,0.0,0.2673277544409908,0.0,True,thermal_anomaly,1.0,0.2673277544409908,thermal_anomaly,0.2673277544409908,0.2673277544409908,58,thermal_anomaly,2.4940452314008352,0.2673277544409908,abrupt,0.0,1.1325919397452502,1602673316,thermal_anomaly
17460.0,291.0,4.85,1,617.9013941166289,330.978869674097,-286.92252444253194,90.71966477744574,90.63992744211305,29.62878659109783,29.643431993683233,-9.68391073189409,-9.683393927032945,26.93018604720807,26.946650886965784,27.687960388806143,27.801478648361712,12.512166481678342,23.184931333509375,2524.471741852424,2582.682027236161,2592.449048999268,-0.0009708345151577046,0.1742708628789426,0.1655827022042113,22.552059715195682,22.650138362059398,0.0,0.0,0.2673277544409908,0.0,True,thermal_anomaly,1.0,0.2673277544409908,thermal_anomaly,0.2673277544409908,0.2673277544409908,58,thermal_anomaly,2.4940452314008352,0.2673277544409908,abrupt,0.0,1.1325919397452502,1602673316,thermal_anomaly
17520.0,292.0,4.866666666666666,1,617.9890348863438,330.1095620926345,-287.8794727937093,91.14805685005543,91.13249737551908,29.645922274002217,29.633937561399396,-9.710592577724025,-9.697439077460071,26.947194859536935,27.07182489509281,27.699361830942184,27.555584843713422,12.553564973458776,23.124036701160936,2502.739052315864,2542.710539776012,2545.2362049699373,-0.0005055354357605887,0.16263838589401472,0.16632873674168427,22.549237558841924,22.741991177203133,0.0,0.0,0.2673277544409908,0.0,True,thermal_anomaly,1.0,0.2673277544409908,thermal_anomaly,0.2673277544409908,0.2673277544409908,58,thermal_anomaly,2.4940452314008352,0.2673277544409908,abrupt,0.0,1.1325919397452502,1602673316,thermal_anomaly
17580.0,293.0,4.883333333333334,1,617.9890348863438,330.1095620926345,-287.8794727937093,91.57644892266512,91.4320782557044,29.663057956906606,29.65010375228651,-9.704982986310108,-9.649098908507979,26.96408894434561,27.051373604752815,27.71068669156637,27.62783991578502,12.544851897780354,23.124036701160936,2502.739052315864,2522.724796045938,2517.977253967706,9.318502806635758e-06,0.15023296257016588,0.1553026463450467,22.54637655928842,22.564943613698187,0.0,0.0,0.2673277544409908,0.0,True,thermal_anomaly,1.0,0.2673277544409908,thermal_anomaly,0.2673277544409908,0.2673277544409908,58,thermal_anomaly,2.4940452314008352,0.2673277544409908,abrupt,0.0,1.1325919397452502,1602673316,thermal_anomaly
17640.0,294.0,4.9,1,617.9013941166289,330.9788696740969,-286.922524442532,92.00341696499031,91.92909667693587,29.680136678599613,29.620092839093616,-9.667156440334484,-9.685618086601213,26.980702514873975,26.949153840451945,27.722057274328147,27.783758501403216,12.486229407966901,23.184931333509372,2524.471741852423,2523.5982689491807,2519.8847676697173,0.0005512257128852536,0.16378064282213134,0.1706971179267757,22.543567373585326,22.455539462378955,0.0,0.0,0.2673277544409908,0.0,True,thermal_anomaly,1.0,0.2673277544409908,thermal_anomaly,0.2673277544409908,0.2673277544409908,58,thermal_anomaly,2.4940452314008352,0.2673277544409908,abrupt,0.0,1.1325919397452502,1602673316,thermal_anomaly
17700.0,295.0,4.916666666666667,1,617.7265395542198,332.6794919243112,-285.0470476299086,92.4275941192015,92.52439273244941,29.69710376476806,29.72304435345729,-9.598479699831257,-9.601164680937718,26.996879565587424,27.07998206203643,27.733589738609258,27.73836279385091,12.380381320460682,23.30405921056775,2566.9872981077806,2545.292783528481,2550.512048124125,0.0010965022490355544,0.17741255622588886,0.18404218552983467,22.540830485136656,22.482979128278437,0.0,0.0,0.2673277544409908,0.0,True,thermal_anomaly,1.0,0.2673277544409908,thermal_anomaly,0.2673277544409908,0.2673277544409908,58,thermal_anomaly,2.4940452314008352,0.2673277544409908,abrupt,0.0,1.1325919397452502,1602673316,thermal_anomaly
17760.0,296.0,4.933333333333334,1,617.465323072968,335.1371034904521,-282.3282195825159,92.84772539834213,92.9804920401122,29.713909015933687,29.662440661385652,-9.501550921190516,-9.451291548285338,27.012481431094606,27.199804017196588,27.745389050649266,27.836576771086996,12.232273909252969,23.476213872469643,2628.427587261303,2586.860185394892,2592.149350460694,0.001621316910100646,0.19053292275251615,0.18647267116756813,22.53818405831196,22.595470886523657,0.0,0.0,0.2673277544409908,0.0,True,thermal_anomaly,1.0,0.2673277544409908,thermal_anomaly,0.2673277544409908,0.2673277544409908,58,thermal_anomaly,2.4940452314008352,0.2673277544409908,abrupt,0.0,1.1325919397452502,1602673316,thermal_anomaly
17820.0,297.0,4.95,1,617.1190172933127,338.2442949541506,-278.87472233916213,93.26271754468019,93.14462237717852,29.73050870178721,29.754019138545964,-9.38008579457633,-9.333747868301725,27.027393110892266,26.986938557537236,27.757544423678052,27.857168012839477,12.048797077703874,23.69387133440022,2706.107373853764,2646.4837796243282,2645.8843720576506,0.002102732777051822,0.20256831942629555,0.20649388087645879,22.53564311879172,22.565164096291134,0.0,0.0,0.2673277544409908,0.0,True,thermal_anomaly,1.0,0.2673277544409908,thermal_anomaly,0.2673277544409908,0.2673277544409908,58,thermal_anomaly,2.4940452314008352,0.2673277544409908,abrupt,0.0,1.1325919397452502,1602673316,thermal_anomaly
17880.0,298.0,4.966666666666667,1,616.6893093822022,341.8652671384839,-274.8240422437183,93.67168189325714,94.00153007010468,29.746867275730285,29.745475769180498,-9.238755788847058,-9.255375876517018,27.041527964382247,27.070758985368823,27.770125446344647,27.71187650484349,11.838284998691265,23.94751892083672,2796.6316784620976,2721.557729043213,2719.833282657981,0.00251970966641366,0.2129927416603415,0.209573086714526,22.533218861938416,22.538449586271845,0.0,0.0,0.2673277544409908,0.0,True,thermal_anomaly,1.0,0.2673277544409908,thermal_anomaly,0.2673277544409908,0.2673277544409908,58,thermal_anomaly,2.4940452314008352,0.2673277544409908,abrupt,0.0,1.1325919397452502,1602673316,thermal_anomaly
17940.0,299.0,4.983333333333333,1,616.1782928333851,345.8417661836447,-270.33652664974034,94.07396839124782,94.19302181305324,29.762958735649914,29.829823480437998,-9.082985634957478,-9.120047152141618,27.054830550388772,26.641802791719506,27.78317906864985,27.888229556229454,11.609966560202373,24.226071015115732,2896.0441545911185,2808.800941817166,2814.994088535289,0.0028540236872440176,0.22135059218110043,0.2203034879757414,22.53091812447305,22.436064187167574,0.0,0.0,0.2673277544409908,0.0,True,thermal_anomaly,1.0,0.2673277544409908,thermal_anomaly,0.2673277544409908,0.2673277544409908,58,thermal_anomaly,2.4940452314008352,0.2673277544409908,abrupt,0.0,1.1325919397452502,1602673316,thermal_anomaly
18000.0,300.0,5.0,1,615.5884572681198,349.99999999999994,-265.58845726811984,94.46918930980158,93.9906576571416,29.778767572392063,29.765068321733217,-8.918718903409127,-8.93175276108291,27.067277568043043,27.126386805403307,27.796727577113117,27.74359619795481,11.373400066857046,24.517353554076006,2999.9999999999986,2904.4004709085825,2904.2768660351035,0.0030910637126159092,0.22727659281539772,0.22324932670452574,22.528743048315786,22.43517753305821,0.0,0.0,0.2673277544409908,0.0,True,thermal_anomaly,1.0,0.2673277544409908,thermal_anomaly,0.2673277544409908,0.2673277544409908,58,thermal_anomaly,2.4940452314008352,0.2673277544409908,abrupt,0.0,1.1325919397452502,1602673316,thermal_anomaly
18060.0,301.0,5.016666666666667,1,614.9226763059908,354.15823381635516,-260.7644424896356,94.85723163493495,95.29951988018135,29.7942892653974,29.828205424805773,-8.752161871251051,-8.735037280475717,27.078877026495874,27.09075523498011,27.810767647669845,27.79670964512122,11.137943310261317,24.808636093036277,3103.955845408879,3004.1781581587306,3004.089816193313,0.0032204699559763303,0.23051174889940823,0.2325932071172747,22.52669095676917,22.487067265100624,0.0,0.0,0.2673277544409908,0.0,True,thermal_anomaly,1.0,0.2673277544409908,thermal_anomaly,0.2673277544409908,0.2673277544409908,58,thermal_anomaly,2.4940452314008352,0.2673277544409908,abrupt,0.0,1.1325919397452502,1602673316,thermal_anomaly
18120.0,302.0,5.033333333333333,1,614.184193564921,358.1347328615159,-256.0494607034051,95.23825761812455,95.36872154129375,29.80953030472498,29.829038940101448,-8.589516778223768,-8.656196253542587,27.089665907567255,27.15898590642315,27.82527051769324,27.878152843175233,10.912300195285873,25.08718818731528,3203.368321537897,3103.773239848314,3100.1661803827246,0.003236586743530341,0.23091466858825851,0.234424350942216,22.52475445271195,22.556584423648705,0.0,0.0,0.2673277544409908,0.0,True,thermal_anomaly,1.0,0.2673277544409908,thermal_anomaly,0.2673277544409908,0.2673277544409908,58,thermal_anomaly,2.4940452314008352,0.2673277544409908,abrupt,0.0,1.1325919397452502,1602673316,thermal_anomaly
18180.0,303.0,5.05,1,613.376606858593,361.75570504584937,-251.62090181274368,95.61269348391733,95.67761401287895,29.824507739356694,29.8008504679093,-8.436716005900825,-8.476958475845048,27.09970667261622,26.97853478128708,27.840183269623772,27.85121360036395,10.704170473752715,25.34083577375179,3293.8926261462343,3198.8329329972744,3194.893604131,0.0031387096943250115,0.22846774235812528,0.2258392280543326,22.52292173680212,22.503262881680826,0.0,0.0,0.2673277544409908,0.0,True,thermal_anomaly,1.0,0.2673277544409908,thermal_anomaly,0.2673277544409908,0.2673277544409908,58,thermal_anomaly,2.4940452314008352,0.2673277544409908,abrupt,0.0,1.1325919397452502,1602673316,thermal_anomaly
18240.0,304.0,5.066666666666666,1,612.503850668262,364.8628965095479,-247.64095415871407,95.98120680855826,95.87509145828352,29.83924827234233,29.808181825911507,-8.299168661974964,-8.271158470276916,27.109082995709702,27.11657311872116,27.85543117010665,27.86612775793234,10.520012355007447,25.558493235682377,3371.572412738698,3285.202672867986,3281.776887105152,0.002931116505076772,0.22327791262691932,0.22637112113032443,22.521177131710086,22.46972588849982,0.0,0.0,0.2673277544409908,0.0,True,thermal_anomaly,1.0,0.2673277544409908,thermal_anomaly,0.2673277544409908,0.2673277544409908,58,thermal_anomaly,2.4940452314008352,0.2673277544409908,abrupt,0.0,1.1325919397452502,1602673316,thermal_anomaly
18300.0,305.0,5.083333333333333,1,611.5701769743577,367.32050807568874,-244.24966889866892,96.3446735777527,96.21271190378252,29.85378694311011,29.85146915024921,-8.181530516182598,-8.206736157590914,27.11789508207827,27.092732597001852,27.87092096240705,27.9549807670377,10.364911643593029,25.730647897584266,3433.0127018922185,3359.1076873801026,3364.9084945466248,0.0026228799942983067,0.21557199985745767,0.20316847114474326,22.5195017870483,22.606790856304972,0.0,0.0,0.2673277544409908,0.0,True,thermal_anomaly,1.0,0.2673277544409908,thermal_anomaly,0.2673277544409908,0.2673277544409908,58,thermal_anomaly,2.4940452314008352,0.2673277544409908,abrupt,0.0,1.1325919397452502,1602673316,thermal_anomaly
18360.0,306.0,5.1,1,610.5801345412646,369.021130325903,-241.55900421536154,96.70413638164462,96.50672502669723,29.868165455265785,29.813225326636363,-8.087507234990706,-8.017184560575616,27.126254864953914,27.213597718758333,27.88654496820985,27.821049005814594,10.242538178697023,25.84977577464264,3475.5282581475753,3417.317972763839,3422.4329366524134,0.002227471576593615,0.20568678941484037,0.1993544636462823,22.517874529835343,22.534753047585887,0.0,0.0,0.2673277544409908,0.0,True,thermal_anomaly,1.0,0.2673277544409908,thermal_anomaly,0.2673277544409908,0.2673277544409908,58,thermal_anomaly,2.4940452314008352,0.2673277544409908,abrupt,0.0,1.1325919397452502,1602673316,thermal_anomaly
18420.0,307.0,5.116666666666666,1,609.5385467561977,369.8904379073655,-239.64810884883218,97.0607555912411,97.32398996637312,29.882430223649642,29.91103337135596,-8.019699437268967,-8.015773042226272,27.13428128262961,27.02479232320664,27.90218581953678,27.692001310851975,10.155162641745436,25.91067040699108,3497.260947684137,3457.2894602239876,3458.193549967264,0.0017621724971965272,0.19405431242991317,0.19071656770409545,22.51627281779323,22.417345400861585,0.0,0.0,0.2673277544409908,0.0,True,thermal_anomaly,1.0,0.2673277544409908,thermal_anomaly,0.2673277544409908,0.2673277544409908,58,thermal_anomaly,2.4940452314008352,0.2673277544409908,abrupt,0.0,1.1325919397452502,1602673316,thermal_anomaly
18480.0,308.0,5.133333333333334,1,608.450488130146,369.8904379073655,-238.56005022278055,97.41575566597737,97.77909261460181,29.896630226639097,29.83278999594704,-7.979496298222064,-8.03398329778124,27.142095741491538,26.960193712418814,27.917721613974674,27.945908883429006,10.103705210482032,25.91067040699108,3497.260947684137,3477.2752039540624,3479.44951909595,0.001247318558629296,0.18118296396573239,0.1922881757850385,22.514673748060353,22.498369109013414,0.0,0.0,0.2673277544409908,0.0,True,thermal_anomaly,1.0,0.2673277544409908,thermal_anomaly,0.2673277544409908,0.2673277544409908,58,thermal_anomaly,2.4940452314008352,0.2673277544409908,abrupt,0.0,1.1325919397452502,1602673316,thermal_anomaly
18540.0,309.0,5.15,1,607.3212595753644,369.02113032590313,-238.30012924946124,97.77036895355099,97.75790482324045,29.91081475814204,29.928130186313737,-7.967022335444521,-7.963155724528918,27.14981778973726,27.145044300904704,27.93303126790776,28.039529554866142,10.087791908092612,25.849775774642648,3475.5282581475776,3476.40173105082,3483.852460113761,0.0007054113485506708,0.16763528371376676,0.16268025098677305,22.513055072253405,22.389300782240436,0.0,0.0,0.2673277544409908,0.0,True,thermal_anomaly,1.0,0.2673277544409908,thermal_anomaly,0.2673277544409908,0.2673277544409908,58,thermal_anomaly,2.4940452314008352,0.2673277544409908,abrupt,0.0,1.1325919397452502,1602673316,thermal_anomaly
18600.0,310.0,5.166666666666667,1,606.156362579862,367.32050807568885,-238.8358545041732,98.12577945132504,98.00167252829618,29.925031178053,29.917349133035483,-7.9811397048546855,-7.988880182172283,27.1575609761963,27.126892968826898,27.947999833793222,27.937546666152585,10.105803595687497,25.730647897584273,3433.0127018922203,3454.7072164715205,3459.3729655466464,0.00016013481240036295,0.15400337031000907,0.15806174624080332,22.511396170168002,22.418486504900493,0.0,0.0,0.2673277544409908,0.0,True,thermal_anomaly,1.0,0.2673277544409908,thermal_anomaly,0.2673277544409908,0.2673277544409908,58,thermal_anomaly,2.4940452314008352,0.2673277544409908,abrupt,0.0,1.1325919397452502,1602673316,thermal_anomaly
18660.0,311.0,5.183333333333334,1,604.961472404706,364.8628965095479,-240.0985758951581,98.4830689987881,98.4923035448633,29.939322759951523,29.915310790656182,-8.019505912683071,-8.04609276338766,27.165428857849093,27.335291342739996,27.962523549090704,28.009879732342373,10.154914323299561,25.558493235682377,3371.5724127386984,3413.139814605109,3412.673257085068,-0.0003646798486647213,0.15911699621661804,0.16127359189036938,22.5097281702078,22.514978730947355,0.0,0.0,0.2673277544409908,0.0,True,thermal_anomaly,1.0,0.2673277544409908,thermal_anomaly,0.2673277544409908,0.2673277544409908,58,thermal_anomaly,2.4940452314008352,0.2673277544409908,abrupt,0.0,1.1325919397452502,1602673316,thermal_anomaly
18720.0,312.0,5.2,1,603.7424104347197,361.7557050458495,-241.98670538887018,98.84316826275963,98.7846794786002,29.953726730510386,29.96246141007556,-8.07868441766835,-8.127991945961288,27.173511148593047,27.14776470414478,27.976514396184488,28.02611554333331,10.231127670237054,25.3408357737518,3293.8926261462375,3353.5162203756736,3348.9031475797437,-0.0008460957156159045,0.1711523928903976,0.18208757286755203,22.508051641984054,22.51610863171787,0.0,0.0,0.2673277544409908,0.0,True,thermal_anomaly,1.0,0.2673277544409908,thermal_anomaly,0.2673277544409908,0.2673277544409908,58,thermal_anomaly,2.4940452314008352,0.2673277544409908,abrupt,0.0,1.1325919397452502,1602673316,thermal_anomaly
18780.0,313.0,5.216666666666667,1,602.5051158172813,358.13473286151606,-244.37038295576525,99.20681466596761,99.38337789312395,29.968272586638705,30.007501608044226,-8.154303263536027,-8.13176530618306,27.181880062438406,27.170351502012604,27.989903974008982,28.107347919055137,10.329329253712007,25.08718818731529,3203.3683215379006,3278.442270956787,3277.8573681489124,-0.0012630726049777854,0.18157681512444462,0.1759046548860224,22.506346477323657,22.488436787947858,0.0,0.0,0.2673277544409908,0.0,True,thermal_anomaly,1.0,0.2673277544409908,thermal_anomaly,0.2673277544409908,0.2673277544409908,58,thermal_anomaly,2.4940452314008352,0.2673277544409908,abrupt,0.0,1.1325919397452502,1602673316,thermal_anomaly
18840.0,314.0,5.233333333333333,1,601.2556165273943,354.15823381635516,-247.09738271103913,99.5745191045257,99.80396929179209,29.98298076418103,29.984556777589102,-8.24125475230376,-8.265664604003463,27.190586981722937,27.111782611540743,28.00264651217003,28.12863744941059,10.443378708004406,24.808636093036277,3103.9558454088797,3191.199058182833,3193.1196961701867,-0.0015973866258081285,0.1899346656452032,0.18770399037565247,22.504594511988795,22.55383483244241,0.0,0.0,0.2673277544409908,0.0,True,thermal_anomaly,1.0,0.2673277544409908,thermal_anomaly,0.2673277544409908,0.2673277544409908,58,thermal_anomaly,2.4940452314008352,0.2673277544409908,abrupt,0.0,1.1325919397452502,1602673316,thermal_anomaly
18900.0,315.0,5.25,1,600.0,350.0,-250.0,99.94654291404952,100.0070879787193,29.99786171656198,29.981755245873426,-8.333927343293727,-8.305162463699547,27.199659656208258,27.177586705098193,28.014720895831612,28.049995312282785,10.56626391367877,24.51735355407601,2999.9999999999995,3095.5995290914166,3106.093001422378,-0.0018344266511799994,0.19586066627949997,0.19615820734730033,22.502780282543664,22.378492528868943,0.0,0.0,0.2673277544409908,0.0,True,thermal_anomaly,1.0,0.2673277544409908,thermal_anomaly,0.2673277544409908,0.2673277544409908,58,thermal_anomaly,2.4940452314008352,0.2673277544409908,abrupt,0.0,1.1325919397452502,1602673316,thermal_anomaly
18960.0,316.0,5.266666666666667,1,598.7443834726058,345.8417661836448,-252.90261728896104,100.0,99.91643522134129,30.0,30.028993282561018,-8.430087242965367,-8.484748410977256,27.2091164995959,27.09574799682347,28.026131612871758,27.83039570852829,10.695225990535455,24.226071015115735,2896.0441545911194,2995.821841841268,3000.47866074201,-0.0019638328945404135,0.19909582236351034,0.20482897993862192,22.500891672337747,22.45886743190856,0.0,0.0,0.2673277544409908,0.0,True,thermal_anomaly,1.0,0.2673277544409908,thermal_anomaly,0.2673277544409908,0.2673277544409908,58,thermal_anomaly,2.4940452314008352,0.2673277544409908,abrupt,0.0,1.1325919397452502,1602673316,thermal_anomaly
19020.0,317.0,5.283333333333333,1,597.4948841827189,341.86526713848417,-255.62961704423475,100.0,99.74557837263048,30.0,30.031761382396407,-8.520987234807825,-8.512548410765353,27.218936597007826,27.173692027126467,28.036908581913565,28.120394030147256,10.818494193075495,23.94751892083674,2796.631678462105,2896.226760151687,2907.1845286912817,-0.001979949682094374,0.19949874205235935,0.20092631664943222,22.498920422629677,22.424698759371495,0.0,0.0,0.2673277544409908,0.0,True,thermal_anomaly,1.0,0.2673277544409908,thermal_anomaly,0.2673277544409908,0.2673277544409908,58,thermal_anomaly,2.4940452314008352,0.2673277544409908,abrupt,0.0,1.1325919397452502,1602673316,thermal_anomaly
19080.0,318.0,5.3,1,596.2575895652803,338.24429495415046,-258.0132946111299,100.0,99.81951639595697,30.0,29.9582154065134,-8.60044315370433,-8.575654218690696,27.229069997562295,27.066295118202408,28.047105868748247,28.095944381097667,10.927326111822836,23.693871334400214,2706.1073738537616,2801.1670670027247,2805.0633308916713,-0.0018820726328891576,0.19705181582222894,0.20399495798809456,22.49686248880332,22.456494725292398,0.0,0.0,0.2673277544409908,0.0,True,thermal_anomaly,1.0,0.2673277544409908,thermal_anomaly,0.2673277544409908,0.2673277544409908,58,thermal_anomaly,2.4940452314008352,0.2673277544409908,abrupt,0.0,1.1325919397452502,1602673316,thermal_anomaly
19140.0,319.0,5.316666666666666,1,595.038527595294,335.13710349045203,-259.90142410484196,100.0,99.82901271846939,30.0,29.97055738689279,-8.663380803494732,-8.702350630861822,27.23944209509628,27.253831330128406,28.056799347249786,28.167637074476843,11.014249672323745,23.47621387246964,2628.427587261301,2714.7973271320125,2715.6295321213297,-0.001674479443640848,0.1918619860910212,0.19016006644577904,22.49471822603564,22.542307291859817,0.0,0.0,0.2673277544409908,0.0,True,thermal_anomaly,1.0,0.2673277544409908,thermal_anomaly,0.2673277544409908,0.2673277544409908,58,thermal_anomaly,2.4940452314008352,0.2673277544409908,abrupt,0.0,1.1325919397452502,1602673316,thermal_anomaly
19200.0,320.0,5.333333333333333,1,593.843637420138,332.6794919243113,-261.16414549582663,100.0,100.0,30.0,30.01682101611812,-8.705471516527554,-8.661575992848695,27.249956893244406,27.414673900242967,28.066083407011543,28.06101963144644,11.072735062620666,23.304059210567758,2566.9872981077824,2640.8923126198974,2640.3656216957916,-0.0013662429328623609,0.184156073321559,0.18919655671037958,22.49249239387966,22.450308775648228,0.0,0.0,0.2673277544409908,0.0,True,thermal_anomaly,1.0,0.2673277544409908,thermal_anomaly,0.2673277544409908,0.2673277544409908,58,thermal_anomaly,2.4940452314008352,0.2673277544409908,abrupt,0.0,1.1325919397452502,1602673316,thermal_anomaly
19260.0,321.0,5.35,1,592.6787404246356,330.978869674097,-261.69987075053865,100.0,100.0,30.0,29.99363337459925,-8.723329025017955,-8.702492734068965,27.26050171782184,27.268105134281395,28.075066851597963,27.985748656987663,11.09763385891252,23.184931333509375,2524.471741852424,2582.682027236161,2585.0182386984866,-0.0009708345151577046,0.1742708628789426,0.17870376876085922,22.490193975209003,22.49952739234207,0.0,0.0,0.2673277544409908,0.0,True,thermal_anomaly,1.0,0.2673277544409908,thermal_anomaly,0.2673277544409908,0.2673277544409908,58,thermal_anomaly,2.4940452314008352,0.2673277544409908,abrupt,0.0,1.1325919397452502,1602673316,thermal_anomaly
19320.0,322.0,5.366666666666666,1,591.549511869854,330.1095620926345,-261.43994977721945,100.0,100.0,30.0,30.03844601671905,-8.714664992573981,-8.72291355924025,27.27095313268695,27.28946412562858,28.083868166678524,27.98799927778967,11.085547191238419,23.124036701160936,2502.739052315864,2542.710539776012,2542.5255154576207,-0.0005055354357605887,0.16263838589401472,0.15634218422577711,22.487835811905146,22.33656650479032,0.0,0.0,0.2673277544409908,0.0,True,thermal_anomaly,1.0,0.2673277544409908,thermal_anomaly,0.2673277544409908,0.2673277544409908,58,thermal_anomaly,2.4940452314008352,0.2673277544409908,abrupt,0.0,1.1325919397452502,1602673316,thermal_anomaly
19380.0,323.0,5.383333333333334,1,590.4614532438022,330.1095620926345,-260.3518911511677,100.0,100.0,30.0,30.01495113018238,-8.67839637170559,-8.616609991857965,27.28118367800174,27.270055557445197,28.092610364850263,27.964084472285624,11.035081403369482,23.124036701160936,2502.7390523158633,2522.724796045938,2526.4789388556196,9.318502806628603e-06,0.15023296257016572,0.14907232283363156,22.485435325453665,22.527745428821156,0.0,0.0,0.2673277544409908,0.0,True,thermal_anomaly,1.0,0.2673277544409908,thermal_anomaly,0.2673277544409908,0.2673277544409908,58,thermal_anomaly,2.4940452314008352,0.2673277544409908,abrupt,0.0,1.1325919397452502,1602673316,thermal_anomaly
19440.0,324.0,5.4,1,589.4198654587356,330.9788696740969,-258.44099578463863,100.0,99.77757747486574,30.0,29.993271023745535,-8.614699859487954,-8.661516142807137,27.291068949738545,27.117031807864514,28.101415632455915,27.954775212956704,10.946960610139804,23.184931333509372,2524.471741852423,2523.5982689491807,2529.388505953703,0.0005512257128852536,0.16378064282213134,0.1695069508809994,22.48308319900433,22.331495354888535,0.0,0.0,0.2673277544409908,0.0,True,thermal_anomaly,1.0,0.2673277544409908,thermal_anomaly,0.2673277544409908,0.2673277544409908,58,thermal_anomaly,2.4940452314008352,0.2673277544409908,abrupt,0.0,1.1325919397452502,1602673316,thermal_anomaly
19500.0,325.0,5.416666666666667,1,588.4298230256422,332.6794919243112,-255.75033110133103,100.0,100.0,30.0,29.995199370632967,-8.525011036711033,-8.521374721774128,27.300494492433774,27.28249720794181,28.110400012358436,27.930946335082798,10.823981370698455,23.30405921056775,2566.98729810778,2545.2927835284804,2542.438206480201,0.0010965022490355475,0.1774125562258887,0.18279503057361982,22.480799941865016,22.305924214635393,0.0,0.0,0.2673277544409908,0.0,True,thermal_anomaly,1.0,0.2673277544409908,thermal_anomaly,0.2673277544409908,0.2673277544409908,58,thermal_anomaly,2.4940452314008352,0.2673277544409908,abrupt,0.0,1.1325919397452502,1602673316,thermal_anomaly
19560.0,326.0,5.433333333333334,0,0.0,335.1371034904521,335.1371034904521,99.50128407218682,99.20368304928341,29.980051362887473,29.97629495551459,11.178670090783127,11.219102616500985,27.30870285305979,27.100457800113574,28.106234701503876,28.085328003437905,15.006929516500403,23.476213872469643,2628.427587261303,2586.860185394892,2589.419360327173,0.001621316910100653,0.19053292275251632,0.19083962503136906,22.478603744114857,22.446883057879067,0.0,0.0,0.2673277544409908,0.0,True,thermal_anomaly,1.0,0.2673277544409908,thermal_anomaly,0.2673277544409908,0.2673277544409908,58,thermal_anomaly,2.4940452314008352,0.2673277544409908,abrupt,0.0,1.1325919397452502,1602673316,thermal_anomaly
19620.0,327.0,5.45,0,0.0,338.2442949541506,338.2442949541506,98.99794434755268,98.46821054496783,29.959917773902106,29.914880095183413,11.289893967893097,11.303075489400417,27.317536273965512,27.36656057244197,28.102532683244664,28.019540574983804,15.206852781116375,23.69387133440022,2706.107373853764,2646.4837796243282,2641.739752748221,0.002102732777051822,0.20256831942629555,0.2097240765192841,22.476509656951098,22.260432177790946,0.0,0.0,0.2673277544409908,0.0,True,thermal_anomaly,1.0,0.2673277544409908,thermal_anomaly,0.2673277544409908,0.2673277544409908,58,thermal_anomaly,2.4940452314008352,0.2673277544409908,abrupt,0.0,1.1325919397452502,1602673316,thermal_anomaly
19680.0,328.0,5.466666666666667,0,0.0,341.8652671384838,341.8652671384838,98.48921627145373,98.28815289513288,29.93956865085815,29.91966644028442,11.418510103641223,11.39108547499788,27.327104040034186,27.389314431076393,28.099362825973706,28.07542114981621,15.440506155571395,23.94751892083671,2796.6316784620944,2721.5577290432116,2723.1158602208493,0.0025197096664136176,0.21299274166034043,0.20483158879875366,22.474528901061596,22.350979438379007,0.0,0.0,0.2673277544409908,0.0,True,thermal_anomaly,1.0,0.2673277544409908,thermal_anomaly,0.2673277544409908,0.2673277544409908,58,thermal_anomaly,2.4940452314008352,0.2673277544409908,abrupt,0.0,1.1325919397452502,1602673316,thermal_anomaly
19740.0,329.0,5.483333333333333,0,0.0,345.8417661836449,345.8417661836449,97.9745707860614,98.33050849890967,29.918982831442456,29.95964963849815,11.559275531927272,11.554155883431251,27.337486134755302,27.45785005904929,28.096771364273508,28.15086568709862,15.699264382455862,24.226071015115743,2896.0441545911217,2808.8009418171673,2809.242835831757,0.0028540236872440883,0.2213505921811022,0.21583234034171978,22.472668338302807,22.503655538923297,0.0,0.0,0.2673277544409908,0.0,True,thermal_anomaly,1.0,0.2673277544409908,thermal_anomaly,0.2673277544409908,0.2673277544409908,58,thermal_anomaly,2.4940452314008352,0.2673277544409908,abrupt,0.0,1.1325919397452502,1602673316,thermal_anomaly
19800.0,330.0,5.5,0,0.0,350.0000000000001,350.0000000000001,97.45373745272806,97.5911173124122,29.898149498109124,29.996646028155276,11.706410124885338,11.729372824952907,27.348728778344604,27.40858890021731,28.094779874050573,28.237912643842396,15.973119357576298,24.517353554076017,3000.0000000000023,2904.4004709085843,2896.8588625179054,0.003091063712615938,0.22727659281539844,0.22368896281840212,22.470930135541817,22.561864978432702,0.0,0.0,0.2673277544409908,0.0,True,thermal_anomaly,1.0,0.2673277544409908,thermal_anomaly,0.2673277544409908,0.2673277544409908,58,thermal_anomaly,2.4940452314008352,0.2673277544409908,abrupt,0.0,1.1325919397452502,1602673316,thermal_anomaly
19860.0,331.0,5.516666666666667,0,0.0,354.158233816355,354.158233816355,96.92671627145373,97.26739822971122,29.87706865085815,29.887474202766658,11.853848111909151,11.861548326715585,27.360841099646283,27.168524093100903,28.093384325400418,28.276381066468613,16.251013521431833,24.808636093036267,3103.9558454088756,3004.1781581587297,2997.2024847932244,0.0032204699559762523,0.2305117488994063,0.23034908162426773,22.469311640841003,22.53571683118551,0.0,0.0,0.2673277544409908,0.0,True,thermal_anomaly,1.0,0.2673277544409908,thermal_anomaly,0.2673277544409908,0.2673277544409908,58,thermal_anomaly,2.4940452314008352,0.2673277544409908,abrupt,0.0,1.1325919397452502,1602673316,thermal_anomaly
19920.0,332.0,5.533333333333333,0,0.0,358.1347328615159,358.1347328615159,96.39377768088599,96.56004869651483,29.85575110723544,29.897794254052663,11.995502359835895,12.000319403672487,27.373793300156137,27.447652606078503,28.092555254597364,28.032256817702017,16.521282465801143,25.08718818731528,3203.368321537897,3103.773239848313,3118.569371689456,0.003236586743530355,0.23091466858825888,0.22789225348331593,22.467805481653244,22.429281364922375,0.0,0.0,0.2673277544409908,0.0,True,thermal_anomaly,1.0,0.2673277544409908,thermal_anomaly,0.2673277544409908,0.2673277544409908,58,thermal_anomaly,2.4940452314008352,0.2673277544409908,abrupt,0.0,1.1325919397452502,1602673316,thermal_anomaly
19980.0,333.0,5.55,0,0.0,361.75570504584937,361.75570504584937,95.85545073885348,96.386061266602,29.83421802955414,29.813410070515854,12.125529976602362,12.096943852008987,27.38751662582688,27.293563703074973,28.092239047692157,28.09552774966705,16.77219449369346,25.34083577375179,3293.892626146234,3198.8329329972735,3200.0699603708304,0.003138709694325018,0.22846774235812545,0.23254463265770214,22.466399883026355,22.22010295221025,0.0,0.0,0.2673277544409908,0.0,True,thermal_anomaly,1.0,0.2673277544409908,thermal_anomaly,0.2673277544409908,0.2673277544409908,58,thermal_anomaly,2.4940452314008352,0.2673277544409908,abrupt,0.0,1.1325919397452502,1602673316,thermal_anomaly
20040.0,334.0,5.566666666666666,0,0.0,364.8628965095478,364.8628965095478,95.31249999999997,95.34027502390744,29.8125,29.758173134007283,12.238587723590701,12.270724282877978,27.401905365864483,27.38740404707443,28.092360279617818,28.036895641400438,16.992558674056863,25.558493235682366,3371.572412738695,3285.2026728679843,3287.343768951899,0.002931116505076736,0.2232779126269184,0.22605457216263886,22.46507919183764,22.351955103878627,0.0,0.0,0.2673277544409908,0.0,True,thermal_anomaly,1.0,0.2673277544409908,thermal_anomaly,0.2673277544409908,0.2673277544409908,58,thermal_anomaly,2.4940452314008352,0.2673277544409908,abrupt,0.0,1.1325919397452502,1602673316,thermal_anomaly
20100.0,335.0,5.583333333333333,0,0.0,367.32050807568874,367.32050807568874,94.76589210107781,94.69485894969246,29.790635684043114,29.773250228644592,12.33006613123191,12.303698192575425,27.416820954584963,27.479432972902774,28.092825006573438,27.998471489729216,17.17235878065904,25.730647897584266,3433.0127018922185,3359.107687380101,3354.2630185926505,0.0026228799942983275,0.21557199985745817,0.22920596286739914,22.463824581724896,22.402149483796347,0.0,0.0,0.2673277544409908,0.0,True,thermal_anomaly,1.0,0.2673277544409908,thermal_anomaly,0.2673277544409908,0.2673277544409908,58,thermal_anomaly,2.4940452314008352,0.2673277544409908,abrupt,0.0,1.1325919397452502,1602673316,thermal_anomaly
20160.0,336.0,5.6,0,0.0,369.0211303259031,369.0211303259031,94.21675351428333,94.22695543583814,29.768670140571334,29.739209434452214,12.396292094451642,12.320662005094622,27.432098078073583,27.248652164658008,28.093524867792716,28.079347492056836,17.303360931892005,25.849775774642644,3475.5282581475763,3417.3179727638394,3416.723857650828,0.00222747157659365,0.20568678941484125,0.21313431572266237,22.462614903551867,22.5576429235148,0.0,0.0,0.2673277544409908,0.0,True,thermal_anomaly,1.0,0.2673277544409908,thermal_anomaly,0.2673277544409908,0.2673277544409908,58,thermal_anomaly,2.4940452314008352,0.2673277544409908,abrupt,0.0,1.1325919397452502,1602673316,thermal_anomaly
20220.0,337.0,5.616666666666666,0,0.0,369.8904379073655,369.8904379073655,93.6663213150164,93.62247776641509,29.746652852600654,29.74826278920053,12.434691047097997,12.433796074010784,27.44755250355031,27.50090820454627,28.094341817430113,28.01433704231153,17.37963963155719,25.91067040699108,3497.2609476841367,3457.2894602239876,3464.996346758462,0.0017621724971965131,0.19405431242991283,0.18459758486099248,22.46142763870688,22.434748093536356,0.0,0.0,0.2673277544409908,0.0,True,thermal_anomaly,1.0,0.2673277544409908,thermal_anomaly,0.2673277544409908,0.2673277544409908,58,thermal_anomaly,2.4940452314008352,0.2673277544409908,abrupt,0.0,1.1325919397452502,1602673316,thermal_anomaly
20280.0,338.0,5.633333333333334,0,0.0,369.8904379073655,369.8904379073655,93.11588911574948,93.0259444604548,29.724635564629978,29.725890712977296,12.443901527509611,12.451447239098563,27.46299018051342,27.37321646295423,28.095153279758307,28.13659232114479,17.397971134723345,25.91067040699108,3497.2609476841367,3477.2752039540624,3483.5418512956385,0.0012473185586292885,0.18118296396573222,0.18084893410115785,22.460239907817154,22.5158549327648,0.0,0.0,0.2673277544409908,0.0,True,thermal_anomaly,1.0,0.2673277544409908,thermal_anomaly,0.2673277544409908,0.2673277544409908,58,thermal_anomaly,2.4940452314008352,0.2673277544409908,abrupt,0.0,1.1325919397452502,1602673316,thermal_anomaly
20340.0,339.0,5.65,0,0.0,369.0211303259031,369.0211303259031,92.56675052895498,92.51607851084746,29.702670021158198,29.72261849583865,12.42383698378082,12.39295010917074,27.478217032371198,27.548133354274285,28.095837502369907,28.083181854949714,17.35805434857967,25.849775774642644,3475.5282581475767,3476.4017310508193,3476.4160262262717,0.0007054113485506565,0.1676352837137664,0.16834922872412098,22.45902948581203,22.475572179558867,0.0,0.0,0.2673277544409908,0.0,True,thermal_anomaly,1.0,0.2673277544409908,thermal_anomaly,0.2673277544409908,0.2673277544409908,58,thermal_anomaly,2.4940452314008352,0.2673277544409908,abrupt,0.0,1.1325919397452502,1602673316,thermal_anomaly
20400.0,340.0,5.666666666666667,0,0.0,367.32050807568874,367.32050807568874,92.02014263003282,92.2385479018784,29.680805705201312,29.59057407145955,12.375691944619916,12.353955013087122,27.49304878398986,27.551397223682546,28.09627887342263,28.06525201924921,17.262536405265287,25.730647897584266,3433.012701892219,3454.7072164715196,3452.6112331221634,0.00016013481240035557,0.15400337031000888,0.15027464812863497,22.45777577562494,22.43297284358759,0.0,0.0,0.2673277544409908,0.0,True,thermal_anomaly,1.0,0.2673277544409908,thermal_anomaly,0.2673277544409908,0.2673277544409908,58,thermal_anomaly,2.4940452314008352,0.2673277544409908,abrupt,0.0,1.1325919397452502,1602673316,thermal_anomaly
20460.0,341.0,5.683333333333334,0,0.0,364.86289650954785,364.86289650954785,91.47719189117932,91.25231385618511,29.65908767564717,29.610651057082276,12.30189210469659,12.274716945266185,27.50732016507801,27.282575463812183,28.096372970538646,28.008311935289,17.116840265062564,25.55849323568237,3371.572412738696,3413.1398146051074,3416.1740046602386,-0.000364679848664743,0.15911699621661857,0.15932662377933177,22.45650992862381,22.31053656163439,0.0,0.0,0.2673277544409908,0.0,True,thermal_anomaly,1.0,0.2673277544409908,thermal_anomaly,0.2673277544409908,0.2673277544409908,58,thermal_anomaly,2.4940452314008352,0.2673277544409908,abrupt,0.0,1.1325919397452502,1602673316,thermal_anomaly
20520.0,342.0,5.7,0,0.0,361.7557050458496,361.7557050458496,90.9388649491468,90.4914982636944,29.637554597965874,29.63884918793826,12.20599033736333,12.197573856711374,27.52089289257289,27.437912828193184,28.096031120696768,28.055029364117463,16.92881232587942,25.34083577375181,3293.8926261462407,3353.5162203756745,3360.599814702985,-0.0008460957156158409,0.17115239289039602,0.16190561237726797,22.45523253721194,22.534293745525467,0.0,0.0,0.2673277544409908,0.0,True,thermal_anomaly,1.0,0.2673277544409908,thermal_anomaly,0.2673277544409908,0.2673277544409908,58,thermal_anomaly,2.4940452314008352,0.2673277544409908,abrupt,0.0,1.1325919397452502,1602673316,thermal_anomaly
20580.0,343.0,5.716666666666667,0,0.0,358.13473286151617,358.13473286151617,90.40592635857907,90.28581426586065,29.616237054343163,29.57961013332753,12.09251304290855,12.057872451242595,27.533661958243705,27.406361750916428,28.09518427182819,28.063290867783547,16.708226052047934,25.087188187315302,3203.368321537904,3278.4422709567893,3281.6550342989863,-0.0012630726049777494,0.18157681512444374,0.17710418858783045,22.453923515837335,22.40812557244897,0.0,0.0,0.2673277544409908,0.0,True,thermal_anomaly,1.0,0.2673277544409908,thermal_anomaly,0.2673277544409908,0.2673277544409908,58,thermal_anomaly,2.4940452314008352,0.2673277544409908,abrupt,0.0,1.1325919397452502,1602673316,thermal_anomaly
20640.0,344.0,5.733333333333333,0,0.0,354.15823381635533,354.15823381635533,89.87890517730473,90.39290687003472,29.595156207092188,29.623257399232077,11.966763457443243,11.963222275679172,27.545559913133772,27.578272339764137,28.093786006908214,27.983567067229615,16.466190528326777,24.80863609303629,3103.9558454088833,3191.1990581828363,3186.438917475816,-0.001597386625808114,0.18993466564520284,0.18443531990502599,22.45256472271362,22.4298210167879,0.0,0.0,0.2673277544409908,0.0,True,thermal_anomaly,1.0,0.2673277544409908,thermal_anomaly,0.2673277544409908,0.2673277544409908,58,thermal_anomaly,2.4940452314008352,0.2673277544409908,abrupt,0.0,1.1325919397452502,1602673316,thermal_anomaly
20700.0,345.0,5.75,0,0.0,350.0000000000001,350.0000000000001,89.3580718439714,88.97014938081861,29.574322873758856,29.53871941014772,11.834590482223797,11.80542685784022,27.55655902511014,27.643946112801213,28.091814568813575,27.936651433602194,16.214518867170227,24.517353554076017,3000.000000000003,3095.59952909142,3086.9773291134816,-0.0018344266511799916,0.19586066627949977,0.19509093677834616,22.45114071668805,22.44107256028542,0.0,0.0,0.2673277544409908,0.0,True,thermal_anomaly,1.0,0.2673277544409908,thermal_anomaly,0.2673277544409908,0.2673277544409908,58,thermal_anomaly,2.4940452314008352,0.2673277544409908,abrupt,0.0,1.1325919397452502,1602673316,thermal_anomaly
20760.0,346.0,5.766666666666667,0,0.0,345.8417661836449,345.8417661836449,88.84342635857907,89.05658072706171,29.553737054343163,29.543292918808753,11.702133153168209,11.714312000552665,27.566671364659783,27.48067293351236,28.089273807449203,28.10238912205583,15.965109943373143,24.226071015115743,2896.044154591123,2995.8218418412716,2996.324082385681,-0.0019638328945404127,0.1990958223635103,0.19746914901233528,22.44963940322605,22.493756417945697,0.0,0.0,0.2673277544409908,0.0,True,thermal_anomaly,1.0,0.2673277544409908,thermal_anomaly,0.2673277544409908,0.2673277544409908,58,thermal_anomaly,2.4940452314008352,0.2673277544409908,abrupt,0.0,1.1325919397452502,1602673316,thermal_anomaly
20820.0,347.0,5.783333333333333,0,0.0,341.86526713848406,341.86526713848406,88.33469828248013,88.23813839113926,29.533387931299206,29.57272358195288,11.575551979804473,11.553701768168814,27.575947024298664,27.67756273180588,28.086193007750243,28.03642767665431,15.729388607587282,23.947518920836732,2796.6316784621017,2896.226760151687,2901.5832850751467,-0.0019799496820944724,0.1994987420523618,0.19772897023163236,22.448052545536317,22.64695199619533,0.0,0.0,0.2673277544409908,0.0,True,thermal_anomaly,1.0,0.2673277544409908,thermal_anomaly,0.2673277544409908,0.2673277544409908,58,thermal_anomaly,2.4940452314008352,0.2673277544409908,abrupt,0.0,1.1325919397452502,1602673316,thermal_anomaly
20880.0,348.0,5.8,0,0.0,338.2442949541506,338.2442949541506,87.83135855784599,87.86029127664419,29.51325434231384,29.491427582615763,11.46075898750352,11.485458146744204,27.58447078147025,27.562179184159824,28.082625606076327,27.827374487380673,15.517836042186275,23.69387133440022,2706.107373853765,2801.1670670027256,2807.998248691289,-0.001882072632889122,0.19705181582222803,0.20295884460601138,22.446376120788162,22.525805458756874,0.0,0.0,0.2673277544409908,0.0,True,thermal_anomaly,1.0,0.2673277544409908,thermal_anomaly,0.2673277544409908,0.2673277544409908,58,thermal_anomaly,2.4940452314008352,0.2673277544409908,abrupt,0.0,1.1325919397452502,1602673316,thermal_anomaly
20940.0,349.0,5.816666666666666,0,0.0,335.13710349045215,335.13710349045215,87.33264263003281,87.3176017218227,29.493305705201312,29.516819514319813,11.363158366861155,11.340585078994403,27.592357564925045,27.62453835864856,28.078646851097645,28.166566405703488,15.339625762244196,23.476213872469646,2628.4275872613034,2714.7973271320143,2720.7401607786924,-0.0016744794436408337,0.19186198609102084,0.20017217106904647,22.444610505780595,22.449593716224086,0.0,0.0,0.2673277544409908,0.0,True,thermal_anomaly,1.0,0.2673277544409908,thermal_anomaly,0.2673277544409908,0.2673277544409908,58,thermal_anomaly,2.4940452314008352,0.2673277544409908,abrupt,0.0,1.1325919397452502,1602673316,thermal_anomaly
21000.0,350.0,5.833333333333333,0,0.0,332.6794919243112,332.6794919243112,86.8375838622883,86.72122916401005,29.473503354491534,29.47528591456539,11.287409166227041,11.31902669796799,27.599747081125233,27.627230935259494,28.074350511403143,28.04369190895262,15.202364771480962,23.30405921056775,2566.9872981077806,2640.8923126198974,2641.2952307915552,-0.0013662429328624034,0.1841560733215601,0.18343084352862504,22.44276048152653,22.438115010857487,0.0,0.0,0.2673277544409908,0.0,True,thermal_anomaly,1.0,0.2673277544409908,thermal_anomaly,0.2673277544409908,0.2673277544409908,58,thermal_anomaly,2.4940452314008352,0.2673277544409908,abrupt,0.0,1.1325919397452502,1602673316,thermal_anomaly
21060.0,351.0,5.85,0,0.0,330.97886967409704,330.97886967409704,86.34505578241614,86.52958543458624,29.453802231296645,29.440328408728632,11.237220480906528,11.215262398159611,27.606797910003714,27.627129066224796,28.069844773724036,27.980262343036806,15.111926247535273,23.18493133350938,2524.471741852425,2582.682027236161,2573.2167156821333,-0.0009708345151576903,0.17427086287894225,0.17294049266136605,22.440835052198523,22.386576802635634,0.0,0.0,0.2673277544409908,0.0,True,thermal_anomaly,1.0,0.2673277544409908,thermal_anomaly,0.2673277544409908,0.2673277544409908,58,thermal_anomaly,2.4940452314008352,0.2673277544409908,abrupt,0.0,1.1325919397452502,1602673316,thermal_anomaly
21120.0,352.0,5.866666666666666,0,0.0,330.1095620926346,330.1095620926346,85.85382131501638,85.94310671025497,29.434152852600654,29.48434582621928,11.215188143709995,11.248271681064399,27.613681305074977,27.547860688890513,28.065247511039733,28.090677076103038,15.072351924519921,23.12403670116094,2502.739052315864,2542.710539776012,2535.2382616373366,-0.0005055354357605887,0.16263838589401472,0.17140980881881027,22.438847080817244,22.486418240218757,0.0,0.0,0.2673277544409908,0.0,True,thermal_anomaly,1.0,0.2673277544409908,thermal_anomaly,0.2673277544409908,0.2673277544409908,58,thermal_anomaly,2.4940452314008352,0.2673277544409908,abrupt,0.0,1.1325919397452502,1602673316,thermal_anomaly
21180.0,353.0,5.883333333333334,0,0.0,330.1095620926345,330.1095620926345,85.36258684761663,85.10177236932427,29.414503473904666,29.41185506638012,11.222680076360769,11.301187757399786,27.62057485168299,27.819789938185917,28.060681127372536,28.360330475802247,15.085800164322457,23.124036701160936,2502.7390523158633,2522.724796045938,2518.3128518223957,9.318502806628603e-06,0.15023296257016572,0.15548262173589564,22.436814009848923,22.333968224132697,0.0,0.0,0.2673277544409908,0.0,True,thermal_anomaly,1.0,0.2673277544409908,thermal_anomaly,0.2673277544409908,0.2673277544409908,58,thermal_anomaly,2.4940452314008352,0.2673277544409908,abrupt,0.0,1.1325919397452502,1602673316,thermal_anomaly
21240.0,354.0,5.9,0,0.0,330.9788696740969,330.9788696740969,84.87005876774447,84.70058320768675,29.394802350709778,29.4125634229479,11.259775307388825,11.225041235335917,27.627656069055902,27.68234656570141,28.056267204578134,27.89935016412788,15.152519514445512,23.184931333509372,2524.4717418524237,2523.5982689491807,2530.073773518977,0.0005512257128852607,0.1637806428221315,0.17667434410691882,22.434826543266624,22.38403326602617,0.0,0.0,0.2673277544409908,0.0,True,thermal_anomaly,1.0,0.2673277544409908,thermal_anomaly,0.2673277544409908,0.2673277544409908,58,thermal_anomaly,2.4940452314008352,0.2673277544409908,abrupt,0.0,1.1325919397452502,1602673316,thermal_anomaly
21300.0,355.0,5.916666666666667,0,0.0,332.67949192431126,332.67949192431126,84.37499999999994,84.46938386381737,29.374999999999996,29.374536445499096,11.325259299551023,11.321545209598039,27.635096002807074,27.79324808806355,28.052121185092673,28.03092445241404,15.270836172780214,23.304059210567754,2566.987298107782,2545.292783528482,2544.4134502045135,0.0010965022490355756,0.1774125562258894,0.1766357096434671,22.432905211045345,22.455721377626922,0.0,0.0,0.2673277544409908,0.0,True,thermal_anomaly,1.0,0.2673277544409908,thermal_anomaly,0.2673277544409908,0.2673277544409908,58,thermal_anomaly,2.4940452314008352,0.2673277544409908,abrupt,0.0,1.1325919397452502,1602673316,thermal_anomaly
21360.0,356.0,5.933333333333334,0,0.0,335.13710349045203,335.13710349045203,83.87628407218678,83.84689414830379,29.355051362887473,29.314308165215287,11.416675765526124,11.381195018368823,27.643052853620716,27.730217607377142,28.04834732302572,28.086204753779672,15.437155159426982,23.47621387246964,2628.4275872613002,2586.860185394891,2583.032902318152,0.0016213169101006036,0.1905329227525151,0.19458614764246648,22.431068223776332,22.368634025074147,0.0,0.0,0.2673277544409908,0.0,True,thermal_anomaly,1.0,0.2673277544409908,thermal_anomaly,0.2673277544409908,0.2673277544409908,58,thermal_anomaly,2.4940452314008352,0.2673277544409908,abrupt,0.0,1.1325919397452502,1602673316,thermal_anomaly
21420.0,357.0,5.95,0,0.0,338.2442949541504,338.2442949541504,83.37294434755262,83.26851466187959,29.334917773902106,29.347963879067898,11.530432693255081,11.514028255810668,27.651665725525167,27.550925526771238,28.045034124260418,27.920430975850625,15.645986564109712,23.69387133440021,2706.1073738537607,2646.483779624326,2648.280860495289,0.0021027327770517935,0.20256831942629483,0.20113283337181656,22.42933065301511,22.504467914708737,0.0,0.0,0.2673277544409908,0.0,True,thermal_anomaly,1.0,0.2673277544409908,thermal_anomaly,0.2673277544409908,0.2673277544409908,58,thermal_anomaly,2.4940452314008352,0.2673277544409908,abrupt,0.0,1.1325919397452502,1602673316,thermal_anomaly
21480.0,358.0,5.966666666666667,0,0.0,341.8652671384839,341.8652671384839,82.86421627145369,82.51038485182838,29.31456865085815,29.300763462657162,11.661957957156439,11.639819353251127,27.661048645133345,27.73727111210239,28.04225047485018,27.972215721569494,15.89001738817361,23.94751892083672,2796.6316784620976,2721.5577290432116,2719.6813877790155,0.002519709666413688,0.21299274166034218,0.20628014898497038,22.42770373965513,22.498294330436906,0.0,0.0,0.2673277544409908,0.0,True,thermal_anomaly,1.0,0.2673277544409908,thermal_anomaly,0.2673277544409908,0.2673277544409908,58,thermal_anomaly,2.4940452314008352,0.2673277544409908,abrupt,0.0,1.1325919397452502,1602673316,thermal_anomaly
21540.0,359.0,5.983333333333333,0,0.0,345.8417661836447,345.8417661836447,82.34957078606136,82.39434327620364,29.293982831442456,29.289955554241605,11.805897756328248,11.763235605695932,27.671285086074164,27.7737015226098,28.0400426269194,28.22934439420318,16.16025406324497,24.226071015115732,2896.0441545911185,2808.8009418171646,2805.8424403625986,0.0028540236872440384,0.22135059218110095,0.23634278138908016,22.42619436560689,22.21392248736362,0.0,0.0,0.2673277544409908,0.0,True,thermal_anomaly,1.0,0.2673277544409908,thermal_anomaly,0.2673277544409908,0.2673277544409908,58,thermal_anomaly,2.4940452314008352,0.2673277544409908,abrupt,0.0,1.1325919397452502,1602673316,thermal_anomaly
21600.0,360.0,6.0,1,600.0,349.99999999999994,-250.00000000000006,82.72159459558517,82.44915187010186,29.308863783823405,29.26644724030408,-8.529842775344429,-8.524798282016219,27.678817218883673,27.547350650953174,28.051865827356014,28.064371296870647,10.830573738382505,24.517353554076006,2999.9999999999986,2904.4004709085825,2906.374199165752,0.0030910637126159235,0.22727659281539808,0.2313014673518438,22.42480471764112,22.40185071791156,0.0,0.0,0.2673277544409908,0.0,True,thermal_anomaly,1.0,0.2673277544409908,thermal_anomaly,0.2673277544409908,0.2673277544409908,58,thermal_anomaly,2.4940452314008352,0.2673277544409908,abrupt,0.0,1.1325919397452502,1602673316,thermal_anomaly
