time_s,time_min,time_h,in_sunlight,solar_power_w,load_power_w,battery_power_w,battery_soc_true,battery_soc_measured,battery_voltage_true,battery_voltage_measured,battery_current_true,battery_current_measured,battery_temp_true,battery_temp_measured,electronics_temp_true,electronics_temp_measured,battery_heat_w,electronics_heat_w,wheel_target_speed_rpm,wheel_speed_true,wheel_speed_measured,wheel_torque_nm,wheel_current_true,wheel_current_measured,wheel_temp_true,wheel_temp_measured,solar_degradation,battery_degradation,thermal_anomaly,wheel_degradation,fault_active,fault_type,fault_progress,fault_severity,fault_label,fault_requested_severity,fault_effective_severity,scenario_id,scenario_fault_type,scenario_start_time_h,scenario_severity,scenario_profile,scenario_ramp_duration_h,scenario_sensor_noise_scale,scenario_random_seed,scenario_internal_fault_name
0.0,0.0,0.0,1,600.0,350.0,-250.0,90.37202380952381,90.31823927039527,29.61488095238095,29.595855638902368,-8.44170200791912,-8.478188426989304,22.022336622077468,21.995137870472643,24.023,23.917459432716836,6.700986623240457,17.5,3000.0,3000.0,3005.990871387779,0.0006283185307179586,0.16570796326794895,0.17168626582603466,24.979227572821976,25.0501877986453,0.0,0.0,0.0,0.0,False,none,0.0,0.0,nominal,0.4844217333556942,0.0,64,reaction_wheel_degradation,2.130370206837421,0.4844217333556942,gradual,0.8533152564232582,0.9824728163784012,1605212107,reaction_wheel_degradation
60.0,1.0,0.016666666666666666,1,601.2556165273943,354.15823381635516,-247.09738271103913,90.7397282480819,90.7379422310313,29.629589129923275,29.611507251231007,-8.339548065534684,-8.317346117498172,22.0440820855283,22.089194751494404,24.046231823381635,24.085698147692835,6.563844954989063,17.70791169081776,3103.9558454088797,3051.97792270444,3053.641610008829,0.0019890973650273443,0.1997274341256836,0.19413733836516348,24.95874847619419,24.893963598401015,0.0,0.0,0.0,0.0,False,none,0.0,0.0,nominal,0.4844217333556942,0.0,64,reaction_wheel_degradation,2.130370206837421,0.4844217333556942,gradual,0.8533152564232582,0.9824728163784012,1605212107,reaction_wheel_degradation
120.0,2.0,0.03333333333333333,1,602.5051158172811,358.134732861516,-244.37038295576508,91.10337465128988,91.23912815575379,29.644134986051597,29.64663314188717,-8.243464788928678,-8.260985035860557,22.065272182808812,22.107941660777588,24.069675442080733,24.02161536052629,6.436376938104555,17.9067366430758,3203.3683215379,3127.67312212117,3129.3934909416366,0.002620900448055877,0.21552251120139693,0.21769931540842744,24.938546098704002,25.010554946008266,0.0,0.0,0.0,0.0,False,none,0.0,0.0,nominal,0.4844217333556942,0.0,64,reaction_wheel_degradation,2.130370206837421,0.4844217333556942,gradual,0.8533152564232582,0.9824728163784012,1605212107,reaction_wheel_degradation
180.0,3.0,0.05,1,603.7424104347197,361.7557050458495,-241.98670538887018,91.46347391526143,91.37601191162592,29.658538956610457,29.655363268849445,-8.159090565549752,-8.177871905090221,22.08596608540712,22.003169125966604,24.093293609048672,24.111310958007575,6.325660708547438,18.087785252292473,3293.8926261462366,3210.7828741337034,3210.7209228366632,0.002830866546587775,0.22077166366469436,0.21901843327001316,24.918597552843362,25.04551952738847,0.0,0.0,0.0,0.0,False,none,0.0,0.0,nominal,0.4844217333556942,0.0,64,reaction_wheel_degradation,2.130370206837421,0.4844217333556942,gradual,0.8533152564232582,0.9824728163784012,1605212107,reaction_wheel_degradation
240.0,4.0,0.06666666666666667,1,604.961472404706,364.8628965095479,-240.0985758951581,91.82076346272446,91.71100731790844,29.67283053850898,29.607166308148724,-8.091529238626613,-8.064496288078757,22.10624304767322,22.185125870683382,24.117033549827237,24.184965733677288,6.23782763356395,18.243144825477398,3371.572412738697,3291.1776434362005,3298.7897199360273,0.002777194931208119,0.21942987328020297,0.22378235001107102,24.898879660493158,24.83690712432076,0.0,0.0,0.0,0.0,False,none,0.0,0.0,nominal,0.4844217333556942,0.0,64,reaction_wheel_degradation,2.130370206837421,0.4844217333556942,gradual,0.8533152564232582,0.9824728163784012,1605212107,reaction_wheel_degradation
300.0,5.0,0.08333333333333333,1,606.156362579862,367.3205080756888,-238.83585450417326,92.17617396049855,91.89788975888511,29.68704695841994,29.692718803457105,-8.045119975681306,-8.013038464856518,22.126198644166678,22.07996633107487,24.140829332236187,24.221329641660052,6.17791643384851,18.36602540378444,3433.0127018922194,3362.0951726642097,3360.469042552616,0.0025459192073639977,0.21364798018409992,0.21717515564880482,24.879369033248576,24.804037009125913,0.0,0.0,0.0,0.0,False,none,0.0,0.0,nominal,0.4844217333556942,0.0,64,reaction_wheel_degradation,2.130370206837421,0.4844217333556942,gradual,0.8533152564232582,0.9824728163784012,1605212107,reaction_wheel_degradation
360.0,6.0,0.1,1,607.3212595753644,369.0211303259031,-238.3001292494613,92.53078724807214,92.32221017078724,29.701231489922886,29.70690042595337,-8.023240697285983,-8.0866931535293,22.145940756644766,21.886082949026175,24.16460481061089,23.949140481461377,6.149791302926885,18.451056516295154,3475.5282581475767,3418.811715405893,3415.9404910150997,0.0021889911831264744,0.20472477957816185,0.20584845467175794,24.860041723756545,24.814978977575752,0.0,0.0,0.0,0.0,False,none,0.0,0.0,nominal,0.4844217333556942,0.0,64,reaction_wheel_degradation,2.130370206837421,0.4844217333556942,gradual,0.8533152564232582,0.9824728163784012,1605212107,reaction_wheel_degradation
420.0,7.0,0.11666666666666667,1,608.450488130146,369.8904379073655,-238.56005022278055,92.88578732280843,92.7518950259901,29.715431492912337,29.714203299455615,-8.028153664188972,-7.978364774026177,22.165585445773118,22.271144991998128,24.18827701591674,24.089909369091608,6.156100100466465,18.494521895368276,3497.2609476841367,3458.036331545015,3462.6788393429983,0.0017429323004629288,0.1935733075115732,0.19177854435494882,24.84087334921582,24.911184426422835,0.0,0.0,0.0,0.0,False,none,0.0,0.0,nominal,0.4844217333556942,0.0,64,reaction_wheel_degradation,2.130370206837421,0.4844217333556942,gradual,0.8533152564232582,0.9824728163784012,1605212107,reaction_wheel_degradation
480.0,8.0,0.13333333333333333,1,609.5385467561977,369.8904379073655,-239.64810884883218,93.2424065324049,93.1613670148095,29.729696261296198,29.670632492979653,-8.060900008615953,-8.071362117715877,22.18525276215152,22.25831560494545,24.211759843580143,24.130667183127294,6.198248715912373,18.494521895368276,3497.2609476841367,3477.6486396145756,3473.6063605942472,0.0012376984602625,0.18094246150656249,0.18126239355601198,24.82183963129007,24.924290485920583,0.0,0.0,0.0,0.0,False,none,0.0,0.0,nominal,0.4844217333556942,0.0,64,reaction_wheel_degradation,2.130370206837421,0.4844217333556942,gradual,0.8533152564232582,0.9824728163784012,1605212107,reaction_wheel_degradation
540.0,9.0,0.15,1,610.5801345412646,369.0211303259031,-241.55900421536148,93.60186933629682,93.62204163368087,29.74407477345187,29.77547732848284,-8.121247880635556,-8.127522103324937,22.20506249014894,22.099192793946443,24.234967877864094,24.210972888580642,6.2763733710982015,18.451056516295154,3475.5282581475767,3476.588448881076,3480.675481235269,0.0007006012993672623,0.16751503248418156,0.16827913310877074,24.802917168998125,24.90042153748591,0.0,0.0,0.0,0.0,False,none,0.0,0.0,nominal,0.4844217333556942,0.0,64,reaction_wheel_degradation,2.130370206837421,0.4844217333556942,gradual,0.8533152564232582,0.9824728163784012,1605212107,reaction_wheel_degradation
600.0,10.0,0.16666666666666666,1,611.5701769743577,367.3205080756888,-244.24966889866886,93.96533610549126,94.2147869446479,29.75861344421965,29.72324954320171,-8.207696549992056,-8.184072066658851,22.22512979058318,22.281205454566127,24.25782018564875,24.407816169682942,6.38930261254012,18.36602540378444,3433.0127018922194,3454.8005753866473,3454.887732763617,0.00015772978780866564,0.15394324469521664,0.15367188223173006,24.7840842940449,24.841310804406127,0.0,0.0,0.0,0.0,False,none,0.0,0.0,nominal,0.4844217333556942,0.0,64,reaction_wheel_degradation,2.130370206837421,0.4844217333556942,gradual,0.8533152564232582,0.9824728163784012,1605212107,reaction_wheel_degradation
660.0,11.0,0.18333333333333332,1,612.503850668262,364.8628965095479,-247.64095415871407,94.33384943013219,94.56887134698422,29.77335397720529,29.763650577685514,-8.317536356445093,-8.317079527703445,22.245560721450556,22.305590630626135,24.280243913814516,24.26615385910794,6.534512883262872,18.243144825477398,3371.572412738697,3413.186494062673,3419.441124587742,-0.00036588236096057034,0.15914705902401424,0.15205367185770852,24.765371298209715,24.964006581226663,0.0,0.0,0.0,0.0,False,none,0.0,0.0,nominal,0.4844217333556942,0.0,64,reaction_wheel_degradation,2.130370206837421,0.4844217333556942,gradual,0.8533152564232582,0.9824728163784012,1605212107,reaction_wheel_degradation
720.0,12.0,0.2,1,613.376606858593,361.7557050458495,-251.62090181274357,94.70828529592498,94.78188210053891,29.788331411837,29.8076734452703,-8.446961944056957,-8.430493012081426,22.266447668077678,22.302144165780902,24.302177533008585,24.22936312960759,6.708093286747719,18.087785252292473,3293.8926261462366,3353.5395601044547,3353.6547961704246,-0.0008466969717638359,0.1711674242940959,0.17962273298887357,24.746777531689744,24.739656185932883,0.0,0.0,0.0,0.0,False,none,0.0,0.0,nominal,0.4844217333556942,0.0,64,reaction_wheel_degradation,2.130370206837421,0.4844217333556942,gradual,0.8533152564232582,0.9824728163784012,1605212107,reaction_wheel_degradation
780.0,13.0,0.21666666666666667,1,614.184193564921,358.134732861516,-256.049460703405,95.08931127911457,95.15024025684204,29.803572451164584,29.802169090181973,-8.59123385704722,-8.654107167649277,22.287864795185605,22.308683576851873,24.32357358603067,24.29555400407402,6.904743934917956,17.9067366430758,3203.3683215379,3278.4539408211776,3286.0944200969884,-0.001263373233051744,0.1815843308262936,0.17745654328636004,24.72828196644546,24.611196412901037,0.0,0.0,0.0,0.0,False,none,0.0,0.0,nominal,0.4844217333556942,0.0,64,reaction_wheel_degradation,2.130370206837421,0.4844217333556942,gradual,0.8533152564232582,0.9824728163784012,1605212107,reaction_wheel_degradation
840.0,14.0,0.23333333333333334,1,614.9226763059908,354.15823381635516,-260.7644424896356,95.47735360424795,95.60121654390059,29.819094144169917,29.774002169865128,-8.744881424931515,-8.77158806876599,22.309863726717456,22.35821801289498,24.344400820724058,24.26281750767391,7.1178360908889795,17.70791169081776,3103.9558454088797,3191.2048931150284,3195.5882723313666,-0.0015975369398450977,0.18993842349612744,0.19375555030305344,24.709865507062307,24.723070874893164,0.0,0.0,0.0,0.0,False,none,0.0,0.0,nominal,0.4844217333556942,0.0,64,reaction_wheel_degradation,2.130370206837421,0.4844217333556942,gradual,0.8533152564232582,0.9824728163784012,1605212107,reaction_wheel_degradation
900.0,15.0,0.25,1,615.5884572681198,350.0,-265.5884572681198,95.8725745228017,95.84522793129149,29.83490298091207,29.816153675873327,-8.901938023329231,-8.911218805847547,22.33246974450947,22.028755632603023,24.364645614158267,24.39355755566065,7.33956004569558,17.5,3000.0,3095.602446557514,3098.856168043399,-0.00183450180819848,0.195862545204962,0.19708581744522174,24.691511756280946,24.711431588839684,0.0,0.0,0.0,0.0,False,none,0.0,0.0,nominal,0.4844217333556942,0.0,64,reaction_wheel_degradation,2.130370206837421,0.4844217333556942,gradual,0.8533152564232582,0.9824728163784012,1605212107,reaction_wheel_degradation
960.0,16.0,0.26666666666666666,1,616.178292833385,345.84176618364484,-270.3365266497401,96.27486102079239,96.26737303454617,29.850994440831695,29.866400834372172,-9.056198351635487,-9.042952986084588,22.35567885366486,22.502834305593478,24.384312625863366,24.269666811327166,7.561178286733225,17.292088309182244,2896.0441545911203,2995.8233005743177,2995.8535361867284,-0.0019638704730496467,0.19909676182624117,0.19643922025740307,24.673207665569283,24.713173347740437,0.0,0.0,0.0,0.0,False,none,0.0,0.0,nominal,0.4844217333556942,0.0,64,reaction_wheel_degradation,2.130370206837421,0.4844217333556942,gradual,0.8533152564232582,0.9824728163784012,1605212107,reaction_wheel_degradation
1020.0,17.0,0.2833333333333333,1,616.6893093822022,341.865267138484,-274.82404224371817,96.68382536936933,96.75941603246405,29.867353014774775,29.896953543074567,-9.20148638909408,-9.166668785765848,22.379456074347853,22.3822574995339,24.403424651570308,24.41805646897585,7.7733881414946895,17.0932633569242,2796.6316784621,2896.227489518209,2893.2285531444286,-0.0019799684713490795,0.19949921178372698,0.20600295993301415,24.654944048653153,24.71677477609602,0.0,0.0,0.0,0.0,False,none,0.0,0.0,nominal,0.4844217333556942,0.0,64,reaction_wheel_degradation,2.130370206837421,0.4844217333556942,gradual,0.8533152564232582,0.9824728163784012,1605212107,reaction_wheel_degradation
1080.0,18.0,0.3,1,617.1190172933127,338.2442949541505,-278.8747223391622,97.09881751570738,97.22641788901583,29.883952700628296,29.857554537965495,-9.331922223705668,-9.324399302371472,22.403735277205577,22.33784235973041,24.42202168385316,24.378419165277453,7.966781791143339,16.912214747707527,2706.1073738537634,2801.1674316859862,2798.6636213292913,-0.001882082027516422,0.19705205068791054,0.19911129514493422,24.636715938974486,24.65935716054199,0.0,0.0,0.0,0.0,False,none,0.0,0.0,nominal,0.4844217333556942,0.0,64,reaction_wheel_degradation,2.130370206837421,0.4844217333556942,gradual,0.8533152564232582,0.9824728163784012,1605212107,reaction_wheel_degradation
1140.0,19.0,0.31666666666666665,1,617.465323072968,335.1371034904521,-282.3282195825159,97.51894879484803,97.39073051426787,29.90075795179392,29.912473763103918,-9.44217601566108,-9.446392513941626,22.428420782318536,22.456766740854672,24.44015922073138,24.435134618244554,8.132375032858029,16.756855174522606,2628.427587261303,2714.797509473645,2715.189868194397,-0.0016744841409544729,0.19186210352386182,0.19805273901443585,24.618522775982953,24.58788997691988,0.0,0.0,0.0,0.0,False,none,0.0,0.0,nominal,0.4844217333556942,0.0,64,reaction_wheel_degradation,2.130370206837421,0.4844217333556942,gradual,0.8533152564232582,0.9824728163784012,1605212107,reaction_wheel_degradation
1200.0,20.0,0.3333333333333333,1,617.7265395542198,332.6794919243112,-285.0470476299086,97.9431259490592,98.06247196444905,29.917725037962366,29.93539175938889,-9.527697953912426,-9.545972556664864,22.453390798504888,22.42599497388252,24.45790589615796,24.357146065541173,8.262162264078963,16.633974596215563,2566.9872981077806,2640.8924037907127,2631.2930224536212,-0.0013662452815192232,0.18415613203798056,0.18069260409520116,24.60036841001693,24.566056026805356,0.0,0.0,0.0,0.0,False,none,0.0,0.0,nominal,0.4844217333556942,0.0,64,reaction_wheel_degradation,2.130370206837421,0.4844217333556942,gradual,0.8533152564232582,0.9824728163784012,1605212107,reaction_wheel_degradation
1260.0,21.0,0.35,1,617.9013941166289,330.9788696740969,-286.922524442532,98.3700939913844,98.34374196663099,29.934803759655377,29.905998616957454,-9.584914160327042,-9.644903384049817,22.47850260823675,22.42427940527907,24.475340535956107,24.47697545079318,8.349646356867026,16.548943483704846,2524.4717418524233,2582.682072821568,2585.2011394432707,-0.0009708356894861285,0.1742708922371532,0.18066742304012498,24.58226092137587,24.497343069893294,0.0,0.0,0.0,0.0,False,none,0.0,0.0,nominal,0.4844217333556942,0.0,64,reaction_wheel_degradation,2.130370206837421,0.4844217333556942,gradual,0.8533152564232582,0.9824728163784012,1605212107,reaction_wheel_degradation
1320.0,22.0,0.36666666666666664,1,617.9890348863438,330.1095620926345,-287.8794727937093,98.79848606399409,98.78002755261211,29.951939442559762,29.921604099417287,-9.611380035866768,-9.627651892975473,22.503599226239025,22.360784020186166,24.49254876787772,24.566818479225585,8.39029009550866,16.505478104631727,2502.7390523158633,2542.710562568716,2536.0378870910026,-0.0005055360229247973,0.16263840057311993,0.16975292791997923,24.564212256047483,24.584592854625676,0.0,0.0,0.0,0.0,False,none,0.0,0.0,nominal,0.4844217333556942,0.0,64,reaction_wheel_degradation,2.130370206837421,0.4844217333556942,gradual,0.8533152564232582,0.9824728163784012,1605212107,reaction_wheel_degradation
1380.0,23.0,0.38333333333333336,1,617.9890348863438,330.1095620926345,-287.8794727937093,99.22687813660377,99.63869297774902,29.96907512546415,29.946367013511903,-9.605884452173287,-9.557470828500819,22.52851710184386,22.481298464381414,24.509619333943963,24.407549025285967,8.38184128868036,16.505478104631727,2502.7390523158633,2522.7248074422896,2525.317233301154,9.318209224527915e-06,0.1502329552306132,0.14778912093728544,24.54623894625931,24.54647397647619,0.0,0.0,0.0,0.0,False,none,0.0,0.0,nominal,0.4844217333556942,0.0,64,reaction_wheel_degradation,2.130370206837421,0.4844217333556942,gradual,0.8533152564232582,0.9824728163784012,1605212107,reaction_wheel_degradation
1440.0,24.0,0.4,1,617.9013941166289,330.9788696740969,-286.922524442532,99.65384617892896,99.67220033261789,29.98615384715716,29.942621282890784,-9.568500378708412,-9.568645566936302,22.553094319098754,22.482956442646554,24.52664026623982,24.51894507300687,8.324495959787441,16.548943483704846,2524.4717418524233,2523.5982746473564,2523.6565096293616,0.0005512255660942137,0.16378063915235533,0.1633759769140189,24.528430792650212,24.630691583998235,0.0,0.0,0.0,0.0,False,none,0.0,0.0,nominal,0.4844217333556942,0.0,64,reaction_wheel_degradation,2.130370206837421,0.4844217333556942,gradual,0.8533152564232582,0.9824728163784012,1605212107,reaction_wheel_degradation
1500.0,25.0,0.4166666666666667,1,617.7265395542198,332.6794919243112,-285.0470476299086,100.0,100.0,30.0,29.992160057935195,-9.501568254330287,-9.485413001876267,22.577183699661948,22.459359300982257,24.543695093302333,24.642627878265074,8.222383943335767,16.633974596215563,2566.9872981077806,2545.2927863775685,2545.2973155546138,0.0010965021756400308,0.17741255439100076,0.18146154177923074,24.510807428556266,24.405254307189,0.0,0.0,0.0,0.0,False,none,0.0,0.0,nominal,0.4844217333556942,0.0,64,reaction_wheel_degradation,2.130370206837421,0.4844217333556942,gradual,0.8533152564232582,0.9824728163784012,1605212107,reaction_wheel_degradation
1560.0,26.0,0.43333333333333335,1,617.465323072968,335.1371034904521,-282.3282195825159,100.0,100.0,30.0,30.034139838178223,-9.41094065275053,-9.446602505499193,22.600671478522536,22.541748666196987,24.56085924290496,24.570008585869093,8.085264317567404,16.756855174522606,2628.4275872613025,2586.8601868194355,2589.6320088312873,0.0016213168734028807,0.190532921835072,0.1863950895260893,24.493386174654585,24.606535898448666,0.0,0.0,0.0,0.0,False,none,0.0,0.0,nominal,0.4844217333556942,0.0,64,reaction_wheel_degradation,2.130370206837421,0.4844217333556942,gradual,0.8533152564232582,0.9824728163784012,1605212107,reaction_wheel_degradation
1620.0,27.0,0.45,1,617.1190172933127,338.2442949541505,-278.8747223391622,100.0,100.0,30.0,30.007626018913633,-9.295824077972073,-9.306952771284875,22.623444075061695,22.622273702919667,24.578196798457135,24.6102102854941,7.912987623088427,16.912214747707527,2706.107373853763,2646.483780336599,2662.259437653298,0.002102732758702936,0.20256831896757338,0.20905869669172625,24.47618121926103,24.538639178350824,0.0,0.0,0.0,0.0,False,none,0.0,0.0,nominal,0.4844217333556942,0.0,64,reaction_wheel_degradation,2.130370206837421,0.4844217333556942,gradual,0.8533152564232582,0.9824728163784012,1605212107,reaction_wheel_degradation
1680.0,28.0,0.4666666666666667,1,616.6893093822022,341.865267138484,-274.82404224371817,100.0,100.0,30.0,29.956019262443128,-9.16080140812394,-9.168582308613697,22.645415485928414,22.560288664254504,24.595757750783328,24.580936384358274,7.713622595126845,17.0932633569242,2796.6316784621,2721.5577293993497,2724.1148833229618,0.0025197096572392597,0.21299274143098149,0.21714180574693714,24.4592029266538,24.454337533757336,0.0,0.0,0.0,0.0,False,none,0.0,0.0,nominal,0.4844217333556942,0.0,64,reaction_wheel_degradation,2.130370206837421,0.4844217333556942,gradual,0.8533152564232582,0.9824728163784012,1605212107,reaction_wheel_degradation
1740.0,29.0,0.48333333333333334,1,616.178292833385,345.8417661836448,-270.33652664974016,100.0,100.0,30.0,29.98619819698633,-9.011217554991338,-9.084054889757933,22.666530204165745,22.61147148348356,24.613575865395426,24.529769663058918,7.496163345870727,17.29208830918224,2896.04415459112,2808.800941995234,2814.6755704284965,0.0028540236826568068,0.22135059206642016,0.21762292684448378,24.442457308702856,24.404000503930543,0.0,0.0,0.0,0.0,False,none,0.0,0.0,nominal,0.4844217333556942,0.0,64,reaction_wheel_degradation,2.130370206837421,0.4844217333556942,gradual,0.8533152564232582,0.9824728163784012,1605212107,reaction_wheel_degradation
1800.0,30.0,0.5,1,615.5884572681198,350.0,-265.5884572681198,100.0,100.0,30.0,30.0640420376842,-8.852948575603993,-8.810178334802695,22.68676427586936,22.74987154045423,24.631667258472262,24.764242851425728,7.269975878583101,17.5,3000.0,2904.4004709976166,2895.274831799284,0.003091063710322311,0.22727659275805778,0.22076810279158976,24.42594568866376,24.503970041583226,0.0,0.0,0.0,0.0,False,none,0.0,0.0,nominal,0.4844217333556942,0.0,64,reaction_wheel_degradation,2.130370206837421,0.4844217333556942,gradual,0.8533152564232582,0.9824728163784012,1605212107,reaction_wheel_degradation
1860.0,31.0,0.5166666666666667,1,614.9226763059908,354.15823381635516,-260.7644424896356,100.0,100.0,30.0,30.019964478271927,-8.692148082987853,-8.725195242601123,22.706124607093237,22.696537682919654,24.65002974378612,24.78899522966748,7.044275063727152,17.70791169081776,3103.955845408879,3004.178158203248,2999.8869206182812,0.0032204699548295168,0.23051174887073791,0.22691102143129105,24.409664577314476,24.527351054094552,0.0,0.0,0.0,0.0,False,none,0.0,0.0,nominal,0.4844217333556942,0.0,64,reaction_wheel_degradation,2.130370206837421,0.4844217333556942,gradual,0.8533152564232582,0.9824728163784012,1605212107,reaction_wheel_degradation
1920.0,32.0,0.5333333333333333,1,614.184193564921,358.134732861516,-256.049460703405,100.0,100.0,30.0,29.99893013448954,-8.534982023446833,-8.518760824280452,22.724646770954827,22.640683631819204,24.668642979121984,24.55143231668923,6.827673451244848,17.9067366430758,3203.3683215378996,3103.773239870574,3111.340429482468,0.0032365867429569625,0.23091466857392406,0.22315402418062297,24.39360577110314,24.386253534803092,0.0,0.0,0.0,0.0,False,none,0.0,0.0,nominal,0.4844217333556942,0.0,64,reaction_wheel_degradation,2.130370206837421,0.4844217333556942,gradual,0.8533152564232582,0.9824728163784012,1605212107,reaction_wheel_degradation
1980.0,33.0,0.55,1,613.376606858593,361.7557050458495,-251.62090181274357,100.0,99.93346507974944,30.0,29.9987993331213,-8.387363393758118,-8.374784339497026,22.74239165424882,22.583965800877067,24.687469405793593,24.786032970427847,6.627829175916296,18.087785252292473,3293.8926261462366,3198.832933008405,3197.3193747458495,0.0031387096940383224,0.22846774235095807,0.2305879913836458,24.377756670305367,24.21090233826494,0.0,0.0,0.0,0.0,False,none,0.0,0.0,nominal,0.4844217333556942,0.0,64,reaction_wheel_degradation,2.130370206837421,0.4844217333556942,gradual,0.8533152564232582,0.9824728163784012,1605212107,reaction_wheel_degradation
2040.0,34.0,0.5666666666666667,1,612.503850668262,364.8628965095479,-247.64095415871407,100.0,100.0,30.0,30.03998816530934,-8.254698471957136,-8.337602977398976,22.75944131682011,22.579144332834247,24.7064559401982,24.66913857397226,6.4512037490345175,18.243144825477398,3371.572412738697,3285.2026728735514,3285.417812066197,0.002931116504933392,0.2232779126233348,0.22972400798327192,24.36210080321205,24.428044095222326,0.0,0.0,0.0,0.0,False,none,0.0,0.0,nominal,0.4844217333556942,0.0,64,reaction_wheel_degradation,2.130370206837421,0.4844217333556942,gradual,0.8533152564232582,0.9824728163784012,1605212107,reaction_wheel_degradation
2100.0,35.0,0.5833333333333334,1,611.5701769743577,367.3205080756888,-244.24966889866886,100.0,99.6971061760636,30.0,29.98629627378708,-8.141655629955629,-8.145892925888658,22.775894417291664,22.82900556596758,24.725536343484183,24.829617999907953,6.302924511743055,18.36602540378444,3433.0127018922194,3359.1076873828856,3352.295056895662,0.002622879994226634,0.21557199985566583,0.21064712046559778,24.346618531014,24.18580010055176,0.0,0.0,0.0,0.0,False,none,0.0,0.0,nominal,0.4844217333556942,0.0,64,reaction_wheel_degradation,2.130370206837421,0.4844217333556942,gradual,0.8533152564232582,0.9824728163784012,1605212107,reaction_wheel_degradation
2160.0,36.0,0.6,1,610.5801345412646,369.0211303259031,-241.55900421536148,100.0,100.0,30.0,29.99831691684872,-8.051966807178717,-8.06141425898052,22.79186149597829,22.728601078580052,24.7446341657689,24.730246747783266,6.1867335571126265,18.451056516295154,3475.5282581475767,3417.3179727652314,3411.168779128682,0.0022274715765577893,0.20568678941394472,0.21102693694859606,24.3312878982213,24.33398420910539,0.0,0.0,0.0,0.0,False,none,0.0,0.0,nominal,0.4844217333556942,0.0,64,reaction_wheel_degradation,2.130370206837421,0.4844217333556942,gradual,0.8533152564232582,0.9824728163784012,1605212107,reaction_wheel_degradation
2220.0,37.0,0.6166666666666667,1,609.5385467561977,369.8904379073655,-239.64810884883218,100.0,100.0,30.0,29.983394242403765,-7.988270294961072,-7.9667792901599315,22.807460316950515,22.786135094729502,24.763666136233486,24.80133228033882,6.104996984428596,18.494521895368276,3497.2609476841367,3457.289460224684,3453.6011995554495,0.0017621724971785863,0.19405431242946464,0.19218869617665307,24.316085585916294,24.34826896681778,0.0,0.0,0.0,0.0,False,none,0.0,0.0,nominal,0.4844217333556942,0.0,64,reaction_wheel_degradation,2.130370206837421,0.4844217333556942,gradual,0.8533152564232582,0.9824728163784012,1605212107,reaction_wheel_degradation
2280.0,38.0,0.6333333333333333,1,608.450488130146,369.8904379073655,-238.56005022278055,100.0,100.0,30.0,29.98443075603565,-7.952001674092685,-7.9987226343198445,22.82281137654875,22.68918697268553,24.782545850934355,24.773380335291655,6.05874644998183,18.494521895368276,3497.2609476841367,3477.2752039544102,3475.960677133523,0.0012473185586203252,0.18118296396550812,0.1816604952407635,24.300987920422497,24.33906034216523,0.0,0.0,0.0,0.0,False,none,0.0,0.0,nominal,0.4844217333556942,0.0,64,reaction_wheel_degradation,2.130370206837421,0.4844217333556942,gradual,0.8533152564232582,0.9824728163784012,1605212107,reaction_wheel_degradation
2340.0,39.0,0.65,1,607.3212595753644,369.0211303259031,-238.3001292494613,100.0,100.0,30.0,30.061979162812708,-7.94333764164871,-7.921653403905026,22.83803360505992,22.686075670767345,24.80118759715947,24.711365229491168,6.047729031138663,18.451056516295154,3475.5282581475767,3476.401731050993,3484.031940087731,0.0007054113485461749,0.16763528371365435,0.16615817224482737,24.285971888322834,24.25150185562157,0.0,0.0,0.0,0.0,False,none,0.0,0.0,nominal,0.4844217333556942,0.0,64,reaction_wheel_degradation,2.130370206837421,0.4844217333556942,gradual,0.8533152564232582,0.9824728163784012,1605212107,reaction_wheel_degradation
2400.0,40.0,0.6666666666666666,1,606.156362579862,367.3205080756888,-238.83585450417326,100.0,100.0,30.0,30.038671080691365,-7.961195150139108,-7.969993466544598,22.853240237621186,22.799684095510216,24.819510147189764,24.76975421848969,6.0704502574878765,18.36602540378444,3433.0127018922194,3454.7072164716064,3459.0820806107663,0.00016013481239812548,0.15400337030995312,0.15506277453817632,24.27101611011691,24.25303577130115,0.0,0.0,0.0,0.0,False,none,0.0,0.0,nominal,0.4844217333556942,0.0,64,reaction_wheel_degradation,2.130370206837421,0.4844217333556942,gradual,0.8533152564232582,0.9824728163784012,1605212107,reaction_wheel_degradation
2460.0,41.0,0.6833333333333333,1,604.961472404706,364.8628965095479,-240.0985758951581,100.0,99.97940491451489,30.0,30.015356465486317,-8.003285863171936,-7.9880069900508435,22.8685348187575,22.78738676767041,24.8374403556632,24.887680568188532,6.1242067686118205,18.243144825477398,3371.5724127386975,3413.1398146051515,3409.64081031207,-0.0003646798486658404,0.15911699621664602,0.16138110513232448,24.256150960607094,24.309606457012993,0.0,0.0,0.0,0.0,False,none,0.0,0.0,nominal,0.4844217333556942,0.0,64,reaction_wheel_degradation,2.130370206837421,0.4844217333556942,gradual,0.8533152564232582,0.9824728163784012,1605212107,reaction_wheel_degradation
2520.0,42.0,0.7,1,603.7424104347197,361.7557050458495,-241.98670538887018,100.0,99.98437955040595,30.0,30.05286696197363,-8.06622351296234,-8.005052696782519,22.884007332981238,22.855141957944976,24.85491640332248,24.760857229872098,6.205116940885321,18.087785252292473,3293.8926261462366,3353.5162203756936,3361.6816683807388,-0.000846095715616464,0.1711523928904116,0.17252251603519464,24.241376261455354,24.167304041499083,0.0,0.0,0.0,0.0,False,none,0.0,0.0,nominal,0.4844217333556942,0.0,64,reaction_wheel_degradation,2.130370206837421,0.4844217333556942,gradual,0.8533152564232582,0.9824728163784012,1605212107,reaction_wheel_degradation
2580.0,43.0,0.7166666666666667,1,602.5051158172811,358.134732861516,-244.37038295576508,100.0,99.94078714847063,30.0,30.015598734976304,-8.145679431858836,-8.189015973041162,22.89973051389178,22.900688070254592,24.87189054538205,24.951707944130085,6.308167472528647,17.9067366430758,3203.3683215379006,3278.442270956797,3265.4595622830902,-0.0012630726049780512,0.18157681512445129,0.1862989251360248,24.226671162148925,24.197605472974367,0.0,0.0,0.0,0.0,False,none,0.0,0.0,nominal,0.4844217333556942,0.0,64,reaction_wheel_degradation,2.130370206837421,0.4844217333556942,gradual,0.8533152564232582,0.9824728163784012,1605212107,reaction_wheel_degradation
2640.0,44.0,0.7333333333333333,1,601.2556165273943,354.1582338163552,-247.09738271103907,100.0,99.99180043395454,30.0,30.033395862827494,-8.236579423701302,-8.269519698121792,22.91575646163588,22.943253040669333,24.88833124440063,24.90515830242951,6.427299248235174,17.707911690817763,3103.9558454088806,3191.1990581828386,3184.4923974872195,-0.00159738662580824,0.189934665645206,0.19778898220817698,24.212016761677877,24.166128653473375,0.0,0.0,0.0,0.0,False,none,0.0,0.0,nominal,0.4844217333556942,0.0,64,reaction_wheel_degradation,2.130370206837421,0.4844217333556942,gradual,0.8533152564232582,0.9824728163784012,1605212107,reaction_wheel_degradation
2700.0,45.0,0.75,1,600.0,350.0,-250.0,100.0,99.92503130397148,30.0,30.02745131130354,-8.333333333333334,-8.348295775612542,22.932113774717916,22.853899485309544,24.904224594445424,24.90497721611644,6.555555555555556,17.5,3000.0,3095.5995290914193,3093.7631941990967,-0.0018344266511800618,0.19586066627950155,0.20265345030051082,24.197396865360076,24.251842863738823,0.0,0.0,0.0,0.0,False,none,0.0,0.0,nominal,0.4844217333556942,0.0,64,reaction_wheel_degradation,2.130370206837421,0.4844217333556942,gradual,0.8533152564232582,0.9824728163784012,1605212107,reaction_wheel_degradation
2760.0,46.0,0.7666666666666667,1,598.7443834726058,345.8417661836448,-252.90261728896104,100.0,100.0,30.0,29.964176240403226,-8.430087242965367,-8.412136901703297,22.948805457649343,22.65243849098288,24.919574974308226,24.94426171677922,6.685309673920594,17.29208830918224,2896.04415459112,2995.82184184127,2998.934232845007,-0.001963832894540448,0.1990958223635112,0.19772483236603602,24.182798630783033,24.110913642217234,0.0,0.0,0.0,0.0,False,none,0.0,0.0,nominal,0.4844217333556942,0.0,64,reaction_wheel_degradation,2.130370206837421,0.4844217333556942,gradual,0.8533152564232582,0.9824728163784012,1605212107,reaction_wheel_degradation
2820.0,47.0,0.7833333333333333,1,597.4948841827188,341.865267138484,-255.6296170442348,100.0,99.92860459218583,30.0,30.03695684259003,-8.520987234807826,-8.524745244983093,22.96580788449165,22.850363549310675,24.93440490122761,24.933928904224484,6.808577876460634,17.0932633569242,2796.6316784621,2896.226760151685,2893.3359755681854,-0.001979949682094466,0.19949874205236165,0.20347243713941926,24.16821307888662,24.26104809907481,0.0,0.0,0.0,0.0,False,none,0.0,0.0,nominal,0.4844217333556942,0.0,64,reaction_wheel_degradation,2.130370206837421,0.4844217333556942,gradual,0.8533152564232582,0.9824728163784012,1605212107,reaction_wheel_degradation
2880.0,48.0,0.8,1,596.2575895652803,338.2442949541505,-258.0132946111298,100.0,100.0,30.0,29.958507302685774,-8.600443153704328,-8.632929618089062,22.983071069835393,22.823676284389776,24.9487540915132,25.013882156638466,6.917409795207972,16.912214747707527,2706.1073738537634,2801.1670670027247,2802.9680883136843,-0.0018820726328891155,0.1970518158222279,0.19302658396926758,24.153635450138335,24.16180372731546,0.0,0.0,0.0,0.0,False,none,0.0,0.0,nominal,0.4844217333556942,0.0,64,reaction_wheel_degradation,2.130370206837421,0.4844217333556942,gradual,0.8533152564232582,0.9824728163784012,1605212107,reaction_wheel_degradation
2940.0,49.0,0.8166666666666667,1,595.038527595294,335.13710349045215,-259.90142410484185,100.0,99.85804422187289,30.0,30.02458383362256,-8.663380803494729,-8.68261858531917,23.000520421268742,22.842955688227608,24.962677769130142,25.051777222618973,7.004333355708877,16.75685517452261,2628.4275872613034,2714.797327132014,2716.113982041008,-0.0016744794436408194,0.19186198609102048,0.19170157225107204,24.139065390160642,24.19517930850958,0.0,0.0,0.0,0.0,False,none,0.0,0.0,nominal,0.4844217333556942,0.0,64,reaction_wheel_degradation,2.130370206837421,0.4844217333556942,gradual,0.8533152564232582,0.9824728163784012,1605212107,reaction_wheel_degradation
3000.0,50.0,0.8333333333333334,1,593.843637420138,332.6794919243112,-261.16414549582674,100.0,100.0,30.0,30.004396512797875,-8.705471516527558,-8.694329669514444,23.01806002789448,23.060863775473365,24.976244296169533,24.947355661276703,7.06281874600581,16.633974596215563,2566.9872981077806,2640.8923126198974,2642.93437489004,-0.0013662429328623966,0.18415607332155992,0.1911846742818625,24.124506954273727,24.2267893876774,0.0,0.0,0.0,0.0,False,none,0.0,0.0,nominal,0.4844217333556942,0.0,64,reaction_wheel_degradation,2.130370206837421,0.4844217333556942,gradual,0.8533152564232582,0.9824728163784012,1605212107,reaction_wheel_degradation
3060.0,51.0,0.85,1,592.6787404246356,330.9788696740969,-261.6998707505387,100.0,100.0,30.0,29.996216431785488,-8.723329025017957,-8.703771804625646,23.035577392868106,23.22250948093715,24.989532228767587,25.06341988603845,7.08771754229766,16.548943483704846,2524.4717418524233,2582.6820272361606,2584.8047174836584,-0.0009708345151577116,0.17427086287894278,0.17333250834114916,24.109968426400112,24.14702533951465,0.0,0.0,0.0,0.0,False,none,0.0,0.0,nominal,0.4844217333556942,0.0,64,reaction_wheel_degradation,2.130370206837421,0.4844217333556942,gradual,0.8533152564232582,0.9824728163784012,1605212107,reaction_wheel_degradation
3120.0,52.0,0.8666666666666667,1,591.549511869854,330.1095620926345,-261.43994977721945,100.0,99.85578448767093,30.0,29.99894524337661,-8.714664992573981,-8.671319468891836,23.05294936475964,23.114758937274168,25.00262692714671,25.044958754452896,7.075630874623557,16.505478104631727,2502.7390523158633,2542.710539776012,2542.3207464013476,-0.0005055354357605888,0.16263838589401472,0.1606117814618657,24.09546195471232,24.05861657429177,0.0,0.0,0.0,0.0,False,none,0.0,0.0,nominal,0.4844217333556942,0.0,64,reaction_wheel_degradation,2.130370206837421,0.4844217333556942,gradual,0.8533152564232582,0.9824728163784012,1605212107,reaction_wheel_degradation
3180.0,53.0,0.8833333333333333,1,590.4614532438023,330.1095620926345,-260.3518911511678,100.0,99.95242926411971,30.0,29.95856806074113,-8.678396371705594,-8.728120465303718,23.070048885526933,23.068733167802236,25.0156168679388,24.945842257411734,7.025165086754626,16.505478104631727,2502.7390523158633,2522.724796045938,2515.3520878042646,9.318502806628603e-06,0.15023296257016572,0.14816788057437696,24.081004272189787,23.982119316417638,0.0,0.0,0.0,0.0,False,none,0.0,0.0,nominal,0.4844217333556942,0.0,64,reaction_wheel_degradation,2.130370206837421,0.4844217333556942,gradual,0.8533152564232582,0.9824728163784012,1605212107,reaction_wheel_degradation
3240.0,54.0,0.9,1,589.4198654587356,330.9788696740969,-258.44099578463863,100.0,100.0,30.0,30.03467665712603,-8.614699859487954,-8.588623010456693,23.086752073192187,22.927551987872477,25.0285898199627,25.03230832631505,6.937044293524942,16.548943483704846,2524.471741852423,2523.5982689491807,2522.992147169799,0.0005512257128852536,0.16378064282213134,0.16890254358675566,24.06668537863993,24.166909590564376,0.0,0.0,0.0,0.0,False,none,0.0,0.0,nominal,0.4844217333556942,0.0,64,reaction_wheel_degradation,2.130370206837421,0.4844217333556942,gradual,0.8533152564232582,0.9824728163784012,1605212107,reaction_wheel_degradation
3300.0,55.0,0.9166666666666666,1,588.4298230256423,332.67949192431126,-255.75033110133108,100.0,100.0,30.0,30.00749907894032,-8.525011036711037,-8.533458714660062,23.102945110933312,23.15458533753107,25.04162905059543,25.209984291001238,6.814065054083598,16.633974596215563,2566.987298107781,2545.292783528481,2550.460863321692,0.0010965022490355618,0.17741255622588903,0.1840626122359378,24.05252510515335,24.046359910628876,0.0,0.0,0.0,0.0,False,none,0.0,0.0,nominal,0.4844217333556942,0.0,64,reaction_wheel_degradation,2.130370206837421,0.4844217333556942,gradual,0.8533152564232582,0.9824728163784012,1605212107,reaction_wheel_degradation
3360.0,56.0,0.9333333333333333,0,0.0,335.1371034904521,335.1371034904521,99.50128407218682,99.3248845814219,29.980051362887473,29.915479274535674,11.178670090783127,11.196989519146182,23.114984150934,23.278638601009924,25.03880972853971,25.133355936446723,10.99701319988554,16.756855174522606,2628.427587261303,2586.860185394892,2577.8255554993766,0.001621316910100646,0.19053292275251615,0.18452771011163926,24.03854096867853,23.961254188057737,0.0,0.0,0.0,0.0,False,none,0.0,0.0,nominal,0.4844217333556942,0.0,64,reaction_wheel_degradation,2.130370206837421,0.4844217333556942,gradual,0.8533152564232582,0.9824728163784012,1605212107,reaction_wheel_degradation
3420.0,57.0,0.95,0,0.0,338.2442949541505,338.2442949541505,98.99794434755268,99.03455838228419,29.959917773902106,29.957192530328605,11.289893967893095,11.304415300512701,23.127617367576732,23.191513914338405,25.03632368020681,25.208045045460217,11.19693646450151,16.912214747707527,2706.1073738537634,2646.4837796243282,2645.242566424803,0.0021027327770518148,0.20256831942629536,0.19844085480553567,24.024747352330543,24.067222559143655,0.0,0.0,0.0,0.0,False,none,0.0,0.0,nominal,0.4844217333556942,0.0,64,reaction_wheel_degradation,2.130370206837421,0.4844217333556942,gradual,0.8533152564232582,0.9824728163784012,1605212107,reaction_wheel_degradation
3480.0,58.0,0.9666666666666667,0,0.0,341.865267138484,341.865267138484,98.48921627145373,98.67810412521803,29.93956865085815,29.940617234195177,11.41851010364123,11.38352401083435,23.140953629501126,23.117729658219435,25.034219617479003,24.970971543783655,11.430589838956548,17.0932633569242,2796.6316784620994,2721.5577290432134,2721.276049576905,0.0025197096664136814,0.21299274166034204,0.22920628269341234,24.011154813725696,24.04599340695285,0.0,0.0,0.0,0.0,False,none,0.0,0.0,nominal,0.4844217333556942,0.0,64,reaction_wheel_degradation,2.130370206837421,0.4844217333556942,gradual,0.8533152564232582,0.9824728163784012,1605212107,reaction_wheel_degradation
3540.0,59.0,0.9833333333333333,0,0.0,345.84176618364484,345.84176618364484,97.9745707860614,97.65921101429656,29.918982831442456,29.884844506825615,11.55927553192727,11.575025048109218,23.15507240127692,23.187545078881346,25.032530037157535,25.047211466364672,11.689348065840997,17.292088309182244,2896.0441545911203,2808.8009418171673,2814.2856552520325,0.002854023687244039,0.22135059218110098,0.22767098328037674,23.997769556621925,24.070225312735175,0.0,0.0,0.0,0.0,False,none,0.0,0.0,nominal,0.4844217333556942,0.0,64,reaction_wheel_degradation,2.130370206837421,0.4844217333556942,gradual,0.8533152564232582,0.9824728163784012,1605212107,reaction_wheel_degradation
3600.0,60.0,1.0,0,0.0,350.0,350.0,97.45373745272806,97.43584006682893,29.898149498109124,29.84486727417384,11.706410124885334,11.649953719226094,23.170019310339132,23.06402119437059,25.031269796860276,25.015327854570053,11.96320304096143,17.5,2999.9999999999995,2904.4004709085834,2906.5739312411993,0.0030910637126159027,0.22727659281539755,0.2302531156657047,23.984593094723543,24.011570854872108,0.0,0.0,0.0,0.0,False,none,0.0,0.0,nominal,0.4844217333556942,0.0,64,reaction_wheel_degradation,2.130370206837421,0.4844217333556942,gradual,0.8533152564232582,0.9824728163784012,1605212107,reaction_wheel_degradation
3660.0,61.0,1.0166666666666666,0,0.0,354.15823381635516,354.15823381635516,96.92671627145373,96.79774313638151,29.87706865085815,29.87646551023119,11.853848111909159,11.825670680353433,23.185802851826487,23.054752597492307,25.03043546186703,24.927119640012894,12.241097204816986,17.70791169081776,3103.955845408879,3004.1781581587315,3006.985154099212,0.003220469955976316,0.2305117488994079,0.2205738092736384,23.971622127828866,23.95510015305082,0.0,0.0,0.0,0.0,False,none,0.0,0.0,nominal,0.4844217333556942,0.0,64,reaction_wheel_degradation,2.130370206837421,0.4844217333556942,gradual,0.8533152564232582,0.9824728163784012,1605212107,reaction_wheel_degradation
3720.0,62.0,1.0333333333333334,0,0.0,358.134732861516,358.134732861516,96.39377768088599,96.65775237454261,29.85575110723544,29.92756111062833,11.9955023598359,11.996728297427545,23.20239258854615,23.281673599130198,25.030005451458244,25.100691865418305,12.511366149186292,17.9067366430758,3203.368321537899,3103.7732398483154,3101.0285019297444,0.0032365867435303623,0.23091466858825904,0.2368342459167588,23.958848639988698,23.86017447751572,0.0,0.0,0.0,0.0,False,none,0.0,0.0,nominal,0.4844217333556942,0.0,64,reaction_wheel_degradation,2.130370206837421,0.4844217333556942,gradual,0.8533152564232582,0.9824728163784012,1605212107,reaction_wheel_degradation
3780.0,63.0,1.05,0,0.0,361.7557050458495,361.7557050458495,95.85545073885348,96.01907026580275,29.83421802955414,29.841613891955234,12.125529976602365,12.143367964735999,23.2197191602718,23.134613696718713,25.029940978351163,25.117276208864794,12.762278177078606,18.087785252292473,3293.8926261462366,3198.8329329972757,3201.891907811409,0.0031387096943250254,0.22846774235812561,0.23103005466513976,23.946260217674297,24.051265485527388,0.0,0.0,0.0,0.0,False,none,0.0,0.0,nominal,0.4844217333556942,0.0,64,reaction_wheel_degradation,2.130370206837421,0.4844217333556942,gradual,0.8533152564232582,0.9824728163784012,1605212107,reaction_wheel_degradation
3840.0,64.0,1.0666666666666667,0,0.0,364.86289650954785,364.86289650954785,95.31249999999997,95.68040629792472,29.8125,29.812875983357834,12.238587723590703,12.256824155569392,23.237676319834975,23.246679866667726,25.030187740175307,25.09474093180846,12.982642357442005,18.243144825477394,3371.5724127386966,3285.202672867986,3292.1400593853214,0.0029311165050767297,0.22327791262691823,0.21848277018896747,23.933840573975722,24.01159361116963,0.0,0.0,0.0,0.0,False,none,0.0,0.0,nominal,0.4844217333556942,0.0,64,reaction_wheel_degradation,2.130370206837421,0.4844217333556942,gradual,0.8533152564232582,0.9824728163784012,1605212107,reaction_wheel_degradation
3900.0,65.0,1.0833333333333333,0,0.0,367.3205080756888,367.3205080756888,94.76589210107781,95.04484461537487,29.790635684043114,29.78060566640094,12.330066131231911,12.345587442479543,23.256125070129446,23.219815372577152,25.030678289061473,24.986161305445915,13.162442464044181,18.36602540378444,3433.0127018922194,3359.107687380103,3350.1133936403353,0.0026228799942983206,0.215571999857458,0.20912052731097597,23.92157025349694,23.94566542524133,0.0,0.0,0.0,0.0,False,none,0.0,0.0,nominal,0.4844217333556942,0.0,64,reaction_wheel_degradation,2.130370206837421,0.4844217333556942,gradual,0.8533152564232582,0.9824728163784012,1605212107,reaction_wheel_degradation
3960.0,66.0,1.1,0,0.0,369.0211303259031,369.0211303259031,94.21675351428333,94.3343379628531,29.768670140571334,29.747090557315317,12.396292094451642,12.407177244691383,23.27489980175959,23.19047381198288,25.031334975781572,25.04307483154965,13.293444615277142,18.451056516295154,3475.5282581475767,3417.31797276384,3415.8276424299283,0.0022274715765936287,0.2056867894148407,0.20643594136290708,23.909427482785624,23.875865500861053,0.0,0.0,0.0,0.0,False,none,0.0,0.0,nominal,0.4844217333556942,0.0,64,reaction_wheel_degradation,2.130370206837421,0.4844217333556942,gradual,0.8533152564232582,0.9824728163784012,1605212107,reaction_wheel_degradation
4020.0,67.0,1.1166666666666667,0,0.0,369.8904379073655,369.8904379073655,93.6663213150164,93.73839500231755,29.746652852600654,29.75756778458212,12.434691047097997,12.443663253547903,23.293816147332176,23.344521584793018,25.032073339766058,24.98761770508448,13.369723314942329,18.494521895368276,3497.2609476841367,3457.2894602239876,3459.374932425684,0.001762172497196506,0.19405431242991264,0.19895116370361365,23.897389123596383,23.817093534721725,0.0,0.0,0.0,0.0,False,none,0.0,0.0,nominal,0.4844217333556942,0.0,64,reaction_wheel_degradation,2.130370206837421,0.4844217333556942,gradual,0.8533152564232582,0.9824728163784012,1605212107,reaction_wheel_degradation
4080.0,68.0,1.1333333333333333,0,0.0,369.8904379073655,369.8904379073655,93.11588911574948,92.96531354690542,29.724635564629978,29.687589924724104,12.443901527509611,12.419238192144682,23.312680099841877,23.152767198580577,25.032805796838666,24.870865001487655,13.388054818108483,18.494521895368276,3497.2609476841367,3477.2752039540624,3473.227011782911,0.0012473185586292885,0.18118296396573222,0.17672523531648948,23.885431681569983,23.99531009336583,0.0,0.0,0.0,0.0,False,none,0.0,0.0,nominal,0.4844217333556942,0.0,64,reaction_wheel_degradation,2.130370206837421,0.4844217333556942,gradual,0.8533152564232582,0.9824728163784012,1605212107,reaction_wheel_degradation
4140.0,69.0,1.15,0,0.0,369.0211303259031,369.0211303259031,92.56675052895498,92.36610118381239,29.702670021158198,29.745543234523147,12.42383698378082,12.417329574239021,23.33129781268271,23.388584200050595,25.033445463496548,25.128879366971606,13.348138031964808,18.451056516295154,3475.5282581475767,3476.4017310508193,3477.0439480596992,0.0007054113485506565,0.1676352837137664,0.16775730058151145,23.873532321261713,24.034032266259192,0.0,0.0,0.0,0.0,False,none,0.0,0.0,nominal,0.4844217333556942,0.0,64,reaction_wheel_degradation,2.130370206837421,0.4844217333556942,gradual,0.8533152564232582,0.9824728163784012,1605212107,reaction_wheel_degradation
4200.0,70.0,1.1666666666666667,0,0.0,367.3205080756888,367.3205080756888,92.02014263003282,91.77059382139058,29.680805705201312,29.65198815999509,12.375691944619918,12.389248241921704,23.349485426102113,23.45836364388543,25.033909950596144,25.08442832154863,13.252620088650426,18.36602540378444,3433.0127018922194,3454.7072164715196,3450.6816155089004,0.00016013481240036284,0.15400337031000907,0.1486979909125434,23.861669839808748,23.77641062475429,0.0,0.0,0.0,0.0,False,none,0.0,0.0,nominal,0.4844217333556942,0.0,64,reaction_wheel_degradation,2.130370206837421,0.4844217333556942,gradual,0.8533152564232582,0.9824728163784012,1605212107,reaction_wheel_degradation
4260.0,71.0,1.1833333333333333,0,0.0,364.8628965095479,364.8628965095479,91.47719189117932,91.42530060166578,29.65908767564717,29.628832842902703,12.301892104696591,12.340359496044965,23.367078260040326,23.266382092056272,25.03412496064233,24.9877417601267,13.106923948447706,18.243144825477398,3371.5724127386975,3413.1398146051083,3409.5495849229633,-0.00036467984866472153,0.15911699621661804,0.15996357057129956,23.84987478732624,23.89794977190967,0.0,0.0,0.0,0.0,False,none,0.0,0.0,nominal,0.4844217333556942,0.0,64,reaction_wheel_degradation,2.130370206837421,0.4844217333556942,gradual,0.8533152564232582,0.9824728163784012,1605212107,reaction_wheel_degradation
4320.0,72.0,1.2,0,0.0,361.7557050458495,361.7557050458495,90.9388649491468,90.56444328364492,29.637554597965874,29.639640769169432,12.205990337363327,12.172626005416111,23.383938777177633,23.37630738778043,25.034027531461778,24.981860444412458,12.918896009264552,18.087785252292473,3293.8926261462366,3353.516220375672,3351.9826430028866,-0.0008460957156159048,0.1711523928903976,0.17050558107590663,23.838147159474104,23.787083247519842,0.0,0.0,0.0,0.0,False,none,0.0,0.0,nominal,0.4844217333556942,0.0,64,reaction_wheel_degradation,2.130370206837421,0.4844217333556942,gradual,0.8533152564232582,0.9824728163784012,1605212107,reaction_wheel_degradation
4380.0,73.0,1.2166666666666666,0,0.0,358.134732861516,358.134732861516,90.40592635857907,90.3640387695609,29.616237054343163,29.659607322375066,12.092513042908543,12.116952280995793,23.39996284363268,23.346080949893434,25.033568784496236,24.990478563637858,12.698309735433059,17.9067366430758,3203.3683215379006,3278.4422709567866,3274.9542131840954,-0.001263072604977771,0.18157681512444426,0.18261693096518972,23.826466278432534,23.953611214514677,0.0,0.0,0.0,0.0,False,none,0.0,0.0,nominal,0.4844217333556942,0.0,64,reaction_wheel_degradation,2.130370206837421,0.4844217333556942,gradual,0.8533152564232582,0.9824728163784012,1605212107,reaction_wheel_degradation
4440.0,74.0,1.2333333333333334,0,0.0,354.15823381635516,354.15823381635516,89.87890517730473,90.10060927555543,29.595156207092188,29.585426001046912,11.966763457443236,11.985487221539467,23.41508398060992,23.498422107849343,25.032716057601903,24.92493767653923,12.456274211711902,17.70791169081776,3103.9558454088797,3191.199058182833,3189.957232588829,-0.0015973866258081216,0.18993466564520303,0.192779817774125,23.81481341458936,23.78265107634783,0.0,0.0,0.0,0.0,False,none,0.0,0.0,nominal,0.4844217333556942,0.0,64,reaction_wheel_degradation,2.130370206837421,0.4844217333556942,gradual,0.8533152564232582,0.9824728163784012,1605212107,reaction_wheel_degradation
4500.0,75.0,1.25,0,0.0,350.0,350.0,89.3580718439714,89.50227519187901,29.574322873758856,29.62312414909746,11.834590482223794,11.818528776058915,23.429275485228114,23.410298040523806,25.031454329141088,25.1190477816579,12.20460255055536,17.5,3000.0000000000005,3095.599529091417,3090.5148544401186,-0.0018344266511799855,0.19586066627949963,0.19409878716951037,23.80317254337472,23.853031727183758,0.0,0.0,0.0,0.0,False,none,0.0,0.0,nominal,0.4844217333556942,0.0,64,reaction_wheel_degradation,2.130370206837421,0.4844217333556942,gradual,0.8533152564232582,0.9824728163784012,1605212107,reaction_wheel_degradation
4560.0,76.0,1.2666666666666666,0,0.0,345.8417661836448,345.8417661836448,88.84342635857907,89.43242034179019,29.553737054343163,29.56508426134691,11.702133153168205,11.704460715929425,23.442550477739275,23.718234286941186,25.029786871126323,25.00240261341379,11.955193626758275,17.29208830918224,2896.04415459112,2995.8218418412685,2999.257609583325,-0.0019638328945404205,0.1990958223635105,0.20825259180911385,23.791530991212568,23.80763579931583,0.0,0.0,0.0,0.0,False,none,0.0,0.0,nominal,0.4844217333556942,0.0,64,reaction_wheel_degradation,2.130370206837421,0.4844217333556942,gradual,0.8533152564232582,0.9824728163784012,1605212107,reaction_wheel_degradation
4620.0,77.0,1.2833333333333334,0,0.0,341.865267138484,341.865267138484,88.33469828248013,88.65309855874837,29.533387931299206,29.56826962395286,11.575551979804471,11.5758467783166,23.454960082509412,23.317848886455305,25.027735102871162,24.893820172267166,11.719472290972417,17.0932633569242,2796.631678462101,2896.226760151685,2892.944912302659,-0.001979949682094438,0.19949874205236096,0.2063620802618628,23.779879946612933,23.662375632441776,0.0,0.0,0.0,0.0,False,none,0.0,0.0,nominal,0.4844217333556942,0.0,64,reaction_wheel_degradation,2.130370206837421,0.4844217333556942,gradual,0.8533152564232582,0.9824728163784012,1605212107,reaction_wheel_degradation
4680.0,78.0,1.3,0,0.0,338.2442949541506,338.2442949541506,87.83135855784599,87.51818599520585,29.51325434231384,29.535073646102447,11.46075898750352,11.457023082109565,23.466590054432928,23.45728787007863,25.02533765154361,25.23605913001933,11.507919725571414,16.91221474770753,2706.107373853764,2801.1670670027247,2808.131502109792,-0.0018820726328891081,0.1970518158222277,0.1993190836745417,23.768214816356704,23.731626909678457,0.0,0.0,0.0,0.0,False,none,0.0,0.0,nominal,0.4844217333556942,0.0,64,reaction_wheel_degradation,2.130370206837421,0.4844217333556942,gradual,0.8533152564232582,0.9824728163784012,1605212107,reaction_wheel_degradation
4740.0,79.0,1.3166666666666667,0,0.0,335.1371034904521,335.1371034904521,87.33264263003281,87.0631193580849,29.493305705201312,29.51285035818884,11.363158366861153,11.365179196881934,23.477556212258428,23.658126902588588,25.022648660680304,24.78969000735833,11.32970944562933,16.756855174522606,2628.4275872613025,2714.7973271320134,2710.5548080357157,-0.0016744794436408268,0.19186198609102068,0.19406979313639172,23.756535411132372,23.837762479257535,0.0,0.0,0.0,0.0,False,none,0.0,0.0,nominal,0.4844217333556942,0.0,64,reaction_wheel_degradation,2.130370206837421,0.4844217333556942,gradual,0.8533152564232582,0.9824728163784012,1605212107,reaction_wheel_degradation
4800.0,80.0,1.3333333333333333,0,0.0,332.67949192431126,332.67949192431126,86.8375838622883,86.65408951512744,29.473503354491534,29.473506496060118,11.287409166227043,11.252416365178524,23.487999036501098,23.337855287669257,25.019735420587292,25.15185221439587,11.192448454866103,16.633974596215563,2566.987298107781,2640.8923126198974,2649.4598399046636,-0.0013662429328623821,0.18415607332155953,0.1873256182823484,23.74484595008817,23.72928177102219,0.0,0.0,0.0,0.0,False,none,0.0,0.0,nominal,0.4844217333556942,0.0,64,reaction_wheel_degradation,2.130370206837421,0.4844217333556942,gradual,0.8533152564232582,0.9824728163784012,1605212107,reaction_wheel_degradation
4860.0,81.0,1.35,0,0.0,330.9788696740969,330.9788696740969,86.34505578241614,86.30167489750839,29.453802231296645,29.436692524209857,11.237220480906524,11.202803804613819,23.498077742051827,23.397193056787042,25.01667542419,24.839004545193628,11.102009930920405,16.548943483704846,2524.4717418524233,2582.6820272361606,2588.827511053177,-0.0009708345151577116,0.17427086287894278,0.17544135851580067,23.733154879745946,23.88830963037903,0.0,0.0,0.0,0.0,False,none,0.0,0.0,nominal,0.4844217333556942,0.0,64,reaction_wheel_degradation,2.130370206837421,0.4844217333556942,gradual,0.8533152564232582,0.9824728163784012,1605212107,reaction_wheel_degradation
4920.0,82.0,1.3666666666666667,0,0.0,330.1095620926345,330.1095620926345,85.85382131501638,85.54638922867102,29.434152852600654,29.48532889391764,11.215188143709993,11.22629338945582,23.5079640609592,23.499252029937992,25.013552977005745,25.116267499624712,11.062435607905055,16.505478104631727,2502.7390523158633,2542.710539776012,2529.159676045875,-0.0005055354357605888,0.16263838589401472,0.16385973188474806,23.721474509658062,23.615354007588216,0.0,0.0,0.0,0.0,False,none,0.0,0.0,nominal,0.4844217333556942,0.0,64,reaction_wheel_degradation,2.130370206837421,0.4844217333556942,gradual,0.8533152564232582,0.9824728163784012,1605212107,reaction_wheel_degradation
4980.0,83.0,1.3833333333333333,0,0.0,330.1095620926345,330.1095620926345,85.36258684761663,85.38041964696909,29.414503473904666,29.409664249159253,11.222680076360769,11.232029888693923,23.517835889419135,23.57976856655345,25.010455509398962,24.99672026330774,11.075883847707596,16.505478104631727,2502.7390523158633,2522.724796045938,2530.4805764540356,9.318502806628603e-06,0.15023296257016572,0.14729982109856848,23.709821732973435,23.72928390296256,0.0,0.0,0.0,0.0,False,none,0.0,0.0,nominal,0.4844217333556942,0.0,64,reaction_wheel_degradation,2.130370206837421,0.4844217333556942,gradual,0.8533152564232582,0.9824728163784012,1605212107,reaction_wheel_degradation
5040.0,84.0,1.4,0,0.0,330.9788696740969,330.9788696740969,84.87005876774447,84.62846701626346,29.394802350709778,29.392540953738315,11.259775307388825,11.244852039785417,23.527870884742057,23.47694601384505,25.00746975229118,24.982179527498374,11.142603197830649,16.548943483704846,2524.4717418524233,2523.5982689491807,2526.4989491986375,0.0005512257128852607,0.1637806428221315,0.16660214945098284,23.698286708467702,23.62702659807344,0.0,0.0,0.0,0.0,False,none,0.0,0.0,nominal,0.4844217333556942,0.0,64,reaction_wheel_degradation,2.130370206837421,0.4844217333556942,gradual,0.8533152564232582,0.9824728163784012,1605212107,reaction_wheel_degradation
5100.0,85.0,1.4166666666666667,0,0.0,332.6794919243112,332.6794919243112,84.37499999999994,84.54307025080517,29.374999999999996,29.332334700879564,11.325259299551021,11.356701695898732,23.538240058954155,23.55241280054791,25.004677943465282,25.092294256297496,11.260919856165351,16.633974596215563,2566.9872981077806,2545.292783528481,2542.0346244069788,0.0010965022490355544,0.17741255622588886,0.17885265690271593,23.686889425007415,23.829246862013466,0.0,0.0,0.0,0.0,False,none,0.0,0.0,nominal,0.4844217333556942,0.0,64,reaction_wheel_degradation,2.130370206837421,0.4844217333556942,gradual,0.8533152564232582,0.9824728163784012,1605212107,reaction_wheel_degradation
5160.0,86.0,1.4333333333333333,0,0.0,335.1371034904521,335.1371034904521,83.87628407218678,84.19195460320502,29.355051362887473,29.303618673445914,11.416675765526126,11.421184410471461,23.549101414743138,23.425898618815104,25.002154230266605,25.047222191284643,11.427238842812123,16.756855174522606,2628.4275872613025,2586.860185394892,2590.3502474234233,0.0016213169101006388,0.19053292275251596,0.18955021564116167,23.67564755613369,23.748419120909396,0.0,0.0,0.0,0.0,False,none,0.0,0.0,nominal,0.4844217333556942,0.0,64,reaction_wheel_degradation,2.130370206837421,0.4844217333556942,gradual,0.8533152564232582,0.9824728163784012,1605212107,reaction_wheel_degradation
5220.0,87.0,1.45,0,0.0,338.2442949541505,338.2442949541505,83.37294434755262,83.42381104589498,29.334917773902106,29.278807709185486,11.530432693255085,11.532000599548859,23.56059370707966,23.714985685886163,24.99996142591989,25.07018179248024,11.636070247494857,16.912214747707527,2706.107373853763,2646.483779624328,2637.3641616414543,0.002102732777051808,0.2025683194262952,0.198482428605601,23.66457564037979,23.661287322383593,0.0,0.0,0.0,0.0,False,none,0.0,0.0,nominal,0.4844217333556942,0.0,64,reaction_wheel_degradation,2.130370206837421,0.4844217333556942,gradual,0.8533152564232582,0.9824728163784012,1605212107,reaction_wheel_degradation
5280.0,88.0,1.4666666666666666,0,0.0,341.86526713848394,341.86526713848394,82.86421627145369,82.61758937962811,29.31456865085815,29.355547150104243,11.66195795715644,11.675229462663504,23.57283048174238,23.52593076304753,24.998148261226376,25.08409883980199,11.880101071558753,17.093263356924197,2796.6316784620985,2721.557729043213,2726.1655611956335,0.0025197096664136814,0.21299274166034204,0.20640913070173983,23.653684389614575,23.67827310945407,0.0,0.0,0.0,0.0,False,none,0.0,0.0,nominal,0.4844217333556942,0.0,64,reaction_wheel_degradation,2.130370206837421,0.4844217333556942,gradual,0.8533152564232582,0.9824728163784012,1605212107,reaction_wheel_degradation
5340.0,89.0,1.4833333333333334,0,0.0,345.8417661836448,345.8417661836448,82.34957078606136,82.42657085874998,29.293982831442456,29.28329208141509,11.80589775632825,11.827490189055865,23.585894624674026,23.683934023030996,24.99674725175493,25.04561309919063,12.150337746630113,17.29208830918224,2896.0441545911194,2808.800941817166,2804.567664601467,0.002854023687244032,0.22135059218110079,0.22017651833319138,23.64298016069164,23.630841127824578,0.0,0.0,0.0,0.0,False,none,0.0,0.0,nominal,0.4844217333556942,0.0,64,reaction_wheel_degradation,2.130370206837421,0.4844217333556942,gradual,0.8533152564232582,0.9824728163784012,1605212107,reaction_wheel_degradation
5400.0,90.0,1.5,1,600.0,350.0,-250.0,82.72159459558517,82.75864485913823,29.308863783823405,29.30351369900287,-8.529842775344427,-8.5393612764539,23.599114781665207,23.60615742718957,25.01177327374089,25.11960237288494,6.820657421767642,17.5,2999.9999999999995,2904.400470908583,2905.6452965139274,0.003091063712615916,0.22727659281539792,0.22110873336987502,23.632464619262734,23.57947448199321,0.0,0.0,0.0,0.0,False,none,0.0,0.0,nominal,0.4844217333556942,0.0,64,reaction_wheel_degradation,2.130370206837421,0.4844217333556942,gradual,0.8533152564232582,0.9824728163784012,1605212107,reaction_wheel_degradation
5460.0,91.0,1.5166666666666666,1,601.2556165273943,354.1582338163552,-247.09738271103907,83.08929903414327,83.22217008861197,29.32357196136573,29.380994565046628,-8.426578557230128,-8.408298988002263,23.611788686623527,23.589218550603167,25.027094910932597,25.203689081701786,6.680578094493646,17.707911690817763,3103.9558454088797,3004.1781581587315,3002.6130674448054,0.0032204699559763308,0.23051174889940826,0.22860020705261458,23.622134615934012,23.65133144523559,0.0,0.0,0.0,0.0,False,none,0.0,0.0,nominal,0.4844217333556942,0.0,64,reaction_wheel_degradation,2.130370206837421,0.4844217333556942,gradual,0.8533152564232582,0.9824728163784012,1605212107,reaction_wheel_degradation
5520.0,92.0,1.5333333333333334,1,602.5051158172811,358.13473286151606,-244.37038295576502,83.45294543735125,83.8248291681387,29.33811781749405,29.304728485808166,-8.32944991481523,-8.291388937016047,23.623952550739364,23.5700195033938,25.042691624931287,25.107538244051465,6.550378870673236,17.906736643075803,3203.368321537901,3103.7732398483167,3102.6003162118127,0.0032365867435303836,0.2309146685882596,0.24200977664220236,23.611982284433054,23.572931612479067,0.0,0.0,0.0,0.0,False,none,0.0,0.0,nominal,0.4844217333556942,0.0,64,reaction_wheel_degradation,2.130370206837421,0.4844217333556942,gradual,0.8533152564232582,0.9824728163784012,1605212107,reaction_wheel_degradation
5580.0,93.0,1.55,1,603.7424104347197,361.7557050458494,-241.98670538887023,83.81304470132278,83.75085492835096,29.35252178805291,29.375088088117064,-8.244153846003238,-8.24491652818699,23.63566645480468,23.617538421474308,25.05852566243642,25.113826980788176,6.437285810925598,18.087785252292473,3293.892626146236,3198.8329329972757,3197.210715566563,0.0031387096943250046,0.22846774235812511,0.23001954157071722,23.60199535978532,23.498102732471253,0.0,0.0,0.0,0.0,False,none,0.0,0.0,nominal,0.4844217333556942,0.0,64,reaction_wheel_degradation,2.130370206837421,0.4844217333556942,gradual,0.8533152564232582,0.9824728163784012,1605212107,reaction_wheel_degradation
5640.0,94.0,1.5666666666666667,1,604.961472404706,364.8628965095479,-240.0985758951581,84.1703342487858,84.37462343673558,29.366813369951434,29.36175560855597,-8.175847098917126,-8.195906095133376,23.64701098295182,23.686298613840652,25.07454374678788,25.144401528081254,6.3475580627897275,18.243144825477398,3371.572412738697,3285.202672867987,3284.350973556885,0.002931116505076744,0.2232779126269186,0.22477319163314707,23.59215770252091,23.532944524035397,0.0,0.0,0.0,0.0,False,none,0.0,0.0,nominal,0.4844217333556942,0.0,64,reaction_wheel_degradation,2.130370206837421,0.4844217333556942,gradual,0.8533152564232582,0.9824728163784012,1605212107,reaction_wheel_degradation
5700.0,95.0,1.5833333333333333,1,606.1563625798619,367.32050807568874,-238.8358545041732,84.52574474655987,84.61983306734083,29.381029789862396,29.408066338945897,-8.128913663420365,-8.167686369118474,23.65808338034673,23.79036498194502,25.09067944762115,25.014741047364378,6.286338987787384,18.366025403784437,3433.012701892219,3359.107687380103,3363.207523062608,0.0026228799942982993,0.21557199985745748,0.2180235457267765,23.582450003578042,23.549068060580648,0.0,0.0,0.0,0.0,False,none,0.0,0.0,nominal,0.4844217333556942,0.0,64,reaction_wheel_degradation,2.130370206837421,0.4844217333556942,gradual,0.8533152564232582,0.9824728163784012,1605212107,reaction_wheel_degradation
5760.0,96.0,1.6,1,607.3212595753644,369.0211303259031,-238.3001292494613,84.88035803413348,85.09658545196248,29.395214321365337,29.37766607552281,-8.106766177794373,-8.113141185259185,23.668993455494366,23.65530608203144,25.10685612507277,25.129323702902056,6.257572628914463,18.451056516295154,3475.5282581475767,3417.31797276384,3422.3466106798,0.0022274715765936287,0.2056867894148407,0.2011958488560227,23.572850634741116,23.58805603881589,0.0,0.0,0.0,0.0,False,none,0.0,0.0,nominal,0.4844217333556942,0.0,64,reaction_wheel_degradation,2.130370206837421,0.4844217333556942,gradual,0.8533152564232582,0.9824728163784012,1605212107,reaction_wheel_degradation
5820.0,97.0,1.6166666666666667,1,608.450488130146,369.8904379073655,-238.56005022278055,85.23535810886975,84.96559617606589,29.409414324354792,29.378039684329373,-8.111689936824822,-8.076557661577064,23.67985936506305,23.837431207480975,25.122990319862925,25.13372463371491,6.263961090494807,18.494521895368276,3497.260947684136,3457.2894602239876,3438.2761731794985,0.001762172497196499,0.19405431242991247,0.1962273881876773,23.56333660191221,23.65513727742202,0.0,0.0,0.0,0.0,False,none,0.0,0.0,nominal,0.4844217333556942,0.0,64,reaction_wheel_degradation,2.130370206837421,0.4844217333556942,gradual,0.8533152564232582,0.9824728163784012,1605212107,reaction_wheel_degradation
5880.0,98.0,1.6333333333333333,1,609.5385467561977,369.8904379073655,-239.64810884883218,85.59197731846623,85.89326326229465,29.42367909273865,29.368593233460725,-8.1447363565073,-8.12943324903209,23.690803336957206,23.514346556332306,25.138995441094757,25.22228748835637,6.306938425360945,18.494521895368276,3497.2609476841367,3477.2752039540624,3477.450129366873,0.0012473185586292885,0.18118296396573222,0.17748780710502135,23.55388455379844,23.659856122926875,0.0,0.0,0.0,0.0,False,none,0.0,0.0,nominal,0.4844217333556942,0.0,64,reaction_wheel_degradation,2.130370206837421,0.4844217333556942,gradual,0.8533152564232582,0.9824728163784012,1605212107,reaction_wheel_degradation
5940.0,99.0,1.65,1,610.5801345412646,369.0211303259031,-241.55900421536148,85.95144012235814,85.7848595610194,29.438057604894325,29.503565240430678,-8.205670613783983,-8.182666377382834,23.70194732499464,23.6821998671473,25.15478559059859,25.078558337322153,6.386642417753441,18.451056516295154,3475.5282581475763,3476.4017310508193,3480.199195116374,0.0007054113485506565,0.1676352837137664,0.1708044947956033,23.544471796948457,23.615642930166153,0.0,0.0,0.0,0.0,False,none,0.0,0.0,nominal,0.4844217333556942,0.0,64,reaction_wheel_degradation,2.130370206837421,0.4844217333556942,gradual,0.8533152564232582,0.9824728163784012,1605212107,reaction_wheel_degradation
6000.0,100.0,1.6666666666666667,1,611.5701769743577,367.3205080756888,-244.24966889866886,86.3149068915526,86.40824852378559,29.452596275662103,29.518934176617663,-8.29297582503796,-8.27707355048893,23.713408560520584,23.663415671980328,25.17027935668137,25.271076552526143,6.5018758427731225,18.36602540378444,3433.0127018922194,3454.7072164715196,3456.2392704844924,0.00016013481240036284,0.15400337031000907,0.15674030624512858,23.53507726942784,23.408534399188227,0.0,0.0,0.0,0.0,False,none,0.0,0.0,nominal,0.4844217333556942,0.0,64,reaction_wheel_degradation,2.130370206837421,0.4844217333556942,gradual,0.8533152564232582,0.9824728163784012,1605212107,reaction_wheel_degradation
6060.0,101.0,1.6833333333333333,1,612.503850668262,364.86289650954785,-247.64095415871412,86.68342021619354,86.48401567297246,29.46733680864774,29.47478107435815,-8.403913654186736,-8.362725057800187,23.725294979746,23.61136071057005,25.185403411478873,25.162870420966964,6.650061176562101,18.243144825477394,3371.5724127386966,3413.1398146051083,3413.0760617701403,-0.00036467984866473584,0.1591169962166184,0.16120655941903084,23.52573166122319,23.46565011925602,0.0,0.0,0.0,0.0,False,none,0.0,0.0,nominal,0.4844217333556942,0.0,64,reaction_wheel_degradation,2.130370206837421,0.4844217333556942,gradual,0.8533152564232582,0.9824728163784012,1605212107,reaction_wheel_degradation
6120.0,102.0,1.7,1,613.376606858593,361.7557050458495,-251.62090181274357,87.0578560819863,87.10085998039702,29.482314243279454,29.451289869193136,-8.534638757881803,-8.521495311151186,23.737700558861533,23.768733681961702,25.200095754691628,25.107859510410993,6.827204698203059,18.087785252292473,3293.892626146237,3353.516220375672,3350.317131628942,-0.0008460957156158976,0.17115239289039744,0.17522500244046255,23.51643510681683,23.535711369001223,0.0,0.0,0.0,0.0,False,none,0.0,0.0,nominal,0.4844217333556942,0.0,64,reaction_wheel_degradation,2.130370206837421,0.4844217333556942,gradual,0.8533152564232582,0.9824728163784012,1605212107,reaction_wheel_degradation
6180.0,103.0,1.7166666666666666,1,614.184193564921,358.134732861516,-256.049460703405,87.4388820651759,87.63788674958694,29.497555282607035,29.456990931276415,-8.680362092731874,-8.693643991171461,23.75070067179128,23.721673136778648,25.214308461940245,25.1414867376709,7.027894884874919,17.9067366430758,3203.3683215379,3278.4422709567857,3275.1754029006024,-0.001263072604977778,0.18157681512444446,0.1838758069694864,23.507167066170187,23.5309223224548,0.0,0.0,0.0,0.0,False,none,0.0,0.0,nominal,0.4844217333556942,0.0,64,reaction_wheel_degradation,2.130370206837421,0.4844217333556942,gradual,0.8533152564232582,0.9824728163784012,1605212107,reaction_wheel_degradation
6240.0,104.0,1.7333333333333334,1,614.9226763059908,354.1582338163552,-260.76444248963554,87.82692439030927,87.91196725123088,29.51307697561237,29.475386522664262,-8.835555936953433,-8.852928670176627,23.764347680751207,23.919084016986176,25.228009817626358,25.336075704301834,7.245363897202646,17.707911690817763,3103.9558454088806,3191.199058182833,3199.2001148957447,-0.0015973866258081003,0.1899346656452025,0.18380544247544076,23.497908946418978,23.480415749658096,0.0,0.0,0.0,0.0,False,none,0.0,0.0,nominal,0.4844217333556942,0.0,64,reaction_wheel_degradation,2.130370206837421,0.4844217333556942,gradual,0.8533152564232582,0.9824728163784012,1605212107,reaction_wheel_degradation
6300.0,105.0,1.75,1,615.5884572681198,350.0,-265.5884572681198,88.22214530886303,88.18996999066661,29.52888581235452,29.51563035307547,-8.994191618195119,-8.949957638616134,23.778667056763982,23.79523939223901,25.241185739085346,25.423987572162932,7.471638629184906,17.5,3000.0000000000005,3095.599529091417,3089.740670380833,-0.0018344266511799855,0.19586066627949963,0.1961535107771923,23.48864485871562,23.46908465194253,0.0,0.0,0.0,0.0,False,none,0.0,0.0,nominal,0.4844217333556942,0.0,64,reaction_wheel_degradation,2.130370206837421,0.4844217333556942,gradual,0.8533152564232582,0.9824728163784012,1605212107,reaction_wheel_degradation
6360.0,106.0,1.7666666666666666,1,616.178292833385,345.8417661836449,-270.33652664974005,88.62443180685372,88.62850122775978,29.54497727227415,29.52301405805434,-9.149999479046192,-9.141797476341447,23.793654385214477,23.936083390428394,25.253840429791026,25.339696393289444,7.697799237323648,17.292088309182244,2896.0441545911217,2995.82184184127,2991.542628805728,-0.0019638328945403845,0.1990958223635096,0.19581405867317297,23.479362264188413,23.381530348825642,0.0,0.0,0.0,0.0,False,none,0.0,0.0,nominal,0.4844217333556942,0.0,64,reaction_wheel_degradation,2.130370206837421,0.4844217333556942,gradual,0.8533152564232582,0.9824728163784012,1605212107,reaction_wheel_degradation
6420.0,107.0,1.7833333333333334,1,616.6893093822022,341.86526713848406,-274.8240422437181,89.03339615543068,88.65657202653233,29.561335846217226,29.581504994525627,-9.296739622099507,-9.32600367847026,23.80927362359682,23.77968926260289,25.265996233066545,25.18297932791372,7.9143494080891905,17.093263356924204,2796.631678462101,2896.226760151685,2894.9962525854157,-0.0019799496820944516,0.1994987420523613,0.19264262477275104,23.47005248504146,23.394194496416286,0.0,0.0,0.0,0.0,False,none,0.0,0.0,nominal,0.4844217333556942,0.0,64,reaction_wheel_degradation,2.130370206837421,0.4844217333556942,gradual,0.8533152564232582,0.9824728163784012,1605212107,reaction_wheel_degradation
6480.0,108.0,1.8,1,617.1190172933127,338.24429495415063,-278.8747223391621,89.44838830176872,89.43496440737096,29.57793553207075,29.608793586266042,-9.428471504942728,-9.399192148153572,23.82545693516711,23.844395321783086,25.27769269269743,25.271000491152243,8.111685993561359,16.912214747707534,2706.1073738537652,2801.167067002725,2803.3024573887037,-0.0018820726328890943,0.19705181582222736,0.20677248737100332,23.460711060747016,23.39902554284877,0.0,0.0,0.0,0.0,False,none,0.0,0.0,nominal,0.4844217333556942,0.0,64,reaction_wheel_degradation,2.130370206837421,0.4844217333556942,gradual,0.8533152564232582,0.9824728163784012,1605212107,reaction_wheel_degradation
6540.0,109.0,1.8166666666666667,1,617.465323072968,335.1371034904521,-282.3282195825159,89.86851958090936,90.11941621728313,29.594740783236375,29.659591041509355,-9.539810524119803,-9.530377882278755,23.842106322845737,23.95425361680935,25.288984861504893,25.12034769584351,8.280638786888556,16.756855174522606,2628.427587261303,2714.7973271320143,2714.655262411258,-0.0016744794436408268,0.19186198609102068,0.1913190335365254,23.451337933689757,23.43733861156193,0.0,0.0,0.0,0.0,False,none,0.0,0.0,nominal,0.4844217333556942,0.0,64,reaction_wheel_degradation,2.130370206837421,0.4844217333556942,gradual,0.8533152564232582,0.9824728163784012,1605212107,reaction_wheel_degradation
6600.0,110.0,1.8333333333333333,1,617.7265395542198,332.6794919243112,-285.0470476299086,90.29269673512054,90.19165716071484,29.61170786940482,29.62012844803193,-9.626160331144652,-9.607308995912312,23.859097141634237,23.80589518561001,25.299940931805285,25.424335324333114,8.413037017672233,16.633974596215563,2566.98729810778,2640.8923126198974,2651.8959817036393,-0.0013662429328624107,0.18415607332156025,0.1877441783257064,23.441937453726375,23.47017099120416,0.0,0.0,0.0,0.0,False,none,0.0,0.0,nominal,0.4844217333556942,0.0,64,reaction_wheel_degradation,2.130370206837421,0.4844217333556942,gradual,0.8533152564232582,0.9824728163784012,1605212107,reaction_wheel_degradation
6660.0,111.0,1.85,1,617.9013941166289,330.9788696740969,-286.922524442532,90.71966477744574,90.90946882958092,29.62878659109783,29.580658100182966,-9.683910731894091,-9.68622275093252,23.876283392667975,23.841117302812478,25.310639291318253,25.252105237572444,8.502250165063485,16.548943483704846,2524.4717418524233,2582.6820272361606,2589.962586961576,-0.0009708345151577116,0.17427086287894278,0.1805717097882864,23.432518197106866,23.362735365547778,0.0,0.0,0.0,0.0,False,none,0.0,0.0,nominal,0.4844217333556942,0.0,64,reaction_wheel_degradation,2.130370206837421,0.4844217333556942,gradual,0.8533152564232582,0.9824728163784012,1605212107,reaction_wheel_degradation
6720.0,112.0,1.8666666666666667,1,617.9890348863438,330.1095620926345,-287.8794727937093,91.14805685005543,91.33115046759939,29.645922274002217,29.642133670464883,-9.710592577724025,-9.711601027538089,23.893504521168115,23.97411164562678,25.32116513319697,25.365917281828402,8.543648656843914,16.505478104631727,2502.7390523158633,2542.710539776012,2545.0470704387526,-0.0005055354357605888,0.16263838589401472,0.16398645983581173,23.423092602138773,23.464340815649088,0.0,0.0,0.0,0.0,False,none,0.0,0.0,nominal,0.4844217333556942,0.0,64,reaction_wheel_degradation,2.130370206837421,0.4844217333556942,gradual,0.8533152564232582,0.9824728163784012,1605212107,reaction_wheel_degradation
6780.0,113.0,1.8833333333333333,1,617.9890348863438,330.1095620926345,-287.8794727937093,91.57644892266512,91.51702053280344,29.663057956906606,29.669526430468178,-9.704982986310108,-9.69998668255716,23.91059327931166,23.94765377407755,25.33160676834066,25.46837371503777,8.534935581165493,16.505478104631727,2502.7390523158633,2522.724796045938,2529.32461691779,9.318502806628603e-06,0.15023296257016572,0.1516049873521067,23.41367768976054,23.437752747476388,0.0,0.0,0.0,0.0,False,none,0.0,0.0,nominal,0.4844217333556942,0.0,64,reaction_wheel_degradation,2.130370206837421,0.4844217333556942,gradual,0.8533152564232582,0.9824728163784012,1605212107,reaction_wheel_degradation
6840.0,114.0,1.9,1,617.9013941166289,330.9788696740969,-286.922524442532,92.00341696499031,91.9218620060325,29.680136678599613,29.669173952771917,-9.667156440334484,-9.624171502632635,23.92738409660696,23.933431596934373,25.342051801161343,25.23973548390215,8.47631309135204,16.548943483704846,2524.4717418524233,2523.5982689491807,2519.0085039493156,0.0005512257128852607,0.1637806428221315,0.16316908304715863,23.404363745578905,23.419694753172134,0.0,0.0,0.0,0.0,False,none,0.0,0.0,nominal,0.4844217333556942,0.0,64,reaction_wheel_degradation,2.130370206837421,0.4844217333556942,gradual,0.8533152564232582,0.9824728163784012,1605212107,reaction_wheel_degradation
6900.0,115.0,1.9166666666666667,1,617.7265395542198,332.6794919243112,-285.0470476299086,92.4275941192015,92.62640194206172,29.69710376476806,29.71535625187494,-9.598479699831257,-9.53885888847982,23.94372134204014,23.931483340977433,25.352583335944484,25.302960549372234,8.370465003845819,16.633974596215563,2566.9872981077797,2545.2927835284804,2546.398469944899,0.0010965022490355475,0.1774125562258887,0.16795153946585653,23.395170884340285,23.38036599478509,0.0,0.0,0.0,0.0,False,none,0.0,0.0,nominal,0.4844217333556942,0.0,64,reaction_wheel_degradation,2.130370206837421,0.4844217333556942,gradual,0.8533152564232582,0.9824728163784012,1605212107,reaction_wheel_degradation
6960.0,116.0,1.9333333333333333,1,617.465323072968,335.1371034904521,-282.3282195825159,92.84772539834213,93.1016589843038,29.713909015933687,29.73716291987347,-9.501550921190516,-9.489514630718714,23.959466872630024,23.97415948595878,25.363276379605974,25.58168056947559,8.222357592638108,16.756855174522606,2628.427587261302,2586.860185394891,2579.025148660236,0.0016213169101006388,0.19053292275251596,0.1904345287323147,23.38611690452156,23.343557032461938,0.0,0.0,0.0,0.0,False,none,0.0,0.0,nominal,0.4844217333556942,0.0,64,reaction_wheel_degradation,2.130370206837421,0.4844217333556942,gradual,0.8533152564232582,0.9824728163784012,1605212107,reaction_wheel_degradation
7020.0,117.0,1.95,1,617.1190172933127,338.24429495415046,-278.87472233916225,93.26271754468019,93.34484279062629,29.73050870178721,29.699294280019526,-9.380085794576333,-9.423944175835176,23.974506340597873,24.04375453595794,25.37419459806454,25.190798145791284,8.038880761089018,16.912214747707523,2706.1073738537616,2646.4837796243264,2646.9137708794487,0.0021027327770518074,0.20256831942629516,0.1998005722327587,23.37721646865475,23.428367635579306,0.0,0.0,0.0,0.0,False,none,0.0,0.0,nominal,0.4844217333556942,0.0,64,reaction_wheel_degradation,2.130370206837421,0.4844217333556942,gradual,0.8533152564232582,0.9824728163784012,1605212107,reaction_wheel_degradation
7080.0,118.0,1.9666666666666666,1,616.6893093822022,341.865267138484,-274.82404224371817,93.67168189325714,93.69567705343324,29.746867275730285,29.73797323966341,-9.238755788847055,-9.215179844487425,23.988753864827874,23.865523203343656,25.385387567993874,25.381703018395505,7.8283686820763965,17.0932633569242,2796.6316784621,2721.557729043213,2711.5074544156314,0.00251970966641371,0.21299274166034274,0.20850075468999116,23.36848041167747,23.385731427452,0.0,0.0,0.0,0.0,False,none,0.0,0.0,nominal,0.4844217333556942,0.0,64,reaction_wheel_degradation,2.130370206837421,0.4844217333556942,gradual,0.8533152564232582,0.9824728163784012,1605212107,reaction_wheel_degradation
7140.0,119.0,1.9833333333333334,1,616.178292833385,345.84176618364484,-270.3365266497401,94.07396839124782,93.86761504062423,29.762958735649914,29.766974406461664,-9.08298563495747,-9.093048731585395,24.002154842450864,23.984873300468248,25.396888644068287,25.462500888332663,7.600050243587502,17.292088309182244,2896.044154591121,2808.8009418171673,2808.1051910368606,0.002854023687244053,0.2213505921811013,0.22354946973036277,23.359915212589062,23.35598252239155,0.0,0.0,0.0,0.0,False,none,0.0,0.0,nominal,0.4844217333556942,0.0,64,reaction_wheel_degradation,2.130370206837421,0.4844217333556942,gradual,0.8533152564232582,0.9824728163784012,1605212107,reaction_wheel_degradation
7200.0,120.0,2.0,1,615.58845726812,350.0,-265.58845726812,94.46918930980158,94.64146867244537,29.778767572392063,29.775804979638337,-8.918718903409134,-8.896047969357047,24.0146868592303,23.78953090740651,25.40871353491574,25.598658796774057,7.363483750242194,17.5,2999.9999999999995,2904.4004709085834,2908.6971746610384,0.0030910637126159027,0.22727659281539755,0.22946847880628948,23.351522658270927,23.337531250235877,0.0,0.0,0.0,0.0,False,none,0.0,0.0,nominal,0.4844217333556942,0.0,64,reaction_wheel_degradation,2.130370206837421,0.4844217333556942,gradual,0.8533152564232582,0.9824728163784012,1605212107,reaction_wheel_degradation
7260.0,121.0,2.0166666666666666,1,614.9226763059908,354.15823381635516,-260.7644424896356,94.85723163493495,94.97804519328594,29.7942892653974,29.844156610360177,-8.752161871251051,-8.751671367156822,24.026358828053738,23.999104676853023,25.420859650018052,25.286106508630727,7.128026993646456,17.70791169081776,3103.9558454088797,3004.178158158732,2997.6145398698864,0.003220469955976323,0.23051174889940806,0.2280644148093024,23.343299719649647,23.17624932548655,0.0,0.0,0.0,0.0,False,none,0.0,0.0,nominal,0.4844217333556942,0.0,64,reaction_wheel_degradation,2.130370206837421,0.4844217333556942,gradual,0.8533152564232582,0.9824728163784012,1605212107,reaction_wheel_degradation
7320.0,122.0,2.033333333333333,1,614.184193564921,358.13473286151594,-256.04946070340503,95.23825761812455,95.27427324103294,29.80953030472498,29.762333458346717,-8.589516778223766,-8.58093631259125,24.037208621347652,24.084006263203122,25.43330624610406,25.456416301961035,6.902383878671007,17.9067366430758,3203.368321537899,3103.7732398483154,3098.054803637305,0.0032365867435303554,0.23091466858825888,0.23240254633500806,23.33523864987082,23.220013795352646,0.0,0.0,0.0,0.0,False,none,0.0,0.0,nominal,0.4844217333556942,0.0,64,reaction_wheel_degradation,2.130370206837421,0.4844217333556942,gradual,0.8533152564232582,0.9824728163784012,1605212107,reaction_wheel_degradation
7380.0,123.0,2.05,1,613.376606858593,361.7557050458494,-251.62090181274363,95.61269348391733,95.63628714744446,29.824507739356694,29.815687381695213,-8.436716005900823,-8.414470019079419,24.047299550143357,24.07596817786675,25.446015366639813,25.469440388059656,6.694254157137851,18.087785252292473,3293.892626146236,3198.8329329972757,3193.08206995708,0.0031387096943250184,0.22846774235812545,0.2231561985918277,23.327327302482303,23.360940884913717,0.0,0.0,0.0,0.0,False,none,0.0,0.0,nominal,0.4844217333556942,0.0,64,reaction_wheel_degradation,2.130370206837421,0.4844217333556942,gradual,0.8533152564232582,0.9824728163784012,1605212107,reaction_wheel_degradation
7440.0,124.0,2.066666666666667,1,612.503850668262,364.86289650954785,-247.64095415871412,95.98120680855826,95.76748010427409,29.83924827234233,29.80165615010917,-8.299168661974965,-8.271219879034776,24.056716072970474,23.962736060639568,25.458933533357648,25.460820442711743,6.510096038392588,18.243144825477394,3371.572412738696,3285.202672867986,3288.8173189398985,0.0029311165050767227,0.22327791262691807,0.22306168678713975,23.319549655647666,23.322457067585603,0.0,0.0,0.0,0.0,False,none,0.0,0.0,nominal,0.4844217333556942,0.0,64,reaction_wheel_degradation,2.130370206837421,0.4844217333556942,gradual,0.8533152564232582,0.9824728163784012,1605212107,reaction_wheel_degradation
7500.0,125.0,2.0833333333333335,1,611.5701769743577,367.3205080756888,-244.24966889866886,96.3446735777527,96.39906716486237,29.85378694311011,29.870324537268353,-8.181530516182596,-8.187763741561104,24.065559094289245,23.927141660054602,25.471994115898354,25.48818628547396,6.354995326978164,18.36602540378444,3433.0127018922194,3359.107687380103,3366.535881354846,0.0026228799942983206,0.215571999857458,0.21014080152888254,23.311886517056347,23.291777048779927,0.0,0.0,0.0,0.0,False,none,0.0,0.0,nominal,0.4844217333556942,0.0,64,reaction_wheel_degradation,2.130370206837421,0.4844217333556942,gradual,0.8533152564232582,0.9824728163784012,1605212107,reaction_wheel_degradation
7560.0,126.0,2.1,1,610.5801345412646,369.0211303259031,-241.55900421536148,96.70413638164462,96.53432750997841,29.868165455265785,29.885430233155205,-8.087507234990705,-8.072923115799403,24.07394114593045,23.96455249826853,25.48512027600376,25.52753145325561,6.232621862082159,18.451056516295154,3475.5282581475767,3417.31797276384,3427.0626495834044,0.0022274715765936287,0.2056867894148407,0.19794728525396632,23.304316374368334,23.139750817941785,0.0,0.0,0.0,0.0,False,none,0.0,0.0,nominal,0.4844217333556942,0.0,64,reaction_wheel_degradation,2.130370206837421,0.4844217333556942,gradual,0.8533152564232582,0.9824728163784012,1605212107,reaction_wheel_degradation
7620.0,127.0,2.1166666666666667,1,609.5385467561977,369.8904379073655,-239.64810884883218,97.0607555912411,97.17007201323226,29.882430223649642,29.89372684396183,-8.019699437268967,-8.05459022705274,24.08198165347197,24.132700138223854,25.498228357586466,25.619941705091584,6.145246325130574,18.494521895368276,3497.2609476841367,3457.2894602239876,3453.1695525411014,0.001762172497196506,0.19405431242991264,0.1816824800165702,23.29681634849222,23.288726429922665,0.0,0.0,0.0,0.0,False,none,0.0,0.0,nominal,0.4844217333556942,0.0,64,reaction_wheel_degradation,2.130370206837421,0.4844217333556942,gradual,0.8533152564232582,0.9824728163784012,1605212107,reaction_wheel_degradation
7680.0,128.0,2.1333333333333333,1,608.450488130146,369.8904379073655,-238.56005022278055,97.41575566597737,97.49718120516924,29.896630226639097,29.951412928782712,-7.979496298222064,-7.967148698520022,24.089802393197363,24.02961186630411,25.51123157451651,25.498174844638687,6.09378889386717,18.494521895368276,3497.2609476841367,3477.2752039540624,3475.424525377634,0.00125340871804658,0.1813352179511645,0.1872414266171621,23.289381327172695,23.28002189823865,0.0,0.0,0.0,0.0016821483765784304,True,reaction_wheel_degradation,0.0034724874231505352,0.0016821483765784304,reaction_wheel_degradation,0.4844217333556942,0.0016821483765784304,64,reaction_wheel_degradation,2.130370206837421,0.4844217333556942,gradual,0.8533152564232582,0.9824728163784012,1605212107,reaction_wheel_degradation
7740.0,129.0,2.15,1,607.3212595753644,369.0211303259031,-238.3001292494613,97.77036895355099,98.09099721527903,29.91081475814204,29.93317460881535,-7.967022335444523,-8.030196087613888,24.097523164143105,24.22935397796071,25.52404383495297,25.481511716460563,6.077875591477752,18.451056516295154,3475.5282581475767,3476.4017310508193,3468.924778596708,0.0007459899910284973,0.16864974977571243,0.16526085952602715,23.28207191439124,23.156476899189745,0.0,0.0,0.0,0.011143710788775036,True,reaction_wheel_degradation,0.023004151179552037,0.011143710788775036,reaction_wheel_degradation,0.4844217333556942,0.011143710788775036,64,reaction_wheel_degradation,2.130370206837421,0.4844217333556942,gradual,0.8533152564232582,0.9824728163784012,1605212107,reaction_wheel_degradation
7800.0,130.0,2.1666666666666665,1,606.156362579862,367.3205080756888,-238.83585450417326,98.12577945132504,97.70972739041672,29.925031178053,29.94701297354778,-7.981139704854688,-7.951682805709461,24.105257649421823,24.163779277668848,25.536583535080915,25.386300848410823,6.095887279072638,18.36602540378444,3433.0127018922194,3454.7072164715196,3452.9746876232516,0.0002351478846022452,0.15587869711505611,0.15678758837358273,23.27486316275002,23.249752942216894,0.0,0.0,0.0,0.020605273200971642,True,reaction_wheel_degradation,0.04253581493595354,0.020605273200971642,reaction_wheel_degradation,0.4844217333556942,0.020605273200971642,64,reaction_wheel_degradation,2.130370206837421,0.4844217333556942,gradual,0.8533152564232582,0.9824728163784012,1605212107,reaction_wheel_degradation
7860.0,131.0,2.183333333333333,1,604.961472404706,364.8628965095479,-240.0985758951581,98.4830689987881,98.62575854945507,29.939322759951523,29.941087929222988,-8.019505912683071,-8.03022290718991,24.11310943021424,24.168643685527943,25.548777156451223,25.62950045933469,6.144998006684699,18.243144825477398,3371.572412738698,3413.1398146051088,3409.509141399175,-0.0002559052252784756,0.15639763063196188,0.14955790613204684,23.267766265570415,23.184678234523183,0.0,0.0,0.0,0.03006683561316825,True,reaction_wheel_degradation,0.062067478692355044,0.03006683561316825,reaction_wheel_degradation,0.4844217333556942,0.03006683561316825,64,reaction_wheel_degradation,2.130370206837421,0.4844217333556942,gradual,0.8533152564232582,0.9824728163784012,1605212107,reaction_wheel_degradation
7920.0,132.0,2.2,1,603.7424104347197,361.7557050458495,-241.98670538887018,98.84316826275963,98.76597915172404,29.953726730510386,29.9551517039557,-8.07868441766835,-8.074076294065417,24.121168144811698,24.04080781251861,25.560562509704198,25.412085600380905,6.221211353622193,18.087785252292473,3293.892626146237,3353.516220375673,3353.7819761670858,-0.0007048120640927139,0.16762030160231783,0.1717508659711487,23.260785792773767,23.309492782009826,0.0,0.0,0.0,0.039528398025365105,True,reaction_wheel_degradation,0.08159914244875707,0.039528398025365105,reaction_wheel_degradation,0.4844217333556942,0.039528398025365105,64,reaction_wheel_degradation,2.130370206837421,0.4844217333556942,gradual,0.8533152564232582,0.9824728163784012,1605212107,reaction_wheel_degradation
7980.0,133.0,2.216666666666667,1,602.5051158172811,358.13473286151606,-244.37038295576502,99.20681466596761,99.55907838441382,29.968272586638705,29.92617947384558,-8.15430326353602,-8.201461855600568,24.129505845733153,24.199161147834232,25.571891482912715,25.597676605816133,6.319412937097135,17.906736643075803,3203.3683215379015,3278.442270956787,3274.2496219183718,-0.001091029957132737,0.17727574892831843,0.17931925483064143,23.25389193321697,23.139719172135056,0.0,0.0,0.0,0.048989960437561715,True,reaction_wheel_degradation,0.10113080620515857,0.048989960437561715,reaction_wheel_degradation,0.4844217333556942,0.048989960437561715,64,reaction_wheel_degradation,2.130370206837421,0.4844217333556942,gradual,0.8533152564232582,0.9824728163784012,1605212107,reaction_wheel_degradation
8040.0,134.0,2.2333333333333334,1,601.2556165273943,354.15823381635516,-247.09738271103913,99.5745191045257,99.84954796402768,29.98298076418103,30.03138524080832,-8.24125475230376,-8.261183760573934,24.13817368529672,24.20805053440894,25.582732174431047,25.51614479284789,6.433462391389545,17.70791169081776,3103.955845408879,3191.199058182833,3194.8927178168497,-0.0013967122184354013,0.18491780546088504,0.18059661791793083,23.247055391476255,23.214313054867763,0.0,0.0,0.0,0.05845152284975832,True,reaction_wheel_degradation,0.12066246996156008,0.05845152284975832,reaction_wheel_degradation,0.4844217333556942,0.05845152284975832,64,reaction_wheel_degradation,2.130370206837421,0.4844217333556942,gradual,0.8533152564232582,0.9824728163784012,1605212107,reaction_wheel_degradation
8100.0,135.0,2.25,1,600.0,350.0,-250.0,99.94654291404952,99.97010621466112,29.99786171656198,29.96125329120388,-8.333927343293727,-8.34696698230947,24.147199135175153,24.32624198105835,25.5930703170356,25.75119044507106,6.556347597063907,17.5,3000.0000000000005,3095.599529091417,3093.481780873568,-0.0016074736271687597,0.19018684067921898,0.19120504018252482,23.2402489948329,23.200752640721547,0.0,0.0,0.0,0.06791308526195493,True,reaction_wheel_degradation,0.14019413371796158,0.06791308526195493,reaction_wheel_degradation,0.4844217333556942,0.06791308526195493,64,reaction_wheel_degradation,2.130370206837421,0.4844217333556942,gradual,0.8533152564232582,0.9824728163784012,1605212107,reaction_wheel_degradation
8160.0,136.0,2.2666666666666666,1,598.7443834726057,345.84176618364484,-252.90261728896087,100.0,100.0,30.0,29.98393732883929,-8.430087242965362,-8.470010297541394,24.156600305943837,24.10027876268694,25.60290993111768,25.66004890094725,6.685309673920586,17.292088309182244,2896.0441545911203,2995.8218418412685,2999.213110564389,-0.0017130071706152835,0.1928251792653821,0.18880957480910565,23.23344920638157,23.13077704579522,0.0,0.0,0.0,0.07737464767415153,True,reaction_wheel_degradation,0.15972579747436308,0.07737464767415153,reaction_wheel_degradation,0.4844217333556942,0.07737464767415153,64,reaction_wheel_degradation,2.130370206837421,0.4844217333556942,gradual,0.8533152564232582,0.9824728163784012,1605212107,reaction_wheel_degradation
8220.0,137.0,2.283333333333333,1,597.4948841827188,341.86526713848406,-255.62961704423475,100.0,100.0,30.0,30.060897904920946,-8.520987234807825,-8.532170571028832,24.166355963696375,24.153827525719365,25.612273178382587,25.64078111302279,6.808577876460633,17.093263356924204,2796.631678462101,2896.226760151685,2906.4485823663467,-0.001707525621840576,0.1926881405460144,0.19968080904874896,23.226637450628772,23.346505250434987,0.0,0.0,0.0,0.08683621008634813,True,reaction_wheel_degradation,0.17925746123076458,0.08683621008634813,reaction_wheel_degradation,0.4844217333556942,0.08683621008634813,64,reaction_wheel_degradation,2.130370206837421,0.4844217333556942,gradual,0.8533152564232582,0.9824728163784012,1605212107,reaction_wheel_degradation
8280.0,138.0,2.3,1,596.2575895652803,338.2442949541506,-258.01329461112977,100.0,99.9159269750696,30.0,29.986252484658355,-8.600443153704326,-8.590172852270346,24.17641586056489,24.298141088505364,25.621199422450943,25.520933026809203,6.91740979520797,16.91221474770753,2706.107373853764,2801.1670670027247,2801.0053018257527,-0.0015900090414447125,0.1897502260361178,0.1926107166542933,23.21980117963664,23.240820185071247,0.0,0.0,0.0,0.09629777249854474,True,reaction_wheel_degradation,0.19878912498716608,0.09629777249854474,reaction_wheel_degradation,0.4844217333556942,0.09629777249854474,64,reaction_wheel_degradation,2.130370206837421,0.4844217333556942,gradual,0.8533152564232582,0.9824728163784012,1605212107,reaction_wheel_degradation
8340.0,139.0,2.316666666666667,1,595.038527595294,335.1371034904521,-259.9014241048419,100.0,100.0,30.0,30.034410575490405,-8.66338080349473,-8.645565565425057,24.186705143253864,24.285644517386817,25.62974353742038,25.61219426785771,7.00433335570888,16.756855174522606,2628.427587261303,2714.797327132014,2712.392663006087,-0.0013642476236034237,0.1841061905900856,0.18931776223286428,23.212934633599822,23.13901704304725,0.0,0.0,0.0,0.1057593349107416,True,reaction_wheel_degradation,0.2183207887435681,0.1057593349107416,reaction_wheel_degradation,0.4844217333556942,0.1057593349107416,64,reaction_wheel_degradation,2.130370206837421,0.4844217333556942,gradual,0.8533152564232582,0.9824728163784012,1605212107,reaction_wheel_degradation
8400.0,140.0,2.3333333333333335,1,593.843637420138,332.67949192431126,-261.1641454958267,100.0,100.0,30.0,30.003790236590955,-8.705471516527556,-8.71780837471731,24.197127641547695,24.1752340032814,25.63797353831345,25.545430636875718,7.0628187460058065,16.633974596215563,2566.9872981077815,2640.892312619898,2640.7958023879537,-0.001038678089440737,0.1759669522360184,0.17693827628744435,23.206039275194883,23.10969361636666,0.0,0.0,0.0,0.1152208973229382,True,reaction_wheel_degradation,0.2378524524999696,0.1152208973229382,reaction_wheel_degradation,0.4844217333556942,0.1152208973229382,64,reaction_wheel_degradation,2.130370206837421,0.4844217333556942,gradual,0.8533152564232582,0.9824728163784012,1605212107,reaction_wheel_degradation
8460.0,141.0,2.35,1,592.6787404246356,330.9788696740969,-261.6998707505387,100.0,100.0,30.0,29.979573395457706,-8.723329025017957,-8.684642150528996,24.2075706008394,24.187357802981456,25.64596763697435,25.584242718529044,7.08771754229766,16.548943483704846,2524.4717418524233,2582.682027236161,2580.9198423651887,-0.0006260206888361398,0.1656505172209035,0.16131459449049107,23.199123898120092,23.133418485567077,0.0,0.0,0.0,0.1246824597351348,True,reaction_wheel_degradation,0.2573841162563711,0.1246824597351348,reaction_wheel_degradation,0.4844217333556942,0.1246824597351348,64,reaction_wheel_degradation,2.130370206837421,0.4844217333556942,gradual,0.8533152564232582,0.9824728163784012,1605212107,reaction_wheel_degradation
8520.0,142.0,2.3666666666666667,1,591.549511869854,330.1095620926345,-261.43994977721945,100.0,100.0,30.0,29.971393948622293,-8.714664992573981,-8.712568617950936,24.21791061348311,24.086486978669658,25.65381085208782,25.786684325114898,7.075630874623557,16.505478104631727,2502.739052315864,2542.710539776012,2551.63663947391,-0.00014273242513188034,0.153568310628297,0.15489185138130418,23.192204424298424,23.245791622442358,0.0,0.0,0.0,0.13414402214733143,True,reaction_wheel_degradation,0.2769157800127726,0.13414402214733143,reaction_wheel_degradation,0.4844217333556942,0.13414402214733143,64,reaction_wheel_degradation,2.130370206837421,0.4844217333556942,gradual,0.8533152564232582,0.9824728163784012,1605212107,reaction_wheel_degradation
8580.0,143.0,2.3833333333333333,1,590.4614532438022,330.1095620926345,-260.3518911511677,100.0,100.0,30.0,29.940710111214532,-8.67839637170559,-8.629103762253065,24.22802036675806,24.306418966511373,25.66159132148038,25.613040223876798,7.02516508675462,16.505478104631727,2502.7390523158633,2522.724796045938,2531.3689179296953,0.00039170000092046437,0.1597925000230116,0.16144666189256884,23.185371477547285,23.304014845911855,0.0,0.0,0.0,0.14360558455952804,True,reaction_wheel_degradation,0.29644744376917415,0.14360558455952804,reaction_wheel_degradation,0.4844217333556942,0.14360558455952804,64,reaction_wheel_degradation,2.130370206837421,0.4844217333556942,gradual,0.8533152564232582,0.9824728163784012,1605212107,reaction_wheel_degradation
8640.0,144.0,2.4,1,589.4198654587356,330.9788696740969,-258.44099578463863,100.0,99.95909069173939,30.0,29.963517433588468,-8.614699859487954,-8.58540144866881,24.23777572553593,24.22022874189198,25.669396477875946,25.66741032411025,6.937044293524942,16.548943483704846,2524.471741852423,2523.5982689491807,2518.673685085121,0.0009555971591668166,0.1738899289791704,0.17198020599919986,23.178685339739516,23.125242476861068,0.0,0.0,0.0,0.15306714697172463,True,reaction_wheel_degradation,0.3159791075255756,0.15306714697172463,reaction_wheel_degradation,0.4844217333556942,0.15306714697172463,64,reaction_wheel_degradation,2.130370206837421,0.4844217333556942,gradual,0.8533152564232582,0.9824728163784012,1605212107,reaction_wheel_degradation
8700.0,145.0,2.4166666666666665,1,588.4298230256423,332.6794919243112,-255.75033110133114,100.0,100.0,30.0,30.043187331998176,-8.525011036711039,-8.495022735105717,24.247062621362993,24.385275921889118,25.67730925524537,25.537513771184038,6.814065054083602,16.633974596215563,2566.9872981077806,2545.292783528481,2537.9128075198705,0.001526017832704844,0.18815044581762108,0.19370138582942756,23.172182590919522,23.22958858383857,0.0,0.0,0.0,0.16252870938392125,True,reaction_wheel_degradation,0.33551077128197715,0.16252870938392125,reaction_wheel_degradation,0.4844217333556942,0.16252870938392125,64,reaction_wheel_degradation,2.130370206837421,0.4844217333556942,gradual,0.8533152564232582,0.9824728163784012,1605212107,reaction_wheel_degradation
8760.0,146.0,2.433333333333333,0,0.0,335.1371034904521,335.1371034904521,99.50128407218682,99.24841363213419,29.980051362887473,29.987311495862457,11.178670090783127,11.214187713766087,24.2522369563011,24.408876280879145,25.669404491552452,25.759245589622743,10.99701319988554,16.756855174522606,2628.427587261302,2586.8601853948917,2590.870937771896,0.002079743971947104,0.2019935992986776,0.20161144271882314,23.16589921815792,23.18145430760346,0.0,0.0,0.0,0.17199027179611784,True,reaction_wheel_degradation,0.3550424350383786,0.17199027179611784,reaction_wheel_degradation,0.4844217333556942,0.17199027179611784,64,reaction_wheel_degradation,2.130370206837421,0.4844217333556942,gradual,0.8533152564232582,0.9824728163784012,1605212107,reaction_wheel_degradation
8820.0,147.0,2.45,0,0.0,338.2442949541505,338.2442949541505,98.99794434755268,99.01393186853272,29.959917773902106,29.930056185438197,11.289893967893095,11.291302827490433,24.25804665611163,24.134637590386504,25.66187368511545,25.64969330419213,11.19693646450151,16.912214747707527,2706.107373853763,2646.483779624327,2638.849090642577,0.0025942773858897363,0.2148569346472434,0.2126470007603031,23.159869054134667,23.100240802500277,0.0,0.0,0.0,0.1814518342083147,True,reaction_wheel_degradation,0.37457409879478065,0.1814518342083147,reaction_wheel_degradation,0.4844217333556942,0.1814518342083147,64,reaction_wheel_degradation,2.130370206837421,0.4844217333556942,gradual,0.8533152564232582,0.9824728163784012,1605212107,reaction_wheel_degradation
8880.0,148.0,2.466666666666667,0,0.0,341.865267138484,341.865267138484,98.48921627145373,98.69817294719282,29.93956865085815,29.944178524261318,11.41851010364123,11.387942235304182,24.264600342304817,24.185424947204744,25.654765222348374,25.783191094575994,11.430589838956548,17.0932633569242,2796.6316784621,2721.557729043213,2723.1763117076293,0.003048805399219438,0.22622013498048593,0.22018666786730376,23.154122196840337,23.14522349889558,0.0,0.0,0.0,0.19091339662051132,True,reaction_wheel_degradation,0.3941057625511822,0.19091339662051132,reaction_wheel_degradation,0.4844217333556942,0.19091339662051132,64,reaction_wheel_degradation,2.130370206837421,0.4844217333556942,gradual,0.8533152564232582,0.9824728163784012,1605212107,reaction_wheel_degradation
8940.0,149.0,2.4833333333333334,0,0.0,345.8417661836448,345.8417661836448,97.9745707860614,97.97488945227303,29.918982831442456,29.96562701545454,11.559275531927268,11.598804536859973,24.271977233803792,24.24342678333178,25.64811127718795,25.73482140564636,11.689348065840994,17.29208830918224,2896.044154591119,2808.800941817166,2806.3445539325207,0.0034250940415667206,0.235627351039168,0.24206522730792804,23.148683446132086,22.960576044847635,0.0,0.0,0.0,0.2003749590327079,True,reaction_wheel_degradation,0.41363742630758366,0.2003749590327079,reaction_wheel_degradation,0.4844217333556942,0.2003749590327079,64,reaction_wheel_degradation,2.130370206837421,0.4844217333556942,gradual,0.8533152564232582,0.9824728163784012,1605212107,reaction_wheel_degradation
9000.0,150.0,2.5,0,0.0,350.0,350.0,97.45373745272806,97.47380025603934,29.898149498109124,29.854500077917287,11.706410124885334,11.699041823089084,24.28022271387084,24.345710090384177,25.641926386970447,25.57506736685449,11.96320304096143,17.5,2999.9999999999995,2904.400470908583,2895.6767428515723,0.0037082704500798975,0.24270676125199742,0.24339501748169795,23.143570807817873,23.17248489899775,0.0,0.0,0.0,0.20983652144490453,True,reaction_wheel_degradation,0.4331690900639852,0.20983652144490453,reaction_wheel_degradation,0.4844217333556942,0.20983652144490453,64,reaction_wheel_degradation,2.130370206837421,0.4844217333556942,gradual,0.8533152564232582,0.9824728163784012,1605212107,reaction_wheel_degradation
9060.0,151.0,2.5166666666666666,0,0.0,354.1582338163551,354.1582338163551,96.92671627145373,97.0646281404218,29.87706865085815,29.92489579497076,11.853848111909157,11.853753460221622,24.289345034937007,24.289801894487763,25.636206799256318,25.498010569684798,12.241097204816983,17.707911690817756,3103.955845408878,3004.1781581587306,3004.1349838442825,0.003887460924703928,0.2471865231175982,0.24617355121292317,23.138794135540195,23.22979064983461,0.0,0.0,0.0,0.21929808385710112,True,reaction_wheel_degradation,0.45270075382038666,0.21929808385710112,reaction_wheel_degradation,0.4844217333556942,0.21929808385710112,64,reaction_wheel_degradation,2.130370206837421,0.4844217333556942,gradual,0.8533152564232582,0.9824728163784012,1605212107,reaction_wheel_degradation
9120.0,152.0,2.533333333333333,0,0.0,358.134732861516,358.134732861516,96.39377768088599,96.0210217119669,29.85575110723544,29.842365226035128,11.9955023598359,12.03730699445917,24.299313518558005,24.244757419715835,25.63093061814842,25.640739509666037,12.511366149186292,17.9067366430758,3203.3683215379006,3103.7732398483154,3098.5947120178494,0.003956257272805677,0.2489064318201419,0.24812026362681008,23.1343540004063,23.066021947775845,0.0,0.0,0.0,0.22875964626929773,True,reaction_wheel_degradation,0.4722324175767882,0.22875964626929773,reaction_wheel_degradation,0.4844217333556942,0.22875964626929773,64,reaction_wheel_degradation,2.130370206837421,0.4844217333556942,gradual,0.8533152564232582,0.9824728163784012,1605212107,reaction_wheel_degradation
9180.0,153.0,2.55,0,0.0,361.75570504584937,361.75570504584937,95.85545073885348,95.94559154112025,29.83421802955414,29.874508017315698,12.125529976602362,12.107754834215822,24.310058564703585,24.438882266290133,25.626058743707816,25.555753322900447,12.762278177078597,18.08778525229247,3293.8926261462348,3198.832932997275,3196.4773336490684,0.003912991450105414,0.24782478625263535,0.24675122897619162,23.130240892521815,23.02421706485387,0.0,0.0,0.0,0.23822120868149432,True,reaction_wheel_degradation,0.49176408133318966,0.23822120868149432,reaction_wheel_degradation,0.4844217333556942,0.23822120868149432,64,reaction_wheel_degradation,2.130370206837421,0.4844217333556942,gradual,0.8533152564232582,0.9824728163784012,1605212107,reaction_wheel_degradation
9240.0,154.0,2.566666666666667,0,0.0,364.86289650954785,364.86289650954785,95.31249999999997,95.00690070838942,29.8125,29.828278260238903,12.238587723590703,12.195194957052136,24.32147368784017,24.470755677131798,25.62153656340911,25.430278167393194,12.982642357442005,18.243144825477394,3371.5724127386957,3285.202672867985,3289.3229196491143,0.003760806732011808,0.24402016830029521,0.24495485317877905,23.126434861942343,23.219719253249522,0.0,0.0,0.0,0.24768277109369122,True,reaction_wheel_degradation,0.5112957450895917,0.24768277109369122,reaction_wheel_degradation,0.4844217333556942,0.24768277109369122,64,reaction_wheel_degradation,2.130370206837421,0.4844217333556942,gradual,0.8533152564232582,0.9824728163784012,1605212107,reaction_wheel_degradation
9300.0,155.0,2.5833333333333335,0,0.0,367.32050807568874,367.32050807568874,94.76589210107781,94.77081865840496,29.790635684043114,29.76751761707684,12.33006613123191,12.288843778799384,24.33341965392661,24.34941239213833,25.617296321709404,25.655611117615884,13.162442464044178,18.366025403784437,3433.0127018922185,3359.107687380102,3351.468025400099,0.003507522380448434,0.23768805951121086,0.23767739577876484,23.122905695009145,23.160659629896408,0.0,0.0,0.0,0.2571443335058878,True,reaction_wheel_degradation,0.5308274088459932,0.2571443335058878,reaction_wheel_degradation,0.4844217333556942,0.2571443335058878,64,reaction_wheel_degradation,2.130370206837421,0.4844217333556942,gradual,0.8533152564232582,0.9824728163784012,1605212107,reaction_wheel_degradation
9360.0,156.0,2.6,0,0.0,369.0211303259031,369.0211303259031,94.21675351428333,94.14444399651147,29.768670140571334,29.76597286385086,12.396292094451642,12.398333432118351,24.345730618053977,24.262342692027026,25.61326006416832,25.553367969634614,13.293444615277142,18.451056516295154,3475.5282581475767,3417.3179727638394,3424.8197170498147,0.0031652976315910946,0.22913244078977735,0.23209067172613843,23.11961369385192,23.128396924701924,0.0,0.0,0.0,0.2666058959180844,True,reaction_wheel_degradation,0.5503590726023947,0.2666058959180844,reaction_wheel_degradation,0.4844217333556942,0.2666058959180844,64,reaction_wheel_degradation,2.130370206837421,0.4844217333556942,gradual,0.8533152564232582,0.9824728163784012,1605212107,reaction_wheel_degradation
9420.0,157.0,2.6166666666666667,0,0.0,369.8904379073655,369.8904379073655,93.6663213150164,93.61810763816369,29.746652852600654,29.729969430391645,12.434691047097997,12.371043635931956,24.358221978728796,24.4868274005383,25.60934302744571,25.611022434651996,13.369723314942329,18.494521895368276,3497.2609476841367,3457.2894602239876,3465.9788328396066,0.0027501094395661267,0.21875273598915318,0.21931207969575137,23.116511083227497,22.991147187853542,0.0,0.0,0.0,0.276067458330281,True,reaction_wheel_degradation,0.5698907363587962,0.276067458330281,reaction_wheel_degradation,0.4844217333556942,0.276067458330281,64,reaction_wheel_degradation,2.130370206837421,0.4844217333556942,gradual,0.8533152564232582,0.9824728163784012,1605212107,reaction_wheel_degradation
9480.0,158.0,2.6333333333333333,0,0.0,369.8904379073655,369.8904379073655,93.11588911574948,93.02328857509312,29.724635564629978,29.714838077478596,12.443901527509611,12.456582478551983,24.37069949625012,24.495824710732645,25.605457327016882,25.556311747069294,13.388054818108483,18.494521895368276,3497.2609476841367,3477.2752039540624,3471.572550505089,0.00228106640085105,0.20702666002127623,0.20564977894517925,23.113544014025067,23.11827428441376,0.0,0.0,0.0,0.28552902074247766,True,reaction_wheel_degradation,0.5894224001151978,0.28552902074247766,reaction_wheel_degradation,0.4844217333556942,0.28552902074247766,64,reaction_wheel_degradation,2.130370206837421,0.4844217333556942,gradual,0.8533152564232582,0.9824728163784012,1605212107,reaction_wheel_degradation
9540.0,159.0,2.65,0,0.0,369.0211303259031,369.0211303259031,92.56675052895498,92.41948279577029,29.702670021158198,29.726674860187135,12.42383698378082,12.428646769729935,24.3829690927125,24.25234485262308,25.60151578143334,25.698395454707295,13.348138031964808,18.451056516295154,3475.5282581475763,3476.4017310508193,3480.2901699270797,0.0017795883112389662,0.19448970778097413,0.19046620366698436,23.11065507341519,23.077810858239935,0.0,0.0,0.0,0.29499058315467425,True,reaction_wheel_degradation,0.6089540638715992,0.29499058315467425,reaction_wheel_degradation,0.4844217333556942,0.29499058315467425,64,reaction_wheel_degradation,2.130370206837421,0.4844217333556942,gradual,0.8533152564232582,0.9824728163784012,1605212107,reaction_wheel_degradation
9600.0,160.0,2.6666666666666665,0,0.0,367.3205080756888,367.3205080756888,92.02014263003282,92.15026710556269,29.680805705201312,29.7173794516227,12.375691944619918,12.358425802248453,24.394846678451728,24.279895983680788,25.59743570598944,25.677574147074544,13.252620088650426,18.36602540378444,3433.0127018922203,3454.70721647152,3459.0403773411695,0.001268486570451738,0.18171216426129344,0.18306267625513475,23.1077861559449,23.139861252465053,0.0,0.0,0.0,0.30445214556687084,True,reaction_wheel_degradation,0.6284857276280007,0.30445214556687084,reaction_wheel_degradation,0.4844217333556942,0.30445214556687084,64,reaction_wheel_degradation,2.130370206837421,0.4844217333556942,gradual,0.8533152564232582,0.9824728163784012,1605212107,reaction_wheel_degradation
9660.0,161.0,2.683333333333333,0,0.0,364.8628965095479,364.8628965095479,91.47719189117932,91.20020198749947,29.65908767564717,29.66121984237669,12.301892104696591,12.3651128291451,24.406167344875843,24.345781336918467,25.59314250999248,25.597116786371192,13.106923948447706,18.243144825477398,3371.572412738698,3413.139814605109,3408.7287099460195,0.0007709849017104771,0.16927462254276193,0.1681268376230879,23.104881506205096,23.310171781920534,0.0,0.0,0.0,0.3139137079790674,True,reaction_wheel_degradation,0.6480173913844022,0.3139137079790674,reaction_wheel_degradation,0.4844217333556942,0.3139137079790674,64,reaction_wheel_degradation,2.130370206837421,0.4844217333556942,gradual,0.8533152564232582,0.9824728163784012,1605212107,reaction_wheel_degradation
9720.0,162.0,2.7,0,0.0,361.7557050458495,361.7557050458495,90.9388649491468,91.03126734374035,29.637554597965874,29.66621553007543,12.205990337363327,12.194725643960927,24.416793327504138,24.52088202154658,25.588572940417123,25.586931169937863,12.918896009264552,18.087785252292473,3293.892626146237,3353.5162203756736,3353.5408035062756,0.0003097224125019932,0.1577430603125498,0.16221973172699336,23.101890719002213,23.20028300642827,0.0,0.0,0.0,0.3233752703912643,True,reaction_wheel_degradation,0.6675490551408042,0.3233752703912643,reaction_wheel_degradation,0.4844217333556942,0.3233752703912643,64,reaction_wheel_degradation,2.130370206837421,0.4844217333556942,gradual,0.8533152564232582,0.9824728163784012,1605212107,reaction_wheel_degradation
9780.0,163.0,2.716666666666667,0,0.0,358.134732861516,358.134732861516,90.40592635857907,90.3459884514686,29.616237054343163,29.60766336472802,12.092513042908543,12.026969132110752,24.426620266657224,24.289949342860368,25.583677830179937,25.727603540437425,12.698309735433059,17.9067366430758,3203.3683215379,3278.4422709567866,3279.4319365812926,-9.42182212547995e-05,0.15235545553136998,0.15446906311972716,23.098792668073596,23.049200630805558,0.0,0.0,0.0,0.33283683280346094,True,reaction_wheel_degradation,0.6870807188972058,0.33283683280346094,reaction_wheel_degradation,0.4844217333556942,0.33283683280346094,64,reaction_wheel_degradation,2.130370206837421,0.4844217333556942,gradual,0.8533152564232582,0.9824728163784012,1605212107,reaction_wheel_degradation
9840.0,164.0,2.7333333333333334,0,0.0,354.1582338163553,354.1582338163553,89.87890517730473,89.67810912182219,29.595156207092188,29.633914256188955,11.96676345744324,12.006556061324888,24.43558145909632,24.60946485580342,25.578424230920135,25.63815102901987,12.456274211711914,17.707911690817763,3103.955845408883,3191.1990581828345,3190.025943698089,-0.0004222157447841693,0.16055539361960422,0.15964863269661464,23.09560891355752,23.106780708823866,0.0,0.0,0.0,0.3422983952156575,True,reaction_wheel_degradation,0.7066123826536073,0.3422983952156575,reaction_wheel_degradation,0.4844217333556942,0.3422983952156575,64,reaction_wheel_degradation,2.130370206837421,0.4844217333556942,gradual,0.8533152564232582,0.9824728163784012,1605212107,reaction_wheel_degradation
9900.0,165.0,2.75,0,0.0,349.99999999999994,349.99999999999994,89.3580718439714,88.99720336420337,29.574322873758856,29.59385513160858,11.834590482223792,11.771545088754959,24.44364997884359,24.391999838088307,25.572796837072772,25.527017112656324,12.204602550555357,17.499999999999996,2999.999999999999,3095.599529091417,3087.3663027084667,-0.0006589096532146046,0.1664727413303651,0.17036022217892444,23.09229972181661,23.000620483183017,0.0,0.0,0.0,0.3517599576278541,True,reaction_wheel_degradation,0.7261440464100087,0.3517599576278541,reaction_wheel_degradation,0.4844217333556942,0.3517599576278541,64,reaction_wheel_degradation,2.130370206837421,0.4844217333556942,gradual,0.8533152564232582,0.9824728163784012,1605212107,reaction_wheel_degradation
9960.0,166.0,2.7666666666666666,0,0.0,345.8417661836449,345.8417661836449,88.84342635857907,88.98870492387763,29.553737054343163,29.542325210822348,11.702133153168209,11.71843453863891,24.45083872439306,24.405121419350436,25.566798638994555,25.69044216779769,11.955193626758282,17.292088309182244,2896.044154591122,2995.82184184127,2988.7888023115825,-0.0007928595591535966,0.16982148897883992,0.16964306147894756,23.088835228904035,23.111743154023284,0.0,0.0,0.0,0.3612215200400507,True,reaction_wheel_degradation,0.7456757101664102,0.3612215200400507,reaction_wheel_degradation,0.4844217333556942,0.3612215200400507,64,reaction_wheel_degradation,2.130370206837421,0.4844217333556942,gradual,0.8533152564232582,0.9824728163784012,1605212107,reaction_wheel_degradation
10020.0,167.0,2.783333333333333,0,0.0,341.86526713848406,341.86526713848406,88.33469828248013,88.38707123165635,29.533387931299206,29.537942384782255,11.575551979804473,11.544026110683658,24.457198599683274,24.485506753956805,25.560450776596447,25.451459686462965,11.719472290972421,17.093263356924204,2796.6316784621013,2896.226760151685,2893.739135905452,-0.0008170363042691996,0.17042590760673,0.17284287739047172,23.085196675255904,23.108105479478397,0.0,0.0,0.0,0.37068308245224735,True,reaction_wheel_degradation,0.7652073739228118,0.37068308245224735,reaction_wheel_degradation,0.4844217333556942,0.37068308245224735,64,reaction_wheel_degradation,2.130370206837421,0.4844217333556942,gradual,0.8533152564232582,0.9824728163784012,1605212107,reaction_wheel_degradation
10080.0,168.0,2.8,0,0.0,338.2442949541506,338.2442949541506,87.83135855784599,87.80764239331633,29.51325434231384,29.545455584806984,11.46075898750352,11.437714851791414,24.462815140503746,24.667504066563026,25.55379159987909,25.633547826412926,11.507919725571414,16.91221474770753,2706.107373853764,2801.1670670027247,2798.0288480997856,-0.0007291237394020684,0.1682280934850517,0.16536955250522314,23.081377085256783,23.097308550434033,0.0,0.0,0.0,0.38014464486444394,True,reaction_wheel_degradation,0.7847390376792133,0.38014464486444394,reaction_wheel_degradation,0.4844217333556942,0.38014464486444394,64,reaction_wheel_degradation,2.130370206837421,0.4844217333556942,gradual,0.8533152564232582,0.9824728163784012,1605212107,reaction_wheel_degradation
10140.0,169.0,2.816666666666667,0,0.0,335.1371034904521,335.1371034904521,87.33264263003281,87.27445919261564,29.493305705201312,29.46844651428698,11.363158366861153,11.358886609282601,24.467803947812822,24.594101090995448,25.546874977429102,25.494767297600657,11.32970944562933,16.756855174522606,2628.427587261303,2714.797327132014,2711.377997712845,-0.0005316182211935617,0.16329045552983903,0.16130604668606174,23.077381433542712,23.101725331287184,0.0,0.0,0.0,0.3896062072766408,True,reaction_wheel_degradation,0.8042707014356153,0.3896062072766408,reaction_wheel_degradation,0.4844217333556942,0.3896062072766408,64,reaction_wheel_degradation,2.130370206837421,0.4844217333556942,gradual,0.8533152564232582,0.9824728163784012,1605212107,reaction_wheel_degradation
10200.0,170.0,2.8333333333333335,0,0.0,332.6794919243112,332.6794919243112,86.8375838622883,86.87348082368851,29.473503354491534,29.503261218924795,11.287409166227041,11.305249510620287,24.472305285642165,24.597362579269348,25.5397679268021,25.551439520098985,11.1924484548661,16.633974596215563,2566.9872981077806,2640.8923126198974,2638.6773455442276,-0.0002317215523669064,0.15579303880917267,0.16133170316004214,23.073226366505494,23.17324643884005,0.0,0.0,0.0,0.3990677696888374,True,reaction_wheel_degradation,0.8238023651920168,0.3990677696888374,reaction_wheel_degradation,0.4844217333556942,0.3990677696888374,64,reaction_wheel_degradation,2.130370206837421,0.4844217333556942,gradual,0.8533152564232582,0.9824728163784012,1605212107,reaction_wheel_degradation
10260.0,171.0,2.85,0,0.0,330.978869674097,330.978869674097,86.34505578241614,86.37076529210914,29.453802231296645,29.389460021821144,11.237220480906526,11.280782647467516,24.476478153698046,24.477559508185266,25.532547670355093,25.396828754651324,11.102009930920408,16.54894348370485,2524.471741852424,2582.682027236161,2580.2586873888686,0.00015896804460572883,0.1539742011151432,0.15486374817446277,23.06897854998176,23.114399818376665,0.0,0.0,0.0,0.408529332101034,True,reaction_wheel_degradation,0.8433340289484182,0.408529332101034,reaction_wheel_degradation,0.4844217333556942,0.408529332101034,64,reaction_wheel_degradation,2.130370206837421,0.4844217333556942,gradual,0.8533152564232582,0.9824728163784012,1605212107,reaction_wheel_degradation
10320.0,172.0,2.8666666666666667,0,0.0,330.1095620926345,330.1095620926345,85.85382131501638,86.12807666827547,29.434152852600654,29.458024890467204,11.215188143709993,11.22403573899206,24.480494070135542,24.51607742366696,25.525298245201515,25.661815504404796,11.062435607905055,16.505478104631727,2502.739052315864,2542.710539776012,2547.1814831177367,0.0006249536648139443,0.1656238416203486,0.15996590329229218,23.064752342925228,23.012226082014482,0.0,0.0,0.0,0.4179908945132306,True,reaction_wheel_degradation,0.8628656927048198,0.4179908945132306,reaction_wheel_degradation,0.4844217333556942,0.4179908945132306,64,reaction_wheel_degradation,2.130370206837421,0.4844217333556942,gradual,0.8533152564232582,0.9824728163784012,1605212107,reaction_wheel_degradation
10380.0,173.0,2.8833333333333333,0,0.0,330.1095620926345,330.1095620926345,85.36258684761663,85.89911725201708,29.414503473904666,29.47173965889504,11.222680076360769,11.217220935009204,24.48453071854042,24.516012799274105,25.518106815449165,25.47529611247414,11.075883847707596,16.505478104631727,2502.7390523158633,2522.724796045938,2515.7587239681557,0.0011475048160542911,0.17868762040135727,0.17716141046022413,23.060610022734316,23.036226303143547,0.0,0.0,0.0,0.4274524569254272,True,reaction_wheel_degradation,0.8823973564612213,0.4274524569254272,reaction_wheel_degradation,0.4844217333556942,0.4274524569254272,64,reaction_wheel_degradation,2.130370206837421,0.4844217333556942,gradual,0.8533152564232582,0.9824728163784012,1605212107,reaction_wheel_degradation
10440.0,174.0,2.9,0,0.0,330.9788696740969,330.9788696740969,84.87005876774447,85.11774869432698,29.394802350709778,29.425225189840813,11.259775307388825,11.277981460122238,24.48876554488861,24.35135695303021,25.51105984789298,25.52587626878161,11.142603197830649,16.548943483704846,2524.471741852423,2523.5982689491807,2519.9341311214803,0.001705461336894645,0.1926365334223661,0.19268843911001007,23.056616218321476,23.012497786422504,0.0,0.0,0.0,0.4369140193376238,True,reaction_wheel_degradation,0.9019290202176228,0.4369140193376238,reaction_wheel_degradation,0.4844217333556942,0.4369140193376238,64,reaction_wheel_degradation,2.130370206837421,0.4844217333556942,gradual,0.8533152564232582,0.9824728163784012,1605212107,reaction_wheel_degradation
10500.0,175.0,2.9166666666666665,0,0.0,332.6794919243112,332.6794919243112,84.37499999999994,84.44349988102447,29.374999999999996,29.396858143368284,11.325259299551021,11.298193551553343,24.49336935113983,24.527518939597616,25.504239318302268,25.52473876111162,11.260919856165351,16.633974596215563,2566.9872981077806,2545.292783528481,2546.1923432327103,0.0022761416447936553,0.20690354111984138,0.20129497928667642,23.052835608640482,22.98162995485046,0.0,0.0,0.0,0.4463755817498204,True,reaction_wheel_degradation,0.9214606839740243,0.4463755817498204,reaction_wheel_degradation,0.4844217333556942,0.4463755817498204,64,reaction_wheel_degradation,2.130370206837421,0.4844217333556942,gradual,0.8533152564232582,0.9824728163784012,1605212107,reaction_wheel_degradation
10560.0,176.0,2.933333333333333,0,0.0,335.13710349045203,335.13710349045203,83.87628407218678,83.92924317712175,29.355051362887473,29.394466227078155,11.416675765526124,11.419540961175818,24.498499931175697,24.683323686893335,25.497719114104896,25.27065404596619,11.427238842812121,16.756855174522602,2628.4275872613007,2586.860185394891,2573.300488663386,0.0028363163428964276,0.2209079085724107,0.22930915897008453,23.049330563679078,23.01326380047339,0.0,0.0,0.0,0.45583714416201704,True,reaction_wheel_degradation,0.9409923477304258,0.45583714416201704,reaction_wheel_degradation,0.4844217333556942,0.45583714416201704,64,reaction_wheel_degradation,2.130370206837421,0.4844217333556942,gradual,0.8533152564232582,0.9824728163784012,1605212107,reaction_wheel_degradation
10620.0,177.0,2.95,0,0.0,338.2442949541506,338.2442949541506,83.37294434755262,83.56430326538863,29.334917773902106,29.34573059302902,11.530432693255086,11.53947343835654,24.504295832413625,24.38398677339649,25.491561790687474,25.421554460818857,11.63607024749486,16.91221474770753,2706.1073738537643,2646.4837796243282,2645.914121841653,0.0033632054072333475,0.23408013518083368,0.2397436596203754,23.046158725117152,23.01203015866997,0.0,0.0,0.0,0.4652987065742139,True,reaction_wheel_degradation,0.9605240114868279,0.4652987065742139,reaction_wheel_degradation,0.4844217333556942,0.4652987065742139,64,reaction_wheel_degradation,2.130370206837421,0.4844217333556942,gradual,0.8533152564232582,0.9824728163784012,1605212107,reaction_wheel_degradation
10680.0,178.0,2.966666666666667,0,0.0,341.86526713848394,341.86526713848394,82.86421627145369,82.5539131531409,29.31456865085815,29.290169184344958,11.66195795715644,11.627697094721466,24.51087039432434,24.615931749963444,25.48581582307582,25.391322696704982,11.880101071558753,17.093263356924197,2796.631678462098,2721.557729043213,2722.7133874684405,0.0038354561612797345,0.24588640403199336,0.2422863217208435,23.0433705389289,22.98312206033386,0.0,0.0,0.0,0.4747602689864105,True,reaction_wheel_degradation,0.9800556752432293,0.4747602689864105,reaction_wheel_degradation,0.4844217333556942,0.4747602689864105,64,reaction_wheel_degradation,2.130370206837421,0.4844217333556942,gradual,0.8533152564232582,0.9824728163784012,1605212107,reaction_wheel_degradation
10740.0,179.0,2.9833333333333334,0,0.0,345.8417661836448,345.8417661836448,82.34957078606136,82.19561788881487,29.293982831442456,29.277477194619784,11.80589775632825,11.775261616481345,24.518306297780494,24.493077702733363,25.48051347310958,25.372374744023087,12.150337746630113,17.29208830918224,2896.044154591119,2808.800941817166,2808.247872249079,0.004234060065853835,0.25585150164634585,0.25839400420789205,23.041006785514018,23.04765319077769,0.0,0.0,0.0,0.4842218313986071,True,reaction_wheel_degradation,0.9995873389996308,0.4842218313986071,reaction_wheel_degradation,0.4844217333556942,0.4842218313986071,64,reaction_wheel_degradation,2.130370206837421,0.4844217333556942,gradual,0.8533152564232582,0.9824728163784012,1605212107,reaction_wheel_degradation
10800.0,180.0,3.0,1,600.0,349.99999999999994,-250.00000000000006,82.72159459558517,82.41978289674563,29.308863783823405,29.34866999407241,-8.529842775344429,-8.489737528633308,24.525931984733038,24.460737802354235,25.4916693653247,25.512941147335628,6.820657421767644,17.499999999999996,2999.999999999999,2904.400470908583,2901.3648913152524,0.0045159270087777245,0.2628981752194431,0.2644420167865538,23.03901612112842,22.918533060376646,0.0,0.0,0.0,0.4844217333556942,True,reaction_wheel_degradation,1.0,0.4844217333556942,reaction_wheel_degradation,0.4844217333556942,0.4844217333556942,64,reaction_wheel_degradation,2.130370206837421,0.4844217333556942,gradual,0.8533152564232582,0.9824728163784012,1605212107,reaction_wheel_degradation
10860.0,181.0,3.0166666666666666,1,601.2556165273943,354.15823381635516,-247.09738271103913,83.08929903414327,83.1044336652223,29.32357196136573,29.327110376622684,-8.42657855723013,-8.4513723115825,24.53304498647295,24.58263528161297,25.50315183378374,25.65793232313522,6.680578094493649,17.70791169081776,3103.9558454088797,3004.1781581587315,3008.7502798272144,0.004693829483431976,0.2673457370857994,0.25988938218269914,23.037401602504342,22.96324774239252,0.0,0.0,0.0,0.4844217333556942,True,reaction_wheel_degradation,1.0,0.4844217333556942,reaction_wheel_degradation,0.4844217333556942,0.4844217333556942,64,reaction_wheel_degradation,2.130370206837421,0.4844217333556942,gradual,0.8533152564232582,0.9824728163784012,1605212107,reaction_wheel_degradation
10920.0,182.0,3.033333333333333,1,602.5051158172811,358.134732861516,-244.37038295576508,83.45294543735125,83.87549950743593,29.33811781749405,29.340596450184545,-8.329449914815232,-8.32598923377459,24.539681312789693,24.618934162708786,25.51494009239962,25.45430614853075,6.550378870673239,17.9067366430758,3203.3683215379006,3103.773239848316,3099.0240624971652,0.004760562020298136,0.2690140505074534,0.27087279071593867,23.036152206817142,23.04301453726916,0.0,0.0,0.0,0.4844217333556942,True,reaction_wheel_degradation,1.0,0.4844217333556942,reaction_wheel_degradation,0.4844217333556942,0.4844217333556942,64,reaction_wheel_degradation,2.130370206837421,0.4844217333556942,gradual,0.8533152564232582,0.9824728163784012,1605212107,reaction_wheel_degradation
10980.0,183.0,3.05,1,603.7424104347197,361.75570504584937,-241.9867053888703,83.81304470132278,83.6302838120963,29.35252178805291,29.359100081580433,-8.24415384600324,-8.297524828149628,24.545900844282706,24.47858238252981,25.526996142165007,25.481337820222436,6.437285810925601,18.08778525229247,3293.8926261462348,3198.8329329972753,3193.6008366654055,0.004713208087296897,0.2678302021824224,0.27095164415292267,23.035241012771213,23.03849132942705,0.0,0.0,0.0,0.4844217333556942,True,reaction_wheel_degradation,1.0,0.4844217333556942,reaction_wheel_degradation,0.4844217333556942,0.4844217333556942,64,reaction_wheel_degradation,2.130370206837421,0.4844217333556942,gradual,0.8533152564232582,0.9824728163784012,1605212107,reaction_wheel_degradation
11040.0,184.0,3.066666666666667,1,604.961472404706,364.8628965095479,-240.0985758951581,84.1703342487858,84.29551690445345,29.366813369951434,29.322996616203366,-8.175847098917126,-8.169803817765185,24.551783966092977,24.482189776557757,25.539266462678643,25.710391766773306,6.3475580627897275,18.243144825477398,3371.5724127386984,3285.202672867987,3285.4654200154996,0.004553837278529899,0.26384593196324746,0.26818100334882483,23.03462581086423,23.122944208671765,0.0,0.0,0.0,0.4844217333556942,True,reaction_wheel_degradation,1.0,0.4844217333556942,reaction_wheel_degradation,0.4844217333556942,0.4844217333556942,64,reaction_wheel_degradation,2.130370206837421,0.4844217333556942,gradual,0.8533152564232582,0.9824728163784012,1605212107,reaction_wheel_degradation
11100.0,185.0,3.0833333333333335,1,606.1563625798619,367.32050807568874,-238.8358545041732,84.52574474655987,84.57187616156266,29.381029789862396,29.3739419293124,-8.128913663420365,-8.136504278759233,24.557427725589044,24.563569629980254,25.55168438178478,25.6035498684319,6.286338987787384,18.366025403784437,3433.0127018922185,3359.1076873801026,3363.367864909534,0.004289414863086072,0.2572353715771518,0.2602090136562441,23.034250579485736,23.03003524567131,0.0,0.0,0.0,0.4844217333556942,True,reaction_wheel_degradation,1.0,0.4844217333556942,reaction_wheel_degradation,0.4844217333556942,0.4844217333556942,64,reaction_wheel_degradation,2.130370206837421,0.4844217333556942,gradual,0.8533152564232582,0.9824728163784012,1605212107,reaction_wheel_degradation
11160.0,186.0,3.1,1,607.3212595753644,369.0211303259031,-238.3001292494613,84.88035803413348,84.83695303859092,29.395214321365337,29.394475042442266,-8.106766177794373,-8.042534475264654,24.562941734665223,24.536974749992908,25.564173019763093,25.534476102791466,6.257572628914463,18.451056516295154,3475.5282581475767,3417.3179727638394,3424.555984747157,0.003931497369359991,0.2482874342339998,0.24936943997984648,23.0340478252572,23.064762002524876,0.0,0.0,0.0,0.4844217333556942,True,reaction_wheel_degradation,1.0,0.4844217333556942,reaction_wheel_degradation,0.4844217333556942,0.4844217333556942,64,reaction_wheel_degradation,2.130370206837421,0.4844217333556942,gradual,0.8533152564232582,0.9824728163784012,1605212107,reaction_wheel_degradation
11220.0,187.0,3.1166666666666667,1,608.450488130146,369.8904379073654,-238.5600502227806,85.23535810886976,85.4251569397152,29.409414324354792,29.353962926109926,-8.111689936824824,-8.081150347256957,24.56844395455888,24.57752553035416,25.576648679395724,25.55486274439955,6.26396109049481,18.494521895368273,3497.260947684136,3457.2894602239876,3460.8237052560153,0.0034957275093060918,0.23739318773265228,0.23640220997166703,23.033941703197744,22.990787558335246,0.0,0.0,0.0,0.4844217333556942,True,reaction_wheel_degradation,1.0,0.4844217333556942,reaction_wheel_degradation,0.4844217333556942,0.4844217333556942,64,reaction_wheel_degradation,2.130370206837421,0.4844217333556942,gradual,0.8533152564232582,0.9824728163784012,1605212107,reaction_wheel_degradation
11280.0,188.0,3.1333333333333333,1,609.5385467561977,369.8904379073655,-239.64810884883218,85.59197731846623,85.76170535678028,29.42367909273865,29.41882083054517,-8.1447363565073,-8.12169535858004,24.574056418916065,24.331766024563642,25.589024533751296,25.58549157643187,6.306938425360945,18.494521895368276,3497.2609476841367,3477.2752039540624,3476.6498934013925,0.0030011505168645444,0.2250287629216136,0.22718433993304282,23.03385175007632,23.088519161175284,0.0,0.0,0.0,0.4844217333556942,True,reaction_wheel_degradation,1.0,0.4844217333556942,reaction_wheel_degradation,0.4844217333556942,0.4844217333556942,64,reaction_wheel_degradation,2.130370206837421,0.4844217333556942,gradual,0.8533152564232582,0.9824728163784012,1605212107,reaction_wheel_degradation
11340.0,189.0,3.15,1,610.5801345412646,369.02113032590313,-241.55900421536143,85.95144012235815,86.14931520423234,29.438057604894325,29.416237644009946,-8.205670613783981,-8.22221595930779,24.579900888461747,24.63397861364477,25.601214450513876,25.681362493539883,6.386642417753438,18.451056516295157,3475.5282581475776,3476.40173105082,3470.5566845863386,0.0024693817798487616,0.21173454449621903,0.22410671927972603,23.033696994605375,23.007272730151858,0.0,0.0,0.0,0.4844217333556942,True,reaction_wheel_degradation,1.0,0.4844217333556942,reaction_wheel_degradation,0.4844217333556942,0.4844217333556942,64,reaction_wheel_degradation,2.130370206837421,0.4844217333556942,gradual,0.8533152564232582,0.9824728163784012,1605212107,reaction_wheel_degradation
11400.0,190.0,3.1666666666666665,1,611.5701769743577,367.3205080756888,-244.24966889866886,86.3149068915526,86.42143815389085,29.452596275662103,29.459255864859763,-8.29297582503796,-8.277984062026466,24.586094402606886,24.63283641856289,25.613136785717334,25.748324379859653,6.5018758427731225,18.36602540378444,3433.0127018922203,3454.7072164715205,3456.6198307483833,0.0019236621437758164,0.1980915535943954,0.2032777867238054,23.03340016140775,22.911873294697603,0.0,0.0,0.0,0.4844217333556942,True,reaction_wheel_degradation,1.0,0.4844217333556942,reaction_wheel_degradation,0.4844217333556942,0.4844217333556942,64,reaction_wheel_degradation,2.130370206837421,0.4844217333556942,gradual,0.8533152564232582,0.9824728163784012,1605212107,reaction_wheel_degradation
11460.0,191.0,3.183333333333333,1,612.503850668262,364.86289650954785,-247.64095415871412,86.68342021619354,86.81390953206713,29.46733680864774,29.449496477185846,-8.403913654186736,-8.365835374197871,24.592744706779786,24.751272093239162,25.62471798108255,25.621607685848346,6.650061176562101,18.243144825477394,3371.5724127386957,3413.1398146051083,3418.7136835793376,0.0013878421753954291,0.18469605438488573,0.1893740653752474,23.032891669221492,22.8026987390198,0.0,0.0,0.0,0.4844217333556942,True,reaction_wheel_degradation,1.0,0.4844217333556942,reaction_wheel_degradation,0.4844217333556942,0.4844217333556942,64,reaction_wheel_degradation,2.130370206837421,0.4844217333556942,gradual,0.8533152564232582,0.9824728163784012,1605212107,reaction_wheel_degradation
11520.0,192.0,3.2,1,613.376606858593,361.7557050458495,-251.62090181274357,87.05785608198632,87.12335618696062,29.482314243279454,29.43172613340081,-8.534638757881803,-8.518724496189868,24.599945587533117,24.682521668699042,25.635895807738475,25.470019183058035,6.827204698203059,18.087785252292473,3293.892626146237,3353.516220375672,3352.6299779230144,0.0008853397784754108,0.17213349446188525,0.1635766316708686,23.03211314045414,22.954778357215808,0.0,0.0,0.0,0.4844217333556942,True,reaction_wheel_degradation,1.0,0.4844217333556942,reaction_wheel_degradation,0.4844217333556942,0.4844217333556942,64,reaction_wheel_degradation,2.130370206837421,0.4844217333556942,gradual,0.8533152564232582,0.9824728163784012,1605212107,reaction_wheel_degradation
11580.0,193.0,3.216666666666667,1,614.184193564921,358.134732861516,-256.049460703405,87.4388820651759,87.56822757994435,29.497555282607035,29.52167588029013,-8.680362092731874,-8.742176652567531,24.607772230290834,24.539648615689156,25.646622114562717,25.75662783134254,7.027894884874919,17.9067366430758,3203.3683215379,3278.4422709567857,3273.9723965872126,0.00043811671903506077,0.16095291797587652,0.15022135053835917,23.031020186908524,23.006555910538495,0.0,0.0,0.0,0.4844217333556942,True,reaction_wheel_degradation,1.0,0.4844217333556942,reaction_wheel_degradation,0.4844217333556942,0.4844217333556942,64,reaction_wheel_degradation,2.130370206837421,0.4844217333556942,gradual,0.8533152564232582,0.9824728163784012,1605212107,reaction_wheel_degradation
11640.0,194.0,3.2333333333333334,1,614.9226763059908,354.15823381635533,-260.7644424896354,87.82692439030929,87.77621829769528,29.51307697561237,29.49211889379437,-8.835555936953428,-8.803305896218374,24.616276809899766,24.60134256427131,25.65686496102785,25.520617520120474,7.245363897202638,17.707911690817767,3103.955845408883,3191.1990581828345,3192.7087377486478,6.571879078635977e-05,0.151642969769659,0.15912065486290547,23.029584308633503,22.949202801881594,0.0,0.0,0.0,0.4844217333556942,True,reaction_wheel_degradation,1.0,0.4844217333556942,reaction_wheel_degradation,0.4844217333556942,0.4844217333556942,64,reaction_wheel_degradation,2.130370206837421,0.4844217333556942,gradual,0.8533152564232582,0.9824728163784012,1605212107,reaction_wheel_degradation
11700.0,195.0,3.25,1,615.5884572681198,349.99999999999994,-265.58845726811984,88.22214530886305,88.34336345661475,29.52888581235452,29.552980101609517,-8.99419161819512,-8.931359346535567,24.62548461113765,24.552851132194075,25.666610041339627,25.602677919713102,7.47163862918491,17.499999999999996,2999.999999999999,3095.599529091417,3094.5424208835384,-0.00021557842984285588,0.15538946074607138,0.15866191018274226,23.02785112867586,23.01748357977809,0.0,0.0,0.0,0.4844217333556942,True,reaction_wheel_degradation,1.0,0.4844217333556942,reaction_wheel_degradation,0.4844217333556942,0.4844217333556942,64,reaction_wheel_degradation,2.130370206837421,0.4844217333556942,gradual,0.8533152564232582,0.9824728163784012,1605212107,reaction_wheel_degradation
11760.0,196.0,3.2666666666666666,1,616.178292833385,345.8417661836449,-270.33652664974005,88.62443180685374,88.94324567981941,29.54497727227415,29.533505045941283,-9.149999479046192,-9.216049947082533,24.635391034261904,24.796346239956733,25.675861337627275,25.646739756556723,7.697799237323648,17.292088309182244,2896.044154591122,2995.82184184127,2988.341495932383,-0.00039348090449706436,0.1598370226124266,0.1601925214406201,23.02581533425402,23.03321015935908,0.0,0.0,0.0,0.4844217333556942,True,reaction_wheel_degradation,1.0,0.4844217333556942,reaction_wheel_degradation,0.4844217333556942,0.4844217333556942,64,reaction_wheel_degradation,2.130370206837421,0.4844217333556942,gradual,0.8533152564232582,0.9824728163784012,1605212107,reaction_wheel_degradation
11820.0,197.0,3.283333333333333,1,616.6893093822022,341.86526713848406,-274.8240422437181,89.0333961554307,88.75714564310563,29.561335846217226,29.610812369896518,-9.296739622099507,-9.303622326350675,24.645959852749964,24.676305535303705,25.684640973640104,25.620508864800847,7.9143494080891905,17.093263356924204,2796.6316784621013,2896.226760151685,2885.530468182269,-0.00046021344136324555,0.16150533603408113,0.16486403734182106,23.02346808731734,22.916429813090083,0.0,0.0,0.0,0.4844217333556942,True,reaction_wheel_degradation,1.0,0.4844217333556942,reaction_wheel_degradation,0.4844217333556942,0.4844217333556942,64,reaction_wheel_degradation,2.130370206837421,0.4844217333556942,gradual,0.8533152564232582,0.9824728163784012,1605212107,reaction_wheel_degradation
11880.0,198.0,3.3,1,617.1190172933127,338.24429495415046,-278.87472233916225,89.44838830176873,89.24182242807436,29.57793553207075,29.53053002233606,-9.428471504942733,-9.365771929479644,24.657123046945337,24.684856114157952,25.692988275346398,25.80059483183644,8.111685993561366,16.912214747707523,2706.107373853761,2801.1670670027233,2798.3959971908757,-0.0004128595083620775,0.16032148770905194,0.16081024175434772,23.020814342640527,23.08308015258606,0.0,0.0,0.0,0.4844217333556942,True,reaction_wheel_degradation,1.0,0.4844217333556942,reaction_wheel_degradation,0.4844217333556942,0.4844217333556942,64,reaction_wheel_degradation,2.130370206837421,0.4844217333556942,gradual,0.8533152564232582,0.9824728163784012,1605212107,reaction_wheel_degradation
11940.0,199.0,3.316666666666667,1,617.465323072968,335.13710349045215,-282.3282195825158,89.86851958090938,89.83321842429446,29.594740783236375,29.586945583197643,-9.539810524119801,-9.549251891957816,24.668782437953293,24.651400696833534,25.700958079492672,25.59878709674445,8.280638786888552,16.75685517452261,2628.427587261303,2714.7973271320134,2714.297788396908,-0.0002534886995949749,0.15633721748987436,0.15753006446819948,23.017872064037878,22.96943837082624,0.0,0.0,0.0,0.4844217333556942,True,reaction_wheel_degradation,1.0,0.4844217333556942,reaction_wheel_degradation,0.4844217333556942,0.4844217333556942,64,reaction_wheel_degradation,2.130370206837421,0.4844217333556942,gradual,0.8533152564232582,0.9824728163784012,1605212107,reaction_wheel_degradation
12000.0,200.0,3.3333333333333335,1,617.7265395542198,332.6794919243112,-285.0470476299086,90.29269673512056,90.39581433974995,29.61170786940482,29.538846229658702,-9.626160331144652,-9.64456670023571,24.680813200051148,24.775616010823747,25.708618364049162,25.72144494386513,8.413037017672233,16.633974596215563,2566.9872981077806,2640.892312619897,2633.780978365898,1.0933715848796335e-05,0.1502733428962199,0.14489202926079334,23.01467397580788,23.030050329448386,0.0,0.0,0.0,0.4844217333556942,True,reaction_wheel_degradation,1.0,0.4844217333556942,reaction_wheel_degradation,0.4844217333556942,0.4844217333556942,64,reaction_wheel_degradation,2.130370206837421,0.4844217333556942,gradual,0.8533152564232582,0.9824728163784012,1605212107,reaction_wheel_degradation
12060.0,201.0,3.35,1,617.9013941166289,330.978869674097,-286.92252444253194,90.71966477744576,90.67141908459975,29.62878659109783,29.663814602525658,-9.68391073189409,-9.624048204226016,24.693069154734385,24.753329860069826,25.71604730410418,25.639869500189302,8.502250165063481,16.54894348370485,2524.471741852424,2582.6820272361606,2586.8613844008305,0.000368851209574912,0.1592212802393728,0.15887573414428705,23.011352542698596,23.04617097147271,0.0,0.0,0.0,0.4844217333556942,True,reaction_wheel_degradation,1.0,0.4844217333556942,reaction_wheel_degradation,0.4844217333556942,0.4844217333556942,64,reaction_wheel_degradation,2.130370206837421,0.4844217333556942,gradual,0.8533152564232582,0.9824728163784012,1605212107,reaction_wheel_degradation
12120.0,202.0,3.3666666666666667,1,617.9890348863438,330.1095620926345,-287.8794727937093,91.14805685005544,90.91576115242421,29.645922274002217,29.590692712929457,-9.710592577724025,-9.667203182023593,24.705389568662124,24.80208703638848,25.72332988188061,25.677275102235885,8.543648656843914,16.505478104631727,2502.7390523158633,2542.710539776012,2539.322581382779,0.000804621069628791,0.17011552674071978,0.16146342850055512,23.007976856562927,23.04754691139429,0.0,0.0,0.0,0.4844217333556942,True,reaction_wheel_degradation,1.0,0.4844217333556942,reaction_wheel_degradation,0.4844217333556942,0.4844217333556942,64,reaction_wheel_degradation,2.130370206837421,0.4844217333556942,gradual,0.8533152564232582,0.9824728163784012,1605212107,reaction_wheel_degradation
12180.0,203.0,3.3833333333333333,1,617.9890348863438,330.1095620926345,-287.8794727937093,91.57644892266512,91.67020184403962,29.663057956906606,29.69180173331596,-9.704982986310108,-9.783977944639382,24.717607016520702,24.668783174939822,25.730554199034827,25.832563305494485,8.534935581165493,16.505478104631727,2502.7390523158633,2522.724796045938,2523.4805261542465,0.0012991980620703386,0.18247995155175845,0.1813634714827325,23.004617920643675,22.99970444644563,0.0,0.0,0.0,0.4844217333556942,True,reaction_wheel_degradation,1.0,0.4844217333556942,reaction_wheel_degradation,0.4844217333556942,0.4844217333556942,64,reaction_wheel_degradation,2.130370206837421,0.4844217333556942,gradual,0.8533152564232582,0.9824728163784012,1605212107,reaction_wheel_degradation
12240.0,204.0,3.4,1,617.9013941166289,330.9788696740969,-286.922524442532,92.00341696499031,91.91014234093464,29.680136678599613,29.66385254881223,-9.667156440334484,-9.596357069518735,24.729555751392752,24.714323590294953,25.73780765240996,25.80730169031974,8.47631309135204,16.548943483704846,2524.471741852423,2523.5982689491807,2528.428676674323,0.0018309667990861285,0.1957741699771532,0.20430887000476486,23.001346140441214,22.85558032571176,0.0,0.0,0.0,0.4844217333556942,True,reaction_wheel_degradation,1.0,0.4844217333556942,reaction_wheel_degradation,0.4844217333556942,0.4844217333556942,64,reaction_wheel_degradation,2.130370206837421,0.4844217333556942,gradual,0.8533152564232582,0.9824728163784012,1605212107,reaction_wheel_degradation
12300.0,205.0,3.4166666666666665,1,617.7265395542198,332.67949192431115,-285.04704762990866,92.4275941192015,92.18566463646422,29.69710376476806,29.59984028934625,-9.598479699831259,-9.582204081765765,24.741079966897214,24.726679218692528,25.74517314038311,25.62546515312729,8.370465003845823,16.63397459621556,2566.9872981077788,2545.29278352848,2541.8117178637494,0.0023766864351590453,0.20941716087897613,0.20793037022450916,22.9982289122705,22.838503313106578,0.0,0.0,0.0,0.4844217333556942,True,reaction_wheel_degradation,1.0,0.4844217333556942,reaction_wheel_degradation,0.4844217333556942,0.4844217333556942,64,reaction_wheel_degradation,2.130370206837421,0.4844217333556942,gradual,0.8533152564232582,0.9824728163784012,1605212107,reaction_wheel_degradation
12360.0,206.0,3.433333333333333,1,617.465323072968,335.13710349045215,-282.3282195825158,92.84772539834213,92.89630363601682,29.713909015933687,29.737875937899744,-9.501550921190514,-9.444240160043073,24.752041345737958,24.725077474976963,25.75272546560909,25.688910826756796,8.222357592638105,16.75685517452261,2628.427587261303,2586.8601853948917,2588.64232110896,0.0029125064035394324,0.2228126600884858,0.2361543393578986,22.995328299097185,23.093901926586,0.0,0.0,0.0,0.4844217333556942,True,reaction_wheel_degradation,1.0,0.4844217333556942,reaction_wheel_degradation,0.4844217333556942,0.4844217333556942,64,reaction_wheel_degradation,2.130370206837421,0.4844217333556942,gradual,0.8533152564232582,0.9824728163784012,1605212107,reaction_wheel_degradation
12420.0,207.0,3.45,1,617.1190172933127,338.24429495415046,-278.87472233916225,93.26271754468019,93.20324284380182,29.73050870178721,29.682558404219687,-9.380085794576333,-9.420462861096906,24.76232536686716,24.80087008506779,25.76052809137963,25.86645005261242,8.038880761089018,16.912214747707523,2706.107373853761,2646.4837796243264,2643.2699496051287,0.0034150088004594502,0.23537522001148625,0.2343895228403847,22.992698787082407,22.97411697073988,0.0,0.0,0.0,0.4844217333556942,True,reaction_wheel_degradation,1.0,0.4844217333556942,reaction_wheel_degradation,0.4844217333556942,0.4844217333556942,64,reaction_wheel_degradation,2.130370206837421,0.4844217333556942,gradual,0.8533152564232582,0.9824728163784012,1605212107,reaction_wheel_degradation
12480.0,208.0,3.466666666666667,1,616.6893093822022,341.86526713848394,-274.8240422437182,93.67168189325714,93.70267209105316,29.746867275730285,29.706730102746153,-9.238755788847056,-9.238845428097772,24.771845976939545,24.916447077513762,25.768630393362443,25.705556048604247,7.8283686820764,17.093263356924197,2796.631678462098,2721.5577290432116,2719.9023450948494,0.003862231859899814,0.24655579649749534,0.24338715636452574,22.990385139092293,23.005030097673345,0.0,0.0,0.0,0.4844217333556942,True,reaction_wheel_degradation,1.0,0.4844217333556942,reaction_wheel_degradation,0.4844217333556942,0.4844217333556942,64,reaction_wheel_degradation,2.130370206837421,0.4844217333556942,gradual,0.8533152564232582,0.9824728163784012,1605212107,reaction_wheel_degradation
12540.0,209.0,3.4833333333333334,1,616.178292833385,345.8417661836449,-270.33652664974005,94.07396839124782,93.829948082952,29.762958735649914,29.72433395433025,-9.082985634957469,-9.098229863842853,24.780548401889867,24.73918828910805,25.77706552683391,25.71467909231216,7.600050243587499,17.292088309182244,2896.0441545911226,2808.8009418171673,2805.403392887219,0.004234629788148614,0.25586574470371537,0.2544588116914503,22.988420397687243,22.88482323953787,0.0,0.0,0.0,0.4844217333556942,True,reaction_wheel_degradation,1.0,0.4844217333556942,reaction_wheel_degradation,0.4844217333556942,0.4844217333556942,64,reaction_wheel_degradation,2.130370206837421,0.4844217333556942,gradual,0.8533152564232582,0.9824728163784012,1605212107,reaction_wheel_degradation
12600.0,210.0,3.5,1,615.5884572681198,349.99999999999994,-265.58845726811984,94.46918930980158,94.5997299969862,29.778767572392063,29.751659302718096,-8.918718903409127,-8.897385832025742,24.788410057312667,24.92655423958499,25.785849002619237,25.834064074398018,7.363483750242184,17.499999999999996,2999.999999999999,2904.4004709085834,2897.198209157559,0.0045159270087777115,0.2628981752194428,0.26698270074036673,22.986824131210344,22.89924081997122,0.0,0.0,0.0,0.4844217333556942,True,reaction_wheel_degradation,1.0,0.4844217333556942,reaction_wheel_degradation,0.4844217333556942,0.4844217333556942,64,reaction_wheel_degradation,2.130370206837421,0.4844217333556942,gradual,0.8533152564232582,0.9824728163784012,1605212107,reaction_wheel_degradation
12660.0,211.0,3.5166666666666666,1,614.9226763059908,354.15823381635516,-260.7644424896356,94.85723163493495,94.45387467941823,29.7942892653974,29.784658570079188,-8.752161871251051,-8.738167665547447,24.795439686947613,24.91916821762038,25.79497803397992,25.762155291222616,7.128026993646456,17.70791169081776,3103.955845408879,3004.1781581587315,3001.872022357344,0.004693829483431961,0.267345737085799,0.2714694659460201,22.985601052510653,22.938318517251965,0.0,0.0,0.0,0.4844217333556942,True,reaction_wheel_degradation,1.0,0.4844217333556942,reaction_wheel_degradation,0.4844217333556942,0.4844217333556942,64,reaction_wheel_degradation,2.130370206837421,0.4844217333556942,gradual,0.8533152564232582,0.9824728163784012,1605212107,reaction_wheel_degradation
12720.0,212.0,3.533333333333333,1,614.184193564921,358.1347328615159,-256.0494607034051,95.23825761812455,94.90468754604593,29.80953030472498,29.836204489022798,-8.589516778223768,-8.591467852950034,24.801674995088163,24.828336989510255,25.80443168299423,25.670737829491102,6.90238387867101,17.906736643075796,3203.3683215378974,3103.773239848314,3095.6035935123064,0.004760562020298101,0.26901405050745253,0.2615918413594899,22.984740160948405,22.93564297655557,0.0,0.0,0.0,0.4844217333556942,True,reaction_wheel_degradation,1.0,0.4844217333556942,reaction_wheel_degradation,0.4844217333556942,0.4844217333556942,64,reaction_wheel_degradation,2.130370206837421,0.4844217333556942,gradual,0.8533152564232582,0.9824728163784012,1605212107,reaction_wheel_degradation
12780.0,213.0,3.55,1,613.376606858593,361.7557050458495,-251.62090181274357,95.61269348391733,95.89100946557575,29.824507739356694,29.766660728769054,-8.436716005900822,-8.421699974242244,24.807179125641426,24.68720180286001,25.814171800034863,25.922848453337508,6.694254157137849,18.087785252292473,3293.8926261462375,3198.8329329972757,3191.119494229514,0.004713208087296953,0.2678302021824238,0.2725372914215173,22.984214557246492,23.023692659320687,0.0,0.0,0.0,0.4844217333556942,True,reaction_wheel_degradation,1.0,0.4844217333556942,reaction_wheel_degradation,0.4844217333556942,0.4844217333556942,64,reaction_wheel_degradation,2.130370206837421,0.4844217333556942,gradual,0.8533152564232582,0.9824728163784012,1605212107,reaction_wheel_degradation
12840.0,214.0,3.566666666666667,1,612.503850668262,364.86289650954785,-247.64095415871412,95.98120680855826,96.31616845699612,29.83924827234233,29.87643436045443,-8.299168661974965,-8.348418739025712,24.81203637101555,24.663294464211308,25.824144715285538,25.871878147059515,6.510096038392588,18.243144825477394,3371.5724127386957,3285.202672867986,3283.7524056297675,0.00455383727852985,0.26384593196324624,0.26368123079709976,22.98398205375595,22.89824906161574,0.0,0.0,0.0,0.4844217333556942,True,reaction_wheel_degradation,1.0,0.4844217333556942,reaction_wheel_degradation,0.4844217333556942,0.4844217333556942,64,reaction_wheel_degradation,2.130370206837421,0.4844217333556942,gradual,0.8533152564232582,0.9824728163784012,1605212107,reaction_wheel_degradation
12900.0,215.0,3.5833333333333335,1,611.5701769743577,367.32050807568874,-244.24966889866892,96.3446735777527,96.1198582091441,29.85378694311011,29.852399274700495,-8.181530516182598,-8.221176136879892,24.816347470546052,24.741049345850712,25.83428360837082,25.701390181847867,6.354995326978167,18.366025403784437,3433.0127018922185,3359.1076873801026,3360.261279206595,0.004289414863086085,0.25723537157715215,0.2632575542035425,22.983986650555764,22.964344739142597,0.0,0.0,0.0,0.4844217333556942,True,reaction_wheel_degradation,1.0,0.4844217333556942,reaction_wheel_degradation,0.4844217333556942,0.4844217333556942,64,reaction_wheel_degradation,2.130370206837421,0.4844217333556942,gradual,0.8533152564232582,0.9824728163784012,1605212107,reaction_wheel_degradation
12960.0,216.0,3.6,1,610.5801345412646,369.021130325903,-241.55900421536154,96.70413638164462,96.54322432150208,29.868165455265785,29.884539683947587,-8.087507234990706,-8.077490228457663,24.820224791929718,24.851268920007023,25.844511452536445,25.808642162462366,6.232621862082161,18.45105651629515,3475.5282581475753,3417.317972763839,3407.8264123331246,0.0039314973693599705,0.24828743423399924,0.24990534528905095,22.984160875794203,23.12402221607402,0.0,0.0,0.0,0.4844217333556942,True,reaction_wheel_degradation,1.0,0.4844217333556942,reaction_wheel_degradation,0.4844217333556942,0.4844217333556942,64,reaction_wheel_degradation,2.130370206837421,0.4844217333556942,gradual,0.8533152564232582,0.9824728163784012,1605212107,reaction_wheel_degradation
13020.0,217.0,3.6166666666666667,1,609.5385467561977,369.8904379073655,-239.64810884883218,97.0607555912411,97.0858319611436,29.882430223649642,29.835059894520832,-8.019699437268967,-8.024470025674395,24.823787597595242,24.825356157404585,25.85474440470689,25.827796120251737,6.145246325130574,18.494521895368276,3497.2609476841367,3457.2894602239876,3470.2869431650174,0.0034957275093061052,0.2373931877326526,0.23768427221307706,22.98442890585572,22.968785784046716,0.0,0.0,0.0,0.4844217333556942,True,reaction_wheel_degradation,1.0,0.4844217333556942,reaction_wheel_degradation,0.4844217333556942,0.4844217333556942,64,reaction_wheel_degradation,2.130370206837421,0.4844217333556942,gradual,0.8533152564232582,0.9824728163784012,1605212107,reaction_wheel_degradation
13080.0,218.0,3.6333333333333333,1,608.4504881301461,369.8904379073655,-238.56005022278066,97.41575566597737,97.44165589445912,29.896630226639097,29.91379613174018,-7.979496298222068,-7.97461419642182,24.827157501655893,24.639585085080217,25.86489549325997,25.940335408900754,6.093788893867175,18.494521895368276,3497.2609476841367,3477.2752039540624,3473.414723307598,0.0030011505168645444,0.2250287629216136,0.2243897512788548,22.98471029871436,23.042283147180562,0.0,0.0,0.0,0.4844217333556942,True,reaction_wheel_degradation,1.0,0.4844217333556942,reaction_wheel_degradation,0.4844217333556942,0.4844217333556942,64,reaction_wheel_degradation,2.130370206837421,0.4844217333556942,gradual,0.8533152564232582,0.9824728163784012,1605212107,reaction_wheel_degradation
13140.0,219.0,3.65,1,607.3212595753644,369.02113032590313,-238.30012924946124,97.77036895355099,97.65380112076708,29.91081475814204,29.92668648934904,-7.967022335444521,-8.054975071550041,24.830454141950884,24.765875028767873,25.87487844234648,25.847198056160693,6.07787559147775,18.451056516295157,3475.5282581475776,3476.40173105082,3474.57871157851,0.0024693817798487616,0.21173454449621903,0.20760383363732113,22.98492410412863,22.967180967327096,0.0,0.0,0.0,0.4844217333556942,True,reaction_wheel_degradation,1.0,0.4844217333556942,reaction_wheel_degradation,0.4844217333556942,0.4844217333556942,64,reaction_wheel_degradation,2.130370206837421,0.4844217333556942,gradual,0.8533152564232582,0.9824728163784012,1605212107,reaction_wheel_degradation
13200.0,220.0,3.6666666666666665,1,606.156362579862,367.32050807568874,-238.8358545041733,98.12577945132504,98.07705411426382,29.925031178053,29.873160633386057,-7.98113970485469,-7.987540008470987,24.833791041362755,24.928004435348686,25.884611465615276,26.098690037113457,6.095887279072641,18.366025403784437,3433.0127018922185,3454.7072164715196,3461.6119907648454,0.0019236621437757951,0.19809155359439487,0.2024258226744601,22.984993067609583,22.925093108499546,0.0,0.0,0.0,0.4844217333556942,True,reaction_wheel_degradation,1.0,0.4844217333556942,reaction_wheel_degradation,0.4844217333556942,0.4844217333556942,64,reaction_wheel_degradation,2.130370206837421,0.4844217333556942,gradual,0.8533152564232582,0.9824728163784012,1605212107,reaction_wheel_degradation
13260.0,221.0,3.683333333333333,1,604.961472404706,364.8628965095479,-240.0985758951581,98.4830689987881,98.69639458415163,29.939322759951523,29.97239734480765,-8.019505912683071,-8.000395423742766,24.837271621803527,24.895537556307147,25.894020863541307,25.99095882232287,6.144998006684699,18.243144825477398,3371.572412738698,3413.1398146051088,3413.3528487274234,0.0013878421753954781,0.18469605438488695,0.18858816914959564,22.98484762862681,22.957654725959816,0.0,0.0,0.0,0.4844217333556942,True,reaction_wheel_degradation,1.0,0.4844217333556942,reaction_wheel_degradation,0.4844217333556942,0.4844217333556942,64,reaction_wheel_degradation,2.130370206837421,0.4844217333556942,gradual,0.8533152564232582,0.9824728163784012,1605212107,reaction_wheel_degradation
13320.0,222.0,3.7,1,603.7424104347197,361.7557050458495,-241.98670538887018,98.84316826275963,98.53184637958863,29.953726730510386,29.974605777314455,-8.07868441766835,-8.021720056711038,24.84098536325145,24.781976609902497,25.903044267137563,25.979801114247113,6.221211353622193,18.087785252292473,3293.8926261462375,3353.5162203756736,3345.9387167273976,0.0008853397784754113,0.17213349446188528,0.1690384276952592,22.984429430163917,23.15842910961449,0.0,0.0,0.0,0.4844217333556942,True,reaction_wheel_degradation,1.0,0.4844217333556942,reaction_wheel_degradation,0.4844217333556942,0.4844217333556942,64,reaction_wheel_degradation,2.130370206837421,0.4844217333556942,gradual,0.8533152564232582,0.9824728163784012,1605212107,reaction_wheel_degradation
13380.0,223.0,3.716666666666667,1,602.5051158172813,358.13473286151617,-244.37038295576514,99.20681466596761,98.81475982908692,29.968272586638705,29.980453560457402,-8.154303263536024,-8.135205400804306,24.845004160862263,24.872210392162366,25.911633386286614,25.82968697030367,6.319412937097139,17.90673664307581,3203.3683215379037,3278.442270956789,3284.0912761137038,0.00043811671903510414,0.1609529179758776,0.16499715516980046,22.98369410444548,23.03104098567937,0.0,0.0,0.0,0.4844217333556942,True,reaction_wheel_degradation,1.0,0.4844217333556942,reaction_wheel_degradation,0.4844217333556942,0.4844217333556942,64,reaction_wheel_degradation,2.130370206837421,0.4844217333556942,gradual,0.8533152564232582,0.9824728163784012,1605212107,reaction_wheel_degradation
13440.0,224.0,3.7333333333333334,1,601.2556165273943,354.15823381635516,-247.09738271103913,99.5745191045257,99.5107411634169,29.98298076418103,29.973329506759843,-8.24125475230376,-8.283145098079942,24.849379010535056,24.962073356682886,25.919756142577956,25.986529497900218,6.433462391389545,17.70791169081776,3103.955845408879,3191.1990581828345,3187.513406682308,6.571879078628431e-05,0.1516429697696571,0.14517856827697434,22.98261317178893,22.909959163504304,0.0,0.0,0.0,0.4844217333556942,True,reaction_wheel_degradation,1.0,0.4844217333556942,reaction_wheel_degradation,0.4844217333556942,0.4844217333556942,64,reaction_wheel_degradation,2.130370206837421,0.4844217333556942,gradual,0.8533152564232582,0.9824728163784012,1605212107,reaction_wheel_degradation
13500.0,225.0,3.75,1,600.0,349.99999999999994,-250.00000000000006,99.94654291404952,99.88769033117863,29.99786171656198,30.02163395418655,-8.333927343293729,-8.354127298189997,24.854137228462058,24.86203650160484,25.927398093437333,25.749434007889423,6.556347597063909,17.499999999999996,2999.999999999999,3095.599529091417,3099.432217239628,-0.00021557842984285588,0.15538946074607138,0.15758396629513333,22.981232275357623,23.06136141067895,0.0,0.0,0.0,0.4844217333556942,True,reaction_wheel_degradation,1.0,0.4844217333556942,reaction_wheel_degradation,0.4844217333556942,0.4844217333556942,64,reaction_wheel_degradation,2.130370206837421,0.4844217333556942,gradual,0.8533152564232582,0.9824728163784012,1605212107,reaction_wheel_degradation
13560.0,226.0,3.7666666666666666,1,598.7443834726058,345.8417661836449,-252.90261728896093,100.0,99.9497604407685,30.0,29.99326329983044,-8.430087242965364,-8.42416625317165,24.85929677067102,24.9799326313545,25.9345630853082,26.020313753818456,6.68530967392059,17.292088309182244,2896.0441545911226,2995.82184184127,2994.5030080393844,-0.0003934809044970574,0.15983702261242644,0.15131161844360935,22.979546122335673,22.953392142703304,0.0,0.0,0.0,0.4844217333556942,True,reaction_wheel_degradation,1.0,0.4844217333556942,reaction_wheel_degradation,0.4844217333556942,0.4844217333556942,64,reaction_wheel_degradation,2.130370206837421,0.4844217333556942,gradual,0.8533152564232582,0.9824728163784012,1605212107,reaction_wheel_degradation
13620.0,227.0,3.783333333333333,1,597.4948841827188,341.86526713848394,-255.62961704423486,100.0,100.0,30.0,30.005913900837996,-8.520987234807828,-8.533265147852775,24.864836249635196,24.711416800744264,25.94127310733958,25.959081768028188,6.808577876460637,17.093263356924197,2796.631678462098,2896.226760151684,2900.253590311182,-0.0004602134413632811,0.16150533603408201,0.16080136253783206,22.97754589448838,22.930445788134406,0.0,0.0,0.0,0.4844217333556942,True,reaction_wheel_degradation,1.0,0.4844217333556942,reaction_wheel_degradation,0.4844217333556942,0.4844217333556942,64,reaction_wheel_degradation,2.130370206837421,0.4844217333556942,gradual,0.8533152564232582,0.9824728163784012,1605212107,reaction_wheel_degradation
13680.0,228.0,3.8,1,596.2575895652803,338.2442949541506,-258.01329461112977,100.0,99.80474895993774,30.0,30.001718286039615,-8.600443153704326,-8.583552384075151,24.87070526478808,24.881712732810335,25.94756735197628,25.80238122500048,6.91740979520797,16.91221474770753,2706.1073738537643,2801.1670670027247,2801.5488938931276,-0.00041285950836202154,0.16032148770905053,0.15573474862157308,22.975236566257784,22.89473007385683,0.0,0.0,0.0,0.4844217333556942,True,reaction_wheel_degradation,1.0,0.4844217333556942,reaction_wheel_degradation,0.4844217333556942,0.4844217333556942,64,reaction_wheel_degradation,2.130370206837421,0.4844217333556942,gradual,0.8533152564232582,0.9824728163784012,1605212107,reaction_wheel_degradation
13740.0,229.0,3.816666666666667,1,595.038527595294,335.13710349045215,-259.90142410484185,100.0,99.9001346316252,30.0,30.041971811619817,-8.663380803494729,-8.7174519265903,24.876828811051713,24.867407142616173,25.953500523509515,26.024564568865134,7.004333355708877,16.75685517452261,2628.427587261303,2714.797327132014,2720.2289766283834,-0.0002534886995949879,0.1563372174898747,0.15722099989253965,22.972636120978006,22.919850274425947,0.0,0.0,0.0,0.4844217333556942,True,reaction_wheel_degradation,1.0,0.4844217333556942,reaction_wheel_degradation,0.4844217333556942,0.4844217333556942,64,reaction_wheel_degradation,2.130370206837421,0.4844217333556942,gradual,0.8533152564232582,0.9824728163784012,1605212107,reaction_wheel_degradation
13800.0,230.0,3.8333333333333335,1,593.843637420138,332.67949192431126,-261.1641454958267,100.0,99.86421516973039,30.0,29.964015091514014,-8.705471516527556,-8.695703865820514,24.883110567338754,24.74311075116697,25.95914046851387,26.072622337201572,7.0628187460058065,16.633974596215563,2566.9872981077824,2640.8923126198983,2651.860346021142,1.0933715848811297e-05,0.15027334289622027,0.15733424181260205,22.969777302320956,22.877007526980343,0.0,0.0,0.0,0.4844217333556942,True,reaction_wheel_degradation,1.0,0.4844217333556942,reaction_wheel_degradation,0.4844217333556942,0.4844217333556942,64,reaction_wheel_degradation,2.130370206837421,0.4844217333556942,gradual,0.8533152564232582,0.9824728163784012,1605212107,reaction_wheel_degradation
13860.0,231.0,3.85,1,592.6787404246356,330.9788696740969,-261.6998707505387,100.0,99.85567657405787,30.0,29.97002171447766,-8.723329025017957,-8.692587477668036,24.889437629075715,24.741577715693055,25.964565231733168,26.06344888829109,7.08771754229766,16.548943483704846,2524.471741852423,2582.682027236161,2576.2965902462656,0.00036885120957487775,0.15922128023937193,0.1614763542802452,22.966792594262824,22.87351857551986,0.0,0.0,0.0,0.4844217333556942,True,reaction_wheel_degradation,1.0,0.4844217333556942,reaction_wheel_degradation,0.4844217333556942,0.4844217333556942,64,reaction_wheel_degradation,2.130370206837421,0.4844217333556942,gradual,0.8533152564232582,0.9824728163784012,1605212107,reaction_wheel_degradation
13920.0,232.0,3.8666666666666667,1,591.549511869854,330.1095620926345,-261.43994977721945,100.0,100.0,30.0,29.960413212602976,-8.714664992573981,-8.700143904495993,24.895686439550005,24.963015483861962,25.969859666088567,26.128466901765467,7.075630874623557,16.505478104631727,2502.739052315864,2542.710539776012,2540.2113734032905,0.0008046210696287912,0.17011552674071978,0.16765618001275193,22.96375110774042,22.988389209788334,0.0,0.0,0.0,0.4844217333556942,True,reaction_wheel_degradation,1.0,0.4844217333556942,reaction_wheel_degradation,0.4844217333556942,0.4844217333556942,64,reaction_wheel_degradation,2.130370206837421,0.4844217333556942,gradual,0.8533152564232582,0.9824728163784012,1605212107,reaction_wheel_degradation
13980.0,233.0,3.8833333333333333,1,590.4614532438022,330.1095620926345,-260.3518911511677,100.0,99.94941920806453,30.0,30.026614368489813,-8.67839637170559,-8.669402789374582,24.901729537868555,24.83714680098002,25.975111744969123,25.820867793715973,7.02516508675462,16.505478104631727,2502.7390523158633,2522.724796045938,2522.5994801879633,0.0012991980620703386,0.18247995155175845,0.1758780084585557,22.96072386493734,23.06555775336362,0.0,0.0,0.0,0.4844217333556942,True,reaction_wheel_degradation,1.0,0.4844217333556942,reaction_wheel_degradation,0.4844217333556942,0.4844217333556942,64,reaction_wheel_degradation,2.130370206837421,0.4844217333556942,gradual,0.8533152564232582,0.9824728163784012,1605212107,reaction_wheel_degradation
14040.0,234.0,3.9,1,589.4198654587356,330.97886967409687,-258.4409957846387,100.0,99.98548813404331,30.0,30.02163292878549,-8.614699859487956,-8.636856874703131,24.90744264161976,24.804719642540064,25.98040873797678,26.123203431174282,6.937044293524945,16.548943483704843,2524.471741852422,2523.59826894918,2533.5007037251007,0.0018309667990861142,0.19577416997715286,0.1970754521231064,22.957781290152674,23.084445223937156,0.0,0.0,0.0,0.4844217333556942,True,reaction_wheel_degradation,1.0,0.4844217333556942,reaction_wheel_degradation,0.4844217333556942,0.4844217333556942,64,reaction_wheel_degradation,2.130370206837421,0.4844217333556942,gradual,0.8533152564232582,0.9824728163784012,1605212107,reaction_wheel_degradation
14100.0,235.0,3.9166666666666665,1,588.4298230256423,332.6794919243112,-255.75033110133114,100.0,100.0,30.0,29.999322078791415,-8.525011036711039,-8.56459524259979,24.91271153595032,24.896762755419438,25.985833417265397,25.871325908007588,6.814065054083602,16.633974596215563,2566.9872981077806,2545.29278352848,2544.3594486419784,0.00237668643515908,0.209417160878977,0.20662230430969686,22.95499079835912,22.91710867490064,0.0,0.0,0.0,0.4844217333556942,True,reaction_wheel_degradation,1.0,0.4844217333556942,reaction_wheel_degradation,0.4844217333556942,0.4844217333556942,64,reaction_wheel_degradation,2.130370206837421,0.4844217333556942,gradual,0.8533152564232582,0.9824728163784012,1605212107,reaction_wheel_degradation
14160.0,236.0,3.933333333333333,0,0.0,335.13710349045215,335.13710349045215,99.50128407218682,99.54514225264965,29.980051362887473,29.961345258840762,11.178670090783129,11.189881691690118,24.9138919774009,25.01286530414882,25.97546046027632,26.066059408415484,10.997013199885542,16.75685517452261,2628.427587261303,2586.8601853948917,2593.233881972,0.0029125064035394324,0.2228126600884858,0.22535161524575287,22.95241447104014,22.99268960453175,0.0,0.0,0.0,0.4844217333556942,True,reaction_wheel_degradation,1.0,0.4844217333556942,reaction_wheel_degradation,0.4844217333556942,0.4844217333556942,64,reaction_wheel_degradation,2.130370206837421,0.4844217333556942,gradual,0.8533152564232582,0.9824728163784012,1605212107,reaction_wheel_degradation
14220.0,237.0,3.95,0,0.0,338.24429495415046,338.24429495415046,98.99794434755268,99.30928790928891,29.959917773902106,29.96072212940188,11.289893967893093,11.259226797334456,24.915731747084834,24.962048593062015,25.965481206089525,26.28634080041864,11.196936464501508,16.912214747707523,2706.107373853761,2646.4837796243264,2652.8068876264506,0.0034150088004594502,0.23537522001148625,0.23878283124306432,22.95010681273579,22.996626178403453,0.0,0.0,0.0,0.4844217333556942,True,reaction_wheel_degradation,1.0,0.4844217333556942,reaction_wheel_degradation,0.4844217333556942,0.4844217333556942,64,reaction_wheel_degradation,2.130370206837421,0.4844217333556942,gradual,0.8533152564232582,0.9824728163784012,1605212107,reaction_wheel_degradation
14280.0,238.0,3.966666666666667,0,0.0,341.86526713848406,341.86526713848406,98.48921627145373,98.40146498921185,29.93956865085815,29.99446964871551,11.418510103641232,11.378777155175023,24.91833932273218,24.878542755628118,25.955943883154657,25.963863097809497,11.430589838956553,17.093263356924204,2796.6316784621013,2721.5577290432134,2718.866995612271,0.0038622318598998495,0.24655579649749623,0.24734724740657155,22.948112604553277,22.880763529923016,0.0,0.0,0.0,0.4844217333556942,True,reaction_wheel_degradation,1.0,0.4844217333556942,reaction_wheel_degradation,0.4844217333556942,0.4844217333556942,64,reaction_wheel_degradation,2.130370206837421,0.4844217333556942,gradual,0.8533152564232582,0.9824728163784012,1605212107,reaction_wheel_degradation
14340.0,239.0,3.9833333333333334,0,0.0,345.8417661836448,345.8417661836448,97.9745707860614,97.73366400426791,29.918982831442456,29.889122310220305,11.559275531927268,11.620444271880286,24.92179378034859,24.896983807823595,25.946880508707785,25.99254775442792,11.689348065840994,17.29208830918224,2896.044154591119,2808.800941817166,2808.4965784352007,0.004234629788148544,0.2558657447037136,0.255097228847381,22.946464907157267,22.87127308842759,0.0,0.0,0.0,0.4844217333556942,True,reaction_wheel_degradation,1.0,0.4844217333556942,reaction_wheel_degradation,0.4844217333556942,0.4844217333556942,64,reaction_wheel_degradation,2.130370206837421,0.4844217333556942,gradual,0.8533152564232582,0.9824728163784012,1605212107,reaction_wheel_degradation
14400.0,240.0,4.0,0,0.0,349.99999999999994,349.99999999999994,97.45373745272806,97.96301190894641,29.898149498109124,29.88182348316724,11.706410124885332,11.704834572384858,24.92614036113637,24.82856406549193,25.938305464638123,25.997392106797797,11.963203040961426,17.499999999999996,2999.999999999999,2904.400470908583,2898.11934466819,0.0045159270087777245,0.2628981752194431,0.26035898571228605,22.94518330685934,22.97698946502121,0.0,0.0,0.0,0.4844217333556942,True,reaction_wheel_degradation,1.0,0.4844217333556942,reaction_wheel_degradation,0.4844217333556942,0.4844217333556942,64,reaction_wheel_degradation,2.130370206837421,0.4844217333556942,gradual,0.8533152564232582,0.9824728163784012,1605212107,reaction_wheel_degradation
14460.0,241.0,4.016666666666667,0,0.0,354.15823381635505,354.15823381635505,96.92671627145373,96.80360828839923,29.87706865085815,29.87288324354461,11.853848111909155,11.860554759606995,24.93138717631894,24.89671424080475,25.930214844302654,25.99433739723799,12.24109720481698,17.707911690817753,3103.955845408876,3004.1781581587297,2997.6799180959533,0.004693829483431926,0.2673457370857981,0.27587174457339353,22.944272534342286,22.912456326901594,0.0,0.0,0.0,0.4844217333556942,True,reaction_wheel_degradation,1.0,0.4844217333556942,reaction_wheel_degradation,0.4844217333556942,0.4844217333556942,64,reaction_wheel_degradation,2.130370206837421,0.4844217333556942,gradual,0.8533152564232582,0.9824728163784012,1605212107,reaction_wheel_degradation
14520.0,242.0,4.033333333333333,0,0.0,358.134732861516,358.134732861516,96.39377768088599,96.54103684947913,29.85575110723544,29.87339916050429,11.9955023598359,11.961007520975798,24.937503407091647,24.973957963229243,25.922586598834386,25.736360878540662,12.511366149186292,17.9067366430758,3203.3683215379,3103.773239848315,3105.5169920631815,0.004760562020298149,0.2690140505074537,0.26908320434801763,22.9437216066663,22.82708406778153,0.0,0.0,0.0,0.4844217333556942,True,reaction_wheel_degradation,1.0,0.4844217333556942,reaction_wheel_degradation,0.4844217333556942,0.4844217333556942,64,reaction_wheel_degradation,2.130370206837421,0.4844217333556942,gradual,0.8533152564232582,0.9824728163784012,1605212107,reaction_wheel_degradation
14580.0,243.0,4.05,0,0.0,361.7557050458495,361.7557050458495,95.85545073885348,95.90060593911096,29.83421802955414,29.853806230794877,12.125529976602365,12.140617975283037,24.944419313906025,25.034804407071093,25.915381476548294,26.017800100073188,12.762278177078606,18.087785252292473,3293.892626146237,3198.8329329972757,3195.6634973289433,0.004713208087296939,0.2678302021824235,0.26911010665644325,22.943503642121502,23.010162592881837,0.0,0.0,0.0,0.4844217333556942,True,reaction_wheel_degradation,1.0,0.4844217333556942,reaction_wheel_degradation,0.4844217333556942,0.4844217333556942,64,reaction_wheel_degradation,2.130370206837421,0.4844217333556942,gradual,0.8533152564232582,0.9824728163784012,1605212107,reaction_wheel_degradation
14640.0,244.0,4.066666666666666,0,0.0,364.86289650954785,364.86289650954785,95.31249999999997,95.55180809313619,29.8125,29.813088631836163,12.238587723590703,12.246859964936823,24.952028272547395,25.04064888812546,25.908544714386863,25.7504974247547,12.982642357442005,18.243144825477394,3371.5724127386957,3285.202672867986,3280.2925728123632,0.00455383727852985,0.26384593196324624,0.26982681404555475,22.943576470494396,22.907351273676532,0.0,0.0,0.0,0.4844217333556942,True,reaction_wheel_degradation,1.0,0.4844217333556942,reaction_wheel_degradation,0.4844217333556942,0.4844217333556942,64,reaction_wheel_degradation,2.130370206837421,0.4844217333556942,gradual,0.8533152564232582,0.9824728163784012,1605212107,reaction_wheel_degradation
14700.0,245.0,4.083333333333333,0,0.0,367.32050807568874,367.32050807568874,94.76589210107781,94.90205146407355,29.790635684043114,29.799183336285342,12.33006613123191,12.378592626478762,24.96019091112559,24.883783831635537,25.902008407479336,26.13822510094082,13.162442464044178,18.366025403784437,3433.0127018922185,3359.1076873801026,3355.2019289297946,0.004289414863086085,0.25723537157715215,0.2542965584284737,22.943884109168675,22.930426487074463,0.0,0.0,0.0,0.4844217333556942,True,reaction_wheel_degradation,1.0,0.4844217333556942,reaction_wheel_degradation,0.4844217333556942,0.4844217333556942,64,reaction_wheel_degradation,2.130370206837421,0.4844217333556942,gradual,0.8533152564232582,0.9824728163784012,1605212107,reaction_wheel_degradation
14760.0,246.0,4.1,0,0.0,369.0211303259031,369.0211303259031,94.21675351428333,94.11851859052462,29.768670140571334,29.792526982444553,12.396292094451642,12.397958182252866,24.96874124770976,25.116469476018512,25.89569445325209,25.678518237191483,13.293444615277142,18.451056516295154,3475.5282581475767,3417.3179727638394,3419.2339527773065,0.003931497369359991,0.2482874342339998,0.2453997994655693,22.94435910346752,23.007046603855663,0.0,0.0,0.0,0.4844217333556942,True,reaction_wheel_degradation,1.0,0.4844217333556942,reaction_wheel_degradation,0.4844217333556942,0.4844217333556942,64,reaction_wheel_degradation,2.130370206837421,0.4844217333556942,gradual,0.8533152564232582,0.9824728163784012,1605212107,reaction_wheel_degradation
14820.0,247.0,4.116666666666666,0,0.0,369.8904379073655,369.8904379073655,93.6663213150164,93.9255878989635,29.746652852600654,29.732684707303694,12.434691047097997,12.451544499349065,24.977494544606643,24.928659619811413,25.88951794141681,25.685424895482704,13.369723314942329,18.494521895368276,3497.2609476841367,3457.2894602239876,3453.7225189171068,0.0034957275093060987,0.23739318773265244,0.23368598509577218,22.944925646821485,22.95006103581933,0.0,0.0,0.0,0.4844217333556942,True,reaction_wheel_degradation,1.0,0.4844217333556942,reaction_wheel_degradation,0.4844217333556942,0.4844217333556942,64,reaction_wheel_degradation,2.130370206837421,0.4844217333556942,gradual,0.8533152564232582,0.9824728163784012,1605212107,reaction_wheel_degradation
14880.0,248.0,4.133333333333334,0,0.0,369.8904379073655,369.8904379073655,93.11588911574948,93.25175094086113,29.724635564629978,29.66868264309404,12.443901527509611,12.454626952895802,24.986256426732698,25.017257109950332,25.88339084167621,25.846296239669414,13.388054818108483,18.494521895368276,3497.260947684137,3477.2752039540624,3478.5371637007843,0.0030011505168645513,0.22502876292161378,0.22345626370368615,22.945503314122885,22.995282670023855,0.0,0.0,0.0,0.4844217333556942,True,reaction_wheel_degradation,1.0,0.4844217333556942,reaction_wheel_degradation,0.4844217333556942,0.4844217333556942,64,reaction_wheel_degradation,2.130370206837421,0.4844217333556942,gradual,0.8533152564232582,0.9824728163784012,1605212107,reaction_wheel_degradation
14940.0,249.0,4.15,0,0.0,369.0211303259031,369.0211303259031,92.56675052895498,92.38203540024877,29.702670021158198,29.684358613857814,12.42383698378082,12.418055356778217,24.994832681612184,24.907858751575752,25.87722582797539,25.80017682230287,13.348138031964808,18.451056516295154,3475.5282581475767,3476.4017310508193,3473.3364674010763,0.0024693817798487473,0.21173454449621867,0.21448384466959347,22.94601117192159,22.875565789583828,0.0,0.0,0.0,0.4844217333556942,True,reaction_wheel_degradation,1.0,0.4844217333556942,reaction_wheel_degradation,0.4844217333556942,0.4844217333556942,64,reaction_wheel_degradation,2.130370206837421,0.4844217333556942,gradual,0.8533152564232582,0.9824728163784012,1605212107,reaction_wheel_degradation
15000.0,250.0,4.166666666666667,0,0.0,367.32050807568874,367.32050807568874,92.02014263003282,91.79273236036948,29.680805705201312,29.641545852955826,12.375691944619916,12.371528549328383,25.003039085818013,25.052285125611682,25.870940072159158,26.07675300846797,13.252620088650424,18.366025403784437,3433.0127018922185,3454.7072164715196,3448.0417554256633,0.0019236621437758016,0.19809155359439504,0.20146703677112965,22.946371982394098,22.8689166854761,0.0,0.0,0.0,0.4844217333556942,True,reaction_wheel_degradation,1.0,0.4844217333556942,reaction_wheel_degradation,0.4844217333556942,0.4844217333556942,64,reaction_wheel_degradation,2.130370206837421,0.4844217333556942,gradual,0.8533152564232582,0.9824728163784012,1605212107,reaction_wheel_degradation
15060.0,251.0,4.183333333333334,0,0.0,364.8628965095479,364.8628965095479,91.47719189117932,91.60858362663704,29.65908767564717,29.607571496895574,12.301892104696591,12.338514033659994,25.01071059779793,25.222937944074168,25.86445884123284,25.86569720231436,13.106923948447706,18.243144825477398,3371.5724127386984,3413.139814605109,3402.548816814281,0.001387842175395485,0.18469605438488712,0.18065518653856685,22.94651620155044,23.00221502130717,0.0,0.0,0.0,0.4844217333556942,True,reaction_wheel_degradation,1.0,0.4844217333556942,reaction_wheel_degradation,0.4844217333556942,0.4844217333556942,64,reaction_wheel_degradation,2.130370206837421,0.4844217333556942,gradual,0.8533152564232582,0.9824728163784012,1605212107,reaction_wheel_degradation
15120.0,252.0,4.2,0,0.0,361.7557050458495,361.7557050458495,90.9388649491468,91.02637981724091,29.637554597965874,29.601722738906094,12.205990337363327,12.209915166500599,25.017709320908693,24.888833982508185,25.85771874100756,25.842099418662414,12.918896009264552,18.087785252292473,3293.8926261462375,3353.5162203756736,3354.1912896768963,0.0008853397784754045,0.1721334944618851,0.16658580024865227,22.94638548879062,22.925760766785658,0.0,0.0,0.0,0.4844217333556942,True,reaction_wheel_degradation,1.0,0.4844217333556942,reaction_wheel_degradation,0.4844217333556942,0.4844217333556942,64,reaction_wheel_degradation,2.130370206837421,0.4844217333556942,gradual,0.8533152564232582,0.9824728163784012,1605212107,reaction_wheel_degradation
15180.0,253.0,4.216666666666667,0,0.0,358.134732861516,358.134732861516,90.40592635857907,90.33746771371412,29.616237054343163,29.60897481770778,12.092513042908543,12.099780196783406,25.02393076410135,24.899184066546585,25.85067046436565,25.72108978223495,12.698309735433059,17.9067366430758,3203.3683215379006,3278.442270956787,3276.9853839093776,0.00043811671903505427,0.16095291797587635,0.15314053977537936,22.945935492632483,22.978678772658053,0.0,0.0,0.0,0.4844217333556942,True,reaction_wheel_degradation,1.0,0.4844217333556942,reaction_wheel_degradation,0.4844217333556942,0.4844217333556942,64,reaction_wheel_degradation,2.130370206837421,0.4844217333556942,gradual,0.8533152564232582,0.9824728163784012,1605212107,reaction_wheel_degradation
15240.0,254.0,4.233333333333333,0,0.0,354.15823381635516,354.15823381635516,89.87890517730473,89.6797140955425,29.595156207092188,29.62915090483145,11.966763457443236,11.923587242945926,25.029308093555784,25.14005870209424,25.84328092403236,25.83238705859083,12.456274211711902,17.70791169081776,3103.9558454088797,3191.199058182833,3191.5172530071545,6.57187907863112e-05,0.15164296976965777,0.15214162451922533,22.94513774956453,22.907646785201553,0.0,0.0,0.0,0.4844217333556942,True,reaction_wheel_degradation,1.0,0.4844217333556942,reaction_wheel_degradation,0.4844217333556942,0.4844217333556942,64,reaction_wheel_degradation,2.130370206837421,0.4844217333556942,gradual,0.8533152564232582,0.9824728163784012,1605212107,reaction_wheel_degradation
15300.0,255.0,4.25,0,0.0,350.0000000000001,350.0000000000001,89.3580718439714,89.09224811905115,29.574322873758856,29.549713052881934,11.834590482223797,11.901819196101659,25.0338142534963,24.974917861250557,25.8355346766401,25.704094340355315,12.204602550555366,17.500000000000007,3000.0000000000027,3095.599529091418,3093.7150633228644,-0.00021557842984279993,0.15538946074607,0.1610342367070792,22.944037918799907,22.792622879263412,0.0,0.0,0.0,0.4844217333556942,True,reaction_wheel_degradation,1.0,0.4844217333556942,reaction_wheel_degradation,0.4844217333556942,0.4844217333556942,64,reaction_wheel_degradation,2.130370206837421,0.4844217333556942,gradual,0.8533152564232582,0.9824728163784012,1605212107,reaction_wheel_degradation
15360.0,256.0,4.266666666666667,0,0.0,345.8417661836449,345.8417661836449,88.84342635857907,89.02011176820005,29.553737054343163,29.566866172781776,11.702133153168209,11.632043249060764,25.03746201339785,25.06744148299977,25.827434575845345,25.825404322687604,11.955193626758282,17.292088309182244,2896.0441545911226,2995.8218418412703,2993.3952377486744,-0.0003934809044970713,0.15983702261242677,0.16090445006532494,22.94263072345214,23.019997263687973,0.0,0.0,0.0,0.4844217333556942,True,reaction_wheel_degradation,1.0,0.4844217333556942,reaction_wheel_degradation,0.4844217333556942,0.4844217333556942,64,reaction_wheel_degradation,2.130370206837421,0.4844217333556942,gradual,0.8533152564232582,0.9824728163784012,1605212107,reaction_wheel_degradation
15420.0,257.0,4.283333333333333,0,0.0,341.86526713848406,341.86526713848406,88.33469828248013,88.57853426610528,29.533387931299206,29.601488438872938,11.575551979804473,11.627751513988192,25.040302148954037,25.023028559219355,25.81900162595243,25.742310385946915,11.719472290972421,17.093263356924204,2796.6316784621013,2896.2267601516864,2897.3654805550905,-0.0004602134413632594,0.1615053360340815,0.1634041793869428,22.940907361096475,22.962463655730538,0.0,0.0,0.0,0.4844217333556942,True,reaction_wheel_degradation,1.0,0.4844217333556942,reaction_wheel_degradation,0.4844217333556942,0.4844217333556942,64,reaction_wheel_degradation,2.130370206837421,0.4844217333556942,gradual,0.8533152564232582,0.9824728163784012,1605212107,reaction_wheel_degradation
15480.0,258.0,4.3,0,0.0,338.2442949541506,338.2442949541506,87.83135855784599,87.76726742960702,29.51325434231384,29.53712887339187,11.46075898750352,11.471338147388193,25.042420068478883,24.936905633710133,25.810274042440227,25.930318340162493,11.507919725571414,16.91221474770753,2706.1073738537643,2801.1670670027256,2804.139537601606,-0.00041285950836204843,0.1603214877090512,0.1556968415468109,22.93887282186632,22.859678407852098,0.0,0.0,0.0,0.4844217333556942,True,reaction_wheel_degradation,1.0,0.4844217333556942,reaction_wheel_degradation,0.4844217333556942,0.4844217333556942,64,reaction_wheel_degradation,2.130370206837421,0.4844217333556942,gradual,0.8533152564232582,0.9824728163784012,1605212107,reaction_wheel_degradation
15540.0,259.0,4.316666666666666,0,0.0,335.1371034904522,335.1371034904522,87.33264263003281,87.30549738242992,29.493305705201312,29.52946926808032,11.363158366861157,11.366047783418312,25.043931246220108,25.011017942395835,25.80130556044975,25.83387348974304,11.329709445629337,16.75685517452261,2628.4275872613057,2714.7973271320157,2719.386308741234,-0.0002534886995949736,0.15633721748987434,0.15339646005363522,22.936545104669474,22.919224047141277,0.0,0.0,0.0,0.4844217333556942,True,reaction_wheel_degradation,1.0,0.4844217333556942,reaction_wheel_degradation,0.4844217333556942,0.4844217333556942,64,reaction_wheel_degradation,2.130370206837421,0.4844217333556942,gradual,0.8533152564232582,0.9824728163784012,1605212107,reaction_wheel_degradation
15600.0,260.0,4.333333333333333,0,0.0,332.6794919243112,332.6794919243112,86.8375838622883,86.79688934134042,29.473503354491534,29.47159090179247,11.287409166227041,11.287868630670026,25.04497582025901,25.093478978224518,25.792163065158586,26.012215241387615,11.1924484548661,16.633974596215563,2566.9872981077806,2640.8923126198983,2649.314226556743,1.0933715848769664e-05,0.15027334289621924,0.15134829122052776,22.93395696863474,22.84960412261663,0.0,0.0,0.0,0.4844217333556942,True,reaction_wheel_degradation,1.0,0.4844217333556942,reaction_wheel_degradation,0.4844217333556942,0.4844217333556942,64,reaction_wheel_degradation,2.130370206837421,0.4844217333556942,gradual,0.8533152564232582,0.9824728163784012,1605212107,reaction_wheel_degradation
15660.0,261.0,4.35,0,0.0,330.9788696740969,330.9788696740969,86.34505578241614,86.07230025322147,29.453802231296645,29.439627840936776,11.237220480906524,11.18726509559484,25.04571266510719,25.009981274642197,25.78292364760473,25.682322372898422,11.102009930920405,16.548943483704846,2524.471741852423,2582.682027236161,2578.882142586277,0.00036885120957487775,0.15922128023937193,0.15248918209768939,22.93124091307925,22.943414798122358,0.0,0.0,0.0,0.4844217333556942,True,reaction_wheel_degradation,1.0,0.4844217333556942,reaction_wheel_degradation,0.4844217333556942,0.4844217333556942,64,reaction_wheel_degradation,2.130370206837421,0.4844217333556942,gradual,0.8533152564232582,0.9824728163784012,1605212107,reaction_wheel_degradation
15720.0,262.0,4.366666666666666,0,0.0,330.1095620926345,330.1095620926345,85.85382131501638,85.57395073149938,29.434152852600654,29.431347734213002,11.215188143709993,11.236363041002358,25.04631317447623,25.116132570974283,25.773671214633154,25.644640771317984,11.062435607905055,16.505478104631727,2502.739052315864,2542.710539776012,2538.177628728361,0.0008046210696287912,0.17011552674071978,0.17891359963360995,22.928466064165725,22.85638826488411,0.0,0.0,0.0,0.4844217333556942,True,reaction_wheel_degradation,1.0,0.4844217333556942,reaction_wheel_degradation,0.4844217333556942,0.4844217333556942,64,reaction_wheel_degradation,2.130370206837421,0.4844217333556942,gradual,0.8533152564232582,0.9824728163784012,1605212107,reaction_wheel_degradation
15780.0,263.0,4.383333333333334,0,0.0,330.1095620926345,330.1095620926345,85.36258684761663,85.24339958890806,29.414503473904666,29.38494113696752,11.222680076360769,11.256443281111187,25.046954908255064,25.057213782832484,25.764492801125353,25.78735328738025,11.075883847707596,16.505478104631727,2502.7390523158633,2522.724796045938,2524.2661209107077,0.0012991980620703386,0.18247995155175845,0.18411429738235305,22.925703459189453,22.987179121080242,0.0,0.0,0.0,0.4844217333556942,True,reaction_wheel_degradation,1.0,0.4844217333556942,reaction_wheel_degradation,0.4844217333556942,0.4844217333556942,64,reaction_wheel_degradation,2.130370206837421,0.4844217333556942,gradual,0.8533152564232582,0.9824728163784012,1605212107,reaction_wheel_degradation
15840.0,264.0,4.4,0,0.0,330.9788696740969,330.9788696740969,84.87005876774447,84.68310954615889,29.394802350709778,29.406806793205934,11.259775307388825,11.303737784778548,25.04781518946497,25.043856123280033,25.75547474568376,25.76344943730419,11.142603197830649,16.548943483704846,2524.471741852423,2523.5982689491807,2521.542164811963,0.0018309667990861285,0.1957741699771532,0.18961613872648414,22.923023537447897,22.966215061154358,0.0,0.0,0.0,0.4844217333556942,True,reaction_wheel_degradation,1.0,0.4844217333556942,reaction_wheel_degradation,0.4844217333556942,0.4844217333556942,64,reaction_wheel_degradation,2.130370206837421,0.4844217333556942,gradual,0.8533152564232582,0.9824728163784012,1605212107,reaction_wheel_degradation
15900.0,265.0,4.416666666666667,0,0.0,332.6794919243112,332.6794919243112,84.37499999999994,84.57853939069098,29.374999999999996,29.3768225451476,11.325259299551021,11.330543749511332,25.04906469784873,25.124835016829064,25.746698896910722,25.80856034602422,11.260919856165351,16.633974596215563,2566.9872981077806,2545.292783528481,2548.8224989765567,0.0023766864351590666,0.20941716087897666,0.20535500889614927,22.92049372879963,22.797732804321406,0.0,0.0,0.0,0.4844217333556942,True,reaction_wheel_degradation,1.0,0.4844217333556942,reaction_wheel_degradation,0.4844217333556942,0.4844217333556942,64,reaction_wheel_degradation,2.130370206837421,0.4844217333556942,gradual,0.8533152564232582,0.9824728163784012,1605212107,reaction_wheel_degradation
15960.0,266.0,4.433333333333334,0,0.0,335.13710349045203,335.13710349045203,83.87628407218678,83.75870456898757,29.355051362887473,29.318008825345736,11.416675765526124,11.386979698713889,25.050861105804344,24.867676806613506,25.73823901608448,25.665463906218555,11.427238842812121,16.756855174522602,2628.4275872613007,2586.860185394891,2592.1710180195355,0.0029125064035393907,0.22281266008848477,0.23160162260469386,22.91817612950235,22.824328055371183,0.0,0.0,0.0,0.4844217333556942,True,reaction_wheel_degradation,1.0,0.4844217333556942,reaction_wheel_degradation,0.4844217333556942,0.4844217333556942,64,reaction_wheel_degradation,2.130370206837421,0.4844217333556942,gradual,0.8533152564232582,0.9824728163784012,1605212107,reaction_wheel_degradation
16020.0,267.0,4.45,0,0.0,338.2442949541506,338.2442949541506,83.37294434755262,83.69459126844312,29.334917773902106,29.343304577712214,11.530432693255086,11.499674889469944,25.0533428399945,25.063751347469143,25.73015753345122,25.80204787371281,11.63607024749486,16.91221474770753,2706.107373853764,2646.483779624328,2641.44986213837,0.0034150088004594923,0.2353752200114873,0.23535908191392632,22.916125258759532,22.84902505410242,0.0,0.0,0.0,0.4844217333556942,True,reaction_wheel_degradation,1.0,0.4844217333556942,reaction_wheel_degradation,0.4844217333556942,0.4844217333556942,64,reaction_wheel_degradation,2.130370206837421,0.4844217333556942,gradual,0.8533152564232582,0.9824728163784012,1605212107,reaction_wheel_degradation
16080.0,268.0,4.466666666666667,0,0.0,341.86526713848406,341.86526713848406,82.86421627145369,82.86570293233787,29.31456865085815,29.332360259054635,11.661957957156444,11.701477920959867,25.05662311985973,25.014814204674217,25.72250279989746,25.904178724754697,11.88010107155876,17.093263356924204,2796.6316784621013,2721.557729043214,2718.7053181659594,0.0038622318598998365,0.2465557964974959,0.24358674188506166,22.91438591223184,22.828267184091125,0.0,0.0,0.0,0.4844217333556942,True,reaction_wheel_degradation,1.0,0.4844217333556942,reaction_wheel_degradation,0.4844217333556942,0.4844217333556942,64,reaction_wheel_degradation,2.130370206837421,0.4844217333556942,gradual,0.8533152564232582,0.9824728163784012,1605212107,reaction_wheel_degradation
16140.0,269.0,4.483333333333333,0,0.0,345.8417661836447,345.8417661836447,82.34957078606136,82.20026721809906,29.293982831442456,29.268571691279522,11.805897756328248,11.840353248021186,25.060784506962673,24.956706555958554,25.715306954116645,25.674557177840573,12.15033774663011,17.292088309182237,2896.0441545911185,2808.800941817166,2810.027265966919,0.00423462978814853,0.25586574470371326,0.2556519303671427,22.91299116502824,23.00304788495831,0.0,0.0,0.0,0.4844217333556942,True,reaction_wheel_degradation,1.0,0.4844217333556942,reaction_wheel_degradation,0.4844217333556942,0.4844217333556942,64,reaction_wheel_degradation,2.130370206837421,0.4844217333556942,gradual,0.8533152564232582,0.9824728163784012,1605212107,reaction_wheel_degradation
16200.0,270.0,4.5,1,600.0,349.99999999999994,-250.00000000000006,82.72159459558517,82.80302396726196,29.308863783823405,29.334078073849895,-8.529842775344429,-8.541120288717323,25.06515532466012,25.083518947344686,25.72458449848371,25.610902157082418,6.820657421767644,17.499999999999996,2999.999999999999,2904.400470908583,2905.247865012823,0.0045159270087777245,0.2628981752194431,0.2654210787195894,22.911960617796286,22.942400203046997,0.0,0.0,0.0,0.4844217333556942,True,reaction_wheel_degradation,1.0,0.4844217333556942,reaction_wheel_degradation,0.4844217333556942,0.4844217333556942,64,reaction_wheel_degradation,2.130370206837421,0.4844217333556942,gradual,0.8533152564232582,0.9824728163784012,1605212107,reaction_wheel_degradation
16260.0,271.0,4.516666666666667,1,601.2556165273943,354.15823381635516,-247.09738271103913,83.08929903414327,83.20235585592289,29.32357196136573,29.294850623406276,-8.42657855723013,-8.419318983146326,25.069032986360472,25.129136297534725,25.73420364587748,25.81206917331783,6.680578094493649,17.70791169081776,3103.955845408879,3004.1781581587306,3000.811815805354,0.004693829483431968,0.26734573708579923,0.2656920638494732,22.911299015447202,22.84459505281156,0.0,0.0,0.0,0.4844217333556942,True,reaction_wheel_degradation,1.0,0.4844217333556942,reaction_wheel_degradation,0.4844217333556942,0.4844217333556942,64,reaction_wheel_degradation,2.130370206837421,0.4844217333556942,gradual,0.8533152564232582,0.9824728163784012,1605212107,reaction_wheel_degradation
16320.0,272.0,4.533333333333333,1,602.5051158172813,358.134732861516,-244.3703829557653,83.45294543735125,83.14753159132343,29.33811781749405,29.39144277963328,-8.32944991481524,-8.350172162805721,25.072453384677885,25.034503691376802,25.74414348999661,25.852878458269615,6.550378870673249,17.9067366430758,3203.3683215379,3103.7732398483154,3107.2956239729915,0.004760562020298136,0.2690140505074534,0.26457751730457324,22.91099538916293,22.887209730733947,0.0,0.0,0.0,0.4844217333556942,True,reaction_wheel_degradation,1.0,0.4844217333556942,reaction_wheel_degradation,0.4844217333556942,0.4844217333556942,64,reaction_wheel_degradation,2.130370206837421,0.4844217333556942,gradual,0.8533152564232582,0.9824728163784012,1605212107,reaction_wheel_degradation
16380.0,273.0,4.55,1,603.7424104347197,361.75570504584937,-241.9867053888703,83.81304470132278,83.73353762414372,29.35252178805291,29.354240077095675,-8.24415384600324,-8.267637174951329,25.07547628373957,25.128358818185465,25.75436591258122,25.68183162559906,6.437285810925601,18.08778525229247,3293.8926261462343,3198.832932997275,3193.3008726116013,0.004713208087296896,0.26783020218242237,0.2665276628284931,22.911022871249408,22.929335359048004,0.0,0.0,0.0,0.4844217333556942,True,reaction_wheel_degradation,1.0,0.4844217333556942,reaction_wheel_degradation,0.4844217333556942,0.4844217333556942,64,reaction_wheel_degradation,2.130370206837421,0.4844217333556942,gradual,0.8533152564232582,0.9824728163784012,1605212107,reaction_wheel_degradation
16440.0,274.0,4.566666666666666,1,604.961472404706,364.8628965095478,-240.0985758951582,84.1703342487858,84.24589639924777,29.366813369951434,29.437518840295706,-8.17584709891713,-8.102952089425989,25.0781819529131,25.15052833491724,25.764817274931527,25.804545110608974,6.347558062789732,18.24314482547739,3371.5724127386957,3285.202672867985,3280.2228533654998,0.004553837278529863,0.26384593196324657,0.2586579130847505,22.91133930540384,22.941783669168387,0.0,0.0,0.0,0.4844217333556942,True,reaction_wheel_degradation,1.0,0.4844217333556942,reaction_wheel_degradation,0.4844217333556942,0.4844217333556942,64,reaction_wheel_degradation,2.130370206837421,0.4844217333556942,gradual,0.8533152564232582,0.9824728163784012,1605212107,reaction_wheel_degradation
16500.0,275.0,4.583333333333333,1,606.1563625798619,367.32050807568874,-238.8358545041732,84.52574474655987,84.53011612754922,29.381029789862396,29.390376889553046,-8.128913663420365,-8.142889264223584,25.080667324488246,25.12398198300056,25.775430787539644,25.805921425060003,6.286338987787384,18.366025403784437,3433.0127018922185,3359.107687380102,3355.529995113571,0.004289414863086099,0.2572353715771525,0.25430776431588337,22.911888722816297,22.77091255235676,0.0,0.0,0.0,0.4844217333556942,True,reaction_wheel_degradation,1.0,0.4844217333556942,reaction_wheel_degradation,0.4844217333556942,0.4844217333556942,64,reaction_wheel_degradation,2.130370206837421,0.4844217333556942,gradual,0.8533152564232582,0.9824728163784012,1605212107,reaction_wheel_degradation
16560.0,276.0,4.6,1,607.3212595753644,369.0211303259031,-238.3001292494613,84.88035803413348,84.86105465711927,29.395214321365337,29.411557748131624,-8.106766177794373,-8.098240796599377,25.083041895971032,25.139084741711695,25.78612945427192,25.729076115044965,6.257572628914463,18.451056516295154,3475.5282581475763,3417.3179727638394,3410.1540152713865,0.003931497369359998,0.24828743423399996,0.24926826724743248,22.91260368251278,22.8352700706681,0.0,0.0,0.0,0.4844217333556942,True,reaction_wheel_degradation,1.0,0.4844217333556942,reaction_wheel_degradation,0.4844217333556942,0.4844217333556942,64,reaction_wheel_degradation,2.130370206837421,0.4844217333556942,gradual,0.8533152564232582,0.9824728163784012,1605212107,reaction_wheel_degradation
16620.0,277.0,4.616666666666666,1,608.450488130146,369.8904379073655,-238.56005022278055,85.23535810886975,85.27517983871157,29.409414324354792,29.41569734844914,-8.111689936824822,-8.133402337000652,25.085423514896856,25.059913032024987,25.79682946242848,25.81768682532716,6.263961090494807,18.494521895368276,3497.2609476841367,3457.2894602239876,3462.46258217628,0.0034957275093060987,0.23739318773265244,0.24101686899941954,22.913408391523905,22.940344502312083,0.0,0.0,0.0,0.4844217333556942,True,reaction_wheel_degradation,1.0,0.4844217333556942,reaction_wheel_degradation,0.4844217333556942,0.4844217333556942,64,reaction_wheel_degradation,2.130370206837421,0.4844217333556942,gradual,0.8533152564232582,0.9824728163784012,1605212107,reaction_wheel_degradation
16680.0,278.0,4.633333333333334,1,609.5385467561977,369.8904379073655,-239.64810884883218,85.59197731846623,85.65859735520537,29.42367909273865,29.498136317753968,-8.1447363565073,-8.107276516586102,25.08793410189201,25.102705345474455,25.80744387051979,26.0417190803177,6.306938425360945,18.494521895368276,3497.2609476841367,3477.2752039540624,3478.8259086521057,0.0030011505168645444,0.2250287629216136,0.2162053481906841,22.914222438240035,22.947446403507428,0.0,0.0,0.0,0.4844217333556942,True,reaction_wheel_degradation,1.0,0.4844217333556942,reaction_wheel_degradation,0.4844217333556942,0.4844217333556942,64,reaction_wheel_degradation,2.130370206837421,0.4844217333556942,gradual,0.8533152564232582,0.9824728163784012,1605212107,reaction_wheel_degradation
16740.0,279.0,4.65,1,610.5801345412646,369.0211303259031,-241.55900421536148,85.95144012235814,85.78799100979205,29.438057604894325,29.4172287297533,-8.205670613783983,-8.166125595487282,25.090695305339835,25.198499681834488,25.81788643258822,25.830894891346937,6.386642417753441,18.451056516295154,3475.5282581475767,3476.4017310508193,3475.0420898539583,0.0024693817798487473,0.21173454449621867,0.20074041757870262,22.91496490260786,22.845794829387454,0.0,0.0,0.0,0.4844217333556942,True,reaction_wheel_degradation,1.0,0.4844217333556942,reaction_wheel_degradation,0.4844217333556942,0.4844217333556942,64,reaction_wheel_degradation,2.130370206837421,0.4844217333556942,gradual,0.8533152564232582,0.9824728163784012,1605212107,reaction_wheel_degradation
16800.0,280.0,4.666666666666667,1,611.5701769743577,367.3205080756888,-244.24966889866886,86.3149068915526,86.02269497602256,29.452596275662103,29.466033351626383,-8.29297582503796,-8.299919239617136,25.093824052983706,25.0520535053282,25.828075391935084,25.74950717699633,6.5018758427731225,18.36602540378444,3433.0127018922203,3454.70721647152,3455.6701988705586,0.001923662143775823,0.19809155359439556,0.19239754895935937,22.91555856010022,22.979257400226242,0.0,0.0,0.0,0.4844217333556942,True,reaction_wheel_degradation,1.0,0.4844217333556942,reaction_wheel_degradation,0.4844217333556942,0.4844217333556942,64,reaction_wheel_degradation,2.130370206837421,0.4844217333556942,gradual,0.8533152564232582,0.9824728163784012,1605212107,reaction_wheel_degradation
16860.0,281.0,4.683333333333334,1,612.503850668262,364.8628965095479,-247.64095415871407,86.68342021619354,86.82674043655317,29.46733680864774,29.497641845392327,-8.403913654186734,-8.478704371999306,25.097427979254345,25.098893569208684,25.837937078450558,25.656684880987438,6.650061176562099,18.243144825477398,3371.5724127386984,3413.139814605109,3416.9143318301312,0.0013878421753954785,0.18469605438488695,0.18674470779482477,22.915933879923767,22.829990060468358,0.0,0.0,0.0,0.4844217333556942,True,reaction_wheel_degradation,1.0,0.4844217333556942,reaction_wheel_degradation,0.4844217333556942,0.4844217333556942,64,reaction_wheel_degradation,2.130370206837421,0.4844217333556942,gradual,0.8533152564232582,0.9824728163784012,1605212107,reaction_wheel_degradation
16920.0,282.0,4.7,1,613.376606858593,361.7557050458495,-251.62090181274357,87.0578560819863,86.94480490693445,29.482314243279454,29.550120038656058,-8.534638757881803,-8.50732683883477,25.10160076037283,25.308601033802056,25.84740915232754,25.828329947502198,6.827204698203059,18.087785252292473,3293.8926261462375,3353.5162203756736,3350.7536793937265,0.0008853397784754045,0.1721334944618851,0.1649100117960065,22.916032534576146,23.04004027928963,0.0,0.0,0.0,0.4844217333556942,True,reaction_wheel_degradation,1.0,0.4844217333556942,reaction_wheel_degradation,0.4844217333556942,0.4844217333556942,64,reaction_wheel_degradation,2.130370206837421,0.4844217333556942,gradual,0.8533152564232582,0.9824728163784012,1605212107,reaction_wheel_degradation
16980.0,283.0,4.716666666666667,1,614.184193564921,358.134732861516,-256.049460703405,87.4388820651759,87.38460417140114,29.497555282607035,29.495677310014756,-8.680362092731874,-8.713742948521116,25.106417472093508,24.98717047784704,25.856443352395072,25.957932879851576,7.027894884874919,17.9067366430758,3203.3683215379006,3278.442270956787,3281.2812863624254,0.00043811671903505427,0.16095291797587635,0.16209292169605494,22.915810185574617,22.96025417334045,0.0,0.0,0.0,0.4844217333556942,True,reaction_wheel_degradation,1.0,0.4844217333556942,reaction_wheel_degradation,0.4844217333556942,0.4844217333556942,64,reaction_wheel_degradation,2.130370206837421,0.4844217333556942,gradual,0.8533152564232582,0.9824728163784012,1605212107,reaction_wheel_degradation
17040.0,284.0,4.733333333333333,1,614.9226763059908,354.15823381635533,-260.7644424896354,87.82692439030927,87.51455929854602,29.51307697561237,29.49405248643782,-8.835555936953428,-8.835501650306538,25.111930180251623,25.14455029378982,25.865007628957546,25.79909814816659,7.245363897202638,17.707911690817767,3103.9558454088833,3191.199058182836,3194.183080993402,6.57187907863537e-05,0.15164296976965883,0.1502333549153248,22.9152383823096,22.94264254010951,0.0,0.0,0.0,0.4844217333556942,True,reaction_wheel_degradation,1.0,0.4844217333556942,reaction_wheel_degradation,0.4844217333556942,0.4844217333556942,64,reaction_wheel_degradation,2.130370206837421,0.4844217333556942,gradual,0.8533152564232582,0.9824728163784012,1605212107,reaction_wheel_degradation
17100.0,285.0,4.75,1,615.5884572681198,350.0000000000001,-265.58845726811967,88.22214530886303,88.07684488340851,29.52888581235452,29.474074186949725,-8.994191618195115,-8.957295709170626,25.118164061267397,25.033566490656984,25.873087567925886,25.804482517829292,7.471638629184902,17.500000000000007,3000.0000000000027,3095.5995290914193,3095.7786305962686,-0.00021557842984282682,0.15538946074607066,0.15181694321751762,22.914362796799388,22.826899937222503,0.0,0.0,0.0,0.4844217333556942,True,reaction_wheel_degradation,1.0,0.4844217333556942,reaction_wheel_degradation,0.4844217333556942,0.4844217333556942,64,reaction_wheel_degradation,2.130370206837421,0.4844217333556942,gradual,0.8533152564232582,0.9824728163784012,1605212107,reaction_wheel_degradation
17160.0,286.0,4.766666666666667,1,616.1782928333851,345.8417661836448,-270.3365266497403,88.62443180685372,88.75131270287206,29.54497727227415,29.576833885053514,-9.1499994790462,-9.184307876224716,25.12511440769087,24.992561784274443,25.880687044000844,25.940995595737277,7.6977992373236575,17.29208830918224,2896.044154591119,2995.8218418412694,2995.5499160278077,-0.0003934809044971346,0.15983702261242835,0.16180347472022283,22.913178164866622,22.91884313908643,0.0,0.0,0.0,0.4844217333556942,True,reaction_wheel_degradation,1.0,0.4844217333556942,reaction_wheel_degradation,0.4844217333556942,0.4844217333556942,64,reaction_wheel_degradation,2.130370206837421,0.4844217333556942,gradual,0.8533152564232582,0.9824728163784012,1605212107,reaction_wheel_degradation
17220.0,287.0,4.783333333333333,1,616.6893093822022,341.86526713848406,-274.8240422437181,89.03339615543068,89.33699131000667,29.561335846217226,29.52959556562569,-9.296739622099507,-9.275243881302128,25.132744885938354,25.059245804382947,25.887828074362684,25.917616776147426,7.9143494080891905,17.093263356924204,2796.6316784621017,2896.226760151685,2897.773012246918,-0.0004602134413632321,0.1615053360340808,0.16797843631674855,22.911675696700346,23.0166386901513,0.0,0.0,0.0,0.4844217333556942,True,reaction_wheel_degradation,1.0,0.4844217333556942,reaction_wheel_degradation,0.4844217333556942,0.4844217333556942,64,reaction_wheel_degradation,2.130370206837421,0.4844217333556942,gradual,0.8533152564232582,0.9824728163784012,1605212107,reaction_wheel_degradation
17280.0,288.0,4.8,1,617.1190172933127,338.2442949541506,-278.87472233916213,89.44838830176872,89.57432554019486,29.57793553207075,29.55181836610387,-9.42847150494273,-9.419644080776994,25.140987369934596,25.24852166407599,25.8945498792632,25.795811755023855,8.111685993561363,16.91221474770753,2706.1073738537643,2801.1670670027247,2797.774836582387,-0.000412859508362035,0.16032148770905086,0.16328476834570713,22.90986039495316,22.972541595916617,0.0,0.0,0.0,0.4844217333556942,True,reaction_wheel_degradation,1.0,0.4844217333556942,reaction_wheel_degradation,0.4844217333556942,0.4844217333556942,64,reaction_wheel_degradation,2.130370206837421,0.4844217333556942,gradual,0.8533152564232582,0.9824728163784012,1605212107,reaction_wheel_degradation
17340.0,289.0,4.816666666666666,1,617.465323072968,335.13710349045215,-282.3282195825158,89.86851958090936,90.11017724813122,29.594740783236375,29.59851573813214,-9.539810524119801,-9.596219263944331,25.149743575004617,25.16810298355606,25.90090719057814,25.859561965151897,8.280638786888552,16.75685517452261,2628.4275872613034,2714.797327132014,2717.581407397236,-0.0002534886995949879,0.1563372174898747,0.16048209357782953,22.907750270958164,22.946559632382872,0.0,0.0,0.0,0.4844217333556942,True,reaction_wheel_degradation,1.0,0.4844217333556942,reaction_wheel_degradation,0.4844217333556942,0.4844217333556942,64,reaction_wheel_degradation,2.130370206837421,0.4844217333556942,gradual,0.8533152564232582,0.9824728163784012,1605212107,reaction_wheel_degradation
17400.0,290.0,4.833333333333333,1,617.7265395542198,332.6794919243112,-285.0470476299086,90.29269673512054,90.4026701602109,29.61170786940482,29.60929198372179,-9.626160331144652,-9.661886950950757,25.158888570280162,25.257237593176,25.906967882245944,25.76267029040161,8.413037017672233,16.633974596215563,2566.9872981077806,2640.8923126198974,2637.50210698366,1.0933715848789613e-05,0.15027334289621974,0.15392142361711425,22.905378096176264,22.84466664459128,0.0,0.0,0.0,0.4844217333556942,True,reaction_wheel_degradation,1.0,0.4844217333556942,reaction_wheel_degradation,0.4844217333556942,0.4844217333556942,64,reaction_wheel_degradation,2.130370206837421,0.4844217333556942,gradual,0.8533152564232582,0.9824728163784012,1605212107,reaction_wheel_degradation
17460.0,291.0,4.85,1,617.9013941166289,330.978869674097,-286.92252444253194,90.71966477744574,90.76608510142091,29.62878659109783,29.6293980771562,-9.68391073189409,-9.675392045786081,25.168276072742024,25.145663283739466,25.912810026155388,25.963125491353683,8.502250165063481,16.54894348370485,2524.471741852424,2582.682027236161,2579.1431531868316,0.0003688512095749053,0.15922128023937263,0.16338214438686813,22.902876382164216,22.94679338406244,0.0,0.0,0.0,0.4844217333556942,True,reaction_wheel_degradation,1.0,0.4844217333556942,reaction_wheel_degradation,0.4844217333556942,0.4844217333556942,64,reaction_wheel_degradation,2.130370206837421,0.4844217333556942,gradual,0.8533152564232582,0.9824728163784012,1605212107,reaction_wheel_degradation
17520.0,292.0,4.866666666666666,1,617.9890348863438,330.1095620926345,-287.8794727937093,91.14805685005543,91.21831806265007,29.645922274002217,29.661885660752183,-9.710592577724025,-9.763395983403816,25.17774524516172,25.160104255077727,25.918518502155408,26.07345112076605,8.543648656843914,16.505478104631727,2502.739052315864,2542.710539776012,2537.984081246004,0.0008046210696287912,0.17011552674071978,0.1725722976453165,22.900314267232552,22.982937677087715,0.0,0.0,0.0,0.4844217333556942,True,reaction_wheel_degradation,1.0,0.4844217333556942,reaction_wheel_degradation,0.4844217333556942,0.4844217333556942,64,reaction_wheel_degradation,2.130370206837421,0.4844217333556942,gradual,0.8533152564232582,0.9824728163784012,1605212107,reaction_wheel_degradation
17580.0,293.0,4.883333333333334,1,617.9890348863438,330.1095620926345,-287.8794727937093,91.57644892266512,91.41432105234631,29.663057956906606,29.643859628517614,-9.704982986310108,-9.700876444391154,25.1871285589613,25.239259331632336,25.92418131034743,25.712736469527293,8.534935581165493,16.505478104631727,2502.739052315864,2522.724796045938,2520.801884245048,0.0012991980620703457,0.18247995155175864,0.180578130073155,22.89776280073328,22.946616987057734,0.0,0.0,0.0,0.4844217333556942,True,reaction_wheel_degradation,1.0,0.4844217333556942,reaction_wheel_degradation,0.4844217333556942,0.4844217333556942,64,reaction_wheel_degradation,2.130370206837421,0.4844217333556942,gradual,0.8533152564232582,0.9824728163784012,1605212107,reaction_wheel_degradation
17640.0,294.0,4.9,1,617.9013941166289,330.9788696740969,-286.922524442532,92.00341696499031,92.16632182224753,29.680136678599613,29.710262581512335,-9.667156440334484,-9.62401951192257,25.196260164578707,25.251192208485755,25.92988574683206,25.908409159280243,8.47631309135204,16.548943483704846,2524.471741852423,2523.5982689491807,2524.2234577602326,0.0018309667990861285,0.1957741699771532,0.2030746846835,22.895292433930145,22.7849489396509,0.0,0.0,0.0,0.4844217333556942,True,reaction_wheel_degradation,1.0,0.4844217333556942,reaction_wheel_degradation,0.4844217333556942,0.4844217333556942,64,reaction_wheel_degradation,2.130370206837421,0.4844217333556942,gradual,0.8533152564232582,0.9824728163784012,1605212107,reaction_wheel_degradation
17700.0,295.0,4.916666666666667,1,617.7265395542198,332.6794919243112,-285.0470476299086,92.4275941192015,92.42826664561576,29.69710376476806,29.68660402208375,-9.598479699831257,-9.607399274959606,25.204984153604055,25.05694964851304,25.935714610049835,25.856681147912337,8.370465003845819,16.633974596215563,2566.9872981077806,2545.292783528481,2536.028813528733,0.0023766864351590666,0.20941716087897666,0.21506112007218306,22.89297060855826,22.819562610691897,0.0,0.0,0.0,0.4844217333556942,True,reaction_wheel_degradation,1.0,0.4844217333556942,reaction_wheel_degradation,0.4844217333556942,0.4844217333556942,64,reaction_wheel_degradation,2.130370206837421,0.4844217333556942,gradual,0.8533152564232582,0.9824728163784012,1605212107,reaction_wheel_degradation
17760.0,296.0,4.933333333333334,1,617.465323072968,335.1371034904521,-282.3282195825159,92.84772539834213,92.88784958811523,29.713909015933687,29.70524888775673,-9.501550921190516,-9.503344363144057,25.213162107324557,25.231439465334553,25.94174260351848,26.157579101200263,8.222357592638108,16.756855174522606,2628.427587261303,2586.860185394892,2583.0158432370567,0.002912506403539419,0.22281266008848546,0.22810340358006778,22.89085943266279,22.865708572839907,0.0,0.0,0.0,0.4844217333556942,True,reaction_wheel_degradation,1.0,0.4844217333556942,reaction_wheel_degradation,0.4844217333556942,0.4844217333556942,64,reaction_wheel_degradation,2.130370206837421,0.4844217333556942,gradual,0.8533152564232582,0.9824728163784012,1605212107,reaction_wheel_degradation
17820.0,297.0,4.95,1,617.1190172933127,338.2442949541506,-278.87472233916213,93.26271754468019,93.13237484122814,29.73050870178721,29.67829064131142,-9.38008579457633,-9.392350394171283,25.22067940388424,25.05943228290523,25.94803309218575,26.026290764104463,8.038880761089011,16.91221474770753,2706.107373853764,2646.4837796243282,2642.503712017129,0.003415008800459479,0.23537522001148697,0.23607585621509586,22.88901343714627,22.929097584763216,0.0,0.0,0.0,0.4844217333556942,True,reaction_wheel_degradation,1.0,0.4844217333556942,reaction_wheel_degradation,0.4844217333556942,0.4844217333556942,64,reaction_wheel_degradation,2.130370206837421,0.4844217333556942,gradual,0.8533152564232582,0.9824728163784012,1605212107,reaction_wheel_degradation
17880.0,298.0,4.966666666666667,1,616.6893093822022,341.8652671384839,-274.8240422437183,93.67168189325714,93.39525987951893,29.746867275730285,29.750399646791337,-9.238755788847058,-9.273751575178663,25.227449889734523,25.121665553481932,25.95463535416211,26.17147528920406,7.828368682076403,17.093263356924194,2796.6316784620976,2721.557729043213,2719.007616542247,0.003862231859899787,0.24655579649749465,0.24554538605009996,22.88747742928068,22.83018227672386,0.0,0.0,0.0,0.4844217333556942,True,reaction_wheel_degradation,1.0,0.4844217333556942,reaction_wheel_degradation,0.4844217333556942,0.4844217333556942,64,reaction_wheel_degradation,2.130370206837421,0.4844217333556942,gradual,0.8533152564232582,0.9824728163784012,1605212107,reaction_wheel_degradation
17940.0,299.0,4.983333333333333,1,616.1782928333851,345.8417661836447,-270.33652664974034,94.07396839124782,94.12394959447356,29.762958735649914,29.734197923827793,-9.082985634957478,-9.05976675168775,25.233418691208072,25.143532140510462,25.96158244794718,25.880624635565898,7.6000502435875115,17.292088309182237,2896.0441545911185,2808.800941817166,2812.0612751950084,0.004234629788148543,0.2558657447037136,0.26261378692951387,22.886284495699215,22.834525432924313,0.0,0.0,0.0,0.4844217333556942,True,reaction_wheel_degradation,1.0,0.4844217333556942,reaction_wheel_degradation,0.4844217333556942,0.4844217333556942,64,reaction_wheel_degradation,2.130370206837421,0.4844217333556942,gradual,0.8533152564232582,0.9824728163784012,1605212107,reaction_wheel_degradation
18000.0,300.0,5.0,1,615.5884572681198,349.99999999999994,-265.58845726811984,94.46918930980158,94.5013196767816,29.778767572392063,29.752431476559664,-8.918718903409127,-8.927834180985498,25.238563124894963,25.234896931872765,25.9688897883636,26.149276765737987,7.363483750242184,17.499999999999996,2999.9999999999986,2904.4004709085825,2897.2509989150985,0.004515927008777718,0.2628981752194429,0.2687439240309912,22.885454248487225,22.89410536480387,0.0,0.0,0.0,0.4844217333556942,True,reaction_wheel_degradation,1.0,0.4844217333556942,reaction_wheel_degradation,0.4844217333556942,0.4844217333556942,64,reaction_wheel_degradation,2.130370206837421,0.4844217333556942,gradual,0.8533152564232582,0.9824728163784012,1605212107,reaction_wheel_degradation
18060.0,301.0,5.016666666666667,1,614.9226763059908,354.15823381635516,-260.7644424896356,94.85723163493495,94.85990804130917,29.7942892653974,29.7896145553297,-8.752161871251051,-8.720984463682676,25.242891836124414,25.40196387511482,25.97655449343833,25.913815338041356,7.128026993646456,17.70791169081776,3103.955845408879,3004.1781581587306,3011.6168440413026,0.004693829483431975,0.26734573708579934,0.26959223725256376,22.884991443907957,22.903247403296234,0.0,0.0,0.0,0.4844217333556942,True,reaction_wheel_degradation,1.0,0.4844217333556942,reaction_wheel_degradation,0.4844217333556942,0.4844217333556942,64,reaction_wheel_degradation,2.130370206837421,0.4844217333556942,gradual,0.8533152564232582,0.9824728163784012,1605212107,reaction_wheel_degradation
18120.0,302.0,5.033333333333333,1,614.184193564921,358.1347328615159,-256.0494607034051,95.23825761812455,94.99058489934757,29.80953030472498,29.829819517220006,-8.589516778223768,-8.617883669219106,25.246442431369903,25.208099444224427,25.984555530776973,26.089479650454255,6.90238387867101,17.906736643075796,3203.368321537897,3103.773239848314,3098.949452773059,0.0047605620202981,0.26901405050745253,0.27326378962986525,22.88488512441023,22.945146213291768,0.0,0.0,0.0,0.4844217333556942,True,reaction_wheel_degradation,1.0,0.4844217333556942,reaction_wheel_degradation,0.4844217333556942,0.4844217333556942,64,reaction_wheel_degradation,2.130370206837421,0.4844217333556942,gradual,0.8533152564232582,0.9824728163784012,1605212107,reaction_wheel_degradation
18180.0,303.0,5.05,1,613.376606858593,361.75570504584937,-251.62090181274368,95.61269348391733,95.53166856146385,29.824507739356694,29.81310280268444,-8.436716005900825,-8.460611752949353,25.249277957305477,25.2361893258568,25.99285465703534,25.97234247159419,6.694254157137854,18.08778525229247,3293.8926261462343,3198.8329329972744,3201.6560848134413,0.00471320808729691,0.26783020218242276,0.2658754049792045,22.88510843348235,22.957077184284305,0.0,0.0,0.0,0.4844217333556942,True,reaction_wheel_degradation,1.0,0.4844217333556942,reaction_wheel_degradation,0.4844217333556942,0.4844217333556942,64,reaction_wheel_degradation,2.130370206837421,0.4844217333556942,gradual,0.8533152564232582,0.9824728163784012,1605212107,reaction_wheel_degradation
18240.0,304.0,5.066666666666666,1,612.503850668262,364.8628965095479,-247.64095415871407,95.98120680855826,96.02048696133103,29.83924827234233,29.829936839667948,-8.299168661974964,-8.319195880996613,25.25148260968962,25.00831781827747,26.001398109430014,25.938293788893667,6.510096038392585,18.243144825477398,3371.572412738698,3285.202672867986,3294.0446535688952,0.0045538372785299056,0.2638459319632476,0.2602008003662612,22.88561922592004,22.82037302003795,0.0,0.0,0.0,0.4844217333556942,True,reaction_wheel_degradation,1.0,0.4844217333556942,reaction_wheel_degradation,0.4844217333556942,0.4844217333556942,64,reaction_wheel_degradation,2.130370206837421,0.4844217333556942,gradual,0.8533152564232582,0.9824728163784012,1605212107,reaction_wheel_degradation
18300.0,305.0,5.083333333333333,1,611.5701769743577,367.32050807568874,-244.24966889866892,96.3446735777527,96.24965150812993,29.85378694311011,29.876527688067885,-8.181530516182598,-8.174157526682977,25.253157031788078,25.262042887429253,26.010118975362143,25.863744295565326,6.354995326978167,18.366025403784437,3433.0127018922185,3359.1076873801026,3351.2353427956136,0.004289414863086085,0.25723537157715215,0.25585514251631836,22.886361543928626,22.88505234272911,0.0,0.0,0.0,0.4844217333556942,True,reaction_wheel_degradation,1.0,0.4844217333556942,reaction_wheel_degradation,0.4844217333556942,0.4844217333556942,64,reaction_wheel_degradation,2.130370206837421,0.4844217333556942,gradual,0.8533152564232582,0.9824728163784012,1605212107,reaction_wheel_degradation
18360.0,306.0,5.1,1,610.5801345412646,369.021130325903,-241.55900421536154,96.70413638164462,96.61267759575527,29.868165455265785,29.90146792511072,-8.087507234990706,-8.090054646651954,25.25441349580429,25.226103967861125,26.018940136591837,25.91969016627035,6.232621862082161,18.45105651629515,3475.5282581475753,3417.317972763839,3406.7967727363284,0.0039314973693599705,0.24828743423399924,0.2515829764576492,22.88726795746677,22.961587137814337,0.0,0.0,0.0,0.4844217333556942,True,reaction_wheel_degradation,1.0,0.4844217333556942,reaction_wheel_degradation,0.4844217333556942,0.4844217333556942,64,reaction_wheel_degradation,2.130370206837421,0.4844217333556942,gradual,0.8533152564232582,0.9824728163784012,1605212107,reaction_wheel_degradation
18420.0,307.0,5.116666666666666,1,609.5385467561977,369.8904379073655,-239.64810884883218,97.0607555912411,96.58036041125331,29.882430223649642,29.889904613933055,-8.019699437268967,-8.038973087611387,25.255371169246565,25.301292563663342,26.02777765928984,25.973480915057234,6.145246325130574,18.494521895368276,3497.260947684137,3457.2894602239876,3458.0391881905057,0.0034957275093061126,0.2373931877326528,0.24336037192279455,22.88826268441574,22.86585548975053,0.0,0.0,0.0,0.4844217333556942,True,reaction_wheel_degradation,1.0,0.4844217333556942,reaction_wheel_degradation,0.4844217333556942,0.4844217333556942,64,reaction_wheel_degradation,2.130370206837421,0.4844217333556942,gradual,0.8533152564232582,0.9824728163784012,1605212107,reaction_wheel_degradation
18480.0,308.0,5.133333333333334,1,608.450488130146,369.8904379073655,-238.56005022278055,97.41575566597737,97.63471796539255,29.896630226639097,29.824225509331086,-7.979496298222064,-7.930030722988898,25.25615157187731,25.255310166897647,26.036544481806256,25.920881914825664,6.09378889386717,18.494521895368276,3497.260947684137,3477.2752039540624,3478.2015089474967,0.0030011505168645513,0.22502876292161378,0.23334115124143054,22.88926532393518,22.74502280283288,0.0,0.0,0.0,0.4844217333556942,True,reaction_wheel_degradation,1.0,0.4844217333556942,reaction_wheel_degradation,0.4844217333556942,0.4844217333556942,64,reaction_wheel_degradation,2.130370206837421,0.4844217333556942,gradual,0.8533152564232582,0.9824728163784012,1605212107,reaction_wheel_degradation
18540.0,309.0,5.15,1,607.3212595753644,369.02113032590313,-238.30012924946124,97.77036895355099,97.66712985555071,29.91081475814204,29.904295255598413,-7.967022335444521,-7.933667987594435,25.25687424775097,25.356640293239696,26.045154238984395,26.06047801560972,6.07787559147775,18.451056516295157,3475.5282581475776,3476.40173105082,3482.1109596669417,0.0024693817798487616,0.21173454449621903,0.21143456715467096,22.890194966660292,22.94175580333776,0.0,0.0,0.0,0.4844217333556942,True,reaction_wheel_degradation,1.0,0.4844217333556942,reaction_wheel_degradation,0.4844217333556942,0.4844217333556942,64,reaction_wheel_degradation,2.130370206837421,0.4844217333556942,gradual,0.8533152564232582,0.9824728163784012,1605212107,reaction_wheel_degradation
18600.0,310.0,5.166666666666667,1,606.156362579862,367.32050807568885,-238.8358545041732,98.12577945132504,97.78055104638443,29.925031178053,29.945919652421413,-7.9811397048546855,-7.9732165747781325,25.257652626528042,25.006671607040108,26.05352505588009,26.10649645514966,6.095887279072635,18.366025403784445,3433.0127018922203,3454.7072164715205,3452.327178121525,0.0019236621437758164,0.1980915535943954,0.2011806355593829,22.89097439867226,22.876634319949993,0.0,0.0,0.0,0.4844217333556942,True,reaction_wheel_degradation,1.0,0.4844217333556942,reaction_wheel_degradation,0.4844217333556942,0.4844217333556942,64,reaction_wheel_degradation,2.130370206837421,0.4844217333556942,gradual,0.8533152564232582,0.9824728163784012,1605212107,reaction_wheel_degradation
18660.0,311.0,5.183333333333334,1,604.961472404706,364.8628965095479,-240.0985758951581,98.4830689987881,98.33566931539461,29.939322759951523,29.995753461082824,-8.019505912683071,-8.029324750516272,25.25859003745782,25.264512079809194,26.061583145084004,26.05118190629542,6.144998006684699,18.243144825477398,3371.5724127386984,3413.139814605109,3417.4569515773924,0.0013878421753954718,0.1846960543848868,0.18394800349212853,22.89153409970652,22.87566743277996,0.0,0.0,0.0,0.4844217333556942,True,reaction_wheel_degradation,1.0,0.4844217333556942,reaction_wheel_degradation,0.4844217333556942,0.4844217333556942,64,reaction_wheel_degradation,2.130370206837421,0.4844217333556942,gradual,0.8533152564232582,0.9824728163784012,1605212107,reaction_wheel_degradation
18720.0,312.0,5.2,1,603.7424104347197,361.7557050458495,-241.98670538887018,98.84316826275963,98.73602126560391,29.953726730510386,30.00008866724129,-8.07868441766835,-8.122662742143294,25.259775868411815,25.413527732886067,26.069266050427917,26.060167408740817,6.221211353622193,18.087785252292473,3293.8926261462375,3353.5162203756736,3352.5853188062056,0.0008853397784754045,0.1721334944618851,0.16767773353361265,22.891815752710528,22.946829440594254,0.0,0.0,0.0,0.4844217333556942,True,reaction_wheel_degradation,1.0,0.4844217333556942,reaction_wheel_degradation,0.4844217333556942,0.4844217333556942,64,reaction_wheel_degradation,2.130370206837421,0.4844217333556942,gradual,0.8533152564232582,0.9824728163784012,1605212107,reaction_wheel_degradation
18780.0,313.0,5.216666666666667,1,602.5051158172813,358.13473286151606,-244.37038295576525,99.20681466596761,99.44275074799425,29.968272586638705,30.034603852734257,-8.154303263536027,-8.162103543520724,25.261281922991667,25.21726236631687,26.076525395310647,25.914192517037346,6.3194129370971455,17.906736643075803,3203.3683215379006,3278.442270956787,3272.0422924165578,0.00043811671903505427,0.16095291797587635,0.16871407119922532,22.89177502957299,22.90439696504424,0.0,0.0,0.0,0.4844217333556942,True,reaction_wheel_degradation,1.0,0.4844217333556942,reaction_wheel_degradation,0.4844217333556942,0.4844217333556942,64,reaction_wheel_degradation,2.130370206837421,0.4844217333556942,gradual,0.8533152564232582,0.9824728163784012,1605212107,reaction_wheel_degradation
18840.0,314.0,5.233333333333333,1,601.2556165273943,354.15823381635516,-247.09738271103913,99.5745191045257,99.24438447920993,29.98298076418103,29.974960946943767,-8.24125475230376,-8.301196690067325,25.26315910609168,25.272133208601396,26.083329015529795,26.027340063327586,6.433462391389545,17.70791169081776,3103.9558454088797,3191.199058182833,3198.6262757929076,6.57187907863112e-05,0.15164296976965777,0.14988471959370095,22.891383489977983,22.993616151854404,0.0,0.0,0.0,0.4844217333556942,True,reaction_wheel_degradation,1.0,0.4844217333556942,reaction_wheel_degradation,0.4844217333556942,0.4844217333556942,64,reaction_wheel_degradation,2.130370206837421,0.4844217333556942,gradual,0.8533152564232582,0.9824728163784012,1605212107,reaction_wheel_degradation
18900.0,315.0,5.25,1,600.0,350.0,-250.0,99.94654291404952,99.99906304783867,29.99786171656198,30.012823928103828,-8.333927343293727,-8.397660689539027,25.265434643445346,25.41189230572977,26.089662383405557,26.066731162280483,6.556347597063907,17.5,2999.9999999999995,3095.5995290914166,3095.0562106840953,-0.00021557842984284243,0.15538946074607105,0.1503383587753126,22.890686816160258,23.001373454395246,0.0,0.0,0.0,0.4844217333556942,True,reaction_wheel_degradation,1.0,0.4844217333556942,reaction_wheel_degradation,0.4844217333556942,0.4844217333556942,64,reaction_wheel_degradation,2.130370206837421,0.4844217333556942,gradual,0.8533152564232582,0.9824728163784012,1605212107,reaction_wheel_degradation
18960.0,316.0,5.266666666666667,1,598.7443834726058,345.8417661836448,-252.90261728896104,100.0,99.88688581931564,30.0,29.987464630014696,-8.430087242965367,-8.471372227816643,25.26812640116441,25.226559528474287,26.095529260956678,26.222858179522348,6.685309673920594,17.29208830918224,2896.0441545911194,2995.821841841268,2990.446255401552,-0.00039348090449709385,0.15983702261242733,0.16030408458553802,22.889679754082287,22.928079642947328,0.0,0.0,0.0,0.4844217333556942,True,reaction_wheel_degradation,1.0,0.4844217333556942,reaction_wheel_degradation,0.4844217333556942,0.4844217333556942,64,reaction_wheel_degradation,2.130370206837421,0.4844217333556942,gradual,0.8533152564232582,0.9824728163784012,1605212107,reaction_wheel_degradation
19020.0,317.0,5.283333333333333,1,597.4948841827189,341.86526713848417,-255.62961704423475,100.0,99.97903194510029,30.0,29.998594473212037,-8.520987234807825,-8.527875286223612,25.271212902345624,25.477420690461557,26.100951553582874,26.088620507873312,6.808577876460633,17.093263356924208,2796.631678462105,2896.226760151687,2893.4048507773687,-0.0004602134413631688,0.1615053360340792,0.1655844605119225,22.888353523996894,22.789450104773493,0.0,0.0,0.0,0.4844217333556942,True,reaction_wheel_degradation,1.0,0.4844217333556942,reaction_wheel_degradation,0.4844217333556942,0.4844217333556942,64,reaction_wheel_degradation,2.130370206837421,0.4844217333556942,gradual,0.8533152564232582,0.9824728163784012,1605212107,reaction_wheel_degradation
19080.0,318.0,5.3,1,596.2575895652803,338.24429495415046,-258.0132946111299,100.0,99.89804573742647,30.0,29.968978133613867,-8.60044315370433,-8.584676849289915,25.274643657582242,25.192457365731226,26.105968370649627,25.888783300563695,6.917409795207974,16.912214747707523,2706.1073738537616,2801.1670670027247,2805.6870643291877,-0.0004128595083620905,0.16032148770905225,0.1614497779814805,22.886713138544984,22.91937840935932,0.0,0.0,0.0,0.4844217333556942,True,reaction_wheel_degradation,1.0,0.4844217333556942,reaction_wheel_degradation,0.4844217333556942,0.4844217333556942,64,reaction_wheel_degradation,2.130370206837421,0.4844217333556942,gradual,0.8533152564232582,0.9824728163784012,1605212107,reaction_wheel_degradation
19140.0,319.0,5.316666666666666,1,595.038527595294,335.13710349045203,-259.90142410484196,100.0,100.0,30.0,30.024430447772,-8.663380803494732,-8.687171527185338,25.27834357348911,25.427343067702715,26.110634334033474,25.94038320047876,7.004333355708883,16.756855174522602,2628.427587261301,2714.7973271320125,2711.957768577542,-0.00025348869959501653,0.15633721748987542,0.15514989563445422,22.88477661897305,23.09831763891822,0.0,0.0,0.0,0.4844217333556942,True,reaction_wheel_degradation,1.0,0.4844217333556942,reaction_wheel_degradation,0.4844217333556942,0.4844217333556942,64,reaction_wheel_degradation,2.130370206837421,0.4844217333556942,gradual,0.8533152564232582,0.9824728163784012,1605212107,reaction_wheel_degradation
19200.0,320.0,5.333333333333333,1,593.843637420138,332.6794919243113,-261.16414549582663,100.0,100.0,30.0,30.013202739016123,-8.705471516527554,-8.731978727854383,25.282216241201528,25.17592054781395,26.11501720855364,26.156192004182216,7.062818746005804,16.633974596215566,2566.9872981077824,2640.8923126198974,2646.3748723314416,1.0933715848824741e-05,0.1502733428962206,0.14661651339004794,22.882576746581037,22.860165158307016,0.0,0.0,0.0,0.4844217333556942,True,reaction_wheel_degradation,1.0,0.4844217333556942,reaction_wheel_degradation,0.4844217333556942,0.4844217333556942,64,reaction_wheel_degradation,2.130370206837421,0.4844217333556942,gradual,0.8533152564232582,0.9824728163784012,1605212107,reaction_wheel_degradation
19260.0,321.0,5.35,1,592.6787404246356,330.978869674097,-261.69987075053865,100.0,100.0,30.0,30.00285277120543,-8.723329025017955,-8.813767895676069,25.28614866889531,25.107193183381998,26.11919495785262,26.095660676469826,7.087717542297658,16.54894348370485,2524.471741852424,2582.682027236161,2580.367764143074,0.0003688512095749053,0.15922128023937263,0.16996108056717532,22.880246042690953,22.80975695311256,0.0,0.0,0.0,0.4844217333556942,True,reaction_wheel_degradation,1.0,0.4844217333556942,reaction_wheel_degradation,0.4844217333556942,0.4844217333556942,64,reaction_wheel_degradation,2.130370206837421,0.4844217333556942,gradual,0.8533152564232582,0.9824728163784012,1605212107,reaction_wheel_degradation
19320.0,322.0,5.366666666666666,1,591.549511869854,330.1095620926345,-261.43994977721945,100.0,99.84025423629036,30.0,29.99931362344968,-8.714664992573981,-8.73405702509791,25.290017213130685,25.18418998328019,26.123252354399064,26.186744898503267,7.075630874623557,16.505478104631727,2502.739052315864,2542.710539776012,2533.3458910262916,0.0008046210696287912,0.17011552674071978,0.1683727767022748,22.87785365530534,22.886351905292084,0.0,0.0,0.0,0.4844217333556942,True,reaction_wheel_degradation,1.0,0.4844217333556942,reaction_wheel_degradation,0.4844217333556942,0.4844217333556942,64,reaction_wheel_degradation,2.130370206837421,0.4844217333556942,gradual,0.8533152564232582,0.9824728163784012,1605212107,reaction_wheel_degradation
19380.0,323.0,5.383333333333334,1,590.4614532438022,330.1095620926345,-260.3518911511677,100.0,99.73395809520383,30.0,30.005678044799875,-8.67839637170559,-8.636650630867177,25.29369432680775,25.31194736596588,26.127277291773133,26.26939622107774,7.02516508675462,16.505478104631727,2502.7390523158633,2522.724796045938,2519.743081243801,0.0012991980620703386,0.18247995155175845,0.1844223186589026,22.87547064339552,22.934446346203792,0.0,0.0,0.0,0.4844217333556942,True,reaction_wheel_degradation,1.0,0.4844217333556942,reaction_wheel_degradation,0.4844217333556942,0.4844217333556942,64,reaction_wheel_degradation,2.130370206837421,0.4844217333556942,gradual,0.8533152564232582,0.9824728163784012,1605212107,reaction_wheel_degradation
19440.0,324.0,5.4,1,589.4198654587356,330.9788696740969,-258.44099578463863,100.0,100.0,30.0,30.0402160157606,-8.614699859487954,-8.645640197263248,25.29705564182532,25.380948490603366,26.131356960406357,26.126478059435524,6.937044293524942,16.548943483704846,2524.471741852423,2523.5982689491807,2524.436485086477,0.0018309667990861285,0.1957741699771532,0.20735333109853787,22.87316746777242,22.92918434390116,0.0,0.0,0.0,0.4844217333556942,True,reaction_wheel_degradation,1.0,0.4844217333556942,reaction_wheel_degradation,0.4844217333556942,0.4844217333556942,64,reaction_wheel_degradation,2.130370206837421,0.4844217333556942,gradual,0.8533152564232582,0.9824728163784012,1605212107,reaction_wheel_degradation
19500.0,325.0,5.416666666666667,1,588.4298230256422,332.6794919243112,-255.75033110133103,100.0,100.0,30.0,30.016786599697987,-8.525011036711033,-8.5558662779926,25.299986858154647,25.380513213638196,26.135574053915537,26.085475067045557,6.814065054083594,16.633974596215563,2566.98729810778,2545.2927835284804,2552.4299920658736,0.0023766864351590596,0.2094171608789765,0.21336263797022492,22.871011579646716,22.828360456334742,0.0,0.0,0.0,0.4844217333556942,True,reaction_wheel_degradation,1.0,0.4844217333556942,reaction_wheel_degradation,0.4844217333556942,0.4844217333556942,64,reaction_wheel_degradation,2.130370206837421,0.4844217333556942,gradual,0.8533152564232582,0.9824728163784012,1605212107,reaction_wheel_degradation
19560.0,326.0,5.433333333333334,0,0.0,335.1371034904521,335.1371034904521,99.50128407218682,99.38394955689209,29.980051362887473,29.93519651856319,11.178670090783127,11.1638809565104,25.298843647672005,25.26087764060055,26.12400317183326,26.19740962924421,10.99701319988554,16.756855174522606,2628.427587261303,2586.860185394892,2589.524375340581,0.002912506403539426,0.22281266008848566,0.2206581199870432,22.86906509646808,22.832838801191365,0.0,0.0,0.0,0.4844217333556942,True,reaction_wheel_degradation,1.0,0.4844217333556942,reaction_wheel_degradation,0.4844217333556942,0.4844217333556942,64,reaction_wheel_degradation,2.130370206837421,0.4844217333556942,gradual,0.8533152564232582,0.9824728163784012,1605212107,reaction_wheel_degradation
19620.0,327.0,5.45,0,0.0,338.2442949541506,338.2442949541506,98.99794434755268,98.69293817376875,29.959917773902106,29.94082412341447,11.289893967893097,11.240335773338353,25.29837370733431,25.157597963688065,26.11283557595401,25.99055219235192,11.196936464501514,16.91221474770753,2706.107373853764,2646.4837796243282,2647.946725602437,0.003415008800459479,0.23537522001148697,0.2331192536761171,22.86738255847302,22.92526135761541,0.0,0.0,0.0,0.4844217333556942,True,reaction_wheel_degradation,1.0,0.4844217333556942,reaction_wheel_degradation,0.4844217333556942,0.4844217333556942,64,reaction_wheel_degradation,2.130370206837421,0.4844217333556942,gradual,0.8533152564232582,0.9824728163784012,1605212107,reaction_wheel_degradation
19680.0,328.0,5.466666666666667,0,0.0,341.8652671384838,341.8652671384838,98.48921627145373,98.41401021799498,29.93956865085815,29.933356848575922,11.418510103641223,11.409651283816533,25.29868543122016,25.180197888155107,26.102119418060227,26.149863533404307,11.430589838956534,17.09326335692419,2796.6316784620944,2721.5577290432116,2723.1891225266763,0.0038622318598997445,0.2465557964974936,0.2457382794961101,22.86600878219748,23.00211668414381,0.0,0.0,0.0,0.4844217333556942,True,reaction_wheel_degradation,1.0,0.4844217333556942,reaction_wheel_degradation,0.4844217333556942,0.4844217333556942,64,reaction_wheel_degradation,2.130370206837421,0.4844217333556942,gradual,0.8533152564232582,0.9824728163784012,1605212107,reaction_wheel_degradation
19740.0,329.0,5.483333333333333,0,0.0,345.8417661836449,345.8417661836449,97.9745707860614,97.9286520394955,29.918982831442456,29.866723154610536,11.559275531927272,11.576448417644269,25.299857812185643,25.35188012723754,26.09188663933411,26.244706248495046,11.689348065841001,17.292088309182244,2896.0441545911217,2808.8009418171673,2808.2949871340534,0.004234629788148613,0.2558657447037153,0.26218546734580567,22.86497686346914,22.86441628086286,0.0,0.0,0.0,0.4844217333556942,True,reaction_wheel_degradation,1.0,0.4844217333556942,reaction_wheel_degradation,0.4844217333556942,0.4844217333556942,64,reaction_wheel_degradation,2.130370206837421,0.4844217333556942,gradual,0.8533152564232582,0.9824728163784012,1605212107,reaction_wheel_degradation
19800.0,330.0,5.5,0,0.0,350.0000000000001,350.0000000000001,97.45373745272806,97.44406230875448,29.898149498109124,29.87231905717522,11.706410124885338,11.681013081241124,25.301936008782402,25.353581232974676,26.082151546219436,26.01355191885744,11.963203040961437,17.500000000000007,3000.0000000000023,2904.4004709085843,2909.382976151111,0.004515927008777747,0.2628981752194437,0.2633667693363502,22.864306423498874,22.830734077636777,0.0,0.0,0.0,0.4844217333556942,True,reaction_wheel_degradation,1.0,0.4844217333556942,reaction_wheel_degradation,0.4844217333556942,0.4844217333556942,64,reaction_wheel_degradation,2.130370206837421,0.4844217333556942,gradual,0.8533152564232582,0.9824728163784012,1605212107,reaction_wheel_degradation
19860.0,331.0,5.516666666666667,0,0.0,354.158233816355,354.158233816355,96.92671627145373,96.83858053678864,29.87706865085815,29.824069623220478,11.853848111909151,11.867437140145054,25.3049280500791,25.23910533238089,26.072910157231316,26.1640257446109,12.241097204816972,17.70791169081775,3103.9558454088756,3004.1781581587297,3005.2553675505237,0.004693829483431899,0.26734573708579745,0.265163331616981,22.86400222760702,22.81716320192047,0.0,0.0,0.0,0.4844217333556942,True,reaction_wheel_degradation,1.0,0.4844217333556942,reaction_wheel_degradation,0.4844217333556942,0.4844217333556942,64,reaction_wheel_degradation,2.130370206837421,0.4844217333556942,gradual,0.8533152564232582,0.9824728163784012,1605212107,reaction_wheel_degradation
19920.0,332.0,5.533333333333333,0,0.0,358.1347328615159,358.1347328615159,96.39377768088599,96.31013544178806,29.85575110723544,29.8377781306916,11.995502359835895,11.959835901710052,25.308803035609245,25.254828877574006,26.064140349259617,25.92791435266179,12.511366149186282,17.906736643075796,3203.368321537897,3103.773239848313,3096.1841160442773,0.004760562020298113,0.2690140505074528,0.27527672152618865,22.86405332723155,22.880746521371393,0.0,0.0,0.0,0.4844217333556942,True,reaction_wheel_degradation,1.0,0.4844217333556942,reaction_wheel_degradation,0.4844217333556942,0.4844217333556942,64,reaction_wheel_degradation,2.130370206837421,0.4844217333556942,gradual,0.8533152564232582,0.9824728163784012,1605212107,reaction_wheel_degradation
19980.0,333.0,5.55,0,0.0,361.75570504584937,361.75570504584937,95.85545073885348,96.0680540483091,29.83421802955414,29.84164010528559,12.125529976602362,12.170941969304561,25.313491144652517,25.348960223372714,26.055802796970124,26.010276392147595,12.762278177078597,18.08778525229247,3293.892626146234,3198.8329329972735,3198.551483286551,0.004713208087296916,0.2678302021824229,0.2757667865609155,22.864432874782512,22.827124526237537,0.0,0.0,0.0,0.4844217333556942,True,reaction_wheel_degradation,1.0,0.4844217333556942,reaction_wheel_degradation,0.4844217333556942,0.4844217333556942,64,reaction_wheel_degradation,2.130370206837421,0.4844217333556942,gradual,0.8533152564232582,0.9824728163784012,1605212107,reaction_wheel_degradation
20040.0,334.0,5.566666666666666,0,0.0,364.8628965095478,364.8628965095478,95.31249999999997,95.06584503965175,29.8125,29.768879683290052,12.238587723590701,12.303093441464556,25.31888567230941,25.26891047875125,26.047842664245316,25.975411022128153,12.982642357442002,18.24314482547739,3371.572412738695,3285.2026728679843,3289.026169255699,0.004553837278529869,0.26384593196324674,0.2679998901646581,22.865098733910447,22.914784102297336,0.0,0.0,0.0,0.4844217333556942,True,reaction_wheel_degradation,1.0,0.4844217333556942,reaction_wheel_degradation,0.4844217333556942,0.4844217333556942,64,reaction_wheel_degradation,2.130370206837421,0.4844217333556942,gradual,0.8533152564232582,0.9824728163784012,1605212107,reaction_wheel_degradation
20100.0,335.0,5.583333333333333,0,0.0,367.32050807568874,367.32050807568874,94.76589210107781,94.6586312496363,29.790635684043114,29.81861358305625,12.33006613123191,12.348271712401361,25.324847166489032,25.353444538650283,26.04019197373892,25.948807756375874,13.162442464044178,18.366025403784437,3433.0127018922185,3359.107687380101,3356.1577582640116,0.004289414863086106,0.25723537157715265,0.25443840627541703,22.865994955609104,22.93905722369017,0.0,0.0,0.0,0.4844217333556942,True,reaction_wheel_degradation,1.0,0.4844217333556942,reaction_wheel_degradation,0.4844217333556942,0.4844217333556942,64,reaction_wheel_degradation,2.130370206837421,0.4844217333556942,gradual,0.8533152564232582,0.9824728163784012,1605212107,reaction_wheel_degradation
20160.0,336.0,5.6,0,0.0,369.0211303259031,369.0211303259031,94.21675351428333,94.03779451804228,29.768670140571334,29.76446871414208,12.396292094451642,12.404185638486606,25.331209565541023,25.51223861725631,26.0327725509816,26.0462838834878,13.293444615277142,18.451056516295154,3475.5282581475763,3417.3179727638394,3413.5365074698257,0.003931497369360005,0.24828743423400013,0.2552008827612912,22.867054118559643,22.750279958804793,0.0,0.0,0.0,0.4844217333556942,True,reaction_wheel_degradation,1.0,0.4844217333556942,reaction_wheel_degradation,0.4844217333556942,0.4844217333556942,64,reaction_wheel_degradation,2.130370206837421,0.4844217333556942,gradual,0.8533152564232582,0.9824728163784012,1605212107,reaction_wheel_degradation
20220.0,337.0,5.616666666666666,0,0.0,369.8904379073655,369.8904379073655,93.6663213150164,93.32428412166314,29.746652852600654,29.755599303187854,12.434691047097997,12.41473047618137,25.337788052530918,25.283987956958672,26.025499414364486,25.991733429208864,13.369723314942329,18.494521895368276,3497.2609476841367,3457.2894602239876,3459.0034572605628,0.0034957275093060987,0.23739318773265244,0.24332151221880796,22.868200449300417,22.89091310469285,0.0,0.0,0.0,0.4844217333556942,True,reaction_wheel_degradation,1.0,0.4844217333556942,reaction_wheel_degradation,0.4844217333556942,0.4844217333556942,64,reaction_wheel_degradation,2.130370206837421,0.4844217333556942,gradual,0.8533152564232582,0.9824728163784012,1605212107,reaction_wheel_degradation
20280.0,338.0,5.633333333333334,0,0.0,369.8904379073655,369.8904379073655,93.11588911574948,92.91167036563732,29.724635564629978,29.689333615182466,12.443901527509611,12.44595073186133,25.344388173609428,25.333042875040643,26.018284462840306,26.052655692739844,13.388054818108483,18.494521895368276,3497.2609476841367,3477.2752039540624,3476.0494779923615,0.0030011505168645444,0.2250287629216136,0.22879397220382255,22.869353555583224,22.73751419534787,0.0,0.0,0.0,0.4844217333556942,True,reaction_wheel_degradation,1.0,0.4844217333556942,reaction_wheel_degradation,0.4844217333556942,0.4844217333556942,64,reaction_wheel_degradation,2.130370206837421,0.4844217333556942,gradual,0.8533152564232582,0.9824728163784012,1605212107,reaction_wheel_degradation
20340.0,339.0,5.65,0,0.0,369.0211303259031,369.0211303259031,92.56675052895498,92.25533509066723,29.702670021158198,29.704135657527004,12.42383698378082,12.422738423464192,25.350815638007653,25.489498294983775,26.011040300170173,26.09233817016388,13.348138031964808,18.451056516295154,3475.5282581475767,3476.4017310508193,3482.5611975169554,0.0024693817798487473,0.21173454449621867,0.2196987499116325,22.870432536570977,22.792787650279116,0.0,0.0,0.0,0.4844217333556942,True,reaction_wheel_degradation,1.0,0.4844217333556942,reaction_wheel_degradation,0.4844217333556942,0.4844217333556942,64,reaction_wheel_degradation,2.130370206837421,0.4844217333556942,gradual,0.8533152564232582,0.9824728163784012,1605212107,reaction_wheel_degradation
20400.0,340.0,5.666666666666667,0,0.0,367.32050807568874,367.32050807568874,92.02014263003282,91.71535540656348,29.680805705201312,29.666366131518064,12.375691944619916,12.411215728677155,25.35688614447511,25.39191618223051,26.00368402857638,25.88619521711725,13.252620088650424,18.366025403784437,3433.012701892219,3454.7072164715196,3453.0954236318557,0.0019236621437758088,0.1980915535943952,0.19773712046222006,22.871360186808612,22.826324076139507,0.0,0.0,0.0,0.4844217333556942,True,reaction_wheel_degradation,1.0,0.4844217333556942,reaction_wheel_degradation,0.4844217333556942,0.4844217333556942,64,reaction_wheel_degradation,2.130370206837421,0.4844217333556942,gradual,0.8533152564232582,0.9824728163784012,1605212107,reaction_wheel_degradation
20460.0,341.0,5.683333333333334,0,0.0,364.86289650954785,364.86289650954785,91.47719189117932,91.53636440965673,29.65908767564717,29.654954194337417,12.30189210469659,12.300681310174557,25.362434574103084,25.46679173735672,25.996140845998724,26.186788599299845,13.106923948447703,18.243144825477394,3371.572412738696,3413.1398146051074,3419.720238430195,0.0013878421753954495,0.18469605438488623,0.1794778870629466,22.872066994431847,22.80508367032565,0.0,0.0,0.0,0.4844217333556942,True,reaction_wheel_degradation,1.0,0.4844217333556942,reaction_wheel_degradation,0.4844217333556942,0.4844217333556942,64,reaction_wheel_degradation,2.130370206837421,0.4844217333556942,gradual,0.8533152564232582,0.9824728163784012,1605212107,reaction_wheel_degradation
20520.0,342.0,5.7,0,0.0,361.7557050458496,361.7557050458496,90.9388649491468,90.67652491101703,29.637554597965874,29.606069772774738,12.20599033736333,12.221838010794214,25.367322953356013,25.42725288262533,25.98834728973532,26.02377166123881,12.918896009264559,18.08778525229248,3293.8926261462407,3353.5162203756745,3359.7306098525687,0.0008853397784754672,0.17213349446188667,0.1706344606957419,22.872494650725418,22.858709945205067,0.0,0.0,0.0,0.4844217333556942,True,reaction_wheel_degradation,1.0,0.4844217333556942,reaction_wheel_degradation,0.4844217333556942,0.4844217333556942,64,reaction_wheel_degradation,2.130370206837421,0.4844217333556942,gradual,0.8533152564232582,0.9824728163784012,1605212107,reaction_wheel_degradation
20580.0,343.0,5.716666666666667,0,0.0,358.13473286151617,358.13473286151617,90.40592635857907,90.3583431560546,29.616237054343163,29.63302258781377,12.09251304290855,12.114665985505836,25.371446714753986,25.36518930573122,25.980253984703587,26.00227756060402,12.698309735433073,17.90673664307581,3203.368321537904,3278.4422709567893,3269.5659034846976,0.00043811671903509026,0.16095291797587724,0.15424254050579184,22.87259883585277,22.826073498766554,0.0,0.0,0.0,0.4844217333556942,True,reaction_wheel_degradation,1.0,0.4844217333556942,reaction_wheel_degradation,0.4844217333556942,0.4844217333556942,64,reaction_wheel_degradation,2.130370206837421,0.4844217333556942,gradual,0.8533152564232582,0.9824728163784012,1605212107,reaction_wheel_degradation
20640.0,344.0,5.733333333333333,0,0.0,354.15823381635533,354.15823381635533,89.87890517730473,89.84485864244573,29.595156207092188,29.6121319834278,11.966763457443243,11.995723592252004,25.3747389485045,25.39643618076136,25.971827776207594,26.07174107555134,12.456274211711916,17.707911690817767,3103.9558454088833,3191.1990581828363,3191.4741310821305,6.571879078632638e-05,0.15164296976965816,0.15723351117794052,22.872351117710664,22.783840852965287,0.0,0.0,0.0,0.4844217333556942,True,reaction_wheel_degradation,1.0,0.4844217333556942,reaction_wheel_degradation,0.4844217333556942,0.4844217333556942,64,reaction_wheel_degradation,2.130370206837421,0.4844217333556942,gradual,0.8533152564232582,0.9824728163784012,1605212107,reaction_wheel_degradation
20700.0,345.0,5.75,0,0.0,350.0000000000001,350.0000000000001,89.3580718439714,89.61530460209582,29.574322873758856,29.607762040371675,11.834590482223797,11.83171268007205,25.377172523315323,25.34658605009011,25.963053153997933,25.898327420695516,12.204602550555366,17.500000000000007,3000.000000000003,3095.59952909142,3093.83499097497,-0.00021557842984283333,0.15538946074607082,0.16053213342101152,22.871797186684944,22.89089902173328,0.0,0.0,0.0,0.4844217333556942,True,reaction_wheel_degradation,1.0,0.4844217333556942,reaction_wheel_degradation,0.4844217333556942,0.4844217333556942,64,reaction_wheel_degradation,2.130370206837421,0.4844217333556942,gradual,0.8533152564232582,0.9824728163784012,1605212107,reaction_wheel_degradation
20760.0,346.0,5.766666666666667,0,0.0,345.8417661836449,345.8417661836449,88.84342635857907,88.93904095712888,29.553737054343163,29.552006061039286,11.702133153168209,11.712397750892002,25.378760133597957,25.48147943469425,25.953932905384313,25.984307835189014,11.955193626758282,17.292088309182244,2896.044154591123,2995.8218418412716,2998.871339590951,-0.00039348090449709125,0.15983702261242727,0.15790745037975837,22.87093179682804,22.893634832702407,0.0,0.0,0.0,0.4844217333556942,True,reaction_wheel_degradation,1.0,0.4844217333556942,reaction_wheel_degradation,0.4844217333556942,0.4844217333556942,64,reaction_wheel_degradation,2.130370206837421,0.4844217333556942,gradual,0.8533152564232582,0.9824728163784012,1605212107,reaction_wheel_degradation
20820.0,347.0,5.783333333333333,0,0.0,341.86526713848406,341.86526713848406,88.33469828248013,88.24785259599186,29.533387931299206,29.59371654012067,11.575551979804473,11.549399270585097,25.379552480432945,25.412949267735197,25.944487968855086,25.99756158656352,11.719472290972421,17.093263356924204,2796.6316784621017,2896.226760151687,2898.4301778326367,-0.0004602134413632655,0.16150533603408163,0.1586441297808803,22.869746176422055,22.91332315883018,0.0,0.0,0.0,0.4844217333556942,True,reaction_wheel_degradation,1.0,0.4844217333556942,reaction_wheel_degradation,0.4844217333556942,0.4844217333556942,64,reaction_wheel_degradation,2.130370206837421,0.4844217333556942,gradual,0.8533152564232582,0.9824728163784012,1605212107,reaction_wheel_degradation
20880.0,348.0,5.8,0,0.0,338.2442949541506,338.2442949541506,87.83135855784599,87.89195042113977,29.51325434231384,29.553016393611465,11.46075898750352,11.523407468564624,25.37963489796892,25.247406336944618,25.93475649459966,25.978609563929506,11.507919725571414,16.91221474770753,2706.107373853765,2801.1670670027256,2795.561992210337,-0.00041285950836205494,0.16032148770905136,0.1541623252862168,22.868245346076957,22.70823363875975,0.0,0.0,0.0,0.4844217333556942,True,reaction_wheel_degradation,1.0,0.4844217333556942,reaction_wheel_degradation,0.4844217333556942,0.4844217333556942,64,reaction_wheel_degradation,2.130370206837421,0.4844217333556942,gradual,0.8533152564232582,0.9824728163784012,1605212107,reaction_wheel_degradation
20940.0,349.0,5.816666666666666,0,0.0,335.13710349045215,335.13710349045215,87.33264263003281,87.53742081981076,29.493305705201312,29.518031180539165,11.363158366861155,11.321767994907802,25.379122786733205,25.265586468820246,25.92479215299191,25.970034891576734,11.329709445629335,16.75685517452261,2628.4275872613034,2714.7973271320143,2707.735568017812,-0.0002534886995950018,0.15633721748987503,0.15820959515439126,22.866447334948532,22.757121543307598,0.0,0.0,0.0,0.4844217333556942,True,reaction_wheel_degradation,1.0,0.4844217333556942,reaction_wheel_degradation,0.4844217333556942,0.4844217333556942,64,reaction_wheel_degradation,2.130370206837421,0.4844217333556942,gradual,0.8533152564232582,0.9824728163784012,1605212107,reaction_wheel_degradation
21000.0,350.0,5.833333333333333,0,0.0,332.6794919243112,332.6794919243112,86.8375838622883,87.14982492676272,29.473503354491534,29.46552175825931,11.287409166227041,11.242351028127825,25.378156211529028,25.27582081246882,25.914661764960403,26.01205578891409,11.1924484548661,16.633974596215563,2566.9872981077806,2640.8923126198974,2651.2181249952127,1.0933715848783108e-05,0.15027334289621957,0.14937927197400955,22.864384932186706,22.735513301589023,0.0,0.0,0.0,0.4844217333556942,True,reaction_wheel_degradation,1.0,0.4844217333556942,reaction_wheel_degradation,0.4844217333556942,0.4844217333556942,64,reaction_wheel_degradation,2.130370206837421,0.4844217333556942,gradual,0.8533152564232582,0.9824728163784012,1605212107,reaction_wheel_degradation
21060.0,351.0,5.85,0,0.0,330.97886967409704,330.97886967409704,86.34505578241614,86.41603999956801,29.453802231296645,29.434800972926034,11.237220480906528,11.265141432528061,25.37689397402959,25.404562661496694,25.90444235780813,25.79777425183209,11.10200993092041,16.548943483704853,2524.471741852425,2582.682027236161,2577.6170663021785,0.0003688512095749196,0.159221280239373,0.16381214314274026,22.862190666904578,22.983662125025585,0.0,0.0,0.0,0.4844217333556942,True,reaction_wheel_degradation,1.0,0.4844217333556942,reaction_wheel_degradation,0.4844217333556942,0.4844217333556942,64,reaction_wheel_degradation,2.130370206837421,0.4844217333556942,gradual,0.8533152564232582,0.9824728163784012,1605212107,reaction_wheel_degradation
21120.0,352.0,5.866666666666666,0,0.0,330.1095620926346,330.1095620926346,85.85382131501638,85.95499967457144,29.434152852600654,29.451406769720972,11.215188143709995,11.202107290697482,25.375507395545096,25.314354024885766,25.894217775154928,25.91942557164903,11.062435607905059,16.50547810463173,2502.739052315864,2542.710539776012,2537.6866714400394,0.0008046210696287912,0.17011552674071978,0.16670274548137276,22.859933694837363,22.665911138635085,0.0,0.0,0.0,0.4844217333556942,True,reaction_wheel_degradation,1.0,0.4844217333556942,reaction_wheel_degradation,0.4844217333556942,0.4844217333556942,64,reaction_wheel_degradation,2.130370206837421,0.4844217333556942,gradual,0.8533152564232582,0.9824728163784012,1605212107,reaction_wheel_degradation
21180.0,353.0,5.883333333333334,0,0.0,330.1095620926345,330.1095620926345,85.36258684761663,85.36330082541326,29.414503473904666,29.411014981382895,11.222680076360769,11.215033094429463,25.374173963997517,25.253098955354925,25.88407498916295,25.98961948691471,11.075883847707596,16.505478104631727,2502.7390523158633,2522.724796045938,2523.0124760129124,0.0012991980620703386,0.18247995155175845,0.18800776656207424,22.85768508263105,22.79452106952493,0.0,0.0,0.0,0.4844217333556942,True,reaction_wheel_degradation,1.0,0.4844217333556942,reaction_wheel_degradation,0.4844217333556942,0.4844217333556942,64,reaction_wheel_degradation,2.130370206837421,0.4844217333556942,gradual,0.8533152564232582,0.9824728163784012,1605212107,reaction_wheel_degradation
21240.0,354.0,5.9,0,0.0,330.9788696740969,330.9788696740969,84.87005876774447,84.99510188255204,29.394802350709778,29.386972290458946,11.259775307388825,11.243532949409559,25.373070930872966,25.20075424245176,25.874100276217057,25.87086934007494,11.142603197830649,16.548943483704846,2524.4717418524237,2523.5982689491807,2527.3689999068665,0.0018309667990861356,0.19577416997715338,0.19732922662943173,22.855515298713684,22.825866720786667,0.0,0.0,0.0,0.4844217333556942,True,reaction_wheel_degradation,1.0,0.4844217333556942,reaction_wheel_degradation,0.4844217333556942,0.4844217333556942,64,reaction_wheel_degradation,2.130370206837421,0.4844217333556942,gradual,0.8533152564232582,0.9824728163784012,1605212107,reaction_wheel_degradation
21300.0,355.0,5.916666666666667,0,0.0,332.67949192431126,332.67949192431126,84.37499999999994,84.4580093266951,29.374999999999996,29.356399812849904,11.325259299551023,11.354322738483908,25.37236890480828,25.426267756463826,25.86437542319975,25.84198878030438,11.260919856165353,16.633974596215563,2566.987298107782,2545.292783528482,2547.8315624180127,0.002376686435159088,0.2094171608789772,0.2032105458665166,22.853491801855924,22.869613411804163,0.0,0.0,0.0,0.4844217333556942,True,reaction_wheel_degradation,1.0,0.4844217333556942,reaction_wheel_degradation,0.4844217333556942,0.4844217333556942,64,reaction_wheel_degradation,2.130370206837421,0.4844217333556942,gradual,0.8533152564232582,0.9824728163784012,1605212107,reaction_wheel_degradation
21360.0,356.0,5.933333333333334,0,0.0,335.13710349045203,335.13710349045203,83.87628407218678,83.97543983156591,29.355051362887473,29.344023975037487,11.416675765526124,11.462028682215168,25.372225487522137,25.523012856565604,25.854974130163196,25.927726425081,11.427238842812121,16.756855174522602,2628.4275872613002,2586.860185394891,2588.7299339557094,0.002912506403539377,0.2228126600884844,0.21950789666429082,22.85167671701072,22.837440555556125,0.0,0.0,0.0,0.4844217333556942,True,reaction_wheel_degradation,1.0,0.4844217333556942,reaction_wheel_degradation,0.4844217333556942,0.4844217333556942,64,reaction_wheel_degradation,2.130370206837421,0.4844217333556942,gradual,0.8533152564232582,0.9824728163784012,1605212107,reaction_wheel_degradation
21420.0,357.0,5.95,0,0.0,338.2442949541504,338.2442949541504,83.37294434755262,83.11355933153521,29.334917773902106,29.35820295800141,11.530432693255081,11.556253614615613,25.37277903542199,25.332845081657172,25.845958766617304,25.75910540567542,11.63607024749485,16.91221474770752,2706.1073738537607,2646.483779624326,2644.4983249207176,0.00341500880045945,0.23537522001148625,0.23923483235961474,22.85012459186159,22.90571029030392,0.0,0.0,0.0,0.4844217333556942,True,reaction_wheel_degradation,1.0,0.4844217333556942,reaction_wheel_degradation,0.4844217333556942,0.4844217333556942,64,reaction_wheel_degradation,2.130370206837421,0.4844217333556942,gradual,0.8533152564232582,0.9824728163784012,1605212107,reaction_wheel_degradation
21480.0,358.0,5.966666666666667,0,0.0,341.8652671384839,341.8652671384839,82.86421627145369,82.99036686698237,29.31456865085815,29.371916611421657,11.661957957156439,11.670613743604724,25.374142698114653,25.323121625468147,25.837377623198215,25.99239820515769,11.88010107155875,17.093263356924194,2796.6316784620976,2721.5577290432116,2717.9231364448615,0.0038622318598998135,0.24655579649749532,0.24427579995372245,22.848880250335633,22.89573990084918,0.0,0.0,0.0,0.4844217333556942,True,reaction_wheel_degradation,1.0,0.4844217333556942,reaction_wheel_degradation,0.4844217333556942,0.4844217333556942,64,reaction_wheel_degradation,2.130370206837421,0.4844217333556942,gradual,0.8533152564232582,0.9824728163784012,1605212107,reaction_wheel_degradation
21540.0,359.0,5.983333333333333,0,0.0,345.8417661836447,345.8417661836447,82.34957078606136,82.48122594371016,29.293982831442456,29.283644320967795,11.805897756328248,11.78828686962015,25.376398967748067,25.27293117734092,25.829262778830994,26.04382390157733,12.15033774663011,17.292088309182237,2896.0441545911185,2808.8009418171646,2822.817260391215,0.004234629788148564,0.2558657447037141,0.2542493178875887,22.847976795596256,22.884707187118277,0.0,0.0,0.0,0.4844217333556942,True,reaction_wheel_degradation,1.0,0.4844217333556942,reaction_wheel_degradation,0.4844217333556942,0.4844217333556942,64,reaction_wheel_degradation,2.130370206837421,0.4844217333556942,gradual,0.8533152564232582,0.9824728163784012,1605212107,reaction_wheel_degradation
21600.0,360.0,6.0,1,600.0,349.99999999999994,-250.00000000000006,82.72159459558517,82.54929398248107,29.308863783823405,29.260883879173175,-8.529842775344429,-8.485147440685079,25.378876098680802,25.356567870451077,25.837628676600346,25.768626678485774,6.820657421767644,17.499999999999996,2999.9999999999986,2904.4004709085825,2908.1858644461126,0.0045159270087777315,0.26289817521944325,0.26360793679005295,22.84743385613504,22.81097323360175,0.0,0.0,0.0,0.4844217333556942,True,reaction_wheel_degradation,1.0,0.4844217333556942,reaction_wheel_degradation,0.4844217333556942,0.4844217333556942,64,reaction_wheel_degradation,2.130370206837421,0.4844217333556942,gradual,0.8533152564232582,0.9824728163784012,1605212107,reaction_wheel_degradation
