time_s,time_min,time_h,in_sunlight,solar_power_w,load_power_w,battery_power_w,battery_soc_true,battery_soc_measured,battery_voltage_true,battery_voltage_measured,battery_current_true,battery_current_measured,battery_temp_true,battery_temp_measured,electronics_temp_true,electronics_temp_measured,battery_heat_w,electronics_heat_w,wheel_target_speed_rpm,wheel_speed_true,wheel_speed_measured,wheel_torque_nm,wheel_current_true,wheel_current_measured,wheel_temp_true,wheel_temp_measured,solar_degradation,battery_degradation,thermal_anomaly,wheel_degradation,fault_active,fault_type,fault_progress,fault_severity,fault_label,fault_requested_severity,fault_effective_severity,scenario_id,scenario_fault_type,scenario_start_time_h,scenario_severity,scenario_profile,scenario_ramp_duration_h,scenario_sensor_noise_scale,scenario_random_seed,scenario_internal_fault_name
0.0,0.0,0.0,1,600.0,350.0,-250.0,90.37202380952381,90.47834975409054,29.61488095238095,29.631819544308236,-8.44170200791912,-8.42224903790073,22.022336622077468,22.27618384146441,24.023,24.18082599056282,6.700986623240457,17.5,3000.0,3000.0,3014.1927939234583,0.0006283185307179586,0.16570796326794895,0.16712301503737084,24.979227572821976,25.062190829097368,0.0,0.0,0.0,0.0,False,none,0.0,0.0,nominal,0.5815224824867908,0.0,3,solar_array_degradation,3.3397003210745564,0.5815224824867908,gradual,0.6121229570578814,1.3694214437816776,1408617735,solar_array_degradation
60.0,1.0,0.016666666666666666,1,601.2556165273943,354.15823381635516,-247.09738271103913,90.7397282480819,90.47612216846734,29.629589129923275,29.504040345808562,-8.339548065534684,-8.299630441343378,22.0440820855283,21.921019554155183,24.046231823381635,23.912052422395398,6.563844954989063,17.70791169081776,3103.9558454088797,3051.97792270444,3064.8578957213285,0.0019890973650273443,0.1997274341256836,0.19926996361348237,24.95874847619419,24.979456715818177,0.0,0.0,0.0,0.0,False,none,0.0,0.0,nominal,0.5815224824867908,0.0,3,solar_array_degradation,3.3397003210745564,0.5815224824867908,gradual,0.6121229570578814,1.3694214437816776,1408617735,solar_array_degradation
120.0,2.0,0.03333333333333333,1,602.5051158172811,358.134732861516,-244.37038295576508,91.10337465128988,90.82762369824086,29.644134986051597,29.661383568244258,-8.243464788928678,-8.20809989008914,22.065272182808812,22.24230312914857,24.069675442080733,24.090667182462667,6.436376938104555,17.9067366430758,3203.3683215379,3127.67312212117,3119.6464705222575,0.002620900448055877,0.21552251120139693,0.21659354393491156,24.938546098704002,25.02175968999213,0.0,0.0,0.0,0.0,False,none,0.0,0.0,nominal,0.5815224824867908,0.0,3,solar_array_degradation,3.3397003210745564,0.5815224824867908,gradual,0.6121229570578814,1.3694214437816776,1408617735,solar_array_degradation
180.0,3.0,0.05,1,603.7424104347197,361.7557050458495,-241.98670538887018,91.46347391526143,90.79840917494938,29.658538956610457,29.665701798454382,-8.159090565549752,-8.102432020182112,22.08596608540712,21.9845499959417,24.093293609048672,23.93972381691015,6.325660708547438,18.087785252292473,3293.8926261462366,3210.7828741337034,3206.8621404104206,0.002830866546587775,0.22077166366469436,0.2146884076532299,24.918597552843362,24.765295722283444,0.0,0.0,0.0,0.0,False,none,0.0,0.0,nominal,0.5815224824867908,0.0,3,solar_array_degradation,3.3397003210745564,0.5815224824867908,gradual,0.6121229570578814,1.3694214437816776,1408617735,solar_array_degradation
240.0,4.0,0.06666666666666667,1,604.961472404706,364.8628965095479,-240.0985758951581,91.82076346272446,91.87634131058324,29.67283053850898,29.709708499163636,-8.091529238626613,-8.057832624638776,22.10624304767322,22.179677848220994,24.117033549827237,24.02005939853886,6.23782763356395,18.243144825477398,3371.572412738697,3291.1776434362005,3285.9221076862004,0.002777194931208119,0.21942987328020297,0.22432652587028756,24.898879660493158,25.062014839876007,0.0,0.0,0.0,0.0,False,none,0.0,0.0,nominal,0.5815224824867908,0.0,3,solar_array_degradation,3.3397003210745564,0.5815224824867908,gradual,0.6121229570578814,1.3694214437816776,1408617735,solar_array_degradation
300.0,5.0,0.08333333333333333,1,606.156362579862,367.3205080756888,-238.83585450417326,92.17617396049855,92.9085313979171,29.68704695841994,29.60766387645561,-8.045119975681306,-8.032347651417728,22.126198644166678,22.169388565579617,24.140829332236187,24.174594343164348,6.17791643384851,18.36602540378444,3433.0127018922194,3362.0951726642097,3362.599629235722,0.0025459192073639977,0.21364798018409992,0.22247423583692694,24.879369033248576,24.933289871514155,0.0,0.0,0.0,0.0,False,none,0.0,0.0,nominal,0.5815224824867908,0.0,3,solar_array_degradation,3.3397003210745564,0.5815224824867908,gradual,0.6121229570578814,1.3694214437816776,1408617735,solar_array_degradation
360.0,6.0,0.1,1,607.3212595753644,369.0211303259031,-238.3001292494613,92.53078724807214,93.06352938415299,29.701231489922886,29.712948066704055,-8.023240697285983,-7.9800524503126,22.145940756644766,21.972448889070268,24.16460481061089,23.885958237665132,6.149791302926885,18.451056516295154,3475.5282581475767,3418.811715405893,3415.8806309274173,0.0021889911831264744,0.20472477957816185,0.19489724949217901,24.860041723756545,24.87621688489242,0.0,0.0,0.0,0.0,False,none,0.0,0.0,nominal,0.5815224824867908,0.0,3,solar_array_degradation,3.3397003210745564,0.5815224824867908,gradual,0.6121229570578814,1.3694214437816776,1408617735,solar_array_degradation
420.0,7.0,0.11666666666666667,1,608.450488130146,369.8904379073655,-238.56005022278055,92.88578732280843,92.92615948663857,29.715431492912337,29.71075891194324,-8.028153664188972,-8.024794698604884,22.165585445773118,22.24178873166009,24.18827701591674,24.15447612742205,6.156100100466465,18.494521895368276,3497.2609476841367,3458.036331545015,3456.4463718558272,0.0017429323004629288,0.1935733075115732,0.19724970147386162,24.84087334921582,24.884729205347934,0.0,0.0,0.0,0.0,False,none,0.0,0.0,nominal,0.5815224824867908,0.0,3,solar_array_degradation,3.3397003210745564,0.5815224824867908,gradual,0.6121229570578814,1.3694214437816776,1408617735,solar_array_degradation
480.0,8.0,0.13333333333333333,1,609.5385467561977,369.8904379073655,-239.64810884883218,93.2424065324049,93.0685955046433,29.729696261296198,29.691475597914483,-8.060900008615953,-8.05841740730207,22.18525276215152,22.234322883132634,24.211759843580143,24.255996227545904,6.198248715912373,18.494521895368276,3497.2609476841367,3477.6486396145756,3475.1544000365784,0.0012376984602625,0.18094246150656249,0.18735995907644373,24.82183963129007,24.811340905842894,0.0,0.0,0.0,0.0,False,none,0.0,0.0,nominal,0.5815224824867908,0.0,3,solar_array_degradation,3.3397003210745564,0.5815224824867908,gradual,0.6121229570578814,1.3694214437816776,1408617735,solar_array_degradation
540.0,9.0,0.15,1,610.5801345412646,369.0211303259031,-241.55900421536148,93.60186933629682,94.03283636288108,29.74407477345187,29.78352304873705,-8.121247880635556,-8.078827498722358,22.20506249014894,22.40799980081713,24.234967877864094,24.256026586738308,6.2763733710982015,18.451056516295154,3475.5282581475767,3476.588448881076,3476.2707160675163,0.0007006012993672623,0.16751503248418156,0.16196218975282725,24.802917168998125,24.824200922210405,0.0,0.0,0.0,0.0,False,none,0.0,0.0,nominal,0.5815224824867908,0.0,3,solar_array_degradation,3.3397003210745564,0.5815224824867908,gradual,0.6121229570578814,1.3694214437816776,1408617735,solar_array_degradation
600.0,10.0,0.16666666666666666,1,611.5701769743577,367.3205080756888,-244.24966889866886,93.96533610549126,93.9817102064767,29.75861344421965,29.751831536230334,-8.207696549992056,-8.2083068483798,22.22512979058318,22.15197571791532,24.25782018564875,24.10949199557401,6.38930261254012,18.36602540378444,3433.0127018922194,3454.8005753866473,3454.0719688271456,0.00015772978780866564,0.15394324469521664,0.14644440600271574,24.7840842940449,24.872044427094206,0.0,0.0,0.0,0.0,False,none,0.0,0.0,nominal,0.5815224824867908,0.0,3,solar_array_degradation,3.3397003210745564,0.5815224824867908,gradual,0.6121229570578814,1.3694214437816776,1408617735,solar_array_degradation
660.0,11.0,0.18333333333333332,1,612.503850668262,364.8628965095479,-247.64095415871407,94.33384943013219,93.95510824345047,29.77335397720529,29.805303482632162,-8.317536356445093,-8.34697213108032,22.245560721450556,22.29461560904361,24.280243913814516,24.174535781317783,6.534512883262872,18.243144825477398,3371.572412738697,3413.186494062673,3415.718123279236,-0.00036588236096057034,0.15914705902401424,0.169834080443448,24.765371298209715,24.944405095487248,0.0,0.0,0.0,0.0,False,none,0.0,0.0,nominal,0.5815224824867908,0.0,3,solar_array_degradation,3.3397003210745564,0.5815224824867908,gradual,0.6121229570578814,1.3694214437816776,1408617735,solar_array_degradation
720.0,12.0,0.2,1,613.376606858593,361.7557050458495,-251.62090181274357,94.70828529592498,94.17533376880445,29.788331411837,29.842609216829253,-8.446961944056957,-8.42499278511667,22.266447668077678,22.33109107458296,24.302177533008585,24.235238675885324,6.708093286747719,18.087785252292473,3293.8926261462366,3353.5395601044547,3347.102952521585,-0.0008466969717638359,0.1711674242940959,0.16225684771256427,24.746777531689744,24.783656575081775,0.0,0.0,0.0,0.0,False,none,0.0,0.0,nominal,0.5815224824867908,0.0,3,solar_array_degradation,3.3397003210745564,0.5815224824867908,gradual,0.6121229570578814,1.3694214437816776,1408617735,solar_array_degradation
780.0,13.0,0.21666666666666667,1,614.184193564921,358.134732861516,-256.049460703405,95.08931127911457,95.28164828875289,29.803572451164584,29.76339190246165,-8.59123385704722,-8.667060772102946,22.287864795185605,22.368028268934193,24.32357358603067,24.284350230368567,6.904743934917956,17.9067366430758,3203.3683215379,3278.4539408211776,3283.3813280599065,-0.001263373233051744,0.1815843308262936,0.17930902824891182,24.72828196644546,24.770985973137073,0.0,0.0,0.0,0.0,False,none,0.0,0.0,nominal,0.5815224824867908,0.0,3,solar_array_degradation,3.3397003210745564,0.5815224824867908,gradual,0.6121229570578814,1.3694214437816776,1408617735,solar_array_degradation
840.0,14.0,0.23333333333333334,1,614.9226763059908,354.15823381635516,-260.7644424896356,95.47735360424795,95.51289321442306,29.819094144169917,29.864035149336097,-8.744881424931515,-8.780271668134318,22.309863726717456,22.400606951815632,24.344400820724058,24.24792024024592,7.1178360908889795,17.70791169081776,3103.9558454088797,3191.2048931150284,3199.4559350043614,-0.0015975369398450977,0.18993842349612744,0.19923065571063972,24.709865507062307,24.733898163964508,0.0,0.0,0.0,0.0,False,none,0.0,0.0,nominal,0.5815224824867908,0.0,3,solar_array_degradation,3.3397003210745564,0.5815224824867908,gradual,0.6121229570578814,1.3694214437816776,1408617735,solar_array_degradation
900.0,15.0,0.25,1,615.5884572681198,350.0,-265.5884572681198,95.8725745228017,95.34980428652091,29.83490298091207,29.84356971580567,-8.901938023329231,-8.848782225536356,22.33246974450947,22.18014407196265,24.364645614158267,24.35222142779279,7.33956004569558,17.5,3000.0,3095.602446557514,3083.5263231397616,-0.00183450180819848,0.195862545204962,0.19599740041049885,24.691511756280946,24.546289719115446,0.0,0.0,0.0,0.0,False,none,0.0,0.0,nominal,0.5815224824867908,0.0,3,solar_array_degradation,3.3397003210745564,0.5815224824867908,gradual,0.6121229570578814,1.3694214437816776,1408617735,solar_array_degradation
960.0,16.0,0.26666666666666666,1,616.178292833385,345.84176618364484,-270.3365266497401,96.27486102079239,96.40708409870243,29.850994440831695,29.83277363409841,-9.056198351635487,-8.994836740186098,22.35567885366486,22.50808274559816,24.384312625863366,24.48198407755783,7.561178286733225,17.292088309182244,2896.0441545911203,2995.8233005743177,2997.6193922012903,-0.0019638704730496467,0.19909676182624117,0.19809029501242745,24.673207665569283,24.538866929829776,0.0,0.0,0.0,0.0,False,none,0.0,0.0,nominal,0.5815224824867908,0.0,3,solar_array_degradation,3.3397003210745564,0.5815224824867908,gradual,0.6121229570578814,1.3694214437816776,1408617735,solar_array_degradation
1020.0,17.0,0.2833333333333333,1,616.6893093822022,341.865267138484,-274.82404224371817,96.68382536936933,96.32736221249934,29.867353014774775,29.872923176348745,-9.20148638909408,-9.275154292245658,22.379456074347853,22.419369595560195,24.403424651570308,24.48655149776229,7.7733881414946895,17.0932633569242,2796.6316784621,2896.227489518209,2886.6632016165513,-0.0019799684713490795,0.19949921178372698,0.19006764772019152,24.654944048653153,24.639895999648914,0.0,0.0,0.0,0.0,False,none,0.0,0.0,nominal,0.5815224824867908,0.0,3,solar_array_degradation,3.3397003210745564,0.5815224824867908,gradual,0.6121229570578814,1.3694214437816776,1408617735,solar_array_degradation
1080.0,18.0,0.3,1,617.1190172933127,338.2442949541505,-278.8747223391622,97.09881751570738,97.30039975109901,29.883952700628296,29.859458769064066,-9.331922223705668,-9.324348037345764,22.403735277205577,22.230886171291115,24.42202168385316,24.207549045758814,7.966781791143339,16.912214747707527,2706.1073738537634,2801.1674316859862,2812.2695826083204,-0.001882082027516422,0.19705205068791054,0.1939916061210836,24.636715938974486,24.73648063901889,0.0,0.0,0.0,0.0,False,none,0.0,0.0,nominal,0.5815224824867908,0.0,3,solar_array_degradation,3.3397003210745564,0.5815224824867908,gradual,0.6121229570578814,1.3694214437816776,1408617735,solar_array_degradation
1140.0,19.0,0.31666666666666665,1,617.465323072968,335.1371034904521,-282.3282195825159,97.51894879484803,97.46581588784466,29.90075795179392,29.853079554293792,-9.44217601566108,-9.439672559682167,22.428420782318536,22.095418059375532,24.44015922073138,24.35823598967794,8.132375032858029,16.756855174522606,2628.427587261303,2714.797509473645,2720.0426447457644,-0.0016744841409544729,0.19186210352386182,0.18764651319395328,24.618522775982953,24.780313146990988,0.0,0.0,0.0,0.0,False,none,0.0,0.0,nominal,0.5815224824867908,0.0,3,solar_array_degradation,3.3397003210745564,0.5815224824867908,gradual,0.6121229570578814,1.3694214437816776,1408617735,solar_array_degradation
1200.0,20.0,0.3333333333333333,1,617.7265395542198,332.6794919243112,-285.0470476299086,97.9431259490592,97.59634875539085,29.917725037962366,29.88599430153034,-9.527697953912426,-9.601639410824667,22.453390798504888,22.5282365548294,24.45790589615796,24.464963942330066,8.262162264078963,16.633974596215563,2566.9872981077806,2640.8924037907127,2638.24184876074,-0.0013662452815192232,0.18415613203798056,0.19272477038094016,24.60036841001693,24.489007970572136,0.0,0.0,0.0,0.0,False,none,0.0,0.0,nominal,0.5815224824867908,0.0,3,solar_array_degradation,3.3397003210745564,0.5815224824867908,gradual,0.6121229570578814,1.3694214437816776,1408617735,solar_array_degradation
1260.0,21.0,0.35,1,617.9013941166289,330.9788696740969,-286.922524442532,98.3700939913844,98.30851365171178,29.934803759655377,29.871633114268842,-9.584914160327042,-9.502121598305404,22.47850260823675,22.411303235743613,24.475340535956107,24.432793902115126,8.349646356867026,16.548943483704846,2524.4717418524233,2582.682072821568,2590.919668522793,-0.0009708356894861285,0.1742708922371532,0.17588636744194933,24.58226092137587,24.615892040238563,0.0,0.0,0.0,0.0,False,none,0.0,0.0,nominal,0.5815224824867908,0.0,3,solar_array_degradation,3.3397003210745564,0.5815224824867908,gradual,0.6121229570578814,1.3694214437816776,1408617735,solar_array_degradation
1320.0,22.0,0.36666666666666664,1,617.9890348863438,330.1095620926345,-287.8794727937093,98.79848606399409,98.63837515037974,29.951939442559762,29.934435364858444,-9.611380035866768,-9.624155860706153,22.503599226239025,22.452207867717547,24.49254876787772,24.600614998202712,8.39029009550866,16.505478104631727,2502.7390523158633,2542.710562568716,2552.779571545172,-0.0005055360229247973,0.16263840057311993,0.16077880435672062,24.564212256047483,24.46681936844324,0.0,0.0,0.0,0.0,False,none,0.0,0.0,nominal,0.5815224824867908,0.0,3,solar_array_degradation,3.3397003210745564,0.5815224824867908,gradual,0.6121229570578814,1.3694214437816776,1408617735,solar_array_degradation
1380.0,23.0,0.38333333333333336,1,617.9890348863438,330.1095620926345,-287.8794727937093,99.22687813660377,98.89389960226261,29.96907512546415,29.99703729236876,-9.605884452173287,-9.565611520005694,22.52851710184386,22.18800122849753,24.509619333943963,24.65567648221457,8.38184128868036,16.505478104631727,2502.7390523158633,2522.7248074422896,2518.3411691357037,9.318209224527915e-06,0.1502329552306132,0.15299393745760978,24.54623894625931,24.73172625715664,0.0,0.0,0.0,0.0,False,none,0.0,0.0,nominal,0.5815224824867908,0.0,3,solar_array_degradation,3.3397003210745564,0.5815224824867908,gradual,0.6121229570578814,1.3694214437816776,1408617735,solar_array_degradation
1440.0,24.0,0.4,1,617.9013941166289,330.9788696740969,-286.922524442532,99.65384617892896,99.38144829229925,29.98615384715716,29.97579456584276,-9.568500378708412,-9.591655599899765,22.553094319098754,22.393456891053514,24.52664026623982,24.44696998649206,8.324495959787441,16.548943483704846,2524.4717418524233,2523.5982746473564,2524.089658257519,0.0005512255660942137,0.16378063915235533,0.17095153479133793,24.528430792650212,24.45855062158334,0.0,0.0,0.0,0.0,False,none,0.0,0.0,nominal,0.5815224824867908,0.0,3,solar_array_degradation,3.3397003210745564,0.5815224824867908,gradual,0.6121229570578814,1.3694214437816776,1408617735,solar_array_degradation
1500.0,25.0,0.4166666666666667,1,617.7265395542198,332.6794919243112,-285.0470476299086,100.0,99.77760105990792,30.0,30.032536267972976,-9.501568254330287,-9.490946917264443,22.577183699661948,22.86479715685054,24.543695093302333,24.617083149721374,8.222383943335767,16.633974596215563,2566.9872981077806,2545.2927863775685,2549.40358750668,0.0010965021756400308,0.17741255439100076,0.16859283000143943,24.510807428556266,24.471719993509364,0.0,0.0,0.0,0.0,False,none,0.0,0.0,nominal,0.5815224824867908,0.0,3,solar_array_degradation,3.3397003210745564,0.5815224824867908,gradual,0.6121229570578814,1.3694214437816776,1408617735,solar_array_degradation
1560.0,26.0,0.43333333333333335,1,617.465323072968,335.1371034904521,-282.3282195825159,100.0,99.77928065447145,30.0,30.003395386676154,-9.41094065275053,-9.431192265764743,22.600671478522536,22.543746515610497,24.56085924290496,24.72183892864727,8.085264317567404,16.756855174522606,2628.4275872613025,2586.8601868194355,2574.7898387803666,0.0016213168734028807,0.190532921835072,0.17557212188957755,24.493386174654585,24.6537572908436,0.0,0.0,0.0,0.0,False,none,0.0,0.0,nominal,0.5815224824867908,0.0,3,solar_array_degradation,3.3397003210745564,0.5815224824867908,gradual,0.6121229570578814,1.3694214437816776,1408617735,solar_array_degradation
1620.0,27.0,0.45,1,617.1190172933127,338.2442949541505,-278.8747223391622,100.0,100.0,30.0,29.958428888067406,-9.295824077972073,-9.222488803422253,22.623444075061695,22.733665493898105,24.578196798457135,24.37807229115849,7.912987623088427,16.912214747707527,2706.107373853763,2646.483780336599,2660.9593277093927,0.002102732758702936,0.20256831896757338,0.21180363280126388,24.47618121926103,24.49917827146519,0.0,0.0,0.0,0.0,False,none,0.0,0.0,nominal,0.5815224824867908,0.0,3,solar_array_degradation,3.3397003210745564,0.5815224824867908,gradual,0.6121229570578814,1.3694214437816776,1408617735,solar_array_degradation
1680.0,28.0,0.4666666666666667,1,616.6893093822022,341.865267138484,-274.82404224371817,100.0,100.0,30.0,30.025298227463228,-9.16080140812394,-9.10385982666543,22.645415485928414,22.65067813502158,24.595757750783328,24.59206403511753,7.713622595126845,17.0932633569242,2796.6316784621,2721.5577293993497,2731.840416636642,0.0025197096572392597,0.21299274143098149,0.21548645630530744,24.4592029266538,24.265317985315924,0.0,0.0,0.0,0.0,False,none,0.0,0.0,nominal,0.5815224824867908,0.0,3,solar_array_degradation,3.3397003210745564,0.5815224824867908,gradual,0.6121229570578814,1.3694214437816776,1408617735,solar_array_degradation
1740.0,29.0,0.48333333333333334,1,616.178292833385,345.8417661836448,-270.33652664974016,100.0,99.70896435700062,30.0,29.966189315073148,-9.011217554991338,-8.990382411751257,22.666530204165745,22.563098427791193,24.613575865395426,24.301397395729257,7.496163345870727,17.29208830918224,2896.04415459112,2808.800941995234,2813.059877213945,0.0028540236826568068,0.22135059206642016,0.2294620089572897,24.442457308702856,24.301405622784447,0.0,0.0,0.0,0.0,False,none,0.0,0.0,nominal,0.5815224824867908,0.0,3,solar_array_degradation,3.3397003210745564,0.5815224824867908,gradual,0.6121229570578814,1.3694214437816776,1408617735,solar_array_degradation
1800.0,30.0,0.5,1,615.5884572681198,350.0,-265.5884572681198,100.0,99.78593702884646,30.0,30.02648010989917,-8.852948575603993,-8.86081290495459,22.68676427586936,22.601087538868327,24.631667258472262,24.378306920353197,7.269975878583101,17.5,3000.0,2904.4004709976166,2898.196357911956,0.003091063710322311,0.22727659275805778,0.2142307830198777,24.42594568866376,24.264019535768092,0.0,0.0,0.0,0.0,False,none,0.0,0.0,nominal,0.5815224824867908,0.0,3,solar_array_degradation,3.3397003210745564,0.5815224824867908,gradual,0.6121229570578814,1.3694214437816776,1408617735,solar_array_degradation
1860.0,31.0,0.5166666666666667,1,614.9226763059908,354.15823381635516,-260.7644424896356,100.0,100.0,30.0,29.959510098826133,-8.692148082987853,-8.714539579792701,22.706124607093237,22.467338915292775,24.65002974378612,24.57908369752092,7.044275063727152,17.70791169081776,3103.955845408879,3004.178158203248,3007.383542237477,0.0032204699548295168,0.23051174887073791,0.22965619924234015,24.409664577314476,24.536718281382743,0.0,0.0,0.0,0.0,False,none,0.0,0.0,nominal,0.5815224824867908,0.0,3,solar_array_degradation,3.3397003210745564,0.5815224824867908,gradual,0.6121229570578814,1.3694214437816776,1408617735,solar_array_degradation
1920.0,32.0,0.5333333333333333,1,614.184193564921,358.134732861516,-256.049460703405,100.0,99.90619183943599,30.0,30.055771833967707,-8.534982023446833,-8.510341901010515,22.724646770954827,22.821205248018618,24.668642979121984,24.84112772380018,6.827673451244848,17.9067366430758,3203.3683215378996,3103.773239870574,3102.3593871589337,0.0032365867429569625,0.23091466857392406,0.2368280887606732,24.39360577110314,24.42199595288192,0.0,0.0,0.0,0.0,False,none,0.0,0.0,nominal,0.5815224824867908,0.0,3,solar_array_degradation,3.3397003210745564,0.5815224824867908,gradual,0.6121229570578814,1.3694214437816776,1408617735,solar_array_degradation
1980.0,33.0,0.55,1,613.376606858593,361.7557050458495,-251.62090181274357,100.0,100.0,30.0,29.944285692354597,-8.387363393758118,-8.392123227876931,22.74239165424882,23.018775744111498,24.687469405793593,24.897303267304665,6.627829175916296,18.087785252292473,3293.8926261462366,3198.832933008405,3193.118814633986,0.0031387096940383224,0.22846774235095807,0.23916074389626335,24.377756670305367,24.350235330688783,0.0,0.0,0.0,0.0,False,none,0.0,0.0,nominal,0.5815224824867908,0.0,3,solar_array_degradation,3.3397003210745564,0.5815224824867908,gradual,0.6121229570578814,1.3694214437816776,1408617735,solar_array_degradation
2040.0,34.0,0.5666666666666667,1,612.503850668262,364.8628965095479,-247.64095415871407,100.0,99.92573978656553,30.0,29.91529395216935,-8.254698471957136,-8.171930778775494,22.75944131682011,23.106702167736938,24.7064559401982,24.602729368159643,6.4512037490345175,18.243144825477398,3371.572412738697,3285.2026728735514,3284.7703827971936,0.002931116504933392,0.2232779126233348,0.22617111200588666,24.36210080321205,24.394066968752558,0.0,0.0,0.0,0.0,False,none,0.0,0.0,nominal,0.5815224824867908,0.0,3,solar_array_degradation,3.3397003210745564,0.5815224824867908,gradual,0.6121229570578814,1.3694214437816776,1408617735,solar_array_degradation
2100.0,35.0,0.5833333333333334,1,611.5701769743577,367.3205080756888,-244.24966889866886,100.0,99.8933336287758,30.0,29.969438560806186,-8.141655629955629,-8.127144080205367,22.775894417291664,22.929980389472238,24.725536343484183,24.74930371670962,6.302924511743055,18.36602540378444,3433.0127018922194,3359.1076873828856,3364.6103309204987,0.002622879994226634,0.21557199985566583,0.21814653151000246,24.346618531014,24.44726162887821,0.0,0.0,0.0,0.0,False,none,0.0,0.0,nominal,0.5815224824867908,0.0,3,solar_array_degradation,3.3397003210745564,0.5815224824867908,gradual,0.6121229570578814,1.3694214437816776,1408617735,solar_array_degradation
2160.0,36.0,0.6,1,610.5801345412646,369.0211303259031,-241.55900421536148,100.0,100.0,30.0,30.065628374937766,-8.051966807178717,-8.083050419055038,22.79186149597829,22.87405113609774,24.7446341657689,24.65526769464963,6.1867335571126265,18.451056516295154,3475.5282581475767,3417.3179727652314,3422.184829453075,0.0022274715765577893,0.20568678941394472,0.2081144273271809,24.3312878982213,24.486278286764595,0.0,0.0,0.0,0.0,False,none,0.0,0.0,nominal,0.5815224824867908,0.0,3,solar_array_degradation,3.3397003210745564,0.5815224824867908,gradual,0.6121229570578814,1.3694214437816776,1408617735,solar_array_degradation
2220.0,37.0,0.6166666666666667,1,609.5385467561977,369.8904379073655,-239.64810884883218,100.0,99.94733735739086,30.0,30.049989037199015,-7.988270294961072,-8.065539502518243,22.807460316950515,22.730674697784277,24.763666136233486,24.77336384013426,6.104996984428596,18.494521895368276,3497.2609476841367,3457.289460224684,3462.311927681819,0.0017621724971785863,0.19405431242946464,0.18683640209224783,24.316085585916294,24.48775953909967,0.0,0.0,0.0,0.0,False,none,0.0,0.0,nominal,0.5815224824867908,0.0,3,solar_array_degradation,3.3397003210745564,0.5815224824867908,gradual,0.6121229570578814,1.3694214437816776,1408617735,solar_array_degradation
2280.0,38.0,0.6333333333333333,1,608.450488130146,369.8904379073655,-238.56005022278055,100.0,100.0,30.0,29.98743192957118,-7.952001674092685,-7.97941970087215,22.82281137654875,22.797561969025057,24.782545850934355,24.403294648090288,6.05874644998183,18.494521895368276,3497.2609476841367,3477.2752039544102,3486.503411288708,0.0012473185586203252,0.18118296396550812,0.18160971332765183,24.300987920422497,24.378666588179417,0.0,0.0,0.0,0.0,False,none,0.0,0.0,nominal,0.5815224824867908,0.0,3,solar_array_degradation,3.3397003210745564,0.5815224824867908,gradual,0.6121229570578814,1.3694214437816776,1408617735,solar_array_degradation
2340.0,39.0,0.65,1,607.3212595753644,369.0211303259031,-238.3001292494613,100.0,100.0,30.0,29.95429382623574,-7.94333764164871,-7.98063358703708,22.83803360505992,22.849756174788833,24.80118759715947,24.733614338657212,6.047729031138663,18.451056516295154,3475.5282581475767,3476.401731050993,3470.3332335122827,0.0007054113485461749,0.16763528371365435,0.17266022909239273,24.285971888322834,24.21397228638099,0.0,0.0,0.0,0.0,False,none,0.0,0.0,nominal,0.5815224824867908,0.0,3,solar_array_degradation,3.3397003210745564,0.5815224824867908,gradual,0.6121229570578814,1.3694214437816776,1408617735,solar_array_degradation
2400.0,40.0,0.6666666666666666,1,606.156362579862,367.3205080756888,-238.83585450417326,100.0,99.6842835510792,30.0,30.052261862988974,-7.961195150139108,-7.935191585885057,22.853240237621186,22.829404175652655,24.819510147189764,24.94121264804473,6.0704502574878765,18.36602540378444,3433.0127018922194,3454.7072164716064,3445.3659244435053,0.00016013481239812548,0.15400337030995312,0.16221055089827952,24.27101611011691,24.217917539170973,0.0,0.0,0.0,0.0,False,none,0.0,0.0,nominal,0.5815224824867908,0.0,3,solar_array_degradation,3.3397003210745564,0.5815224824867908,gradual,0.6121229570578814,1.3694214437816776,1408617735,solar_array_degradation
2460.0,41.0,0.6833333333333333,1,604.961472404706,364.8628965095479,-240.0985758951581,100.0,99.82516333786494,30.0,30.05978974454638,-8.003285863171936,-7.965602879632613,22.8685348187575,22.79551054483686,24.8374403556632,24.71113422584961,6.1242067686118205,18.243144825477398,3371.5724127386975,3413.1398146051515,3414.7964781817723,-0.0003646798486658404,0.15911699621664602,0.1673858920968306,24.256150960607094,24.346956513350204,0.0,0.0,0.0,0.0,False,none,0.0,0.0,nominal,0.5815224824867908,0.0,3,solar_array_degradation,3.3397003210745564,0.5815224824867908,gradual,0.6121229570578814,1.3694214437816776,1408617735,solar_array_degradation
2520.0,42.0,0.7,1,603.7424104347197,361.7557050458495,-241.98670538887018,100.0,99.87837576182883,30.0,30.054019832412845,-8.06622351296234,-8.06350957047564,22.884007332981238,22.952958015785835,24.85491640332248,24.896384575655137,6.205116940885321,18.087785252292473,3293.8926261462366,3353.5162203756936,3347.305275572037,-0.000846095715616464,0.1711523928904116,0.17630286019612382,24.241376261455354,24.364135733347414,0.0,0.0,0.0,0.0,False,none,0.0,0.0,nominal,0.5815224824867908,0.0,3,solar_array_degradation,3.3397003210745564,0.5815224824867908,gradual,0.6121229570578814,1.3694214437816776,1408617735,solar_array_degradation
2580.0,43.0,0.7166666666666667,1,602.5051158172811,358.134732861516,-244.37038295576508,100.0,100.0,30.0,29.972377602864167,-8.145679431858836,-8.185329286434456,22.89973051389178,23.1491155327054,24.87189054538205,24.89232400067707,6.308167472528647,17.9067366430758,3203.3683215379006,3278.442270956797,3293.050268314018,-0.0012630726049780512,0.18157681512445129,0.18703953056335992,24.226671162148925,24.391952592126845,0.0,0.0,0.0,0.0,False,none,0.0,0.0,nominal,0.5815224824867908,0.0,3,solar_array_degradation,3.3397003210745564,0.5815224824867908,gradual,0.6121229570578814,1.3694214437816776,1408617735,solar_array_degradation
2640.0,44.0,0.7333333333333333,1,601.2556165273943,354.1582338163552,-247.09738271103907,100.0,100.0,30.0,30.036917541391958,-8.236579423701302,-8.24702012599488,22.91575646163588,22.96931839653115,24.88833124440063,24.828331649842113,6.427299248235174,17.707911690817763,3103.9558454088806,3191.1990581828386,3198.332592619764,-0.00159738662580824,0.189934665645206,0.19032808016225436,24.212016761677877,24.12404265239506,0.0,0.0,0.0,0.0,False,none,0.0,0.0,nominal,0.5815224824867908,0.0,3,solar_array_degradation,3.3397003210745564,0.5815224824867908,gradual,0.6121229570578814,1.3694214437816776,1408617735,solar_array_degradation
2700.0,45.0,0.75,1,600.0,350.0,-250.0,100.0,99.67341567838696,30.0,30.026066896248654,-8.333333333333334,-8.299030416706438,22.932113774717916,23.13926189974974,24.904224594445424,24.99991297909772,6.555555555555556,17.5,3000.0,3095.5995290914193,3083.1896315460604,-0.0018344266511800618,0.19586066627950155,0.1895321593811081,24.197396865360076,24.19416439133704,0.0,0.0,0.0,0.0,False,none,0.0,0.0,nominal,0.5815224824867908,0.0,3,solar_array_degradation,3.3397003210745564,0.5815224824867908,gradual,0.6121229570578814,1.3694214437816776,1408617735,solar_array_degradation
2760.0,46.0,0.7666666666666667,1,598.7443834726058,345.8417661836448,-252.90261728896104,100.0,99.8716066663524,30.0,30.03878005087972,-8.430087242965367,-8.487030024897944,22.948805457649343,22.846182531774694,24.919574974308226,24.768863718703788,6.685309673920594,17.29208830918224,2896.04415459112,2995.82184184127,2995.1252576510415,-0.001963832894540448,0.1990958223635112,0.19250447996421216,24.182798630783033,24.063401291719533,0.0,0.0,0.0,0.0,False,none,0.0,0.0,nominal,0.5815224824867908,0.0,3,solar_array_degradation,3.3397003210745564,0.5815224824867908,gradual,0.6121229570578814,1.3694214437816776,1408617735,solar_array_degradation
2820.0,47.0,0.7833333333333333,1,597.4948841827188,341.865267138484,-255.6296170442348,100.0,99.72723161608087,30.0,29.987839056130785,-8.520987234807826,-8.498351013121198,22.96580788449165,22.848374131952127,24.93440490122761,24.973703280300253,6.808577876460634,17.0932633569242,2796.6316784621,2896.226760151685,2902.342326333023,-0.001979949682094466,0.19949874205236165,0.19425680499432543,24.16821307888662,24.222930754247038,0.0,0.0,0.0,0.0,False,none,0.0,0.0,nominal,0.5815224824867908,0.0,3,solar_array_degradation,3.3397003210745564,0.5815224824867908,gradual,0.6121229570578814,1.3694214437816776,1408617735,solar_array_degradation
2880.0,48.0,0.8,1,596.2575895652803,338.2442949541505,-258.0132946111298,100.0,100.0,30.0,30.043350208690246,-8.600443153704328,-8.66930073325494,22.983071069835393,22.890309199614126,24.9487540915132,25.03635483587634,6.917409795207972,16.912214747707527,2706.1073738537634,2801.1670670027247,2808.117013573356,-0.0018820726328891155,0.1970518158222279,0.1959790439344114,24.153635450138335,24.28800264928243,0.0,0.0,0.0,0.0,False,none,0.0,0.0,nominal,0.5815224824867908,0.0,3,solar_array_degradation,3.3397003210745564,0.5815224824867908,gradual,0.6121229570578814,1.3694214437816776,1408617735,solar_array_degradation
2940.0,49.0,0.8166666666666667,1,595.038527595294,335.13710349045215,-259.90142410484185,100.0,100.0,30.0,29.90647083784855,-8.663380803494729,-8.688903923889855,23.000520421268742,23.01801018198396,24.962677769130142,24.99636126257686,7.004333355708877,16.75685517452261,2628.4275872613034,2714.797327132014,2710.700891527026,-0.0016744794436408194,0.19186198609102048,0.19852551866770096,24.139065390160642,23.928268505790033,0.0,0.0,0.0,0.0,False,none,0.0,0.0,nominal,0.5815224824867908,0.0,3,solar_array_degradation,3.3397003210745564,0.5815224824867908,gradual,0.6121229570578814,1.3694214437816776,1408617735,solar_array_degradation
3000.0,50.0,0.8333333333333334,1,593.843637420138,332.6794919243112,-261.16414549582674,100.0,99.7413144576041,30.0,30.042156483991338,-8.705471516527558,-8.68761906745801,23.01806002789448,23.026434669631904,24.976244296169533,25.154916818332282,7.06281874600581,16.633974596215563,2566.9872981077806,2640.8923126198974,2640.732161942423,-0.0013662429328623966,0.18415607332155992,0.18264116048856635,24.124506954273727,24.133884249321373,0.0,0.0,0.0,0.0,False,none,0.0,0.0,nominal,0.5815224824867908,0.0,3,solar_array_degradation,3.3397003210745564,0.5815224824867908,gradual,0.6121229570578814,1.3694214437816776,1408617735,solar_array_degradation
3060.0,51.0,0.85,1,592.6787404246356,330.9788696740969,-261.6998707505387,100.0,100.0,30.0,30.03051157604209,-8.723329025017957,-8.674883037759056,23.035577392868106,23.29141938793841,24.989532228767587,24.951325096061936,7.08771754229766,16.548943483704846,2524.4717418524233,2582.6820272361606,2587.1397901829896,-0.0009708345151577116,0.17427086287894278,0.15471409670197966,24.109968426400112,24.091012274545932,0.0,0.0,0.0,0.0,False,none,0.0,0.0,nominal,0.5815224824867908,0.0,3,solar_array_degradation,3.3397003210745564,0.5815224824867908,gradual,0.6121229570578814,1.3694214437816776,1408617735,solar_array_degradation
3120.0,52.0,0.8666666666666667,1,591.549511869854,330.1095620926345,-261.43994977721945,100.0,99.98151931972646,30.0,29.946662303680785,-8.714664992573981,-8.673780274821024,23.05294936475964,23.15629813689341,25.00262692714671,24.765858918166785,7.075630874623557,16.505478104631727,2502.7390523158633,2542.710539776012,2536.01321478414,-0.0005055354357605888,0.16263838589401472,0.16315723645199862,24.09546195471232,23.947929575781497,0.0,0.0,0.0,0.0,False,none,0.0,0.0,nominal,0.5815224824867908,0.0,3,solar_array_degradation,3.3397003210745564,0.5815224824867908,gradual,0.6121229570578814,1.3694214437816776,1408617735,solar_array_degradation
3180.0,53.0,0.8833333333333333,1,590.4614532438023,330.1095620926345,-260.3518911511678,100.0,99.9806152469594,30.0,30.010931041326522,-8.678396371705594,-8.733440064053378,23.070048885526933,23.54362721856627,25.0156168679388,25.0187897183577,7.025165086754626,16.505478104631727,2502.7390523158633,2522.724796045938,2522.1611221005933,9.318502806628603e-06,0.15023296257016572,0.15137013764407325,24.081004272189787,24.169199522691915,0.0,0.0,0.0,0.0,False,none,0.0,0.0,nominal,0.5815224824867908,0.0,3,solar_array_degradation,3.3397003210745564,0.5815224824867908,gradual,0.6121229570578814,1.3694214437816776,1408617735,solar_array_degradation
3240.0,54.0,0.9,1,589.4198654587356,330.9788696740969,-258.44099578463863,100.0,99.92541470009864,30.0,30.020666708483237,-8.614699859487954,-8.61775407727877,23.086752073192187,22.914595085014742,25.0285898199627,25.172042574527037,6.937044293524942,16.548943483704846,2524.471741852423,2523.5982689491807,2529.169308082971,0.0005512257128852536,0.16378064282213134,0.15787050377449582,24.06668537863993,24.05279746307195,0.0,0.0,0.0,0.0,False,none,0.0,0.0,nominal,0.5815224824867908,0.0,3,solar_array_degradation,3.3397003210745564,0.5815224824867908,gradual,0.6121229570578814,1.3694214437816776,1408617735,solar_array_degradation
3300.0,55.0,0.9166666666666666,1,588.4298230256423,332.67949192431126,-255.75033110133108,100.0,99.74880350094354,30.0,30.022011520356816,-8.525011036711037,-8.543412298136703,23.102945110933312,22.988440432982248,25.04162905059543,24.82791415995993,6.814065054083598,16.633974596215563,2566.987298107781,2545.292783528481,2539.074095303381,0.0010965022490355618,0.17741255622588903,0.1820532344638992,24.05252510515335,24.09537015938423,0.0,0.0,0.0,0.0,False,none,0.0,0.0,nominal,0.5815224824867908,0.0,3,solar_array_degradation,3.3397003210745564,0.5815224824867908,gradual,0.6121229570578814,1.3694214437816776,1408617735,solar_array_degradation
3360.0,56.0,0.9333333333333333,0,0.0,335.1371034904521,335.1371034904521,99.50128407218682,99.66901262373692,29.980051362887473,30.039230188036008,11.178670090783127,11.176068929529377,23.114984150934,23.035513155932772,25.03880972853971,25.077559586364647,10.99701319988554,16.756855174522606,2628.427587261303,2586.860185394892,2582.455895386007,0.001621316910100646,0.19053292275251615,0.1862346526243132,24.03854096867853,23.983143633002797,0.0,0.0,0.0,0.0,False,none,0.0,0.0,nominal,0.5815224824867908,0.0,3,solar_array_degradation,3.3397003210745564,0.5815224824867908,gradual,0.6121229570578814,1.3694214437816776,1408617735,solar_array_degradation
3420.0,57.0,0.95,0,0.0,338.2442949541505,338.2442949541505,98.99794434755268,99.61064591474302,29.959917773902106,29.862738022507752,11.289893967893095,11.31844321378025,23.127617367576732,23.141906516413854,25.03632368020681,24.794250851250467,11.19693646450151,16.912214747707527,2706.1073738537634,2646.4837796243282,2654.3799892386137,0.0021027327770518148,0.20256831942629536,0.20629581906634645,24.024747352330543,23.815262211272458,0.0,0.0,0.0,0.0,False,none,0.0,0.0,nominal,0.5815224824867908,0.0,3,solar_array_degradation,3.3397003210745564,0.5815224824867908,gradual,0.6121229570578814,1.3694214437816776,1408617735,solar_array_degradation
3480.0,58.0,0.9666666666666667,0,0.0,341.865267138484,341.865267138484,98.48921627145373,99.09288094875811,29.93956865085815,29.955180267543508,11.41851010364123,11.459402408604918,23.140953629501126,23.114657442007747,25.034219617479003,25.135387639252116,11.430589838956548,17.0932633569242,2796.6316784620994,2721.5577290432134,2715.6025060221777,0.0025197096664136814,0.21299274166034204,0.22024766866972273,24.011154813725696,23.979620129196668,0.0,0.0,0.0,0.0,False,none,0.0,0.0,nominal,0.5815224824867908,0.0,3,solar_array_degradation,3.3397003210745564,0.5815224824867908,gradual,0.6121229570578814,1.3694214437816776,1408617735,solar_array_degradation
3540.0,59.0,0.9833333333333333,0,0.0,345.84176618364484,345.84176618364484,97.9745707860614,97.3064944135628,29.918982831442456,29.888468515929723,11.55927553192727,11.477876578603304,23.15507240127692,23.279317846270065,25.032530037157535,24.980063743233472,11.689348065840997,17.292088309182244,2896.0441545911203,2808.8009418171673,2797.6547114638865,0.002854023687244039,0.22135059218110098,0.21102707712268964,23.997769556621925,24.074896110534777,0.0,0.0,0.0,0.0,False,none,0.0,0.0,nominal,0.5815224824867908,0.0,3,solar_array_degradation,3.3397003210745564,0.5815224824867908,gradual,0.6121229570578814,1.3694214437816776,1408617735,solar_array_degradation
3600.0,60.0,1.0,0,0.0,350.0,350.0,97.45373745272806,97.50277292738484,29.898149498109124,29.896360237206554,11.706410124885334,11.696558920575399,23.170019310339132,23.03687047698218,25.031269796860276,24.921366796550913,11.96320304096143,17.5,2999.9999999999995,2904.4004709085834,2905.3490979996996,0.0030910637126159027,0.22727659281539755,0.23227396536334974,23.984593094723543,24.025642457626105,0.0,0.0,0.0,0.0,False,none,0.0,0.0,nominal,0.5815224824867908,0.0,3,solar_array_degradation,3.3397003210745564,0.5815224824867908,gradual,0.6121229570578814,1.3694214437816776,1408617735,solar_array_degradation
3660.0,61.0,1.0166666666666666,0,0.0,354.15823381635516,354.15823381635516,96.92671627145373,96.84304809166868,29.87706865085815,29.900703666383773,11.853848111909159,11.863460749957571,23.185802851826487,23.022772408895896,25.03043546186703,25.060125346073384,12.241097204816986,17.70791169081776,3103.955845408879,3004.1781581587315,3011.861310498933,0.003220469955976316,0.2305117488994079,0.2342410456937386,23.971622127828866,24.079399337546977,0.0,0.0,0.0,0.0,False,none,0.0,0.0,nominal,0.5815224824867908,0.0,3,solar_array_degradation,3.3397003210745564,0.5815224824867908,gradual,0.6121229570578814,1.3694214437816776,1408617735,solar_array_degradation
3720.0,62.0,1.0333333333333334,0,0.0,358.134732861516,358.134732861516,96.39377768088599,96.511576255445,29.85575110723544,29.840741882177674,11.9955023598359,11.955534616647663,23.20239258854615,23.23513324698584,25.030005451458244,25.11742209935471,12.511366149186292,17.9067366430758,3203.368321537899,3103.7732398483154,3099.1481400917237,0.0032365867435303623,0.23091466858825904,0.2358811718595624,23.958848639988698,23.759441023311872,0.0,0.0,0.0,0.0,False,none,0.0,0.0,nominal,0.5815224824867908,0.0,3,solar_array_degradation,3.3397003210745564,0.5815224824867908,gradual,0.6121229570578814,1.3694214437816776,1408617735,solar_array_degradation
3780.0,63.0,1.05,0,0.0,361.7557050458495,361.7557050458495,95.85545073885348,95.58374233927633,29.83421802955414,29.80684861125316,12.125529976602365,12.094706740451471,23.2197191602718,23.06739160035471,25.029940978351163,25.210824666915617,12.762278177078606,18.087785252292473,3293.8926261462366,3198.8329329972757,3214.607406811081,0.0031387096943250254,0.22846774235812561,0.22147215729669786,23.946260217674297,24.203918441467824,0.0,0.0,0.0,0.0,False,none,0.0,0.0,nominal,0.5815224824867908,0.0,3,solar_array_degradation,3.3397003210745564,0.5815224824867908,gradual,0.6121229570578814,1.3694214437816776,1408617735,solar_array_degradation
3840.0,64.0,1.0666666666666667,0,0.0,364.86289650954785,364.86289650954785,95.31249999999997,95.43995886623208,29.8125,29.850306857315267,12.238587723590703,12.238837146223107,23.237676319834975,23.214573200066322,25.030187740175307,25.074364336182775,12.982642357442005,18.243144825477394,3371.5724127386966,3285.202672867986,3277.322253914411,0.0029311165050767297,0.22327791262691823,0.22206125733688725,23.933840573975722,23.773828945491754,0.0,0.0,0.0,0.0,False,none,0.0,0.0,nominal,0.5815224824867908,0.0,3,solar_array_degradation,3.3397003210745564,0.5815224824867908,gradual,0.6121229570578814,1.3694214437816776,1408617735,solar_array_degradation
3900.0,65.0,1.0833333333333333,0,0.0,367.3205080756888,367.3205080756888,94.76589210107781,95.28276716976947,29.790635684043114,29.796874501840847,12.330066131231911,12.370364449296435,23.256125070129446,22.9622751683663,25.030678289061473,24.80190091470537,13.162442464044181,18.36602540378444,3433.0127018922194,3359.107687380103,3363.404849983017,0.0026228799942983206,0.215571999857458,0.2019113034076476,23.92157025349694,24.007404802163254,0.0,0.0,0.0,0.0,False,none,0.0,0.0,nominal,0.5815224824867908,0.0,3,solar_array_degradation,3.3397003210745564,0.5815224824867908,gradual,0.6121229570578814,1.3694214437816776,1408617735,solar_array_degradation
3960.0,66.0,1.1,0,0.0,369.0211303259031,369.0211303259031,94.21675351428333,94.43996468989823,29.768670140571334,29.786511118047123,12.396292094451642,12.397170834075297,23.27489980175959,23.466236219867376,25.031334975781572,25.178529780535534,13.293444615277142,18.451056516295154,3475.5282581475767,3417.31797276384,3427.945590408721,0.0022274715765936287,0.2056867894148407,0.19735767869718213,23.909427482785624,23.868056092391228,0.0,0.0,0.0,0.0,False,none,0.0,0.0,nominal,0.5815224824867908,0.0,3,solar_array_degradation,3.3397003210745564,0.5815224824867908,gradual,0.6121229570578814,1.3694214437816776,1408617735,solar_array_degradation
4020.0,67.0,1.1166666666666667,0,0.0,369.8904379073655,369.8904379073655,93.6663213150164,93.78487426189864,29.746652852600654,29.71995299326895,12.434691047097997,12.401467414251568,23.293816147332176,23.33133485267415,25.032073339766058,24.995808486821915,13.369723314942329,18.494521895368276,3497.2609476841367,3457.2894602239876,3450.5642009772364,0.001762172497196506,0.19405431242991264,0.19982700936580053,23.897389123596383,23.77571163452664,0.0,0.0,0.0,0.0,False,none,0.0,0.0,nominal,0.5815224824867908,0.0,3,solar_array_degradation,3.3397003210745564,0.5815224824867908,gradual,0.6121229570578814,1.3694214437816776,1408617735,solar_array_degradation
4080.0,68.0,1.1333333333333333,0,0.0,369.8904379073655,369.8904379073655,93.11588911574948,93.0145721310095,29.724635564629978,29.718610298642727,12.443901527509611,12.365648863283182,23.312680099841877,23.445040444868333,25.032805796838666,25.11301030768144,13.388054818108483,18.494521895368276,3497.2609476841367,3477.2752039540624,3465.180975674895,0.0012473185586292885,0.18118296396573222,0.19146734283252045,23.885431681569983,23.854361817422046,0.0,0.0,0.0,0.0,False,none,0.0,0.0,nominal,0.5815224824867908,0.0,3,solar_array_degradation,3.3397003210745564,0.5815224824867908,gradual,0.6121229570578814,1.3694214437816776,1408617735,solar_array_degradation
4140.0,69.0,1.15,0,0.0,369.0211303259031,369.0211303259031,92.56675052895498,93.39856977500382,29.702670021158198,29.72304392520977,12.42383698378082,12.387390996221614,23.33129781268271,23.17866572549157,25.033445463496548,25.05201323636291,13.348138031964808,18.451056516295154,3475.5282581475767,3476.4017310508193,3469.9059611696566,0.0007054113485506565,0.1676352837137664,0.16163618315778955,23.873532321261713,23.91252398413407,0.0,0.0,0.0,0.0,False,none,0.0,0.0,nominal,0.5815224824867908,0.0,3,solar_array_degradation,3.3397003210745564,0.5815224824867908,gradual,0.6121229570578814,1.3694214437816776,1408617735,solar_array_degradation
4200.0,70.0,1.1666666666666667,0,0.0,367.3205080756888,367.3205080756888,92.02014263003282,91.90533978074833,29.680805705201312,29.72209608016877,12.375691944619918,12.450453625511676,23.349485426102113,23.374129167816438,25.033909950596144,25.199861864770973,13.252620088650426,18.36602540378444,3433.0127018922194,3454.7072164715196,3454.8996514668456,0.00016013481240036284,0.15400337031000907,0.15482857784404686,23.861669839808748,23.886125945756085,0.0,0.0,0.0,0.0,False,none,0.0,0.0,nominal,0.5815224824867908,0.0,3,solar_array_degradation,3.3397003210745564,0.5815224824867908,gradual,0.6121229570578814,1.3694214437816776,1408617735,solar_array_degradation
4260.0,71.0,1.1833333333333333,0,0.0,364.8628965095479,364.8628965095479,91.47719189117932,91.22080120721512,29.65908767564717,29.74610728124576,12.301892104696591,12.313413501771803,23.367078260040326,23.801551937237004,25.03412496064233,25.07319766689788,13.106923948447706,18.243144825477398,3371.5724127386975,3413.1398146051083,3415.528173832269,-0.00036467984866472153,0.15911699621661804,0.1653459884504807,23.84987478732624,23.921734174017597,0.0,0.0,0.0,0.0,False,none,0.0,0.0,nominal,0.5815224824867908,0.0,3,solar_array_degradation,3.3397003210745564,0.5815224824867908,gradual,0.6121229570578814,1.3694214437816776,1408617735,solar_array_degradation
4320.0,72.0,1.2,0,0.0,361.7557050458495,361.7557050458495,90.9388649491468,90.79090767020219,29.637554597965874,29.620918516970868,12.205990337363327,12.268295882787982,23.383938777177633,23.093890503486705,25.034027531461778,24.97584501624567,12.918896009264552,18.087785252292473,3293.8926261462366,3353.516220375672,3360.801937474297,-0.0008460957156159048,0.1711523928903976,0.16820383379111664,23.838147159474104,23.83917878518283,0.0,0.0,0.0,0.0,False,none,0.0,0.0,nominal,0.5815224824867908,0.0,3,solar_array_degradation,3.3397003210745564,0.5815224824867908,gradual,0.6121229570578814,1.3694214437816776,1408617735,solar_array_degradation
4380.0,73.0,1.2166666666666666,0,0.0,358.134732861516,358.134732861516,90.40592635857907,90.49222639019087,29.616237054343163,29.60911288965067,12.092513042908543,12.112721610701115,23.39996284363268,23.384343823258135,25.033568784496236,24.92136984930406,12.698309735433059,17.9067366430758,3203.3683215379006,3278.4422709567866,3287.876505233349,-0.001263072604977771,0.18157681512444426,0.18263307659387268,23.826466278432534,23.933533806132502,0.0,0.0,0.0,0.0,False,none,0.0,0.0,nominal,0.5815224824867908,0.0,3,solar_array_degradation,3.3397003210745564,0.5815224824867908,gradual,0.6121229570578814,1.3694214437816776,1408617735,solar_array_degradation
4440.0,74.0,1.2333333333333334,0,0.0,354.15823381635516,354.15823381635516,89.87890517730473,89.94823465972064,29.595156207092188,29.574655164431636,11.966763457443236,12.023408407027548,23.41508398060992,23.41821697911002,25.032716057601903,25.002194750897633,12.456274211711902,17.70791169081776,3103.9558454088797,3191.199058182833,3189.8151718790605,-0.0015973866258081216,0.18993466564520303,0.21195255464424015,23.81481341458936,23.92379400392595,0.0,0.0,0.0,0.0,False,none,0.0,0.0,nominal,0.5815224824867908,0.0,3,solar_array_degradation,3.3397003210745564,0.5815224824867908,gradual,0.6121229570578814,1.3694214437816776,1408617735,solar_array_degradation
4500.0,75.0,1.25,0,0.0,350.0,350.0,89.3580718439714,89.12943488009259,29.574322873758856,29.556192480789395,11.834590482223794,11.854340085622777,23.429275485228114,23.76727197812532,25.031454329141088,24.808431605957825,12.20460255055536,17.5,3000.0000000000005,3095.599529091417,3106.663825190011,-0.0018344266511799855,0.19586066627949963,0.1861209234035065,23.80317254337472,23.80934268924611,0.0,0.0,0.0,0.0,False,none,0.0,0.0,nominal,0.5815224824867908,0.0,3,solar_array_degradation,3.3397003210745564,0.5815224824867908,gradual,0.6121229570578814,1.3694214437816776,1408617735,solar_array_degradation
4560.0,76.0,1.2666666666666666,0,0.0,345.8417661836448,345.8417661836448,88.84342635857907,89.0894483787265,29.553737054343163,29.61235679595845,11.702133153168205,11.730851812291391,23.442550477739275,23.57497382068318,25.029786871126323,24.763685382075813,11.955193626758275,17.29208830918224,2896.04415459112,2995.8218418412685,2990.4599620142176,-0.0019638328945404205,0.1990958223635105,0.19974060785655573,23.791530991212568,23.786163017794564,0.0,0.0,0.0,0.0,False,none,0.0,0.0,nominal,0.5815224824867908,0.0,3,solar_array_degradation,3.3397003210745564,0.5815224824867908,gradual,0.6121229570578814,1.3694214437816776,1408617735,solar_array_degradation
4620.0,77.0,1.2833333333333334,0,0.0,341.865267138484,341.865267138484,88.33469828248013,88.36168769603483,29.533387931299206,29.515739635069593,11.575551979804471,11.62765539034614,23.454960082509412,23.630626291544054,25.027735102871162,24.77519011445788,11.719472290972417,17.0932633569242,2796.631678462101,2896.226760151685,2893.5250848970913,-0.001979949682094438,0.19949874205236096,0.20279183507335452,23.779879946612933,23.73101296321297,0.0,0.0,0.0,0.0,False,none,0.0,0.0,nominal,0.5815224824867908,0.0,3,solar_array_degradation,3.3397003210745564,0.5815224824867908,gradual,0.6121229570578814,1.3694214437816776,1408617735,solar_array_degradation
4680.0,78.0,1.3,0,0.0,338.2442949541506,338.2442949541506,87.83135855784599,87.8219089791669,29.51325434231384,29.577580888079787,11.46075898750352,11.4735544300458,23.466590054432928,23.337451891539327,25.02533765154361,25.077629911872066,11.507919725571414,16.91221474770753,2706.107373853764,2801.1670670027247,2803.7630638993305,-0.0018820726328891081,0.1970518158222277,0.1968827790899015,23.768214816356704,23.693275201594282,0.0,0.0,0.0,0.0,False,none,0.0,0.0,nominal,0.5815224824867908,0.0,3,solar_array_degradation,3.3397003210745564,0.5815224824867908,gradual,0.6121229570578814,1.3694214437816776,1408617735,solar_array_degradation
4740.0,79.0,1.3166666666666667,0,0.0,335.1371034904521,335.1371034904521,87.33264263003281,87.58776792470493,29.493305705201312,29.420096671210608,11.363158366861153,11.304609076776478,23.477556212258428,23.428053620316536,25.022648660680304,24.91819281342947,11.32970944562933,16.756855174522606,2628.4275872613025,2714.7973271320134,2722.182221041304,-0.0016744794436408268,0.19186198609102068,0.19611931063641952,23.756535411132372,23.650765420904946,0.0,0.0,0.0,0.0,False,none,0.0,0.0,nominal,0.5815224824867908,0.0,3,solar_array_degradation,3.3397003210745564,0.5815224824867908,gradual,0.6121229570578814,1.3694214437816776,1408617735,solar_array_degradation
4800.0,80.0,1.3333333333333333,0,0.0,332.67949192431126,332.67949192431126,86.8375838622883,86.69427518947958,29.473503354491534,29.518858207339985,11.287409166227043,11.361034587157123,23.487999036501098,23.25796974695743,25.019735420587292,25.02248111755519,11.192448454866103,16.633974596215563,2566.987298107781,2640.8923126198974,2638.836949373583,-0.0013662429328623821,0.18415607332155953,0.18816839872500923,23.74484595008817,23.55012014945597,0.0,0.0,0.0,0.0,False,none,0.0,0.0,nominal,0.5815224824867908,0.0,3,solar_array_degradation,3.3397003210745564,0.5815224824867908,gradual,0.6121229570578814,1.3694214437816776,1408617735,solar_array_degradation
4860.0,81.0,1.35,0,0.0,330.9788696740969,330.9788696740969,86.34505578241614,86.73020441619697,29.453802231296645,29.46111464515003,11.237220480906524,11.176916549907906,23.498077742051827,23.623151718592563,25.01667542419,25.02824497571419,11.102009930920405,16.548943483704846,2524.4717418524233,2582.6820272361606,2584.010863360202,-0.0009708345151577116,0.17427086287894278,0.18565758495010884,23.733154879745946,23.810761268529482,0.0,0.0,0.0,0.0,False,none,0.0,0.0,nominal,0.5815224824867908,0.0,3,solar_array_degradation,3.3397003210745564,0.5815224824867908,gradual,0.6121229570578814,1.3694214437816776,1408617735,solar_array_degradation
4920.0,82.0,1.3666666666666667,0,0.0,330.1095620926345,330.1095620926345,85.85382131501638,85.44482920174424,29.434152852600654,29.36219230999806,11.215188143709993,11.194289970004109,23.5079640609592,23.55642531573478,25.013552977005745,25.10987957578974,11.062435607905055,16.505478104631727,2502.7390523158633,2542.710539776012,2543.210848252015,-0.0005055354357605888,0.16263838589401472,0.16280194274643595,23.721474509658062,23.6327159229105,0.0,0.0,0.0,0.0,False,none,0.0,0.0,nominal,0.5815224824867908,0.0,3,solar_array_degradation,3.3397003210745564,0.5815224824867908,gradual,0.6121229570578814,1.3694214437816776,1408617735,solar_array_degradation
4980.0,83.0,1.3833333333333333,0,0.0,330.1095620926345,330.1095620926345,85.36258684761663,85.0341988922679,29.414503473904666,29.391520902287272,11.222680076360769,11.213300401311846,23.517835889419135,23.33259925772856,25.010455509398962,25.227085723504324,11.075883847707596,16.505478104631727,2502.7390523158633,2522.724796045938,2528.427220640812,9.318502806628603e-06,0.15023296257016572,0.1621566768113112,23.709821732973435,23.796719856006238,0.0,0.0,0.0,0.0,False,none,0.0,0.0,nominal,0.5815224824867908,0.0,3,solar_array_degradation,3.3397003210745564,0.5815224824867908,gradual,0.6121229570578814,1.3694214437816776,1408617735,solar_array_degradation
5040.0,84.0,1.4,0,0.0,330.9788696740969,330.9788696740969,84.87005876774447,85.30915538847839,29.394802350709778,29.39348770909357,11.259775307388825,11.264895428485014,23.527870884742057,23.543043152922287,25.00746975229118,24.85256998322502,11.142603197830649,16.548943483704846,2524.4717418524233,2523.5982689491807,2531.872449417178,0.0005512257128852607,0.1637806428221315,0.16037680056765907,23.698286708467702,23.79212665735801,0.0,0.0,0.0,0.0,False,none,0.0,0.0,nominal,0.5815224824867908,0.0,3,solar_array_degradation,3.3397003210745564,0.5815224824867908,gradual,0.6121229570578814,1.3694214437816776,1408617735,solar_array_degradation
5100.0,85.0,1.4166666666666667,0,0.0,332.6794919243112,332.6794919243112,84.37499999999994,84.69754328930463,29.374999999999996,29.339720530234874,11.325259299551021,11.348308258056253,23.538240058954155,23.672617057395556,25.004677943465282,24.967674540080324,11.260919856165351,16.633974596215563,2566.9872981077806,2545.292783528481,2547.230083964013,0.0010965022490355544,0.17741255622588886,0.16314837579271685,23.686889425007415,23.489254562273853,0.0,0.0,0.0,0.0,False,none,0.0,0.0,nominal,0.5815224824867908,0.0,3,solar_array_degradation,3.3397003210745564,0.5815224824867908,gradual,0.6121229570578814,1.3694214437816776,1408617735,solar_array_degradation
5160.0,86.0,1.4333333333333333,0,0.0,335.1371034904521,335.1371034904521,83.87628407218678,83.30692140995247,29.355051362887473,29.36308390970363,11.416675765526126,11.414301407575923,23.549101414743138,23.669655251199533,25.002154230266605,25.12904764965267,11.427238842812123,16.756855174522606,2628.4275872613025,2586.860185394892,2591.367262006942,0.0016213169101006388,0.19053292275251596,0.1845875587577108,23.67564755613369,23.65589372466197,0.0,0.0,0.0,0.0,False,none,0.0,0.0,nominal,0.5815224824867908,0.0,3,solar_array_degradation,3.3397003210745564,0.5815224824867908,gradual,0.6121229570578814,1.3694214437816776,1408617735,solar_array_degradation
5220.0,87.0,1.45,0,0.0,338.2442949541505,338.2442949541505,83.37294434755262,83.0712167023225,29.334917773902106,29.274078350592003,11.530432693255085,11.549830295434164,23.56059370707966,23.220196523852433,24.99996142591989,24.83494756969331,11.636070247494857,16.912214747707527,2706.107373853763,2646.483779624328,2648.4710091422885,0.002102732777051808,0.2025683194262952,0.19494236929424316,23.66457564037979,23.761994126530116,0.0,0.0,0.0,0.0,False,none,0.0,0.0,nominal,0.5815224824867908,0.0,3,solar_array_degradation,3.3397003210745564,0.5815224824867908,gradual,0.6121229570578814,1.3694214437816776,1408617735,solar_array_degradation
5280.0,88.0,1.4666666666666666,0,0.0,341.86526713848394,341.86526713848394,82.86421627145369,82.92223203378421,29.31456865085815,29.23147454067991,11.66195795715644,11.603178256626371,23.57283048174238,23.814714080706537,24.998148261226376,24.964363631252787,11.880101071558753,17.093263356924197,2796.6316784620985,2721.557729043213,2715.8365653672395,0.0025197096664136814,0.21299274166034204,0.21197293484122934,23.653684389614575,23.666953820159357,0.0,0.0,0.0,0.0,False,none,0.0,0.0,nominal,0.5815224824867908,0.0,3,solar_array_degradation,3.3397003210745564,0.5815224824867908,gradual,0.6121229570578814,1.3694214437816776,1408617735,solar_array_degradation
5340.0,89.0,1.4833333333333334,0,0.0,345.8417661836448,345.8417661836448,82.34957078606136,82.23619504062631,29.293982831442456,29.361679518780512,11.80589775632825,11.861013689299735,23.585894624674026,23.66273763910627,24.99674725175493,24.90072666418126,12.150337746630113,17.29208830918224,2896.0441545911194,2808.800941817166,2810.8111562447602,0.002854023687244032,0.22135059218110079,0.22799055027856466,23.64298016069164,23.634590530846822,0.0,0.0,0.0,0.0,False,none,0.0,0.0,nominal,0.5815224824867908,0.0,3,solar_array_degradation,3.3397003210745564,0.5815224824867908,gradual,0.6121229570578814,1.3694214437816776,1408617735,solar_array_degradation
5400.0,90.0,1.5,1,600.0,350.0,-250.0,82.72159459558517,82.79021785337278,29.308863783823405,29.284603546655845,-8.529842775344427,-8.57022445285777,23.599114781665207,23.686855038023108,25.01177327374089,25.02517117079343,6.820657421767642,17.5,2999.9999999999995,2904.400470908583,2905.820366320845,0.003091063712615916,0.22727659281539792,0.24087825839930832,23.632464619262734,23.70210520522685,0.0,0.0,0.0,0.0,False,none,0.0,0.0,nominal,0.5815224824867908,0.0,3,solar_array_degradation,3.3397003210745564,0.5815224824867908,gradual,0.6121229570578814,1.3694214437816776,1408617735,solar_array_degradation
5460.0,91.0,1.5166666666666666,1,601.2556165273943,354.1582338163552,-247.09738271103907,83.08929903414327,82.78255741217069,29.32357196136573,29.400975985889694,-8.426578557230128,-8.36328882077994,23.611788686623527,23.546775875768923,25.027094910932597,25.003636839079096,6.680578094493646,17.707911690817763,3103.9558454088797,3004.1781581587315,3011.222728777599,0.0032204699559763308,0.23051174889940826,0.24108208719263477,23.622134615934012,23.640375214802372,0.0,0.0,0.0,0.0,False,none,0.0,0.0,nominal,0.5815224824867908,0.0,3,solar_array_degradation,3.3397003210745564,0.5815224824867908,gradual,0.6121229570578814,1.3694214437816776,1408617735,solar_array_degradation
5520.0,92.0,1.5333333333333334,1,602.5051158172811,358.13473286151606,-244.37038295576502,83.45294543735125,83.64134771922483,29.33811781749405,29.287091548767506,-8.32944991481523,-8.284075034072165,23.623952550739364,23.359345169294027,25.042691624931287,24.81810402040823,6.550378870673236,17.906736643075803,3203.368321537901,3103.7732398483167,3098.928787777277,0.0032365867435303836,0.2309146685882596,0.23000272854075776,23.611982284433054,23.51304666663243,0.0,0.0,0.0,0.0,False,none,0.0,0.0,nominal,0.5815224824867908,0.0,3,solar_array_degradation,3.3397003210745564,0.5815224824867908,gradual,0.6121229570578814,1.3694214437816776,1408617735,solar_array_degradation
5580.0,93.0,1.55,1,603.7424104347197,361.7557050458494,-241.98670538887023,83.81304470132278,83.55818154549074,29.35252178805291,29.32679194755755,-8.244153846003238,-8.214935254359414,23.63566645480468,23.49948929232874,25.05852566243642,25.078152621329426,6.437285810925598,18.087785252292473,3293.892626146236,3198.8329329972757,3197.5686824322074,0.0031387096943250046,0.22846774235812511,0.22547793748614717,23.60199535978532,23.57519365501861,0.0,0.0,0.0,0.0,False,none,0.0,0.0,nominal,0.5815224824867908,0.0,3,solar_array_degradation,3.3397003210745564,0.5815224824867908,gradual,0.6121229570578814,1.3694214437816776,1408617735,solar_array_degradation
5640.0,94.0,1.5666666666666667,1,604.961472404706,364.8628965095479,-240.0985758951581,84.1703342487858,84.3805957869591,29.366813369951434,29.340821797998228,-8.175847098917126,-8.207801236429217,23.64701098295182,23.750173674616494,25.07454374678788,25.072691136348208,6.3475580627897275,18.243144825477398,3371.572412738697,3285.202672867987,3300.7238360922306,0.002931116505076744,0.2232779126269186,0.2240515156756147,23.59215770252091,23.578753302382587,0.0,0.0,0.0,0.0,False,none,0.0,0.0,nominal,0.5815224824867908,0.0,3,solar_array_degradation,3.3397003210745564,0.5815224824867908,gradual,0.6121229570578814,1.3694214437816776,1408617735,solar_array_degradation
5700.0,95.0,1.5833333333333333,1,606.1563625798619,367.32050807568874,-238.8358545041732,84.52574474655987,84.44803181947212,29.381029789862396,29.399858722950245,-8.128913663420365,-8.14934596911656,23.65808338034673,23.90704443410065,25.09067944762115,25.052628950618388,6.286338987787384,18.366025403784437,3433.012701892219,3359.107687380103,3355.3652764213653,0.0026228799942982993,0.21557199985745748,0.21589834749589354,23.582450003578042,23.520505379431626,0.0,0.0,0.0,0.0,False,none,0.0,0.0,nominal,0.5815224824867908,0.0,3,solar_array_degradation,3.3397003210745564,0.5815224824867908,gradual,0.6121229570578814,1.3694214437816776,1408617735,solar_array_degradation
5760.0,96.0,1.6,1,607.3212595753644,369.0211303259031,-238.3001292494613,84.88035803413348,84.99038880396724,29.395214321365337,29.37040411668133,-8.106766177794373,-8.14671736211652,23.668993455494366,23.647973887931528,25.10685612507277,24.986704543427507,6.257572628914463,18.451056516295154,3475.5282581475767,3417.31797276384,3417.5602693756314,0.0022274715765936287,0.2056867894148407,0.21773632987617825,23.572850634741116,23.661600561077062,0.0,0.0,0.0,0.0,False,none,0.0,0.0,nominal,0.5815224824867908,0.0,3,solar_array_degradation,3.3397003210745564,0.5815224824867908,gradual,0.6121229570578814,1.3694214437816776,1408617735,solar_array_degradation
5820.0,97.0,1.6166666666666667,1,608.450488130146,369.8904379073655,-238.56005022278055,85.23535810886975,85.0421650848091,29.409414324354792,29.385703728266357,-8.111689936824822,-8.124070906177366,23.67985936506305,23.66214504811524,25.122990319862925,25.223344848395943,6.263961090494807,18.494521895368276,3497.260947684136,3457.2894602239876,3450.2009012075605,0.001762172497196499,0.19405431242991247,0.19293461631265174,23.56333660191221,23.516786164215237,0.0,0.0,0.0,0.0,False,none,0.0,0.0,nominal,0.5815224824867908,0.0,3,solar_array_degradation,3.3397003210745564,0.5815224824867908,gradual,0.6121229570578814,1.3694214437816776,1408617735,solar_array_degradation
5880.0,98.0,1.6333333333333333,1,609.5385467561977,369.8904379073655,-239.64810884883218,85.59197731846623,85.65267667425034,29.42367909273865,29.425391938057814,-8.1447363565073,-8.217182903257445,23.690803336957206,23.7196798365591,25.138995441094757,25.194208235488713,6.306938425360945,18.494521895368276,3497.2609476841367,3477.2752039540624,3469.1259118387816,0.0012473185586292885,0.18118296396573222,0.17726098457179212,23.55388455379844,23.530031708331318,0.0,0.0,0.0,0.0,False,none,0.0,0.0,nominal,0.5815224824867908,0.0,3,solar_array_degradation,3.3397003210745564,0.5815224824867908,gradual,0.6121229570578814,1.3694214437816776,1408617735,solar_array_degradation
5940.0,99.0,1.65,1,610.5801345412646,369.0211303259031,-241.55900421536148,85.95144012235814,85.78785106660753,29.438057604894325,29.409449215331446,-8.205670613783983,-8.186464985197862,23.70194732499464,23.63531113949804,25.15478559059859,25.307681537958803,6.386642417753441,18.451056516295154,3475.5282581475763,3476.4017310508193,3480.1806978108093,0.0007054113485506565,0.1676352837137664,0.1575359485940911,23.544471796948457,23.551615979970045,0.0,0.0,0.0,0.0,False,none,0.0,0.0,nominal,0.5815224824867908,0.0,3,solar_array_degradation,3.3397003210745564,0.5815224824867908,gradual,0.6121229570578814,1.3694214437816776,1408617735,solar_array_degradation
6000.0,100.0,1.6666666666666667,1,611.5701769743577,367.3205080756888,-244.24966889866886,86.3149068915526,86.27016827789969,29.452596275662103,29.410258019481773,-8.29297582503796,-8.30662477687829,23.713408560520584,23.851641175425375,25.17027935668137,25.405966412202318,6.5018758427731225,18.36602540378444,3433.0127018922194,3454.7072164715196,3455.000926815264,0.00016013481240036284,0.15400337031000907,0.1535925455247132,23.53507726942784,23.481557701493998,0.0,0.0,0.0,0.0,False,none,0.0,0.0,nominal,0.5815224824867908,0.0,3,solar_array_degradation,3.3397003210745564,0.5815224824867908,gradual,0.6121229570578814,1.3694214437816776,1408617735,solar_array_degradation
6060.0,101.0,1.6833333333333333,1,612.503850668262,364.86289650954785,-247.64095415871412,86.68342021619354,86.43085072454925,29.46733680864774,29.49911879997842,-8.403913654186736,-8.34169592936178,23.725294979746,23.851357652588103,25.185403411478873,25.305431197073972,6.650061176562101,18.243144825477394,3371.5724127386966,3413.1398146051083,3413.4063530004773,-0.00036467984866473584,0.1591169962166184,0.15716124598423178,23.52573166122319,23.452133333328824,0.0,0.0,0.0,0.0,False,none,0.0,0.0,nominal,0.5815224824867908,0.0,3,solar_array_degradation,3.3397003210745564,0.5815224824867908,gradual,0.6121229570578814,1.3694214437816776,1408617735,solar_array_degradation
6120.0,102.0,1.7,1,613.376606858593,361.7557050458495,-251.62090181274357,87.0578560819863,86.78238815546521,29.482314243279454,29.483281495931923,-8.534638757881803,-8.502370169655675,23.737700558861533,23.558920147015254,25.200095754691628,25.33469808277305,6.827204698203059,18.087785252292473,3293.892626146237,3353.516220375672,3351.1439362405413,-0.0008460957156158976,0.17115239289039744,0.16906987621745725,23.51643510681683,23.407933790590214,0.0,0.0,0.0,0.0,False,none,0.0,0.0,nominal,0.5815224824867908,0.0,3,solar_array_degradation,3.3397003210745564,0.5815224824867908,gradual,0.6121229570578814,1.3694214437816776,1408617735,solar_array_degradation
6180.0,103.0,1.7166666666666666,1,614.184193564921,358.134732861516,-256.049460703405,87.4388820651759,87.0845234118254,29.497555282607035,29.516312612951523,-8.680362092731874,-8.666912366428107,23.75070067179128,23.816536219983558,25.214308461940245,25.16840341248299,7.027894884874919,17.9067366430758,3203.3683215379,3278.4422709567857,3274.9106550059055,-0.001263072604977778,0.18157681512444446,0.17530030897729998,23.507167066170187,23.37604908318367,0.0,0.0,0.0,0.0,False,none,0.0,0.0,nominal,0.5815224824867908,0.0,3,solar_array_degradation,3.3397003210745564,0.5815224824867908,gradual,0.6121229570578814,1.3694214437816776,1408617735,solar_array_degradation
6240.0,104.0,1.7333333333333334,1,614.9226763059908,354.1582338163552,-260.76444248963554,87.82692439030927,87.64880776108943,29.51307697561237,29.540532459966755,-8.835555936953433,-8.708060380758843,23.764347680751207,23.747905772838607,25.228009817626358,25.50342733278004,7.245363897202646,17.707911690817763,3103.9558454088806,3191.199058182833,3190.878168853741,-0.0015973866258081003,0.1899346656452025,0.17612397091402918,23.497908946418978,23.542050084156287,0.0,0.0,0.0,0.0,False,none,0.0,0.0,nominal,0.5815224824867908,0.0,3,solar_array_degradation,3.3397003210745564,0.5815224824867908,gradual,0.6121229570578814,1.3694214437816776,1408617735,solar_array_degradation
6300.0,105.0,1.75,1,615.5884572681198,350.0,-265.5884572681198,88.22214530886303,88.3514109890038,29.52888581235452,29.54735295755487,-8.994191618195119,-9.0487738440534,23.778667056763982,23.70539487075979,25.241185739085346,25.209734571223933,7.471638629184906,17.5,3000.0000000000005,3095.599529091417,3087.9597521037686,-0.0018344266511799855,0.19586066627949963,0.17552584102151397,23.48864485871562,23.42992040663403,0.0,0.0,0.0,0.0,False,none,0.0,0.0,nominal,0.5815224824867908,0.0,3,solar_array_degradation,3.3397003210745564,0.5815224824867908,gradual,0.6121229570578814,1.3694214437816776,1408617735,solar_array_degradation
6360.0,106.0,1.7666666666666666,1,616.178292833385,345.8417661836449,-270.33652664974005,88.62443180685372,88.81668391998659,29.54497727227415,29.532263078745505,-9.149999479046192,-9.227249994933075,23.793654385214477,23.884863532910014,25.253840429791026,25.267805863747263,7.697799237323648,17.292088309182244,2896.0441545911217,2995.82184184127,2992.001721308822,-0.0019638328945403845,0.1990958223635096,0.20526094776857667,23.479362264188413,23.51588017226016,0.0,0.0,0.0,0.0,False,none,0.0,0.0,nominal,0.5815224824867908,0.0,3,solar_array_degradation,3.3397003210745564,0.5815224824867908,gradual,0.6121229570578814,1.3694214437816776,1408617735,solar_array_degradation
6420.0,107.0,1.7833333333333334,1,616.6893093822022,341.86526713848406,-274.8240422437181,89.03339615543068,88.63889689884132,29.561335846217226,29.522736970854666,-9.296739622099507,-9.297283820430126,23.80927362359682,23.85119129714397,25.265996233066545,25.36361925919794,7.9143494080891905,17.093263356924204,2796.631678462101,2896.226760151685,2892.4221782053814,-0.0019799496820944516,0.1994987420523613,0.20777511688312492,23.47005248504146,23.495511217470412,0.0,0.0,0.0,0.0,False,none,0.0,0.0,nominal,0.5815224824867908,0.0,3,solar_array_degradation,3.3397003210745564,0.5815224824867908,gradual,0.6121229570578814,1.3694214437816776,1408617735,solar_array_degradation
6480.0,108.0,1.8,1,617.1190172933127,338.24429495415063,-278.8747223391621,89.44838830176872,89.36209944792255,29.57793553207075,29.57174090954962,-9.428471504942728,-9.494497019555228,23.82545693516711,23.844458779580698,25.27769269269743,25.454953113922056,8.111685993561359,16.912214747707534,2706.1073738537652,2801.167067002725,2800.4934728629078,-0.0018820726328890943,0.19705181582222736,0.20235868653380323,23.460711060747016,23.597840366110773,0.0,0.0,0.0,0.0,False,none,0.0,0.0,nominal,0.5815224824867908,0.0,3,solar_array_degradation,3.3397003210745564,0.5815224824867908,gradual,0.6121229570578814,1.3694214437816776,1408617735,solar_array_degradation
6540.0,109.0,1.8166666666666667,1,617.465323072968,335.1371034904521,-282.3282195825159,89.86851958090936,89.80472758732662,29.594740783236375,29.625563292215293,-9.539810524119803,-9.559621078392478,23.842106322845737,23.548322085967232,25.288984861504893,25.177764919875443,8.280638786888556,16.756855174522606,2628.427587261303,2714.7973271320143,2719.505487131667,-0.0016744794436408268,0.19186198609102068,0.1975570642325328,23.451337933689757,23.40253786593137,0.0,0.0,0.0,0.0,False,none,0.0,0.0,nominal,0.5815224824867908,0.0,3,solar_array_degradation,3.3397003210745564,0.5815224824867908,gradual,0.6121229570578814,1.3694214437816776,1408617735,solar_array_degradation
6600.0,110.0,1.8333333333333333,1,617.7265395542198,332.6794919243112,-285.0470476299086,90.29269673512054,90.03937522515885,29.61170786940482,29.63846354133261,-9.626160331144652,-9.578001428778844,23.859097141634237,23.897340869211856,25.299940931805285,25.349733802171034,8.413037017672233,16.633974596215563,2566.98729810778,2640.8923126198974,2646.0805271003505,-0.0013662429328624107,0.18415607332156025,0.18238376498348963,23.441937453726375,23.469304837553985,0.0,0.0,0.0,0.0,False,none,0.0,0.0,nominal,0.5815224824867908,0.0,3,solar_array_degradation,3.3397003210745564,0.5815224824867908,gradual,0.6121229570578814,1.3694214437816776,1408617735,solar_array_degradation
6660.0,111.0,1.85,1,617.9013941166289,330.9788696740969,-286.922524442532,90.71966477744574,90.89305667677262,29.62878659109783,29.644421512854347,-9.683910731894091,-9.574577581519849,23.876283392667975,23.73031265478179,25.310639291318253,25.044026861620093,8.502250165063485,16.548943483704846,2524.4717418524233,2582.6820272361606,2568.939435126981,-0.0009708345151577116,0.17427086287894278,0.19048426260547924,23.432518197106866,23.365887970869053,0.0,0.0,0.0,0.0,False,none,0.0,0.0,nominal,0.5815224824867908,0.0,3,solar_array_degradation,3.3397003210745564,0.5815224824867908,gradual,0.6121229570578814,1.3694214437816776,1408617735,solar_array_degradation
6720.0,112.0,1.8666666666666667,1,617.9890348863438,330.1095620926345,-287.8794727937093,91.14805685005543,90.86822380522206,29.645922274002217,29.54737208191129,-9.710592577724025,-9.757568535097143,23.893504521168115,23.87691778725951,25.32116513319697,25.349287148421965,8.543648656843914,16.505478104631727,2502.7390523158633,2542.710539776012,2527.8752638168435,-0.0005055354357605888,0.16263838589401472,0.155272764392508,23.423092602138773,23.34435874133892,0.0,0.0,0.0,0.0,False,none,0.0,0.0,nominal,0.5815224824867908,0.0,3,solar_array_degradation,3.3397003210745564,0.5815224824867908,gradual,0.6121229570578814,1.3694214437816776,1408617735,solar_array_degradation
6780.0,113.0,1.8833333333333333,1,617.9890348863438,330.1095620926345,-287.8794727937093,91.57644892266512,91.75629042934217,29.663057956906606,29.614113721525726,-9.704982986310108,-9.679828243912924,23.91059327931166,23.817030705557297,25.33160676834066,25.556743002923703,8.534935581165493,16.505478104631727,2502.7390523158633,2522.724796045938,2524.9257565962644,9.318502806628603e-06,0.15023296257016572,0.14429400571325096,23.41367768976054,23.50406472352117,0.0,0.0,0.0,0.0,False,none,0.0,0.0,nominal,0.5815224824867908,0.0,3,solar_array_degradation,3.3397003210745564,0.5815224824867908,gradual,0.6121229570578814,1.3694214437816776,1408617735,solar_array_degradation
6840.0,114.0,1.9,1,617.9013941166289,330.9788696740969,-286.922524442532,92.00341696499031,91.84687691208042,29.680136678599613,29.717095264734755,-9.667156440334484,-9.641712527957571,23.92738409660696,23.924846246864696,25.342051801161343,25.165383651196784,8.47631309135204,16.548943483704846,2524.4717418524233,2523.5982689491807,2514.1017410368354,0.0005512257128852607,0.1637806428221315,0.16500239175002612,23.404363745578905,23.58258089873429,0.0,0.0,0.0,0.0,False,none,0.0,0.0,nominal,0.5815224824867908,0.0,3,solar_array_degradation,3.3397003210745564,0.5815224824867908,gradual,0.6121229570578814,1.3694214437816776,1408617735,solar_array_degradation
6900.0,115.0,1.9166666666666667,1,617.7265395542198,332.6794919243112,-285.0470476299086,92.4275941192015,92.30607797136872,29.69710376476806,29.650531575707525,-9.598479699831257,-9.615451833233035,23.94372134204014,23.90465623841545,25.352583335944484,25.508193825526867,8.370465003845819,16.633974596215563,2566.9872981077797,2545.2927835284804,2544.4193152020794,0.0010965022490355475,0.1774125562258887,0.18155093314182488,23.395170884340285,23.30420738116052,0.0,0.0,0.0,0.0,False,none,0.0,0.0,nominal,0.5815224824867908,0.0,3,solar_array_degradation,3.3397003210745564,0.5815224824867908,gradual,0.6121229570578814,1.3694214437816776,1408617735,solar_array_degradation
6960.0,116.0,1.9333333333333333,1,617.465323072968,335.1371034904521,-282.3282195825159,92.84772539834213,92.43942961927213,29.713909015933687,29.7518827977554,-9.501550921190516,-9.574424256752392,23.959466872630024,24.182956311104338,25.363276379605974,25.297562726961132,8.222357592638108,16.756855174522606,2628.427587261302,2586.860185394891,2577.1148879603134,0.0016213169101006388,0.19053292275251596,0.18775688010018565,23.38611690452156,23.530389343647418,0.0,0.0,0.0,0.0,False,none,0.0,0.0,nominal,0.5815224824867908,0.0,3,solar_array_degradation,3.3397003210745564,0.5815224824867908,gradual,0.6121229570578814,1.3694214437816776,1408617735,solar_array_degradation
7020.0,117.0,1.95,1,617.1190172933127,338.24429495415046,-278.87472233916225,93.26271754468019,93.94733564110003,29.73050870178721,29.71880420137495,-9.380085794576333,-9.404433496178633,23.974506340597873,24.052383983464782,25.37419459806454,25.256593121941748,8.038880761089018,16.912214747707523,2706.1073738537616,2646.4837796243264,2646.724389175627,0.0021027327770518074,0.20256831942629516,0.2126462787976485,23.37721646865475,23.354077282526276,0.0,0.0,0.0,0.0,False,none,0.0,0.0,nominal,0.5815224824867908,0.0,3,solar_array_degradation,3.3397003210745564,0.5815224824867908,gradual,0.6121229570578814,1.3694214437816776,1408617735,solar_array_degradation
7080.0,118.0,1.9666666666666666,1,616.6893093822022,341.865267138484,-274.82404224371817,93.67168189325714,93.57334808019505,29.746867275730285,29.73387179113954,-9.238755788847055,-9.176005666058971,23.988753864827874,24.01618338088553,25.385387567993874,25.265194600132276,7.8283686820763965,17.0932633569242,2796.6316784621,2721.557729043213,2725.041521354505,0.00251970966641371,0.21299274166034274,0.20627822282251979,23.36848041167747,23.27818357890833,0.0,0.0,0.0,0.0,False,none,0.0,0.0,nominal,0.5815224824867908,0.0,3,solar_array_degradation,3.3397003210745564,0.5815224824867908,gradual,0.6121229570578814,1.3694214437816776,1408617735,solar_array_degradation
7140.0,119.0,1.9833333333333334,1,616.178292833385,345.84176618364484,-270.3365266497401,94.07396839124782,94.27238559569649,29.762958735649914,29.817690667678942,-9.08298563495747,-9.039691499887693,24.002154842450864,24.100420992431545,25.396888644068287,25.20378963177062,7.600050243587502,17.292088309182244,2896.044154591121,2808.8009418171673,2802.139136017304,0.002854023687244053,0.2213505921811013,0.21901976179203192,23.359915212589062,23.352098992373833,0.0,0.0,0.0,0.0,False,none,0.0,0.0,nominal,0.5815224824867908,0.0,3,solar_array_degradation,3.3397003210745564,0.5815224824867908,gradual,0.6121229570578814,1.3694214437816776,1408617735,solar_array_degradation
7200.0,120.0,2.0,1,615.58845726812,350.0,-265.58845726812,94.46918930980158,94.60742762504985,29.778767572392063,29.779983283042505,-8.918718903409134,-8.966570982892629,24.0146868592303,23.75439198578736,25.40871353491574,25.438722466092447,7.363483750242194,17.5,2999.9999999999995,2904.4004709085834,2907.1707347083425,0.0030910637126159027,0.22727659281539755,0.21891409440671195,23.351522658270927,23.32568888738721,0.0,0.0,0.0,0.0,False,none,0.0,0.0,nominal,0.5815224824867908,0.0,3,solar_array_degradation,3.3397003210745564,0.5815224824867908,gradual,0.6121229570578814,1.3694214437816776,1408617735,solar_array_degradation
7260.0,121.0,2.0166666666666666,1,614.9226763059908,354.15823381635516,-260.7644424896356,94.85723163493495,95.09889936165744,29.7942892653974,29.819020765188643,-8.752161871251051,-8.825929796192304,24.026358828053738,23.941230992914118,25.420859650018052,25.34387005980776,7.128026993646456,17.70791169081776,3103.9558454088797,3004.178158158732,3009.74216033386,0.003220469955976323,0.23051174889940806,0.2333552904374192,23.343299719649647,23.383077237584214,0.0,0.0,0.0,0.0,False,none,0.0,0.0,nominal,0.5815224824867908,0.0,3,solar_array_degradation,3.3397003210745564,0.5815224824867908,gradual,0.6121229570578814,1.3694214437816776,1408617735,solar_array_degradation
7320.0,122.0,2.033333333333333,1,614.184193564921,358.13473286151594,-256.04946070340503,95.23825761812455,94.9718694671333,29.80953030472498,29.792365102135385,-8.589516778223766,-8.53759318727944,24.037208621347652,23.783598121756683,25.43330624610406,25.3342655869821,6.902383878671007,17.9067366430758,3203.368321537899,3103.7732398483154,3103.212532340489,0.0032365867435303554,0.23091466858825888,0.23349569048592939,23.33523864987082,23.218175242239216,0.0,0.0,0.0,0.0,False,none,0.0,0.0,nominal,0.5815224824867908,0.0,3,solar_array_degradation,3.3397003210745564,0.5815224824867908,gradual,0.6121229570578814,1.3694214437816776,1408617735,solar_array_degradation
7380.0,123.0,2.05,1,613.376606858593,361.7557050458494,-251.62090181274363,95.61269348391733,96.05463241486072,29.824507739356694,29.82466876953366,-8.436716005900823,-8.372412246413198,24.047299550143357,24.303197949306195,25.446015366639813,25.469491840475932,6.694254157137851,18.087785252292473,3293.892626146236,3198.8329329972757,3192.884483196147,0.0031387096943250184,0.22846774235812545,0.21802785725421966,23.327327302482303,23.34452082732008,0.0,0.0,0.0,0.0,False,none,0.0,0.0,nominal,0.5815224824867908,0.0,3,solar_array_degradation,3.3397003210745564,0.5815224824867908,gradual,0.6121229570578814,1.3694214437816776,1408617735,solar_array_degradation
7440.0,124.0,2.066666666666667,1,612.503850668262,364.86289650954785,-247.64095415871412,95.98120680855826,96.05586576152137,29.83924827234233,29.86589740360254,-8.299168661974965,-8.296541912330696,24.056716072970474,24.07679884638739,25.458933533357648,25.307083533908852,6.510096038392588,18.243144825477394,3371.572412738696,3285.202672867986,3280.313591816008,0.0029311165050767227,0.22327791262691807,0.21904988805870432,23.319549655647666,23.362001766023948,0.0,0.0,0.0,0.0,False,none,0.0,0.0,nominal,0.5815224824867908,0.0,3,solar_array_degradation,3.3397003210745564,0.5815224824867908,gradual,0.6121229570578814,1.3694214437816776,1408617735,solar_array_degradation
7500.0,125.0,2.0833333333333335,1,611.5701769743577,367.3205080756888,-244.24966889866886,96.3446735777527,96.19479936518832,29.85378694311011,29.829740234072204,-8.181530516182596,-8.19580434645681,24.065559094289245,24.15716106696031,25.471994115898354,25.697858268248858,6.354995326978164,18.36602540378444,3433.0127018922194,3359.107687380103,3345.178546064398,0.0026228799942983206,0.215571999857458,0.22478551011529962,23.311886517056347,23.09081241726193,0.0,0.0,0.0,0.0,False,none,0.0,0.0,nominal,0.5815224824867908,0.0,3,solar_array_degradation,3.3397003210745564,0.5815224824867908,gradual,0.6121229570578814,1.3694214437816776,1408617735,solar_array_degradation
7560.0,126.0,2.1,1,610.5801345412646,369.0211303259031,-241.55900421536148,96.70413638164462,96.70351004846877,29.868165455265785,29.846257049966106,-8.087507234990705,-8.08195364519076,24.07394114593045,23.96520737568475,25.48512027600376,25.37124868527268,6.232621862082159,18.451056516295154,3475.5282581475767,3417.31797276384,3413.0454378887766,0.0022274715765936287,0.2056867894148407,0.2039688975292071,23.304316374368334,23.33434437212833,0.0,0.0,0.0,0.0,False,none,0.0,0.0,nominal,0.5815224824867908,0.0,3,solar_array_degradation,3.3397003210745564,0.5815224824867908,gradual,0.6121229570578814,1.3694214437816776,1408617735,solar_array_degradation
7620.0,127.0,2.1166666666666667,1,609.5385467561977,369.8904379073655,-239.64810884883218,97.0607555912411,96.86859518285607,29.882430223649642,29.82149022457013,-8.019699437268967,-8.05219763477727,24.08198165347197,23.96142092012493,25.498228357586466,25.582356911167615,6.145246325130574,18.494521895368276,3497.2609476841367,3457.2894602239876,3455.1081528741583,0.001762172497196506,0.19405431242991264,0.18251842857767636,23.29681634849222,23.11512391198418,0.0,0.0,0.0,0.0,False,none,0.0,0.0,nominal,0.5815224824867908,0.0,3,solar_array_degradation,3.3397003210745564,0.5815224824867908,gradual,0.6121229570578814,1.3694214437816776,1408617735,solar_array_degradation
7680.0,128.0,2.1333333333333333,1,608.450488130146,369.8904379073655,-238.56005022278055,97.41575566597737,97.62351713404433,29.896630226639097,29.890134594931453,-7.979496298222064,-7.9443299416988085,24.089802393197363,24.083801681925937,25.51123157451651,25.813732393619244,6.09378889386717,18.494521895368276,3497.2609476841367,3477.2752039540624,3477.2553649003426,0.0012473185586292885,0.18118296396573222,0.18360395802533805,23.289363202279105,23.324963031805463,0.0,0.0,0.0,0.0,False,none,0.0,0.0,nominal,0.5815224824867908,0.0,3,solar_array_degradation,3.3397003210745564,0.5815224824867908,gradual,0.6121229570578814,1.3694214437816776,1408617735,solar_array_degradation
7740.0,129.0,2.15,1,607.3212595753644,369.0211303259031,-238.3001292494613,97.77036895355099,97.8288040375713,29.91081475814204,29.89554235793152,-7.967022335444523,-7.982266961489182,24.097523164143105,23.98261796999939,25.52404383495297,25.458624934678916,6.077875591477752,18.451056516295154,3475.5282581475767,3476.4017310508193,3469.6672895854967,0.0007054113485506565,0.1676352837137664,0.17329042620347787,23.281934355565518,23.225457975824263,0.0,0.0,0.0,0.0,False,none,0.0,0.0,nominal,0.5815224824867908,0.0,3,solar_array_degradation,3.3397003210745564,0.5815224824867908,gradual,0.6121229570578814,1.3694214437816776,1408617735,solar_array_degradation
7800.0,130.0,2.1666666666666665,1,606.156362579862,367.3205080756888,-238.83585450417326,98.12577945132504,98.03792018267956,29.925031178053,29.89008724068683,-7.981139704854688,-8.085292437165961,24.105257649421823,24.04102540437248,25.536583535080915,25.419976842215306,6.095887279072638,18.36602540378444,3433.0127018922194,3454.7072164715196,3455.451343509183,0.00016013481240036284,0.15400337031000907,0.14664109638690684,23.274508858855274,23.060953569345088,0.0,0.0,0.0,0.0,False,none,0.0,0.0,nominal,0.5815224824867908,0.0,3,solar_array_degradation,3.3397003210745564,0.5815224824867908,gradual,0.6121229570578814,1.3694214437816776,1408617735,solar_array_degradation
7860.0,131.0,2.183333333333333,1,604.961472404706,364.8628965095479,-240.0985758951581,98.4830689987881,98.31208002614687,29.939322759951523,29.964344011843796,-8.019505912683071,-7.974827896503125,24.11310943021424,24.06454700113007,25.548777156451223,25.651537399396425,6.144998006684699,18.243144825477398,3371.572412738698,3413.1398146051088,3400.936003113968,-0.0003646798486647144,0.15911699621661785,0.1577454736169861,23.267117513729918,23.15601775505801,0.0,0.0,0.0,0.0,False,none,0.0,0.0,nominal,0.5815224824867908,0.0,3,solar_array_degradation,3.3397003210745564,0.5815224824867908,gradual,0.6121229570578814,1.3694214437816776,1408617735,solar_array_degradation
7920.0,132.0,2.2,1,603.7424104347197,361.7557050458495,-241.98670538887018,98.84316826275963,98.86162056501989,29.953726730510386,29.833723833074835,-8.07868441766835,-8.069606241563205,24.121168144811698,24.109792799440015,25.560562509704198,25.60299003264613,6.221211353622193,18.087785252292473,3293.892626146237,3353.516220375673,3349.9795212199474,-0.0008460957156159047,0.1711523928903976,0.16801629822930603,23.259760565429755,23.262864218273908,0.0,0.0,0.0,0.0,False,none,0.0,0.0,nominal,0.5815224824867908,0.0,3,solar_array_degradation,3.3397003210745564,0.5815224824867908,gradual,0.6121229570578814,1.3694214437816776,1408617735,solar_array_degradation
7980.0,133.0,2.216666666666667,1,602.5051158172811,358.13473286151606,-244.37038295576502,99.20681466596761,99.44103124457486,29.968272586638705,29.953913954341136,-8.15430326353602,-8.233399475439075,24.129505845733153,24.129963437294645,25.571891482912715,25.59529028690539,6.319412937097135,17.906736643075803,3203.3683215379015,3278.442270956787,3282.285930068102,-0.0012630726049777641,0.1815768151244441,0.17563207450133775,23.252417583843517,23.16962504362503,0.0,0.0,0.0,0.0,False,none,0.0,0.0,nominal,0.5815224824867908,0.0,3,solar_array_degradation,3.3397003210745564,0.5815224824867908,gradual,0.6121229570578814,1.3694214437816776,1408617735,solar_array_degradation
8040.0,134.0,2.2333333333333334,1,601.2556165273943,354.15823381635516,-247.09738271103913,99.5745191045257,99.42067396234366,29.98298076418103,30.03768470414584,-8.24125475230376,-8.225621055403773,24.13817368529672,24.369857255241598,25.582732174431047,25.71736734641639,6.433462391389545,17.70791169081776,3103.955845408879,3191.199058182833,3194.2185904054427,-0.001597386625808136,0.1899346656452034,0.18004450301129496,23.245070085209758,23.10951415288867,0.0,0.0,0.0,0.0,False,none,0.0,0.0,nominal,0.5815224824867908,0.0,3,solar_array_degradation,3.3397003210745564,0.5815224824867908,gradual,0.6121229570578814,1.3694214437816776,1408617735,solar_array_degradation
8100.0,135.0,2.25,1,600.0,350.0,-250.0,99.94654291404952,99.90059907867776,29.99786171656198,29.968611596029266,-8.333927343293727,-8.378323851185385,24.147199135175153,24.071137734823356,25.5930703170356,25.747567415331645,6.556347597063907,17.5,3000.0000000000005,3095.599529091417,3098.418869486923,-0.0018344266511799855,0.19586066627949963,0.19353188379157835,23.23770228896547,23.23019306283622,0.0,0.0,0.0,0.0,False,none,0.0,0.0,nominal,0.5815224824867908,0.0,3,solar_array_degradation,3.3397003210745564,0.5815224824867908,gradual,0.6121229570578814,1.3694214437816776,1408617735,solar_array_degradation
8160.0,136.0,2.2666666666666666,1,598.7443834726057,345.84176618364484,-252.90261728896087,100.0,99.59101104707639,30.0,30.0424596353523,-8.430087242965362,-8.475310495684624,24.156600305943837,24.28435626794298,25.60290993111768,25.74633963392724,6.685309673920586,17.292088309182244,2896.0441545911203,2995.8218418412685,2990.6427289365265,-0.0019638328945404057,0.19909582236351014,0.19633510314587224,23.230301763711388,23.187967527579804,0.0,0.0,0.0,0.0,False,none,0.0,0.0,nominal,0.5815224824867908,0.0,3,solar_array_degradation,3.3397003210745564,0.5815224824867908,gradual,0.6121229570578814,1.3694214437816776,1408617735,solar_array_degradation
8220.0,137.0,2.283333333333333,1,597.4948841827188,341.86526713848406,-255.62961704423475,100.0,100.0,30.0,30.05064627342113,-8.520987234807825,-8.533362258243942,24.166355963696375,24.35298111868993,25.612273178382587,25.52790818499912,6.808577876460633,17.093263356924204,2796.631678462101,2896.226760151685,2903.731842698141,-0.001979949682094438,0.19949874205236096,0.2035166003410192,23.222859938318013,23.326854852136375,0.0,0.0,0.0,0.0,False,none,0.0,0.0,nominal,0.5815224824867908,0.0,3,solar_array_degradation,3.3397003210745564,0.5815224824867908,gradual,0.6121229570578814,1.3694214437816776,1408617735,solar_array_degradation
8280.0,138.0,2.3,1,596.2575895652803,338.2442949541506,-258.01329461112977,100.0,100.0,30.0,30.00701541297954,-8.600443153704326,-8.705150813520204,24.17641586056489,24.076776029588398,25.621199422450943,25.58661793937197,6.91740979520797,16.91221474770753,2706.107373853764,2801.1670670027247,2802.2566054916056,-0.0018820726328891081,0.1970518158222277,0.18226644660865132,23.215372458123994,23.273720218981897,0.0,0.0,0.0,0.0,False,none,0.0,0.0,nominal,0.5815224824867908,0.0,3,solar_array_degradation,3.3397003210745564,0.5815224824867908,gradual,0.6121229570578814,1.3694214437816776,1408617735,solar_array_degradation
8340.0,139.0,2.316666666666667,1,595.038527595294,335.1371034904521,-259.9014241048419,100.0,100.0,30.0,29.965163736404293,-8.66338080349473,-8.660711418828381,24.186705143253864,24.013815603053935,25.62974353742038,25.46086671535094,7.00433335570888,16.756855174522606,2628.427587261303,2714.797327132014,2721.3542845782317,-0.0016744794436408194,0.19186198609102048,0.18626259766163988,23.20783937058641,22.9609395269462,0.0,0.0,0.0,0.0,False,none,0.0,0.0,nominal,0.5815224824867908,0.0,3,solar_array_degradation,3.3397003210745564,0.5815224824867908,gradual,0.6121229570578814,1.3694214437816776,1408617735,solar_array_degradation
8400.0,140.0,2.3333333333333335,1,593.843637420138,332.67949192431126,-261.1641454958267,100.0,99.46190353553307,30.0,30.0030366185073,-8.705471516527556,-8.712715531316856,24.197127641547695,24.176492226826127,25.63797353831345,25.494431396152603,7.0628187460058065,16.633974596215563,2566.9872981077815,2640.892312619898,2639.9503006009836,-0.001366242932862382,0.18415607332155953,0.17931069740137598,23.2002651298463,23.164929049946796,0.0,0.0,0.0,0.0,False,none,0.0,0.0,nominal,0.5815224824867908,0.0,3,solar_array_degradation,3.3397003210745564,0.5815224824867908,gradual,0.6121229570578814,1.3694214437816776,1408617735,solar_array_degradation
8460.0,141.0,2.35,1,592.6787404246356,330.9788696740969,-261.6998707505387,100.0,100.0,30.0,29.99179344392148,-8.723329025017957,-8.688333352645772,24.2075706008394,24.281636363050822,25.64596763697435,25.816405598795672,7.08771754229766,16.548943483704846,2524.4717418524233,2582.682027236161,2581.6368653781096,-0.0009708345151577187,0.17427086287894297,0.17154136846196888,23.19265841565589,23.373869878813586,0.0,0.0,0.0,0.0,False,none,0.0,0.0,nominal,0.5815224824867908,0.0,3,solar_array_degradation,3.3397003210745564,0.5815224824867908,gradual,0.6121229570578814,1.3694214437816776,1408617735,solar_array_degradation
8520.0,142.0,2.3666666666666667,1,591.549511869854,330.1095620926345,-261.43994977721945,100.0,99.9639658369177,30.0,29.96082749819803,-8.714664992573981,-8.701542627823084,24.21791061348311,24.322633308485695,25.65381085208782,25.488372263326116,7.075630874623557,16.505478104631727,2502.739052315864,2542.710539776012,2544.7074432001336,-0.0005055354357605887,0.16263838589401472,0.16926319961909922,23.18503176904868,23.0492323853151,0.0,0.0,0.0,0.0,False,none,0.0,0.0,nominal,0.5815224824867908,0.0,3,solar_array_degradation,3.3397003210745564,0.5815224824867908,gradual,0.6121229570578814,1.3694214437816776,1408617735,solar_array_degradation
8580.0,143.0,2.3833333333333333,1,590.4614532438022,330.1095620926345,-260.3518911511677,100.0,100.0,30.0,30.07953559994622,-8.67839637170559,-8.676877199856886,24.22802036675806,24.599627081222273,25.66159132148038,25.660169446514587,7.02516508675462,16.505478104631727,2502.7390523158633,2522.724796045938,2519.886117937858,9.318502806628603e-06,0.15023296257016572,0.13469530338226687,23.177402312918623,23.095497964422133,0.0,0.0,0.0,0.0,False,none,0.0,0.0,nominal,0.5815224824867908,0.0,3,solar_array_degradation,3.3397003210745564,0.5815224824867908,gradual,0.6121229570578814,1.3694214437816776,1408617735,solar_array_degradation
8640.0,144.0,2.4,1,589.4198654587356,330.9788696740969,-258.44099578463863,100.0,99.69571015076532,30.0,30.015315188715746,-8.614699859487954,-8.639745222011062,24.23777572553593,23.844969600066683,25.669396477875946,25.773149242285317,6.937044293524942,16.548943483704846,2524.471741852423,2523.5982689491807,2527.1780172603353,0.0005512257128852536,0.16378064282213134,0.17531386514192557,23.169860434063303,23.13598507314776,0.0,0.0,0.0,0.0,False,none,0.0,0.0,nominal,0.5815224824867908,0.0,3,solar_array_degradation,3.3397003210745564,0.5815224824867908,gradual,0.6121229570578814,1.3694214437816776,1408617735,solar_array_degradation
8700.0,145.0,2.4166666666666665,1,588.4298230256423,332.6794919243112,-255.75033110133114,100.0,100.0,30.0,29.927217904869313,-8.525011036711039,-8.492413982684923,24.247062621362993,24.025048638938287,25.67730925524537,25.837115475980983,6.814065054083602,16.633974596215563,2566.9872981077806,2545.292783528481,2543.984509966378,0.0010965022490355544,0.17741255622588886,0.19521622288246634,23.162426347661047,23.126773620189926,0.0,0.0,0.0,0.0,False,none,0.0,0.0,nominal,0.5815224824867908,0.0,3,solar_array_degradation,3.3397003210745564,0.5815224824867908,gradual,0.6121229570578814,1.3694214437816776,1408617735,solar_array_degradation
8760.0,146.0,2.433333333333333,0,0.0,335.1371034904521,335.1371034904521,99.50128407218682,99.12997196311281,29.980051362887473,29.980227338622026,11.178670090783127,11.147865943170913,24.2522369563011,24.01257974105749,25.669404491552452,25.803531865171774,10.99701319988554,16.756855174522606,2628.427587261302,2586.8601853948917,2592.462550759049,0.0016213169101006316,0.1905329227525158,0.19813993042067501,23.155117951867418,23.31913268591978,0.0,0.0,0.0,0.0,False,none,0.0,0.0,nominal,0.5815224824867908,0.0,3,solar_array_degradation,3.3397003210745564,0.5815224824867908,gradual,0.6121229570578814,1.3694214437816776,1408617735,solar_array_degradation
8820.0,147.0,2.45,0,0.0,338.2442949541505,338.2442949541505,98.99794434755268,99.43130373813412,29.959917773902106,29.957702629973653,11.289893967893095,11.307029997637121,24.25804665611163,24.476053133373952,25.66187368511545,25.57781091602215,11.19693646450151,16.912214747707527,2706.107373853763,2646.483779624327,2650.1710331154904,0.0021027327770518148,0.20256831942629536,0.1968950337187324,23.147950008145514,23.32977044662832,0.0,0.0,0.0,0.0,False,none,0.0,0.0,nominal,0.5815224824867908,0.0,3,solar_array_degradation,3.3397003210745564,0.5815224824867908,gradual,0.6121229570578814,1.3694214437816776,1408617735,solar_array_degradation
8880.0,148.0,2.466666666666667,0,0.0,341.865267138484,341.865267138484,98.48921627145373,98.24401814549446,29.93956865085815,29.94722813861507,11.41851010364123,11.456835656263321,24.264600342304817,23.927839464278296,25.654765222348374,25.68127637148368,11.430589838956548,17.0932633569242,2796.6316784621,2721.557729043213,2726.780994778542,0.0025197096664137026,0.21299274166034254,0.21461757270078713,23.140933449622054,23.256527291249554,0.0,0.0,0.0,0.0,False,none,0.0,0.0,nominal,0.5815224824867908,0.0,3,solar_array_degradation,3.3397003210745564,0.5815224824867908,gradual,0.6121229570578814,1.3694214437816776,1408617735,solar_array_degradation
8940.0,149.0,2.4833333333333334,0,0.0,345.8417661836448,345.8417661836448,97.9745707860614,98.5933514882751,29.918982831442456,29.89051335658106,11.559275531927268,11.532157041973266,24.271977233803792,24.282311194251342,25.64811127718795,25.73953930998324,11.689348065840994,17.29208830918224,2896.044154591119,2808.800941817166,2802.5617119301305,0.0028540236872440245,0.2213505921811006,0.22862623856476808,23.134074852749063,23.250022353742725,0.0,0.0,0.0,0.0,False,none,0.0,0.0,nominal,0.5815224824867908,0.0,3,solar_array_degradation,3.3397003210745564,0.5815224824867908,gradual,0.6121229570578814,1.3694214437816776,1408617735,solar_array_degradation
9000.0,150.0,2.5,0,0.0,350.0,350.0,97.45373745272806,97.19780927763247,29.898149498109124,29.913183300865494,11.706410124885334,11.669558694801923,24.28022271387084,24.263302049001474,25.641926386970447,25.684237217526263,11.96320304096143,17.5,2999.9999999999995,2904.400470908583,2909.1954341407377,0.003091063712615916,0.22727659281539792,0.23511680926867237,23.127376101129727,23.102835438257536,0.0,0.0,0.0,0.0,False,none,0.0,0.0,nominal,0.5815224824867908,0.0,3,solar_array_degradation,3.3397003210745564,0.5815224824867908,gradual,0.6121229570578814,1.3694214437816776,1408617735,solar_array_degradation
9060.0,151.0,2.5166666666666666,0,0.0,354.1582338163551,354.1582338163551,96.92671627145373,96.87357989894295,29.87706865085815,29.81817116333534,11.853848111909157,11.945803825380608,24.289345034937007,24.064595048184586,25.636206799256318,25.88135380063735,12.241097204816983,17.707911690817756,3103.955845408878,3004.1781581587306,3012.3460415314125,0.003220469955976309,0.23051174889940773,0.2211223637932413,23.120834261687005,23.03599906735094,0.0,0.0,0.0,0.0,False,none,0.0,0.0,nominal,0.5815224824867908,0.0,3,solar_array_degradation,3.3397003210745564,0.5815224824867908,gradual,0.6121229570578814,1.3694214437816776,1408617735,solar_array_degradation
9120.0,152.0,2.533333333333333,0,0.0,358.134732861516,358.134732861516,96.39377768088599,96.41800060569703,29.85575110723544,29.876946022083374,11.9955023598359,11.938825175391276,24.299313518558005,24.44124785442175,25.63093061814842,25.654350646683007,12.511366149186292,17.9067366430758,3203.3683215379006,3103.7732398483154,3101.441550523251,0.0032365867435303836,0.2309146685882596,0.2139187207490742,23.114441682842898,23.12254242760742,0.0,0.0,0.0,0.0,False,none,0.0,0.0,nominal,0.5815224824867908,0.0,3,solar_array_degradation,3.3397003210745564,0.5815224824867908,gradual,0.6121229570578814,1.3694214437816776,1408617735,solar_array_degradation
9180.0,153.0,2.55,0,0.0,361.75570504584937,361.75570504584937,95.85545073885348,95.52513470819291,29.83421802955414,29.833067631413375,12.125529976602362,12.045692835649284,24.310058564703585,24.087554317052483,25.626058743707816,25.753799817844655,12.762278177078597,18.08778525229247,3293.8926261462348,3198.832932997275,3194.4109428460038,0.003138709694325004,0.22846774235812511,0.2202723659189301,23.10818631270709,23.22471552336798,0.0,0.0,0.0,0.0,False,none,0.0,0.0,nominal,0.5815224824867908,0.0,3,solar_array_degradation,3.3397003210745564,0.5815224824867908,gradual,0.6121229570578814,1.3694214437816776,1408617735,solar_array_degradation
9240.0,154.0,2.566666666666667,0,0.0,364.86289650954785,364.86289650954785,95.31249999999997,95.40463742089828,29.8125,29.83223323957897,12.238587723590703,12.319761908186168,24.32147368784017,24.18523663881286,25.62153656340911,25.57024744486877,12.982642357442005,18.243144825477394,3371.5724127386957,3285.202672867985,3277.976138570163,0.0029311165050767297,0.22327791262691823,0.23444446064771737,23.102052223295768,23.255306612209182,0.0,0.0,0.0,0.0,False,none,0.0,0.0,nominal,0.5815224824867908,0.0,3,solar_array_degradation,3.3397003210745564,0.5815224824867908,gradual,0.6121229570578814,1.3694214437816776,1408617735,solar_array_degradation
9300.0,155.0,2.5833333333333335,0,0.0,367.32050807568874,367.32050807568874,94.76589210107781,94.90363077931363,29.790635684043114,29.817732768651265,12.33006613123191,12.307276871651792,24.33341965392661,24.34935543352363,25.617296321709404,25.496885946940083,13.162442464044178,18.366025403784437,3433.0127018922185,3359.107687380102,3360.2663875130083,0.0026228799942983206,0.215571999857458,0.20734358407645803,23.096020315447088,23.073145804795697,0.0,0.0,0.0,0.0,False,none,0.0,0.0,nominal,0.5815224824867908,0.0,3,solar_array_degradation,3.3397003210745564,0.5815224824867908,gradual,0.6121229570578814,1.3694214437816776,1408617735,solar_array_degradation
9360.0,156.0,2.6,0,0.0,369.0211303259031,369.0211303259031,94.21675351428333,94.05372326020465,29.768670140571334,29.7246415084902,12.396292094451642,12.455792439801838,24.345730618053977,24.359758766750385,25.61326006416832,25.269316832397998,13.293444615277142,18.451056516295154,3475.5282581475767,3417.3179727638394,3423.9774314150523,0.002227471576593643,0.20568678941484106,0.2056867015358941,23.090069169271143,23.169942498962097,0.0,0.0,0.0,0.0,False,none,0.0,0.0,nominal,0.5815224824867908,0.0,3,solar_array_degradation,3.3397003210745564,0.5815224824867908,gradual,0.6121229570578814,1.3694214437816776,1408617735,solar_array_degradation
9420.0,157.0,2.6166666666666667,0,0.0,369.8904379073655,369.8904379073655,93.6663213150164,93.4278671795236,29.746652852600654,29.6922539660374,12.434691047097997,12.455026951779837,24.358221978728796,24.32378857912268,25.60934302744571,25.689027498443572,13.369723314942329,18.494521895368276,3497.2609476841367,3457.2894602239876,3444.357065279057,0.0017621724971965131,0.19405431242991283,0.19042325994630213,23.08417599743326,22.99767636368012,0.0,0.0,0.0,0.0,False,none,0.0,0.0,nominal,0.5815224824867908,0.0,3,solar_array_degradation,3.3397003210745564,0.5815224824867908,gradual,0.6121229570578814,1.3694214437816776,1408617735,solar_array_degradation
9480.0,158.0,2.6333333333333333,0,0.0,369.8904379073655,369.8904379073655,93.11588911574948,93.52950036109256,29.724635564629978,29.694475619187813,12.443901527509611,12.420915406658427,24.37069949625012,24.435885728891215,25.605457327016882,25.39595991224998,13.388054818108483,18.494521895368276,3497.2609476841367,3477.2752039540624,3482.1452810976784,0.0012473185586292885,0.18118296396573222,0.17922882557921538,23.078317653853084,23.191367718920176,0.0,0.0,0.0,0.0,False,none,0.0,0.0,nominal,0.5815224824867908,0.0,3,solar_array_degradation,3.3397003210745564,0.5815224824867908,gradual,0.6121229570578814,1.3694214437816776,1408617735,solar_array_degradation
9540.0,159.0,2.65,0,0.0,369.0211303259031,369.0211303259031,92.56675052895498,92.21442327623608,29.702670021158198,29.680792492552598,12.42383698378082,12.435508790043022,24.3829690927125,24.354482146119587,25.60151578143334,25.55461373480012,13.348138031964808,18.451056516295154,3475.5282581475763,3476.4017310508193,3484.929499964106,0.0007054113485506565,0.1676352837137664,0.16747322024146458,23.072471648752693,23.09918521340776,0.0,0.0,0.0,0.0,False,none,0.0,0.0,nominal,0.5815224824867908,0.0,3,solar_array_degradation,3.3397003210745564,0.5815224824867908,gradual,0.6121229570578814,1.3694214437816776,1408617735,solar_array_degradation
9600.0,160.0,2.6666666666666665,0,0.0,367.3205080756888,367.3205080756888,92.02014263003282,92.34375914747713,29.680805705201312,29.590436340994223,12.375691944619918,12.3502750469132,24.394846678451728,24.264677086110417,25.59743570598944,25.805916954745737,13.252620088650426,18.36602540378444,3433.0127018922203,3454.70721647152,3462.529011112399,0.00016013481240036989,0.15400337031000924,0.1583001928368664,23.066617122343544,23.29700406869318,0.0,0.0,0.0,0.0,False,none,0.0,0.0,nominal,0.5815224824867908,0.0,3,solar_array_degradation,3.3397003210745564,0.5815224824867908,gradual,0.6121229570578814,1.3694214437816776,1408617735,solar_array_degradation
9660.0,161.0,2.683333333333333,0,0.0,364.8628965095479,364.8628965095479,91.47719189117932,91.45368753736436,29.65908767564717,29.722346981372322,12.301892104696591,12.3709211187308,24.406167344875843,24.488124126644433,25.59314250999248,25.635550033819342,13.106923948447706,18.243144825477398,3371.572412738698,3413.139814605109,3408.4943007909424,-0.0003646798486647214,0.15911699621661804,0.1581198212708561,23.060784965242025,23.02288818475489,0.0,0.0,0.0,0.0,False,none,0.0,0.0,nominal,0.5815224824867908,0.0,3,solar_array_degradation,3.3397003210745564,0.5815224824867908,gradual,0.6121229570578814,1.3694214437816776,1408617735,solar_array_degradation
9720.0,162.0,2.7,0,0.0,361.7557050458495,361.7557050458495,90.9388649491468,90.96970158275596,29.637554597965874,29.68025077657843,12.205990337363327,12.22215604095665,24.416793327504138,24.569169537490204,25.588572940417123,25.68654037369612,12.918896009264552,18.087785252292473,3293.892626146237,3353.5162203756736,3352.496452121567,-0.0008460957156159114,0.17115239289039777,0.17181277455009217,23.05497551105552,23.077925590625817,0.0,0.0,0.0,0.0,False,none,0.0,0.0,nominal,0.5815224824867908,0.0,3,solar_array_degradation,3.3397003210745564,0.5815224824867908,gradual,0.6121229570578814,1.3694214437816776,1408617735,solar_array_degradation
9780.0,163.0,2.716666666666667,0,0.0,358.134732861516,358.134732861516,90.40592635857907,90.12131257909095,29.616237054343163,29.58314963832452,12.092513042908543,12.034802022797907,24.426620266657224,24.553043526490544,25.583677830179937,25.79223209312327,12.698309735433059,17.9067366430758,3203.3683215379,3278.4422709567866,3267.036373064,-0.0012630726049777928,0.18157681512444482,0.18048158438011053,23.04916841737709,23.035037773863294,0.0,0.0,0.0,0.0,False,none,0.0,0.0,nominal,0.5815224824867908,0.0,3,solar_array_degradation,3.3397003210745564,0.5815224824867908,gradual,0.6121229570578814,1.3694214437816776,1408617735,solar_array_degradation
9840.0,164.0,2.7333333333333334,0,0.0,354.1582338163553,354.1582338163553,89.87890517730473,90.06988640015915,29.595156207092188,29.56567011640847,11.96676345744324,11.949912811495384,24.43558145909632,24.240906968887764,25.578424230920135,25.713686550073437,12.456274211711914,17.707911690817763,3103.955845408883,3191.1990581828345,3202.2198432779724,-0.001597386625808086,0.18993466564520214,0.1780134845124493,23.043345287491828,22.93924708615407,0.0,0.0,0.0,0.0,False,none,0.0,0.0,nominal,0.5815224824867908,0.0,3,solar_array_degradation,3.3397003210745564,0.5815224824867908,gradual,0.6121229570578814,1.3694214437816776,1408617735,solar_array_degradation
9900.0,165.0,2.75,0,0.0,349.99999999999994,349.99999999999994,89.3580718439714,89.57755611858413,29.574322873758856,29.617719352775723,11.834590482223792,11.796071427814534,24.44364997884359,24.40316314579505,25.572796837072772,25.632952106438687,12.204602550555357,17.499999999999996,2999.999999999999,3095.599529091417,3081.8119995242005,-0.0018344266511800132,0.19586066627950033,0.2019999898917426,23.037490427230424,22.865855210107703,0.0,0.0,0.0,0.0,False,none,0.0,0.0,nominal,0.5815224824867908,0.0,3,solar_array_degradation,3.3397003210745564,0.5815224824867908,gradual,0.6121229570578814,1.3694214437816776,1408617735,solar_array_degradation
9960.0,166.0,2.7666666666666666,0,0.0,345.8417661836449,345.8417661836449,88.84342635857907,88.46113564138045,29.553737054343163,29.49230881283993,11.702133153168209,11.69884195324588,24.45083872439306,24.359901173941967,25.566798638994555,25.81408149320111,11.955193626758282,17.292088309182244,2896.044154591122,2995.82184184127,3010.2088052833374,-0.0019638328945403845,0.1990958223635096,0.18934113321139023,23.031591490939356,23.145719436039137,0.0,0.0,0.0,0.0,False,none,0.0,0.0,nominal,0.5815224824867908,0.0,3,solar_array_degradation,3.3397003210745564,0.5815224824867908,gradual,0.6121229570578814,1.3694214437816776,1408617735,solar_array_degradation
10020.0,167.0,2.783333333333333,0,0.0,341.86526713848406,341.86526713848406,88.33469828248013,88.49127945255792,29.533387931299206,29.574510969737787,11.575551979804473,11.627398499555431,24.457198599683274,24.507855046946997,25.560450776596447,25.729099852089,11.719472290972421,17.093263356924204,2796.6316784621013,2896.226760151685,2893.6680454236366,-0.0019799496820944516,0.1994987420523613,0.19112444126053194,23.02563999259177,22.78811170863832,0.0,0.0,0.0,0.0,False,none,0.0,0.0,nominal,0.5815224824867908,0.0,3,solar_array_degradation,3.3397003210745564,0.5815224824867908,gradual,0.6121229570578814,1.3694214437816776,1408617735,solar_array_degradation
10080.0,168.0,2.8,0,0.0,338.2442949541506,338.2442949541506,87.83135855784599,87.589808282762,29.51325434231384,29.512972378860304,11.46075898750352,11.46815127996801,24.462815140503746,24.39968353111893,25.55379159987909,25.481186960954616,11.507919725571414,16.91221474770753,2706.107373853764,2801.1670670027247,2797.5772598186563,-0.0018820726328891081,0.1970518158222277,0.21138562467435332,23.019631661990697,23.00232994827194,0.0,0.0,0.0,0.0,False,none,0.0,0.0,nominal,0.5815224824867908,0.0,3,solar_array_degradation,3.3397003210745564,0.5815224824867908,gradual,0.6121229570578814,1.3694214437816776,1408617735,solar_array_degradation
10140.0,169.0,2.816666666666667,0,0.0,335.1371034904521,335.1371034904521,87.33264263003281,87.2976159608922,29.493305705201312,29.464212312572585,11.363158366861153,11.360732116599916,24.467803947812822,24.24406383641648,25.546874977429102,25.7494511799817,11.32970944562933,16.756855174522606,2628.427587261303,2714.797327132014,2719.672033355318,-0.0016744794436408194,0.19186198609102048,0.19219088760280056,23.013566630424112,22.857622139827416,0.0,0.0,0.0,0.0,False,none,0.0,0.0,nominal,0.5815224824867908,0.0,3,solar_array_degradation,3.3397003210745564,0.5815224824867908,gradual,0.6121229570578814,1.3694214437816776,1408617735,solar_array_degradation
10200.0,170.0,2.8333333333333335,0,0.0,332.6794919243112,332.6794919243112,86.8375838622883,86.24726616843829,29.473503354491534,29.51955862930774,11.287409166227041,11.276853019029353,24.472305285642165,24.501939339388027,25.5397679268021,25.28187241446315,11.1924484548661,16.633974596215563,2566.9872981077806,2640.8923126198974,2640.257145569392,-0.0013662429328623966,0.18415607332155992,0.18940041954454712,23.00744943523522,23.128605853107633,0.0,0.0,0.0,0.0,False,none,0.0,0.0,nominal,0.5815224824867908,0.0,3,solar_array_degradation,3.3397003210745564,0.5815224824867908,gradual,0.6121229570578814,1.3694214437816776,1408617735,solar_array_degradation
10260.0,171.0,2.85,0,0.0,330.978869674097,330.978869674097,86.34505578241614,86.14232943679433,29.453802231296645,29.4667803018015,11.237220480906526,11.250194995843364,24.476478153698046,24.58492220996697,25.532547670355093,25.435416462105,11.102009930920408,16.54894348370485,2524.471741852424,2582.682027236161,2584.8349906534627,-0.0009708345151577046,0.1742708628789426,0.16832722372634473,23.001288838754395,23.06861836847408,0.0,0.0,0.0,0.0,False,none,0.0,0.0,nominal,0.5815224824867908,0.0,3,solar_array_degradation,3.3397003210745564,0.5815224824867908,gradual,0.6121229570578814,1.3694214437816776,1408617735,solar_array_degradation
10320.0,172.0,2.8666666666666667,0,0.0,330.1095620926345,330.1095620926345,85.85382131501638,85.85915314573683,29.434152852600654,29.452205535086737,11.215188143709993,11.182967096152503,24.480494070135542,24.361254479629395,25.525298245201515,25.543104501972824,11.062435607905055,16.505478104631727,2502.739052315864,2542.710539776012,2535.1728428023534,-0.0005055354357605887,0.16263838589401472,0.15737007851375878,22.995097463973945,23.31298500344129,0.0,0.0,0.0,0.0,False,none,0.0,0.0,nominal,0.5815224824867908,0.0,3,solar_array_degradation,3.3397003210745564,0.5815224824867908,gradual,0.6121229570578814,1.3694214437816776,1408617735,solar_array_degradation
10380.0,173.0,2.8833333333333333,0,0.0,330.1095620926345,330.1095620926345,85.36258684761663,85.5313293123592,29.414503473904666,29.44732049647474,11.222680076360769,11.233688357291305,24.48453071854042,24.393654040721124,25.518106815449165,25.299339914912903,11.075883847707596,16.505478104631727,2502.7390523158633,2522.724796045938,2519.97169231719,9.318502806628603e-06,0.15023296257016572,0.1446809783606474,22.988892515131948,22.788379754679248,0.0,0.0,0.0,0.0,False,none,0.0,0.0,nominal,0.5815224824867908,0.0,3,solar_array_degradation,3.3397003210745564,0.5815224824867908,gradual,0.6121229570578814,1.3694214437816776,1408617735,solar_array_degradation
10440.0,174.0,2.9,0,0.0,330.9788696740969,330.9788696740969,84.87005876774447,84.77742985448972,29.394802350709778,29.362839363556663,11.259775307388825,11.245630393798827,24.48876554488861,24.531231193786475,25.51105984789298,25.60167463284455,11.142603197830649,16.548943483704846,2524.471741852423,2523.5982689491807,2523.011506743898,0.0005512257128852536,0.16378064282213134,0.1588606800149521,22.982764459760027,23.11334961653064,0.0,0.0,0.0,0.0,False,none,0.0,0.0,nominal,0.5815224824867908,0.0,3,solar_array_degradation,3.3397003210745564,0.5815224824867908,gradual,0.6121229570578814,1.3694214437816776,1408617735,solar_array_degradation
10500.0,175.0,2.9166666666666665,0,0.0,332.6794919243112,332.6794919243112,84.37499999999994,84.33684304484343,29.374999999999996,29.353015627055775,11.325259299551021,11.378680747803127,24.49336935113983,24.51109787845047,25.504239318302268,25.332528184294876,11.260919856165351,16.633974596215563,2566.9872981077806,2545.292783528481,2554.7820293695927,0.0010965022490355544,0.17741255622588886,0.15542425337029409,22.976733593165047,22.718695171457366,0.0,0.0,0.0,0.0,False,none,0.0,0.0,nominal,0.5815224824867908,0.0,3,solar_array_degradation,3.3397003210745564,0.5815224824867908,gradual,0.6121229570578814,1.3694214437816776,1408617735,solar_array_degradation
10560.0,176.0,2.933333333333333,0,0.0,335.13710349045203,335.13710349045203,83.87628407218678,83.67087750689645,29.355051362887473,29.358345513730836,11.416675765526124,11.387726369963628,24.498499931175697,24.472181302598244,25.497719114104896,25.486653893869534,11.427238842812121,16.756855174522602,2628.4275872613007,2586.860185394891,2587.1454259111433,0.0016213169101006175,0.19053292275251543,0.186890169660524,22.970817893030137,23.056433725086688,0.0,0.0,0.0,0.0,False,none,0.0,0.0,nominal,0.5815224824867908,0.0,3,solar_array_degradation,3.3397003210745564,0.5815224824867908,gradual,0.6121229570578814,1.3694214437816776,1408617735,solar_array_degradation
10620.0,177.0,2.95,0,0.0,338.2442949541506,338.2442949541506,83.37294434755262,83.45439322561576,29.334917773902106,29.37618110683633,11.530432693255086,11.442292973954592,24.504295832413625,24.530312992043346,25.491561790687474,25.365795797145008,11.63607024749486,16.91221474770753,2706.1073738537643,2646.4837796243282,2648.575490889028,0.002102732777051843,0.20256831942629605,0.2080522012744731,22.965032199749515,22.7762278138911,0.0,0.0,0.0,0.0,False,none,0.0,0.0,nominal,0.5815224824867908,0.0,3,solar_array_degradation,3.3397003210745564,0.5815224824867908,gradual,0.6121229570578814,1.3694214437816776,1408617735,solar_array_degradation
10680.0,178.0,2.966666666666667,0,0.0,341.86526713848394,341.86526713848394,82.86421627145369,83.34746437312461,29.31456865085815,29.317338115105713,11.66195795715644,11.730588138266564,24.51087039432434,24.52444745824102,25.48581582307582,25.61578517109703,11.880101071558753,17.093263356924197,2796.631678462098,2721.557729043213,2723.962970781957,0.002519709666413667,0.21299274166034166,0.20425889979858164,22.959387524789026,23.080903920629993,0.0,0.0,0.0,0.0,False,none,0.0,0.0,nominal,0.5815224824867908,0.0,3,solar_array_degradation,3.3397003210745564,0.5815224824867908,gradual,0.6121229570578814,1.3694214437816776,1408617735,solar_array_degradation
10740.0,179.0,2.9833333333333334,0,0.0,345.8417661836448,345.8417661836448,82.34957078606136,81.73678837605394,29.293982831442456,29.356828639012107,11.80589775632825,11.798857180680544,24.518306297780494,24.440270120358647,25.48051347310958,25.488239750319973,12.150337746630113,17.29208830918224,2896.044154591119,2808.800941817166,2812.6709837670587,0.0028540236872440245,0.2213505921811006,0.22566708816720216,22.953890522352282,23.099325459241452,0.0,0.0,0.0,0.0,False,none,0.0,0.0,nominal,0.5815224824867908,0.0,3,solar_array_degradation,3.3397003210745564,0.5815224824867908,gradual,0.6121229570578814,1.3694214437816776,1408617735,solar_array_degradation
10800.0,180.0,3.0,1,600.0,349.99999999999994,-250.00000000000006,82.72159459558517,82.53706155275378,29.308863783823405,29.285471964902055,-8.529842775344429,-8.544254508574399,24.525931984733038,24.568104981978625,25.4916693653247,25.26614093996229,6.820657421767644,17.499999999999996,2999.999999999999,2904.400470908583,2897.2082479270643,0.003091063712615916,0.22727659281539792,0.22786255006407066,22.94854315321092,22.926702046255894,0.0,0.0,0.0,0.0,False,none,0.0,0.0,nominal,0.5815224824867908,0.0,3,solar_array_degradation,3.3397003210745564,0.5815224824867908,gradual,0.6121229570578814,1.3694214437816776,1408617735,solar_array_degradation
10860.0,181.0,3.0166666666666666,1,601.2556165273943,354.15823381635516,-247.09738271103913,83.08929903414327,83.0070647812341,29.32357196136573,29.362907407585297,-8.42657855723013,-8.490652783829647,24.53304498647295,24.423607902712153,25.50315183378374,25.55853565061949,6.680578094493649,17.70791169081776,3103.9558454088797,3004.1781581587315,3007.908045732361,0.0032204699559763308,0.23051174889940826,0.2307947604496575,22.94334256087759,23.033315354553284,0.0,0.0,0.0,0.0,False,none,0.0,0.0,nominal,0.5815224824867908,0.0,3,solar_array_degradation,3.3397003210745564,0.5815224824867908,gradual,0.6121229570578814,1.3694214437816776,1408617735,solar_array_degradation
10920.0,182.0,3.033333333333333,1,602.5051158172811,358.134732861516,-244.37038295576508,83.45294543735125,83.26797786878747,29.33811781749405,29.35548740701291,-8.329449914815232,-8.360136014065992,24.539681312789693,24.412960261250774,25.51494009239962,25.38202526907675,6.550378870673239,17.9067366430758,3203.3683215379006,3103.773239848316,3100.7545394207646,0.0032365867435303767,0.2309146685882594,0.22983822952563834,22.938281169789555,23.001750314228364,0.0,0.0,0.0,0.0,False,none,0.0,0.0,nominal,0.5815224824867908,0.0,3,solar_array_degradation,3.3397003210745564,0.5815224824867908,gradual,0.6121229570578814,1.3694214437816776,1408617735,solar_array_degradation
10980.0,183.0,3.05,1,603.7424104347197,361.75570504584937,-241.9867053888703,83.81304470132278,83.93114032951277,29.35252178805291,29.313930636713344,-8.24415384600324,-8.235922497687083,24.545900844282706,24.307268008411878,25.526996142165007,25.587852607822256,6.437285810925601,18.08778525229247,3293.8926261462348,3198.8329329972753,3194.2190991453485,0.0031387096943249967,0.2284677423581249,0.21886568666595857,22.933347003501645,22.94462329822282,0.0,0.0,0.0,0.0,False,none,0.0,0.0,nominal,0.5815224824867908,0.0,3,solar_array_degradation,3.3397003210745564,0.5815224824867908,gradual,0.6121229570578814,1.3694214437816776,1408617735,solar_array_degradation
11040.0,184.0,3.066666666666667,1,604.961472404706,364.8628965095479,-240.0985758951581,84.1703342487858,83.83383119674923,29.366813369951434,29.32528224767668,-8.175847098917126,-8.17230804216932,24.551783966092977,24.605596205282094,25.539266462678643,25.79031941146416,6.3475580627897275,18.243144825477398,3371.5724127386984,3285.202672867987,3283.30203527183,0.0029311165050767652,0.22327791262691912,0.21603828893765648,22.928524208909362,22.94111193937776,0.0,0.0,0.0,0.0,False,none,0.0,0.0,nominal,0.5815224824867908,0.0,3,solar_array_degradation,3.3397003210745564,0.5815224824867908,gradual,0.6121229570578814,1.3694214437816776,1408617735,solar_array_degradation
11100.0,185.0,3.0833333333333335,1,606.1563625798619,367.32050807568874,-238.8358545041732,84.52574474655987,84.48027055213197,29.381029789862396,29.322700496895454,-8.128913663420365,-8.117474667835118,24.557427725589044,24.60745740141234,25.55168438178478,25.49045454588811,6.286338987787384,18.366025403784437,3433.0127018922185,3359.1076873801026,3373.3113725733356,0.0026228799942982924,0.21557199985745729,0.21076507746806056,22.923793761168582,23.077061930770476,0.0,0.0,0.0,0.0,False,none,0.0,0.0,nominal,0.5815224824867908,0.0,3,solar_array_degradation,3.3397003210745564,0.5815224824867908,gradual,0.6121229570578814,1.3694214437816776,1408617735,solar_array_degradation
11160.0,186.0,3.1,1,607.3212595753644,369.0211303259031,-238.3001292494613,84.88035803413348,84.72938468521494,29.395214321365337,29.362439682970557,-8.106766177794373,-8.202745614202719,24.562941734665223,24.29653531868518,25.564173019763093,25.669396778136377,6.257572628914463,18.451056516295154,3475.5282581475767,3417.3179727638394,3424.0542594305634,0.002227471576593636,0.2056867894148409,0.20358125175577446,22.919134314149726,22.911229856096323,0.0,0.0,0.0,0.0,False,none,0.0,0.0,nominal,0.5815224824867908,0.0,3,solar_array_degradation,3.3397003210745564,0.5815224824867908,gradual,0.6121229570578814,1.3694214437816776,1408617735,solar_array_degradation
11220.0,187.0,3.1166666666666667,1,608.450488130146,369.8904379073654,-238.5600502227806,85.23535810886976,85.1988365082039,29.409414324354792,29.4306040906106,-8.111689936824824,-8.107031367478465,24.56844395455888,24.420737556486053,25.576648679395724,25.762311548963833,6.26396109049481,18.494521895368273,3497.260947684136,3457.2894602239876,3466.3666525346257,0.001762172497196506,0.19405431242991264,0.1960447604308452,22.914523153725256,22.84487752465718,0.0,0.0,0.0,0.0,False,none,0.0,0.0,nominal,0.5815224824867908,0.0,3,solar_array_degradation,3.3397003210745564,0.5815224824867908,gradual,0.6121229570578814,1.3694214437816776,1408617735,solar_array_degradation
11280.0,188.0,3.1333333333333333,1,609.5385467561977,369.8904379073655,-239.64810884883218,85.59197731846623,85.20132513804546,29.42367909273865,29.354141825119044,-8.1447363565073,-8.157764982372031,24.574056418916065,24.539178677999548,25.589024533751296,25.70776572692777,6.306938425360945,18.494521895368276,3497.2609476841367,3477.2752039540624,3470.082243257827,0.0012473185586292885,0.18118296396573222,0.17615791405782558,22.90993720647289,22.97876433984154,0.0,0.0,0.0,0.0,False,none,0.0,0.0,nominal,0.5815224824867908,0.0,3,solar_array_degradation,3.3397003210745564,0.5815224824867908,gradual,0.6121229570578814,1.3694214437816776,1408617735,solar_array_degradation
11340.0,189.0,3.15,1,610.5801345412646,369.02113032590313,-241.55900421536143,85.95144012235815,85.44142533949854,29.438057604894325,29.400664275598366,-8.205670613783981,-8.14460789891039,24.579900888461747,24.77622887140474,25.601214450513876,25.627086343279878,6.386642417753438,18.451056516295157,3475.5282581475776,3476.40173105082,3472.600537905291,0.0007054113485506708,0.16763528371376676,0.1753037376870926,22.905354054727848,23.027970652595396,0.0,0.0,0.0,0.0,False,none,0.0,0.0,nominal,0.5815224824867908,0.0,3,solar_array_degradation,3.3397003210745564,0.5815224824867908,gradual,0.6121229570578814,1.3694214437816776,1408617735,solar_array_degradation
11400.0,190.0,3.1666666666666665,1,611.5701769743577,367.3205080756888,-244.24966889866886,86.3149068915526,86.34918516344977,29.452596275662103,29.4197316195387,-8.29297582503796,-8.246334371399486,24.586094402606886,24.712815774895542,25.613136785717334,25.75197690178838,6.5018758427731225,18.36602540378444,3433.0127018922203,3454.7072164715205,3457.533333477705,0.00016013481240036295,0.15400337031000907,0.16868938107184475,22.900752910273887,22.97318704893315,0.0,0.0,0.0,0.0,False,none,0.0,0.0,nominal,0.5815224824867908,0.0,3,solar_array_degradation,3.3397003210745564,0.5815224824867908,gradual,0.6121229570578814,1.3694214437816776,1408617735,solar_array_degradation
11460.0,191.0,3.183333333333333,1,612.503850668262,364.86289650954785,-247.64095415871412,86.68342021619354,86.61616384691611,29.46733680864774,29.53421666513116,-8.403913654186736,-8.438246703133226,24.592744706779786,24.73999103039426,25.62471798108255,25.47664914412744,6.650061176562101,18.243144825477394,3371.5724127386957,3413.1398146051083,3418.7996672355284,-0.00036467984866476403,0.1591169962166191,0.16616479601995443,22.89616473476289,22.846882768726047,0.0,0.0,0.0,0.0,False,none,0.0,0.0,nominal,0.5815224824867908,0.0,3,solar_array_degradation,3.3397003210745564,0.5815224824867908,gradual,0.6121229570578814,1.3694214437816776,1408617735,solar_array_degradation
11520.0,192.0,3.2,1,613.376606858593,361.7557050458495,-251.62090181274357,87.05785608198632,87.49853665438481,29.482314243279454,29.48528727452388,-8.534638757881803,-8.53825458208871,24.599945587533117,24.70829056239967,25.635895807738475,25.591694834104707,6.827204698203059,18.087785252292473,3293.892626146237,3353.516220375672,3351.83485070107,-0.0008460957156158976,0.17115239289039744,0.15375698725584785,22.89158993230498,22.936951663399554,0.0,0.0,0.0,0.0,False,none,0.0,0.0,nominal,0.5815224824867908,0.0,3,solar_array_degradation,3.3397003210745564,0.5815224824867908,gradual,0.6121229570578814,1.3694214437816776,1408617735,solar_array_degradation
11580.0,193.0,3.216666666666667,1,614.184193564921,358.134732861516,-256.049460703405,87.4388820651759,87.5112275272451,29.497555282607035,29.505905490161435,-8.680362092731874,-8.656406171944333,24.607772230290834,24.370267361190674,25.646622114562717,25.798724567565046,7.027894884874919,17.9067366430758,3203.3683215379,3278.4422709567857,3268.502037646016,-0.001263072604977778,0.18157681512444446,0.18355692407738433,22.887008230467178,22.87270722063559,0.0,0.0,0.0,0.0,False,none,0.0,0.0,nominal,0.5815224824867908,0.0,3,solar_array_degradation,3.3397003210745564,0.5815224824867908,gradual,0.6121229570578814,1.3694214437816776,1408617735,solar_array_degradation
11640.0,194.0,3.2333333333333334,1,614.9226763059908,354.15823381635533,-260.7644424896354,87.82692439030929,88.09779195522235,29.51307697561237,29.51430387099118,-8.835555936953428,-8.847565832118327,24.616276809899766,24.846202088821627,25.65686496102785,25.53174894982039,7.245363897202638,17.707911690817767,3103.955845408883,3191.1990581828345,3195.939587762819,-0.001597386625808079,0.18993466564520198,0.20132485097026648,22.88240130198374,22.854866384435898,0.0,0.0,0.0,0.0,False,none,0.0,0.0,nominal,0.5815224824867908,0.0,3,solar_array_degradation,3.3397003210745564,0.5815224824867908,gradual,0.6121229570578814,1.3694214437816776,1408617735,solar_array_degradation
11700.0,195.0,3.25,1,615.5884572681198,349.99999999999994,-265.58845726811984,88.22214530886305,88.55444299580476,29.52888581235452,29.5138086542237,-8.99419161819512,-8.992860051756912,24.62548461113765,24.627812102583242,25.666610041339627,25.60414675188732,7.47163862918491,17.499999999999996,2999.999999999999,3095.599529091417,3084.306556711372,-0.0018344266511800132,0.19586066627950033,0.1927560536401125,22.877753521613645,22.684604135225047,0.0,0.0,0.0,0.0,False,none,0.0,0.0,nominal,0.5815224824867908,0.0,3,solar_array_degradation,3.3397003210745564,0.5815224824867908,gradual,0.6121229570578814,1.3694214437816776,1408617735,solar_array_degradation
11760.0,196.0,3.2666666666666666,1,616.178292833385,345.8417661836449,-270.33652664974005,88.62443180685374,88.87154364311205,29.54497727227415,29.52507218105669,-9.149999479046192,-9.156206479719257,24.635391034261904,24.515897385360134,25.675861337627275,25.707445669138334,7.697799237323648,17.292088309182244,2896.044154591122,2995.82184184127,3000.0624161306105,-0.0019638328945403845,0.1990958223635096,0.19971265335372934,22.8730526121147,22.904401384345675,0.0,0.0,0.0,0.0,False,none,0.0,0.0,nominal,0.5815224824867908,0.0,3,solar_array_degradation,3.3397003210745564,0.5815224824867908,gradual,0.6121229570578814,1.3694214437816776,1408617735,solar_array_degradation
11820.0,197.0,3.283333333333333,1,616.6893093822022,341.86526713848406,-274.8240422437181,89.0333961554307,88.96463730411364,29.561335846217226,29.60856750147279,-9.296739622099507,-9.296287672556955,24.645959852749964,24.46954326599863,25.684640973640104,25.63079083473781,7.9143494080891905,17.093263356924204,2796.6316784621013,2896.226760151685,2905.3361299296002,-0.0019799496820944516,0.1994987420523613,0.20022822611745322,22.868290155358302,22.70507914006853,0.0,0.0,0.0,0.0,False,none,0.0,0.0,nominal,0.5815224824867908,0.0,3,solar_array_degradation,3.3397003210745564,0.5815224824867908,gradual,0.6121229570578814,1.3694214437816776,1408617735,solar_array_degradation
11880.0,198.0,3.3,1,617.1190172933127,338.24429495415046,-278.87472233916225,89.44838830176873,89.81792540922673,29.57793553207075,29.58547813206172,-9.428471504942733,-9.434764923816099,24.657123046945337,24.552668588390908,25.692988275346398,25.887361966235385,8.111685993561366,16.912214747707523,2706.107373853761,2801.1670670027233,2805.0178748770463,-0.0018820726328891437,0.19705181582222858,0.19738229246773004,22.863461948536482,22.847976637153586,0.0,0.0,0.0,0.0,False,none,0.0,0.0,nominal,0.5815224824867908,0.0,3,solar_array_degradation,3.3397003210745564,0.5815224824867908,gradual,0.6121229570578814,1.3694214437816776,1408617735,solar_array_degradation
11940.0,199.0,3.316666666666667,1,617.465323072968,335.13710349045215,-282.3282195825158,89.86851958090938,90.424043368287,29.594740783236375,29.568939113529684,-9.539810524119801,-9.509451778108849,24.668782437953293,24.61094172139952,25.700958079492672,25.600015712411363,8.280638786888552,16.75685517452261,2628.427587261303,2714.7973271320134,2719.4836455968343,-0.001674479443640806,0.19186198609102015,0.19529647028549232,22.858568189820804,22.769760560330102,0.0,0.0,0.0,0.0,False,none,0.0,0.0,nominal,0.5815224824867908,0.0,3,solar_array_degradation,3.3397003210745564,0.5815224824867908,gradual,0.6121229570578814,1.3694214437816776,1408617735,solar_array_degradation
12000.0,200.0,3.3333333333333335,1,617.7265395542198,332.6794919243112,-285.0470476299086,90.29269673512056,90.1524297737157,29.61170786940482,29.61040229297668,-9.626160331144652,-9.627618326364791,24.680813200051148,24.743476794599342,25.708618364049162,25.930082685503134,8.413037017672233,16.633974596215563,2566.9872981077806,2640.892312619897,2646.4286700832945,-0.0013662429328623895,0.18415607332155973,0.18829036476813477,22.85361348293644,22.849362256389288,0.0,0.0,0.0,0.0,False,none,0.0,0.0,nominal,0.5815224824867908,0.0,3,solar_array_degradation,3.3397003210745564,0.5815224824867908,gradual,0.6121229570578814,1.3694214437816776,1408617735,solar_array_degradation
12060.0,201.0,3.35,1,611.8553584634049,330.978869674097,-280.87648878930787,90.71066770058084,90.67747643024835,29.628426708023234,29.661423057734435,-9.479966370041778,-9.535678374839652,24.692026924151406,24.85841834907585,25.71604730410418,25.72970841555182,8.189580990169848,16.54894348370485,2524.471741852424,2582.6820272361606,2594.41551339015,-0.0009708345151576976,0.17427086287894245,0.16393897759423925,22.848606656097854,22.972138670815603,0.009784790438719888,0.0,0.0,0.0,True,solar_array_degradation,0.0168261601802165,0.009784790438719888,solar_array_degradation,0.5815224824867908,0.009784790438719888,3,solar_array_degradation,3.3397003210745564,0.5815224824867908,gradual,0.6121229570578814,1.3694214437816776,1408617735,solar_array_degradation
12120.0,202.0,3.3666666666666667,1,602.1572198400233,330.1095620926345,-272.0476577473888,91.1155005246097,91.04029885628658,29.644620020984387,29.644399328680745,-9.176965586160856,-9.185071847968889,24.701665881905054,24.594952523670262,25.72332988188061,25.5364561684403,7.737335789566453,16.505478104631727,2502.7390523158633,2542.710539776012,2551.7018849128344,-0.0005055354357605888,0.16263838589401472,0.16408685758410535,22.84356039768733,22.927343607999497,0.02561827824215698,0.0,0.0,0.0,True,solar_array_degradation,0.04405380533630339,0.02561827824215698,solar_array_degradation,0.5815224824867908,0.02561827824215698,3,solar_array_degradation,3.3397003210745564,0.5815224824867908,gradual,0.6121229570578814,1.3694214437816776,1408617735,solar_array_degradation
12180.0,203.0,3.3833333333333333,1,592.3722979934926,330.1095620926345,-262.26273590085805,91.50577245303359,91.54382633322714,29.660230898121345,29.747508223563592,-8.842235139763176,-8.809923895191934,24.709638585884786,24.786558555658775,25.730554199034827,25.62589371698273,7.254809781349016,16.505478104631727,2502.7390523158633,2522.724796045938,2531.0464463320354,9.318502806628603e-06,0.15023296257016572,0.15212839079049884,22.838491976842484,22.767108156771148,0.04145176604559407,0.0,0.0,0.0,True,solar_array_degradation,0.07128145049239028,0.04145176604559407,solar_array_degradation,0.5815224824867908,0.04145176604559407,3,solar_array_degradation,3.3397003210745564,0.5815224824867908,gradual,0.6121229570578814,1.3694214437816776,1408617735,solar_array_degradation
12240.0,204.0,3.4,1,582.5047559009876,330.9788696740969,-251.52588622689063,91.88006692658551,91.76030985019412,29.67520267706342,29.641435671328523,-8.475961864998489,-8.512901841655436,24.71587193557932,24.579079185725064,25.73780765240996,25.6276859083906,6.747354362952693,16.548943483704846,2524.471741852423,2523.5982689491807,2520.458880696246,0.0005512257128852536,0.16378064282213134,0.16586987276826695,22.833491925507733,22.750095525434162,0.057285253849031166,0.0,0.0,0.0,True,solar_array_degradation,0.09850909564847717,0.057285253849031166,solar_array_degradation,0.5815224824867908,0.057285253849031166,3,solar_array_degradation,3.3397003210745564,0.5815224824867908,gradual,0.6121229570578814,1.3694214437816776,1408617735,solar_array_degradation
12300.0,205.0,3.4166666666666665,1,572.5591522966816,332.67949192431115,-239.8796603723705,92.23703070690154,92.61361648489303,29.689481228276062,29.67630505490427,-8.079617778700381,-7.9976758283843665,24.720318096885816,24.777076517681916,25.74517314038311,25.8120595277988,6.222417875991303,16.63397459621556,2566.9872981077788,2545.29278352848,2535.50790186263,0.0010965022490355331,0.1774125562258883,0.1706273363881196,22.828580602919644,23.0031353772634,0.07311874165246825,0.0,0.0,0.0,True,solar_array_degradation,0.12573674080456404,0.07311874165246825,solar_array_degradation,0.5815224824867908,0.07311874165246825,3,solar_array_degradation,3.3397003210745564,0.5815224824867908,gradual,0.6121229570578814,1.3694214437816776,1408617735,solar_array_degradation
12360.0,206.0,3.433333333333333,1,562.5404059739167,335.13710349045215,-227.40330248346453,92.5754284784543,92.44908210678214,29.703017139138172,29.789298239929924,-7.655899110121935,-7.62132201285754,24.722959599286998,24.567344006111767,25.75272546560909,25.66329667970655,5.689023294749267,16.75685517452261,2628.427587261303,2586.8601853948917,2593.9296036713054,0.00162131691010066,0.1905329227525165,0.18729790816483544,22.823776050211574,22.878407370871376,0.08895222945590535,0.0,0.0,0.0,True,solar_array_degradation,0.15296438596065093,0.08895222945590535,solar_array_degradation,0.5815224824867908,0.08895222945590535,3,solar_array_degradation,3.3397003210745564,0.5815224824867908,gradual,0.6121229570578814,1.3694214437816776,1408617735,solar_array_degradation
12420.0,207.0,3.45,1,552.4537584318522,338.24429495415046,-214.20946347770172,92.89419256101041,92.95775187192409,29.715767702440417,29.714158668613425,-7.208612801886646,-7.136006089158937,24.723812267965283,24.813540795465283,25.76052809137963,25.666882784793234,5.157127882201924,16.912214747707523,2706.107373853761,2646.4837796243264,2630.3152235741377,0.0021027327770517935,0.20256831942629483,0.19899533197582564,22.81909317075209,22.889569896417562,0.10478571725934285,0.0,0.0,0.0,True,solar_array_degradation,0.18019203111673854,0.10478571725934285,solar_array_degradation,0.5815224824867908,0.10478571725934285,3,solar_array_degradation,3.3397003210745564,0.5815224824867908,gradual,0.6121229570578814,1.3694214437816776,1408617735,solar_array_degradation
12480.0,208.0,3.466666666666667,1,542.3047351138063,341.86526713848394,-200.43946797532232,93.19246557883082,93.1111450168113,29.727698623153234,29.703910233423244,-6.742515474077474,-6.7556382577855265,24.72292579833567,24.846894008789704,25.768630393362443,25.828707073249685,4.636921193453935,17.093263356924197,2796.631678462098,2721.5577290432116,2722.2815056377713,0.0025197096664136883,0.2129927416603422,0.2016749059099079,22.814543038509083,22.86204900135918,0.12061920506277996,0.0,0.0,0.0,True,solar_array_degradation,0.20741967627282543,0.12061920506277996,solar_array_degradation,0.5815224824867908,0.12061920506277996,3,solar_array_degradation,3.3397003210745564,0.5815224824867908,gradual,0.6121229570578814,1.3694214437816776,1408617735,solar_array_degradation
12540.0,209.0,3.4833333333333334,1,532.0991054905611,345.8417661836449,-186.2573393069162,93.46963423851373,93.3545618513425,29.73878536954055,29.710687468148873,-6.263111858552473,-6.301055118672508,24.720381995586386,24.731834393396753,25.77706552683391,25.79309045016123,4.138125612219249,17.292088309182244,2896.0441545911226,2808.8009418171673,2810.515612080263,0.0028540236872440883,0.2213505921811022,0.22982334615354297,22.810132369719437,22.99012466699984,0.13645269286621703,0.0,0.0,0.0,True,solar_array_degradation,0.23464732142891231,0.13645269286621703,solar_array_degradation,0.5815224824867908,0.13645269286621703,3,solar_array_degradation,3.3397003210745564,0.5815224824867908,gradual,0.6121229570578814,1.3694214437816776,1408617735,solar_array_degradation
12600.0,210.0,3.5,1,521.8428422464332,349.99999999999994,-171.84284224643324,93.72535275376141,93.58083979620821,29.749014110150455,29.68118181750302,-5.776421417199165,-5.7720175827110545,24.716290915449957,24.62254651665425,25.785849002619237,25.812081071887036,3.669363551126177,17.499999999999996,2999.999999999999,2904.4004709085834,2907.046524054154,0.0030910637126159027,0.22727659281539755,0.23056166466989972,22.80586318672282,22.673106887685268,0.15228618066965413,0.0,0.0,0.0,True,solar_array_degradation,0.2618749665849992,0.15228618066965413,solar_array_degradation,0.5815224824867908,0.15228618066965413,3,solar_array_degradation,3.3397003210745564,0.5815224824867908,gradual,0.6121229570578814,1.3694214437816776,1408617735,solar_array_degradation
12660.0,211.0,3.5166666666666666,1,511.5420798288416,354.15823381635516,-157.38384601248646,93.9595549055657,94.3786096145197,29.758382196222627,29.774921808578345,-5.288723189813187,-5.3460938963575835,24.71078532808485,24.872603422139818,25.79497803397992,25.885662071434254,3.2376474382774214,17.70791169081776,3103.955845408879,3004.1781581587315,3010.988072547983,0.003220469955976316,0.2305117488994079,0.22624784737369835,22.80173269413815,22.86617926156216,0.16811966847309123,0.0,0.0,0.0,True,solar_array_degradation,0.2891026117410861,0.16811966847309123,solar_array_degradation,0.5815224824867908,0.16811966847309123,3,solar_array_degradation,3.3397003210745564,0.5815224824867908,gradual,0.6121229570578814,1.3694214437816776,1408617735,solar_array_degradation
12720.0,212.0,3.533333333333333,1,501.20307262349957,358.1347328615159,-143.06833976198368,94.1724542206877,94.14816468429623,29.76689816882751,29.79812015836838,-4.806289824037081,-4.779394415783241,24.704014061949046,24.62833969588479,25.80443168299423,25.897828014866903,2.8480337498113917,17.906736643075796,3203.3683215378974,3103.773239848314,3099.3054579808836,0.003236586743530341,0.23091466858825851,0.23319262996523982,22.797733377050662,22.674868715261898,0.1839531562765283,0.0,0.0,0.0,True,solar_array_degradation,0.316330256897173,0.1839531562765283,solar_array_degradation,0.5815224824867908,0.1839531562765283,3,solar_array_degradation,3.3397003210745564,0.5815224824867908,gradual,0.6121229570578814,1.3694214437816776,1408617735,solar_array_degradation
12780.0,213.0,3.55,1,490.8321530171585,361.7557050458495,-129.076447971309,94.36453226826406,94.75798519477887,29.774581290730563,29.77953867218597,-4.335122187309923,-4.425079657867897,24.696134853411728,24.54909501041591,25.814171800034863,25.965231535095334,2.5034627503125417,18.087785252292473,3293.8926261462375,3198.8329329972757,3178.191506994645,0.003138709694325054,0.22846774235812634,0.22498763766155683,22.793853319208296,22.87418685029661,0.1997866440799654,0.0,0.0,0.0,True,solar_array_degradation,0.34355790205325987,0.1997866440799654,solar_array_degradation,0.5815224824867908,0.1997866440799654,3,solar_array_degradation,3.3397003210745564,0.5815224824867908,gradual,0.6121229570578814,1.3694214437816776,1408617735,solar_array_degradation
12840.0,214.0,3.566666666666667,1,480.4356896080792,364.86289650954785,-115.57279309853135,94.53651559132736,94.25960599393156,29.781460623653093,29.8000095407954,-3.8806959322452066,-3.9154549375902135,24.687307324536203,24.53172287971979,25.824144715285538,25.737048823807264,2.2047840734835598,18.243144825477394,3371.5724127386957,3285.202672867986,3277.907515064972,0.0029311165050767154,0.22327791262691787,0.21558233797539877,22.790076727248213,22.665313857271247,0.21562013188340293,0.0,0.0,0.0,True,solar_array_degradation,0.3707855472093475,0.21562013188340293,solar_array_degradation,0.5815224824867908,0.21562013188340293,3,solar_array_degradation,3.3397003210745564,0.5815224824867908,gradual,0.6121229570578814,1.3694214437816776,1408617735,solar_array_degradation
12900.0,215.0,3.5833333333333335,1,470.02004582112124,367.32050807568874,-102.69953774543251,94.68934228440091,94.87047908724078,29.787573691376036,29.732443589153082,-3.4477308830012436,-3.413076115119941,24.67768664012008,24.709135338709125,25.83428360837082,25.909053312760363,1.9509478593280427,18.366025403784437,3433.0127018922185,3359.1076873801026,3349.235294229958,0.0026228799942983067,0.21557199985745767,0.21829808675481271,22.78638463561989,22.716645468514184,0.23145361968684003,0.0,0.0,0.0,True,solar_array_degradation,0.39801319236543437,0.23145361968684003,solar_array_degradation,0.5815224824867908,0.23145361968684003,3,solar_array_degradation,3.3397003210745564,0.5815224824867908,gradual,0.6121229570578814,1.3694214437816776,1408617735,solar_array_degradation
12960.0,216.0,3.6,1,459.59153917953097,369.021130325903,-90.57040885362795,94.82411967852832,94.60711669650203,29.792964787141134,29.78756289515801,-3.039993149413543,-3.031234506351433,24.667418269172288,24.57716354187565,25.844511452536445,25.995945290199653,1.7393246678785017,18.45105651629515,3475.5282581475753,3417.317972763839,3422.550304723713,0.002227471576593615,0.20568678941484037,0.20795376916250743,22.782755757042647,22.782346720662424,0.2472871074902771,0.0,0.0,0.0,True,solar_array_degradation,0.42524083752152125,0.2472871074902771,solar_array_degradation,0.5815224824867908,0.2472871074902771,3,solar_array_degradation,3.3397003210745564,0.5815224824867908,gradual,0.6121229570578814,1.3694214437816776,1408617735,solar_array_degradation
13020.0,217.0,3.6166666666666667,1,449.15640147924154,369.8904379073655,-79.26596357187606,94.94207498146267,94.74890211265092,29.797682999258505,29.867884547593434,-2.6601384937831756,-2.6914337228485734,24.656634116038884,24.707643059033863,25.85474440470689,25.875249236427585,1.5661069444885618,18.494521895368276,3497.2609476841367,3457.2894602239876,3460.4954045710306,0.0017621724971965198,0.194054312429913,0.19255783131537818,22.779167435796477,22.596209624708393,0.2631205952937142,0.0,0.0,0.0,True,solar_array_degradation,0.45246848267760814,0.2631205952937142,solar_array_degradation,0.5815224824867908,0.2631205952937142,3,solar_array_degradation,3.3397003210745564,0.5815224824867908,gradual,0.6121229570578814,1.3694214437816776,1408617735,solar_array_degradation
13080.0,218.0,3.6333333333333333,1,438.7207401037871,369.8904379073655,-68.8303021964216,95.04450102639782,95.29097621140801,29.801780041055913,29.75639902903678,-2.3096037250660433,-2.2832651841949256,24.645450116507142,24.930741139403708,25.86489549325997,25.783150632821485,1.4267415493471154,18.494521895368276,3497.2609476841367,3477.2752039540624,3491.3756560758316,0.0012473185586292885,0.18118296396573222,0.18189850322460036,22.77559665642858,22.803691583343415,0.2789540830971513,0.0,0.0,0.0,True,solar_array_degradation,0.47969612783369503,0.2789540830971513,solar_array_degradation,0.5815224824867908,0.2789540830971513,3,solar_array_degradation,3.3397003210745564,0.5815224824867908,gradual,0.6121229570578814,1.3694214437816776,1408617735,solar_array_degradation
13140.0,219.0,3.65,1,428.29050070885694,369.02113032590313,-59.26937038295381,95.13269949422958,95.5300821212156,29.805307979769182,29.74447021029636,-1.988550845479732,-1.97918250653014,24.633965238332113,24.62069679567617,25.87487844234648,25.904209289796558,1.3163467572046526,18.451056516295157,3475.5282581475776,3476.40173105082,3459.528273134229,0.0007054113485506708,0.16763528371376676,0.16660722589623864,22.77202105880887,22.78031931799746,0.29478757090058844,0.0,0.0,0.0,True,solar_array_degradation,0.506923772989782,0.29478757090058844,solar_array_degradation,0.5815224824867908,0.29478757090058844,3,solar_array_degradation,3.3397003210745564,0.5815224824867908,gradual,0.6121229570578814,1.3694214437816776,1408617735,solar_array_degradation
13200.0,220.0,3.6666666666666665,1,417.87143149512417,367.32050807568874,-50.550923419435435,95.20792408265137,95.34811669578733,29.808316963306055,29.825749950394762,-1.6958664080787742,-1.7080043722138416,24.622261703668535,24.46947141139915,25.884611465615276,25.992022002163143,1.2300770299240003,18.366025403784437,3433.0127018922185,3454.7072164715196,3455.467669341496,0.0001601348124003416,0.15400337031000855,0.15138563283822634,22.768419911824303,22.81536713271271,0.3106210587040255,0.0,0.0,0.0,True,solar_array_degradation,0.5341514181458689,0.3106210587040255,solar_array_degradation,0.5815224824867908,0.3106210587040255,3,solar_array_degradation,3.3397003210745564,0.5815224824867908,gradual,0.6121229570578814,1.3694214437816776,1408617735,solar_array_degradation
13260.0,221.0,3.683333333333333,1,407.46904927634085,364.8628965095479,-42.606152766792945,95.27132609569719,95.23073399501074,29.810853043827887,29.89669239710146,-1.429216155074577,-1.4324888094910144,24.61040617579797,24.551457263133,25.894020863541307,25.990832484175694,1.1634127054340926,18.243144825477398,3371.572412738698,3413.1398146051088,3419.321746860406,-0.0003646798486647144,0.15911699621661785,0.16677958021903586,22.76482423380168,22.86256140787194,0.3264545465074626,0.0,0.0,0.0,True,solar_array_degradation,0.5613790633019557,0.3264545465074626,solar_array_degradation,0.5815224824867908,0.3264545465074626,3,solar_array_degradation,3.3397003210745564,0.5815224824867908,gradual,0.6121229570578814,1.3694214437816776,1408617735,solar_array_degradation
13320.0,222.0,3.7,1,397.0886075368948,361.7557050458495,-35.33290249104533,95.32390481964221,95.43910020267163,29.812956192785688,29.84996970475552,-1.1851525981712405,-1.179337883273381,24.598451628524767,24.61062735356133,25.903044267137563,25.966055529262164,1.1123669344761633,18.087785252292473,3293.8926261462375,3353.5162203756736,3358.4931528355855,-0.0008460957156158975,0.17115239289039744,0.16577172547419133,22.761234485100978,22.93649572054868,0.3422880343109001,0.0,0.0,0.0,True,solar_array_degradation,0.5886067084580433,0.3422880343109001,solar_array_degradation,0.5815224824867908,0.3422880343109001,3,solar_array_degradation,3.3397003210745564,0.5815224824867908,gradual,0.6121229570578814,1.3694214437816776,1408617735,solar_array_degradation
13380.0,223.0,3.716666666666667,1,386.73506665912146,358.13473286151617,-28.600333797605288,95.36646484017434,95.4506194092159,29.814658593606975,29.82093173405576,-0.9592708803896192,-0.9432626424410643,24.586439638919476,24.915370981516986,25.911633386286614,25.83442818209855,1.073616049757078,17.90673664307581,3203.3683215379037,3278.442270956789,3279.856819183803,-0.0012630726049777355,0.18157681512444337,0.17544011905697654,22.757630449117205,22.928483366011086,0.3581215221143372,0.0,0.0,0.0,True,solar_array_degradation,0.6158343536141302,0.3581215221143372,solar_array_degradation,0.5815224824867908,0.3581215221143372,3,solar_array_degradation,3.3397003210745564,0.5815224824867908,gradual,0.6121229570578814,1.3694214437816776,1408617735,solar_array_degradation
13440.0,224.0,3.7333333333333334,1,376.4130664857751,354.15823381635516,-22.254832669419955,95.3995821506943,95.38162285002319,29.815983286027773,29.84957006538814,-0.7464061290861036,-0.8132920439429185,24.574402900315167,24.375673194373984,25.919756142577956,25.83789521197271,1.044569768762984,17.70791169081776,3103.955845408879,3191.1990581828345,3193.233882359917,-0.0015973866258081563,0.1899346656452039,0.20506828677998706,22.753993853993894,22.778189393336078,0.37395500991777425,0.0,0.0,0.0,True,solar_array_degradation,0.6430619987702171,0.37395500991777425,solar_array_degradation,0.5815224824867908,0.37395500991777425,3,solar_array_degradation,3.3397003210745564,0.5815224824867908,gradual,0.6121229570578814,1.3694214437816776,1408617735,solar_array_degradation
13500.0,225.0,3.75,1,366.12690136727315,349.99999999999994,-16.126901367273206,95.42358051582417,95.6719749462487,29.816943220632968,29.79806930767075,-0.5408636709652244,-0.5917962414796273,24.56236782518276,24.637119544121195,25.927398093437333,25.873189860818147,1.0234026808455983,17.499999999999996,2999.999999999999,3095.599529091417,3090.659921077203,-0.0018344266511800132,0.19586066627950033,0.20271376685013073,22.75030912948372,22.701786689764823,0.3897884977212114,0.0,0.0,0.0,True,solar_array_degradation,0.670289643926304,0.3897884977212114,solar_array_degradation,0.5815224824867908,0.3897884977212114,3,solar_array_degradation,3.3397003210745564,0.5815224824867908,gradual,0.6121229570578814,1.3694214437816776,1408617735,solar_array_degradation
13560.0,226.0,3.7666666666666666,1,355.88049782671595,345.8417661836449,-10.03873164307106,95.43851910457875,95.06793473332694,29.81754076418315,29.800894668824384,-0.33667201874440267,-0.34306814928104434,24.550357177711184,24.751967054561028,25.9345630853082,26.23530174830766,1.0090678438564344,17.292088309182244,2896.0441545911226,2995.82184184127,2996.026534832913,-0.0019638328945403775,0.19909582236350942,0.20023901671967403,22.746564052925752,22.750738069254616,0.40562198552464845,0.0,0.0,0.0,True,solar_array_degradation,0.6975172890823909,0.40562198552464845,solar_array_degradation,0.5815224824867908,0.40562198552464845,3,solar_array_degradation,3.3397003210745564,0.5815224824867908,gradual,0.6121229570578814,1.3694214437816776,1408617735,solar_array_degradation
13620.0,227.0,3.783333333333333,1,345.6773949583814,341.86526713848394,-3.812127819897455,95.44419191383454,95.28664156987205,29.81776767655338,29.763779345992905,-0.12784752571853483,-0.15347064146677955,24.538392726642204,24.459807900164524,25.94127310733958,25.887798875868278,1.001307599186588,17.093263356924197,2796.631678462098,2896.226760151684,2898.9711507494667,-0.001979949682094487,0.19949874205236218,0.20099473159528183,22.74275026036327,22.63824283091239,0.42145547332808553,0.0,0.0,0.0,True,solar_array_degradation,0.7247449342384777,0.42145547332808553,solar_array_degradation,0.5815224824867908,0.42145547332808553,3,solar_array_degradation,3.3397003210745564,0.5815224824867908,gradual,0.6121229570578814,1.3694214437816776,1408617735,solar_array_degradation
13680.0,228.0,3.8,1,335.52072765749307,338.2442949541506,2.7235672966575066,95.44013898630975,95.65313154941865,29.81760555945239,29.842913909072493,0.09134091237564569,0.10635571652936097,24.52649792845896,24.54713733881695,25.94756735197628,25.912597660272155,1.0006674529818893,16.91221474770753,2706.1073738537643,2801.1670670027247,2797.6751624844173,-0.001882072632889087,0.19705181582222717,0.20075997360769324,22.738863602753913,22.691335239561717,0.43728896113152266,0.0,0.0,0.0,True,solar_array_degradation,0.7519725793945646,0.43728896113152266,solar_array_degradation,0.5815224824867908,0.43728896113152266,3,solar_array_degradation,3.3397003210745564,0.5815224824867908,gradual,0.6121229570578814,1.3694214437816776,1408617735,solar_array_degradation
13740.0,229.0,3.816666666666667,1,325.4132127606615,335.13710349045215,9.72389072979064,95.42566891081898,95.59101596309551,29.81702675643276,29.921865525319205,0.32611872435244726,0.33040235938168644,24.514700635134172,24.668351373067036,25.953500523509515,25.654804415105595,1.0085082737898614,16.75685517452261,2628.427587261303,2714.797327132014,2713.9515592937382,-0.0016744794436408194,0.19186198609102048,0.1872250926227848,22.734904331631604,22.82367959891021,0.4531224489349602,0.0,0.0,0.0,True,solar_array_degradation,0.7792002245506523,0.4531224489349602,solar_array_degradation,0.5815224824867908,0.4531224489349602,3,solar_array_degradation,3.3397003210745564,0.5815224824867908,gradual,0.6121229570578814,1.3694214437816776,1408617735,solar_array_degradation
13800.0,230.0,3.8333333333333335,1,315.35713815764,332.67949192431126,17.322353766671256,95.3998915986662,95.59930057049168,29.815995663946648,29.809948206088958,0.5809751906966286,0.5177628659389315,24.503035773235954,24.428730419381527,25.95914046851387,26.014667858448057,1.0270025737763988,16.633974596215563,2566.9872981077824,2640.8923126198983,2628.6017288556054,-0.001366242932862375,0.18415607332155937,0.19351886075043725,22.730877103683657,22.889633914026675,0.4689559367383973,0.0,0.0,0.0,True,solar_array_degradation,0.8064278697067392,0.4689559367383973,solar_array_degradation,0.5815224824867908,0.4689559367383973,3,solar_array_degradation,3.3397003210745564,0.5815224824867908,gradual,0.6121229570578814,1.3694214437816776,1408617735,solar_array_degradation
13860.0,231.0,3.85,1,305.3543549159973,330.9788696740969,25.62451475809962,95.36175988027617,95.6245435876568,29.814470395211046,29.823294156763502,0.8594657030102927,0.8424306518578454,24.491547873608447,24.59017397542684,25.964565231733168,26.126187208635,1.0590945035720782,16.548943483704846,2524.471741852423,2582.682027236161,2587.2716715584984,-0.0009708345151577327,0.1742708628789433,0.17854364830794087,22.726790799689468,22.702317453499553,0.4847894245418344,0.0,0.0,0.0,True,solar_array_degradation,0.8336555148628261,0.4847894245418344,solar_array_degradation,0.5815224824867908,0.4847894245418344,3,solar_array_degradation,3.3397003210745564,0.5815224824867908,gradual,0.6121229570578814,1.3694214437816776,1408617735,solar_array_degradation
13920.0,232.0,3.8666666666666667,1,295.4062724411439,330.1095620926345,34.70328965149059,95.31011808019954,95.43220957681007,29.812404723207983,29.80257227880372,1.1640553646608458,1.1231907538445458,24.480293259671328,24.361124636866457,25.969859666088567,25.809766422569027,1.1084019913596557,16.505478104631727,2502.739052315864,2542.710539776012,2544.7384432735125,-0.0005055354357605887,0.16263838589401472,0.1608896243733866,22.722658160202005,22.896158071543002,0.5006229123452715,0.0,0.0,0.0,True,solar_array_degradation,0.860883160018913,0.5006229123452715,solar_array_degradation,0.5815224824867908,0.5006229123452715,3,solar_array_degradation,3.3397003210745564,0.5815224824867908,gradual,0.6121229570578814,1.3694214437816776,1408617735,solar_array_degradation
13980.0,233.0,3.8833333333333333,1,285.51385667493315,330.1095620926345,44.59570541770137,95.24375542332797,95.67345036706203,29.809750216933118,29.862815848033417,1.4960107043221462,1.456993088147377,24.46934164625395,24.55210498994027,25.975111744969123,26.080242922421238,1.1790438421957155,16.505478104631727,2502.7390523158633,2522.724796045938,2526.6130193809236,9.318502806628603e-06,0.15023296257016572,0.14217196191030346,22.718496506138298,22.687690233110438,0.5164564001487085,0.0,0.0,0.0,True,solar_array_degradation,0.8881108051749999,0.5164564001487085,solar_array_degradation,0.5815224824867908,0.5164564001487085,3,solar_array_degradation,3.3397003210745564,0.5815224824867908,gradual,0.6121229570578814,1.3694214437816776,1408617735,solar_array_degradation
14040.0,234.0,3.9,1,275.67763131693647,330.97886967409687,55.3012383571604,95.16146191386792,94.73334687160425,29.806458476554717,29.833193721064273,1.8553441496801597,1.789269608170435,24.458776876886763,24.47443338911924,25.98040873797678,25.971839736662854,1.2753841531001915,16.548943483704843,2524.471741852422,2523.59826894918,2523.970813713415,0.0005512257128852394,0.16378064282213098,0.16162864080376504,22.71439642083383,22.717468173677005,0.5322898879521456,0.0,0.0,0.0,True,solar_array_degradation,0.9153384503310867,0.5322898879521456,solar_array_degradation,0.5815224824867908,0.5322898879521456,3,solar_array_degradation,3.3397003210745564,0.5815224824867908,gradual,0.6121229570578814,1.3694214437816776,1408617735,solar_array_degradation
14100.0,235.0,3.9166666666666665,1,265.8976820335671,332.6794919243112,66.78180989074411,95.06208422057813,95.3326124021562,29.802483368823125,29.82887471602664,2.240813594769276,2.3090023481636917,24.44869654777651,24.601397041200222,25.985833417265397,26.194752921904346,1.4016996453202246,16.633974596215563,2566.9872981077806,2545.29278352848,2537.4875484326503,0.0010965022490355685,0.1774125562258892,0.18372858235323428,22.710378314530796,22.975536523288316,0.5481233757555828,0.0,0.0,0.0,True,solar_array_degradation,0.9425660954871736,0.5481233757555828,solar_array_degradation,0.5815224824867908,0.5481233757555828,3,solar_array_degradation,3.3397003210745564,0.5815224824867908,gradual,0.6121229570578814,1.3694214437816776,1408617735,solar_array_degradation
14160.0,236.0,3.933333333333333,0,0.0,335.13710349045215,335.13710349045215,94.56336829276495,94.51331861338441,29.782534731710598,29.700950359738535,11.252806603247873,11.240981586491001,24.453104543543212,24.53627385891898,25.97546046027632,25.875981376660082,11.130052516007915,16.75685517452261,2628.427587261303,2586.8601853948917,2596.7414214599116,0.00162131691010066,0.1905329227525165,0.19749674158472383,22.706460278985645,22.44092253353729,0.5639568635590197,0.0,0.0,0.0,True,solar_array_degradation,0.9697937406432604,0.5639568635590197,solar_array_degradation,0.5815224824867908,0.5639568635590197,3,solar_array_degradation,3.3397003210745564,0.5815224824867908,gradual,0.6121229570578814,1.3694214437816776,1408617735,solar_array_degradation
14220.0,237.0,3.95,0,0.0,338.24429495415046,338.24429495415046,94.06002856813078,94.10108106360201,29.76240114272523,29.7526926758992,11.364818763516562,11.342406762973122,24.458161677755974,24.437095087529592,25.965481206089525,26.124826421500067,11.332728442206248,16.912214747707523,2706.107373853761,2646.4837796243264,2640.65181354669,0.0021027327770517935,0.20256831942629483,0.19620334053010516,22.702657267810356,22.97651395840533,0.5797903513624573,0.0,0.0,0.0,True,solar_array_degradation,0.9970213857993481,0.5797903513624573,solar_array_degradation,0.5815224824867908,0.5797903513624573,3,solar_array_degradation,3.3397003210745564,0.5815224824867908,gradual,0.6121229570578814,1.3694214437816776,1408617735,solar_array_degradation
14280.0,238.0,3.966666666666667,0,0.0,341.86526713848406,341.86526713848406,93.55130049203186,93.4603294798217,29.742052019681275,29.76021583107675,11.49434030013332,11.5254256399038,24.46397800340551,24.144283270654743,25.955943883154657,26.197779085784447,11.569588714821517,17.093263356924204,2796.6316784621013,2721.5577290432134,2728.962474314268,0.002519709666413724,0.2129927416603431,0.215223587298927,22.69898040483941,22.808034816439445,0.5815224824867908,0.0,0.0,0.0,True,solar_array_degradation,1.0,0.5815224824867908,solar_array_degradation,0.5815224824867908,0.5815224824867908,3,solar_array_degradation,3.3397003210745564,0.5815224824867908,gradual,0.6121229570578814,1.3694214437816776,1408617735,solar_array_degradation
14340.0,239.0,3.9833333333333334,0,0.0,345.8417661836448,345.8417661836448,93.0366550066395,93.06303843918542,29.72146620026558,29.75427146964091,11.636093719378973,11.604836927817036,24.47063378259739,24.38530968855571,25.946880508707785,25.80286352932905,11.831894163693661,17.29208830918224,2896.044154591119,2808.800941817166,2813.187225409841,0.0028540236872440176,0.22135059218110043,0.22241776682755587,22.695436455802287,22.796631542840178,0.5815224824867908,0.0,0.0,0.0,True,solar_array_degradation,1.0,0.5815224824867908,solar_array_degradation,0.5815224824867908,0.5815224824867908,3,solar_array_degradation,3.3397003210745564,0.5815224824867908,gradual,0.6121229570578814,1.3694214437816776,1408617735,solar_array_degradation
14400.0,240.0,4.0,0,0.0,349.99999999999994,349.99999999999994,92.51582167330619,92.84759307603422,29.700632866932246,29.746371639137468,11.78426067781468,11.78887584768423,24.47817499316119,24.318337715402453,25.938305464638123,26.061448039451065,12.109503977815146,17.499999999999996,2999.999999999999,2904.400470908583,2898.120767262936,0.003091063712615916,0.22727659281539792,0.20810822718728061,22.69202749216005,22.74238270875379,0.5815224824867908,0.0,0.0,0.0,True,solar_array_degradation,1.0,0.5815224824867908,solar_array_degradation,0.5815224824867908,0.5815224824867908,3,solar_array_degradation,3.3397003210745564,0.5815224824867908,gradual,0.6121229570578814,1.3694214437816776,1408617735,solar_array_degradation
14460.0,241.0,4.016666666666667,0,0.0,354.15823381635505,354.15823381635505,91.98880049203186,91.25724778512004,29.679552019681275,29.70146173945334,11.932735156565153,11.93098554964646,24.486609988086684,24.587741642257964,25.930214844302654,26.106636606815613,12.391213465338078,17.707911690817753,3103.955845408876,3004.1781581587297,3003.199728907308,0.0032204699559762805,0.230511748899407,0.24012855794265558,22.6887507672846,22.789694729093057,0.5815224824867908,0.0,0.0,0.0,True,solar_array_degradation,1.0,0.5815224824867908,solar_array_degradation,0.5815224824867908,0.5815224824867908,3,solar_array_degradation,3.3397003210745564,0.5815224824867908,gradual,0.6121229570578814,1.3694214437816776,1408617735,solar_array_degradation
14520.0,242.0,4.033333333333333,0,0.0,358.134732861516,358.134732861516,91.45586190146412,91.52454958921655,29.658234476058563,29.64932205093406,12.07538948923673,12.0374805576119,24.495907669842637,24.37347419502082,25.922586598834386,25.85543157186084,12.665202505341513,17.9067366430758,3203.3683215379,3103.773239848315,3095.3943581712624,0.00323658674353039,0.23091466858825976,0.2357884099650019,22.68559881464851,22.673580378543658,0.5815224824867908,0.0,0.0,0.0,True,solar_array_degradation,1.0,0.5815224824867908,solar_array_degradation,0.5815224824867908,0.5815224824867908,3,solar_array_degradation,3.3397003210745564,0.5815224824867908,gradual,0.6121229570578814,1.3694214437816776,1408617735,solar_array_degradation
14580.0,243.0,4.05,0,0.0,361.7557050458495,361.7557050458495,90.9175349594316,91.21664009879659,29.636701398377262,29.607871474359104,12.206341730920743,12.264409256289227,24.505997498077452,24.23991696292805,25.915381476548294,25.906528369476895,12.919582276161375,18.087785252292473,3293.892626146237,3198.8329329972757,3194.7087472915255,0.0031387096943250397,0.228467742358126,0.22676981946936925,22.68255976602416,22.800067732493037,0.5815224824867908,0.0,0.0,0.0,True,solar_array_degradation,1.0,0.5815224824867908,solar_array_degradation,0.5815224824867908,0.5815224824867908,3,solar_array_degradation,3.3397003210745564,0.5815224824867908,gradual,0.6121229570578814,1.3694214437816776,1408617735,solar_array_degradation
14640.0,244.0,4.066666666666666,0,0.0,364.86289650954785,364.86289650954785,90.37458422057811,89.96159473042333,29.614983368823125,29.604493575686494,12.320212777618966,12.30146299966446,24.51677155119187,24.55101793051633,25.908544714386863,26.165224872304474,13.143011430864451,18.243144825477394,3371.5724127386957,3285.202672867986,3297.1328914583946,0.0029311165050767154,0.22327791262691787,0.22007862715306226,22.67961787571296,22.69973982130045,0.5815224824867908,0.0,0.0,0.0,True,solar_array_degradation,1.0,0.5815224824867908,solar_array_degradation,0.5815224824867908,0.5815224824867908,3,solar_array_degradation,3.3397003210745564,0.5815224824867908,gradual,0.6121229570578814,1.3694214437816776,1408617735,solar_array_degradation
14700.0,245.0,4.083333333333333,0,0.0,367.32050807568874,367.32050807568874,89.82797632165595,89.94190045716444,29.59311905286624,29.515293496246723,12.412362056851588,12.383947960963269,24.528088717039484,24.480075993272195,25.902008407479336,25.852135514583217,13.325338546429519,18.366025403784437,3433.0127018922185,3359.1076873801026,3362.933534458778,0.0026228799942983067,0.21557199985745767,0.21862041396746384,22.676754225471154,22.537246308567493,0.5815224824867908,0.0,0.0,0.0,True,solar_array_degradation,1.0,0.5815224824867908,solar_array_degradation,0.5815224824867908,0.5815224824867908,3,solar_array_degradation,3.3397003210745564,0.5815224824867908,gradual,0.6121229570578814,1.3694214437816776,1408617735,solar_array_degradation
14760.0,246.0,4.1,0,0.0,369.0211303259031,369.0211303259031,89.27883773486145,89.04478804115725,29.57115350939446,29.55019876481022,12.479091497349563,12.425764953893298,24.53978091129704,24.714006281178758,25.89569445325209,25.792660697286177,13.458217967937772,18.451056516295154,3475.5282581475767,3417.3179727638394,3420.3821772060373,0.002227471576593636,0.2056867894148409,0.21251456625850496,22.67394757497003,22.65193961387341,0.5815224824867908,0.0,0.0,0.0,True,solar_array_degradation,1.0,0.5815224824867908,solar_array_degradation,0.5815224824867908,0.5815224824867908,3,solar_array_degradation,3.3397003210745564,0.5815224824867908,gradual,0.6121229570578814,1.3694214437816776,1408617735,solar_array_degradation
14820.0,247.0,4.116666666666666,0,0.0,369.8904379073655,369.8904379073655,88.72840553559455,88.57348389378778,29.549136221423783,29.56232109584475,12.517808816326301,12.556045878065026,24.551661035845818,24.631242208498527,25.88951794141681,25.834269085601687,13.535643004967717,18.494521895368276,3497.2609476841367,3457.2894602239876,3466.0921064131044,0.0017621724971965131,0.19405431242991283,0.19410741948503815,22.671175315089407,22.576975491700203,0.5815224824867908,0.0,0.0,0.0,True,solar_array_degradation,1.0,0.5815224824867908,solar_array_degradation,0.5815224824867908,0.5815224824867908,3,solar_array_degradation,3.3397003210745564,0.5815224824867908,gradual,0.6121229570578814,1.3694214437816776,1408617735,solar_array_degradation
14880.0,248.0,4.133333333333334,0,0.0,369.8904379073655,369.8904379073655,88.17797333632764,88.5256436539798,29.527118933453107,29.492163802143835,12.527142886544668,12.471165629661662,24.56353221867072,24.65123009594375,25.88339084167621,26.102980527392972,13.554344711992535,18.494521895368276,3497.260947684137,3477.2752039540624,3479.722652119122,0.001247318558629296,0.18118296396573239,0.17732945135799713,22.66841447662681,22.7182734021201,0.5815224824867908,0.0,0.0,0.0,True,solar_array_degradation,1.0,0.5815224824867908,solar_array_degradation,0.5815224824867908,0.5815224824867908,3,solar_array_degradation,3.3397003210745564,0.5815224824867908,gradual,0.6121229570578814,1.3694214437816776,1408617735,solar_array_degradation
14940.0,249.0,4.15,0,0.0,369.0211303259031,369.0211303259031,87.62883474953314,87.1991611284446,29.505153389981327,29.5567956594656,12.507005994797053,12.537160895670572,24.57519774507973,24.400643693565776,25.87722582797539,26.016202852311576,13.514015916311156,18.451056516295154,3475.5282581475767,3476.4017310508193,3467.092968719932,0.0007054113485506565,0.1676352837137664,0.16002553160319663,22.665642745355616,22.58351608269971,0.5815224824867908,0.0,0.0,0.0,True,solar_array_degradation,1.0,0.5815224824867908,solar_array_degradation,0.5815224824867908,0.5815224824867908,3,solar_array_degradation,3.3397003210745564,0.5815224824867908,gradual,0.6121229570578814,1.3694214437816776,1408617735,solar_array_degradation
15000.0,250.0,4.166666666666667,0,0.0,367.32050807568874,367.32050807568874,87.082226850611,87.39097758235236,29.48328907402444,29.443677644668966,12.45860009558119,12.467907219873906,24.58647101630035,24.594528530171484,25.870940072159158,25.663809307797784,13.417337307329252,18.366025403784437,3433.0127018922185,3454.7072164715196,3459.766256236189,0.00016013481240034853,0.1540033703100087,0.15650441246075777,22.662839435721946,22.717463649850515,0.5815224824867908,0.0,0.0,0.0,True,solar_array_degradation,1.0,0.5815224824867908,solar_array_degradation,0.5815224824867908,0.5815224824867908,3,solar_array_degradation,3.3397003210745564,0.5815224824867908,gradual,0.6121229570578814,1.3694214437816776,1408617735,solar_array_degradation
15060.0,251.0,4.183333333333334,0,0.0,364.8628965095479,364.8628965095479,86.5392761117575,86.79254285545969,29.4615710444703,29.516122115516104,12.384366602813252,12.382806397492871,24.597184866509984,24.581911583739853,25.86445884123284,25.724673818710198,13.2698028922301,18.243144825477398,3371.5724127386984,3413.139814605109,3411.955762626462,-0.00036467984866470743,0.15911699621661768,0.16527885207836593,22.66003561127009,22.608779376969554,0.5815224824867908,0.0,0.0,0.0,True,solar_array_degradation,1.0,0.5815224824867908,solar_array_degradation,0.5815224824867908,0.5815224824867908,3,solar_array_degradation,3.3397003210745564,0.5815224824867908,gradual,0.6121229570578814,1.3694214437816776,1408617735,solar_array_degradation
15120.0,252.0,4.2,0,0.0,361.7557050458495,361.7557050458495,86.00094916972498,85.88880499731906,29.440037966789,29.418468191887726,12.28788174301753,12.33727213981312,24.607199634039027,24.611857958388946,25.85771874100756,25.752577685205768,13.079363018430683,18.087785252292473,3293.8926261462375,3353.5162203756736,3338.3889726419793,-0.0008460957156159045,0.1711523928903976,0.17678429197468382,22.657231777238376,22.782759291747066,0.5815224824867908,0.0,0.0,0.0,True,solar_array_degradation,1.0,0.5815224824867908,solar_array_degradation,0.5815224824867908,0.5815224824867908,3,solar_array_degradation,3.3397003210745564,0.5815224824867908,gradual,0.6121229570578814,1.3694214437816776,1408617735,solar_array_degradation
15180.0,253.0,4.216666666666667,0,0.0,358.134732861516,358.134732861516,85.46801057915725,85.45806574213607,29.41872042316629,29.38300949040989,12.173701905114013,12.124324247665744,24.616409507721347,24.628993382978546,25.85067046436565,25.746920330233607,12.855921445966127,17.9067366430758,3203.3683215379006,3278.442270956787,3279.332480708975,-0.0012630726049777854,0.18157681512444462,0.1841763020636039,22.654407761563572,22.67402846238276,0.5815224824867908,0.0,0.0,0.0,True,solar_array_degradation,1.0,0.5815224824867908,solar_array_degradation,0.5815224824867908,0.5815224824867908,3,solar_array_degradation,3.3397003210745564,0.5815224824867908,gradual,0.6121229570578814,1.3694214437816776,1408617735,solar_array_degradation
15240.0,254.0,4.233333333333333,0,0.0,354.15823381635516,354.15823381635516,84.94098939788292,85.08861331662715,29.397639575915317,29.406578184148415,12.04716565429652,12.114983161375749,24.624746837422236,24.579401138217367,25.84328092403236,25.83600055251799,12.610736024164938,17.70791169081776,3103.9558454088797,3191.199058182833,3191.1411374617346,-0.0015973866258081285,0.1899346656452032,0.18743118320475644,22.651545336596914,22.784369201801603,0.5815224824867908,0.0,0.0,0.0,True,solar_array_degradation,1.0,0.5815224824867908,solar_array_degradation,0.5815224824867908,0.5815224824867908,3,solar_array_degradation,3.3397003210745564,0.5815224824867908,gradual,0.6121229570578814,1.3694214437816776,1408617735,solar_array_degradation
15300.0,255.0,4.25,0,0.0,350.0000000000001,350.0000000000001,84.42015606454957,84.54060448641766,29.376806242581985,29.402262130703647,11.914161025873245,11.899708956267295,24.632184285184486,24.584675588005453,25.8355346766401,25.795235961800994,12.35577863603496,17.500000000000007,3000.0000000000027,3095.599529091418,3103.6570392183203,-0.0018344266511799569,0.1958606662794989,0.17825627105001823,22.64862897596722,22.74893724937958,0.5815224824867908,0.0,0.0,0.0,True,solar_array_degradation,1.0,0.5815224824867908,solar_array_degradation,0.5815224824867908,0.5815224824867908,3,solar_array_degradation,3.3397003210745564,0.5815224824867908,gradual,0.6121229570578814,1.3694214437816776,1408617735,solar_array_degradation
15360.0,256.0,4.266666666666667,0,0.0,345.8417661836449,345.8417661836449,83.90551057915725,84.30784009644593,29.35622042316629,29.31322089723848,11.780868286120574,11.822008017384457,24.638734874826692,24.680598166698463,25.827434575845345,25.83340315006186,12.103108605993722,17.292088309182244,2896.0441545911226,2995.8218418412703,2993.74613643382,-0.001963832894540392,0.19909582236350978,0.20331669291519397,22.645646500560623,22.711783116774757,0.5815224824867908,0.0,0.0,0.0,True,solar_array_degradation,1.0,0.5815224824867908,solar_array_degradation,0.5815224824867908,0.5815224824867908,3,solar_array_degradation,3.3397003210745564,0.5815224824867908,gradual,0.6121229570578814,1.3694214437816776,1408617735,solar_array_degradation
15420.0,257.0,4.283333333333333,0,0.0,341.86526713848406,341.86526713848406,83.39678250305832,83.61125352291468,29.33587130012233,29.41064743366477,11.65348946486067,11.65721169662646,24.644450150033098,24.49277632458352,25.81900162595243,26.136899613420386,11.864305336609489,17.093263356924204,2796.6316784621013,2896.2267601516864,2910.014695626381,-0.001979949682094466,0.19949874205236165,0.2042000272761668,22.64258958964088,22.584422770376168,0.5815224824867908,0.0,0.0,0.0,True,solar_array_degradation,1.0,0.5815224824867908,solar_array_degradation,0.5815224824867908,0.5815224824867908,3,solar_array_degradation,3.3397003210745564,0.5815224824867908,gradual,0.6121229570578814,1.3694214437816776,1408617735,solar_array_degradation
15480.0,258.0,4.3,0,0.0,338.2442949541506,338.2442949541506,82.89344277842416,82.77506988842309,29.31573771113697,29.281054782941236,11.53797657377909,11.600529757738121,24.649416756710785,24.686305580871586,25.810274042440227,25.80306073781783,11.649992273366006,16.91221474770753,2706.1073738537643,2801.1670670027256,2805.944179044047,-0.0018820726328891153,0.19705181582222786,0.1933768351978827,22.63945413706194,22.528081478299608,0.5815224824867908,0.0,0.0,0.0,True,solar_array_degradation,1.0,0.5815224824867908,solar_array_degradation,0.5815224824867908,0.5815224824867908,3,solar_array_degradation,3.3397003210745564,0.5815224824867908,gradual,0.6121229570578814,1.3694214437816776,1408617735,solar_array_degradation
15540.0,259.0,4.316666666666666,0,0.0,335.1371034904522,335.1371034904522,82.394726850611,82.07234798227296,29.29578907402444,29.319404222372672,11.4397704954671,11.364898674865836,24.65375181590091,24.744199457266067,25.80130556044975,25.588947043608822,11.469467919116767,16.75685517452261,2628.4275872613057,2714.7973271320157,2701.1139684560144,-0.0016744794436408055,0.19186198609102012,0.1826919588752104,22.63624043693232,22.53578066472747,0.5815224824867908,0.0,0.0,0.0,True,solar_array_degradation,1.0,0.5815224824867908,solar_array_degradation,0.5815224824867908,0.5815224824867908,3,solar_array_degradation,3.3397003210745564,0.5815224824867908,gradual,0.6121229570578814,1.3694214437816776,1408617735,solar_array_degradation
15600.0,260.0,4.333333333333333,0,0.0,332.6794919243112,332.6794919243112,81.89966808286648,81.70985586499927,29.27598672331466,29.27680050751039,11.363562057478788,11.290185774373782,24.65759744970795,24.880161590266397,25.792163065158586,25.8599478558929,11.330443410733723,16.633974596215563,2566.9872981077806,2640.8923126198983,2644.8647951842186,-0.0013662429328624172,0.18415607332156042,0.18505216647294084,22.632953188194616,22.408612032725866,0.5815224824867908,0.0,0.0,0.0,True,solar_array_degradation,1.0,0.5815224824867908,solar_array_degradation,0.5815224824867908,0.5815224824867908,3,solar_array_degradation,3.3397003210745564,0.5815224824867908,gradual,0.6121229570578814,1.3694214437816776,1408617735,solar_array_degradation
15660.0,261.0,4.35,0,0.0,330.9788696740969,330.9788696740969,81.40714000299431,81.2393848809175,29.256285600119774,29.268128101183994,11.313085816770325,11.29824534566123,24.661114774529064,24.56859184827254,25.78292364760473,25.680641193760028,11.238872855808792,16.548943483704846,2524.471741852423,2582.682027236161,2586.298221951594,-0.0009708345151577327,0.1742708628789433,0.17406064637357568,22.629601313566596,22.844953081348326,0.5815224824867908,0.0,0.0,0.0,True,solar_array_degradation,1.0,0.5815224824867908,solar_array_degradation,0.5815224824867908,0.5815224824867908,3,solar_array_degradation,3.3397003210745564,0.5815224824867908,gradual,0.6121229570578814,1.3694214437816776,1408617735,solar_array_degradation
15720.0,262.0,4.366666666666666,0,0.0,330.1095620926345,330.1095620926345,80.91590553559456,81.35206441215409,29.236636221423783,29.26404662906272,11.290955621315272,11.19574997367436,24.66447760023989,24.61497231438936,25.773671214633154,25.822891926732158,11.198854307400875,16.505478104631727,2502.739052315864,2542.710539776012,2556.7222400895157,-0.0005055354357605887,0.16263838589401472,0.16496118068479537,22.626197595225054,22.511506829580043,0.5815224824867908,0.0,0.0,0.0,True,solar_array_degradation,1.0,0.5815224824867908,solar_array_degradation,0.5815224824867908,0.5815224824867908,3,solar_array_degradation,3.3397003210745564,0.5815224824867908,gradual,0.6121229570578814,1.3694214437816776,1408617735,solar_array_degradation
15780.0,263.0,4.383333333333334,0,0.0,330.1095620926345,330.1095620926345,80.42467106819481,81.04760902450899,29.216986842727792,29.190952011636185,11.298549158049127,11.229186887426604,24.667865991458946,24.67069788374987,25.764492801125353,25.790191823167103,11.212577046148212,16.505478104631727,2502.7390523158633,2522.724796045938,2514.2871947922727,9.318502806628603e-06,0.15023296257016572,0.15156760395129767,22.622759395398674,22.581777930403224,0.5815224824867908,0.0,0.0,0.0,True,solar_array_degradation,1.0,0.5815224824867908,solar_array_degradation,0.5815224824867908,0.5815224824867908,3,solar_array_degradation,3.3397003210745564,0.5815224824867908,gradual,0.6121229570578814,1.3694214437816776,1408617735,solar_array_degradation
15840.0,264.0,4.4,0,0.0,330.9788696740969,330.9788696740969,79.93214298832264,79.73554859081983,29.197285719532907,29.217208683301486,11.335946527819637,11.34764276557435,24.67145977782528,24.557560400816104,25.75547474568376,25.777939309381456,11.280294694526885,16.548943483704846,2524.471741852423,2523.5982689491807,2530.220487098164,0.0005512257128852536,0.16378064282213134,0.17595816116575677,22.61937733842475,22.699151931760515,0.5815224824867908,0.0,0.0,0.0,True,solar_array_degradation,1.0,0.5815224824867908,solar_array_degradation,0.5815224824867908,0.5815224824867908,3,solar_array_degradation,3.3397003210745564,0.5815224824867908,gradual,0.6121229570578814,1.3694214437816776,1408617735,solar_array_degradation
15900.0,265.0,4.416666666666667,0,0.0,332.6794919243112,332.6794919243112,79.43708422057813,79.49900529691183,29.177483368823125,29.18027866910732,11.401925509442243,11.376810677531523,24.675432060577762,24.647873162927844,25.746698896910722,25.749674764035348,11.400312425829581,16.633974596215563,2566.9872981077806,2545.292783528481,2544.238656893751,0.0010965022490355544,0.17741255622588886,0.1803459081538717,22.616071875239786,22.609209680156336,0.5815224824867908,0.0,0.0,0.0,True,solar_array_degradation,1.0,0.5815224824867908,solar_array_degradation,0.5815224824867908,0.5815224824867908,3,solar_array_degradation,3.3397003210745564,0.5815224824867908,gradual,0.6121229570578814,1.3694214437816776,1408617735,solar_array_degradation
15960.0,266.0,4.433333333333334,0,0.0,335.13710349045203,335.13710349045203,78.93836829276496,78.55078733173735,29.157534731710598,29.19165641972811,11.494013694030517,11.558091724073929,24.67994276176058,24.78340225007569,25.73823901608448,25.744003382496633,11.568988063884886,16.756855174522602,2628.4275872613007,2586.860185394891,2595.1527186040216,0.0016213169101006175,0.19053292275251543,0.19898247318111897,22.612861137989317,22.518150780399445,0.5815224824867908,0.0,0.0,0.0,True,solar_array_degradation,1.0,0.5815224824867908,solar_array_degradation,0.5815224824867908,0.5815224824867908,3,solar_array_degradation,3.3397003210745564,0.5815224824867908,gradual,0.6121229570578814,1.3694214437816776,1408617735,solar_array_degradation
16020.0,267.0,4.45,0,0.0,338.2442949541506,338.2442949541506,78.4350285681308,78.59321139055916,29.13740114272523,29.16583325527892,11.608595196850644,11.605078023167811,24.685132300508506,24.53212466047945,25.73015753345122,25.692950967787265,11.780758595547507,16.91221474770753,2706.107373853764,2646.483779624328,2654.4892322754195,0.002102732777051836,0.20256831942629588,0.20547329854302301,22.6097601203715,22.857963721292016,0.5815224824867908,0.0,0.0,0.0,True,solar_array_degradation,1.0,0.5815224824867908,solar_array_degradation,0.5815224824867908,0.5815224824867908,3,solar_array_degradation,3.3397003210745564,0.5815224824867908,gradual,0.6121229570578814,1.3694214437816776,1408617735,solar_array_degradation
16080.0,268.0,4.466666666666667,0,0.0,341.86526713848406,341.86526713848406,77.92630049203186,78.00306560378345,29.117052019681275,29.06325891456131,11.741067293055798,11.749077544631023,24.691115549686806,24.715463420874965,25.72250279989746,25.988861799758574,12.028212894405167,17.093263356924204,2796.6316784621013,2721.557729043214,2728.267832325543,0.00251970966641371,0.21299274166034274,0.2116709602465933,22.606779986006348,22.597288273645425,0.5815224824867908,0.0,0.0,0.0,True,solar_array_degradation,1.0,0.5815224824867908,solar_array_degradation,0.5815224824867908,0.5815224824867908,3,solar_array_degradation,3.3397003210745564,0.5815224824867908,gradual,0.6121229570578814,1.3694214437816776,1408617735,solar_array_degradation
16140.0,269.0,4.483333333333333,0,0.0,345.8417661836447,345.8417661836447,77.41165500663955,77.74854514361874,29.09646620026558,29.158628221674228,11.886040174201224,11.890018507583592,24.697976309994747,24.663198851889057,25.715306954116645,25.693382343002412,12.302236081818037,17.292088309182237,2896.0441545911185,2808.800941817166,2808.08341257833,0.0028540236872440033,0.2213505921811001,0.2217068323935031,22.603927540110472,22.610194573577765,0.5815224824867908,0.0,0.0,0.0,True,solar_array_degradation,1.0,0.5815224824867908,solar_array_degradation,0.5815224824867908,0.5815224824867908,3,solar_array_degradation,3.3397003210745564,0.5815224824867908,gradual,0.6121229570578814,1.3694214437816776,1408617735,solar_array_degradation
16200.0,270.0,4.5,1,251.0865105079255,349.99999999999994,98.91348949207443,77.264462313943,77.11806202643226,29.09057849255772,29.076669461636865,3.400189842129801,3.4221264640760105,24.68820479639145,24.4940028223396,25.72458449848371,25.79486108583443,1.9249032770018144,17.499999999999996,2999.999999999999,2904.400470908583,2899.1001269818057,0.003091063712615916,0.22727659281539792,0.22000206424275515,22.601204893335925,22.646322461985157,0.5815224824867908,0.0,0.0,0.0,True,solar_array_degradation,1.0,0.5815224824867908,solar_array_degradation,0.5815224824867908,0.5815224824867908,3,solar_array_degradation,3.3397003210745564,0.5815224824867908,gradual,0.6121229570578814,1.3694214437816776,1408617735,solar_array_degradation
16260.0,271.0,4.516666666666667,1,251.611957795258,354.15823381635516,102.54627602109716,77.11186368891163,77.32670087516489,29.084474547556464,29.10836834969455,3.525808102650168,3.5697037961139713,24.67872392035356,24.69931524708693,25.73420364587748,25.53387706812034,1.9945058221370862,17.70791169081776,3103.955845408879,3004.1781581587306,3016.8892067318643,0.003220469955976323,0.23051174889940806,0.21235906870773347,22.598609337951657,22.638521806729443,0.5815224824867908,0.0,0.0,0.0,True,solar_array_degradation,1.0,0.5815224824867908,solar_array_degradation,0.5815224824867908,0.5815224824867908,3,solar_array_degradation,3.3397003210745564,0.5815224824867908,gradual,0.6121229570578814,1.3694214437816776,1408617735,solar_array_degradation
16320.0,272.0,4.533333333333333,1,252.13484515622446,358.134732861516,105.99988770529154,76.95412576077874,76.88534851391499,29.07816503043115,28.97710070291376,3.645343081118068,3.612670898806095,24.669528517145853,24.549284183546884,25.74414348999661,25.69536194262918,2.0630820943244297,17.9067366430758,3203.3683215379,3103.7732398483154,3099.6242078717632,0.0032365867435303767,0.2309146685882594,0.22643842406765036,22.596133446035566,22.790454384125738,0.5815224824867908,0.0,0.0,0.0,True,solar_array_degradation,1.0,0.5815224824867908,solar_array_degradation,0.5815224824867908,0.5815224824867908,3,solar_array_degradation,3.3397003210745564,0.5815224824867908,gradual,0.6121229570578814,1.3694214437816776,1408617735,solar_array_degradation
16380.0,273.0,4.55,1,252.6526251361625,361.75570504584937,109.10307990968687,76.7917699871036,76.40815166534684,29.071670799484146,29.07734608794127,3.7529002258660284,3.6876039108264935,24.66060048207106,24.76291647707874,25.75436591258122,25.85751308333793,2.1267408084244233,18.08778525229247,3293.8926261462343,3198.832932997275,3204.7984301824904,0.0031387096943249967,0.2284677423581249,0.2400352040101842,22.593765387675813,22.433791718523874,0.5815224824867908,0.0,0.0,0.0,True,solar_array_degradation,1.0,0.5815224824867908,solar_array_degradation,0.5815224824867908,0.5815224824867908,3,solar_array_degradation,3.3397003210745564,0.5815224824867908,gradual,0.6121229570578814,1.3694214437816776,1408617735,solar_array_degradation
16440.0,274.0,4.566666666666666,1,253.16277516305715,364.8628965095478,111.70012134649065,76.62554956843323,76.5378911592993,29.065021982737328,29.030946085984237,3.8431115384269456,3.7371955351892803,24.651908747524445,24.466209275400942,25.764817274931527,26.133087261089944,2.181560503743226,18.24314482547739,3371.5724127386957,3285.202672867985,3288.498308938596,0.0029311165050767297,0.22327791262691823,0.2420279127676982,22.591489455202225,22.79224524151312,0.5815224824867908,0.0,0.0,0.0,True,solar_array_degradation,1.0,0.5815224824867908,solar_array_degradation,0.5815224824867908,0.5815224824867908,3,solar_array_degradation,3.3397003210745564,0.5815224824867908,gradual,0.6121229570578814,1.3694214437816776,1408617735,solar_array_degradation
16500.0,275.0,4.583333333333333,1,253.66280983725733,367.32050807568874,113.65769823843141,76.45641608891175,76.74284894000394,29.05825664355647,29.07297831962424,3.911373611728165,3.9414317579838904,24.64341031998077,24.387224796535033,25.775430787539644,25.652348527736645,2.2239074824418745,18.366025403784437,3433.0127018922185,3359.107687380102,3346.7483443966607,0.0026228799942983206,0.215571999857458,0.21026564151426091,22.58928676811425,22.553491594559752,0.5815224824867908,0.0,0.0,0.0,True,solar_array_degradation,1.0,0.5815224824867908,solar_array_degradation,0.5815224824867908,0.5815224824867908,3,solar_array_degradation,3.3397003210745564,0.5815224824867908,gradual,0.6121229570578814,1.3694214437816776,1408617735,solar_array_degradation
16560.0,276.0,4.6,1,254.1502930400938,369.0211303259031,114.87083728580927,76.28547734295073,76.64727728093854,29.051419093718028,29.05798013915696,3.954052534068758,4.007296187288801,24.6350523997788,24.469087768142852,25.78612945427192,25.89838630499772,2.2507625153740456,18.451056516295154,3475.5282581475763,3417.3179727638394,3422.0523690669847,0.002227471576593643,0.20568678941484106,0.20686958973298145,22.5871361235433,22.611552910085344,0.5815224824867908,0.0,0.0,0.0,True,solar_array_degradation,1.0,0.5815224824867908,solar_array_degradation,0.5815224824867908,0.5815224824867908,3,solar_array_degradation,3.3397003210745564,0.5815224824867908,gradual,0.6121229570578814,1.3694214437816776,1408617735,solar_array_degradation
16620.0,277.0,4.616666666666666,1,254.62284980240383,369.8904379073655,115.26758810496165,76.11394819398501,76.32493221318605,29.0445579277594,29.07073034596498,3.9686466701148997,3.9429210564774038,24.626775460418052,24.789353075974375,25.79682946242848,25.69761683373334,2.2600125113771266,18.494521895368276,3497.2609476841367,3457.2894602239876,3465.4508287465273,0.0017621724971965131,0.19405431242991283,0.20813250897860475,22.585014949548377,22.540512766212316,0.5815224824867908,0.0,0.0,0.0,True,solar_array_degradation,1.0,0.5815224824867908,solar_array_degradation,0.5815224824867908,0.5815224824867908,3,solar_array_degradation,3.3397003210745564,0.5815224824867908,gradual,0.6121229570578814,1.3694214437816776,1408617735,solar_array_degradation
16680.0,278.0,4.633333333333334,1,255.07817787514276,369.8904379073655,114.81226003222272,75.9430966165561,76.11569433906548,29.037723864662244,29.047510414823062,3.9539001254827926,3.931070773451596,24.618517027976157,24.77921868231001,25.80744387051979,25.829584607148796,2.2506660961834273,18.494521895368276,3497.2609476841367,3477.2752039540624,3484.0652125380957,0.0012473185586292885,0.18118296396573222,0.19054883217633126,22.582900313827338,22.43215770417327,0.5815224824867908,0.0,0.0,0.0,True,solar_array_degradation,1.0,0.5815224824867908,solar_array_degradation,0.5815224824867908,0.5815224824867908,3,solar_array_degradation,3.3397003210745564,0.5815224824867908,gradual,0.6121229570578814,1.3694214437816776,1408617735,solar_array_degradation
16740.0,279.0,4.65,1,255.51405894570965,369.0211303259031,113.50707138019342,75.7741872841451,75.5178459420255,29.030967491365804,29.089453408499917,3.9098618195880634,3.899415382122459,24.610215797661173,24.47489170622675,25.81788643258822,25.831954064940216,2.222961555861799,18.451056516295154,3475.5282581475767,3476.4017310508193,3474.35832708975,0.0007054113485506565,0.1676352837137664,0.16753494775240454,22.580769938777138,22.72850337384503,0.5815224824867908,0.0,0.0,0.0,True,solar_array_degradation,1.0,0.5815224824867908,solar_array_degradation,0.5815224824867908,0.5815224824867908,3,solar_array_degradation,3.3397003210745564,0.5815224824867908,gradual,0.6121229570578814,1.3694214437816776,1408617735,solar_array_degradation
16800.0,280.0,4.666666666666667,1,255.92836944534318,367.3205080756888,111.39213863034561,75.60842517308805,75.79552635109103,29.02433700692352,28.91547321014785,3.837887446103383,3.847502139511611,24.60181567088826,24.556754288176542,25.828075391935084,25.705796615775817,2.178350403916636,18.36602540378444,3433.0127018922203,3454.70721647152,3465.4482397331317,0.00016013481240036989,0.15400337031000924,0.14619850687115826,22.578603175192807,22.538461650666797,0.5815224824867908,0.0,0.0,0.0,True,solar_array_degradation,1.0,0.5815224824867908,solar_array_degradation,0.5815224824867908,0.5815224824867908,3,solar_array_degradation,3.3397003210745564,0.5815224824867908,gradual,0.6121229570578814,1.3694214437816776,1408617735,solar_array_degradation
16860.0,281.0,4.683333333333334,1,256.31909089493564,364.8628965095479,108.54380561461227,75.4469016528282,75.5442605464495,29.01787606611313,29.065372337457383,3.7405840926231315,3.659320922511515,24.593269302023995,24.76518573296168,25.837937078450558,25.54325374104819,2.119357548318817,18.243144825477398,3371.5724127386984,3413.139814605109,3414.1114144331823,-0.00036467984866471426,0.15911699621661785,0.163920223727649,22.57643112269492,22.71305534360173,0.5815224824867908,0.0,0.0,0.0,True,solar_array_degradation,1.0,0.5815224824867908,solar_array_degradation,0.5815224824867908,0.5815224824867908,3,solar_array_degradation,3.3397003210745564,0.5815224824867908,gradual,0.6121229570578814,1.3694214437816776,1408617735,solar_array_degradation
16920.0,282.0,4.7,1,256.6843197388597,361.7557050458495,105.07138530698978,75.2905454246928,75.08838547822451,29.011621816987713,29.00121273432367,3.621699812916539,3.6398513119059674,24.584540808754486,24.566563880262375,25.84740915232754,25.824678962125535,2.049336762790375,18.087785252292473,3293.8926261462375,3353.5162203756736,3357.2935506012345,-0.0008460957156159045,0.1711523928903976,0.17168458006008433,22.57425432232752,22.493308565199083,0.5815224824867908,0.0,0.0,0.0,True,solar_array_degradation,1.0,0.5815224824867908,solar_array_degradation,0.5815224824867908,0.5815224824867908,3,solar_array_degradation,3.3397003210745564,0.5815224824867908,gradual,0.6121229570578814,1.3694214437816776,1408617735,solar_array_degradation
16980.0,283.0,4.716666666666667,1,257.0222766189005,358.134732861516,101.11245624261551,75.14008046004605,75.60788529291344,29.00560321840184,29.006343146493933,3.485962883835747,3.4969211752880374,24.57560741382929,24.421754536700117,25.856443352395072,25.841761387938277,1.972154978198435,17.9067366430758,3203.3683215379006,3278.442270956787,3273.500677089818,-0.0012630726049777854,0.18157681512444462,0.18416240902922248,22.572052637564546,22.66828040867273,0.5815224824867908,0.0,0.0,0.0,True,solar_array_degradation,1.0,0.5815224824867908,solar_array_degradation,0.5815224824867908,0.5815224824867908,3,solar_array_degradation,3.3397003210745564,0.5815224824867908,gradual,0.6121229570578814,1.3694214437816776,1408617735,solar_array_degradation
17040.0,284.0,4.733333333333333,1,257.3313150431097,354.15823381635533,96.82691877324561,74.99599278330015,74.89129862429448,28.999839711332005,28.931309943152627,3.3388777226727027,3.3481433537948524,24.56645993053217,24.61721426260313,25.865007628957546,25.62660014636238,1.8918483557568042,17.707911690817767,3103.9558454088833,3191.199058182836,3198.0398382041512,-0.001597386625808086,0.18993466564520214,0.18063288257375754,22.56980787602788,22.64650650293471,0.5815224824867908,0.0,0.0,0.0,True,solar_array_degradation,1.0,0.5815224824867908,solar_array_degradation,0.5815224824867908,0.5815224824867908,3,solar_array_degradation,3.3397003210745564,0.5815224824867908,gradual,0.6121229570578814,1.3694214437816776,1408617735,solar_array_degradation
17100.0,285.0,4.75,1,257.609929407349,350.0000000000001,92.39007059265111,74.85850755920393,75.22932093110937,28.99434030236816,29.04553802831166,3.1864863842101285,3.1766673221506183,24.557102156409446,24.45362694749538,25.873087567925886,25.78034879719705,1.8122956381405233,17.500000000000007,3000.0000000000027,3095.5995290914193,3089.279653595109,-0.0018344266511799848,0.1958606662794996,0.18826798782418347,22.567504546352456,22.290494256948886,0.5815224824867908,0.0,0.0,0.0,True,solar_array_degradation,1.0,0.5815224824867908,solar_array_degradation,0.5815224824867908,0.5815224824867908,3,solar_array_degradation,3.3397003210745564,0.5815224824867908,gradual,0.6121229570578814,1.3694214437816776,1408617735,solar_array_degradation
17160.0,286.0,4.766666666666667,1,257.8567623304422,345.8417661836448,87.98500385320256,74.7275774939462,74.40287330227072,28.98910309975785,28.964641536429582,3.0351061069542893,3.008991257868721,24.54754937522578,24.51275375227769,25.880687044000844,25.938841763595146,1.7369495264376977,17.29208830918224,2896.044154591119,2995.8218418412694,2987.678817290648,-0.0019638328945404556,0.1990958223635114,0.1863901458468659,22.56513050416797,22.511213999170124,0.5815224824867908,0.0,0.0,0.0,True,solar_array_degradation,1.0,0.5815224824867908,solar_array_degradation,0.5815224824867908,0.5815224824867908,3,solar_array_degradation,3.3397003210745564,0.5815224824867908,gradual,0.6121229570578814,1.3694214437816776,1408617735,solar_array_degradation
17220.0,287.0,4.783333333333333,1,258.07061126719935,341.86526713848406,83.7946558712847,74.6028830655663,74.16699165239643,28.984115322622653,28.972416385902136,2.8910544599538417,2.920197530465887,24.537826264545206,24.410808608187704,25.887828074362684,25.972123026009303,1.66865567123352,17.093263356924204,2796.6316784621017,2896.226760151685,2896.0257714181553,-0.001979949682094438,0.19949874205236096,0.20072324577551998,22.562677463221174,22.539520613701452,0.5815224824867908,0.0,0.0,0.0,True,solar_array_degradation,1.0,0.5815224824867908,solar_array_degradation,0.5815224824867908,0.5815224824867908,3,solar_array_degradation,3.3397003210745564,0.5815224824867908,gradual,0.6121229570578814,1.3694214437816776,1408617735,solar_array_degradation
17280.0,288.0,4.8,1,258.2504343670967,338.2442949541506,79.99386058705386,74.48384458254986,74.31485394901043,28.979353783301995,29.000866161332002,2.760374202448455,2.7490288783006465,24.527964551154614,24.550949258701785,25.8945498792632,25.85864519089031,1.6095732590034357,16.91221474770753,2706.1073738537643,2801.1670670027247,2782.2093787532544,-0.0018820726328891012,0.19705181582222753,0.17885806291086534,22.56014135159038,22.55775079752489,0.5815224824867908,0.0,0.0,0.0,True,solar_array_degradation,1.0,0.5815224824867908,solar_array_degradation,0.5815224824867908,0.5815224824867908,3,solar_array_degradation,3.3397003210745564,0.5815224824867908,gradual,0.6121229570578814,1.3694214437816776,1408617735,solar_array_degradation
17340.0,289.0,4.816666666666666,1,258.39535555006734,335.13710349045215,76.74174794038481,74.36964555287668,74.59275561168003,28.974785822115066,29.014791626097917,2.6485699812079893,2.6495622512771653,24.518000743299783,24.4627490931702,25.90090719057814,25.9155587669322,1.5611938356284871,16.75685517452261,2628.4275872613034,2714.797327132014,2722.2202418797947,-0.0016744794436408194,0.19186198609102048,0.17756943879861747,22.557522497351798,22.68919354037801,0.5815224824867908,0.0,0.0,0.0,True,solar_array_degradation,1.0,0.5815224824867908,solar_array_degradation,0.5815224824867908,0.5815224824867908,3,solar_array_degradation,3.3397003210745564,0.5815224824867908,gradual,0.6121229570578814,1.3694214437816776,1408617735,solar_array_degradation
17400.0,290.0,4.833333333333333,1,258.5046687746751,332.6794919243112,74.1748231496361,74.25926635176114,74.44754958398212,28.970370654070447,28.988091301491043,2.560368454906677,2.5103127849003872,24.507974201939952,24.54168910968402,25.906967882245944,25.817078722863247,1.5244389299904966,16.633974596215563,2566.9872981077806,2640.8923126198974,2641.0046240509337,-0.0013662429328623966,0.18415607332155992,0.18671934441342505,22.55482563316095,22.6233777049743,0.5815224824867908,0.0,0.0,0.0,True,solar_array_degradation,1.0,0.5815224824867908,solar_array_degradation,0.5815224824867908,0.5815224824867908,3,solar_array_degradation,3.3397003210745564,0.5815224824867908,gradual,0.6121229570578814,1.3694214437816776,1408617735,solar_array_degradation
17460.0,291.0,4.85,1,258.57784147787794,330.978869674097,72.40102819621904,74.15152672646916,74.07816688350668,28.966061069058767,28.931629223109322,2.499512378421277,2.5794004023050445,24.497925706629612,24.438889197419773,25.912810026155388,25.92193677511272,1.4998049703904952,16.54894348370485,2524.471741852424,2582.682027236161,2584.8226171467527,-0.0009708345151577046,0.1742708628789426,0.17271365969453434,22.552059715195682,22.641783115514695,0.5815224824867908,0.0,0.0,0.0,True,solar_array_degradation,1.0,0.5815224824867908,solar_array_degradation,0.5815224824867908,0.5815224824867908,3,solar_array_degradation,3.3397003210745564,0.5815224824867908,gradual,0.6121229570578814,1.3694214437816776,1408617735,solar_array_degradation
17520.0,292.0,4.866666666666666,1,258.6145171696212,330.1095620926345,71.49504492301332,74.04513529057182,73.96214876362691,28.961805411622873,28.967904934079545,2.468597654976341,2.484820562247289,24.48789654555841,24.417705397166642,25.918518502155408,25.96148557385022,1.4875179505723752,16.505478104631727,2502.739052315864,2542.710539776012,2535.8333770744707,-0.0005055354357605887,0.16263838589401472,0.15782756404419718,22.549237558841924,22.590466821276337,0.5815224824867908,0.0,0.0,0.0,True,solar_array_degradation,1.0,0.5815224824867908,solar_array_degradation,0.5815224824867908,0.5815224824867908,3,solar_array_degradation,3.3397003210745564,0.5815224824867908,gradual,0.6121229570578814,1.3694214437816776,1408617735,solar_array_degradation
17580.0,293.0,4.883333333333334,1,258.6145171696212,330.1095620926345,71.49504492301332,73.93874385467447,73.94320320934425,28.957549754186978,28.898848338101008,2.4689604448551745,2.5023165294809133,24.477928037132596,24.380314825677193,25.92418131034743,25.989564121300145,1.487661254260757,16.505478104631727,2502.739052315864,2522.724796045938,2530.7316702953153,9.318502806635758e-06,0.15023296257016588,0.14100958649582332,22.54637655928842,22.476304998762654,0.5815224824867908,0.0,0.0,0.0,True,solar_array_degradation,1.0,0.5815224824867908,solar_array_degradation,0.5815224824867908,0.5815224824867908,3,solar_array_degradation,3.3397003210745564,0.5815224824867908,gradual,0.6121229570578814,1.3694214437816776,1408617735,solar_array_degradation
17640.0,294.0,4.9,1,258.57784147787794,330.9788696740969,72.40102819621899,73.83100422938249,73.93462665856627,28.9532401691753,28.971216082552683,2.5006191974775875,2.5071036059043084,24.468061294608678,24.527462765441932,25.92988574683206,25.907559117030157,1.5002477096634763,16.548943483704846,2524.471741852423,2523.5982689491807,2508.43912090565,0.0005512257128852536,0.16378064282213134,0.16923811089424096,22.543567373585326,22.465812695719777,0.5815224824867908,0.0,0.0,0.0,True,solar_array_degradation,1.0,0.5815224824867908,solar_array_degradation,0.5815224824867908,0.5815224824867908,3,solar_array_degradation,3.3397003210745564,0.5815224824867908,gradual,0.6121229570578814,1.3694214437816776,1408617735,solar_array_degradation
17700.0,295.0,4.916666666666667,1,258.5046687746751,332.6794919243112,74.1748231496361,73.72062502826697,73.81716417811826,28.94882500113068,29.000222918438464,2.5622740524611616,2.54337373429814,24.45833699305967,24.61509940159767,25.935714610049835,25.87355208651511,1.5252198655932596,16.633974596215563,2566.9872981077806,2545.292783528481,2547.9955761587335,0.0010965022490355544,0.17741255622588886,0.186308132533845,22.540830485136656,22.451848297820536,0.5815224824867908,0.0,0.0,0.0,True,solar_array_degradation,1.0,0.5815224824867908,solar_array_degradation,0.5815224824867908,0.5815224824867908,3,solar_array_degradation,3.3397003210745564,0.5815224824867908,gradual,0.6121229570578814,1.3694214437816776,1408617735,solar_array_degradation
17760.0,296.0,4.933333333333334,1,258.39535555006734,335.1371034904521,76.74174794038476,73.60642599859378,73.52513438917727,28.94425703994375,28.974709916797785,2.651363544570495,2.666288486122299,24.448794898740108,24.59354060365866,25.94174260351848,26.188671717130067,1.5623782916381934,16.756855174522606,2628.427587261303,2586.860185394892,2583.096646553012,0.001621316910100646,0.19053292275251615,0.1989715154995816,22.53818405831196,22.58795418943438,0.5815224824867908,0.0,0.0,0.0,True,solar_array_degradation,1.0,0.5815224824867908,solar_array_degradation,0.5815224824867908,0.5815224824867908,3,solar_array_degradation,3.3397003210745564,0.5815224824867908,gradual,0.6121229570578814,1.3694214437816776,1408617735,solar_array_degradation
17820.0,297.0,4.95,1,258.2504343670967,338.2442949541506,79.99386058705386,73.48738751557732,73.37272894530687,28.939495500623092,28.938996540497303,2.7641760577799817,2.7982183644859515,24.439472974488574,24.594838462693534,25.94803309218575,25.99813778045189,1.6112535422723264,16.91221474770753,2706.107373853764,2646.4837796243282,2640.44473467421,0.002102732777051822,0.20256831942629555,0.21116921320197302,22.53564311879172,22.512430218199867,0.5815224824867908,0.0,0.0,0.0,True,solar_array_degradation,1.0,0.5815224824867908,solar_array_degradation,0.5815224824867908,0.5815224824867908,3,solar_array_degradation,3.3397003210745564,0.5815224824867908,gradual,0.6121229570578814,1.3694214437816776,1408617735,solar_array_degradation
17880.0,298.0,4.966666666666667,1,258.07061126719935,341.8652671384839,83.79465587128453,73.36269308719744,73.1005919151447,28.934507723487897,28.90561180163687,2.8960111114405906,2.9073106733814065,24.430405971403665,24.655460420090993,25.95463535416211,25.8005503695239,1.6709504286069894,17.093263356924194,2796.6316784620976,2721.557729043213,2733.5398273497635,0.00251970966641366,0.2129927416603415,0.20263379303616944,22.533218861938416,22.67627328751467,0.5815224824867908,0.0,0.0,0.0,True,solar_array_degradation,1.0,0.5815224824867908,solar_array_degradation,0.5815224824867908,0.5815224824867908,3,solar_array_degradation,3.3397003210745564,0.5815224824867908,gradual,0.6121229570578814,1.3694214437816776,1408617735,solar_array_degradation
17940.0,299.0,4.983333333333333,1,257.8567623304422,345.8417661836447,87.9850038532025,73.23176302193968,73.46932383227838,28.929270520877587,28.94673971967442,3.041383424780993,3.056373234170076,24.42162353907832,24.49642069569095,25.96158244794718,26.098851573343428,1.7400010509226052,17.292088309182237,2896.0441545911185,2808.800941817166,2809.791050338475,0.0028540236872440176,0.22135059218110043,0.2303800848457221,22.53091812447305,22.51784281084745,0.5815224824867908,0.0,0.0,0.0,True,solar_array_degradation,1.0,0.5815224824867908,solar_array_degradation,0.5815224824867908,0.5815224824867908,3,solar_array_degradation,3.3397003210745564,0.5815224824867908,gradual,0.6121229570578814,1.3694214437816776,1408617735,solar_array_degradation
18000.0,300.0,5.0,1,257.609929407349,349.99999999999994,92.39007059265094,73.09427779784349,72.95970181001772,28.92377111191374,28.840988393980084,3.194260880960828,3.1959799167796796,24.413148011864017,24.32365665202936,25.9688897883636,25.69553389434485,1.8162642060509318,17.499999999999996,2999.9999999999986,2904.4004709085825,2904.604124993728,0.0030910637126159092,0.22727659281539772,0.2350571177509015,22.528743048315786,22.614570373324767,0.5815224824867908,0.0,0.0,0.0,True,solar_array_degradation,1.0,0.5815224824867908,solar_array_degradation,0.5815224824867908,0.5815224824867908,3,solar_array_degradation,3.3397003210745564,0.5815224824867908,gradual,0.6121229570578814,1.3694214437816776,1408617735,solar_array_degradation
18060.0,301.0,5.016666666666667,1,257.3313150431097,354.15823381635516,96.82691877324544,72.95019012109758,73.13297841216895,28.918007604843904,28.889185877567535,3.348326070604756,3.3065127752925885,24.40499213378619,24.234592554297198,25.97655449343833,25.965579898829102,1.8969029980073189,17.70791169081776,3103.955845408879,3004.1781581587306,3009.95659705452,0.0032204699559763303,0.23051174889940823,0.23476587871220758,22.52669095676917,22.31972922785489,0.5815224824867908,0.0,0.0,0.0,True,solar_array_degradation,1.0,0.5815224824867908,solar_array_degradation,0.5815224824867908,0.5815224824867908,3,solar_array_degradation,3.3397003210745564,0.5815224824867908,gradual,0.6121229570578814,1.3694214437816776,1408617735,solar_array_degradation
18120.0,302.0,5.033333333333333,1,257.0222766189005,358.1347328615159,101.1124562426154,72.79972515645082,73.38722526584961,28.911989006258032,28.896411165648637,3.4972500930575716,3.4320272128020792,24.397157049840377,24.270531252552658,25.984555530776973,26.03271779414983,1.9784606570712953,17.906736643075796,3203.368321537897,3103.773239848314,3099.844654700756,0.003236586743530341,0.23091466858825851,0.2472047323554058,22.52475445271195,22.693407419941433,0.5815224824867908,0.0,0.0,0.0,True,solar_array_degradation,1.0,0.5815224824867908,solar_array_degradation,0.5815224824867908,0.5815224824867908,3,solar_array_degradation,3.3397003210745564,0.5815224824867908,gradual,0.6121229570578814,1.3694214437816776,1408617735,solar_array_degradation
18180.0,303.0,5.05,1,256.6843197388597,361.75570504584937,105.07138530698967,72.64336892831544,72.51600032476807,28.905734757132617,28.87161360643572,3.6349667700822876,3.641009578197632,24.389630903119894,24.4257651068129,25.99285465703534,25.990434172052574,2.0570386735681967,18.08778525229247,3293.8926261462343,3198.8329329972744,3181.8216950434394,0.0031387096943250115,0.22846774235812528,0.2201566405383081,22.52292173680212,22.558402645732468,0.5815224824867908,0.0,0.0,0.0,True,solar_array_degradation,1.0,0.5815224824867908,solar_array_degradation,0.5815224824867908,0.5815224824867908,3,solar_array_degradation,3.3397003210745564,0.5815224824867908,gradual,0.6121229570578814,1.3694214437816776,1408617735,solar_array_degradation
18240.0,304.0,5.066666666666666,1,256.31909089493564,364.8628965095479,108.54380561461227,72.48184540805559,72.54810275894283,28.899273816322225,28.91331273056945,3.7559354018545283,3.7671926000047256,24.382388331232615,24.388897678126625,26.001398109430014,25.969691712084725,2.128564059432331,18.243144825477398,3371.572412738698,3285.202672867986,3287.400505077274,0.002931116505076772,0.22327791262691932,0.22631677653780832,22.521177131710086,22.543403725281326,0.5815224824867908,0.0,0.0,0.0,True,solar_array_degradation,1.0,0.5815224824867908,solar_array_degradation,0.5815224824867908,0.5815224824867908,3,solar_array_degradation,3.3397003210745564,0.5815224824867908,gradual,0.6121229570578814,1.3694214437816776,1408617735,solar_array_degradation
18300.0,305.0,5.083333333333333,1,255.92836944534318,367.32050807568874,111.39213863034556,72.31608329699853,72.21996853558032,28.892643331879942,28.945547935956846,3.8553806708102836,3.845187883277369,24.37539105727638,24.461495481682785,26.010118975362143,25.797226098277143,2.1891168093486044,18.366025403784437,3433.0127018922185,3359.1076873801026,3362.3363828920633,0.0026228799942983067,0.21557199985745767,0.21795584774759574,22.5195017870483,22.52742518454495,0.5815224824867908,0.0,0.0,0.0,True,solar_array_degradation,1.0,0.5815224824867908,solar_array_degradation,0.5815224824867908,0.5815224824867908,3,solar_array_degradation,3.3397003210745564,0.5815224824867908,gradual,0.6121229570578814,1.3694214437816776,1408617735,solar_array_degradation
18360.0,306.0,5.1,1,255.51405894570965,369.021130325903,113.50707138019337,72.14717396458752,72.15511692958391,28.8858869585835,28.930533746885207,3.929499258338145,3.8694677079570954,24.3685896347784,24.416575523407552,26.018940136591837,25.828956349500476,2.2352771537024028,18.45105651629515,3475.5282581475753,3417.317972763839,3414.9314559913582,0.002227471576593615,0.20568678941484037,0.1943153396796533,22.517874529835343,22.46461899759287,0.5815224824867908,0.0,0.0,0.0,True,solar_array_degradation,1.0,0.5815224824867908,solar_array_degradation,0.5815224824867908,0.5815224824867908,3,solar_array_degradation,3.3397003210745564,0.5815224824867908,gradual,0.6121229570578814,1.3694214437816776,1408617735,solar_array_degradation
18420.0,307.0,5.116666666666666,1,255.07817787514276,369.8904379073655,114.81226003222272,71.97632238715862,72.45762714053708,28.879052895486346,28.85404396683698,3.9756241469458757,3.9680496488433845,24.36192625359847,24.27198828448779,26.02777765928984,26.23224693346741,2.26444698862233,18.494521895368276,3497.260947684137,3457.2894602239876,3458.6005622110806,0.0017621724971965272,0.19405431242991317,0.20587910209856897,22.51627281779323,22.653275482354918,0.5815224824867908,0.0,0.0,0.0,True,solar_array_degradation,1.0,0.5815224824867908,solar_array_degradation,0.5815224824867908,0.5815224824867908,3,solar_array_degradation,3.3397003210745564,0.5815224824867908,gradual,0.6121229570578814,1.3694214437816776,1408617735,solar_array_degradation
18480.0,308.0,5.133333333333334,1,254.62284980240383,369.8904379073655,115.26758810496165,71.8047932381929,71.53536146573191,28.872191729527717,28.8953771735691,3.992339382641221,4.027261637763194,24.355338369075863,24.315518554512,26.036544481806256,26.251749092746437,2.2751018996950467,18.494521895368276,3497.260947684137,3477.2752039540624,3478.060073143633,0.001247318558629296,0.18118296396573239,0.1790330594203382,22.514673748060353,22.617033790335448,0.5815224824867908,0.0,0.0,0.0,True,solar_array_degradation,1.0,0.5815224824867908,solar_array_degradation,0.5815224824867908,0.5815224824867908,3,solar_array_degradation,3.3397003210745564,0.5815224824867908,gradual,0.6121229570578814,1.3694214437816776,1408617735,solar_array_degradation
18540.0,309.0,5.15,1,254.1502930400938,369.02113032590313,114.87083728580933,71.63385449223188,71.61052633721751,28.865354179689277,28.862211755950455,3.97954019793863,4.016959457654225,24.348762802911278,24.277669965731484,26.045154238984395,25.918507126254042,2.266939214960755,18.451056516295157,3475.5282581475776,3476.40173105082,3479.977090992947,0.0007054113485506708,0.16763528371376676,0.1734736120512795,22.513055072253405,22.65846428079544,0.5815224824867908,0.0,0.0,0.0,True,solar_array_degradation,1.0,0.5815224824867908,solar_array_degradation,0.5815224824867908,0.5815224824867908,3,solar_array_degradation,3.3397003210745564,0.5815224824867908,gradual,0.6121229570578814,1.3694214437816776,1408617735,solar_array_degradation
18600.0,310.0,5.166666666666667,1,253.66280983725738,367.32050807568885,113.65769823843146,71.4647210127104,71.658803633429,28.858588840508418,28.88360273617426,3.9384357588161643,3.906798346729419,24.342139899754162,24.374463315731333,26.05352505588009,25.96994057674255,2.2409020981057486,18.366025403784445,3433.0127018922203,3454.7072164715205,3447.05014307054,0.00016013481240036295,0.15400337031000907,0.16294034627472292,22.511396170168002,22.319022072660403,0.5815224824867908,0.0,0.0,0.0,True,solar_array_degradation,1.0,0.5815224824867908,solar_array_degradation,0.5815224824867908,0.5815224824867908,3,solar_array_degradation,3.3397003210745564,0.5815224824867908,gradual,0.6121229570578814,1.3694214437816776,1408617735,solar_array_degradation
18660.0,311.0,5.183333333333334,1,253.16277516305715,364.8628965095479,111.70012134649076,71.29850059404002,71.37382339884334,28.8519400237616,28.829662399539345,3.871494300019266,3.896094999573575,24.33541731851966,24.254953671281676,26.061583145084004,26.325510630189125,2.1990774492065333,18.243144825477398,3371.5724127386984,3413.139814605109,3417.7378155068136,-0.0003646798486647213,0.15911699621661804,0.16829252991967344,22.5097281702078,22.41933373354008,0.5815224824867908,0.0,0.0,0.0,True,solar_array_degradation,1.0,0.5815224824867908,solar_array_degradation,0.5815224824867908,0.5815224824867908,3,solar_array_degradation,3.3397003210745564,0.5815224824867908,gradual,0.6121229570578814,1.3694214437816776,1408617735,solar_array_degradation
18720.0,312.0,5.2,1,252.6526251361625,361.7557050458495,109.10307990968698,71.13614482036489,70.61503003969082,28.845445792814594,28.848909379891925,3.782332944109485,3.787307488013215,24.32855309260857,24.241526124085375,26.069266050427917,26.015433834800703,2.1444834000076742,18.087785252292473,3293.8926261462375,3353.5162203756736,3344.940550616864,-0.0008460957156159045,0.1711523928903976,0.1733550745555474,22.508051641984054,22.559340358279783,0.5815224824867908,0.0,0.0,0.0,True,solar_array_degradation,1.0,0.5815224824867908,solar_array_degradation,0.5815224824867908,0.5815224824867908,3,solar_array_degradation,3.3397003210745564,0.5815224824867908,gradual,0.6121229570578814,1.3694214437816776,1408617735,solar_array_degradation
18780.0,313.0,5.216666666666667,1,252.13484515622446,358.13473286151606,105.9998877052916,70.97840689223202,70.81703545257037,28.83913627568928,28.888949782453462,3.6755569477525243,3.66204859770895,24.321517699086563,24.31787948524102,26.076525395310647,25.89478362932782,2.080777510093748,17.906736643075803,3203.3683215379006,3278.442270956787,3283.753886271258,-0.0012630726049777854,0.18157681512444462,0.17893624923943022,22.506346477323657,22.59056556877438,0.5815224824867908,0.0,0.0,0.0,True,solar_array_degradation,1.0,0.5815224824867908,solar_array_degradation,0.5815224824867908,0.5815224824867908,3,solar_array_degradation,3.3397003210745564,0.5815224824867908,gradual,0.6121229570578814,1.3694214437816776,1408617735,solar_array_degradation
18840.0,314.0,5.233333333333333,1,251.611957795258,354.15823381635516,102.54627602109716,70.82580826720063,70.88653637570224,28.833032330688024,28.8520351040754,3.556555371803662,3.5486720503021694,24.314295015855432,24.17572052488269,26.083329015529795,26.177548742219837,2.011926889016439,17.70791169081776,3103.9558454088797,3191.199058182833,3199.483486609534,-0.0015973866258081285,0.1899346656452032,0.19793046417314877,22.504594511988795,22.350914417559277,0.5815224824867908,0.0,0.0,0.0,True,solar_array_degradation,1.0,0.5815224824867908,solar_array_degradation,0.5815224824867908,0.5815224824867908,3,solar_array_degradation,3.3397003210745564,0.5815224824867908,gradual,0.6121229570578814,1.3694214437816776,1408617735,solar_array_degradation
18900.0,315.0,5.25,1,251.0865105079255,350.0,98.91348949207449,70.6786155745041,70.18817680372017,28.827144622980164,28.723838734580564,3.4312621241447383,3.4447247288250287,24.306882195030855,24.263680486065102,26.089662383405557,26.223332350822204,1.941884781167221,17.5,2999.9999999999995,3095.5995290914166,3093.5209082375495,-0.0018344266511799994,0.19586066627949997,0.1949478024281638,22.502780282543664,22.39671243828265,0.5815224824867908,0.0,0.0,0.0,True,solar_array_degradation,1.0,0.5815224824867908,solar_array_degradation,0.5815224824867908,0.5815224824867908,3,solar_array_degradation,3.3397003210745564,0.5815224824867908,gradual,0.6121229570578814,1.3694214437816776,1408617735,solar_array_degradation
18960.0,316.0,5.266666666666667,1,250.561063220593,345.8417661836448,95.28070296305177,70.5368288141424,70.28975766029883,28.821473152565694,28.86326766580986,3.3058928826672362,3.269316418063954,24.299288615927782,24.604787540898887,26.095529260956678,26.127591534440995,1.8743142201335912,17.29208830918224,2896.0441545911194,2995.821841841268,3004.7627692841897,-0.0019638328945404135,0.19909582236351034,0.1892868309171062,22.500891672337747,22.606417673157324,0.5815224824867908,0.0,0.0,0.0,True,solar_array_degradation,1.0,0.5815224824867908,solar_array_degradation,0.5815224824867908,0.5815224824867908,3,solar_array_degradation,3.3397003210745564,0.5815224824867908,gradual,0.6121229570578814,1.3694214437816776,1408617735,solar_array_degradation
19020.0,317.0,5.283333333333333,1,250.03817585962665,341.86526713848417,91.82709127885752,70.4001813568822,70.68345520867227,28.816007254275288,28.827524191163846,3.1866694947903857,3.1189559045021222,24.291534180890622,24.242739729815554,26.100951553582874,26.120702997040866,1.8123889975222092,17.093263356924208,2796.631678462105,2896.226760151687,2897.2874667573496,-0.001979949682094374,0.19949874205235935,0.20057690573601308,22.498920422629677,22.57564341984465,0.5815224824867908,0.0,0.0,0.0,True,solar_array_degradation,1.0,0.5815224824867908,solar_array_degradation,0.5815224824867908,0.5815224824867908,3,solar_array_degradation,3.3397003210745564,0.5815224824867908,gradual,0.6121229570578814,1.3694214437816776,1408617735,solar_array_degradation
19080.0,318.0,5.3,1,249.5203958796885,338.24429495415046,88.72389907446197,70.26815174516426,70.42526420387642,28.81072606980657,28.846653873564193,3.079544016332305,3.0424997227616064,24.28364726683155,24.383374484546316,26.105968370649627,26.068792655760262,1.7586873078822483,16.912214747707523,2706.1073738537616,2801.1670670027247,2800.776819501248,-0.0018820726328891576,0.19705181582222894,0.1921636596674117,22.49686248880332,22.492218761257806,0.5815224824867908,0.0,0.0,0.0,True,solar_array_degradation,1.0,0.5815224824867908,solar_array_degradation,0.5815224824867908,0.5815224824867908,3,solar_array_degradation,3.3397003210745564,0.5815224824867908,gradual,0.6121229570578814,1.3694214437816776,1408617735,solar_array_degradation
19140.0,319.0,5.316666666666666,1,249.01024585279384,335.13710349045203,86.12685763765819,70.13998677844154,70.62067037307179,28.80559947113766,28.73946689578763,2.9899345689352756,2.9098134988004616,24.275662638890964,24.293176644555675,26.110634334033474,26.16012259615815,1.7151766981211338,16.756855174522602,2628.427587261301,2714.7973271320125,2727.185826091005,-0.001674479443640848,0.1918619860910212,0.20124244767762248,22.49471822603564,22.526767052045948,0.5815224824867908,0.0,0.0,0.0,True,solar_array_degradation,1.0,0.5815224824867908,solar_array_degradation,0.5815224824867908,0.5815224824867908,3,solar_array_degradation,3.3397003210745564,0.5815224824867908,gradual,0.6121229570578814,1.3694214437816776,1408617735,solar_array_degradation
19200.0,320.0,5.333333333333333,1,248.5102111785936,332.6794919243113,84.16928074571771,70.01473487256995,70.19110487039738,28.800589394902797,28.799152673559803,2.922484661394263,2.9429873215043085,24.267619574149908,24.265104665020765,26.11501720855364,26.032666354171237,1.6832733276867793,16.633974596215566,2566.9872981077824,2640.8923126198974,2626.442432608727,-0.0013662429328623609,0.184156073321559,0.18216867228787767,22.49249239387966,22.570056109007044,0.5815224824867908,0.0,0.0,0.0,True,solar_array_degradation,1.0,0.5815224824867908,solar_array_degradation,0.5815224824867908,0.5815224824867908,3,solar_array_degradation,3.3397003210745564,0.5815224824867908,gradual,0.6121229570578814,1.3694214437816776,1408617735,solar_array_degradation
19260.0,321.0,5.35,1,248.0227279757572,330.978869674097,82.95614169833979,69.8912882331379,70.10281142532624,28.795651529325514,28.764376820030915,2.8808565631465983,2.9096338738262504,24.259560345914988,24.27091462719905,26.11919495785262,26.190526059280266,1.6639467629939864,16.54894348370485,2524.471741852424,2582.682027236161,2582.099818983238,-0.0009708345151577046,0.1742708628789426,0.18193110564057574,22.490193975209003,22.5105629562005,0.5815224824867908,0.0,0.0,0.0,True,solar_array_degradation,1.0,0.5815224824867908,solar_array_degradation,0.5815224824867908,0.5815224824867908,3,solar_array_degradation,3.3397003210745564,0.5815224824867908,gradual,0.6121229570578814,1.3694214437816776,1408617735,solar_array_degradation
19320.0,322.0,5.366666666666666,1,247.55017121344716,330.1095620926345,82.55939087918736,69.76843199671053,69.82160989516048,28.79073727986842,28.78837347355656,2.867567790176601,2.8208073064120893,24.2515291025145,24.3520305134908,26.123252354399064,25.994206429822384,1.6578356025006653,16.505478104631727,2502.739052315864,2542.710539776012,2537.728445480821,-0.0005055354357605887,0.16263838589401472,0.16019608701736812,22.487835811905146,22.60671235455907,0.5815224824867908,0.0,0.0,0.0,True,solar_array_degradation,1.0,0.5815224824867908,solar_array_degradation,0.5815224824867908,0.5815224824867908,3,solar_array_degradation,3.3397003210745564,0.5815224824867908,gradual,0.6121229570578814,1.3694214437816776,1408617735,solar_array_degradation
19380.0,323.0,5.383333333333334,1,247.09484314070818,330.1095620926345,83.01471895192634,69.64489818874635,69.96035606365375,28.785795927549856,28.81044355640781,2.883877838947504,2.880435549693356,24.243571061603404,24.441805319823345,26.127277291773133,26.174824238425256,1.6653401111978021,16.505478104631727,2502.7390523158633,2522.724796045938,2520.1795633944976,9.318502806628603e-06,0.15023296257016572,0.1508351597307365,22.485435325453665,22.359523196239863,0.5815224824867908,0.0,0.0,0.0,True,solar_array_degradation,1.0,0.5815224824867908,solar_array_degradation,0.5815224824867908,0.5815224824867908,3,solar_array_degradation,3.3397003210745564,0.5815224824867908,gradual,0.6121229570578814,1.3694214437816776,1408617735,solar_array_degradation
19440.0,324.0,5.4,1,246.6589620701414,330.9788696740969,84.31990760395553,69.51942213576429,69.52483009422981,28.780776885430573,28.818309872358775,2.9297300743344428,2.9516696552549746,24.235731853449373,24.178621307962853,26.131356960406357,26.211347034828236,1.6866654646767758,16.548943483704846,2524.471741852423,2523.5982689491807,2518.9069657217947,0.0005512257128852536,0.16378064282213134,0.15508293037505044,22.48308319900433,22.547675810161603,0.5815224824867908,0.0,0.0,0.0,True,solar_array_degradation,1.0,0.5815224824867908,solar_array_degradation,0.5815224824867908,0.5815224824867908,3,solar_array_degradation,3.3397003210745564,0.5815224824867908,gradual,0.6121229570578814,1.3694214437816776,1408617735,solar_array_degradation
19500.0,325.0,5.416666666666667,1,246.24465157050776,332.6794919243112,86.43484035380345,69.39079886142827,69.01786057601976,28.77563195445713,28.798263154510163,3.0037512465617753,3.0309299783930017,24.228056801409004,24.134938354721225,26.135574053915537,26.490454948375334,1.7218017240977135,16.633974596215563,2566.98729810778,2545.2927835284804,2546.2674058839925,0.0010965022490355475,0.1774125562258887,0.169216259275213,22.480799941865016,22.4789426949363,0.5815224824867908,0.0,0.0,0.0,True,solar_array_degradation,1.0,0.5815224824867908,solar_array_degradation,0.5815224824867908,0.5815224824867908,3,solar_array_degradation,3.3397003210745564,0.5815224824867908,gradual,0.6121229570578814,1.3694214437816776,1408617735,solar_array_degradation
19560.0,326.0,5.433333333333334,0,0.0,335.1371034904521,335.1371034904521,68.89208293361509,68.7068105679264,28.755683317344605,28.69441017190962,11.654638834066828,11.70513508323738,24.236243288961226,24.408009017157145,26.12400317183326,25.830137632855017,11.866448508203089,16.756855174522606,2628.427587261303,2586.860185394892,2578.104347096888,0.001621316910100653,0.19053292275251632,0.18438300265507848,22.478603744114857,22.48258420603981,0.5815224824867908,0.0,0.0,0.0,True,solar_array_degradation,1.0,0.5815224824867908,solar_array_degradation,0.5815224824867908,0.5815224824867908,3,solar_array_degradation,3.3397003210745564,0.5815224824867908,gradual,0.6121229570578814,1.3694214437816776,1408617735,solar_array_degradation
19620.0,327.0,5.45,0,0.0,338.2442949541506,338.2442949541506,68.38874320898094,68.72209974987976,28.73554972835924,28.722445395225144,11.770935240551038,11.783802594913126,24.24510714027739,24.53459962112395,26.11283557595401,26.20344477777218,12.084393314979707,16.91221474770753,2706.107373853764,2646.4837796243282,2645.576796931206,0.002102732777051822,0.20256831942629555,0.2058466817212458,22.476509656951098,22.31962357383688,0.5815224824867908,0.0,0.0,0.0,True,solar_array_degradation,1.0,0.5815224824867908,solar_array_degradation,0.5815224824867908,0.5815224824867908,3,solar_array_degradation,3.3397003210745564,0.5815224824867908,gradual,0.6121229570578814,1.3694214437816776,1408617735,solar_array_degradation
19680.0,328.0,5.466666666666667,0,0.0,341.8652671384838,341.8652671384838,67.880015132882,67.78796390798058,28.71520060531528,28.64776105155233,11.905376244357608,11.850519320258066,24.254766626374316,24.22917439458646,26.102119418060227,26.10635826713959,12.339038681577158,17.09326335692419,2796.6316784620944,2721.5577290432116,2731.1117059718686,0.0025197096664136176,0.21299274166034043,0.20614283814936712,22.474528901061596,22.41272292532189,0.5815224824867908,0.0,0.0,0.0,True,solar_array_degradation,1.0,0.5815224824867908,solar_array_degradation,0.5815224824867908,0.5815224824867908,3,solar_array_degradation,3.3397003210745564,0.5815224824867908,gradual,0.6121229570578814,1.3694214437816776,1408617735,solar_array_degradation
19740.0,329.0,5.483333333333333,0,0.0,345.8417661836449,345.8417661836449,67.36536964748967,67.57912069358059,28.69461478589959,28.659145261363538,12.05249726347921,12.009491158038673,24.265308077359048,24.093168814213843,26.09188663933411,25.95694808149443,12.62101522289391,17.292088309182244,2896.0441545911217,2808.8009418171673,2812.8099225112546,0.0028540236872440883,0.2213505921811022,0.22356486653656923,22.472668338302807,22.498043208501127,0.5815224824867908,0.0,0.0,0.0,True,solar_array_degradation,1.0,0.5815224824867908,solar_array_degradation,0.5815224824867908,0.5815224824867908,3,solar_array_degradation,3.3397003210745564,0.5815224824867908,gradual,0.6121229570578814,1.3694214437816776,1408617735,solar_array_degradation
19800.0,330.0,5.5,0,0.0,350.0000000000001,350.0000000000001,66.84453631415633,66.84110103616706,28.673781452566253,28.625546552619213,12.206272848211157,12.200577086470403,24.27678105472022,24.32765045630241,26.082151546219436,26.242499415288325,12.919447747598152,17.500000000000007,3000.0000000000023,2904.4004709085843,2893.607167348015,0.003091063712615938,0.22727659281539844,0.233974281654159,22.470930135541817,22.40302282113697,0.5815224824867908,0.0,0.0,0.0,True,solar_array_degradation,1.0,0.5815224824867908,solar_array_degradation,0.5815224824867908,0.5815224824867908,3,solar_array_degradation,3.3397003210745564,0.5815224824867908,gradual,0.6121229570578814,1.3694214437816776,1408617735,solar_array_degradation
19860.0,331.0,5.516666666666667,0,0.0,354.158233816355,354.158233816355,66.317515132882,66.03725030809302,28.65270060531528,28.64901947694651,12.360378824139742,12.360621570249403,24.28919475897223,24.252673232309476,26.072910157231316,26.238404022713638,13.222317174099372,17.70791169081775,3103.9558454088756,3004.1781581587297,3008.843419913208,0.0032204699559762523,0.2305117488994063,0.22116792289533896,22.469311640841003,22.340510001206074,0.5815224824867908,0.0,0.0,0.0,True,solar_array_degradation,1.0,0.5815224824867908,solar_array_degradation,0.5815224824867908,0.5815224824867908,3,solar_array_degradation,3.3397003210745564,0.5815224824867908,gradual,0.6121229570578814,1.3694214437816776,1408617735,solar_array_degradation
19920.0,332.0,5.533333333333333,0,0.0,358.1347328615159,358.1347328615159,65.78457654231427,65.33452797867737,28.63138306169257,28.69856876923292,12.508467791787647,12.470741058405176,24.302516061484578,24.36332588821085,26.064140349259617,25.972752601110702,13.516941319855114,17.906736643075796,3203.368321537897,3103.773239848313,3107.438006909308,0.003236586743530355,0.23091466858825888,0.24253923428144314,22.467805481653244,22.392975568281955,0.5815224824867908,0.0,0.0,0.0,True,solar_array_degradation,1.0,0.5815224824867908,solar_array_degradation,0.5815224824867908,0.5815224824867908,3,solar_array_degradation,3.3397003210745564,0.5815224824867908,gradual,0.6121229570578814,1.3694214437816776,1408617735,solar_array_degradation
19980.0,333.0,5.55,0,0.0,361.75570504584937,361.75570504584937,65.24624960028174,65.16000952633895,28.60984998401127,28.55004538066276,12.644446064834943,12.602293735904835,24.316669502792077,24.224510405005447,26.055802796970124,26.132222771485036,13.79056130292159,18.08778525229247,3293.892626146234,3198.8329329972735,3192.9998120636583,0.003138709694325018,0.22846774235812545,0.23447603663638034,22.466399883026355,22.54374493862433,0.5815224824867908,0.0,0.0,0.0,True,solar_array_degradation,1.0,0.5815224824867908,solar_array_degradation,0.5815224824867908,0.5815224824867908,3,solar_array_degradation,3.3397003210745564,0.5815224824867908,gradual,0.6121229570578814,1.3694214437816776,1408617735,solar_array_degradation
20040.0,334.0,5.566666666666666,0,0.0,364.8628965095478,364.8628965095478,64.70329886142827,64.50917974599061,28.58813195445713,28.621562753711093,12.762740045092825,12.745195252941025,24.331539494697623,24.315659687111093,26.047842664245316,26.051734249362575,14.03100267668928,18.24314482547739,3371.572412738695,3285.2026728679843,3288.1410825852445,0.002931116505076736,0.2232779126269184,0.21498427635321304,22.46507919183764,22.5068123339097,0.5815224824867908,0.0,0.0,0.0,True,solar_array_degradation,1.0,0.5815224824867908,solar_array_degradation,0.5815224824867908,0.5815224824867908,3,solar_array_degradation,3.3397003210745564,0.5815224824867908,gradual,0.6121229570578814,1.3694214437816776,1408617735,solar_array_degradation
20100.0,335.0,5.583333333333333,0,0.0,367.32050807568874,367.32050807568874,64.1566909625061,64.13025375391429,28.566267638500243,28.534061693068676,12.858540454918646,12.820503186962188,24.346974807764312,24.189461598542866,26.04019197373892,25.905322801459814,14.227365010462353,18.366025403784437,3433.0127018922185,3359.107687380101,3356.761888667699,0.0026228799942983275,0.21557199985745817,0.2098466813408752,22.463824581724896,22.255564966697953,0.5815224824867908,0.0,0.0,0.0,True,solar_array_degradation,1.0,0.5815224824867908,solar_array_degradation,0.5815224824867908,0.5815224824867908,3,solar_array_degradation,3.3397003210745564,0.5815224824867908,gradual,0.6121229570578814,1.3694214437816776,1408617735,solar_array_degradation
20160.0,336.0,5.6,0,0.0,369.0211303259031,369.0211303259031,63.607552375711606,63.31249124907474,28.544302095028463,28.53558682024196,12.928013762514627,12.914296726097183,24.362795236209397,24.45419912360391,26.0327725509816,25.883043833376366,14.37068318750141,18.451056516295154,3475.5282581475763,3417.3179727638394,3427.95122986339,0.00222747157659365,0.20568678941484125,0.2047564870135481,22.462614903551867,22.564463425907842,0.5815224824867908,0.0,0.0,0.0,True,solar_array_degradation,1.0,0.5815224824867908,solar_array_degradation,0.5815224824867908,0.5815224824867908,3,solar_array_degradation,3.3397003210745564,0.5815224824867908,gradual,0.6121229570578814,1.3694214437816776,1408617735,solar_array_degradation
20220.0,337.0,5.616666666666666,0,0.0,369.8904379073655,369.8904379073655,63.057120176444705,62.6560634122831,28.522284807057787,28.48948160418681,12.968471509541788,12.989378174917444,24.378800132337155,24.38917263183804,26.025499414364486,25.85135102958123,14.454500263503764,18.494521895368276,3497.2609476841367,3457.2894602239876,3459.804523097164,0.0017621724971965131,0.19405431242991283,0.18532991101183313,22.46142763870688,22.283035996258597,0.5815224824867908,0.0,0.0,0.0,True,solar_array_degradation,1.0,0.5815224824867908,solar_array_degradation,0.5815224824867908,0.5815224824867908,3,solar_array_degradation,3.3397003210745564,0.5815224824867908,gradual,0.6121229570578814,1.3694214437816776,1408617735,solar_array_degradation
20280.0,338.0,5.633333333333334,0,0.0,369.8904379073655,369.8904379073655,62.50668797717779,62.82497960901161,28.50026751908711,28.462355328284456,12.978490032054738,12.982215640148446,24.39477831914637,24.193108341468665,26.018284462840306,26.09388778888907,14.475296280971536,18.494521895368276,3497.2609476841367,3477.2752039540624,3491.761164945822,0.0012473185586292885,0.18118296396573222,0.17941470902945456,22.460239907817154,22.496362510527135,0.5815224824867908,0.0,0.0,0.0,True,solar_array_degradation,1.0,0.5815224824867908,solar_array_degradation,0.5815224824867908,0.5815224824867908,3,solar_array_degradation,3.3397003210745564,0.5815224824867908,gradual,0.6121229570578814,1.3694214437816776,1408617735,solar_array_degradation
20340.0,339.0,5.65,0,0.0,369.0211303259031,369.0211303259031,61.95754939038329,62.20044252176434,28.47830197561533,28.436893039833837,12.95797518552472,12.954490655815068,24.41051874814047,24.284454322030758,26.011040300170173,26.07007827188678,14.432729672693952,18.451056516295154,3475.5282581475767,3476.4017310508193,3483.26191711894,0.0007054113485506565,0.1676352837137664,0.1573739753339089,22.45902948581203,22.350126118342978,0.5815224824867908,0.0,0.0,0.0,True,solar_array_degradation,1.0,0.5815224824867908,solar_array_degradation,0.5815224824867908,0.5815224824867908,3,solar_array_degradation,3.3397003210745564,0.5815224824867908,gradual,0.6121229570578814,1.3694214437816776,1408617735,solar_array_degradation
20400.0,340.0,5.666666666666667,0,0.0,367.32050807568874,367.32050807568874,61.410941491461145,61.252486024675946,28.456437659658445,28.523710073075634,12.908169057169948,12.900104075247466,24.425821189893888,24.501395252690227,26.00368402857638,25.988828468981012,14.329666272678375,18.366025403784437,3433.012701892219,3454.7072164715196,3449.632794911329,0.00016013481240035557,0.15400337031000888,0.15548538941508985,22.45777577562494,22.501639771974588,0.5815224824867908,0.0,0.0,0.0,True,solar_array_degradation,1.0,0.5815224824867908,solar_array_degradation,0.5815224824867908,0.5815224824867908,3,solar_array_degradation,3.3397003210745564,0.5815224824867908,gradual,0.6121229570578814,1.3694214437816776,1408617735,solar_array_degradation
20460.0,341.0,5.683333333333334,0,0.0,364.86289650954785,364.86289650954785,60.867990752607646,60.4350816665616,28.434719630104304,28.407031390375717,12.831598174903807,12.898664400052583,24.440506239213775,24.476290699601225,25.996140845998724,25.772191360034505,14.171992937775576,18.243144825477394,3371.572412738696,3413.1398146051074,3414.012502621392,-0.000364679848664743,0.15911699621661857,0.14858693133360876,22.45650992862381,22.475330804505806,0.5815224824867908,0.0,0.0,0.0,True,solar_array_degradation,1.0,0.5815224824867908,solar_array_degradation,0.5815224824867908,0.5815224824867908,3,solar_array_degradation,3.3397003210745564,0.5815224824867908,gradual,0.6121229570578814,1.3694214437816776,1408617735,solar_array_degradation
20520.0,342.0,5.7,0,0.0,361.7557050458496,361.7557050458496,60.32966381057514,60.184976048863994,28.413186552423007,28.409349709183,12.731965292889683,12.680932202062378,24.454423985836986,24.11665413088819,25.98834728973532,26.070082976115444,13.968235217547797,18.08778525229248,3293.8926261462407,3353.5162203756745,3351.7771255811294,-0.0008460957156158409,0.17115239289039602,0.1666741903612431,22.45523253721194,22.440966670378405,0.5815224824867908,0.0,0.0,0.0,True,solar_array_degradation,1.0,0.5815224824867908,solar_array_degradation,0.5815224824867908,0.5815224824867908,3,solar_array_degradation,3.3397003210745564,0.5815224824867908,gradual,0.6121229570578814,1.3694214437816776,1408617735,solar_array_degradation
20580.0,343.0,5.716666666666667,0,0.0,358.13473286151617,358.13473286151617,59.79672522000741,59.33950235771319,28.391869008800295,28.335702867587298,12.61398933442914,12.635552663833874,24.46746083576972,24.69933478017637,25.980253984703587,25.93767768911326,13.729018154327369,17.90673664307581,3203.368321537904,3278.4422709567893,3294.347534021533,-0.0012630726049777494,0.18157681512444374,0.174538626009051,22.453923515837335,22.525222826647244,0.5815224824867908,0.0,0.0,0.0,True,solar_array_degradation,1.0,0.5815224824867908,solar_array_degradation,0.5815224824867908,0.5815224824867908,3,solar_array_degradation,3.3397003210745564,0.5815224824867908,gradual,0.6121229570578814,1.3694214437816776,1408617735,solar_array_degradation
20640.0,344.0,5.733333333333333,0,0.0,354.15823381635533,354.15823381635533,59.26970403873306,58.923863136345105,28.37078816154932,28.311906703186942,12.48320038906578,12.47060531896774,24.47954414860939,24.415201540601874,25.971827776207594,26.06764049983536,13.466423356285764,17.707911690817767,3103.9558454088833,3191.1990581828363,3188.325034899859,-0.001597386625808114,0.18993466564520284,0.18335825488799376,22.45256472271362,22.63562134616989,0.5815224824867908,0.0,0.0,0.0,True,solar_array_degradation,1.0,0.5815224824867908,solar_array_degradation,0.5815224824867908,0.5815224824867908,3,solar_array_degradation,3.3397003210745564,0.5815224824867908,gradual,0.6121229570578814,1.3694214437816776,1408617735,solar_array_degradation
20700.0,345.0,5.75,0,0.0,350.0000000000001,350.0000000000001,58.748870705399725,58.685278636158245,28.34995482821599,28.359209111748566,12.345698683500336,12.28508227206368,24.490644557313406,24.659514356144587,25.963053153997933,25.977362965990313,13.193302078702555,17.500000000000007,3000.000000000003,3095.59952909142,3098.2180128181058,-0.0018344266511799916,0.19586066627949977,0.19453302098232395,22.45114071668805,22.37312979504926,0.5815224824867908,0.0,0.0,0.0,True,solar_array_degradation,1.0,0.5815224824867908,solar_array_degradation,0.5815224824867908,0.5815224824867908,3,solar_array_degradation,3.3397003210745564,0.5815224824867908,gradual,0.6121229570578814,1.3694214437816776,1408617735,solar_array_degradation
20760.0,346.0,5.766666666666667,0,0.0,345.8417661836449,345.8417661836449,58.23422522000741,58.058931890071506,28.329369008800295,28.331788558228247,12.20788807813587,12.120414644983208,24.500776031657068,24.590086816398124,25.953932905384313,25.965128074368163,12.922602506263352,17.292088309182244,2896.044154591123,2995.8218418412716,3003.4592381962434,-0.0019638328945404127,0.1990958223635103,0.1838653948729903,22.44963940322605,22.3997481162139,0.5815224824867908,0.0,0.0,0.0,True,solar_array_degradation,1.0,0.5815224824867908,solar_array_degradation,0.5815224824867908,0.5815224824867908,3,solar_array_degradation,3.3397003210745564,0.5815224824867908,gradual,0.6121229570578814,1.3694214437816776,1408617735,solar_array_degradation
20820.0,347.0,5.783333333333333,0,0.0,341.86526713848406,341.86526713848406,57.72549714390847,58.0591723591802,28.30901988575634,28.35405468902752,12.076195803249737,12.111585842316584,24.509993910154705,24.33764993099716,25.944487968855086,26.031343385245496,12.666760406274125,17.093263356924204,2796.6316784621017,2896.226760151687,2901.8730569070667,-0.0019799496820944724,0.1994987420523618,0.20120190647884384,22.448052545536317,22.547806466184866,0.5815224824867908,0.0,0.0,0.0,True,solar_array_degradation,1.0,0.5815224824867908,solar_array_degradation,0.5815224824867908,0.5815224824867908,3,solar_array_degradation,3.3397003210745564,0.5815224824867908,gradual,0.6121229570578814,1.3694214437816776,1408617735,solar_array_degradation
20880.0,348.0,5.8,0,0.0,338.2442949541506,338.2442949541506,57.22215741927431,57.337315892142804,28.288886296770972,28.281629092559054,11.9567907836923,11.932692418150328,24.518391238919108,24.588927083847572,25.93475649459966,25.91578436960967,12.437187667599131,16.91221474770753,2706.107373853765,2801.1670670027256,2812.0052189471025,-0.001882072632889122,0.19705181582222803,0.20358928308487187,22.446376120788162,22.40883792972454,0.5815224824867908,0.0,0.0,0.0,True,solar_array_degradation,1.0,0.5815224824867908,solar_array_degradation,0.5815224824867908,0.5815224824867908,3,solar_array_degradation,3.3397003210745564,0.5815224824867908,gradual,0.6121229570578814,1.3694214437816776,1408617735,solar_array_degradation
20940.0,349.0,5.816666666666666,0,0.0,335.13710349045215,335.13710349045215,56.723441491461145,56.95407011981839,28.268937659658445,28.234219633541016,11.855312977279437,11.848301856462852,24.526093810362728,24.49110769683023,25.92479215299191,25.983325273212852,12.24387566314002,16.75685517452261,2628.4275872613034,2714.7973271320143,2730.8939761771458,-0.0016744794436408337,0.19186198609102084,0.18386761618347539,22.444610505780595,22.36184980223924,0.5815224824867908,0.0,0.0,0.0,True,solar_array_degradation,1.0,0.5815224824867908,solar_array_degradation,0.5815224824867908,0.5815224824867908,3,solar_array_degradation,3.3397003210745564,0.5815224824867908,gradual,0.6121229570578814,1.3694214437816776,1408617735,solar_array_degradation
21000.0,350.0,5.833333333333333,0,0.0,332.6794919243112,332.6794919243112,56.22838272371663,56.35247874053294,28.249135308948667,28.256171130211715,11.776625666093437,11.758603039643951,24.533254290721697,24.60768139762553,25.914661764960403,26.070815055474426,12.095112966343256,16.633974596215563,2566.9872981077806,2640.8923126198974,2642.070145450818,-0.0013662429328624034,0.1841560733215601,0.1796048144272427,22.44276048152653,22.507328003358175,0.5815224824867908,0.0,0.0,0.0,True,solar_array_degradation,1.0,0.5815224824867908,solar_array_degradation,0.5815224824867908,0.5815224824867908,3,solar_array_degradation,3.3397003210745564,0.5815224824867908,gradual,0.6121229570578814,1.3694214437816776,1408617735,solar_array_degradation
21060.0,351.0,5.85,0,0.0,330.97886967409704,330.97886967409704,55.73585464384446,55.68657985835205,28.229434185753778,28.20315348233035,11.724601616036935,11.735032760297946,24.540045773791974,24.06153940451972,25.90444235780813,25.947523161802987,11.997302644382073,16.548943483704853,2524.471741852425,2582.682027236161,2575.6745481753233,-0.0009708345151576903,0.17427086287894225,0.1641529563095561,22.440835052198523,22.495879414938873,0.5815224824867908,0.0,0.0,0.0,True,solar_array_degradation,1.0,0.5815224824867908,solar_array_degradation,0.5815224824867908,0.5815224824867908,3,solar_array_degradation,3.3397003210745564,0.5815224824867908,gradual,0.6121229570578814,1.3694214437816776,1408617735,solar_array_degradation
21120.0,352.0,5.866666666666666,0,0.0,330.1095620926346,330.1095620926346,55.24462017644471,55.03214760637428,28.209784807057787,28.177449191475837,11.701952508692823,11.683172067492437,24.54665501715341,24.598457880905777,25.894217775154928,25.634791848308907,11.954855401256182,16.50547810463173,2502.739052315864,2542.710539776012,2547.0121544169497,-0.0005055354357605887,0.16263838589401472,0.16602378317634936,22.438847080817244,22.60071206251787,0.5815224824867908,0.0,0.0,0.0,True,solar_array_degradation,1.0,0.5815224824867908,solar_array_degradation,0.5815224824867908,0.5815224824867908,3,solar_array_degradation,3.3397003210745564,0.5815224824867908,gradual,0.6121229570578814,1.3694214437816776,1408617735,solar_array_degradation
21180.0,353.0,5.883333333333334,0,0.0,330.1095620926345,330.1095620926345,54.753385709044956,54.665986084490406,28.1901354283618,28.23674759705115,11.710109124219203,11.657536598545231,24.553275528570786,24.544171930776603,25.88407498916295,25.75053868568029,11.970132456089745,16.505478104631727,2502.7390523158633,2522.724796045938,2520.8798053899814,9.318502806628603e-06,0.15023296257016572,0.14506087640107646,22.436814009848923,22.361668186484444,0.5815224824867908,0.0,0.0,0.0,True,solar_array_degradation,1.0,0.5815224824867908,solar_array_degradation,0.5815224824867908,0.5815224824867908,3,solar_array_degradation,3.3397003210745564,0.5815224824867908,gradual,0.6121229570578814,1.3694214437816776,1408617735,solar_array_degradation
21240.0,354.0,5.9,0,0.0,330.9788696740969,330.9788696740969,54.26085762917279,54.54065979561848,28.17043430516691,28.186426833963218,11.749157506364398,11.74606421078356,24.560100595961856,24.8886012292681,25.874100276217057,25.73357108249811,12.043416168748712,16.548943483704846,2524.4717418524237,2523.5982689491807,2526.3082305467137,0.0005512257128852607,0.1637806428221315,0.16081773841958028,22.434826543266624,22.414633815476268,0.5815224824867908,0.0,0.0,0.0,True,solar_array_degradation,1.0,0.5815224824867908,solar_array_degradation,0.5815224824867908,0.5815224824867908,3,solar_array_degradation,3.3397003210745564,0.5815224824867908,gradual,0.6121229570578814,1.3694214437816776,1408617735,solar_array_degradation
21300.0,355.0,5.916666666666667,0,0.0,332.67949192431126,332.67949192431126,53.76579886142828,53.7128331422739,28.150631954457133,28.19424573888495,11.817833875364833,11.833583733968283,24.567316311720944,24.546743790975725,25.86437542319975,25.766779491845636,12.172895800457647,16.633974596215563,2566.987298107782,2545.292783528482,2546.527599321121,0.0010965022490355756,0.1774125562258894,0.17840597893945373,22.432905211045345,22.3904587089806,0.5815224824867908,0.0,0.0,0.0,True,solar_array_degradation,1.0,0.5815224824867908,solar_array_degradation,0.5815224824867908,0.5815224824867908,3,solar_array_degradation,3.3397003210745564,0.5815224824867908,gradual,0.6121229570578814,1.3694214437816776,1408617735,solar_array_degradation
21360.0,356.0,5.933333333333334,0,0.0,335.13710349045203,335.13710349045203,53.26708293361511,53.50625050440063,28.130683317344605,28.175860912624106,11.913578483314542,11.968445091420554,24.575094641124778,24.882483519215445,25.854974130163196,25.784225687263497,12.354668182247618,16.756855174522602,2628.4275872613002,2586.860185394891,2592.2847174264516,0.0016213169101006036,0.1905329227525151,0.18034416256950622,22.431068223776332,22.507101767523434,0.5815224824867908,0.0,0.0,0.0,True,solar_array_degradation,1.0,0.5815224824867908,solar_array_degradation,0.5815224824867908,0.5815224824867908,3,solar_array_degradation,3.3397003210745564,0.5815224824867908,gradual,0.6121229570578814,1.3694214437816776,1408617735,solar_array_degradation
21420.0,357.0,5.95,0,0.0,338.2442949541504,338.2442949541504,52.76374320898096,52.69493409477882,28.11054972835924,28.139205736241966,12.032646042952114,12.005759521929814,24.58358662549002,24.620241718246813,25.845958766617304,25.971062437992313,12.582765663597696,16.91221474770752,2706.1073738537607,2646.483779624326,2643.6664428933123,0.0021027327770517935,0.20256831942629483,0.19161954197580025,22.42933065301511,22.21813808992136,0.5815224824867908,0.0,0.0,0.0,True,solar_array_degradation,1.0,0.5815224824867908,solar_array_degradation,0.5815224824867908,0.5815224824867908,3,solar_array_degradation,3.3397003210745564,0.5815224824867908,gradual,0.6121229570578814,1.3694214437816776,1408617735,solar_array_degradation
21480.0,358.0,5.966666666666667,0,0.0,341.8652671384839,341.8652671384839,52.25501513288202,52.20203208546759,28.09020060531528,28.056876111146448,12.170267914490987,12.233259281767207,24.592915884699877,24.59645088979144,25.837377623198215,25.631468592103044,12.849233688839105,17.093263356924194,2796.6316784620976,2721.5577290432116,2708.591893690214,0.002519709666413688,0.21299274166034218,0.21162614894652143,22.42770373965513,22.535827946696898,0.5815224824867908,0.0,0.0,0.0,True,solar_array_degradation,1.0,0.5815224824867908,solar_array_degradation,0.5815224824867908,0.5815224824867908,3,solar_array_degradation,3.3397003210745564,0.5815224824867908,gradual,0.6121229570578814,1.3694214437816776,1408617735,solar_array_degradation
21540.0,359.0,5.983333333333333,0,0.0,345.8417661836447,345.8417661836447,51.74036964748969,51.58872291431417,28.06961478589959,28.07195902936253,12.320859007918196,12.314357569530639,24.603172673843144,24.557545860105485,25.829262778830994,26.08793304307566,13.144285335439918,17.292088309182237,2896.0441545911185,2808.8009418171646,2812.1677773903903,0.0028540236872440384,0.22135059218110095,0.21326300613796917,22.42619436560689,22.519515186304428,0.5815224824867908,0.0,0.0,0.0,True,solar_array_degradation,1.0,0.5815224824867908,solar_array_degradation,0.5815224824867908,0.5815224824867908,3,solar_array_degradation,3.3397003210745564,0.5815224824867908,gradual,0.6121229570578814,1.3694214437816776,1408617735,solar_array_degradation
21600.0,360.0,6.0,1,251.0865105079255,349.99999999999994,98.91348949207443,51.59317695479315,51.73278928527637,28.063727078191725,27.980435416322656,3.5246027449055384,3.608620301863127,24.594199724335922,24.452005082125364,25.837628676600346,25.909868814837292,1.9938259607516524,17.499999999999996,2999.9999999999986,2904.4004709085825,2914.6236947924313,0.0030910637126159235,0.22727659281539808,0.22884991886660835,22.42480471764112,22.50437915229165,0.5815224824867908,0.0,0.0,0.0,True,solar_array_degradation,1.0,0.5815224824867908,solar_array_degradation,0.5815224824867908,0.5815224824867908,3,solar_array_degradation,3.3397003210745564,0.5815224824867908,gradual,0.6121229570578814,1.3694214437816776,1408617735,solar_array_degradation
