time_s,time_min,time_h,in_sunlight,solar_power_w,load_power_w,battery_power_w,battery_soc_true,battery_soc_measured,battery_voltage_true,battery_voltage_measured,battery_current_true,battery_current_measured,battery_temp_true,battery_temp_measured,electronics_temp_true,electronics_temp_measured,battery_heat_w,electronics_heat_w,wheel_target_speed_rpm,wheel_speed_true,wheel_speed_measured,wheel_torque_nm,wheel_current_true,wheel_current_measured,wheel_temp_true,wheel_temp_measured,solar_degradation,battery_degradation,thermal_anomaly,wheel_degradation,fault_active,fault_type,fault_progress,fault_severity,fault_label,fault_requested_severity,fault_effective_severity,scenario_id,scenario_fault_type,scenario_start_time_h,scenario_severity,scenario_profile,scenario_ramp_duration_h,scenario_sensor_noise_scale,scenario_random_seed,scenario_internal_fault_name
0.0,0.0,0.0,1,600.0,350.0,-250.0,90.37202380952381,90.27900621904153,29.61488095238095,29.58637876856418,-8.44170200791912,-8.424455446413171,22.022336622077468,21.98989347921098,24.023,23.912502333065348,6.700986623240457,17.5,3000.0,3000.0,3002.010120707295,0.0006283185307179586,0.16570796326794895,0.15947622646410722,24.979227572821976,25.020560152998524,0.0,0.0,0.0,0.0,False,none,0.0,0.0,nominal,0.2332509222505076,0.0,120,telemetry_dropout,2.06836894962348,0.2332509222505076,gradual,0.8498990995203983,1.3715093973630794,1709712774,postprocessed_sensor_fault
60.0,1.0,0.016666666666666666,1,601.2556165273943,354.15823381635516,-247.09738271103913,90.7397282480819,90.81710553246297,29.629589129923275,29.62001213883435,-8.339548065534684,-8.277619264947408,22.0440820855283,22.045970073963506,24.046231823381635,24.18637905043601,6.563844954989063,17.70791169081776,3103.9558454088797,3051.97792270444,3055.061819364822,0.0019890973650273443,0.1997274341256836,0.20392264382365094,24.95874847619419,25.180542359222244,0.0,0.0,0.0,0.0,False,none,0.0,0.0,nominal,0.2332509222505076,0.0,120,telemetry_dropout,2.06836894962348,0.2332509222505076,gradual,0.8498990995203983,1.3715093973630794,1709712774,postprocessed_sensor_fault
120.0,2.0,0.03333333333333333,1,602.5051158172811,358.134732861516,-244.37038295576508,91.10337465128988,90.58898120401895,29.644134986051597,29.72588941735566,-8.243464788928678,-8.29896074552596,22.065272182808812,21.885296482234942,24.069675442080733,23.83993983439949,6.436376938104555,17.9067366430758,3203.3683215379,3127.67312212117,3122.082769957692,0.002620900448055877,0.21552251120139693,0.20735866101486328,24.938546098704002,24.9432551713668,0.0,0.0,0.0,0.0,False,none,0.0,0.0,nominal,0.2332509222505076,0.0,120,telemetry_dropout,2.06836894962348,0.2332509222505076,gradual,0.8498990995203983,1.3715093973630794,1709712774,postprocessed_sensor_fault
180.0,3.0,0.05,1,603.7424104347197,361.7557050458495,-241.98670538887018,91.46347391526143,91.8917564033189,29.658538956610457,29.728460560206955,-8.159090565549752,-8.209080916097626,22.08596608540712,22.272746620507224,24.093293609048672,24.185356174155398,6.325660708547438,18.087785252292473,3293.8926261462366,3210.7828741337034,3219.306527352107,0.002830866546587775,0.22077166366469436,0.22616139633820057,24.918597552843362,24.803357238386305,0.0,0.0,0.0,0.0,False,none,0.0,0.0,nominal,0.2332509222505076,0.0,120,telemetry_dropout,2.06836894962348,0.2332509222505076,gradual,0.8498990995203983,1.3715093973630794,1709712774,postprocessed_sensor_fault
240.0,4.0,0.06666666666666667,1,604.961472404706,364.8628965095479,-240.0985758951581,91.82076346272446,91.50923972081544,29.67283053850898,29.66198618026018,-8.091529238626613,-7.984963501173761,22.10624304767322,22.159548579134793,24.117033549827237,24.121273428329996,6.23782763356395,18.243144825477398,3371.572412738697,3291.1776434362005,3283.456156550169,0.002777194931208119,0.21942987328020297,0.21941771012384614,24.898879660493158,24.891142971997922,0.0,0.0,0.0,0.0,False,none,0.0,0.0,nominal,0.2332509222505076,0.0,120,telemetry_dropout,2.06836894962348,0.2332509222505076,gradual,0.8498990995203983,1.3715093973630794,1709712774,postprocessed_sensor_fault
300.0,5.0,0.08333333333333333,1,606.156362579862,367.3205080756888,-238.83585450417326,92.17617396049855,91.78215912600771,29.68704695841994,29.688128185096765,-8.045119975681306,-8.075330128380632,22.126198644166678,22.006298738665883,24.140829332236187,24.04443261778325,6.17791643384851,18.36602540378444,3433.0127018922194,3362.0951726642097,3359.7757852145864,0.0025459192073639977,0.21364798018409992,0.20621441812373184,24.879369033248576,24.876642957009576,0.0,0.0,0.0,0.0,False,none,0.0,0.0,nominal,0.2332509222505076,0.0,120,telemetry_dropout,2.06836894962348,0.2332509222505076,gradual,0.8498990995203983,1.3715093973630794,1709712774,postprocessed_sensor_fault
360.0,6.0,0.1,1,607.3212595753644,369.0211303259031,-238.3001292494613,92.53078724807214,92.24967056568022,29.701231489922886,29.683040948052128,-8.023240697285983,-7.98392961543851,22.145940756644766,22.063308067968855,24.16460481061089,24.106475786365237,6.149791302926885,18.451056516295154,3475.5282581475767,3418.811715405893,3409.0193254352707,0.0021889911831264744,0.20472477957816185,0.20992549161160434,24.860041723756545,24.75899339557791,0.0,0.0,0.0,0.0,False,none,0.0,0.0,nominal,0.2332509222505076,0.0,120,telemetry_dropout,2.06836894962348,0.2332509222505076,gradual,0.8498990995203983,1.3715093973630794,1709712774,postprocessed_sensor_fault
420.0,7.0,0.11666666666666667,1,608.450488130146,369.8904379073655,-238.56005022278055,92.88578732280843,93.08128231511834,29.715431492912337,29.674160204695767,-8.028153664188972,-8.02396829555715,22.165585445773118,22.415448673229704,24.18827701591674,24.055022021371077,6.156100100466465,18.494521895368276,3497.2609476841367,3458.036331545015,3461.4842310365393,0.0017429323004629288,0.1935733075115732,0.19353771443699747,24.84087334921582,24.83127599260254,0.0,0.0,0.0,0.0,False,none,0.0,0.0,nominal,0.2332509222505076,0.0,120,telemetry_dropout,2.06836894962348,0.2332509222505076,gradual,0.8498990995203983,1.3715093973630794,1709712774,postprocessed_sensor_fault
480.0,8.0,0.13333333333333333,1,609.5385467561977,369.8904379073655,-239.64810884883218,93.2424065324049,92.68921663761787,29.729696261296198,29.699609941680837,-8.060900008615953,-8.155701868160026,22.18525276215152,22.211140980647627,24.211759843580143,24.23181043971297,6.198248715912373,18.494521895368276,3497.2609476841367,3477.6486396145756,3486.611037767707,0.0012376984602625,0.18094246150656249,0.17464497407720364,24.82183963129007,24.640982047070686,0.0,0.0,0.0,0.0,False,none,0.0,0.0,nominal,0.2332509222505076,0.0,120,telemetry_dropout,2.06836894962348,0.2332509222505076,gradual,0.8498990995203983,1.3715093973630794,1709712774,postprocessed_sensor_fault
540.0,9.0,0.15,1,610.5801345412646,369.0211303259031,-241.55900421536148,93.60186933629682,93.24943829575106,29.74407477345187,29.75201258195299,-8.121247880635556,-8.120948878938073,22.20506249014894,22.065998079995897,24.234967877864094,24.30526500796142,6.2763733710982015,18.451056516295154,3475.5282581475767,3476.588448881076,3482.969178381639,0.0007006012993672623,0.16751503248418156,0.1718528457433302,24.802917168998125,24.80040334259048,0.0,0.0,0.0,0.0,False,none,0.0,0.0,nominal,0.2332509222505076,0.0,120,telemetry_dropout,2.06836894962348,0.2332509222505076,gradual,0.8498990995203983,1.3715093973630794,1709712774,postprocessed_sensor_fault
600.0,10.0,0.16666666666666666,1,611.5701769743577,367.3205080756888,-244.24966889866886,93.96533610549126,93.62598181535121,29.75861344421965,29.731086362535457,-8.207696549992056,-8.187028277000055,22.22512979058318,22.225536432564752,24.25782018564875,24.516468237988484,6.38930261254012,18.36602540378444,3433.0127018922194,3454.8005753866473,3450.311315738317,0.00015772978780866564,0.15394324469521664,0.14483116363728182,24.7840842940449,24.73601644759421,0.0,0.0,0.0,0.0,False,none,0.0,0.0,nominal,0.2332509222505076,0.0,120,telemetry_dropout,2.06836894962348,0.2332509222505076,gradual,0.8498990995203983,1.3715093973630794,1709712774,postprocessed_sensor_fault
660.0,11.0,0.18333333333333332,1,612.503850668262,364.8628965095479,-247.64095415871407,94.33384943013219,94.39434246739498,29.77335397720529,29.822700907544224,-8.317536356445093,-8.295913021666372,22.245560721450556,22.372281171870505,24.280243913814516,24.348192678549896,6.534512883262872,18.243144825477398,3371.572412738697,3413.186494062673,3415.3882449662337,-0.00036588236096057034,0.15914705902401424,0.16188496310857256,24.765371298209715,24.659766840016875,0.0,0.0,0.0,0.0,False,none,0.0,0.0,nominal,0.2332509222505076,0.0,120,telemetry_dropout,2.06836894962348,0.2332509222505076,gradual,0.8498990995203983,1.3715093973630794,1709712774,postprocessed_sensor_fault
720.0,12.0,0.2,1,613.376606858593,361.7557050458495,-251.62090181274357,94.70828529592498,94.65098273120941,29.788331411837,29.771673242373673,-8.446961944056957,-8.502552771677856,22.266447668077678,22.553944524801935,24.302177533008585,24.31086968525075,6.708093286747719,18.087785252292473,3293.8926261462366,3353.5395601044547,3359.9053899371334,-0.0008466969717638359,0.1711674242940959,0.1809134778345472,24.746777531689744,24.90138581511536,0.0,0.0,0.0,0.0,False,none,0.0,0.0,nominal,0.2332509222505076,0.0,120,telemetry_dropout,2.06836894962348,0.2332509222505076,gradual,0.8498990995203983,1.3715093973630794,1709712774,postprocessed_sensor_fault
780.0,13.0,0.21666666666666667,1,614.184193564921,358.134732861516,-256.049460703405,95.08931127911457,95.17631478318074,29.803572451164584,29.85122675352835,-8.59123385704722,-8.548074531331011,22.287864795185605,21.939812158615307,24.32357358603067,24.32298538068777,6.904743934917956,17.9067366430758,3203.3683215379,3278.4539408211776,3285.661589558906,-0.001263373233051744,0.1815843308262936,0.16933860916169663,24.72828196644546,24.55495682971564,0.0,0.0,0.0,0.0,False,none,0.0,0.0,nominal,0.2332509222505076,0.0,120,telemetry_dropout,2.06836894962348,0.2332509222505076,gradual,0.8498990995203983,1.3715093973630794,1709712774,postprocessed_sensor_fault
840.0,14.0,0.23333333333333334,1,614.9226763059908,354.15823381635516,-260.7644424896356,95.47735360424795,95.46164592919905,29.819094144169917,29.848279901291463,-8.744881424931515,-8.727116439066023,22.309863726717456,22.381108033003542,24.344400820724058,24.33159215275767,7.1178360908889795,17.70791169081776,3103.9558454088797,3191.2048931150284,3208.1255319333345,-0.0015975369398450977,0.18993842349612744,0.1894557550996042,24.709865507062307,24.841349187888454,0.0,0.0,0.0,0.0,False,none,0.0,0.0,nominal,0.2332509222505076,0.0,120,telemetry_dropout,2.06836894962348,0.2332509222505076,gradual,0.8498990995203983,1.3715093973630794,1709712774,postprocessed_sensor_fault
900.0,15.0,0.25,1,615.5884572681198,350.0,-265.5884572681198,95.8725745228017,95.70501300418447,29.83490298091207,29.812145257975708,-8.901938023329231,-8.880852287860021,22.33246974450947,22.269078917393852,24.364645614158267,24.413114025980388,7.33956004569558,17.5,3000.0,3095.602446557514,3115.6437338200785,-0.00183450180819848,0.195862545204962,0.19853953530891194,24.691511756280946,24.657872690055278,0.0,0.0,0.0,0.0,False,none,0.0,0.0,nominal,0.2332509222505076,0.0,120,telemetry_dropout,2.06836894962348,0.2332509222505076,gradual,0.8498990995203983,1.3715093973630794,1709712774,postprocessed_sensor_fault
960.0,16.0,0.26666666666666666,1,616.178292833385,345.84176618364484,-270.3365266497401,96.27486102079239,96.70260030037375,29.850994440831695,29.880207056244476,-9.056198351635487,-9.088402235661409,22.35567885366486,22.246537130819735,24.384312625863366,24.479974602711422,7.561178286733225,17.292088309182244,2896.0441545911203,2995.8233005743177,2983.7586520752616,-0.0019638704730496467,0.19909676182624117,0.20470879495751113,24.673207665569283,24.675644564922656,0.0,0.0,0.0,0.0,False,none,0.0,0.0,nominal,0.2332509222505076,0.0,120,telemetry_dropout,2.06836894962348,0.2332509222505076,gradual,0.8498990995203983,1.3715093973630794,1709712774,postprocessed_sensor_fault
1020.0,17.0,0.2833333333333333,1,616.6893093822022,341.865267138484,-274.82404224371817,96.68382536936933,96.64088932777686,29.867353014774775,29.841204712597644,-9.20148638909408,-9.212201168319455,22.379456074347853,22.358290656951286,24.403424651570308,24.511886627846664,7.7733881414946895,17.0932633569242,2796.6316784621,2896.227489518209,2890.9307740484323,-0.0019799684713490795,0.19949921178372698,0.203340716919185,24.654944048653153,24.48547105066683,0.0,0.0,0.0,0.0,False,none,0.0,0.0,nominal,0.2332509222505076,0.0,120,telemetry_dropout,2.06836894962348,0.2332509222505076,gradual,0.8498990995203983,1.3715093973630794,1709712774,postprocessed_sensor_fault
1080.0,18.0,0.3,1,617.1190172933127,338.2442949541505,-278.8747223391622,97.09881751570738,96.89049703703891,29.883952700628296,29.931398392087182,-9.331922223705668,-9.34101630078229,22.403735277205577,22.368988404512066,24.42202168385316,24.299557022708886,7.966781791143339,16.912214747707527,2706.1073738537634,2801.1674316859862,2791.372194504535,-0.001882082027516422,0.19705205068791054,0.1971742248722797,24.636715938974486,24.54167647251905,0.0,0.0,0.0,0.0,False,none,0.0,0.0,nominal,0.2332509222505076,0.0,120,telemetry_dropout,2.06836894962348,0.2332509222505076,gradual,0.8498990995203983,1.3715093973630794,1709712774,postprocessed_sensor_fault
1140.0,19.0,0.31666666666666665,1,617.465323072968,335.1371034904521,-282.3282195825159,97.51894879484803,97.37404397298945,29.90075795179392,29.905139027616332,-9.44217601566108,-9.487381402450037,22.428420782318536,22.54777689262068,24.44015922073138,24.423986977047313,8.132375032858029,16.756855174522606,2628.427587261303,2714.797509473645,2712.1743731038314,-0.0016744841409544729,0.19186210352386182,0.18135412915306795,24.618522775982953,24.583322147169266,0.0,0.0,0.0,0.0,False,none,0.0,0.0,nominal,0.2332509222505076,0.0,120,telemetry_dropout,2.06836894962348,0.2332509222505076,gradual,0.8498990995203983,1.3715093973630794,1709712774,postprocessed_sensor_fault
1200.0,20.0,0.3333333333333333,1,617.7265395542198,332.6794919243112,-285.0470476299086,97.9431259490592,98.05207043594227,29.917725037962366,29.87136046982225,-9.527697953912426,-9.509569470810238,22.453390798504888,22.75796824870293,24.45790589615796,24.48328093100659,8.262162264078963,16.633974596215563,2566.9872981077806,2640.8924037907127,2623.4030231360125,-0.0013662452815192232,0.18415613203798056,0.18442048902321126,24.60036841001693,24.676580765093227,0.0,0.0,0.0,0.0,False,none,0.0,0.0,nominal,0.2332509222505076,0.0,120,telemetry_dropout,2.06836894962348,0.2332509222505076,gradual,0.8498990995203983,1.3715093973630794,1709712774,postprocessed_sensor_fault
1260.0,21.0,0.35,1,617.9013941166289,330.9788696740969,-286.922524442532,98.3700939913844,98.43262701278942,29.934803759655377,29.980947499230652,-9.584914160327042,-9.578730570732416,22.47850260823675,22.391719680995617,24.475340535956107,24.39583375692168,8.349646356867026,16.548943483704846,2524.4717418524233,2582.682072821568,2582.6285010303873,-0.0009708356894861285,0.1742708922371532,0.170615536176337,24.58226092137587,24.501023245216643,0.0,0.0,0.0,0.0,False,none,0.0,0.0,nominal,0.2332509222505076,0.0,120,telemetry_dropout,2.06836894962348,0.2332509222505076,gradual,0.8498990995203983,1.3715093973630794,1709712774,postprocessed_sensor_fault
1320.0,22.0,0.36666666666666664,1,617.9890348863438,330.1095620926345,-287.8794727937093,98.79848606399409,98.7501487551849,29.951939442559762,29.95900104549945,-9.611380035866768,-9.668200785260993,22.503599226239025,22.599020046955292,24.49254876787772,24.521381501136513,8.39029009550866,16.505478104631727,2502.7390523158633,2542.710562568716,2534.4198990820946,-0.0005055360229247973,0.16263840057311993,0.16326465776597335,24.564212256047483,24.322803418672148,0.0,0.0,0.0,0.0,False,none,0.0,0.0,nominal,0.2332509222505076,0.0,120,telemetry_dropout,2.06836894962348,0.2332509222505076,gradual,0.8498990995203983,1.3715093973630794,1709712774,postprocessed_sensor_fault
1380.0,23.0,0.38333333333333336,1,617.9890348863438,330.1095620926345,-287.8794727937093,99.22687813660377,99.74661249956146,29.96907512546415,29.986023809935656,-9.605884452173287,-9.576146115984736,22.52851710184386,22.44152506988,24.509619333943963,24.327802764284,8.38184128868036,16.505478104631727,2502.7390523158633,2522.7248074422896,2530.9293691996554,9.318209224527915e-06,0.1502329552306132,0.1518418926591464,24.54623894625931,24.463625574498554,0.0,0.0,0.0,0.0,False,none,0.0,0.0,nominal,0.2332509222505076,0.0,120,telemetry_dropout,2.06836894962348,0.2332509222505076,gradual,0.8498990995203983,1.3715093973630794,1709712774,postprocessed_sensor_fault
1440.0,24.0,0.4,1,617.9013941166289,330.9788696740969,-286.922524442532,99.65384617892896,99.7710549005636,29.98615384715716,29.977405312758954,-9.568500378708412,-9.54754072895181,22.553094319098754,22.586342050389284,24.52664026623982,24.59035473609186,8.324495959787441,16.548943483704846,2524.4717418524233,2523.5982746473564,2519.248135377378,0.0005512255660942137,0.16378063915235533,0.16482923551528936,24.528430792650212,24.5216288477181,0.0,0.0,0.0,0.0,False,none,0.0,0.0,nominal,0.2332509222505076,0.0,120,telemetry_dropout,2.06836894962348,0.2332509222505076,gradual,0.8498990995203983,1.3715093973630794,1709712774,postprocessed_sensor_fault
1500.0,25.0,0.4166666666666667,1,617.7265395542198,332.6794919243112,-285.0470476299086,100.0,100.0,30.0,30.009787261318973,-9.501568254330287,-9.487717115243456,22.577183699661948,22.39882135924748,24.543695093302333,24.518065835612113,8.222383943335767,16.633974596215563,2566.9872981077806,2545.2927863775685,2539.3243774532098,0.0010965021756400308,0.17741255439100076,0.1847669152738194,24.510807428556266,24.47342358972283,0.0,0.0,0.0,0.0,False,none,0.0,0.0,nominal,0.2332509222505076,0.0,120,telemetry_dropout,2.06836894962348,0.2332509222505076,gradual,0.8498990995203983,1.3715093973630794,1709712774,postprocessed_sensor_fault
1560.0,26.0,0.43333333333333335,1,617.465323072968,335.1371034904521,-282.3282195825159,100.0,100.0,30.0,29.97062486119138,-9.41094065275053,-9.370986987307123,22.600671478522536,22.61208381857828,24.56085924290496,24.40687999540037,8.085264317567404,16.756855174522606,2628.4275872613025,2586.8601868194355,2594.1878483040573,0.0016213168734028807,0.190532921835072,0.19957170994159787,24.493386174654585,24.588629845403474,0.0,0.0,0.0,0.0,False,none,0.0,0.0,nominal,0.2332509222505076,0.0,120,telemetry_dropout,2.06836894962348,0.2332509222505076,gradual,0.8498990995203983,1.3715093973630794,1709712774,postprocessed_sensor_fault
1620.0,27.0,0.45,1,617.1190172933127,338.2442949541505,-278.8747223391622,100.0,100.0,30.0,29.973150297142958,-9.295824077972073,-9.310286318562163,22.623444075061695,22.387043436572757,24.578196798457135,24.56817274987704,7.912987623088427,16.912214747707527,2706.107373853763,2646.483780336599,2642.002798620786,0.002102732758702936,0.20256831896757338,0.202235664609136,24.47618121926103,24.407396596628498,0.0,0.0,0.0,0.0,False,none,0.0,0.0,nominal,0.2332509222505076,0.0,120,telemetry_dropout,2.06836894962348,0.2332509222505076,gradual,0.8498990995203983,1.3715093973630794,1709712774,postprocessed_sensor_fault
1680.0,28.0,0.4666666666666667,1,616.6893093822022,341.865267138484,-274.82404224371817,100.0,99.79055211219635,30.0,29.936533721189534,-9.16080140812394,-9.237844489005084,22.645415485928414,22.555841452994688,24.595757750783328,24.713521072177667,7.713622595126845,17.0932633569242,2796.6316784621,2721.5577293993497,2729.1521357545134,0.0025197096572392597,0.21299274143098149,0.22720434145554583,24.4592029266538,24.532036776482553,0.0,0.0,0.0,0.0,False,none,0.0,0.0,nominal,0.2332509222505076,0.0,120,telemetry_dropout,2.06836894962348,0.2332509222505076,gradual,0.8498990995203983,1.3715093973630794,1709712774,postprocessed_sensor_fault
1740.0,29.0,0.48333333333333334,1,616.178292833385,345.8417661836448,-270.33652664974016,100.0,100.0,30.0,29.989595502433552,-9.011217554991338,-8.93653704925255,22.666530204165745,22.80886303762984,24.613575865395426,24.640612952684954,7.496163345870727,17.29208830918224,2896.04415459112,2808.800941995234,2803.930702024417,0.0028540236826568068,0.22135059206642016,0.22066762071294793,24.442457308702856,24.581358637750178,0.0,0.0,0.0,0.0,False,none,0.0,0.0,nominal,0.2332509222505076,0.0,120,telemetry_dropout,2.06836894962348,0.2332509222505076,gradual,0.8498990995203983,1.3715093973630794,1709712774,postprocessed_sensor_fault
1800.0,30.0,0.5,1,615.5884572681198,350.0,-265.5884572681198,100.0,99.30686961869134,30.0,29.99921880501117,-8.852948575603993,-8.818467651814045,22.68676427586936,22.81860301637842,24.631667258472262,24.582336154131387,7.269975878583101,17.5,3000.0,2904.4004709976166,2894.025307516251,0.003091063710322311,0.22727659275805778,0.21811643051793758,24.42594568866376,24.399915552147263,0.0,0.0,0.0,0.0,False,none,0.0,0.0,nominal,0.2332509222505076,0.0,120,telemetry_dropout,2.06836894962348,0.2332509222505076,gradual,0.8498990995203983,1.3715093973630794,1709712774,postprocessed_sensor_fault
1860.0,31.0,0.5166666666666667,1,614.9226763059908,354.15823381635516,-260.7644424896356,100.0,99.9777114174395,30.0,30.009376729396575,-8.692148082987853,-8.689622305499519,22.706124607093237,22.726420226802748,24.65002974378612,24.497877287862956,7.044275063727152,17.70791169081776,3103.955845408879,3004.178158203248,2997.6509841054876,0.0032204699548295168,0.23051174887073791,0.24251373151994002,24.409664577314476,24.39835769121072,0.0,0.0,0.0,0.0,False,none,0.0,0.0,nominal,0.2332509222505076,0.0,120,telemetry_dropout,2.06836894962348,0.2332509222505076,gradual,0.8498990995203983,1.3715093973630794,1709712774,postprocessed_sensor_fault
1920.0,32.0,0.5333333333333333,1,614.184193564921,358.134732861516,-256.049460703405,100.0,100.0,30.0,29.998001856041764,-8.534982023446833,-8.522963875713646,22.724646770954827,22.661351862575998,24.668642979121984,24.67220788555307,6.827673451244848,17.9067366430758,3203.3683215378996,3103.773239870574,3099.4243766818213,0.0032365867429569625,0.23091466857392406,0.2267066823796767,24.39360577110314,24.43970200094229,0.0,0.0,0.0,0.0,False,none,0.0,0.0,nominal,0.2332509222505076,0.0,120,telemetry_dropout,2.06836894962348,0.2332509222505076,gradual,0.8498990995203983,1.3715093973630794,1709712774,postprocessed_sensor_fault
1980.0,33.0,0.55,1,613.376606858593,361.7557050458495,-251.62090181274357,100.0,100.0,30.0,29.97825833523876,-8.387363393758118,-8.364210648070092,22.74239165424882,22.433048545094444,24.687469405793593,24.643967289006838,6.627829175916296,18.087785252292473,3293.8926261462366,3198.832933008405,3202.8624455105255,0.0031387096940383224,0.22846774235095807,0.22310394837932188,24.377756670305367,24.47909060650048,0.0,0.0,0.0,0.0,False,none,0.0,0.0,nominal,0.2332509222505076,0.0,120,telemetry_dropout,2.06836894962348,0.2332509222505076,gradual,0.8498990995203983,1.3715093973630794,1709712774,postprocessed_sensor_fault
2040.0,34.0,0.5666666666666667,1,612.503850668262,364.8628965095479,-247.64095415871407,100.0,100.0,30.0,29.943212928032494,-8.254698471957136,-8.23914612749833,22.75944131682011,22.604138637044667,24.7064559401982,24.733989101001253,6.4512037490345175,18.243144825477398,3371.572412738697,3285.2026728735514,3287.4181454396985,0.002931116504933392,0.2232779126233348,0.22734059968318576,24.36210080321205,24.38606421543194,0.0,0.0,0.0,0.0,False,none,0.0,0.0,nominal,0.2332509222505076,0.0,120,telemetry_dropout,2.06836894962348,0.2332509222505076,gradual,0.8498990995203983,1.3715093973630794,1709712774,postprocessed_sensor_fault
2100.0,35.0,0.5833333333333334,1,611.5701769743577,367.3205080756888,-244.24966889866886,100.0,100.0,30.0,30.004031210959056,-8.141655629955629,-8.134471965443083,22.775894417291664,22.70470900842107,24.725536343484183,24.522286298896482,6.302924511743055,18.36602540378444,3433.0127018922194,3359.1076873828856,3351.725190195696,0.002622879994226634,0.21557199985566583,0.23109005818354483,24.346618531014,24.430867572910532,0.0,0.0,0.0,0.0,False,none,0.0,0.0,nominal,0.2332509222505076,0.0,120,telemetry_dropout,2.06836894962348,0.2332509222505076,gradual,0.8498990995203983,1.3715093973630794,1709712774,postprocessed_sensor_fault
2160.0,36.0,0.6,1,610.5801345412646,369.0211303259031,-241.55900421536148,100.0,100.0,30.0,29.98652136600937,-8.051966807178717,-8.03731816669977,22.79186149597829,22.749606198519675,24.7446341657689,24.76419615176143,6.1867335571126265,18.451056516295154,3475.5282581475767,3417.3179727652314,3405.33219835069,0.0022274715765577893,0.20568678941394472,0.19375375499219138,24.3312878982213,24.468156506685812,0.0,0.0,0.0,0.0,False,none,0.0,0.0,nominal,0.2332509222505076,0.0,120,telemetry_dropout,2.06836894962348,0.2332509222505076,gradual,0.8498990995203983,1.3715093973630794,1709712774,postprocessed_sensor_fault
2220.0,37.0,0.6166666666666667,1,609.5385467561977,369.8904379073655,-239.64810884883218,100.0,100.0,30.0,30.016019616629425,-7.988270294961072,-7.988492389003818,22.807460316950515,22.690672208737237,24.763666136233486,24.473575515541935,6.104996984428596,18.494521895368276,3497.2609476841367,3457.289460224684,3453.419764821388,0.0017621724971785863,0.19405431242946464,0.1824653493996489,24.316085585916294,24.212790339241764,0.0,0.0,0.0,0.0,False,none,0.0,0.0,nominal,0.2332509222505076,0.0,120,telemetry_dropout,2.06836894962348,0.2332509222505076,gradual,0.8498990995203983,1.3715093973630794,1709712774,postprocessed_sensor_fault
2280.0,38.0,0.6333333333333333,1,608.450488130146,369.8904379073655,-238.56005022278055,100.0,100.0,30.0,29.999531144224314,-7.952001674092685,-7.9594459622553515,22.82281137654875,22.928462182006953,24.782545850934355,24.7781496365134,6.05874644998183,18.494521895368276,3497.2609476841367,3477.2752039544102,3479.398223017069,0.0012473185586203252,0.18118296396550812,0.18767096551595885,24.300987920422497,24.41190290988317,0.0,0.0,0.0,0.0,False,none,0.0,0.0,nominal,0.2332509222505076,0.0,120,telemetry_dropout,2.06836894962348,0.2332509222505076,gradual,0.8498990995203983,1.3715093973630794,1709712774,postprocessed_sensor_fault
2340.0,39.0,0.65,1,607.3212595753644,369.0211303259031,-238.3001292494613,100.0,100.0,30.0,30.000368669446768,-7.94333764164871,-7.935539042995379,22.83803360505992,22.71358683808286,24.80118759715947,24.855349504178076,6.047729031138663,18.451056516295154,3475.5282581475767,3476.401731050993,3481.842544613905,0.0007054113485461749,0.16763528371365435,0.1762341697708805,24.285971888322834,24.30166926703531,0.0,0.0,0.0,0.0,False,none,0.0,0.0,nominal,0.2332509222505076,0.0,120,telemetry_dropout,2.06836894962348,0.2332509222505076,gradual,0.8498990995203983,1.3715093973630794,1709712774,postprocessed_sensor_fault
2400.0,40.0,0.6666666666666666,1,606.156362579862,367.3205080756888,-238.83585450417326,100.0,100.0,30.0,29.988029457245222,-7.961195150139108,-7.948101436675707,22.853240237621186,22.992637064154522,24.819510147189764,24.611201404682188,6.0704502574878765,18.36602540378444,3433.0127018922194,3454.7072164716064,3455.6777275674835,0.00016013481239812548,0.15400337030995312,0.14898990618750826,24.27101611011691,24.368021529459135,0.0,0.0,0.0,0.0,False,none,0.0,0.0,nominal,0.2332509222505076,0.0,120,telemetry_dropout,2.06836894962348,0.2332509222505076,gradual,0.8498990995203983,1.3715093973630794,1709712774,postprocessed_sensor_fault
2460.0,41.0,0.6833333333333333,1,604.961472404706,364.8628965095479,-240.0985758951581,100.0,100.0,30.0,30.07463705818361,-8.003285863171936,-7.959398087584849,22.8685348187575,22.793489847560416,24.8374403556632,24.6744406861062,6.1242067686118205,18.243144825477398,3371.5724127386975,3413.1398146051515,3413.860043756832,-0.0003646798486658404,0.15911699621664602,0.15763968325882277,24.256150960607094,24.28384807512122,0.0,0.0,0.0,0.0,False,none,0.0,0.0,nominal,0.2332509222505076,0.0,120,telemetry_dropout,2.06836894962348,0.2332509222505076,gradual,0.8498990995203983,1.3715093973630794,1709712774,postprocessed_sensor_fault
2520.0,42.0,0.7,1,603.7424104347197,361.7557050458495,-241.98670538887018,100.0,100.0,30.0,29.937410395307122,-8.06622351296234,-7.978383815932129,22.884007332981238,22.88871346658918,24.85491640332248,24.7592452475107,6.205116940885321,18.087785252292473,3293.8926261462366,3353.5162203756936,3341.7883882551446,-0.000846095715616464,0.1711523928904116,0.1802615494148754,24.241376261455354,24.138640930807064,0.0,0.0,0.0,0.0,False,none,0.0,0.0,nominal,0.2332509222505076,0.0,120,telemetry_dropout,2.06836894962348,0.2332509222505076,gradual,0.8498990995203983,1.3715093973630794,1709712774,postprocessed_sensor_fault
2580.0,43.0,0.7166666666666667,1,602.5051158172811,358.134732861516,-244.37038295576508,100.0,99.80145101086138,30.0,29.994051007954113,-8.145679431858836,-8.178445872200328,22.89973051389178,22.89422195873721,24.87189054538205,24.69096608133169,6.308167472528647,17.9067366430758,3203.3683215379006,3278.442270956797,3274.474359852024,-0.0012630726049780512,0.18157681512445129,0.1949504689110004,24.226671162148925,24.303266584905387,0.0,0.0,0.0,0.0,False,none,0.0,0.0,nominal,0.2332509222505076,0.0,120,telemetry_dropout,2.06836894962348,0.2332509222505076,gradual,0.8498990995203983,1.3715093973630794,1709712774,postprocessed_sensor_fault
2640.0,44.0,0.7333333333333333,1,601.2556165273943,354.1582338163552,-247.09738271103907,100.0,99.78153003026267,30.0,30.014263465770945,-8.236579423701302,-8.253269853063266,22.91575646163588,22.8386968264411,24.88833124440063,25.009272733563915,6.427299248235174,17.707911690817763,3103.9558454088806,3191.1990581828386,3190.5089278500946,-0.00159738662580824,0.189934665645206,0.19185355435131704,24.212016761677877,24.103686829192984,0.0,0.0,0.0,0.0,False,none,0.0,0.0,nominal,0.2332509222505076,0.0,120,telemetry_dropout,2.06836894962348,0.2332509222505076,gradual,0.8498990995203983,1.3715093973630794,1709712774,postprocessed_sensor_fault
2700.0,45.0,0.75,1,600.0,350.0,-250.0,100.0,100.0,30.0,30.016374918647728,-8.333333333333334,-8.294648700552749,22.932113774717916,23.058600478562607,24.904224594445424,25.19115374432763,6.555555555555556,17.5,3000.0,3095.5995290914193,3092.357993126749,-0.0018344266511800618,0.19586066627950155,0.19640887767032178,24.197396865360076,24.220602456462203,0.0,0.0,0.0,0.0,False,none,0.0,0.0,nominal,0.2332509222505076,0.0,120,telemetry_dropout,2.06836894962348,0.2332509222505076,gradual,0.8498990995203983,1.3715093973630794,1709712774,postprocessed_sensor_fault
2760.0,46.0,0.7666666666666667,1,598.7443834726058,345.8417661836448,-252.90261728896104,100.0,100.0,30.0,29.99851273817771,-8.430087242965367,-8.468257783636227,22.948805457649343,22.771059328177508,24.919574974308226,24.798863117069768,6.685309673920594,17.29208830918224,2896.04415459112,2995.82184184127,2989.137590790228,-0.001963832894540448,0.1990958223635112,0.19618056980795368,24.182798630783033,23.996227890940823,0.0,0.0,0.0,0.0,False,none,0.0,0.0,nominal,0.2332509222505076,0.0,120,telemetry_dropout,2.06836894962348,0.2332509222505076,gradual,0.8498990995203983,1.3715093973630794,1709712774,postprocessed_sensor_fault
2820.0,47.0,0.7833333333333333,1,597.4948841827188,341.865267138484,-255.6296170442348,100.0,99.54033728474279,30.0,29.960820610610746,-8.520987234807826,-8.583596731915641,22.96580788449165,22.82062627568352,24.93440490122761,24.70244862198134,6.808577876460634,17.0932633569242,2796.6316784621,2896.226760151685,2906.3591997910203,-0.001979949682094466,0.19949874205236165,0.19138136532433603,24.16821307888662,23.888148936906497,0.0,0.0,0.0,0.0,False,none,0.0,0.0,nominal,0.2332509222505076,0.0,120,telemetry_dropout,2.06836894962348,0.2332509222505076,gradual,0.8498990995203983,1.3715093973630794,1709712774,postprocessed_sensor_fault
2880.0,48.0,0.8,1,596.2575895652803,338.2442949541505,-258.0132946111298,100.0,100.0,30.0,29.972441269896084,-8.600443153704328,-8.638375739198194,22.983071069835393,23.11461572195396,24.9487540915132,25.00172410894061,6.917409795207972,16.912214747707527,2706.1073738537634,2801.1670670027247,2801.791985436863,-0.0018820726328891155,0.1970518158222279,0.1984854860115315,24.153635450138335,24.370574347682812,0.0,0.0,0.0,0.0,False,none,0.0,0.0,nominal,0.2332509222505076,0.0,120,telemetry_dropout,2.06836894962348,0.2332509222505076,gradual,0.8498990995203983,1.3715093973630794,1709712774,postprocessed_sensor_fault
2940.0,49.0,0.8166666666666667,1,595.038527595294,335.13710349045215,-259.90142410484185,100.0,100.0,30.0,29.940413367501737,-8.663380803494729,-8.616458312419295,23.000520421268742,23.01324265058386,24.962677769130142,25.323685397857577,7.004333355708877,16.75685517452261,2628.4275872613034,2714.797327132014,2726.7723078818526,-0.0016744794436408194,0.19186198609102048,0.19196873634308387,24.139065390160642,24.00097088227997,0.0,0.0,0.0,0.0,False,none,0.0,0.0,nominal,0.2332509222505076,0.0,120,telemetry_dropout,2.06836894962348,0.2332509222505076,gradual,0.8498990995203983,1.3715093973630794,1709712774,postprocessed_sensor_fault
3000.0,50.0,0.8333333333333334,1,593.843637420138,332.6794919243112,-261.16414549582674,100.0,99.70020203079149,30.0,29.9878648592363,-8.705471516527558,-8.693344127152587,23.01806002789448,23.12386701458393,24.976244296169533,24.949817287614625,7.06281874600581,16.633974596215563,2566.9872981077806,2640.8923126198974,2652.54817181397,-0.0013662429328623966,0.18415607332155992,0.18374566859610744,24.124506954273727,24.146046177158873,0.0,0.0,0.0,0.0,False,none,0.0,0.0,nominal,0.2332509222505076,0.0,120,telemetry_dropout,2.06836894962348,0.2332509222505076,gradual,0.8498990995203983,1.3715093973630794,1709712774,postprocessed_sensor_fault
3060.0,51.0,0.85,1,592.6787404246356,330.9788696740969,-261.6998707505387,100.0,99.6045442054817,30.0,29.949464667807558,-8.723329025017957,-8.72689514724128,23.035577392868106,23.079888084888015,24.989532228767587,24.82385246335864,7.08771754229766,16.548943483704846,2524.4717418524233,2582.6820272361606,2578.0265469857445,-0.0009708345151577116,0.17427086287894278,0.173563976265028,24.109968426400112,23.768039413723603,0.0,0.0,0.0,0.0,False,none,0.0,0.0,nominal,0.2332509222505076,0.0,120,telemetry_dropout,2.06836894962348,0.2332509222505076,gradual,0.8498990995203983,1.3715093973630794,1709712774,postprocessed_sensor_fault
3120.0,52.0,0.8666666666666667,1,591.549511869854,330.1095620926345,-261.43994977721945,100.0,100.0,30.0,29.984232660200746,-8.714664992573981,-8.753777726478932,23.05294936475964,23.21663136493265,25.00262692714671,25.054483700692828,7.075630874623557,16.505478104631727,2502.7390523158633,2542.710539776012,2538.989366002004,-0.0005055354357605888,0.16263838589401472,0.14697057316712514,24.09546195471232,24.031267745967718,0.0,0.0,0.0,0.0,False,none,0.0,0.0,nominal,0.2332509222505076,0.0,120,telemetry_dropout,2.06836894962348,0.2332509222505076,gradual,0.8498990995203983,1.3715093973630794,1709712774,postprocessed_sensor_fault
3180.0,53.0,0.8833333333333333,1,590.4614532438023,330.1095620926345,-260.3518911511678,100.0,100.0,30.0,29.982261251329348,-8.678396371705594,-8.646578918022179,23.070048885526933,23.028996275914096,25.0156168679388,24.91368135645762,7.025165086754626,16.505478104631727,2502.7390523158633,2522.724796045938,2529.604767918791,9.318502806628603e-06,0.15023296257016572,0.16676688510026974,24.081004272189787,24.0319492460514,0.0,0.0,0.0,0.0,False,none,0.0,0.0,nominal,0.2332509222505076,0.0,120,telemetry_dropout,2.06836894962348,0.2332509222505076,gradual,0.8498990995203983,1.3715093973630794,1709712774,postprocessed_sensor_fault
3240.0,54.0,0.9,1,589.4198654587356,330.9788696740969,-258.44099578463863,100.0,99.6375942997949,30.0,30.031419890982942,-8.614699859487954,-8.62336589689913,23.086752073192187,23.024737367671143,25.0285898199627,25.03611322335292,6.937044293524942,16.548943483704846,2524.471741852423,2523.5982689491807,2533.67812193175,0.0005512257128852536,0.16378064282213134,0.16110524633510395,24.06668537863993,24.023027084134633,0.0,0.0,0.0,0.0,False,none,0.0,0.0,nominal,0.2332509222505076,0.0,120,telemetry_dropout,2.06836894962348,0.2332509222505076,gradual,0.8498990995203983,1.3715093973630794,1709712774,postprocessed_sensor_fault
3300.0,55.0,0.9166666666666666,1,588.4298230256423,332.67949192431126,-255.75033110133108,100.0,99.88389180666572,30.0,30.057086117199106,-8.525011036711037,-8.603505827587377,23.102945110933312,22.976955235608642,25.04162905059543,25.065491036480577,6.814065054083598,16.633974596215563,2566.987298107781,2545.292783528481,2555.791287622414,0.0010965022490355618,0.17741255622588903,0.18435686126518327,24.05252510515335,24.014564376490192,0.0,0.0,0.0,0.0,False,none,0.0,0.0,nominal,0.2332509222505076,0.0,120,telemetry_dropout,2.06836894962348,0.2332509222505076,gradual,0.8498990995203983,1.3715093973630794,1709712774,postprocessed_sensor_fault
3360.0,56.0,0.9333333333333333,0,0.0,335.1371034904521,335.1371034904521,99.50128407218682,99.53045490802018,29.980051362887473,29.961106055396257,11.178670090783127,11.163978398655882,23.114984150934,23.073332707767257,25.03880972853971,25.237562731111993,10.99701319988554,16.756855174522606,2628.427587261303,2586.860185394892,2572.672782597778,0.001621316910100646,0.19053292275251615,0.21414946153653203,24.03854096867853,23.94664435293414,0.0,0.0,0.0,0.0,False,none,0.0,0.0,nominal,0.2332509222505076,0.0,120,telemetry_dropout,2.06836894962348,0.2332509222505076,gradual,0.8498990995203983,1.3715093973630794,1709712774,postprocessed_sensor_fault
3420.0,57.0,0.95,0,0.0,338.2442949541505,338.2442949541505,98.99794434755268,98.86198893183128,29.959917773902106,29.994252848911472,11.289893967893095,11.276407859358196,23.127617367576732,23.046285737063105,25.03632368020681,25.11667834107651,11.19693646450151,16.912214747707527,2706.1073738537634,2646.4837796243282,2646.819054453371,0.0021027327770518148,0.20256831942629536,0.2103962443741744,24.024747352330543,23.934231723475225,0.0,0.0,0.0,0.0,False,none,0.0,0.0,nominal,0.2332509222505076,0.0,120,telemetry_dropout,2.06836894962348,0.2332509222505076,gradual,0.8498990995203983,1.3715093973630794,1709712774,postprocessed_sensor_fault
3480.0,58.0,0.9666666666666667,0,0.0,341.865267138484,341.865267138484,98.48921627145373,98.29905573643032,29.93956865085815,30.00692811342715,11.41851010364123,11.336627344507336,23.140953629501126,23.412281078214832,25.034219617479003,25.166269592011854,11.430589838956548,17.0932633569242,2796.6316784620994,2721.5577290432134,2716.6916383447033,0.0025197096664136814,0.21299274166034204,0.20935255908294442,24.011154813725696,23.949909879208647,0.0,0.0,0.0,0.0,False,none,0.0,0.0,nominal,0.2332509222505076,0.0,120,telemetry_dropout,2.06836894962348,0.2332509222505076,gradual,0.8498990995203983,1.3715093973630794,1709712774,postprocessed_sensor_fault
3540.0,59.0,0.9833333333333333,0,0.0,345.84176618364484,345.84176618364484,97.9745707860614,98.25353879348314,29.918982831442456,29.886081867238783,11.55927553192727,11.550078741854417,23.15507240127692,22.949479863802146,25.032530037157535,24.954864112588197,11.689348065840997,17.292088309182244,2896.0441545911203,2808.8009418171673,2812.4246333518213,0.002854023687244039,0.22135059218110098,0.21486779357182692,23.997769556621925,23.934437793290684,0.0,0.0,0.0,0.0,False,none,0.0,0.0,nominal,0.2332509222505076,0.0,120,telemetry_dropout,2.06836894962348,0.2332509222505076,gradual,0.8498990995203983,1.3715093973630794,1709712774,postprocessed_sensor_fault
3600.0,60.0,1.0,0,0.0,350.0,350.0,97.45373745272806,97.13873829588384,29.898149498109124,29.923776900778872,11.706410124885334,11.687331802728309,23.170019310339132,23.199570124950665,25.031269796860276,25.249807376793715,11.96320304096143,17.5,2999.9999999999995,2904.4004709085834,2909.557435807081,0.0030910637126159027,0.22727659281539755,0.22359503768528127,23.984593094723543,23.943937267683367,0.0,0.0,0.0,0.0,False,none,0.0,0.0,nominal,0.2332509222505076,0.0,120,telemetry_dropout,2.06836894962348,0.2332509222505076,gradual,0.8498990995203983,1.3715093973630794,1709712774,postprocessed_sensor_fault
3660.0,61.0,1.0166666666666666,0,0.0,354.15823381635516,354.15823381635516,96.92671627145373,96.84053673164392,29.87706865085815,29.851831803965357,11.853848111909159,11.903858333384587,23.185802851826487,23.132585214841622,25.03043546186703,25.101431410259345,12.241097204816986,17.70791169081776,3103.955845408879,3004.1781581587315,3005.0857217841212,0.003220469955976316,0.2305117488994079,0.22367487798092445,23.971622127828866,23.97358201704255,0.0,0.0,0.0,0.0,False,none,0.0,0.0,nominal,0.2332509222505076,0.0,120,telemetry_dropout,2.06836894962348,0.2332509222505076,gradual,0.8498990995203983,1.3715093973630794,1709712774,postprocessed_sensor_fault
3720.0,62.0,1.0333333333333334,0,0.0,358.134732861516,358.134732861516,96.39377768088599,96.22214102896187,29.85575110723544,29.845223970729773,11.9955023598359,12.015369702959193,23.20239258854615,22.981110532743177,25.030005451458244,24.877750936006404,12.511366149186292,17.9067366430758,3203.368321537899,3103.7732398483154,3113.729208891336,0.0032365867435303623,0.23091466858825904,0.24954042911099178,23.958848639988698,24.064458838538847,0.0,0.0,0.0,0.0,False,none,0.0,0.0,nominal,0.2332509222505076,0.0,120,telemetry_dropout,2.06836894962348,0.2332509222505076,gradual,0.8498990995203983,1.3715093973630794,1709712774,postprocessed_sensor_fault
3780.0,63.0,1.05,0,0.0,361.7557050458495,361.7557050458495,95.85545073885348,95.9611639413547,29.83421802955414,29.845541263874523,12.125529976602365,12.151421242509054,23.2197191602718,23.207206599289112,25.029940978351163,25.06752038584864,12.762278177078606,18.087785252292473,3293.8926261462366,3198.8329329972757,3186.2434402733643,0.0031387096943250254,0.22846774235812561,0.2391639309939343,23.946260217674297,23.875428814907725,0.0,0.0,0.0,0.0,False,none,0.0,0.0,nominal,0.2332509222505076,0.0,120,telemetry_dropout,2.06836894962348,0.2332509222505076,gradual,0.8498990995203983,1.3715093973630794,1709712774,postprocessed_sensor_fault
3840.0,64.0,1.0666666666666667,0,0.0,364.86289650954785,364.86289650954785,95.31249999999997,95.0422061482129,29.8125,29.810518690817815,12.238587723590703,12.242943196877448,23.237676319834975,23.23343313112204,25.030187740175307,25.03116114685578,12.982642357442005,18.243144825477394,3371.5724127386966,3285.202672867986,3278.171853222866,0.0029311165050767297,0.22327791262691823,0.2222754166691716,23.933840573975722,23.981342332828405,0.0,0.0,0.0,0.0,False,none,0.0,0.0,nominal,0.2332509222505076,0.0,120,telemetry_dropout,2.06836894962348,0.2332509222505076,gradual,0.8498990995203983,1.3715093973630794,1709712774,postprocessed_sensor_fault
3900.0,65.0,1.0833333333333333,0,0.0,367.3205080756888,367.3205080756888,94.76589210107781,94.7208393548257,29.790635684043114,29.812020048066522,12.330066131231911,12.338859112859051,23.256125070129446,23.268429959885292,25.030678289061473,25.19089084202638,13.162442464044181,18.36602540378444,3433.0127018922194,3359.107687380103,3357.040407601364,0.0026228799942983206,0.215571999857458,0.22639627441348642,23.92157025349694,23.899845186917617,0.0,0.0,0.0,0.0,False,none,0.0,0.0,nominal,0.2332509222505076,0.0,120,telemetry_dropout,2.06836894962348,0.2332509222505076,gradual,0.8498990995203983,1.3715093973630794,1709712774,postprocessed_sensor_fault
3960.0,66.0,1.1,0,0.0,369.0211303259031,369.0211303259031,94.21675351428333,94.30895657365961,29.768670140571334,29.69904814604644,12.396292094451642,12.410250144082434,23.27489980175959,23.08236733677922,25.031334975781572,24.91900234154783,13.293444615277142,18.451056516295154,3475.5282581475767,3417.31797276384,3421.3256523245327,0.0022274715765936287,0.2056867894148407,0.21612761174964845,23.909427482785624,23.802739253689612,0.0,0.0,0.0,0.0,False,none,0.0,0.0,nominal,0.2332509222505076,0.0,120,telemetry_dropout,2.06836894962348,0.2332509222505076,gradual,0.8498990995203983,1.3715093973630794,1709712774,postprocessed_sensor_fault
4020.0,67.0,1.1166666666666667,0,0.0,369.8904379073655,369.8904379073655,93.6663213150164,93.7276568816966,29.746652852600654,29.708469274625166,12.434691047097997,12.448191079824708,23.293816147332176,23.438938695039674,25.032073339766058,25.141869883065546,13.369723314942329,18.494521895368276,3497.2609476841367,3457.2894602239876,3465.3282271866146,0.001762172497196506,0.19405431242991264,0.19784942457558927,23.897389123596383,24.095601766622288,0.0,0.0,0.0,0.0,False,none,0.0,0.0,nominal,0.2332509222505076,0.0,120,telemetry_dropout,2.06836894962348,0.2332509222505076,gradual,0.8498990995203983,1.3715093973630794,1709712774,postprocessed_sensor_fault
4080.0,68.0,1.1333333333333333,0,0.0,369.8904379073655,369.8904379073655,93.11588911574948,92.79473019261201,29.724635564629978,29.764001922688198,12.443901527509611,12.49364553765641,23.312680099841877,23.431909750532824,25.032805796838666,24.93309384177725,13.388054818108483,18.494521895368276,3497.2609476841367,3477.2752039540624,3468.8784598229195,0.0012473185586292885,0.18118296396573222,0.18967119751040257,23.885431681569983,24.112960089557696,0.0,0.0,0.0,0.0,False,none,0.0,0.0,nominal,0.2332509222505076,0.0,120,telemetry_dropout,2.06836894962348,0.2332509222505076,gradual,0.8498990995203983,1.3715093973630794,1709712774,postprocessed_sensor_fault
4140.0,69.0,1.15,0,0.0,369.0211303259031,369.0211303259031,92.56675052895498,92.3093415280178,29.702670021158198,29.734546348437217,12.42383698378082,12.417855006901357,23.33129781268271,23.290815382817833,25.033445463496548,24.81297218920097,13.348138031964808,18.451056516295154,3475.5282581475767,3476.4017310508193,3475.900121389361,0.0007054113485506565,0.1676352837137664,0.16395289995286805,23.873532321261713,23.730356315588324,0.0,0.0,0.0,0.0,False,none,0.0,0.0,nominal,0.2332509222505076,0.0,120,telemetry_dropout,2.06836894962348,0.2332509222505076,gradual,0.8498990995203983,1.3715093973630794,1709712774,postprocessed_sensor_fault
4200.0,70.0,1.1666666666666667,0,0.0,367.3205080756888,367.3205080756888,92.02014263003282,92.23880891846466,29.680805705201312,29.721654968129272,12.375691944619918,12.374256065914839,23.349485426102113,23.261074543431686,25.033909950596144,25.168019056407793,13.252620088650426,18.36602540378444,3433.0127018922194,3454.7072164715196,3458.5350646118854,0.00016013481240036284,0.15400337031000907,0.14497947790651597,23.861669839808748,23.956047175315476,0.0,0.0,0.0,0.0,False,none,0.0,0.0,nominal,0.2332509222505076,0.0,120,telemetry_dropout,2.06836894962348,0.2332509222505076,gradual,0.8498990995203983,1.3715093973630794,1709712774,postprocessed_sensor_fault
4260.0,71.0,1.1833333333333333,0,0.0,364.8628965095479,364.8628965095479,91.47719189117932,91.50617284410082,29.65908767564717,29.65774651597886,12.301892104696591,12.373473633545151,23.367078260040326,23.269823312840245,25.03412496064233,24.94688434453434,13.106923948447706,18.243144825477398,3371.5724127386975,3413.1398146051083,3416.31273976853,-0.00036467984866472153,0.15911699621661804,0.1695014999174008,23.84987478732624,23.771947623102154,0.0,0.0,0.0,0.0,False,none,0.0,0.0,nominal,0.2332509222505076,0.0,120,telemetry_dropout,2.06836894962348,0.2332509222505076,gradual,0.8498990995203983,1.3715093973630794,1709712774,postprocessed_sensor_fault
4320.0,72.0,1.2,0,0.0,361.7557050458495,361.7557050458495,90.9388649491468,90.62215276377347,29.637554597965874,29.610838800332147,12.205990337363327,12.173527800877302,23.383938777177633,23.432553564630993,25.034027531461778,25.169254899516446,12.918896009264552,18.087785252292473,3293.8926261462366,3353.516220375672,3353.7620953658065,-0.0008460957156159048,0.1711523928903976,0.17363405001581447,23.838147159474104,23.74648922409509,0.0,0.0,0.0,0.0,False,none,0.0,0.0,nominal,0.2332509222505076,0.0,120,telemetry_dropout,2.06836894962348,0.2332509222505076,gradual,0.8498990995203983,1.3715093973630794,1709712774,postprocessed_sensor_fault
4380.0,73.0,1.2166666666666666,0,0.0,358.134732861516,358.134732861516,90.40592635857907,90.24618648155833,29.616237054343163,29.619650405484208,12.092513042908543,12.062656366093334,23.39996284363268,23.476157863381143,25.033568784496236,25.11220272585798,12.698309735433059,17.9067366430758,3203.3683215379006,3278.4422709567866,3282.329813846316,-0.001263072604977771,0.18157681512444426,0.19148674447886688,23.826466278432534,23.963562744775892,0.0,0.0,0.0,0.0,False,none,0.0,0.0,nominal,0.2332509222505076,0.0,120,telemetry_dropout,2.06836894962348,0.2332509222505076,gradual,0.8498990995203983,1.3715093973630794,1709712774,postprocessed_sensor_fault
4440.0,74.0,1.2333333333333334,0,0.0,354.15823381635516,354.15823381635516,89.87890517730473,90.1806039091257,29.595156207092188,29.550549620301815,11.966763457443236,11.94870232638822,23.41508398060992,23.292684023117687,25.032716057601903,24.949272617904864,12.456274211711902,17.70791169081776,3103.9558454088797,3191.199058182833,3188.7191053310494,-0.0015973866258081216,0.18993466564520303,0.19473871546971247,23.81481341458936,23.780094762842563,0.0,0.0,0.0,0.0,False,none,0.0,0.0,nominal,0.2332509222505076,0.0,120,telemetry_dropout,2.06836894962348,0.2332509222505076,gradual,0.8498990995203983,1.3715093973630794,1709712774,postprocessed_sensor_fault
4500.0,75.0,1.25,0,0.0,350.0,350.0,89.3580718439714,89.47581508029039,29.574322873758856,29.607179297848024,11.834590482223794,11.809827331234972,23.429275485228114,23.272954983102863,25.031454329141088,25.08992897691352,12.20460255055536,17.5,3000.0000000000005,3095.599529091417,3094.0230032204167,-0.0018344266511799855,0.19586066627949963,0.20694760177981364,23.80317254337472,23.822246634924277,0.0,0.0,0.0,0.0,False,none,0.0,0.0,nominal,0.2332509222505076,0.0,120,telemetry_dropout,2.06836894962348,0.2332509222505076,gradual,0.8498990995203983,1.3715093973630794,1709712774,postprocessed_sensor_fault
4560.0,76.0,1.2666666666666666,0,0.0,345.8417661836448,345.8417661836448,88.84342635857907,88.62307285415956,29.553737054343163,29.531627381392862,11.702133153168205,11.718132912675603,23.442550477739275,23.188210830039825,25.029786871126323,25.266074325085782,11.955193626758275,17.29208830918224,2896.04415459112,2995.8218418412685,3005.111276240202,-0.0019638328945404205,0.1990958223635105,0.19585349965919405,23.791530991212568,23.910471082243337,0.0,0.0,0.0,0.0,False,none,0.0,0.0,nominal,0.2332509222505076,0.0,120,telemetry_dropout,2.06836894962348,0.2332509222505076,gradual,0.8498990995203983,1.3715093973630794,1709712774,postprocessed_sensor_fault
4620.0,77.0,1.2833333333333334,0,0.0,341.865267138484,341.865267138484,88.33469828248013,88.88835268088805,29.533387931299206,29.563986882278282,11.575551979804471,11.560162627013746,23.454960082509412,23.287430595351985,25.027735102871162,25.288692356010085,11.719472290972417,17.0932633569242,2796.631678462101,2896.226760151685,2893.128037090417,-0.001979949682094438,0.19949874205236096,0.21270085465642255,23.779879946612933,24.119903318763637,0.0,0.0,0.0,0.0,False,none,0.0,0.0,nominal,0.2332509222505076,0.0,120,telemetry_dropout,2.06836894962348,0.2332509222505076,gradual,0.8498990995203983,1.3715093973630794,1709712774,postprocessed_sensor_fault
4680.0,78.0,1.3,0,0.0,338.2442949541506,338.2442949541506,87.83135855784599,87.57481127510127,29.51325434231384,29.556579222794973,11.46075898750352,11.422607469460818,23.466590054432928,23.389948888667735,25.02533765154361,25.041137594181368,11.507919725571414,16.91221474770753,2706.107373853764,2801.1670670027247,2800.2446138424966,-0.0018820726328891081,0.1970518158222277,0.20181232226519796,23.768214816356704,23.64894750338083,0.0,0.0,0.0,0.0,False,none,0.0,0.0,nominal,0.2332509222505076,0.0,120,telemetry_dropout,2.06836894962348,0.2332509222505076,gradual,0.8498990995203983,1.3715093973630794,1709712774,postprocessed_sensor_fault
4740.0,79.0,1.3166666666666667,0,0.0,335.1371034904521,335.1371034904521,87.33264263003281,87.37725021019698,29.493305705201312,29.506773448020557,11.363158366861153,11.272762403779694,23.477556212258428,23.290309736999678,25.022648660680304,25.203558687737424,11.32970944562933,16.756855174522606,2628.4275872613025,2714.7973271320134,2709.88944914534,-0.0016744794436408268,0.19186198609102068,0.19290235925111707,23.756535411132372,23.766372658568457,0.0,0.0,0.0,0.0,False,none,0.0,0.0,nominal,0.2332509222505076,0.0,120,telemetry_dropout,2.06836894962348,0.2332509222505076,gradual,0.8498990995203983,1.3715093973630794,1709712774,postprocessed_sensor_fault
4800.0,80.0,1.3333333333333333,0,0.0,332.67949192431126,332.67949192431126,86.8375838622883,86.64618658407387,29.473503354491534,29.502537789962872,11.287409166227043,11.306764984855123,23.487999036501098,23.598214231575984,25.019735420587292,25.0072254196759,11.192448454866103,16.633974596215563,2566.987298107781,2640.8923126198974,2630.9015948058545,-0.0013662429328623821,0.18415607332155953,0.17728281777197052,23.74484595008817,23.6034255787305,0.0,0.0,0.0,0.0,False,none,0.0,0.0,nominal,0.2332509222505076,0.0,120,telemetry_dropout,2.06836894962348,0.2332509222505076,gradual,0.8498990995203983,1.3715093973630794,1709712774,postprocessed_sensor_fault
4860.0,81.0,1.35,0,0.0,330.9788696740969,330.9788696740969,86.34505578241614,86.67482466748432,29.453802231296645,29.452442571541532,11.237220480906524,11.212806484347889,23.498077742051827,23.564752361567777,25.01667542419,24.990536531541345,11.102009930920405,16.548943483704846,2524.4717418524233,2582.6820272361606,2583.60002500526,-0.0009708345151577116,0.17427086287894278,0.18034131755119798,23.733154879745946,23.835795190572647,0.0,0.0,0.0,0.0,False,none,0.0,0.0,nominal,0.2332509222505076,0.0,120,telemetry_dropout,2.06836894962348,0.2332509222505076,gradual,0.8498990995203983,1.3715093973630794,1709712774,postprocessed_sensor_fault
4920.0,82.0,1.3666666666666667,0,0.0,330.1095620926345,330.1095620926345,85.85382131501638,85.98712158776789,29.434152852600654,29.46400841573209,11.215188143709993,11.13259716930857,23.5079640609592,23.30797550457272,25.013552977005745,24.990432007272698,11.062435607905055,16.505478104631727,2502.7390523158633,2542.710539776012,2544.300119225293,-0.0005055354357605888,0.16263838589401472,0.1659884679060593,23.721474509658062,23.945479726219478,0.0,0.0,0.0,0.0,False,none,0.0,0.0,nominal,0.2332509222505076,0.0,120,telemetry_dropout,2.06836894962348,0.2332509222505076,gradual,0.8498990995203983,1.3715093973630794,1709712774,postprocessed_sensor_fault
4980.0,83.0,1.3833333333333333,0,0.0,330.1095620926345,330.1095620926345,85.36258684761663,85.73157836625411,29.414503473904666,29.43575486602444,11.222680076360769,11.247974474963948,23.517835889419135,23.466431115586403,25.010455509398962,25.056492227506748,11.075883847707596,16.505478104631727,2502.7390523158633,2522.724796045938,2519.2265346246004,9.318502806628603e-06,0.15023296257016572,0.14847242381275533,23.709821732973435,23.60500386221753,0.0,0.0,0.0,0.0,False,none,0.0,0.0,nominal,0.2332509222505076,0.0,120,telemetry_dropout,2.06836894962348,0.2332509222505076,gradual,0.8498990995203983,1.3715093973630794,1709712774,postprocessed_sensor_fault
5040.0,84.0,1.4,0,0.0,330.9788696740969,330.9788696740969,84.87005876774447,84.58684891821268,29.394802350709778,29.3555287562791,11.259775307388825,11.243949374747354,23.527870884742057,23.407801126586385,25.00746975229118,25.047735294717796,11.142603197830649,16.548943483704846,2524.4717418524233,2523.5982689491807,2523.5826808788297,0.0005512257128852607,0.1637806428221315,0.16645518270071377,23.698286708467702,23.674848349834075,0.0,0.0,0.0,0.0,False,none,0.0,0.0,nominal,0.2332509222505076,0.0,120,telemetry_dropout,2.06836894962348,0.2332509222505076,gradual,0.8498990995203983,1.3715093973630794,1709712774,postprocessed_sensor_fault
5100.0,85.0,1.4166666666666667,0,0.0,332.6794919243112,332.6794919243112,84.37499999999994,84.36538788166649,29.374999999999996,29.332096264000256,11.325259299551021,11.313916784735959,23.538240058954155,23.70722376904651,25.004677943465282,24.85962573967438,11.260919856165351,16.633974596215563,2566.9872981077806,2545.292783528481,2554.900706905873,0.0010965022490355544,0.17741255622588886,0.17299452911297297,23.686889425007415,23.669264152675687,0.0,0.0,0.0,0.0,False,none,0.0,0.0,nominal,0.2332509222505076,0.0,120,telemetry_dropout,2.06836894962348,0.2332509222505076,gradual,0.8498990995203983,1.3715093973630794,1709712774,postprocessed_sensor_fault
5160.0,86.0,1.4333333333333333,0,0.0,335.1371034904521,335.1371034904521,83.87628407218678,84.06437952658064,29.355051362887473,29.345569286585576,11.416675765526126,11.428189305420737,23.549101414743138,23.56017979272585,25.002154230266605,25.195455276306042,11.427238842812123,16.756855174522606,2628.4275872613025,2586.860185394892,2595.3994961851663,0.0016213169101006388,0.19053292275251596,0.18028102782410788,23.67564755613369,23.646202507752903,0.0,0.0,0.0,0.0,False,none,0.0,0.0,nominal,0.2332509222505076,0.0,120,telemetry_dropout,2.06836894962348,0.2332509222505076,gradual,0.8498990995203983,1.3715093973630794,1709712774,postprocessed_sensor_fault
5220.0,87.0,1.45,0,0.0,338.2442949541505,338.2442949541505,83.37294434755262,83.4148290940874,29.334917773902106,29.33872407594518,11.530432693255085,11.56450914740162,23.56059370707966,23.561563551582744,24.99996142591989,25.09241434091552,11.636070247494857,16.912214747707527,2706.107373853763,2646.483779624328,2638.2241275179686,0.002102732777051808,0.2025683194262952,0.20549657027100665,23.66457564037979,23.667495261758024,0.0,0.0,0.0,0.0,False,none,0.0,0.0,nominal,0.2332509222505076,0.0,120,telemetry_dropout,2.06836894962348,0.2332509222505076,gradual,0.8498990995203983,1.3715093973630794,1709712774,postprocessed_sensor_fault
5280.0,88.0,1.4666666666666666,0,0.0,341.86526713848394,341.86526713848394,82.86421627145369,82.55894670339461,29.31456865085815,29.273908175957303,11.66195795715644,11.644921503840656,23.57283048174238,23.466694515201333,24.998148261226376,24.838135023989963,11.880101071558753,17.093263356924197,2796.6316784620985,2721.557729043213,2727.4504929242876,0.0025197096664136814,0.21299274166034204,0.21822060551777725,23.653684389614575,23.65243392231883,0.0,0.0,0.0,0.0,False,none,0.0,0.0,nominal,0.2332509222505076,0.0,120,telemetry_dropout,2.06836894962348,0.2332509222505076,gradual,0.8498990995203983,1.3715093973630794,1709712774,postprocessed_sensor_fault
5340.0,89.0,1.4833333333333334,0,0.0,345.8417661836448,345.8417661836448,82.34957078606136,82.68008148682921,29.293982831442456,29.284858435456346,11.80589775632825,11.82556455507233,23.585894624674026,23.54746921028896,24.99674725175493,24.708877678977952,12.150337746630113,17.29208830918224,2896.0441545911194,2808.800941817166,2795.08862097277,0.002854023687244032,0.22135059218110079,0.2262200923561636,23.64298016069164,23.574650503512274,0.0,0.0,0.0,0.0,False,none,0.0,0.0,nominal,0.2332509222505076,0.0,120,telemetry_dropout,2.06836894962348,0.2332509222505076,gradual,0.8498990995203983,1.3715093973630794,1709712774,postprocessed_sensor_fault
5400.0,90.0,1.5,1,600.0,350.0,-250.0,82.72159459558517,82.66518652015029,29.308863783823405,29.322826062888,-8.529842775344427,-8.563108560562965,23.599114781665207,23.605608425436223,25.01177327374089,25.06584776092655,6.820657421767642,17.5,2999.9999999999995,2904.400470908583,2916.636408788107,0.003091063712615916,0.22727659281539792,0.22053921810942764,23.632464619262734,23.688494216183,0.0,0.0,0.0,0.0,False,none,0.0,0.0,nominal,0.2332509222505076,0.0,120,telemetry_dropout,2.06836894962348,0.2332509222505076,gradual,0.8498990995203983,1.3715093973630794,1709712774,postprocessed_sensor_fault
5460.0,91.0,1.5166666666666666,1,601.2556165273943,354.1582338163552,-247.09738271103907,83.08929903414327,83.19662724018461,29.32357196136573,29.357670503978593,-8.426578557230128,-8.393366098784927,23.611788686623527,23.543095187307824,25.027094910932597,24.92212316521342,6.680578094493646,17.707911690817763,3103.9558454088797,3004.1781581587315,2997.5344251987353,0.0032204699559763308,0.23051174889940826,0.23956170361051873,23.622134615934012,23.845697063114855,0.0,0.0,0.0,0.0,False,none,0.0,0.0,nominal,0.2332509222505076,0.0,120,telemetry_dropout,2.06836894962348,0.2332509222505076,gradual,0.8498990995203983,1.3715093973630794,1709712774,postprocessed_sensor_fault
5520.0,92.0,1.5333333333333334,1,602.5051158172811,358.13473286151606,-244.37038295576502,83.45294543735125,83.92533296747742,29.33811781749405,29.323867601202398,-8.32944991481523,-8.322900219296482,23.623952550739364,23.771298419500766,25.042691624931287,25.177118838266882,6.550378870673236,17.906736643075803,3203.368321537901,3103.7732398483167,3108.241681404372,0.0032365867435303836,0.2309146685882596,0.23519109633028565,23.611982284433054,23.525580923837445,0.0,0.0,0.0,0.0,False,none,0.0,0.0,nominal,0.2332509222505076,0.0,120,telemetry_dropout,2.06836894962348,0.2332509222505076,gradual,0.8498990995203983,1.3715093973630794,1709712774,postprocessed_sensor_fault
5580.0,93.0,1.55,1,603.7424104347197,361.7557050458494,-241.98670538887023,83.81304470132278,83.3544678643512,29.35252178805291,29.346827371304634,-8.244153846003238,-8.248870821334256,23.63566645480468,23.583467124941798,25.05852566243642,25.051400473244016,6.437285810925598,18.087785252292473,3293.892626146236,3198.8329329972757,3192.491419641836,0.0031387096943250046,0.22846774235812511,0.2223240838741882,23.60199535978532,23.80394765096008,0.0,0.0,0.0,0.0,False,none,0.0,0.0,nominal,0.2332509222505076,0.0,120,telemetry_dropout,2.06836894962348,0.2332509222505076,gradual,0.8498990995203983,1.3715093973630794,1709712774,postprocessed_sensor_fault
5640.0,94.0,1.5666666666666667,1,604.961472404706,364.8628965095479,-240.0985758951581,84.1703342487858,83.93763815804647,29.366813369951434,29.355457262206965,-8.175847098917126,-8.176452844197692,23.64701098295182,23.67900882222594,25.07454374678788,25.036470939352924,6.3475580627897275,18.243144825477398,3371.572412738697,3285.202672867987,3285.117939766254,0.002931116505076744,0.2232779126269186,0.2291488729365663,23.59215770252091,23.63714159409001,0.0,0.0,0.0,0.0,False,none,0.0,0.0,nominal,0.2332509222505076,0.0,120,telemetry_dropout,2.06836894962348,0.2332509222505076,gradual,0.8498990995203983,1.3715093973630794,1709712774,postprocessed_sensor_fault
5700.0,95.0,1.5833333333333333,1,606.1563625798619,367.32050807568874,-238.8358545041732,84.52574474655987,84.06878381067541,29.381029789862396,29.470610425934424,-8.128913663420365,-8.084717998952744,23.65808338034673,23.61791156099668,25.09067944762115,25.320295299197326,6.286338987787384,18.366025403784437,3433.012701892219,3359.107687380103,3356.186650614285,0.0026228799942982993,0.21557199985745748,0.21741407941869834,23.582450003578042,23.673075516588874,0.0,0.0,0.0,0.0,False,none,0.0,0.0,nominal,0.2332509222505076,0.0,120,telemetry_dropout,2.06836894962348,0.2332509222505076,gradual,0.8498990995203983,1.3715093973630794,1709712774,postprocessed_sensor_fault
5760.0,96.0,1.6,1,607.3212595753644,369.0211303259031,-238.3001292494613,84.88035803413348,84.93486222189406,29.395214321365337,29.40679067967587,-8.106766177794373,-8.06863391032107,23.668993455494366,23.831336835076993,25.10685612507277,25.02138757065575,6.257572628914463,18.451056516295154,3475.5282581475767,3417.31797276384,3403.9489733128985,0.0022274715765936287,0.2056867894148407,0.20630123568559736,23.572850634741116,23.702794334588607,0.0,0.0,0.0,0.0,False,none,0.0,0.0,nominal,0.2332509222505076,0.0,120,telemetry_dropout,2.06836894962348,0.2332509222505076,gradual,0.8498990995203983,1.3715093973630794,1709712774,postprocessed_sensor_fault
5820.0,97.0,1.6166666666666667,1,608.450488130146,369.8904379073655,-238.56005022278055,85.23535810886975,85.15677887762098,29.409414324354792,29.32686892000422,-8.111689936824822,-8.191048918682906,23.67985936506305,23.62531166188026,25.122990319862925,25.064641639084446,6.263961090494807,18.494521895368276,3497.260947684136,3457.2894602239876,3464.030234700811,0.001762172497196499,0.19405431242991247,0.20090888721571432,23.56333660191221,23.493595222049365,0.0,0.0,0.0,0.0,False,none,0.0,0.0,nominal,0.2332509222505076,0.0,120,telemetry_dropout,2.06836894962348,0.2332509222505076,gradual,0.8498990995203983,1.3715093973630794,1709712774,postprocessed_sensor_fault
5880.0,98.0,1.6333333333333333,1,609.5385467561977,369.8904379073655,-239.64810884883218,85.59197731846623,85.0987429220711,29.42367909273865,29.441930744675663,-8.1447363565073,-8.105139650062984,23.690803336957206,23.611758178660754,25.138995441094757,25.312562249634443,6.306938425360945,18.494521895368276,3497.2609476841367,3477.2752039540624,3472.764216604678,0.0012473185586292885,0.18118296396573222,0.18411532495830557,23.55388455379844,23.65766104836639,0.0,0.0,0.0,0.0,False,none,0.0,0.0,nominal,0.2332509222505076,0.0,120,telemetry_dropout,2.06836894962348,0.2332509222505076,gradual,0.8498990995203983,1.3715093973630794,1709712774,postprocessed_sensor_fault
5940.0,99.0,1.65,1,610.5801345412646,369.0211303259031,-241.55900421536148,85.95144012235814,86.19543903572976,29.438057604894325,29.457971582278944,-8.205670613783983,-8.152177876846574,23.70194732499464,23.609874333367614,25.15478559059859,25.236307972249175,6.386642417753441,18.451056516295154,3475.5282581475763,3476.4017310508193,3471.2490593117654,0.0007054113485506565,0.1676352837137664,0.16826846744450727,23.544471796948457,23.582218548564686,0.0,0.0,0.0,0.0,False,none,0.0,0.0,nominal,0.2332509222505076,0.0,120,telemetry_dropout,2.06836894962348,0.2332509222505076,gradual,0.8498990995203983,1.3715093973630794,1709712774,postprocessed_sensor_fault
6000.0,100.0,1.6666666666666667,1,611.5701769743577,367.3205080756888,-244.24966889866886,86.3149068915526,85.97638597989129,29.452596275662103,29.48637762361299,-8.29297582503796,-8.304236720813892,23.713408560520584,23.67615088221504,25.17027935668137,25.219336874255745,6.5018758427731225,18.36602540378444,3433.0127018922194,3454.7072164715196,3449.48904028063,0.00016013481240036284,0.15400337031000907,0.14631740177641217,23.53507726942784,23.64570214897322,0.0,0.0,0.0,0.0,False,none,0.0,0.0,nominal,0.2332509222505076,0.0,120,telemetry_dropout,2.06836894962348,0.2332509222505076,gradual,0.8498990995203983,1.3715093973630794,1709712774,postprocessed_sensor_fault
6060.0,101.0,1.6833333333333333,1,612.503850668262,364.86289650954785,-247.64095415871412,86.68342021619354,86.64889798167435,29.46733680864774,29.409446669856578,-8.403913654186736,-8.426922724511956,23.725294979746,23.669064193299263,25.185403411478873,25.1419790769047,6.650061176562101,18.243144825477394,3371.5724127386966,3413.1398146051083,3408.6498039808325,-0.00036467984866473584,0.1591169962166184,0.1647232878348238,23.52573166122319,23.361359364356744,0.0,0.0,0.0,0.0,False,none,0.0,0.0,nominal,0.2332509222505076,0.0,120,telemetry_dropout,2.06836894962348,0.2332509222505076,gradual,0.8498990995203983,1.3715093973630794,1709712774,postprocessed_sensor_fault
6120.0,102.0,1.7,1,613.376606858593,361.7557050458495,-251.62090181274357,87.0578560819863,86.93952319076259,29.482314243279454,29.44322598635423,-8.534638757881803,-8.578545017680211,23.737700558861533,23.639432201264775,25.200095754691628,25.21573392146828,6.827204698203059,18.087785252292473,3293.892626146237,3353.516220375672,3348.64210454713,-0.0008460957156158976,0.17115239289039744,0.18107932587022374,23.51643510681683,23.42766163426189,0.0,0.0,0.0,0.0,False,none,0.0,0.0,nominal,0.2332509222505076,0.0,120,telemetry_dropout,2.06836894962348,0.2332509222505076,gradual,0.8498990995203983,1.3715093973630794,1709712774,postprocessed_sensor_fault
6180.0,103.0,1.7166666666666666,1,614.184193564921,358.134732861516,-256.049460703405,87.4388820651759,87.10675370371179,29.497555282607035,29.48766943588804,-8.680362092731874,-8.65014749307401,23.75070067179128,23.63489211243075,25.214308461940245,25.25539157061557,7.027894884874919,17.9067366430758,3203.3683215379,3278.4422709567857,3278.800534942126,-0.001263072604977778,0.18157681512444446,0.17527928493007042,23.507167066170187,23.412365197015784,0.0,0.0,0.0,0.0,False,none,0.0,0.0,nominal,0.2332509222505076,0.0,120,telemetry_dropout,2.06836894962348,0.2332509222505076,gradual,0.8498990995203983,1.3715093973630794,1709712774,postprocessed_sensor_fault
6240.0,104.0,1.7333333333333334,1,614.9226763059908,354.1582338163552,-260.76444248963554,87.82692439030927,87.60746620301501,29.51307697561237,29.489915495957998,-8.835555936953433,-8.869079944007728,23.764347680751207,23.83350811278442,25.228009817626358,25.408661878872852,7.245363897202646,17.707911690817763,3103.9558454088806,3191.199058182833,3190.13866477928,-0.0015973866258081003,0.1899346656452025,0.19987343925597087,23.497908946418978,23.5707734186905,0.0,0.0,0.0,0.0,False,none,0.0,0.0,nominal,0.2332509222505076,0.0,120,telemetry_dropout,2.06836894962348,0.2332509222505076,gradual,0.8498990995203983,1.3715093973630794,1709712774,postprocessed_sensor_fault
6300.0,105.0,1.75,1,615.5884572681198,350.0,-265.5884572681198,88.22214530886303,88.10536010419078,29.52888581235452,29.486969498914743,-8.994191618195119,-8.986632721836184,23.778667056763982,23.79859996863253,25.241185739085346,25.225937345058792,7.471638629184906,17.5,3000.0000000000005,3095.599529091417,3111.0397468389274,-0.0018344266511799855,0.19586066627949963,0.18916423729464993,23.48864485871562,23.652049226030616,0.0,0.0,0.0,0.0,False,none,0.0,0.0,nominal,0.2332509222505076,0.0,120,telemetry_dropout,2.06836894962348,0.2332509222505076,gradual,0.8498990995203983,1.3715093973630794,1709712774,postprocessed_sensor_fault
6360.0,106.0,1.7666666666666666,1,616.178292833385,345.8417661836449,-270.33652664974005,88.62443180685372,88.99136182213793,29.54497727227415,29.5737844822356,-9.149999479046192,-9.158314643104097,23.793654385214477,23.54261685402385,25.253840429791026,25.33308728219146,7.697799237323648,17.292088309182244,2896.0441545911217,2995.82184184127,2997.8822975284857,-0.0019638328945403845,0.1990958223635096,0.20377382632213337,23.479362264188413,23.316972956350703,0.0,0.0,0.0,0.0,False,none,0.0,0.0,nominal,0.2332509222505076,0.0,120,telemetry_dropout,2.06836894962348,0.2332509222505076,gradual,0.8498990995203983,1.3715093973630794,1709712774,postprocessed_sensor_fault
6420.0,107.0,1.7833333333333334,1,616.6893093822022,341.86526713848406,-274.8240422437181,89.03339615543068,89.0901465181454,29.561335846217226,29.569916283381684,-9.296739622099507,-9.286533627508152,23.80927362359682,23.977796125991468,25.265996233066545,25.168435743279836,7.9143494080891905,17.093263356924204,2796.631678462101,2896.226760151685,2903.850050540736,-0.0019799496820944516,0.1994987420523613,0.20947202967204903,23.47005248504146,23.531992300829256,0.0,0.0,0.0,0.0,False,none,0.0,0.0,nominal,0.2332509222505076,0.0,120,telemetry_dropout,2.06836894962348,0.2332509222505076,gradual,0.8498990995203983,1.3715093973630794,1709712774,postprocessed_sensor_fault
6480.0,108.0,1.8,1,617.1190172933127,338.24429495415063,-278.8747223391621,89.44838830176872,89.54781821957972,29.57793553207075,29.62777178910671,-9.428471504942728,-9.430440051702252,23.82545693516711,23.698539504788116,25.27769269269743,25.311369665509655,8.111685993561359,16.912214747707534,2706.1073738537652,2801.167067002725,2794.5385394084774,-0.0018820726328890943,0.19705181582222736,0.19779750336477112,23.460711060747016,23.52501395033388,0.0,0.0,0.0,0.0,False,none,0.0,0.0,nominal,0.2332509222505076,0.0,120,telemetry_dropout,2.06836894962348,0.2332509222505076,gradual,0.8498990995203983,1.3715093973630794,1709712774,postprocessed_sensor_fault
6540.0,109.0,1.8166666666666667,1,617.465323072968,335.1371034904521,-282.3282195825159,89.86851958090936,89.7791484871622,29.594740783236375,29.644349428272264,-9.539810524119803,-9.575623744562822,23.842106322845737,23.679393601611867,25.288984861504893,25.39052657428565,8.280638786888556,16.756855174522606,2628.427587261303,2714.7973271320143,2710.846715827538,-0.0016744794436408268,0.19186198609102068,0.1854213862306366,23.451337933689757,23.35940291346719,0.0,0.0,0.0,0.0,False,none,0.0,0.0,nominal,0.2332509222505076,0.0,120,telemetry_dropout,2.06836894962348,0.2332509222505076,gradual,0.8498990995203983,1.3715093973630794,1709712774,postprocessed_sensor_fault
6600.0,110.0,1.8333333333333333,1,617.7265395542198,332.6794919243112,-285.0470476299086,90.29269673512054,90.57863848386921,29.61170786940482,29.59466836119639,-9.626160331144652,-9.554108134163808,23.859097141634237,23.8537481516611,25.299940931805285,25.256894335102498,8.413037017672233,16.633974596215563,2566.98729810778,2640.8923126198974,2628.5419507140027,-0.0013662429328624107,0.18415607332156025,0.18048477872193472,23.441937453726375,23.328644850573475,0.0,0.0,0.0,0.0,False,none,0.0,0.0,nominal,0.2332509222505076,0.0,120,telemetry_dropout,2.06836894962348,0.2332509222505076,gradual,0.8498990995203983,1.3715093973630794,1709712774,postprocessed_sensor_fault
6660.0,111.0,1.85,1,617.9013941166289,330.9788696740969,-286.922524442532,90.71966477744574,90.72506637403824,29.62878659109783,29.658775931029233,-9.683910731894091,-9.66700594727524,23.876283392667975,23.952617304881585,25.310639291318253,25.46768647444894,8.502250165063485,16.548943483704846,2524.4717418524233,2582.6820272361606,2579.153988668549,-0.0009708345151577116,0.17427086287894278,0.17277272147097253,23.432518197106866,23.479183324453516,0.0,0.0,0.0,0.0,False,none,0.0,0.0,nominal,0.2332509222505076,0.0,120,telemetry_dropout,2.06836894962348,0.2332509222505076,gradual,0.8498990995203983,1.3715093973630794,1709712774,postprocessed_sensor_fault
6720.0,112.0,1.8666666666666667,1,617.9890348863438,330.1095620926345,-287.8794727937093,91.14805685005543,91.40254381727608,29.645922274002217,29.672350309868154,-9.710592577724025,-9.73553602875423,23.893504521168115,23.750112461726808,25.32116513319697,25.29365138751768,8.543648656843914,16.505478104631727,2502.7390523158633,2542.710539776012,2536.9859109805548,-0.0005055354357605888,0.16263838589401472,0.1675989143840065,23.423092602138773,23.2916350240711,0.0,0.0,0.0,0.0,False,none,0.0,0.0,nominal,0.2332509222505076,0.0,120,telemetry_dropout,2.06836894962348,0.2332509222505076,gradual,0.8498990995203983,1.3715093973630794,1709712774,postprocessed_sensor_fault
6780.0,113.0,1.8833333333333333,1,617.9890348863438,330.1095620926345,-287.8794727937093,91.57644892266512,91.22813643253305,29.663057956906606,29.688220895928552,-9.704982986310108,-9.68757291494877,23.91059327931166,24.06122127945403,25.33160676834066,25.301623806812295,8.534935581165493,16.505478104631727,2502.7390523158633,2522.724796045938,2523.292467458604,9.318502806628603e-06,0.15023296257016572,0.15683021761656046,23.41367768976054,23.659251955162745,0.0,0.0,0.0,0.0,False,none,0.0,0.0,nominal,0.2332509222505076,0.0,120,telemetry_dropout,2.06836894962348,0.2332509222505076,gradual,0.8498990995203983,1.3715093973630794,1709712774,postprocessed_sensor_fault
6840.0,114.0,1.9,1,617.9013941166289,330.9788696740969,-286.922524442532,92.00341696499031,92.14173124231138,29.680136678599613,29.675182002238547,-9.667156440334484,-9.670915858789403,23.92738409660696,23.822809404337605,25.342051801161343,25.080119221734854,8.47631309135204,16.548943483704846,2524.4717418524233,2523.5982689491807,2519.368664487644,0.0005512257128852607,0.1637806428221315,0.15994128162801238,23.404363745578905,23.528472680413678,0.0,0.0,0.0,0.0,False,none,0.0,0.0,nominal,0.2332509222505076,0.0,120,telemetry_dropout,2.06836894962348,0.2332509222505076,gradual,0.8498990995203983,1.3715093973630794,1709712774,postprocessed_sensor_fault
6900.0,115.0,1.9166666666666667,1,617.7265395542198,332.6794919243112,-285.0470476299086,92.4275941192015,92.70959672459605,29.69710376476806,29.729370299406515,-9.598479699831257,-9.562877415273684,23.94372134204014,24.02232459597926,25.352583335944484,25.480230001365236,8.370465003845819,16.633974596215563,2566.9872981077797,2545.2927835284804,2552.3526323731135,0.0010965022490355475,0.1774125562258887,0.18520010834456888,23.395170884340285,23.211986609015856,0.0,0.0,0.0,0.0,False,none,0.0,0.0,nominal,0.2332509222505076,0.0,120,telemetry_dropout,2.06836894962348,0.2332509222505076,gradual,0.8498990995203983,1.3715093973630794,1709712774,postprocessed_sensor_fault
6960.0,116.0,1.9333333333333333,1,617.465323072968,335.1371034904521,-282.3282195825159,92.84772539834213,92.75691335887151,29.713909015933687,29.69560633389617,-9.501550921190516,-9.557943688048624,23.959466872630024,24.16151973187672,25.363276379605974,25.394358358707166,8.222357592638108,16.756855174522606,2628.427587261302,2586.860185394891,2579.9610283929715,0.0016213169101006388,0.19053292275251596,0.19029517609885,23.38611690452156,23.344151431594067,0.0,0.0,0.0,0.0,False,none,0.0,0.0,nominal,0.2332509222505076,0.0,120,telemetry_dropout,2.06836894962348,0.2332509222505076,gradual,0.8498990995203983,1.3715093973630794,1709712774,postprocessed_sensor_fault
7020.0,117.0,1.95,1,617.1190172933127,338.24429495415046,-278.87472233916225,93.26271754468019,93.547166711613,29.73050870178721,29.715879637654215,-9.380085794576333,-9.370345092716384,23.974506340597873,24.141834806427397,25.37419459806454,25.424417358145433,8.038880761089018,16.912214747707523,2706.1073738537616,2646.4837796243264,2651.1944440071416,0.0021027327770518074,0.20256831942629516,0.20501396076728107,23.37721646865475,23.24138039185047,0.0,0.0,0.0,0.0,False,none,0.0,0.0,nominal,0.2332509222505076,0.0,120,telemetry_dropout,2.06836894962348,0.2332509222505076,gradual,0.8498990995203983,1.3715093973630794,1709712774,postprocessed_sensor_fault
7080.0,118.0,1.9666666666666666,1,616.6893093822022,341.865267138484,-274.82404224371817,93.67168189325714,93.1176515534176,29.746867275730285,29.7008190963578,-9.238755788847055,-9.269301050988954,23.988753864827874,24.05943348206644,25.385387567993874,25.270164073107548,7.8283686820763965,17.0932633569242,2796.6316784621,2721.557729043213,2717.926139574991,0.00251970966641371,0.21299274166034274,0.21261581846172073,23.36848041167747,23.26363362234532,0.0,0.0,0.0,0.0,False,none,0.0,0.0,nominal,0.2332509222505076,0.0,120,telemetry_dropout,2.06836894962348,0.2332509222505076,gradual,0.8498990995203983,1.3715093973630794,1709712774,postprocessed_sensor_fault
7140.0,119.0,1.9833333333333334,1,616.178292833385,345.84176618364484,-270.3365266497401,94.07396839124782,94.49942919514685,29.762958735649914,29.719609959556465,-9.08298563495747,-9.031854422903015,24.002154842450864,24.05566973388072,25.396888644068287,25.601273785647855,7.600050243587502,17.292088309182244,2896.044154591121,2808.8009418171673,2808.2157450697814,0.002854023687244053,0.2213505921811013,0.21009889555217257,23.359915212589062,23.42204751029782,0.0,0.0,0.0,0.0,False,none,0.0,0.0,nominal,0.2332509222505076,0.0,120,telemetry_dropout,2.06836894962348,0.2332509222505076,gradual,0.8498990995203983,1.3715093973630794,1709712774,postprocessed_sensor_fault
7200.0,120.0,2.0,1,615.58845726812,350.0,-265.58845726812,94.46918930980158,94.14905564566168,29.778767572392063,29.733398256364556,-8.918718903409134,-8.878143937182458,24.0146868592303,23.642497496768414,25.40871353491574,25.365103078652727,7.363483750242194,17.5,2999.9999999999995,2904.4004709085834,2902.586728192048,0.0030910637126159027,0.22727659281539755,0.22972323286273083,23.351522658270927,23.374188145662753,0.0,0.0,0.0,0.0,False,none,0.0,0.0,nominal,0.2332509222505076,0.0,120,telemetry_dropout,2.06836894962348,0.2332509222505076,gradual,0.8498990995203983,1.3715093973630794,1709712774,postprocessed_sensor_fault
7260.0,121.0,2.0166666666666666,1,614.9226763059908,354.15823381635516,-260.7644424896356,94.85723163493495,94.82727092662991,29.7942892653974,29.724748338586235,-8.752161871251051,-8.77447649602526,24.026358828053738,24.109604855047007,25.420859650018052,25.296717151440706,7.128026993646456,17.70791169081776,3103.9558454088797,3004.178158158732,2996.358579996516,0.003220469955976323,0.23051174889940806,0.2265433592105186,23.343299719649647,23.15339161701501,0.0,0.0,0.0,0.0,False,none,0.0,0.0,nominal,0.2332509222505076,0.0,120,telemetry_dropout,2.06836894962348,0.2332509222505076,gradual,0.8498990995203983,1.3715093973630794,1709712774,postprocessed_sensor_fault
7320.0,122.0,2.033333333333333,1,614.184193564921,358.13473286151594,-256.04946070340503,95.23825761812455,95.37489757638929,29.80953030472498,29.8414002593099,-8.589516778223766,-8.566563726643206,24.037208621347652,24.030028607710587,25.43330624610406,25.446168075607613,6.902383878671007,17.9067366430758,3203.368321537899,3103.7732398483154,3092.5872058950945,0.0032365867435303554,0.23091466858825888,0.2206305999208658,23.33523864987082,23.286957180530983,0.0,0.0,0.0,0.0,False,none,0.0,0.0,nominal,0.2332509222505076,0.0,120,telemetry_dropout,2.06836894962348,0.2332509222505076,gradual,0.8498990995203983,1.3715093973630794,1709712774,postprocessed_sensor_fault
7380.0,123.0,2.05,1,613.376606858593,361.7557050458494,-251.62090181274363,95.61269348391733,96.0329706745095,29.824507739356694,29.87326479283794,-8.436716005900823,-8.450197617718029,24.047299550143357,23.784271233191735,25.446015366639813,25.43135663827414,6.694254157137851,18.087785252292473,3293.892626146236,3198.8329329972757,3202.384327015612,0.0031387096943250184,0.22846774235812545,0.23234691026675333,23.327327302482303,23.2753510751134,0.0,0.0,0.0,0.0,False,none,0.0,0.0,nominal,0.2332509222505076,0.0,120,telemetry_dropout,2.06836894962348,0.2332509222505076,gradual,0.8498990995203983,1.3715093973630794,1709712774,postprocessed_sensor_fault
7440.0,124.0,2.066666666666667,1,612.503850668262,364.86289650954785,-247.64095415871412,95.98120680855826,95.8314429619902,29.83924827234233,29.856986106691835,-8.299168661974965,-8.263507198904554,24.056716072970474,24.053286278471106,25.458933533357648,25.489285782259106,6.510096038392588,18.243144825477394,3371.572412738696,3285.202672867986,3293.581493240132,0.0029311165050767227,0.22327791262691807,0.23154577559340295,23.319549655647666,23.40191334061061,0.0,0.0,0.0,0.0,False,none,0.0,0.0,nominal,0.2332509222505076,0.0,120,telemetry_dropout,2.06836894962348,0.2332509222505076,gradual,0.8498990995203983,1.3715093973630794,1709712774,postprocessed_sensor_fault
7500.0,125.0,2.0833333333333335,1,611.5701769743577,367.3205080756888,-244.24966889866886,96.3446735777527,,29.85378694311011,,-8.181530516182596,,24.065559094289245,,25.471994115898354,,6.354995326978164,18.36602540378444,3433.0127018922194,3359.107687380103,,0.0026228799942983206,0.215571999857458,,23.311886517056347,,0.0,0.0,0.0,0.0,True,none,0.0176072473994832,0.0,telemetry_dropout,0.2332509222505076,0.004106906694222308,120,telemetry_dropout,2.06836894962348,0.2332509222505076,gradual,0.8498990995203983,1.3715093973630794,1709712774,postprocessed_sensor_fault
7560.0,126.0,2.1,1,610.5801345412646,369.0211303259031,-241.55900421536148,96.70413638164462,,29.868165455265785,,-8.087507234990705,,24.07394114593045,,25.48512027600376,,6.232621862082159,18.451056516295154,3475.5282581475767,3417.31797276384,,0.0022274715765936287,0.2056867894148407,,23.304316374368334,,0.0,0.0,0.0,0.0,True,none,0.037217418390453394,0.0,telemetry_dropout,0.2332509222505076,0.008680997163356255,120,telemetry_dropout,2.06836894962348,0.2332509222505076,gradual,0.8498990995203983,1.3715093973630794,1709712774,postprocessed_sensor_fault
7620.0,127.0,2.1166666666666667,1,609.5385467561977,369.8904379073655,-239.64810884883218,97.0607555912411,,29.882430223649642,,-8.019699437268967,,24.08198165347197,,25.498228357586466,,6.145246325130574,18.494521895368276,3497.2609476841367,3457.2894602239876,,0.001762172497196506,0.19405431242991264,,23.29681634849222,,0.0,0.0,0.0,0.0,True,none,0.05682758938142359,0.0,telemetry_dropout,0.2332509222505076,0.013255087632490205,120,telemetry_dropout,2.06836894962348,0.2332509222505076,gradual,0.8498990995203983,1.3715093973630794,1709712774,postprocessed_sensor_fault
7680.0,128.0,2.1333333333333333,1,608.450488130146,369.8904379073655,-238.56005022278055,97.41575566597737,,29.896630226639097,,-7.979496298222064,,24.089802393197363,,25.51123157451651,,6.09378889386717,18.494521895368276,3497.2609476841367,3477.2752039540624,,0.0012473185586292885,0.18118296396573222,,23.289363202279105,,0.0,0.0,0.0,0.0,True,none,0.07643776037239379,0.0,telemetry_dropout,0.2332509222505076,0.017829178101624155,120,telemetry_dropout,2.06836894962348,0.2332509222505076,gradual,0.8498990995203983,1.3715093973630794,1709712774,postprocessed_sensor_fault
7740.0,129.0,2.15,1,607.3212595753644,369.0211303259031,-238.3001292494613,97.77036895355099,,29.91081475814204,,-7.967022335444523,,24.097523164143105,,25.52404383495297,,6.077875591477752,18.451056516295154,3475.5282581475767,3476.4017310508193,,0.0007054113485506565,0.1676352837137664,,23.281934355565518,,0.0,0.0,0.0,0.0,True,none,0.09604793136336398,0.0,telemetry_dropout,0.2332509222505076,0.0224032685707581,120,telemetry_dropout,2.06836894962348,0.2332509222505076,gradual,0.8498990995203983,1.3715093973630794,1709712774,postprocessed_sensor_fault
7800.0,130.0,2.1666666666666665,1,606.156362579862,367.3205080756888,-238.83585450417326,98.12577945132504,,29.925031178053,,-7.981139704854688,,24.105257649421823,,25.536583535080915,,6.095887279072638,18.36602540378444,3433.0127018922194,3454.7072164715196,,0.00016013481240036284,0.15400337031000907,,23.274508858855274,,0.0,0.0,0.0,0.0,True,none,0.11565810235433419,0.0,telemetry_dropout,0.2332509222505076,0.02697735903989205,120,telemetry_dropout,2.06836894962348,0.2332509222505076,gradual,0.8498990995203983,1.3715093973630794,1709712774,postprocessed_sensor_fault
7860.0,131.0,2.183333333333333,1,604.961472404706,364.8628965095479,-240.0985758951581,98.4830689987881,,29.939322759951523,,-8.019505912683071,,24.11310943021424,,25.548777156451223,,6.144998006684699,18.243144825477398,3371.572412738698,3413.1398146051088,,-0.0003646798486647144,0.15911699621661785,,23.267117513729918,,0.0,0.0,0.0,0.0,True,none,0.1352682733453044,0.0,telemetry_dropout,0.2332509222505076,0.031551449509026004,120,telemetry_dropout,2.06836894962348,0.2332509222505076,gradual,0.8498990995203983,1.3715093973630794,1709712774,postprocessed_sensor_fault
7920.0,132.0,2.2,1,603.7424104347197,361.7557050458495,-241.98670538887018,98.84316826275963,,29.953726730510386,,-8.07868441766835,,24.121168144811698,,25.560562509704198,,6.221211353622193,18.087785252292473,3293.892626146237,3353.516220375673,,-0.0008460957156159047,0.1711523928903976,,23.259760565429755,,0.0,0.0,0.0,0.0,True,none,0.1548784443362751,0.0,telemetry_dropout,0.2332509222505076,0.03612553997816007,120,telemetry_dropout,2.06836894962348,0.2332509222505076,gradual,0.8498990995203983,1.3715093973630794,1709712774,postprocessed_sensor_fault
7980.0,133.0,2.216666666666667,1,602.5051158172811,358.13473286151606,-244.37038295576502,99.20681466596761,,29.968272586638705,,-8.15430326353602,,24.129505845733153,,25.571891482912715,,6.319412937097135,17.906736643075803,3203.3683215379015,3278.442270956787,,-0.0012630726049777641,0.1815768151244441,,23.252417583843517,,0.0,0.0,0.0,0.0,True,none,0.1744886153272453,0.0,telemetry_dropout,0.2332509222505076,0.04069963044729402,120,telemetry_dropout,2.06836894962348,0.2332509222505076,gradual,0.8498990995203983,1.3715093973630794,1709712774,postprocessed_sensor_fault
8040.0,134.0,2.2333333333333334,1,601.2556165273943,354.15823381635516,-247.09738271103913,99.5745191045257,,29.98298076418103,,-8.24125475230376,,24.13817368529672,,25.582732174431047,,6.433462391389545,17.70791169081776,3103.955845408879,3191.199058182833,,-0.001597386625808136,0.1899346656452034,,23.245070085209758,,0.0,0.0,0.0,0.0,True,none,0.1940987863182155,0.0,telemetry_dropout,0.2332509222505076,0.04527372091642797,120,telemetry_dropout,2.06836894962348,0.2332509222505076,gradual,0.8498990995203983,1.3715093973630794,1709712774,postprocessed_sensor_fault
8100.0,135.0,2.25,1,600.0,350.0,-250.0,99.94654291404952,,29.99786171656198,,-8.333927343293727,,24.147199135175153,,25.5930703170356,,6.556347597063907,17.5,3000.0000000000005,3095.599529091417,,-0.0018344266511799855,0.19586066627949963,,23.23770228896547,,0.0,0.0,0.0,0.0,True,none,0.21370895730918568,0.0,telemetry_dropout,0.2332509222505076,0.049847811385561915,120,telemetry_dropout,2.06836894962348,0.2332509222505076,gradual,0.8498990995203983,1.3715093973630794,1709712774,postprocessed_sensor_fault
8160.0,136.0,2.2666666666666666,1,598.7443834726057,345.84176618364484,-252.90261728896087,100.0,,30.0,,-8.430087242965362,,24.156600305943837,,25.60290993111768,,6.685309673920586,17.292088309182244,2896.0441545911203,2995.8218418412685,,-0.0019638328945404057,0.19909582236351014,,23.230301763711388,,0.0,0.0,0.0,0.0,True,none,0.2333191283001559,0.0,telemetry_dropout,0.2332509222505076,0.054421901854695864,120,telemetry_dropout,2.06836894962348,0.2332509222505076,gradual,0.8498990995203983,1.3715093973630794,1709712774,postprocessed_sensor_fault
8220.0,137.0,2.283333333333333,1,597.4948841827188,341.86526713848406,-255.62961704423475,100.0,,30.0,,-8.520987234807825,,24.166355963696375,,25.612273178382587,,6.808577876460633,17.093263356924204,2796.631678462101,2896.226760151685,,-0.001979949682094438,0.19949874205236096,,23.222859938318013,,0.0,0.0,0.0,0.0,True,none,0.25292929929112606,0.0,telemetry_dropout,0.2332509222505076,0.05899599232382981,120,telemetry_dropout,2.06836894962348,0.2332509222505076,gradual,0.8498990995203983,1.3715093973630794,1709712774,postprocessed_sensor_fault
8280.0,138.0,2.3,1,596.2575895652803,338.2442949541506,-258.01329461112977,100.0,,30.0,,-8.600443153704326,,24.17641586056489,,25.621199422450943,,6.91740979520797,16.91221474770753,2706.107373853764,2801.1670670027247,,-0.0018820726328891081,0.1970518158222277,,23.215372458123994,,0.0,0.0,0.0,0.0,True,none,0.2725394702820963,0.0,telemetry_dropout,0.2332509222505076,0.06357008279296376,120,telemetry_dropout,2.06836894962348,0.2332509222505076,gradual,0.8498990995203983,1.3715093973630794,1709712774,postprocessed_sensor_fault
8340.0,139.0,2.316666666666667,1,595.038527595294,335.1371034904521,-259.9014241048419,100.0,,30.0,,-8.66338080349473,,24.186705143253864,,25.62974353742038,,7.00433335570888,16.756855174522606,2628.427587261303,2714.797327132014,,-0.0016744794436408194,0.19186198609102048,,23.20783937058641,,0.0,0.0,0.0,0.0,True,none,0.292149641273067,0.0,telemetry_dropout,0.2332509222505076,0.06814417326209783,120,telemetry_dropout,2.06836894962348,0.2332509222505076,gradual,0.8498990995203983,1.3715093973630794,1709712774,postprocessed_sensor_fault
8400.0,140.0,2.3333333333333335,1,593.843637420138,332.67949192431126,-261.1641454958267,100.0,,30.0,,-8.705471516527556,,24.197127641547695,,25.63797353831345,,7.0628187460058065,16.633974596215563,2566.9872981077815,2640.892312619898,,-0.001366242932862382,0.18415607332155953,,23.2002651298463,,0.0,0.0,0.0,0.0,True,none,0.3117598122640372,0.0,telemetry_dropout,0.2332509222505076,0.07271826373123179,120,telemetry_dropout,2.06836894962348,0.2332509222505076,gradual,0.8498990995203983,1.3715093973630794,1709712774,postprocessed_sensor_fault
8460.0,141.0,2.35,1,592.6787404246356,330.9788696740969,-261.6998707505387,100.0,,30.0,,-8.723329025017957,,24.2075706008394,,25.64596763697435,,7.08771754229766,16.548943483704846,2524.4717418524233,2582.682027236161,,-0.0009708345151577187,0.17427086287894297,,23.19265841565589,,0.0,0.0,0.0,0.0,True,none,0.3313699832550074,0.0,telemetry_dropout,0.2332509222505076,0.07729235420036573,120,telemetry_dropout,2.06836894962348,0.2332509222505076,gradual,0.8498990995203983,1.3715093973630794,1709712774,postprocessed_sensor_fault
8520.0,142.0,2.3666666666666667,1,591.549511869854,330.1095620926345,-261.43994977721945,100.0,,30.0,,-8.714664992573981,,24.21791061348311,,25.65381085208782,,7.075630874623557,16.505478104631727,2502.739052315864,2542.710539776012,,-0.0005055354357605887,0.16263838589401472,,23.18503176904868,,0.0,0.0,0.0,0.0,True,none,0.35098015424597756,0.0,telemetry_dropout,0.2332509222505076,0.08186644466949967,120,telemetry_dropout,2.06836894962348,0.2332509222505076,gradual,0.8498990995203983,1.3715093973630794,1709712774,postprocessed_sensor_fault
8580.0,143.0,2.3833333333333333,1,590.4614532438022,330.1095620926345,-260.3518911511677,100.0,,30.0,,-8.67839637170559,,24.22802036675806,,25.66159132148038,,7.02516508675462,16.505478104631727,2502.7390523158633,2522.724796045938,,9.318502806628603e-06,0.15023296257016572,,23.177402312918623,,0.0,0.0,0.0,0.0,True,none,0.3705903252369478,0.0,telemetry_dropout,0.2332509222505076,0.08644053513863363,120,telemetry_dropout,2.06836894962348,0.2332509222505076,gradual,0.8498990995203983,1.3715093973630794,1709712774,postprocessed_sensor_fault
8640.0,144.0,2.4,1,589.4198654587356,330.9788696740969,-258.44099578463863,100.0,,30.0,,-8.614699859487954,,24.23777572553593,,25.669396477875946,,6.937044293524942,16.548943483704846,2524.471741852423,2523.5982689491807,,0.0005512257128852536,0.16378064282213134,,23.169860434063303,,0.0,0.0,0.0,0.0,True,none,0.39020049622791797,0.0,telemetry_dropout,0.2332509222505076,0.09101462560776757,120,telemetry_dropout,2.06836894962348,0.2332509222505076,gradual,0.8498990995203983,1.3715093973630794,1709712774,postprocessed_sensor_fault
8700.0,145.0,2.4166666666666665,1,588.4298230256423,332.6794919243112,-255.75033110133114,100.0,,30.0,,-8.525011036711039,,24.247062621362993,,25.67730925524537,,6.814065054083602,16.633974596215563,2566.9872981077806,2545.292783528481,,0.0010965022490355544,0.17741255622588886,,23.162426347661047,,0.0,0.0,0.0,0.0,True,none,0.4098106672188882,0.0,telemetry_dropout,0.2332509222505076,0.09558871607690153,120,telemetry_dropout,2.06836894962348,0.2332509222505076,gradual,0.8498990995203983,1.3715093973630794,1709712774,postprocessed_sensor_fault
8760.0,146.0,2.433333333333333,0,0.0,335.1371034904521,335.1371034904521,99.50128407218682,,29.980051362887473,,11.178670090783127,,24.2522369563011,,25.669404491552452,,10.99701319988554,16.756855174522606,2628.427587261302,2586.8601853948917,,0.0016213169101006316,0.1905329227525158,,23.155117951867418,,0.0,0.0,0.0,0.0,True,none,0.4294208382098584,0.0,telemetry_dropout,0.2332509222505076,0.10016280654603547,120,telemetry_dropout,2.06836894962348,0.2332509222505076,gradual,0.8498990995203983,1.3715093973630794,1709712774,postprocessed_sensor_fault
8820.0,147.0,2.45,0,0.0,338.2442949541505,338.2442949541505,98.99794434755268,,29.959917773902106,,11.289893967893095,,24.25804665611163,,25.66187368511545,,11.19693646450151,16.912214747707527,2706.107373853763,2646.483779624327,,0.0021027327770518148,0.20256831942629536,,23.147950008145514,,0.0,0.0,0.0,0.0,True,none,0.4490310092008291,0.0,telemetry_dropout,0.2332509222505076,0.10473689701516954,120,telemetry_dropout,2.06836894962348,0.2332509222505076,gradual,0.8498990995203983,1.3715093973630794,1709712774,postprocessed_sensor_fault
8880.0,148.0,2.466666666666667,0,0.0,341.865267138484,341.865267138484,98.48921627145373,,29.93956865085815,,11.41851010364123,,24.264600342304817,,25.654765222348374,,11.430589838956548,17.0932633569242,2796.6316784621,2721.557729043213,,0.0025197096664137026,0.21299274166034254,,23.140933449622054,,0.0,0.0,0.0,0.0,True,none,0.4686411801917993,0.0,telemetry_dropout,0.2332509222505076,0.1093109874843035,120,telemetry_dropout,2.06836894962348,0.2332509222505076,gradual,0.8498990995203983,1.3715093973630794,1709712774,postprocessed_sensor_fault
8940.0,149.0,2.4833333333333334,0,0.0,345.8417661836448,345.8417661836448,97.9745707860614,,29.918982831442456,,11.559275531927268,,24.271977233803792,,25.64811127718795,,11.689348065840994,17.29208830918224,2896.044154591119,2808.800941817166,,0.0028540236872440245,0.2213505921811006,,23.134074852749063,,0.0,0.0,0.0,0.0,True,none,0.48825135118276947,0.0,telemetry_dropout,0.2332509222505076,0.11388507795343744,120,telemetry_dropout,2.06836894962348,0.2332509222505076,gradual,0.8498990995203983,1.3715093973630794,1709712774,postprocessed_sensor_fault
9000.0,150.0,2.5,0,0.0,350.0,350.0,97.45373745272806,,29.898149498109124,,11.706410124885334,,24.28022271387084,,25.641926386970447,,11.96320304096143,17.5,2999.9999999999995,2904.400470908583,,0.003091063712615916,0.22727659281539792,,23.127376101129727,,0.0,0.0,0.0,0.0,True,none,0.5078615221737397,0.0,telemetry_dropout,0.2332509222505076,0.1184591684225714,120,telemetry_dropout,2.06836894962348,0.2332509222505076,gradual,0.8498990995203983,1.3715093973630794,1709712774,postprocessed_sensor_fault
9060.0,151.0,2.5166666666666666,0,0.0,354.1582338163551,354.1582338163551,96.92671627145373,,29.87706865085815,,11.853848111909157,,24.289345034937007,,25.636206799256318,,12.241097204816983,17.707911690817756,3103.955845408878,3004.1781581587306,,0.003220469955976309,0.23051174889940773,,23.120834261687005,,0.0,0.0,0.0,0.0,True,none,0.5274716931647099,0.0,telemetry_dropout,0.2332509222505076,0.12303325889170534,120,telemetry_dropout,2.06836894962348,0.2332509222505076,gradual,0.8498990995203983,1.3715093973630794,1709712774,postprocessed_sensor_fault
9120.0,152.0,2.533333333333333,0,0.0,358.134732861516,358.134732861516,96.39377768088599,,29.85575110723544,,11.9955023598359,,24.299313518558005,,25.63093061814842,,12.511366149186292,17.9067366430758,3203.3683215379006,3103.7732398483154,,0.0032365867435303836,0.2309146685882596,,23.114441682842898,,0.0,0.0,0.0,0.0,True,none,0.54708186415568,0.0,telemetry_dropout,0.2332509222505076,0.12760734936083928,120,telemetry_dropout,2.06836894962348,0.2332509222505076,gradual,0.8498990995203983,1.3715093973630794,1709712774,postprocessed_sensor_fault
9180.0,153.0,2.55,0,0.0,361.75570504584937,361.75570504584937,95.85545073885348,,29.83421802955414,,12.125529976602362,,24.310058564703585,,25.626058743707816,,12.762278177078597,18.08778525229247,3293.8926261462348,3198.832932997275,,0.003138709694325004,0.22846774235812511,,23.10818631270709,,0.0,0.0,0.0,0.0,True,none,0.5666920351466502,0.0,telemetry_dropout,0.2332509222505076,0.1321814398299732,120,telemetry_dropout,2.06836894962348,0.2332509222505076,gradual,0.8498990995203983,1.3715093973630794,1709712774,postprocessed_sensor_fault
9240.0,154.0,2.566666666666667,0,0.0,364.86289650954785,364.86289650954785,95.31249999999997,,29.8125,,12.238587723590703,,24.32147368784017,,25.62153656340911,,12.982642357442005,18.243144825477394,3371.5724127386957,3285.202672867985,,0.0029311165050767297,0.22327791262691823,,23.102052223295768,,0.0,0.0,0.0,0.0,True,none,0.586302206137621,0.0,telemetry_dropout,0.2332509222505076,0.1367555302991073,120,telemetry_dropout,2.06836894962348,0.2332509222505076,gradual,0.8498990995203983,1.3715093973630794,1709712774,postprocessed_sensor_fault
9300.0,155.0,2.5833333333333335,0,0.0,367.32050807568874,367.32050807568874,94.76589210107781,,29.790635684043114,,12.33006613123191,,24.33341965392661,,25.617296321709404,,13.162442464044178,18.366025403784437,3433.0127018922185,3359.107687380102,,0.0026228799942983206,0.215571999857458,,23.096020315447088,,0.0,0.0,0.0,0.0,True,none,0.6059123771285911,0.0,telemetry_dropout,0.2332509222505076,0.14132962076824124,120,telemetry_dropout,2.06836894962348,0.2332509222505076,gradual,0.8498990995203983,1.3715093973630794,1709712774,postprocessed_sensor_fault
9360.0,156.0,2.6,0,0.0,369.0211303259031,369.0211303259031,94.21675351428333,,29.768670140571334,,12.396292094451642,,24.345730618053977,,25.61326006416832,,13.293444615277142,18.451056516295154,3475.5282581475767,3417.3179727638394,,0.002227471576593643,0.20568678941484106,,23.090069169271143,,0.0,0.0,0.0,0.0,True,none,0.6255225481195614,0.0,telemetry_dropout,0.2332509222505076,0.14590371123737522,120,telemetry_dropout,2.06836894962348,0.2332509222505076,gradual,0.8498990995203983,1.3715093973630794,1709712774,postprocessed_sensor_fault
9420.0,157.0,2.6166666666666667,0,0.0,369.8904379073655,369.8904379073655,93.6663213150164,,29.746652852600654,,12.434691047097997,,24.358221978728796,,25.60934302744571,,13.369723314942329,18.494521895368276,3497.2609476841367,3457.2894602239876,,0.0017621724971965131,0.19405431242991283,,23.08417599743326,,0.0,0.0,0.0,0.0,True,none,0.6451327191105316,0.0,telemetry_dropout,0.2332509222505076,0.15047780170650915,120,telemetry_dropout,2.06836894962348,0.2332509222505076,gradual,0.8498990995203983,1.3715093973630794,1709712774,postprocessed_sensor_fault
9480.0,158.0,2.6333333333333333,0,0.0,369.8904379073655,369.8904379073655,93.11588911574948,,29.724635564629978,,12.443901527509611,,24.37069949625012,,25.605457327016882,,13.388054818108483,18.494521895368276,3497.2609476841367,3477.2752039540624,,0.0012473185586292885,0.18118296396573222,,23.078317653853084,,0.0,0.0,0.0,0.0,True,none,0.6647428901015018,0.0,telemetry_dropout,0.2332509222505076,0.1550518921756431,120,telemetry_dropout,2.06836894962348,0.2332509222505076,gradual,0.8498990995203983,1.3715093973630794,1709712774,postprocessed_sensor_fault
9540.0,159.0,2.65,0,0.0,369.0211303259031,369.0211303259031,92.56675052895498,,29.702670021158198,,12.42383698378082,,24.3829690927125,,25.60151578143334,,13.348138031964808,18.451056516295154,3475.5282581475763,3476.4017310508193,,0.0007054113485506565,0.1676352837137664,,23.072471648752693,,0.0,0.0,0.0,0.0,True,none,0.684353061092472,0.0,telemetry_dropout,0.2332509222505076,0.15962598264477704,120,telemetry_dropout,2.06836894962348,0.2332509222505076,gradual,0.8498990995203983,1.3715093973630794,1709712774,postprocessed_sensor_fault
9600.0,160.0,2.6666666666666665,0,0.0,367.3205080756888,367.3205080756888,92.02014263003282,,29.680805705201312,,12.375691944619918,,24.394846678451728,,25.59743570598944,,13.252620088650426,18.36602540378444,3433.0127018922203,3454.70721647152,,0.00016013481240036989,0.15400337031000924,,23.066617122343544,,0.0,0.0,0.0,0.0,True,none,0.7039632320834421,0.0,telemetry_dropout,0.2332509222505076,0.164200073113911,120,telemetry_dropout,2.06836894962348,0.2332509222505076,gradual,0.8498990995203983,1.3715093973630794,1709712774,postprocessed_sensor_fault
9660.0,161.0,2.683333333333333,0,0.0,364.8628965095479,364.8628965095479,91.47719189117932,,29.65908767564717,,12.301892104696591,,24.406167344875843,,25.59314250999248,,13.106923948447706,18.243144825477398,3371.572412738698,3413.139814605109,,-0.0003646798486647214,0.15911699621661804,,23.060784965242025,,0.0,0.0,0.0,0.0,True,none,0.7235734030744123,0.0,telemetry_dropout,0.2332509222505076,0.16877416358304492,120,telemetry_dropout,2.06836894962348,0.2332509222505076,gradual,0.8498990995203983,1.3715093973630794,1709712774,postprocessed_sensor_fault
9720.0,162.0,2.7,0,0.0,361.7557050458495,361.7557050458495,90.9388649491468,,29.637554597965874,,12.205990337363327,,24.416793327504138,,25.588572940417123,,12.918896009264552,18.087785252292473,3293.892626146237,3353.5162203756736,,-0.0008460957156159114,0.17115239289039777,,23.05497551105552,,0.0,0.0,0.0,0.0,True,none,0.743183574065383,0.0,telemetry_dropout,0.2332509222505076,0.17334825405217902,120,telemetry_dropout,2.06836894962348,0.2332509222505076,gradual,0.8498990995203983,1.3715093973630794,1709712774,postprocessed_sensor_fault
9780.0,163.0,2.716666666666667,0,0.0,358.134732861516,358.134732861516,90.40592635857907,,29.616237054343163,,12.092513042908543,,24.426620266657224,,25.583677830179937,,12.698309735433059,17.9067366430758,3203.3683215379,3278.4422709567866,,-0.0012630726049777928,0.18157681512444482,,23.04916841737709,,0.0,0.0,0.0,0.0,True,none,0.7627937450563533,0.0,telemetry_dropout,0.2332509222505076,0.17792234452131298,120,telemetry_dropout,2.06836894962348,0.2332509222505076,gradual,0.8498990995203983,1.3715093973630794,1709712774,postprocessed_sensor_fault
9840.0,164.0,2.7333333333333334,0,0.0,354.1582338163553,354.1582338163553,89.87890517730473,,29.595156207092188,,11.96676345744324,,24.43558145909632,,25.578424230920135,,12.456274211711914,17.707911690817763,3103.955845408883,3191.1990581828345,,-0.001597386625808086,0.18993466564520214,,23.043345287491828,,0.0,0.0,0.0,0.0,True,none,0.7824039160473235,0.0,telemetry_dropout,0.2332509222505076,0.18249643499044693,120,telemetry_dropout,2.06836894962348,0.2332509222505076,gradual,0.8498990995203983,1.3715093973630794,1709712774,postprocessed_sensor_fault
9900.0,165.0,2.75,0,0.0,349.99999999999994,349.99999999999994,89.3580718439714,,29.574322873758856,,11.834590482223792,,24.44364997884359,,25.572796837072772,,12.204602550555357,17.499999999999996,2999.999999999999,3095.599529091417,,-0.0018344266511800132,0.19586066627950033,,23.037490427230424,,0.0,0.0,0.0,0.0,True,none,0.8020140870382937,0.0,telemetry_dropout,0.2332509222505076,0.18707052545958086,120,telemetry_dropout,2.06836894962348,0.2332509222505076,gradual,0.8498990995203983,1.3715093973630794,1709712774,postprocessed_sensor_fault
9960.0,166.0,2.7666666666666666,0,0.0,345.8417661836449,345.8417661836449,88.84342635857907,,29.553737054343163,,11.702133153168209,,24.45083872439306,,25.566798638994555,,11.955193626758282,17.292088309182244,2896.044154591122,2995.82184184127,,-0.0019638328945403845,0.1990958223635096,,23.031591490939356,,0.0,0.0,0.0,0.0,True,none,0.8216242580292639,0.0,telemetry_dropout,0.2332509222505076,0.19164461592871482,120,telemetry_dropout,2.06836894962348,0.2332509222505076,gradual,0.8498990995203983,1.3715093973630794,1709712774,postprocessed_sensor_fault
10020.0,167.0,2.783333333333333,0,0.0,341.86526713848406,341.86526713848406,88.33469828248013,,29.533387931299206,,11.575551979804473,,24.457198599683274,,25.560450776596447,,11.719472290972421,17.093263356924204,2796.6316784621013,2896.226760151685,,-0.0019799496820944516,0.1994987420523613,,23.02563999259177,,0.0,0.0,0.0,0.0,True,none,0.841234429020234,0.0,telemetry_dropout,0.2332509222505076,0.19621870639784875,120,telemetry_dropout,2.06836894962348,0.2332509222505076,gradual,0.8498990995203983,1.3715093973630794,1709712774,postprocessed_sensor_fault
10080.0,168.0,2.8,0,0.0,338.2442949541506,338.2442949541506,87.83135855784599,,29.51325434231384,,11.46075898750352,,24.462815140503746,,25.55379159987909,,11.507919725571414,16.91221474770753,2706.107373853764,2801.1670670027247,,-0.0018820726328891081,0.1970518158222277,,23.019631661990697,,0.0,0.0,0.0,0.0,True,none,0.8608446000112042,0.0,telemetry_dropout,0.2332509222505076,0.2007927968669827,120,telemetry_dropout,2.06836894962348,0.2332509222505076,gradual,0.8498990995203983,1.3715093973630794,1709712774,postprocessed_sensor_fault
10140.0,169.0,2.816666666666667,0,0.0,335.1371034904521,335.1371034904521,87.33264263003281,,29.493305705201312,,11.363158366861153,,24.467803947812822,,25.546874977429102,,11.32970944562933,16.756855174522606,2628.427587261303,2714.797327132014,,-0.0016744794436408194,0.19186198609102048,,23.013566630424112,,0.0,0.0,0.0,0.0,True,none,0.880454771002175,0.0,telemetry_dropout,0.2332509222505076,0.20536688733611677,120,telemetry_dropout,2.06836894962348,0.2332509222505076,gradual,0.8498990995203983,1.3715093973630794,1709712774,postprocessed_sensor_fault
10200.0,170.0,2.8333333333333335,0,0.0,332.6794919243112,332.6794919243112,86.8375838622883,,29.473503354491534,,11.287409166227041,,24.472305285642165,,25.5397679268021,,11.1924484548661,16.633974596215563,2566.9872981077806,2640.8923126198974,,-0.0013662429328623966,0.18415607332155992,,23.00744943523522,,0.0,0.0,0.0,0.0,True,none,0.9000649419931451,0.0,telemetry_dropout,0.2332509222505076,0.20994097780525073,120,telemetry_dropout,2.06836894962348,0.2332509222505076,gradual,0.8498990995203983,1.3715093973630794,1709712774,postprocessed_sensor_fault
10260.0,171.0,2.85,0,0.0,330.978869674097,330.978869674097,86.34505578241614,,29.453802231296645,,11.237220480906526,,24.476478153698046,,25.532547670355093,,11.102009930920408,16.54894348370485,2524.471741852424,2582.682027236161,,-0.0009708345151577046,0.1742708628789426,,23.001288838754395,,0.0,0.0,0.0,0.0,True,none,0.9196751129841154,0.0,telemetry_dropout,0.2332509222505076,0.21451506827438468,120,telemetry_dropout,2.06836894962348,0.2332509222505076,gradual,0.8498990995203983,1.3715093973630794,1709712774,postprocessed_sensor_fault
10320.0,172.0,2.8666666666666667,0,0.0,330.1095620926345,330.1095620926345,85.85382131501638,,29.434152852600654,,11.215188143709993,,24.480494070135542,,25.525298245201515,,11.062435607905055,16.505478104631727,2502.739052315864,2542.710539776012,,-0.0005055354357605887,0.16263838589401472,,22.995097463973945,,0.0,0.0,0.0,0.0,True,none,0.9392852839750856,0.0,telemetry_dropout,0.2332509222505076,0.21908915874351864,120,telemetry_dropout,2.06836894962348,0.2332509222505076,gradual,0.8498990995203983,1.3715093973630794,1709712774,postprocessed_sensor_fault
10380.0,173.0,2.8833333333333333,0,0.0,330.1095620926345,330.1095620926345,85.36258684761663,,29.414503473904666,,11.222680076360769,,24.48453071854042,,25.518106815449165,,11.075883847707596,16.505478104631727,2502.7390523158633,2522.724796045938,,9.318502806628603e-06,0.15023296257016572,,22.988892515131948,,0.0,0.0,0.0,0.0,True,none,0.9588954549660558,0.0,telemetry_dropout,0.2332509222505076,0.22366324921265257,120,telemetry_dropout,2.06836894962348,0.2332509222505076,gradual,0.8498990995203983,1.3715093973630794,1709712774,postprocessed_sensor_fault
10440.0,174.0,2.9,0,0.0,330.9788696740969,330.9788696740969,84.87005876774447,,29.394802350709778,,11.259775307388825,,24.48876554488861,,25.51105984789298,,11.142603197830649,16.548943483704846,2524.471741852423,2523.5982689491807,,0.0005512257128852536,0.16378064282213134,,22.982764459760027,,0.0,0.0,0.0,0.0,True,none,0.978505625957026,0.0,telemetry_dropout,0.2332509222505076,0.22823733968178653,120,telemetry_dropout,2.06836894962348,0.2332509222505076,gradual,0.8498990995203983,1.3715093973630794,1709712774,postprocessed_sensor_fault
10500.0,175.0,2.9166666666666665,0,0.0,332.6794919243112,332.6794919243112,84.37499999999994,,29.374999999999996,,11.325259299551021,,24.49336935113983,,25.504239318302268,,11.260919856165351,16.633974596215563,2566.9872981077806,2545.292783528481,,0.0010965022490355544,0.17741255622588886,,22.976733593165047,,0.0,0.0,0.0,0.0,True,none,0.9981157969479961,0.0,telemetry_dropout,0.2332509222505076,0.23281143015092046,120,telemetry_dropout,2.06836894962348,0.2332509222505076,gradual,0.8498990995203983,1.3715093973630794,1709712774,postprocessed_sensor_fault
10560.0,176.0,2.933333333333333,0,0.0,335.13710349045203,335.13710349045203,83.87628407218678,,29.355051362887473,,11.416675765526124,,24.498499931175697,,25.497719114104896,,11.427238842812121,16.756855174522602,2628.4275872613007,2586.860185394891,,0.0016213169101006175,0.19053292275251543,,22.970817893030137,,0.0,0.0,0.0,0.0,True,none,1.0,0.0,telemetry_dropout,0.2332509222505076,0.2332509222505076,120,telemetry_dropout,2.06836894962348,0.2332509222505076,gradual,0.8498990995203983,1.3715093973630794,1709712774,postprocessed_sensor_fault
10620.0,177.0,2.95,0,0.0,338.2442949541506,338.2442949541506,83.37294434755262,,29.334917773902106,,11.530432693255086,,24.504295832413625,,25.491561790687474,,11.63607024749486,16.91221474770753,2706.1073738537643,2646.4837796243282,,0.002102732777051843,0.20256831942629605,,22.965032199749515,,0.0,0.0,0.0,0.0,True,none,1.0,0.0,telemetry_dropout,0.2332509222505076,0.2332509222505076,120,telemetry_dropout,2.06836894962348,0.2332509222505076,gradual,0.8498990995203983,1.3715093973630794,1709712774,postprocessed_sensor_fault
10680.0,178.0,2.966666666666667,0,0.0,341.86526713848394,341.86526713848394,82.86421627145369,,29.31456865085815,,11.66195795715644,,24.51087039432434,,25.48581582307582,,11.880101071558753,17.093263356924197,2796.631678462098,2721.557729043213,,0.002519709666413667,0.21299274166034166,,22.959387524789026,,0.0,0.0,0.0,0.0,True,none,1.0,0.0,telemetry_dropout,0.2332509222505076,0.2332509222505076,120,telemetry_dropout,2.06836894962348,0.2332509222505076,gradual,0.8498990995203983,1.3715093973630794,1709712774,postprocessed_sensor_fault
10740.0,179.0,2.9833333333333334,0,0.0,345.8417661836448,345.8417661836448,82.34957078606136,,29.293982831442456,,11.80589775632825,,24.518306297780494,,25.48051347310958,,12.150337746630113,17.29208830918224,2896.044154591119,2808.800941817166,,0.0028540236872440245,0.2213505921811006,,22.953890522352282,,0.0,0.0,0.0,0.0,True,none,1.0,0.0,telemetry_dropout,0.2332509222505076,0.2332509222505076,120,telemetry_dropout,2.06836894962348,0.2332509222505076,gradual,0.8498990995203983,1.3715093973630794,1709712774,postprocessed_sensor_fault
10800.0,180.0,3.0,1,600.0,349.99999999999994,-250.00000000000006,82.72159459558517,,29.308863783823405,,-8.529842775344429,,24.525931984733038,,25.4916693653247,,6.820657421767644,17.499999999999996,2999.999999999999,2904.400470908583,,0.003091063712615916,0.22727659281539792,,22.94854315321092,,0.0,0.0,0.0,0.0,True,none,1.0,0.0,telemetry_dropout,0.2332509222505076,0.2332509222505076,120,telemetry_dropout,2.06836894962348,0.2332509222505076,gradual,0.8498990995203983,1.3715093973630794,1709712774,postprocessed_sensor_fault
10860.0,181.0,3.0166666666666666,1,601.2556165273943,354.15823381635516,-247.09738271103913,83.08929903414327,,29.32357196136573,,-8.42657855723013,,24.53304498647295,,25.50315183378374,,6.680578094493649,17.70791169081776,3103.9558454088797,3004.1781581587315,,0.0032204699559763308,0.23051174889940826,,22.94334256087759,,0.0,0.0,0.0,0.0,True,none,1.0,0.0,telemetry_dropout,0.2332509222505076,0.2332509222505076,120,telemetry_dropout,2.06836894962348,0.2332509222505076,gradual,0.8498990995203983,1.3715093973630794,1709712774,postprocessed_sensor_fault
10920.0,182.0,3.033333333333333,1,602.5051158172811,358.134732861516,-244.37038295576508,83.45294543735125,,29.33811781749405,,-8.329449914815232,,24.539681312789693,,25.51494009239962,,6.550378870673239,17.9067366430758,3203.3683215379006,3103.773239848316,,0.0032365867435303767,0.2309146685882594,,22.938281169789555,,0.0,0.0,0.0,0.0,True,none,1.0,0.0,telemetry_dropout,0.2332509222505076,0.2332509222505076,120,telemetry_dropout,2.06836894962348,0.2332509222505076,gradual,0.8498990995203983,1.3715093973630794,1709712774,postprocessed_sensor_fault
10980.0,183.0,3.05,1,603.7424104347197,361.75570504584937,-241.9867053888703,83.81304470132278,,29.35252178805291,,-8.24415384600324,,24.545900844282706,,25.526996142165007,,6.437285810925601,18.08778525229247,3293.8926261462348,3198.8329329972753,,0.0031387096943249967,0.2284677423581249,,22.933347003501645,,0.0,0.0,0.0,0.0,True,none,1.0,0.0,telemetry_dropout,0.2332509222505076,0.2332509222505076,120,telemetry_dropout,2.06836894962348,0.2332509222505076,gradual,0.8498990995203983,1.3715093973630794,1709712774,postprocessed_sensor_fault
11040.0,184.0,3.066666666666667,1,604.961472404706,364.8628965095479,-240.0985758951581,84.1703342487858,,29.366813369951434,,-8.175847098917126,,24.551783966092977,,25.539266462678643,,6.3475580627897275,18.243144825477398,3371.5724127386984,3285.202672867987,,0.0029311165050767652,0.22327791262691912,,22.928524208909362,,0.0,0.0,0.0,0.0,True,none,1.0,0.0,telemetry_dropout,0.2332509222505076,0.2332509222505076,120,telemetry_dropout,2.06836894962348,0.2332509222505076,gradual,0.8498990995203983,1.3715093973630794,1709712774,postprocessed_sensor_fault
11100.0,185.0,3.0833333333333335,1,606.1563625798619,367.32050807568874,-238.8358545041732,84.52574474655987,,29.381029789862396,,-8.128913663420365,,24.557427725589044,,25.55168438178478,,6.286338987787384,18.366025403784437,3433.0127018922185,3359.1076873801026,,0.0026228799942982924,0.21557199985745729,,22.923793761168582,,0.0,0.0,0.0,0.0,True,none,1.0,0.0,telemetry_dropout,0.2332509222505076,0.2332509222505076,120,telemetry_dropout,2.06836894962348,0.2332509222505076,gradual,0.8498990995203983,1.3715093973630794,1709712774,postprocessed_sensor_fault
11160.0,186.0,3.1,1,607.3212595753644,369.0211303259031,-238.3001292494613,84.88035803413348,,29.395214321365337,,-8.106766177794373,,24.562941734665223,,25.564173019763093,,6.257572628914463,18.451056516295154,3475.5282581475767,3417.3179727638394,,0.002227471576593636,0.2056867894148409,,22.919134314149726,,0.0,0.0,0.0,0.0,True,none,1.0,0.0,telemetry_dropout,0.2332509222505076,0.2332509222505076,120,telemetry_dropout,2.06836894962348,0.2332509222505076,gradual,0.8498990995203983,1.3715093973630794,1709712774,postprocessed_sensor_fault
11220.0,187.0,3.1166666666666667,1,608.450488130146,369.8904379073654,-238.5600502227806,85.23535810886976,,29.409414324354792,,-8.111689936824824,,24.56844395455888,,25.576648679395724,,6.26396109049481,18.494521895368273,3497.260947684136,3457.2894602239876,,0.001762172497196506,0.19405431242991264,,22.914523153725256,,0.0,0.0,0.0,0.0,True,none,1.0,0.0,telemetry_dropout,0.2332509222505076,0.2332509222505076,120,telemetry_dropout,2.06836894962348,0.2332509222505076,gradual,0.8498990995203983,1.3715093973630794,1709712774,postprocessed_sensor_fault
11280.0,188.0,3.1333333333333333,1,609.5385467561977,369.8904379073655,-239.64810884883218,85.59197731846623,,29.42367909273865,,-8.1447363565073,,24.574056418916065,,25.589024533751296,,6.306938425360945,18.494521895368276,3497.2609476841367,3477.2752039540624,,0.0012473185586292885,0.18118296396573222,,22.90993720647289,,0.0,0.0,0.0,0.0,True,none,1.0,0.0,telemetry_dropout,0.2332509222505076,0.2332509222505076,120,telemetry_dropout,2.06836894962348,0.2332509222505076,gradual,0.8498990995203983,1.3715093973630794,1709712774,postprocessed_sensor_fault
11340.0,189.0,3.15,1,610.5801345412646,369.02113032590313,-241.55900421536143,85.95144012235815,,29.438057604894325,,-8.205670613783981,,24.579900888461747,,25.601214450513876,,6.386642417753438,18.451056516295157,3475.5282581475776,3476.40173105082,,0.0007054113485506708,0.16763528371376676,,22.905354054727848,,0.0,0.0,0.0,0.0,True,none,1.0,0.0,telemetry_dropout,0.2332509222505076,0.2332509222505076,120,telemetry_dropout,2.06836894962348,0.2332509222505076,gradual,0.8498990995203983,1.3715093973630794,1709712774,postprocessed_sensor_fault
11400.0,190.0,3.1666666666666665,1,611.5701769743577,367.3205080756888,-244.24966889866886,86.3149068915526,,29.452596275662103,,-8.29297582503796,,24.586094402606886,,25.613136785717334,,6.5018758427731225,18.36602540378444,3433.0127018922203,3454.7072164715205,,0.00016013481240036295,0.15400337031000907,,22.900752910273887,,0.0,0.0,0.0,0.0,True,none,1.0,0.0,telemetry_dropout,0.2332509222505076,0.2332509222505076,120,telemetry_dropout,2.06836894962348,0.2332509222505076,gradual,0.8498990995203983,1.3715093973630794,1709712774,postprocessed_sensor_fault
11460.0,191.0,3.183333333333333,1,612.503850668262,364.86289650954785,-247.64095415871412,86.68342021619354,,29.46733680864774,,-8.403913654186736,,24.592744706779786,,25.62471798108255,,6.650061176562101,18.243144825477394,3371.5724127386957,3413.1398146051083,,-0.00036467984866476403,0.1591169962166191,,22.89616473476289,,0.0,0.0,0.0,0.0,True,none,1.0,0.0,telemetry_dropout,0.2332509222505076,0.2332509222505076,120,telemetry_dropout,2.06836894962348,0.2332509222505076,gradual,0.8498990995203983,1.3715093973630794,1709712774,postprocessed_sensor_fault
11520.0,192.0,3.2,1,613.376606858593,361.7557050458495,-251.62090181274357,87.05785608198632,,29.482314243279454,,-8.534638757881803,,24.599945587533117,,25.635895807738475,,6.827204698203059,18.087785252292473,3293.892626146237,3353.516220375672,,-0.0008460957156158976,0.17115239289039744,,22.89158993230498,,0.0,0.0,0.0,0.0,True,none,1.0,0.0,telemetry_dropout,0.2332509222505076,0.2332509222505076,120,telemetry_dropout,2.06836894962348,0.2332509222505076,gradual,0.8498990995203983,1.3715093973630794,1709712774,postprocessed_sensor_fault
11580.0,193.0,3.216666666666667,1,614.184193564921,358.134732861516,-256.049460703405,87.4388820651759,,29.497555282607035,,-8.680362092731874,,24.607772230290834,,25.646622114562717,,7.027894884874919,17.9067366430758,3203.3683215379,3278.4422709567857,,-0.001263072604977778,0.18157681512444446,,22.887008230467178,,0.0,0.0,0.0,0.0,True,none,1.0,0.0,telemetry_dropout,0.2332509222505076,0.2332509222505076,120,telemetry_dropout,2.06836894962348,0.2332509222505076,gradual,0.8498990995203983,1.3715093973630794,1709712774,postprocessed_sensor_fault
11640.0,194.0,3.2333333333333334,1,614.9226763059908,354.15823381635533,-260.7644424896354,87.82692439030929,,29.51307697561237,,-8.835555936953428,,24.616276809899766,,25.65686496102785,,7.245363897202638,17.707911690817767,3103.955845408883,3191.1990581828345,,-0.001597386625808079,0.18993466564520198,,22.88240130198374,,0.0,0.0,0.0,0.0,True,none,1.0,0.0,telemetry_dropout,0.2332509222505076,0.2332509222505076,120,telemetry_dropout,2.06836894962348,0.2332509222505076,gradual,0.8498990995203983,1.3715093973630794,1709712774,postprocessed_sensor_fault
11700.0,195.0,3.25,1,615.5884572681198,349.99999999999994,-265.58845726811984,88.22214530886305,,29.52888581235452,,-8.99419161819512,,24.62548461113765,,25.666610041339627,,7.47163862918491,17.499999999999996,2999.999999999999,3095.599529091417,,-0.0018344266511800132,0.19586066627950033,,22.877753521613645,,0.0,0.0,0.0,0.0,True,none,1.0,0.0,telemetry_dropout,0.2332509222505076,0.2332509222505076,120,telemetry_dropout,2.06836894962348,0.2332509222505076,gradual,0.8498990995203983,1.3715093973630794,1709712774,postprocessed_sensor_fault
11760.0,196.0,3.2666666666666666,1,616.178292833385,345.8417661836449,-270.33652664974005,88.62443180685374,,29.54497727227415,,-9.149999479046192,,24.635391034261904,,25.675861337627275,,7.697799237323648,17.292088309182244,2896.044154591122,2995.82184184127,,-0.0019638328945403845,0.1990958223635096,,22.8730526121147,,0.0,0.0,0.0,0.0,True,none,1.0,0.0,telemetry_dropout,0.2332509222505076,0.2332509222505076,120,telemetry_dropout,2.06836894962348,0.2332509222505076,gradual,0.8498990995203983,1.3715093973630794,1709712774,postprocessed_sensor_fault
11820.0,197.0,3.283333333333333,1,616.6893093822022,341.86526713848406,-274.8240422437181,89.0333961554307,,29.561335846217226,,-9.296739622099507,,24.645959852749964,,25.684640973640104,,7.9143494080891905,17.093263356924204,2796.6316784621013,2896.226760151685,,-0.0019799496820944516,0.1994987420523613,,22.868290155358302,,0.0,0.0,0.0,0.0,True,none,1.0,0.0,telemetry_dropout,0.2332509222505076,0.2332509222505076,120,telemetry_dropout,2.06836894962348,0.2332509222505076,gradual,0.8498990995203983,1.3715093973630794,1709712774,postprocessed_sensor_fault
11880.0,198.0,3.3,1,617.1190172933127,338.24429495415046,-278.87472233916225,89.44838830176873,,29.57793553207075,,-9.428471504942733,,24.657123046945337,,25.692988275346398,,8.111685993561366,16.912214747707523,2706.107373853761,2801.1670670027233,,-0.0018820726328891437,0.19705181582222858,,22.863461948536482,,0.0,0.0,0.0,0.0,True,none,1.0,0.0,telemetry_dropout,0.2332509222505076,0.2332509222505076,120,telemetry_dropout,2.06836894962348,0.2332509222505076,gradual,0.8498990995203983,1.3715093973630794,1709712774,postprocessed_sensor_fault
11940.0,199.0,3.316666666666667,1,617.465323072968,335.13710349045215,-282.3282195825158,89.86851958090938,,29.594740783236375,,-9.539810524119801,,24.668782437953293,,25.700958079492672,,8.280638786888552,16.75685517452261,2628.427587261303,2714.7973271320134,,-0.001674479443640806,0.19186198609102015,,22.858568189820804,,0.0,0.0,0.0,0.0,True,none,1.0,0.0,telemetry_dropout,0.2332509222505076,0.2332509222505076,120,telemetry_dropout,2.06836894962348,0.2332509222505076,gradual,0.8498990995203983,1.3715093973630794,1709712774,postprocessed_sensor_fault
12000.0,200.0,3.3333333333333335,1,617.7265395542198,332.6794919243112,-285.0470476299086,90.29269673512056,,29.61170786940482,,-9.626160331144652,,24.680813200051148,,25.708618364049162,,8.413037017672233,16.633974596215563,2566.9872981077806,2640.892312619897,,-0.0013662429328623895,0.18415607332155973,,22.85361348293644,,0.0,0.0,0.0,0.0,True,none,1.0,0.0,telemetry_dropout,0.2332509222505076,0.2332509222505076,120,telemetry_dropout,2.06836894962348,0.2332509222505076,gradual,0.8498990995203983,1.3715093973630794,1709712774,postprocessed_sensor_fault
12060.0,201.0,3.35,1,617.9013941166289,330.978869674097,-286.92252444253194,90.71966477744576,,29.62878659109783,,-9.68391073189409,,24.693069154734385,,25.71604730410418,,8.502250165063481,16.54894348370485,2524.471741852424,2582.6820272361606,,-0.0009708345151576976,0.17427086287894245,,22.848606656097854,,0.0,0.0,0.0,0.0,True,none,1.0,0.0,telemetry_dropout,0.2332509222505076,0.2332509222505076,120,telemetry_dropout,2.06836894962348,0.2332509222505076,gradual,0.8498990995203983,1.3715093973630794,1709712774,postprocessed_sensor_fault
12120.0,202.0,3.3666666666666667,1,617.9890348863438,330.1095620926345,-287.8794727937093,91.14805685005544,,29.645922274002217,,-9.710592577724025,,24.705389568662124,,25.72332988188061,,8.543648656843914,16.505478104631727,2502.7390523158633,2542.710539776012,,-0.0005055354357605888,0.16263838589401472,,22.84356039768733,,0.0,0.0,0.0,0.0,True,none,1.0,0.0,telemetry_dropout,0.2332509222505076,0.2332509222505076,120,telemetry_dropout,2.06836894962348,0.2332509222505076,gradual,0.8498990995203983,1.3715093973630794,1709712774,postprocessed_sensor_fault
12180.0,203.0,3.3833333333333333,1,617.9890348863438,330.1095620926345,-287.8794727937093,91.57644892266512,,29.663057956906606,,-9.704982986310108,,24.717607016520702,,25.730554199034827,,8.534935581165493,16.505478104631727,2502.7390523158633,2522.724796045938,,9.318502806628603e-06,0.15023296257016572,,22.838491976842484,,0.0,0.0,0.0,0.0,True,none,1.0,0.0,telemetry_dropout,0.2332509222505076,0.2332509222505076,120,telemetry_dropout,2.06836894962348,0.2332509222505076,gradual,0.8498990995203983,1.3715093973630794,1709712774,postprocessed_sensor_fault
12240.0,204.0,3.4,1,617.9013941166289,330.9788696740969,-286.922524442532,92.00341696499031,,29.680136678599613,,-9.667156440334484,,24.729555751392752,,25.73780765240996,,8.47631309135204,16.548943483704846,2524.471741852423,2523.5982689491807,,0.0005512257128852536,0.16378064282213134,,22.833491925507733,,0.0,0.0,0.0,0.0,True,none,1.0,0.0,telemetry_dropout,0.2332509222505076,0.2332509222505076,120,telemetry_dropout,2.06836894962348,0.2332509222505076,gradual,0.8498990995203983,1.3715093973630794,1709712774,postprocessed_sensor_fault
12300.0,205.0,3.4166666666666665,1,617.7265395542198,332.67949192431115,-285.04704762990866,92.4275941192015,,29.69710376476806,,-9.598479699831259,,24.741079966897214,,25.74517314038311,,8.370465003845823,16.63397459621556,2566.9872981077788,2545.29278352848,,0.0010965022490355331,0.1774125562258883,,22.828580602919644,,0.0,0.0,0.0,0.0,True,none,1.0,0.0,telemetry_dropout,0.2332509222505076,0.2332509222505076,120,telemetry_dropout,2.06836894962348,0.2332509222505076,gradual,0.8498990995203983,1.3715093973630794,1709712774,postprocessed_sensor_fault
12360.0,206.0,3.433333333333333,1,617.465323072968,335.13710349045215,-282.3282195825158,92.84772539834213,,29.713909015933687,,-9.501550921190514,,24.752041345737958,,25.75272546560909,,8.222357592638105,16.75685517452261,2628.427587261303,2586.8601853948917,,0.00162131691010066,0.1905329227525165,,22.823776050211574,,0.0,0.0,0.0,0.0,True,none,1.0,0.0,telemetry_dropout,0.2332509222505076,0.2332509222505076,120,telemetry_dropout,2.06836894962348,0.2332509222505076,gradual,0.8498990995203983,1.3715093973630794,1709712774,postprocessed_sensor_fault
12420.0,207.0,3.45,1,617.1190172933127,338.24429495415046,-278.87472233916225,93.26271754468019,,29.73050870178721,,-9.380085794576333,,24.76232536686716,,25.76052809137963,,8.038880761089018,16.912214747707523,2706.107373853761,2646.4837796243264,,0.0021027327770517935,0.20256831942629483,,22.81909317075209,,0.0,0.0,0.0,0.0,True,none,1.0,0.0,telemetry_dropout,0.2332509222505076,0.2332509222505076,120,telemetry_dropout,2.06836894962348,0.2332509222505076,gradual,0.8498990995203983,1.3715093973630794,1709712774,postprocessed_sensor_fault
12480.0,208.0,3.466666666666667,1,616.6893093822022,341.86526713848394,-274.8240422437182,93.67168189325714,,29.746867275730285,,-9.238755788847056,,24.771845976939545,,25.768630393362443,,7.8283686820764,17.093263356924197,2796.631678462098,2721.5577290432116,,0.0025197096664136883,0.2129927416603422,,22.814543038509083,,0.0,0.0,0.0,0.0,True,none,1.0,0.0,telemetry_dropout,0.2332509222505076,0.2332509222505076,120,telemetry_dropout,2.06836894962348,0.2332509222505076,gradual,0.8498990995203983,1.3715093973630794,1709712774,postprocessed_sensor_fault
12540.0,209.0,3.4833333333333334,1,616.178292833385,345.8417661836449,-270.33652664974005,94.07396839124782,,29.762958735649914,,-9.082985634957469,,24.780548401889867,,25.77706552683391,,7.600050243587499,17.292088309182244,2896.0441545911226,2808.8009418171673,,0.0028540236872440883,0.2213505921811022,,22.810132369719437,,0.0,0.0,0.0,0.0,True,none,1.0,0.0,telemetry_dropout,0.2332509222505076,0.2332509222505076,120,telemetry_dropout,2.06836894962348,0.2332509222505076,gradual,0.8498990995203983,1.3715093973630794,1709712774,postprocessed_sensor_fault
12600.0,210.0,3.5,1,615.5884572681198,349.99999999999994,-265.58845726811984,94.46918930980158,,29.778767572392063,,-8.918718903409127,,24.788410057312667,,25.785849002619237,,7.363483750242184,17.499999999999996,2999.999999999999,2904.4004709085834,,0.0030910637126159027,0.22727659281539755,,22.80586318672282,,0.0,0.0,0.0,0.0,True,none,1.0,0.0,telemetry_dropout,0.2332509222505076,0.2332509222505076,120,telemetry_dropout,2.06836894962348,0.2332509222505076,gradual,0.8498990995203983,1.3715093973630794,1709712774,postprocessed_sensor_fault
12660.0,211.0,3.5166666666666666,1,614.9226763059908,354.15823381635516,-260.7644424896356,94.85723163493495,,29.7942892653974,,-8.752161871251051,,24.795439686947613,,25.79497803397992,,7.128026993646456,17.70791169081776,3103.955845408879,3004.1781581587315,,0.003220469955976316,0.2305117488994079,,22.80173269413815,,0.0,0.0,0.0,0.0,True,none,1.0,0.0,telemetry_dropout,0.2332509222505076,0.2332509222505076,120,telemetry_dropout,2.06836894962348,0.2332509222505076,gradual,0.8498990995203983,1.3715093973630794,1709712774,postprocessed_sensor_fault
12720.0,212.0,3.533333333333333,1,614.184193564921,358.1347328615159,-256.0494607034051,95.23825761812455,,29.80953030472498,,-8.589516778223768,,24.801674995088163,,25.80443168299423,,6.90238387867101,17.906736643075796,3203.3683215378974,3103.773239848314,,0.003236586743530341,0.23091466858825851,,22.797733377050662,,0.0,0.0,0.0,0.0,True,none,1.0,0.0,telemetry_dropout,0.2332509222505076,0.2332509222505076,120,telemetry_dropout,2.06836894962348,0.2332509222505076,gradual,0.8498990995203983,1.3715093973630794,1709712774,postprocessed_sensor_fault
12780.0,213.0,3.55,1,613.376606858593,361.7557050458495,-251.62090181274357,95.61269348391733,,29.824507739356694,,-8.436716005900822,,24.807179125641426,,25.814171800034863,,6.694254157137849,18.087785252292473,3293.8926261462375,3198.8329329972757,,0.003138709694325054,0.22846774235812634,,22.793853319208296,,0.0,0.0,0.0,0.0,True,none,1.0,0.0,telemetry_dropout,0.2332509222505076,0.2332509222505076,120,telemetry_dropout,2.06836894962348,0.2332509222505076,gradual,0.8498990995203983,1.3715093973630794,1709712774,postprocessed_sensor_fault
12840.0,214.0,3.566666666666667,1,612.503850668262,364.86289650954785,-247.64095415871412,95.98120680855826,,29.83924827234233,,-8.299168661974965,,24.81203637101555,,25.824144715285538,,6.510096038392588,18.243144825477394,3371.5724127386957,3285.202672867986,,0.0029311165050767154,0.22327791262691787,,22.790076727248213,,0.0,0.0,0.0,0.0,True,none,1.0,0.0,telemetry_dropout,0.2332509222505076,0.2332509222505076,120,telemetry_dropout,2.06836894962348,0.2332509222505076,gradual,0.8498990995203983,1.3715093973630794,1709712774,postprocessed_sensor_fault
12900.0,215.0,3.5833333333333335,1,611.5701769743577,367.32050807568874,-244.24966889866892,96.3446735777527,,29.85378694311011,,-8.181530516182598,,24.816347470546052,,25.83428360837082,,6.354995326978167,18.366025403784437,3433.0127018922185,3359.1076873801026,,0.0026228799942983067,0.21557199985745767,,22.78638463561989,,0.0,0.0,0.0,0.0,True,none,1.0,0.0,telemetry_dropout,0.2332509222505076,0.2332509222505076,120,telemetry_dropout,2.06836894962348,0.2332509222505076,gradual,0.8498990995203983,1.3715093973630794,1709712774,postprocessed_sensor_fault
12960.0,216.0,3.6,1,610.5801345412646,369.021130325903,-241.55900421536154,96.70413638164462,,29.868165455265785,,-8.087507234990706,,24.820224791929718,,25.844511452536445,,6.232621862082161,18.45105651629515,3475.5282581475753,3417.317972763839,,0.002227471576593615,0.20568678941484037,,22.782755757042647,,0.0,0.0,0.0,0.0,True,none,1.0,0.0,telemetry_dropout,0.2332509222505076,0.2332509222505076,120,telemetry_dropout,2.06836894962348,0.2332509222505076,gradual,0.8498990995203983,1.3715093973630794,1709712774,postprocessed_sensor_fault
13020.0,217.0,3.6166666666666667,1,609.5385467561977,369.8904379073655,-239.64810884883218,97.0607555912411,,29.882430223649642,,-8.019699437268967,,24.823787597595242,,25.85474440470689,,6.145246325130574,18.494521895368276,3497.2609476841367,3457.2894602239876,,0.0017621724971965198,0.194054312429913,,22.779167435796477,,0.0,0.0,0.0,0.0,True,none,1.0,0.0,telemetry_dropout,0.2332509222505076,0.2332509222505076,120,telemetry_dropout,2.06836894962348,0.2332509222505076,gradual,0.8498990995203983,1.3715093973630794,1709712774,postprocessed_sensor_fault
13080.0,218.0,3.6333333333333333,1,608.4504881301461,369.8904379073655,-238.56005022278066,97.41575566597737,,29.896630226639097,,-7.979496298222068,,24.827157501655893,,25.86489549325997,,6.093788893867175,18.494521895368276,3497.2609476841367,3477.2752039540624,,0.0012473185586292885,0.18118296396573222,,22.77559665642858,,0.0,0.0,0.0,0.0,True,none,1.0,0.0,telemetry_dropout,0.2332509222505076,0.2332509222505076,120,telemetry_dropout,2.06836894962348,0.2332509222505076,gradual,0.8498990995203983,1.3715093973630794,1709712774,postprocessed_sensor_fault
13140.0,219.0,3.65,1,607.3212595753644,369.02113032590313,-238.30012924946124,97.77036895355099,,29.91081475814204,,-7.967022335444521,,24.830454141950884,,25.87487844234648,,6.07787559147775,18.451056516295157,3475.5282581475776,3476.40173105082,,0.0007054113485506708,0.16763528371376676,,22.77202105880887,,0.0,0.0,0.0,0.0,True,none,1.0,0.0,telemetry_dropout,0.2332509222505076,0.2332509222505076,120,telemetry_dropout,2.06836894962348,0.2332509222505076,gradual,0.8498990995203983,1.3715093973630794,1709712774,postprocessed_sensor_fault
13200.0,220.0,3.6666666666666665,1,606.156362579862,367.32050807568874,-238.8358545041733,98.12577945132504,,29.925031178053,,-7.98113970485469,,24.833791041362755,,25.884611465615276,,6.095887279072641,18.366025403784437,3433.0127018922185,3454.7072164715196,,0.0001601348124003416,0.15400337031000855,,22.768419911824303,,0.0,0.0,0.0,0.0,True,none,1.0,0.0,telemetry_dropout,0.2332509222505076,0.2332509222505076,120,telemetry_dropout,2.06836894962348,0.2332509222505076,gradual,0.8498990995203983,1.3715093973630794,1709712774,postprocessed_sensor_fault
13260.0,221.0,3.683333333333333,1,604.961472404706,364.8628965095479,-240.0985758951581,98.4830689987881,,29.939322759951523,,-8.019505912683071,,24.837271621803527,,25.894020863541307,,6.144998006684699,18.243144825477398,3371.572412738698,3413.1398146051088,,-0.0003646798486647144,0.15911699621661785,,22.76482423380168,,0.0,0.0,0.0,0.0,True,none,1.0,0.0,telemetry_dropout,0.2332509222505076,0.2332509222505076,120,telemetry_dropout,2.06836894962348,0.2332509222505076,gradual,0.8498990995203983,1.3715093973630794,1709712774,postprocessed_sensor_fault
13320.0,222.0,3.7,1,603.7424104347197,361.7557050458495,-241.98670538887018,98.84316826275963,,29.953726730510386,,-8.07868441766835,,24.84098536325145,,25.903044267137563,,6.221211353622193,18.087785252292473,3293.8926261462375,3353.5162203756736,,-0.0008460957156158975,0.17115239289039744,,22.761234485100978,,0.0,0.0,0.0,0.0,True,none,1.0,0.0,telemetry_dropout,0.2332509222505076,0.2332509222505076,120,telemetry_dropout,2.06836894962348,0.2332509222505076,gradual,0.8498990995203983,1.3715093973630794,1709712774,postprocessed_sensor_fault
13380.0,223.0,3.716666666666667,1,602.5051158172813,358.13473286151617,-244.37038295576514,99.20681466596761,,29.968272586638705,,-8.154303263536024,,24.845004160862263,,25.911633386286614,,6.319412937097139,17.90673664307581,3203.3683215379037,3278.442270956789,,-0.0012630726049777355,0.18157681512444337,,22.757630449117205,,0.0,0.0,0.0,0.0,True,none,1.0,0.0,telemetry_dropout,0.2332509222505076,0.2332509222505076,120,telemetry_dropout,2.06836894962348,0.2332509222505076,gradual,0.8498990995203983,1.3715093973630794,1709712774,postprocessed_sensor_fault
13440.0,224.0,3.7333333333333334,1,601.2556165273943,354.15823381635516,-247.09738271103913,99.5745191045257,,29.98298076418103,,-8.24125475230376,,24.849379010535056,,25.919756142577956,,6.433462391389545,17.70791169081776,3103.955845408879,3191.1990581828345,,-0.0015973866258081563,0.1899346656452039,,22.753993853993894,,0.0,0.0,0.0,0.0,True,none,1.0,0.0,telemetry_dropout,0.2332509222505076,0.2332509222505076,120,telemetry_dropout,2.06836894962348,0.2332509222505076,gradual,0.8498990995203983,1.3715093973630794,1709712774,postprocessed_sensor_fault
13500.0,225.0,3.75,1,600.0,349.99999999999994,-250.00000000000006,99.94654291404952,,29.99786171656198,,-8.333927343293729,,24.854137228462058,,25.927398093437333,,6.556347597063909,17.499999999999996,2999.999999999999,3095.599529091417,,-0.0018344266511800132,0.19586066627950033,,22.75030912948372,,0.0,0.0,0.0,0.0,True,none,1.0,0.0,telemetry_dropout,0.2332509222505076,0.2332509222505076,120,telemetry_dropout,2.06836894962348,0.2332509222505076,gradual,0.8498990995203983,1.3715093973630794,1709712774,postprocessed_sensor_fault
13560.0,226.0,3.7666666666666666,1,598.7443834726058,345.8417661836449,-252.90261728896093,100.0,,30.0,,-8.430087242965364,,24.85929677067102,,25.9345630853082,,6.68530967392059,17.292088309182244,2896.0441545911226,2995.82184184127,,-0.0019638328945403775,0.19909582236350942,,22.746564052925752,,0.0,0.0,0.0,0.0,True,none,1.0,0.0,telemetry_dropout,0.2332509222505076,0.2332509222505076,120,telemetry_dropout,2.06836894962348,0.2332509222505076,gradual,0.8498990995203983,1.3715093973630794,1709712774,postprocessed_sensor_fault
13620.0,227.0,3.783333333333333,1,597.4948841827188,341.86526713848394,-255.62961704423486,100.0,,30.0,,-8.520987234807828,,24.864836249635196,,25.94127310733958,,6.808577876460637,17.093263356924197,2796.631678462098,2896.226760151684,,-0.001979949682094487,0.19949874205236218,,22.74275026036327,,0.0,0.0,0.0,0.0,True,none,1.0,0.0,telemetry_dropout,0.2332509222505076,0.2332509222505076,120,telemetry_dropout,2.06836894962348,0.2332509222505076,gradual,0.8498990995203983,1.3715093973630794,1709712774,postprocessed_sensor_fault
13680.0,228.0,3.8,1,596.2575895652803,338.2442949541506,-258.01329461112977,100.0,,30.0,,-8.600443153704326,,24.87070526478808,,25.94756735197628,,6.91740979520797,16.91221474770753,2706.1073738537643,2801.1670670027247,,-0.001882072632889087,0.19705181582222717,,22.738863602753913,,0.0,0.0,0.0,0.0,True,none,1.0,0.0,telemetry_dropout,0.2332509222505076,0.2332509222505076,120,telemetry_dropout,2.06836894962348,0.2332509222505076,gradual,0.8498990995203983,1.3715093973630794,1709712774,postprocessed_sensor_fault
13740.0,229.0,3.816666666666667,1,595.038527595294,335.13710349045215,-259.90142410484185,100.0,,30.0,,-8.663380803494729,,24.876828811051713,,25.953500523509515,,7.004333355708877,16.75685517452261,2628.427587261303,2714.797327132014,,-0.0016744794436408194,0.19186198609102048,,22.734904331631604,,0.0,0.0,0.0,0.0,True,none,1.0,0.0,telemetry_dropout,0.2332509222505076,0.2332509222505076,120,telemetry_dropout,2.06836894962348,0.2332509222505076,gradual,0.8498990995203983,1.3715093973630794,1709712774,postprocessed_sensor_fault
13800.0,230.0,3.8333333333333335,1,593.843637420138,332.67949192431126,-261.1641454958267,100.0,,30.0,,-8.705471516527556,,24.883110567338754,,25.95914046851387,,7.0628187460058065,16.633974596215563,2566.9872981077824,2640.8923126198983,,-0.001366242932862375,0.18415607332155937,,22.730877103683657,,0.0,0.0,0.0,0.0,True,none,1.0,0.0,telemetry_dropout,0.2332509222505076,0.2332509222505076,120,telemetry_dropout,2.06836894962348,0.2332509222505076,gradual,0.8498990995203983,1.3715093973630794,1709712774,postprocessed_sensor_fault
13860.0,231.0,3.85,1,592.6787404246356,330.9788696740969,-261.6998707505387,100.0,,30.0,,-8.723329025017957,,24.889437629075715,,25.964565231733168,,7.08771754229766,16.548943483704846,2524.471741852423,2582.682027236161,,-0.0009708345151577327,0.1742708628789433,,22.726790799689468,,0.0,0.0,0.0,0.0,True,none,1.0,0.0,telemetry_dropout,0.2332509222505076,0.2332509222505076,120,telemetry_dropout,2.06836894962348,0.2332509222505076,gradual,0.8498990995203983,1.3715093973630794,1709712774,postprocessed_sensor_fault
13920.0,232.0,3.8666666666666667,1,591.549511869854,330.1095620926345,-261.43994977721945,100.0,,30.0,,-8.714664992573981,,24.895686439550005,,25.969859666088567,,7.075630874623557,16.505478104631727,2502.739052315864,2542.710539776012,,-0.0005055354357605887,0.16263838589401472,,22.722658160202005,,0.0,0.0,0.0,0.0,True,none,1.0,0.0,telemetry_dropout,0.2332509222505076,0.2332509222505076,120,telemetry_dropout,2.06836894962348,0.2332509222505076,gradual,0.8498990995203983,1.3715093973630794,1709712774,postprocessed_sensor_fault
13980.0,233.0,3.8833333333333333,1,590.4614532438022,330.1095620926345,-260.3518911511677,100.0,,30.0,,-8.67839637170559,,24.901729537868555,,25.975111744969123,,7.02516508675462,16.505478104631727,2502.7390523158633,2522.724796045938,,9.318502806628603e-06,0.15023296257016572,,22.718496506138298,,0.0,0.0,0.0,0.0,True,none,1.0,0.0,telemetry_dropout,0.2332509222505076,0.2332509222505076,120,telemetry_dropout,2.06836894962348,0.2332509222505076,gradual,0.8498990995203983,1.3715093973630794,1709712774,postprocessed_sensor_fault
14040.0,234.0,3.9,1,589.4198654587356,330.97886967409687,-258.4409957846387,100.0,,30.0,,-8.614699859487956,,24.90744264161976,,25.98040873797678,,6.937044293524945,16.548943483704843,2524.471741852422,2523.59826894918,,0.0005512257128852394,0.16378064282213098,,22.71439642083383,,0.0,0.0,0.0,0.0,True,none,1.0,0.0,telemetry_dropout,0.2332509222505076,0.2332509222505076,120,telemetry_dropout,2.06836894962348,0.2332509222505076,gradual,0.8498990995203983,1.3715093973630794,1709712774,postprocessed_sensor_fault
14100.0,235.0,3.9166666666666665,1,588.4298230256423,332.6794919243112,-255.75033110133114,100.0,,30.0,,-8.525011036711039,,24.91271153595032,,25.985833417265397,,6.814065054083602,16.633974596215563,2566.9872981077806,2545.29278352848,,0.0010965022490355685,0.1774125562258892,,22.710378314530796,,0.0,0.0,0.0,0.0,True,none,1.0,0.0,telemetry_dropout,0.2332509222505076,0.2332509222505076,120,telemetry_dropout,2.06836894962348,0.2332509222505076,gradual,0.8498990995203983,1.3715093973630794,1709712774,postprocessed_sensor_fault
14160.0,236.0,3.933333333333333,0,0.0,335.13710349045215,335.13710349045215,99.50128407218682,,29.980051362887473,,11.178670090783129,,24.9138919774009,,25.97546046027632,,10.997013199885542,16.75685517452261,2628.427587261303,2586.8601853948917,,0.00162131691010066,0.1905329227525165,,22.706460278985645,,0.0,0.0,0.0,0.0,True,none,1.0,0.0,telemetry_dropout,0.2332509222505076,0.2332509222505076,120,telemetry_dropout,2.06836894962348,0.2332509222505076,gradual,0.8498990995203983,1.3715093973630794,1709712774,postprocessed_sensor_fault
14220.0,237.0,3.95,0,0.0,338.24429495415046,338.24429495415046,98.99794434755268,,29.959917773902106,,11.289893967893093,,24.915731747084834,,25.965481206089525,,11.196936464501508,16.912214747707523,2706.107373853761,2646.4837796243264,,0.0021027327770517935,0.20256831942629483,,22.702657267810356,,0.0,0.0,0.0,0.0,True,none,1.0,0.0,telemetry_dropout,0.2332509222505076,0.2332509222505076,120,telemetry_dropout,2.06836894962348,0.2332509222505076,gradual,0.8498990995203983,1.3715093973630794,1709712774,postprocessed_sensor_fault
14280.0,238.0,3.966666666666667,0,0.0,341.86526713848406,341.86526713848406,98.48921627145373,,29.93956865085815,,11.418510103641232,,24.91833932273218,,25.955943883154657,,11.430589838956553,17.093263356924204,2796.6316784621013,2721.5577290432134,,0.002519709666413724,0.2129927416603431,,22.69898040483941,,0.0,0.0,0.0,0.0,True,none,1.0,0.0,telemetry_dropout,0.2332509222505076,0.2332509222505076,120,telemetry_dropout,2.06836894962348,0.2332509222505076,gradual,0.8498990995203983,1.3715093973630794,1709712774,postprocessed_sensor_fault
14340.0,239.0,3.9833333333333334,0,0.0,345.8417661836448,345.8417661836448,97.9745707860614,,29.918982831442456,,11.559275531927268,,24.92179378034859,,25.946880508707785,,11.689348065840994,17.29208830918224,2896.044154591119,2808.800941817166,,0.0028540236872440176,0.22135059218110043,,22.695436455802287,,0.0,0.0,0.0,0.0,True,none,1.0,0.0,telemetry_dropout,0.2332509222505076,0.2332509222505076,120,telemetry_dropout,2.06836894962348,0.2332509222505076,gradual,0.8498990995203983,1.3715093973630794,1709712774,postprocessed_sensor_fault
14400.0,240.0,4.0,0,0.0,349.99999999999994,349.99999999999994,97.45373745272806,,29.898149498109124,,11.706410124885332,,24.92614036113637,,25.938305464638123,,11.963203040961426,17.499999999999996,2999.999999999999,2904.400470908583,,0.003091063712615916,0.22727659281539792,,22.69202749216005,,0.0,0.0,0.0,0.0,True,none,1.0,0.0,telemetry_dropout,0.2332509222505076,0.2332509222505076,120,telemetry_dropout,2.06836894962348,0.2332509222505076,gradual,0.8498990995203983,1.3715093973630794,1709712774,postprocessed_sensor_fault
14460.0,241.0,4.016666666666667,0,0.0,354.15823381635505,354.15823381635505,96.92671627145373,,29.87706865085815,,11.853848111909155,,24.93138717631894,,25.930214844302654,,12.24109720481698,17.707911690817753,3103.955845408876,3004.1781581587297,,0.0032204699559762805,0.230511748899407,,22.6887507672846,,0.0,0.0,0.0,0.0,True,none,1.0,0.0,telemetry_dropout,0.2332509222505076,0.2332509222505076,120,telemetry_dropout,2.06836894962348,0.2332509222505076,gradual,0.8498990995203983,1.3715093973630794,1709712774,postprocessed_sensor_fault
14520.0,242.0,4.033333333333333,0,0.0,358.134732861516,358.134732861516,96.39377768088599,,29.85575110723544,,11.9955023598359,,24.937503407091647,,25.922586598834386,,12.511366149186292,17.9067366430758,3203.3683215379,3103.773239848315,,0.00323658674353039,0.23091466858825976,,22.68559881464851,,0.0,0.0,0.0,0.0,True,none,1.0,0.0,telemetry_dropout,0.2332509222505076,0.2332509222505076,120,telemetry_dropout,2.06836894962348,0.2332509222505076,gradual,0.8498990995203983,1.3715093973630794,1709712774,postprocessed_sensor_fault
14580.0,243.0,4.05,0,0.0,361.7557050458495,361.7557050458495,95.85545073885348,,29.83421802955414,,12.125529976602365,,24.944419313906025,,25.915381476548294,,12.762278177078606,18.087785252292473,3293.892626146237,3198.8329329972757,,0.0031387096943250397,0.228467742358126,,22.68255976602416,,0.0,0.0,0.0,0.0,True,none,1.0,0.0,telemetry_dropout,0.2332509222505076,0.2332509222505076,120,telemetry_dropout,2.06836894962348,0.2332509222505076,gradual,0.8498990995203983,1.3715093973630794,1709712774,postprocessed_sensor_fault
14640.0,244.0,4.066666666666666,0,0.0,364.86289650954785,364.86289650954785,95.31249999999997,,29.8125,,12.238587723590703,,24.952028272547395,,25.908544714386863,,12.982642357442005,18.243144825477394,3371.5724127386957,3285.202672867986,,0.0029311165050767154,0.22327791262691787,,22.67961787571296,,0.0,0.0,0.0,0.0,True,none,1.0,0.0,telemetry_dropout,0.2332509222505076,0.2332509222505076,120,telemetry_dropout,2.06836894962348,0.2332509222505076,gradual,0.8498990995203983,1.3715093973630794,1709712774,postprocessed_sensor_fault
14700.0,245.0,4.083333333333333,0,0.0,367.32050807568874,367.32050807568874,94.76589210107781,,29.790635684043114,,12.33006613123191,,24.96019091112559,,25.902008407479336,,13.162442464044178,18.366025403784437,3433.0127018922185,3359.1076873801026,,0.0026228799942983067,0.21557199985745767,,22.676754225471154,,0.0,0.0,0.0,0.0,True,none,1.0,0.0,telemetry_dropout,0.2332509222505076,0.2332509222505076,120,telemetry_dropout,2.06836894962348,0.2332509222505076,gradual,0.8498990995203983,1.3715093973630794,1709712774,postprocessed_sensor_fault
14760.0,246.0,4.1,0,0.0,369.0211303259031,369.0211303259031,94.21675351428333,,29.768670140571334,,12.396292094451642,,24.96874124770976,,25.89569445325209,,13.293444615277142,18.451056516295154,3475.5282581475767,3417.3179727638394,,0.002227471576593636,0.2056867894148409,,22.67394757497003,,0.0,0.0,0.0,0.0,True,none,1.0,0.0,telemetry_dropout,0.2332509222505076,0.2332509222505076,120,telemetry_dropout,2.06836894962348,0.2332509222505076,gradual,0.8498990995203983,1.3715093973630794,1709712774,postprocessed_sensor_fault
14820.0,247.0,4.116666666666666,0,0.0,369.8904379073655,369.8904379073655,93.6663213150164,,29.746652852600654,,12.434691047097997,,24.977494544606643,,25.88951794141681,,13.369723314942329,18.494521895368276,3497.2609476841367,3457.2894602239876,,0.0017621724971965131,0.19405431242991283,,22.671175315089407,,0.0,0.0,0.0,0.0,True,none,1.0,0.0,telemetry_dropout,0.2332509222505076,0.2332509222505076,120,telemetry_dropout,2.06836894962348,0.2332509222505076,gradual,0.8498990995203983,1.3715093973630794,1709712774,postprocessed_sensor_fault
14880.0,248.0,4.133333333333334,0,0.0,369.8904379073655,369.8904379073655,93.11588911574948,,29.724635564629978,,12.443901527509611,,24.986256426732698,,25.88339084167621,,13.388054818108483,18.494521895368276,3497.260947684137,3477.2752039540624,,0.001247318558629296,0.18118296396573239,,22.66841447662681,,0.0,0.0,0.0,0.0,True,none,1.0,0.0,telemetry_dropout,0.2332509222505076,0.2332509222505076,120,telemetry_dropout,2.06836894962348,0.2332509222505076,gradual,0.8498990995203983,1.3715093973630794,1709712774,postprocessed_sensor_fault
14940.0,249.0,4.15,0,0.0,369.0211303259031,369.0211303259031,92.56675052895498,,29.702670021158198,,12.42383698378082,,24.994832681612184,,25.87722582797539,,13.348138031964808,18.451056516295154,3475.5282581475767,3476.4017310508193,,0.0007054113485506565,0.1676352837137664,,22.665642745355616,,0.0,0.0,0.0,0.0,True,none,1.0,0.0,telemetry_dropout,0.2332509222505076,0.2332509222505076,120,telemetry_dropout,2.06836894962348,0.2332509222505076,gradual,0.8498990995203983,1.3715093973630794,1709712774,postprocessed_sensor_fault
15000.0,250.0,4.166666666666667,0,0.0,367.32050807568874,367.32050807568874,92.02014263003282,,29.680805705201312,,12.375691944619916,,25.003039085818013,,25.870940072159158,,13.252620088650424,18.366025403784437,3433.0127018922185,3454.7072164715196,,0.00016013481240034853,0.1540033703100087,,22.662839435721946,,0.0,0.0,0.0,0.0,True,none,1.0,0.0,telemetry_dropout,0.2332509222505076,0.2332509222505076,120,telemetry_dropout,2.06836894962348,0.2332509222505076,gradual,0.8498990995203983,1.3715093973630794,1709712774,postprocessed_sensor_fault
15060.0,251.0,4.183333333333334,0,0.0,364.8628965095479,364.8628965095479,91.47719189117932,,29.65908767564717,,12.301892104696591,,25.01071059779793,,25.86445884123284,,13.106923948447706,18.243144825477398,3371.5724127386984,3413.139814605109,,-0.00036467984866470743,0.15911699621661768,,22.66003561127009,,0.0,0.0,0.0,0.0,True,none,1.0,0.0,telemetry_dropout,0.2332509222505076,0.2332509222505076,120,telemetry_dropout,2.06836894962348,0.2332509222505076,gradual,0.8498990995203983,1.3715093973630794,1709712774,postprocessed_sensor_fault
15120.0,252.0,4.2,0,0.0,361.7557050458495,361.7557050458495,90.9388649491468,,29.637554597965874,,12.205990337363327,,25.017709320908693,,25.85771874100756,,12.918896009264552,18.087785252292473,3293.8926261462375,3353.5162203756736,,-0.0008460957156159045,0.1711523928903976,,22.657231777238376,,0.0,0.0,0.0,0.0,True,none,1.0,0.0,telemetry_dropout,0.2332509222505076,0.2332509222505076,120,telemetry_dropout,2.06836894962348,0.2332509222505076,gradual,0.8498990995203983,1.3715093973630794,1709712774,postprocessed_sensor_fault
15180.0,253.0,4.216666666666667,0,0.0,358.134732861516,358.134732861516,90.40592635857907,,29.616237054343163,,12.092513042908543,,25.02393076410135,,25.85067046436565,,12.698309735433059,17.9067366430758,3203.3683215379006,3278.442270956787,,-0.0012630726049777854,0.18157681512444462,,22.654407761563572,,0.0,0.0,0.0,0.0,True,none,1.0,0.0,telemetry_dropout,0.2332509222505076,0.2332509222505076,120,telemetry_dropout,2.06836894962348,0.2332509222505076,gradual,0.8498990995203983,1.3715093973630794,1709712774,postprocessed_sensor_fault
15240.0,254.0,4.233333333333333,0,0.0,354.15823381635516,354.15823381635516,89.87890517730473,,29.595156207092188,,11.966763457443236,,25.029308093555784,,25.84328092403236,,12.456274211711902,17.70791169081776,3103.9558454088797,3191.199058182833,,-0.0015973866258081285,0.1899346656452032,,22.651545336596914,,0.0,0.0,0.0,0.0,True,none,1.0,0.0,telemetry_dropout,0.2332509222505076,0.2332509222505076,120,telemetry_dropout,2.06836894962348,0.2332509222505076,gradual,0.8498990995203983,1.3715093973630794,1709712774,postprocessed_sensor_fault
15300.0,255.0,4.25,0,0.0,350.0000000000001,350.0000000000001,89.3580718439714,,29.574322873758856,,11.834590482223797,,25.0338142534963,,25.8355346766401,,12.204602550555366,17.500000000000007,3000.0000000000027,3095.599529091418,,-0.0018344266511799569,0.1958606662794989,,22.64862897596722,,0.0,0.0,0.0,0.0,True,none,1.0,0.0,telemetry_dropout,0.2332509222505076,0.2332509222505076,120,telemetry_dropout,2.06836894962348,0.2332509222505076,gradual,0.8498990995203983,1.3715093973630794,1709712774,postprocessed_sensor_fault
15360.0,256.0,4.266666666666667,0,0.0,345.8417661836449,345.8417661836449,88.84342635857907,,29.553737054343163,,11.702133153168209,,25.03746201339785,,25.827434575845345,,11.955193626758282,17.292088309182244,2896.0441545911226,2995.8218418412703,,-0.001963832894540392,0.19909582236350978,,22.645646500560623,,0.0,0.0,0.0,0.0,True,none,1.0,0.0,telemetry_dropout,0.2332509222505076,0.2332509222505076,120,telemetry_dropout,2.06836894962348,0.2332509222505076,gradual,0.8498990995203983,1.3715093973630794,1709712774,postprocessed_sensor_fault
15420.0,257.0,4.283333333333333,0,0.0,341.86526713848406,341.86526713848406,88.33469828248013,,29.533387931299206,,11.575551979804473,,25.040302148954037,,25.81900162595243,,11.719472290972421,17.093263356924204,2796.6316784621013,2896.2267601516864,,-0.001979949682094466,0.19949874205236165,,22.64258958964088,,0.0,0.0,0.0,0.0,True,none,1.0,0.0,telemetry_dropout,0.2332509222505076,0.2332509222505076,120,telemetry_dropout,2.06836894962348,0.2332509222505076,gradual,0.8498990995203983,1.3715093973630794,1709712774,postprocessed_sensor_fault
15480.0,258.0,4.3,0,0.0,338.2442949541506,338.2442949541506,87.83135855784599,,29.51325434231384,,11.46075898750352,,25.042420068478883,,25.810274042440227,,11.507919725571414,16.91221474770753,2706.1073738537643,2801.1670670027256,,-0.0018820726328891153,0.19705181582222786,,22.63945413706194,,0.0,0.0,0.0,0.0,True,none,1.0,0.0,telemetry_dropout,0.2332509222505076,0.2332509222505076,120,telemetry_dropout,2.06836894962348,0.2332509222505076,gradual,0.8498990995203983,1.3715093973630794,1709712774,postprocessed_sensor_fault
15540.0,259.0,4.316666666666666,0,0.0,335.1371034904522,335.1371034904522,87.33264263003281,,29.493305705201312,,11.363158366861157,,25.043931246220108,,25.80130556044975,,11.329709445629337,16.75685517452261,2628.4275872613057,2714.7973271320157,,-0.0016744794436408055,0.19186198609102012,,22.63624043693232,,0.0,0.0,0.0,0.0,True,none,1.0,0.0,telemetry_dropout,0.2332509222505076,0.2332509222505076,120,telemetry_dropout,2.06836894962348,0.2332509222505076,gradual,0.8498990995203983,1.3715093973630794,1709712774,postprocessed_sensor_fault
15600.0,260.0,4.333333333333333,0,0.0,332.6794919243112,332.6794919243112,86.8375838622883,,29.473503354491534,,11.287409166227041,,25.04497582025901,,25.792163065158586,,11.1924484548661,16.633974596215563,2566.9872981077806,2640.8923126198983,,-0.0013662429328624172,0.18415607332156042,,22.632953188194616,,0.0,0.0,0.0,0.0,True,none,1.0,0.0,telemetry_dropout,0.2332509222505076,0.2332509222505076,120,telemetry_dropout,2.06836894962348,0.2332509222505076,gradual,0.8498990995203983,1.3715093973630794,1709712774,postprocessed_sensor_fault
15660.0,261.0,4.35,0,0.0,330.9788696740969,330.9788696740969,86.34505578241614,,29.453802231296645,,11.237220480906524,,25.04571266510719,,25.78292364760473,,11.102009930920405,16.548943483704846,2524.471741852423,2582.682027236161,,-0.0009708345151577327,0.1742708628789433,,22.629601313566596,,0.0,0.0,0.0,0.0,True,none,1.0,0.0,telemetry_dropout,0.2332509222505076,0.2332509222505076,120,telemetry_dropout,2.06836894962348,0.2332509222505076,gradual,0.8498990995203983,1.3715093973630794,1709712774,postprocessed_sensor_fault
15720.0,262.0,4.366666666666666,0,0.0,330.1095620926345,330.1095620926345,85.85382131501638,,29.434152852600654,,11.215188143709993,,25.04631317447623,,25.773671214633154,,11.062435607905055,16.505478104631727,2502.739052315864,2542.710539776012,,-0.0005055354357605887,0.16263838589401472,,22.626197595225054,,0.0,0.0,0.0,0.0,True,none,1.0,0.0,telemetry_dropout,0.2332509222505076,0.2332509222505076,120,telemetry_dropout,2.06836894962348,0.2332509222505076,gradual,0.8498990995203983,1.3715093973630794,1709712774,postprocessed_sensor_fault
15780.0,263.0,4.383333333333334,0,0.0,330.1095620926345,330.1095620926345,85.36258684761663,,29.414503473904666,,11.222680076360769,,25.046954908255064,,25.764492801125353,,11.075883847707596,16.505478104631727,2502.7390523158633,2522.724796045938,,9.318502806628603e-06,0.15023296257016572,,22.622759395398674,,0.0,0.0,0.0,0.0,True,none,1.0,0.0,telemetry_dropout,0.2332509222505076,0.2332509222505076,120,telemetry_dropout,2.06836894962348,0.2332509222505076,gradual,0.8498990995203983,1.3715093973630794,1709712774,postprocessed_sensor_fault
15840.0,264.0,4.4,0,0.0,330.9788696740969,330.9788696740969,84.87005876774447,,29.394802350709778,,11.259775307388825,,25.04781518946497,,25.75547474568376,,11.142603197830649,16.548943483704846,2524.471741852423,2523.5982689491807,,0.0005512257128852536,0.16378064282213134,,22.61937733842475,,0.0,0.0,0.0,0.0,True,none,1.0,0.0,telemetry_dropout,0.2332509222505076,0.2332509222505076,120,telemetry_dropout,2.06836894962348,0.2332509222505076,gradual,0.8498990995203983,1.3715093973630794,1709712774,postprocessed_sensor_fault
15900.0,265.0,4.416666666666667,0,0.0,332.6794919243112,332.6794919243112,84.37499999999994,,29.374999999999996,,11.325259299551021,,25.04906469784873,,25.746698896910722,,11.260919856165351,16.633974596215563,2566.9872981077806,2545.292783528481,,0.0010965022490355544,0.17741255622588886,,22.616071875239786,,0.0,0.0,0.0,0.0,True,none,1.0,0.0,telemetry_dropout,0.2332509222505076,0.2332509222505076,120,telemetry_dropout,2.06836894962348,0.2332509222505076,gradual,0.8498990995203983,1.3715093973630794,1709712774,postprocessed_sensor_fault
15960.0,266.0,4.433333333333334,0,0.0,335.13710349045203,335.13710349045203,83.87628407218678,,29.355051362887473,,11.416675765526124,,25.050861105804344,,25.73823901608448,,11.427238842812121,16.756855174522602,2628.4275872613007,2586.860185394891,,0.0016213169101006175,0.19053292275251543,,22.612861137989317,,0.0,0.0,0.0,0.0,True,none,1.0,0.0,telemetry_dropout,0.2332509222505076,0.2332509222505076,120,telemetry_dropout,2.06836894962348,0.2332509222505076,gradual,0.8498990995203983,1.3715093973630794,1709712774,postprocessed_sensor_fault
16020.0,267.0,4.45,0,0.0,338.2442949541506,338.2442949541506,83.37294434755262,,29.334917773902106,,11.530432693255086,,25.0533428399945,,25.73015753345122,,11.63607024749486,16.91221474770753,2706.107373853764,2646.483779624328,,0.002102732777051836,0.20256831942629588,,22.6097601203715,,0.0,0.0,0.0,0.0,True,none,1.0,0.0,telemetry_dropout,0.2332509222505076,0.2332509222505076,120,telemetry_dropout,2.06836894962348,0.2332509222505076,gradual,0.8498990995203983,1.3715093973630794,1709712774,postprocessed_sensor_fault
16080.0,268.0,4.466666666666667,0,0.0,341.86526713848406,341.86526713848406,82.86421627145369,,29.31456865085815,,11.661957957156444,,25.05662311985973,,25.72250279989746,,11.88010107155876,17.093263356924204,2796.6316784621013,2721.557729043214,,0.00251970966641371,0.21299274166034274,,22.606779986006348,,0.0,0.0,0.0,0.0,True,none,1.0,0.0,telemetry_dropout,0.2332509222505076,0.2332509222505076,120,telemetry_dropout,2.06836894962348,0.2332509222505076,gradual,0.8498990995203983,1.3715093973630794,1709712774,postprocessed_sensor_fault
16140.0,269.0,4.483333333333333,0,0.0,345.8417661836447,345.8417661836447,82.34957078606136,,29.293982831442456,,11.805897756328248,,25.060784506962673,,25.715306954116645,,12.15033774663011,17.292088309182237,2896.0441545911185,2808.800941817166,,0.0028540236872440033,0.2213505921811001,,22.603927540110472,,0.0,0.0,0.0,0.0,True,none,1.0,0.0,telemetry_dropout,0.2332509222505076,0.2332509222505076,120,telemetry_dropout,2.06836894962348,0.2332509222505076,gradual,0.8498990995203983,1.3715093973630794,1709712774,postprocessed_sensor_fault
16200.0,270.0,4.5,1,600.0,349.99999999999994,-250.00000000000006,82.72159459558517,,29.308863783823405,,-8.529842775344429,,25.06515532466012,,25.72458449848371,,6.820657421767644,17.499999999999996,2999.999999999999,2904.400470908583,,0.003091063712615916,0.22727659281539792,,22.601204893335925,,0.0,0.0,0.0,0.0,True,none,1.0,0.0,telemetry_dropout,0.2332509222505076,0.2332509222505076,120,telemetry_dropout,2.06836894962348,0.2332509222505076,gradual,0.8498990995203983,1.3715093973630794,1709712774,postprocessed_sensor_fault
16260.0,271.0,4.516666666666667,1,601.2556165273943,354.15823381635516,-247.09738271103913,83.08929903414327,,29.32357196136573,,-8.42657855723013,,25.069032986360472,,25.73420364587748,,6.680578094493649,17.70791169081776,3103.955845408879,3004.1781581587306,,0.003220469955976323,0.23051174889940806,,22.598609337951657,,0.0,0.0,0.0,0.0,True,none,1.0,0.0,telemetry_dropout,0.2332509222505076,0.2332509222505076,120,telemetry_dropout,2.06836894962348,0.2332509222505076,gradual,0.8498990995203983,1.3715093973630794,1709712774,postprocessed_sensor_fault
16320.0,272.0,4.533333333333333,1,602.5051158172813,358.134732861516,-244.3703829557653,83.45294543735125,,29.33811781749405,,-8.32944991481524,,25.072453384677885,,25.74414348999661,,6.550378870673249,17.9067366430758,3203.3683215379,3103.7732398483154,,0.0032365867435303767,0.2309146685882594,,22.596133446035566,,0.0,0.0,0.0,0.0,True,none,1.0,0.0,telemetry_dropout,0.2332509222505076,0.2332509222505076,120,telemetry_dropout,2.06836894962348,0.2332509222505076,gradual,0.8498990995203983,1.3715093973630794,1709712774,postprocessed_sensor_fault
16380.0,273.0,4.55,1,603.7424104347197,361.75570504584937,-241.9867053888703,83.81304470132278,,29.35252178805291,,-8.24415384600324,,25.07547628373957,,25.75436591258122,,6.437285810925601,18.08778525229247,3293.8926261462343,3198.832932997275,,0.0031387096943249967,0.2284677423581249,,22.593765387675813,,0.0,0.0,0.0,0.0,True,none,1.0,0.0,telemetry_dropout,0.2332509222505076,0.2332509222505076,120,telemetry_dropout,2.06836894962348,0.2332509222505076,gradual,0.8498990995203983,1.3715093973630794,1709712774,postprocessed_sensor_fault
16440.0,274.0,4.566666666666666,1,604.961472404706,364.8628965095478,-240.0985758951582,84.1703342487858,,29.366813369951434,,-8.17584709891713,,25.0781819529131,,25.764817274931527,,6.347558062789732,18.24314482547739,3371.5724127386957,3285.202672867985,,0.0029311165050767297,0.22327791262691823,,22.591489455202225,,0.0,0.0,0.0,0.0,True,none,1.0,0.0,telemetry_dropout,0.2332509222505076,0.2332509222505076,120,telemetry_dropout,2.06836894962348,0.2332509222505076,gradual,0.8498990995203983,1.3715093973630794,1709712774,postprocessed_sensor_fault
16500.0,275.0,4.583333333333333,1,606.1563625798619,367.32050807568874,-238.8358545041732,84.52574474655987,,29.381029789862396,,-8.128913663420365,,25.080667324488246,,25.775430787539644,,6.286338987787384,18.366025403784437,3433.0127018922185,3359.107687380102,,0.0026228799942983206,0.215571999857458,,22.58928676811425,,0.0,0.0,0.0,0.0,True,none,1.0,0.0,telemetry_dropout,0.2332509222505076,0.2332509222505076,120,telemetry_dropout,2.06836894962348,0.2332509222505076,gradual,0.8498990995203983,1.3715093973630794,1709712774,postprocessed_sensor_fault
16560.0,276.0,4.6,1,607.3212595753644,369.0211303259031,-238.3001292494613,84.88035803413348,,29.395214321365337,,-8.106766177794373,,25.083041895971032,,25.78612945427192,,6.257572628914463,18.451056516295154,3475.5282581475763,3417.3179727638394,,0.002227471576593643,0.20568678941484106,,22.5871361235433,,0.0,0.0,0.0,0.0,True,none,1.0,0.0,telemetry_dropout,0.2332509222505076,0.2332509222505076,120,telemetry_dropout,2.06836894962348,0.2332509222505076,gradual,0.8498990995203983,1.3715093973630794,1709712774,postprocessed_sensor_fault
16620.0,277.0,4.616666666666666,1,608.450488130146,369.8904379073655,-238.56005022278055,85.23535810886975,,29.409414324354792,,-8.111689936824822,,25.085423514896856,,25.79682946242848,,6.263961090494807,18.494521895368276,3497.2609476841367,3457.2894602239876,,0.0017621724971965131,0.19405431242991283,,22.585014949548377,,0.0,0.0,0.0,0.0,True,none,1.0,0.0,telemetry_dropout,0.2332509222505076,0.2332509222505076,120,telemetry_dropout,2.06836894962348,0.2332509222505076,gradual,0.8498990995203983,1.3715093973630794,1709712774,postprocessed_sensor_fault
16680.0,278.0,4.633333333333334,1,609.5385467561977,369.8904379073655,-239.64810884883218,85.59197731846623,,29.42367909273865,,-8.1447363565073,,25.08793410189201,,25.80744387051979,,6.306938425360945,18.494521895368276,3497.2609476841367,3477.2752039540624,,0.0012473185586292885,0.18118296396573222,,22.582900313827338,,0.0,0.0,0.0,0.0,True,none,1.0,0.0,telemetry_dropout,0.2332509222505076,0.2332509222505076,120,telemetry_dropout,2.06836894962348,0.2332509222505076,gradual,0.8498990995203983,1.3715093973630794,1709712774,postprocessed_sensor_fault
16740.0,279.0,4.65,1,610.5801345412646,369.0211303259031,-241.55900421536148,85.95144012235814,,29.438057604894325,,-8.205670613783983,,25.090695305339835,,25.81788643258822,,6.386642417753441,18.451056516295154,3475.5282581475767,3476.4017310508193,,0.0007054113485506565,0.1676352837137664,,22.580769938777138,,0.0,0.0,0.0,0.0,True,none,1.0,0.0,telemetry_dropout,0.2332509222505076,0.2332509222505076,120,telemetry_dropout,2.06836894962348,0.2332509222505076,gradual,0.8498990995203983,1.3715093973630794,1709712774,postprocessed_sensor_fault
16800.0,280.0,4.666666666666667,1,611.5701769743577,367.3205080756888,-244.24966889866886,86.3149068915526,,29.452596275662103,,-8.29297582503796,,25.093824052983706,,25.828075391935084,,6.5018758427731225,18.36602540378444,3433.0127018922203,3454.70721647152,,0.00016013481240036989,0.15400337031000924,,22.578603175192807,,0.0,0.0,0.0,0.0,True,none,1.0,0.0,telemetry_dropout,0.2332509222505076,0.2332509222505076,120,telemetry_dropout,2.06836894962348,0.2332509222505076,gradual,0.8498990995203983,1.3715093973630794,1709712774,postprocessed_sensor_fault
16860.0,281.0,4.683333333333334,1,612.503850668262,364.8628965095479,-247.64095415871407,86.68342021619354,,29.46733680864774,,-8.403913654186734,,25.097427979254345,,25.837937078450558,,6.650061176562099,18.243144825477398,3371.5724127386984,3413.139814605109,,-0.00036467984866471426,0.15911699621661785,,22.57643112269492,,0.0,0.0,0.0,0.0,True,none,1.0,0.0,telemetry_dropout,0.2332509222505076,0.2332509222505076,120,telemetry_dropout,2.06836894962348,0.2332509222505076,gradual,0.8498990995203983,1.3715093973630794,1709712774,postprocessed_sensor_fault
16920.0,282.0,4.7,1,613.376606858593,361.7557050458495,-251.62090181274357,87.0578560819863,,29.482314243279454,,-8.534638757881803,,25.10160076037283,,25.84740915232754,,6.827204698203059,18.087785252292473,3293.8926261462375,3353.5162203756736,,-0.0008460957156159045,0.1711523928903976,,22.57425432232752,,0.0,0.0,0.0,0.0,True,none,1.0,0.0,telemetry_dropout,0.2332509222505076,0.2332509222505076,120,telemetry_dropout,2.06836894962348,0.2332509222505076,gradual,0.8498990995203983,1.3715093973630794,1709712774,postprocessed_sensor_fault
16980.0,283.0,4.716666666666667,1,614.184193564921,358.134732861516,-256.049460703405,87.4388820651759,,29.497555282607035,,-8.680362092731874,,25.106417472093508,,25.856443352395072,,7.027894884874919,17.9067366430758,3203.3683215379006,3278.442270956787,,-0.0012630726049777854,0.18157681512444462,,22.572052637564546,,0.0,0.0,0.0,0.0,True,none,1.0,0.0,telemetry_dropout,0.2332509222505076,0.2332509222505076,120,telemetry_dropout,2.06836894962348,0.2332509222505076,gradual,0.8498990995203983,1.3715093973630794,1709712774,postprocessed_sensor_fault
17040.0,284.0,4.733333333333333,1,614.9226763059908,354.15823381635533,-260.7644424896354,87.82692439030927,,29.51307697561237,,-8.835555936953428,,25.111930180251623,,25.865007628957546,,7.245363897202638,17.707911690817767,3103.9558454088833,3191.199058182836,,-0.001597386625808086,0.18993466564520214,,22.56980787602788,,0.0,0.0,0.0,0.0,True,none,1.0,0.0,telemetry_dropout,0.2332509222505076,0.2332509222505076,120,telemetry_dropout,2.06836894962348,0.2332509222505076,gradual,0.8498990995203983,1.3715093973630794,1709712774,postprocessed_sensor_fault
17100.0,285.0,4.75,1,615.5884572681198,350.0000000000001,-265.58845726811967,88.22214530886303,,29.52888581235452,,-8.994191618195115,,25.118164061267397,,25.873087567925886,,7.471638629184902,17.500000000000007,3000.0000000000027,3095.5995290914193,,-0.0018344266511799848,0.1958606662794996,,22.567504546352456,,0.0,0.0,0.0,0.0,True,none,1.0,0.0,telemetry_dropout,0.2332509222505076,0.2332509222505076,120,telemetry_dropout,2.06836894962348,0.2332509222505076,gradual,0.8498990995203983,1.3715093973630794,1709712774,postprocessed_sensor_fault
17160.0,286.0,4.766666666666667,1,616.1782928333851,345.8417661836448,-270.3365266497403,88.62443180685372,,29.54497727227415,,-9.1499994790462,,25.12511440769087,,25.880687044000844,,7.6977992373236575,17.29208830918224,2896.044154591119,2995.8218418412694,,-0.0019638328945404556,0.1990958223635114,,22.56513050416797,,0.0,0.0,0.0,0.0,True,none,1.0,0.0,telemetry_dropout,0.2332509222505076,0.2332509222505076,120,telemetry_dropout,2.06836894962348,0.2332509222505076,gradual,0.8498990995203983,1.3715093973630794,1709712774,postprocessed_sensor_fault
17220.0,287.0,4.783333333333333,1,616.6893093822022,341.86526713848406,-274.8240422437181,89.03339615543068,,29.561335846217226,,-9.296739622099507,,25.132744885938354,,25.887828074362684,,7.9143494080891905,17.093263356924204,2796.6316784621017,2896.226760151685,,-0.001979949682094438,0.19949874205236096,,22.562677463221174,,0.0,0.0,0.0,0.0,True,none,1.0,0.0,telemetry_dropout,0.2332509222505076,0.2332509222505076,120,telemetry_dropout,2.06836894962348,0.2332509222505076,gradual,0.8498990995203983,1.3715093973630794,1709712774,postprocessed_sensor_fault
17280.0,288.0,4.8,1,617.1190172933127,338.2442949541506,-278.87472233916213,89.44838830176872,,29.57793553207075,,-9.42847150494273,,25.140987369934596,,25.8945498792632,,8.111685993561363,16.91221474770753,2706.1073738537643,2801.1670670027247,,-0.0018820726328891012,0.19705181582222753,,22.56014135159038,,0.0,0.0,0.0,0.0,True,none,1.0,0.0,telemetry_dropout,0.2332509222505076,0.2332509222505076,120,telemetry_dropout,2.06836894962348,0.2332509222505076,gradual,0.8498990995203983,1.3715093973630794,1709712774,postprocessed_sensor_fault
17340.0,289.0,4.816666666666666,1,617.465323072968,335.13710349045215,-282.3282195825158,89.86851958090936,,29.594740783236375,,-9.539810524119801,,25.149743575004617,,25.90090719057814,,8.280638786888552,16.75685517452261,2628.4275872613034,2714.797327132014,,-0.0016744794436408194,0.19186198609102048,,22.557522497351798,,0.0,0.0,0.0,0.0,True,none,1.0,0.0,telemetry_dropout,0.2332509222505076,0.2332509222505076,120,telemetry_dropout,2.06836894962348,0.2332509222505076,gradual,0.8498990995203983,1.3715093973630794,1709712774,postprocessed_sensor_fault
17400.0,290.0,4.833333333333333,1,617.7265395542198,332.6794919243112,-285.0470476299086,90.29269673512054,,29.61170786940482,,-9.626160331144652,,25.158888570280162,,25.906967882245944,,8.413037017672233,16.633974596215563,2566.9872981077806,2640.8923126198974,,-0.0013662429328623966,0.18415607332155992,,22.55482563316095,,0.0,0.0,0.0,0.0,True,none,1.0,0.0,telemetry_dropout,0.2332509222505076,0.2332509222505076,120,telemetry_dropout,2.06836894962348,0.2332509222505076,gradual,0.8498990995203983,1.3715093973630794,1709712774,postprocessed_sensor_fault
17460.0,291.0,4.85,1,617.9013941166289,330.978869674097,-286.92252444253194,90.71966477744574,,29.62878659109783,,-9.68391073189409,,25.168276072742024,,25.912810026155388,,8.502250165063481,16.54894348370485,2524.471741852424,2582.682027236161,,-0.0009708345151577046,0.1742708628789426,,22.552059715195682,,0.0,0.0,0.0,0.0,True,none,1.0,0.0,telemetry_dropout,0.2332509222505076,0.2332509222505076,120,telemetry_dropout,2.06836894962348,0.2332509222505076,gradual,0.8498990995203983,1.3715093973630794,1709712774,postprocessed_sensor_fault
17520.0,292.0,4.866666666666666,1,617.9890348863438,330.1095620926345,-287.8794727937093,91.14805685005543,,29.645922274002217,,-9.710592577724025,,25.17774524516172,,25.918518502155408,,8.543648656843914,16.505478104631727,2502.739052315864,2542.710539776012,,-0.0005055354357605887,0.16263838589401472,,22.549237558841924,,0.0,0.0,0.0,0.0,True,none,1.0,0.0,telemetry_dropout,0.2332509222505076,0.2332509222505076,120,telemetry_dropout,2.06836894962348,0.2332509222505076,gradual,0.8498990995203983,1.3715093973630794,1709712774,postprocessed_sensor_fault
17580.0,293.0,4.883333333333334,1,617.9890348863438,330.1095620926345,-287.8794727937093,91.57644892266512,,29.663057956906606,,-9.704982986310108,,25.1871285589613,,25.92418131034743,,8.534935581165493,16.505478104631727,2502.739052315864,2522.724796045938,,9.318502806635758e-06,0.15023296257016588,,22.54637655928842,,0.0,0.0,0.0,0.0,True,none,1.0,0.0,telemetry_dropout,0.2332509222505076,0.2332509222505076,120,telemetry_dropout,2.06836894962348,0.2332509222505076,gradual,0.8498990995203983,1.3715093973630794,1709712774,postprocessed_sensor_fault
17640.0,294.0,4.9,1,617.9013941166289,330.9788696740969,-286.922524442532,92.00341696499031,,29.680136678599613,,-9.667156440334484,,25.196260164578707,,25.92988574683206,,8.47631309135204,16.548943483704846,2524.471741852423,2523.5982689491807,,0.0005512257128852536,0.16378064282213134,,22.543567373585326,,0.0,0.0,0.0,0.0,True,none,1.0,0.0,telemetry_dropout,0.2332509222505076,0.2332509222505076,120,telemetry_dropout,2.06836894962348,0.2332509222505076,gradual,0.8498990995203983,1.3715093973630794,1709712774,postprocessed_sensor_fault
17700.0,295.0,4.916666666666667,1,617.7265395542198,332.6794919243112,-285.0470476299086,92.4275941192015,,29.69710376476806,,-9.598479699831257,,25.204984153604055,,25.935714610049835,,8.370465003845819,16.633974596215563,2566.9872981077806,2545.292783528481,,0.0010965022490355544,0.17741255622588886,,22.540830485136656,,0.0,0.0,0.0,0.0,True,none,1.0,0.0,telemetry_dropout,0.2332509222505076,0.2332509222505076,120,telemetry_dropout,2.06836894962348,0.2332509222505076,gradual,0.8498990995203983,1.3715093973630794,1709712774,postprocessed_sensor_fault
17760.0,296.0,4.933333333333334,1,617.465323072968,335.1371034904521,-282.3282195825159,92.84772539834213,,29.713909015933687,,-9.501550921190516,,25.213162107324557,,25.94174260351848,,8.222357592638108,16.756855174522606,2628.427587261303,2586.860185394892,,0.001621316910100646,0.19053292275251615,,22.53818405831196,,0.0,0.0,0.0,0.0,True,none,1.0,0.0,telemetry_dropout,0.2332509222505076,0.2332509222505076,120,telemetry_dropout,2.06836894962348,0.2332509222505076,gradual,0.8498990995203983,1.3715093973630794,1709712774,postprocessed_sensor_fault
17820.0,297.0,4.95,1,617.1190172933127,338.2442949541506,-278.87472233916213,93.26271754468019,,29.73050870178721,,-9.38008579457633,,25.22067940388424,,25.94803309218575,,8.038880761089011,16.91221474770753,2706.107373853764,2646.4837796243282,,0.002102732777051822,0.20256831942629555,,22.53564311879172,,0.0,0.0,0.0,0.0,True,none,1.0,0.0,telemetry_dropout,0.2332509222505076,0.2332509222505076,120,telemetry_dropout,2.06836894962348,0.2332509222505076,gradual,0.8498990995203983,1.3715093973630794,1709712774,postprocessed_sensor_fault
17880.0,298.0,4.966666666666667,1,616.6893093822022,341.8652671384839,-274.8240422437183,93.67168189325714,,29.746867275730285,,-9.238755788847058,,25.227449889734523,,25.95463535416211,,7.828368682076403,17.093263356924194,2796.6316784620976,2721.557729043213,,0.00251970966641366,0.2129927416603415,,22.533218861938416,,0.0,0.0,0.0,0.0,True,none,1.0,0.0,telemetry_dropout,0.2332509222505076,0.2332509222505076,120,telemetry_dropout,2.06836894962348,0.2332509222505076,gradual,0.8498990995203983,1.3715093973630794,1709712774,postprocessed_sensor_fault
17940.0,299.0,4.983333333333333,1,616.1782928333851,345.8417661836447,-270.33652664974034,94.07396839124782,,29.762958735649914,,-9.082985634957478,,25.233418691208072,,25.96158244794718,,7.6000502435875115,17.292088309182237,2896.0441545911185,2808.800941817166,,0.0028540236872440176,0.22135059218110043,,22.53091812447305,,0.0,0.0,0.0,0.0,True,none,1.0,0.0,telemetry_dropout,0.2332509222505076,0.2332509222505076,120,telemetry_dropout,2.06836894962348,0.2332509222505076,gradual,0.8498990995203983,1.3715093973630794,1709712774,postprocessed_sensor_fault
18000.0,300.0,5.0,1,615.5884572681198,349.99999999999994,-265.58845726811984,94.46918930980158,,29.778767572392063,,-8.918718903409127,,25.238563124894963,,25.9688897883636,,7.363483750242184,17.499999999999996,2999.9999999999986,2904.4004709085825,,0.0030910637126159092,0.22727659281539772,,22.528743048315786,,0.0,0.0,0.0,0.0,True,none,1.0,0.0,telemetry_dropout,0.2332509222505076,0.2332509222505076,120,telemetry_dropout,2.06836894962348,0.2332509222505076,gradual,0.8498990995203983,1.3715093973630794,1709712774,postprocessed_sensor_fault
18060.0,301.0,5.016666666666667,1,614.9226763059908,354.15823381635516,-260.7644424896356,94.85723163493495,,29.7942892653974,,-8.752161871251051,,25.242891836124414,,25.97655449343833,,7.128026993646456,17.70791169081776,3103.955845408879,3004.1781581587306,,0.0032204699559763303,0.23051174889940823,,22.52669095676917,,0.0,0.0,0.0,0.0,True,none,1.0,0.0,telemetry_dropout,0.2332509222505076,0.2332509222505076,120,telemetry_dropout,2.06836894962348,0.2332509222505076,gradual,0.8498990995203983,1.3715093973630794,1709712774,postprocessed_sensor_fault
18120.0,302.0,5.033333333333333,1,614.184193564921,358.1347328615159,-256.0494607034051,95.23825761812455,,29.80953030472498,,-8.589516778223768,,25.246442431369903,,25.984555530776973,,6.90238387867101,17.906736643075796,3203.368321537897,3103.773239848314,,0.003236586743530341,0.23091466858825851,,22.52475445271195,,0.0,0.0,0.0,0.0,True,none,1.0,0.0,telemetry_dropout,0.2332509222505076,0.2332509222505076,120,telemetry_dropout,2.06836894962348,0.2332509222505076,gradual,0.8498990995203983,1.3715093973630794,1709712774,postprocessed_sensor_fault
18180.0,303.0,5.05,1,613.376606858593,361.75570504584937,-251.62090181274368,95.61269348391733,,29.824507739356694,,-8.436716005900825,,25.249277957305477,,25.99285465703534,,6.694254157137854,18.08778525229247,3293.8926261462343,3198.8329329972744,,0.0031387096943250115,0.22846774235812528,,22.52292173680212,,0.0,0.0,0.0,0.0,True,none,1.0,0.0,telemetry_dropout,0.2332509222505076,0.2332509222505076,120,telemetry_dropout,2.06836894962348,0.2332509222505076,gradual,0.8498990995203983,1.3715093973630794,1709712774,postprocessed_sensor_fault
18240.0,304.0,5.066666666666666,1,612.503850668262,364.8628965095479,-247.64095415871407,95.98120680855826,,29.83924827234233,,-8.299168661974964,,25.25148260968962,,26.001398109430014,,6.510096038392585,18.243144825477398,3371.572412738698,3285.202672867986,,0.002931116505076772,0.22327791262691932,,22.521177131710086,,0.0,0.0,0.0,0.0,True,none,1.0,0.0,telemetry_dropout,0.2332509222505076,0.2332509222505076,120,telemetry_dropout,2.06836894962348,0.2332509222505076,gradual,0.8498990995203983,1.3715093973630794,1709712774,postprocessed_sensor_fault
18300.0,305.0,5.083333333333333,1,611.5701769743577,367.32050807568874,-244.24966889866892,96.3446735777527,,29.85378694311011,,-8.181530516182598,,25.253157031788078,,26.010118975362143,,6.354995326978167,18.366025403784437,3433.0127018922185,3359.1076873801026,,0.0026228799942983067,0.21557199985745767,,22.5195017870483,,0.0,0.0,0.0,0.0,True,none,1.0,0.0,telemetry_dropout,0.2332509222505076,0.2332509222505076,120,telemetry_dropout,2.06836894962348,0.2332509222505076,gradual,0.8498990995203983,1.3715093973630794,1709712774,postprocessed_sensor_fault
18360.0,306.0,5.1,1,610.5801345412646,369.021130325903,-241.55900421536154,96.70413638164462,,29.868165455265785,,-8.087507234990706,,25.25441349580429,,26.018940136591837,,6.232621862082161,18.45105651629515,3475.5282581475753,3417.317972763839,,0.002227471576593615,0.20568678941484037,,22.517874529835343,,0.0,0.0,0.0,0.0,True,none,1.0,0.0,telemetry_dropout,0.2332509222505076,0.2332509222505076,120,telemetry_dropout,2.06836894962348,0.2332509222505076,gradual,0.8498990995203983,1.3715093973630794,1709712774,postprocessed_sensor_fault
18420.0,307.0,5.116666666666666,1,609.5385467561977,369.8904379073655,-239.64810884883218,97.0607555912411,,29.882430223649642,,-8.019699437268967,,25.255371169246565,,26.02777765928984,,6.145246325130574,18.494521895368276,3497.260947684137,3457.2894602239876,,0.0017621724971965272,0.19405431242991317,,22.51627281779323,,0.0,0.0,0.0,0.0,True,none,1.0,0.0,telemetry_dropout,0.2332509222505076,0.2332509222505076,120,telemetry_dropout,2.06836894962348,0.2332509222505076,gradual,0.8498990995203983,1.3715093973630794,1709712774,postprocessed_sensor_fault
18480.0,308.0,5.133333333333334,1,608.450488130146,369.8904379073655,-238.56005022278055,97.41575566597737,,29.896630226639097,,-7.979496298222064,,25.25615157187731,,26.036544481806256,,6.09378889386717,18.494521895368276,3497.260947684137,3477.2752039540624,,0.001247318558629296,0.18118296396573239,,22.514673748060353,,0.0,0.0,0.0,0.0,True,none,1.0,0.0,telemetry_dropout,0.2332509222505076,0.2332509222505076,120,telemetry_dropout,2.06836894962348,0.2332509222505076,gradual,0.8498990995203983,1.3715093973630794,1709712774,postprocessed_sensor_fault
18540.0,309.0,5.15,1,607.3212595753644,369.02113032590313,-238.30012924946124,97.77036895355099,,29.91081475814204,,-7.967022335444521,,25.25687424775097,,26.045154238984395,,6.07787559147775,18.451056516295157,3475.5282581475776,3476.40173105082,,0.0007054113485506708,0.16763528371376676,,22.513055072253405,,0.0,0.0,0.0,0.0,True,none,1.0,0.0,telemetry_dropout,0.2332509222505076,0.2332509222505076,120,telemetry_dropout,2.06836894962348,0.2332509222505076,gradual,0.8498990995203983,1.3715093973630794,1709712774,postprocessed_sensor_fault
18600.0,310.0,5.166666666666667,1,606.156362579862,367.32050807568885,-238.8358545041732,98.12577945132504,,29.925031178053,,-7.9811397048546855,,25.257652626528042,,26.05352505588009,,6.095887279072635,18.366025403784445,3433.0127018922203,3454.7072164715205,,0.00016013481240036295,0.15400337031000907,,22.511396170168002,,0.0,0.0,0.0,0.0,True,none,1.0,0.0,telemetry_dropout,0.2332509222505076,0.2332509222505076,120,telemetry_dropout,2.06836894962348,0.2332509222505076,gradual,0.8498990995203983,1.3715093973630794,1709712774,postprocessed_sensor_fault
18660.0,311.0,5.183333333333334,1,604.961472404706,364.8628965095479,-240.0985758951581,98.4830689987881,,29.939322759951523,,-8.019505912683071,,25.25859003745782,,26.061583145084004,,6.144998006684699,18.243144825477398,3371.5724127386984,3413.139814605109,,-0.0003646798486647213,0.15911699621661804,,22.5097281702078,,0.0,0.0,0.0,0.0,True,none,1.0,0.0,telemetry_dropout,0.2332509222505076,0.2332509222505076,120,telemetry_dropout,2.06836894962348,0.2332509222505076,gradual,0.8498990995203983,1.3715093973630794,1709712774,postprocessed_sensor_fault
18720.0,312.0,5.2,1,603.7424104347197,361.7557050458495,-241.98670538887018,98.84316826275963,,29.953726730510386,,-8.07868441766835,,25.259775868411815,,26.069266050427917,,6.221211353622193,18.087785252292473,3293.8926261462375,3353.5162203756736,,-0.0008460957156159045,0.1711523928903976,,22.508051641984054,,0.0,0.0,0.0,0.0,True,none,1.0,0.0,telemetry_dropout,0.2332509222505076,0.2332509222505076,120,telemetry_dropout,2.06836894962348,0.2332509222505076,gradual,0.8498990995203983,1.3715093973630794,1709712774,postprocessed_sensor_fault
18780.0,313.0,5.216666666666667,1,602.5051158172813,358.13473286151606,-244.37038295576525,99.20681466596761,,29.968272586638705,,-8.154303263536027,,25.261281922991667,,26.076525395310647,,6.3194129370971455,17.906736643075803,3203.3683215379006,3278.442270956787,,-0.0012630726049777854,0.18157681512444462,,22.506346477323657,,0.0,0.0,0.0,0.0,True,none,1.0,0.0,telemetry_dropout,0.2332509222505076,0.2332509222505076,120,telemetry_dropout,2.06836894962348,0.2332509222505076,gradual,0.8498990995203983,1.3715093973630794,1709712774,postprocessed_sensor_fault
18840.0,314.0,5.233333333333333,1,601.2556165273943,354.15823381635516,-247.09738271103913,99.5745191045257,,29.98298076418103,,-8.24125475230376,,25.26315910609168,,26.083329015529795,,6.433462391389545,17.70791169081776,3103.9558454088797,3191.199058182833,,-0.0015973866258081285,0.1899346656452032,,22.504594511988795,,0.0,0.0,0.0,0.0,True,none,1.0,0.0,telemetry_dropout,0.2332509222505076,0.2332509222505076,120,telemetry_dropout,2.06836894962348,0.2332509222505076,gradual,0.8498990995203983,1.3715093973630794,1709712774,postprocessed_sensor_fault
18900.0,315.0,5.25,1,600.0,350.0,-250.0,99.94654291404952,,29.99786171656198,,-8.333927343293727,,25.265434643445346,,26.089662383405557,,6.556347597063907,17.5,2999.9999999999995,3095.5995290914166,,-0.0018344266511799994,0.19586066627949997,,22.502780282543664,,0.0,0.0,0.0,0.0,True,none,1.0,0.0,telemetry_dropout,0.2332509222505076,0.2332509222505076,120,telemetry_dropout,2.06836894962348,0.2332509222505076,gradual,0.8498990995203983,1.3715093973630794,1709712774,postprocessed_sensor_fault
18960.0,316.0,5.266666666666667,1,598.7443834726058,345.8417661836448,-252.90261728896104,100.0,,30.0,,-8.430087242965367,,25.26812640116441,,26.095529260956678,,6.685309673920594,17.29208830918224,2896.0441545911194,2995.821841841268,,-0.0019638328945404135,0.19909582236351034,,22.500891672337747,,0.0,0.0,0.0,0.0,True,none,1.0,0.0,telemetry_dropout,0.2332509222505076,0.2332509222505076,120,telemetry_dropout,2.06836894962348,0.2332509222505076,gradual,0.8498990995203983,1.3715093973630794,1709712774,postprocessed_sensor_fault
19020.0,317.0,5.283333333333333,1,597.4948841827189,341.86526713848417,-255.62961704423475,100.0,,30.0,,-8.520987234807825,,25.271212902345624,,26.100951553582874,,6.808577876460633,17.093263356924208,2796.631678462105,2896.226760151687,,-0.001979949682094374,0.19949874205235935,,22.498920422629677,,0.0,0.0,0.0,0.0,True,none,1.0,0.0,telemetry_dropout,0.2332509222505076,0.2332509222505076,120,telemetry_dropout,2.06836894962348,0.2332509222505076,gradual,0.8498990995203983,1.3715093973630794,1709712774,postprocessed_sensor_fault
19080.0,318.0,5.3,1,596.2575895652803,338.24429495415046,-258.0132946111299,100.0,,30.0,,-8.60044315370433,,25.274643657582242,,26.105968370649627,,6.917409795207974,16.912214747707523,2706.1073738537616,2801.1670670027247,,-0.0018820726328891576,0.19705181582222894,,22.49686248880332,,0.0,0.0,0.0,0.0,True,none,1.0,0.0,telemetry_dropout,0.2332509222505076,0.2332509222505076,120,telemetry_dropout,2.06836894962348,0.2332509222505076,gradual,0.8498990995203983,1.3715093973630794,1709712774,postprocessed_sensor_fault
19140.0,319.0,5.316666666666666,1,595.038527595294,335.13710349045203,-259.90142410484196,100.0,,30.0,,-8.663380803494732,,25.27834357348911,,26.110634334033474,,7.004333355708883,16.756855174522602,2628.427587261301,2714.7973271320125,,-0.001674479443640848,0.1918619860910212,,22.49471822603564,,0.0,0.0,0.0,0.0,True,none,1.0,0.0,telemetry_dropout,0.2332509222505076,0.2332509222505076,120,telemetry_dropout,2.06836894962348,0.2332509222505076,gradual,0.8498990995203983,1.3715093973630794,1709712774,postprocessed_sensor_fault
19200.0,320.0,5.333333333333333,1,593.843637420138,332.6794919243113,-261.16414549582663,100.0,,30.0,,-8.705471516527554,,25.282216241201528,,26.11501720855364,,7.062818746005804,16.633974596215566,2566.9872981077824,2640.8923126198974,,-0.0013662429328623609,0.184156073321559,,22.49249239387966,,0.0,0.0,0.0,0.0,True,none,1.0,0.0,telemetry_dropout,0.2332509222505076,0.2332509222505076,120,telemetry_dropout,2.06836894962348,0.2332509222505076,gradual,0.8498990995203983,1.3715093973630794,1709712774,postprocessed_sensor_fault
19260.0,321.0,5.35,1,592.6787404246356,330.978869674097,-261.69987075053865,100.0,,30.0,,-8.723329025017955,,25.28614866889531,,26.11919495785262,,7.087717542297658,16.54894348370485,2524.471741852424,2582.682027236161,,-0.0009708345151577046,0.1742708628789426,,22.490193975209003,,0.0,0.0,0.0,0.0,True,none,1.0,0.0,telemetry_dropout,0.2332509222505076,0.2332509222505076,120,telemetry_dropout,2.06836894962348,0.2332509222505076,gradual,0.8498990995203983,1.3715093973630794,1709712774,postprocessed_sensor_fault
19320.0,322.0,5.366666666666666,1,591.549511869854,330.1095620926345,-261.43994977721945,100.0,,30.0,,-8.714664992573981,,25.290017213130685,,26.123252354399064,,7.075630874623557,16.505478104631727,2502.739052315864,2542.710539776012,,-0.0005055354357605887,0.16263838589401472,,22.487835811905146,,0.0,0.0,0.0,0.0,True,none,1.0,0.0,telemetry_dropout,0.2332509222505076,0.2332509222505076,120,telemetry_dropout,2.06836894962348,0.2332509222505076,gradual,0.8498990995203983,1.3715093973630794,1709712774,postprocessed_sensor_fault
19380.0,323.0,5.383333333333334,1,590.4614532438022,330.1095620926345,-260.3518911511677,100.0,,30.0,,-8.67839637170559,,25.29369432680775,,26.127277291773133,,7.02516508675462,16.505478104631727,2502.7390523158633,2522.724796045938,,9.318502806628603e-06,0.15023296257016572,,22.485435325453665,,0.0,0.0,0.0,0.0,True,none,1.0,0.0,telemetry_dropout,0.2332509222505076,0.2332509222505076,120,telemetry_dropout,2.06836894962348,0.2332509222505076,gradual,0.8498990995203983,1.3715093973630794,1709712774,postprocessed_sensor_fault
19440.0,324.0,5.4,1,589.4198654587356,330.9788696740969,-258.44099578463863,100.0,,30.0,,-8.614699859487954,,25.29705564182532,,26.131356960406357,,6.937044293524942,16.548943483704846,2524.471741852423,2523.5982689491807,,0.0005512257128852536,0.16378064282213134,,22.48308319900433,,0.0,0.0,0.0,0.0,True,none,1.0,0.0,telemetry_dropout,0.2332509222505076,0.2332509222505076,120,telemetry_dropout,2.06836894962348,0.2332509222505076,gradual,0.8498990995203983,1.3715093973630794,1709712774,postprocessed_sensor_fault
19500.0,325.0,5.416666666666667,1,588.4298230256422,332.6794919243112,-255.75033110133103,100.0,,30.0,,-8.525011036711033,,25.299986858154647,,26.135574053915537,,6.814065054083594,16.633974596215563,2566.98729810778,2545.2927835284804,,0.0010965022490355475,0.1774125562258887,,22.480799941865016,,0.0,0.0,0.0,0.0,True,none,1.0,0.0,telemetry_dropout,0.2332509222505076,0.2332509222505076,120,telemetry_dropout,2.06836894962348,0.2332509222505076,gradual,0.8498990995203983,1.3715093973630794,1709712774,postprocessed_sensor_fault
19560.0,326.0,5.433333333333334,0,0.0,335.1371034904521,335.1371034904521,99.50128407218682,,29.980051362887473,,11.178670090783127,,25.298843647672005,,26.12400317183326,,10.99701319988554,16.756855174522606,2628.427587261303,2586.860185394892,,0.001621316910100653,0.19053292275251632,,22.478603744114857,,0.0,0.0,0.0,0.0,True,none,1.0,0.0,telemetry_dropout,0.2332509222505076,0.2332509222505076,120,telemetry_dropout,2.06836894962348,0.2332509222505076,gradual,0.8498990995203983,1.3715093973630794,1709712774,postprocessed_sensor_fault
19620.0,327.0,5.45,0,0.0,338.2442949541506,338.2442949541506,98.99794434755268,,29.959917773902106,,11.289893967893097,,25.29837370733431,,26.11283557595401,,11.196936464501514,16.91221474770753,2706.107373853764,2646.4837796243282,,0.002102732777051822,0.20256831942629555,,22.476509656951098,,0.0,0.0,0.0,0.0,True,none,1.0,0.0,telemetry_dropout,0.2332509222505076,0.2332509222505076,120,telemetry_dropout,2.06836894962348,0.2332509222505076,gradual,0.8498990995203983,1.3715093973630794,1709712774,postprocessed_sensor_fault
19680.0,328.0,5.466666666666667,0,0.0,341.8652671384838,341.8652671384838,98.48921627145373,,29.93956865085815,,11.418510103641223,,25.29868543122016,,26.102119418060227,,11.430589838956534,17.09326335692419,2796.6316784620944,2721.5577290432116,,0.0025197096664136176,0.21299274166034043,,22.474528901061596,,0.0,0.0,0.0,0.0,True,none,1.0,0.0,telemetry_dropout,0.2332509222505076,0.2332509222505076,120,telemetry_dropout,2.06836894962348,0.2332509222505076,gradual,0.8498990995203983,1.3715093973630794,1709712774,postprocessed_sensor_fault
19740.0,329.0,5.483333333333333,0,0.0,345.8417661836449,345.8417661836449,97.9745707860614,,29.918982831442456,,11.559275531927272,,25.299857812185643,,26.09188663933411,,11.689348065841001,17.292088309182244,2896.0441545911217,2808.8009418171673,,0.0028540236872440883,0.2213505921811022,,22.472668338302807,,0.0,0.0,0.0,0.0,True,none,1.0,0.0,telemetry_dropout,0.2332509222505076,0.2332509222505076,120,telemetry_dropout,2.06836894962348,0.2332509222505076,gradual,0.8498990995203983,1.3715093973630794,1709712774,postprocessed_sensor_fault
19800.0,330.0,5.5,0,0.0,350.0000000000001,350.0000000000001,97.45373745272806,,29.898149498109124,,11.706410124885338,,25.301936008782402,,26.082151546219436,,11.963203040961437,17.500000000000007,3000.0000000000023,2904.4004709085843,,0.003091063712615938,0.22727659281539844,,22.470930135541817,,0.0,0.0,0.0,0.0,True,none,1.0,0.0,telemetry_dropout,0.2332509222505076,0.2332509222505076,120,telemetry_dropout,2.06836894962348,0.2332509222505076,gradual,0.8498990995203983,1.3715093973630794,1709712774,postprocessed_sensor_fault
19860.0,331.0,5.516666666666667,0,0.0,354.158233816355,354.158233816355,96.92671627145373,,29.87706865085815,,11.853848111909151,,25.3049280500791,,26.072910157231316,,12.241097204816972,17.70791169081775,3103.9558454088756,3004.1781581587297,,0.0032204699559762523,0.2305117488994063,,22.469311640841003,,0.0,0.0,0.0,0.0,True,none,1.0,0.0,telemetry_dropout,0.2332509222505076,0.2332509222505076,120,telemetry_dropout,2.06836894962348,0.2332509222505076,gradual,0.8498990995203983,1.3715093973630794,1709712774,postprocessed_sensor_fault
19920.0,332.0,5.533333333333333,0,0.0,358.1347328615159,358.1347328615159,96.39377768088599,,29.85575110723544,,11.995502359835895,,25.308803035609245,,26.064140349259617,,12.511366149186282,17.906736643075796,3203.368321537897,3103.773239848313,,0.003236586743530355,0.23091466858825888,,22.467805481653244,,0.0,0.0,0.0,0.0,True,none,1.0,0.0,telemetry_dropout,0.2332509222505076,0.2332509222505076,120,telemetry_dropout,2.06836894962348,0.2332509222505076,gradual,0.8498990995203983,1.3715093973630794,1709712774,postprocessed_sensor_fault
19980.0,333.0,5.55,0,0.0,361.75570504584937,361.75570504584937,95.85545073885348,,29.83421802955414,,12.125529976602362,,25.313491144652517,,26.055802796970124,,12.762278177078597,18.08778525229247,3293.892626146234,3198.8329329972735,,0.003138709694325018,0.22846774235812545,,22.466399883026355,,0.0,0.0,0.0,0.0,True,none,1.0,0.0,telemetry_dropout,0.2332509222505076,0.2332509222505076,120,telemetry_dropout,2.06836894962348,0.2332509222505076,gradual,0.8498990995203983,1.3715093973630794,1709712774,postprocessed_sensor_fault
20040.0,334.0,5.566666666666666,0,0.0,364.8628965095478,364.8628965095478,95.31249999999997,,29.8125,,12.238587723590701,,25.31888567230941,,26.047842664245316,,12.982642357442002,18.24314482547739,3371.572412738695,3285.2026728679843,,0.002931116505076736,0.2232779126269184,,22.46507919183764,,0.0,0.0,0.0,0.0,True,none,1.0,0.0,telemetry_dropout,0.2332509222505076,0.2332509222505076,120,telemetry_dropout,2.06836894962348,0.2332509222505076,gradual,0.8498990995203983,1.3715093973630794,1709712774,postprocessed_sensor_fault
20100.0,335.0,5.583333333333333,0,0.0,367.32050807568874,367.32050807568874,94.76589210107781,,29.790635684043114,,12.33006613123191,,25.324847166489032,,26.04019197373892,,13.162442464044178,18.366025403784437,3433.0127018922185,3359.107687380101,,0.0026228799942983275,0.21557199985745817,,22.463824581724896,,0.0,0.0,0.0,0.0,True,none,1.0,0.0,telemetry_dropout,0.2332509222505076,0.2332509222505076,120,telemetry_dropout,2.06836894962348,0.2332509222505076,gradual,0.8498990995203983,1.3715093973630794,1709712774,postprocessed_sensor_fault
20160.0,336.0,5.6,0,0.0,369.0211303259031,369.0211303259031,94.21675351428333,,29.768670140571334,,12.396292094451642,,25.331209565541023,,26.0327725509816,,13.293444615277142,18.451056516295154,3475.5282581475763,3417.3179727638394,,0.00222747157659365,0.20568678941484125,,22.462614903551867,,0.0,0.0,0.0,0.0,True,none,1.0,0.0,telemetry_dropout,0.2332509222505076,0.2332509222505076,120,telemetry_dropout,2.06836894962348,0.2332509222505076,gradual,0.8498990995203983,1.3715093973630794,1709712774,postprocessed_sensor_fault
20220.0,337.0,5.616666666666666,0,0.0,369.8904379073655,369.8904379073655,93.6663213150164,,29.746652852600654,,12.434691047097997,,25.337788052530918,,26.025499414364486,,13.369723314942329,18.494521895368276,3497.2609476841367,3457.2894602239876,,0.0017621724971965131,0.19405431242991283,,22.46142763870688,,0.0,0.0,0.0,0.0,True,none,1.0,0.0,telemetry_dropout,0.2332509222505076,0.2332509222505076,120,telemetry_dropout,2.06836894962348,0.2332509222505076,gradual,0.8498990995203983,1.3715093973630794,1709712774,postprocessed_sensor_fault
20280.0,338.0,5.633333333333334,0,0.0,369.8904379073655,369.8904379073655,93.11588911574948,,29.724635564629978,,12.443901527509611,,25.344388173609428,,26.018284462840306,,13.388054818108483,18.494521895368276,3497.2609476841367,3477.2752039540624,,0.0012473185586292885,0.18118296396573222,,22.460239907817154,,0.0,0.0,0.0,0.0,True,none,1.0,0.0,telemetry_dropout,0.2332509222505076,0.2332509222505076,120,telemetry_dropout,2.06836894962348,0.2332509222505076,gradual,0.8498990995203983,1.3715093973630794,1709712774,postprocessed_sensor_fault
20340.0,339.0,5.65,0,0.0,369.0211303259031,369.0211303259031,92.56675052895498,,29.702670021158198,,12.42383698378082,,25.350815638007653,,26.011040300170173,,13.348138031964808,18.451056516295154,3475.5282581475767,3476.4017310508193,,0.0007054113485506565,0.1676352837137664,,22.45902948581203,,0.0,0.0,0.0,0.0,True,none,1.0,0.0,telemetry_dropout,0.2332509222505076,0.2332509222505076,120,telemetry_dropout,2.06836894962348,0.2332509222505076,gradual,0.8498990995203983,1.3715093973630794,1709712774,postprocessed_sensor_fault
20400.0,340.0,5.666666666666667,0,0.0,367.32050807568874,367.32050807568874,92.02014263003282,,29.680805705201312,,12.375691944619916,,25.35688614447511,,26.00368402857638,,13.252620088650424,18.366025403784437,3433.012701892219,3454.7072164715196,,0.00016013481240035557,0.15400337031000888,,22.45777577562494,,0.0,0.0,0.0,0.0,True,none,1.0,0.0,telemetry_dropout,0.2332509222505076,0.2332509222505076,120,telemetry_dropout,2.06836894962348,0.2332509222505076,gradual,0.8498990995203983,1.3715093973630794,1709712774,postprocessed_sensor_fault
20460.0,341.0,5.683333333333334,0,0.0,364.86289650954785,364.86289650954785,91.47719189117932,,29.65908767564717,,12.30189210469659,,25.362434574103084,,25.996140845998724,,13.106923948447703,18.243144825477394,3371.572412738696,3413.1398146051074,,-0.000364679848664743,0.15911699621661857,,22.45650992862381,,0.0,0.0,0.0,0.0,True,none,1.0,0.0,telemetry_dropout,0.2332509222505076,0.2332509222505076,120,telemetry_dropout,2.06836894962348,0.2332509222505076,gradual,0.8498990995203983,1.3715093973630794,1709712774,postprocessed_sensor_fault
20520.0,342.0,5.7,0,0.0,361.7557050458496,361.7557050458496,90.9388649491468,,29.637554597965874,,12.20599033736333,,25.367322953356013,,25.98834728973532,,12.918896009264559,18.08778525229248,3293.8926261462407,3353.5162203756745,,-0.0008460957156158409,0.17115239289039602,,22.45523253721194,,0.0,0.0,0.0,0.0,True,none,1.0,0.0,telemetry_dropout,0.2332509222505076,0.2332509222505076,120,telemetry_dropout,2.06836894962348,0.2332509222505076,gradual,0.8498990995203983,1.3715093973630794,1709712774,postprocessed_sensor_fault
20580.0,343.0,5.716666666666667,0,0.0,358.13473286151617,358.13473286151617,90.40592635857907,,29.616237054343163,,12.09251304290855,,25.371446714753986,,25.980253984703587,,12.698309735433073,17.90673664307581,3203.368321537904,3278.4422709567893,,-0.0012630726049777494,0.18157681512444374,,22.453923515837335,,0.0,0.0,0.0,0.0,True,none,1.0,0.0,telemetry_dropout,0.2332509222505076,0.2332509222505076,120,telemetry_dropout,2.06836894962348,0.2332509222505076,gradual,0.8498990995203983,1.3715093973630794,1709712774,postprocessed_sensor_fault
20640.0,344.0,5.733333333333333,0,0.0,354.15823381635533,354.15823381635533,89.87890517730473,,29.595156207092188,,11.966763457443243,,25.3747389485045,,25.971827776207594,,12.456274211711916,17.707911690817767,3103.9558454088833,3191.1990581828363,,-0.001597386625808114,0.18993466564520284,,22.45256472271362,,0.0,0.0,0.0,0.0,True,none,1.0,0.0,telemetry_dropout,0.2332509222505076,0.2332509222505076,120,telemetry_dropout,2.06836894962348,0.2332509222505076,gradual,0.8498990995203983,1.3715093973630794,1709712774,postprocessed_sensor_fault
20700.0,345.0,5.75,0,0.0,350.0000000000001,350.0000000000001,89.3580718439714,,29.574322873758856,,11.834590482223797,,25.377172523315323,,25.963053153997933,,12.204602550555366,17.500000000000007,3000.000000000003,3095.59952909142,,-0.0018344266511799916,0.19586066627949977,,22.45114071668805,,0.0,0.0,0.0,0.0,True,none,1.0,0.0,telemetry_dropout,0.2332509222505076,0.2332509222505076,120,telemetry_dropout,2.06836894962348,0.2332509222505076,gradual,0.8498990995203983,1.3715093973630794,1709712774,postprocessed_sensor_fault
20760.0,346.0,5.766666666666667,0,0.0,345.8417661836449,345.8417661836449,88.84342635857907,,29.553737054343163,,11.702133153168209,,25.378760133597957,,25.953932905384313,,11.955193626758282,17.292088309182244,2896.044154591123,2995.8218418412716,,-0.0019638328945404127,0.1990958223635103,,22.44963940322605,,0.0,0.0,0.0,0.0,True,none,1.0,0.0,telemetry_dropout,0.2332509222505076,0.2332509222505076,120,telemetry_dropout,2.06836894962348,0.2332509222505076,gradual,0.8498990995203983,1.3715093973630794,1709712774,postprocessed_sensor_fault
20820.0,347.0,5.783333333333333,0,0.0,341.86526713848406,341.86526713848406,88.33469828248013,,29.533387931299206,,11.575551979804473,,25.379552480432945,,25.944487968855086,,11.719472290972421,17.093263356924204,2796.6316784621017,2896.226760151687,,-0.0019799496820944724,0.1994987420523618,,22.448052545536317,,0.0,0.0,0.0,0.0,True,none,1.0,0.0,telemetry_dropout,0.2332509222505076,0.2332509222505076,120,telemetry_dropout,2.06836894962348,0.2332509222505076,gradual,0.8498990995203983,1.3715093973630794,1709712774,postprocessed_sensor_fault
20880.0,348.0,5.8,0,0.0,338.2442949541506,338.2442949541506,87.83135855784599,,29.51325434231384,,11.46075898750352,,25.37963489796892,,25.93475649459966,,11.507919725571414,16.91221474770753,2706.107373853765,2801.1670670027256,,-0.001882072632889122,0.19705181582222803,,22.446376120788162,,0.0,0.0,0.0,0.0,True,none,1.0,0.0,telemetry_dropout,0.2332509222505076,0.2332509222505076,120,telemetry_dropout,2.06836894962348,0.2332509222505076,gradual,0.8498990995203983,1.3715093973630794,1709712774,postprocessed_sensor_fault
20940.0,349.0,5.816666666666666,0,0.0,335.13710349045215,335.13710349045215,87.33264263003281,,29.493305705201312,,11.363158366861155,,25.379122786733205,,25.92479215299191,,11.329709445629335,16.75685517452261,2628.4275872613034,2714.7973271320143,,-0.0016744794436408337,0.19186198609102084,,22.444610505780595,,0.0,0.0,0.0,0.0,True,none,1.0,0.0,telemetry_dropout,0.2332509222505076,0.2332509222505076,120,telemetry_dropout,2.06836894962348,0.2332509222505076,gradual,0.8498990995203983,1.3715093973630794,1709712774,postprocessed_sensor_fault
21000.0,350.0,5.833333333333333,0,0.0,332.6794919243112,332.6794919243112,86.8375838622883,,29.473503354491534,,11.287409166227041,,25.378156211529028,,25.914661764960403,,11.1924484548661,16.633974596215563,2566.9872981077806,2640.8923126198974,,-0.0013662429328624034,0.1841560733215601,,22.44276048152653,,0.0,0.0,0.0,0.0,True,none,1.0,0.0,telemetry_dropout,0.2332509222505076,0.2332509222505076,120,telemetry_dropout,2.06836894962348,0.2332509222505076,gradual,0.8498990995203983,1.3715093973630794,1709712774,postprocessed_sensor_fault
21060.0,351.0,5.85,0,0.0,330.97886967409704,330.97886967409704,86.34505578241614,,29.453802231296645,,11.237220480906528,,25.37689397402959,,25.90444235780813,,11.10200993092041,16.548943483704853,2524.471741852425,2582.682027236161,,-0.0009708345151576903,0.17427086287894225,,22.440835052198523,,0.0,0.0,0.0,0.0,True,none,1.0,0.0,telemetry_dropout,0.2332509222505076,0.2332509222505076,120,telemetry_dropout,2.06836894962348,0.2332509222505076,gradual,0.8498990995203983,1.3715093973630794,1709712774,postprocessed_sensor_fault
21120.0,352.0,5.866666666666666,0,0.0,330.1095620926346,330.1095620926346,85.85382131501638,,29.434152852600654,,11.215188143709995,,25.375507395545096,,25.894217775154928,,11.062435607905059,16.50547810463173,2502.739052315864,2542.710539776012,,-0.0005055354357605887,0.16263838589401472,,22.438847080817244,,0.0,0.0,0.0,0.0,True,none,1.0,0.0,telemetry_dropout,0.2332509222505076,0.2332509222505076,120,telemetry_dropout,2.06836894962348,0.2332509222505076,gradual,0.8498990995203983,1.3715093973630794,1709712774,postprocessed_sensor_fault
21180.0,353.0,5.883333333333334,0,0.0,330.1095620926345,330.1095620926345,85.36258684761663,,29.414503473904666,,11.222680076360769,,25.374173963997517,,25.88407498916295,,11.075883847707596,16.505478104631727,2502.7390523158633,2522.724796045938,,9.318502806628603e-06,0.15023296257016572,,22.436814009848923,,0.0,0.0,0.0,0.0,True,none,1.0,0.0,telemetry_dropout,0.2332509222505076,0.2332509222505076,120,telemetry_dropout,2.06836894962348,0.2332509222505076,gradual,0.8498990995203983,1.3715093973630794,1709712774,postprocessed_sensor_fault
21240.0,354.0,5.9,0,0.0,330.9788696740969,330.9788696740969,84.87005876774447,,29.394802350709778,,11.259775307388825,,25.373070930872966,,25.874100276217057,,11.142603197830649,16.548943483704846,2524.4717418524237,2523.5982689491807,,0.0005512257128852607,0.1637806428221315,,22.434826543266624,,0.0,0.0,0.0,0.0,True,none,1.0,0.0,telemetry_dropout,0.2332509222505076,0.2332509222505076,120,telemetry_dropout,2.06836894962348,0.2332509222505076,gradual,0.8498990995203983,1.3715093973630794,1709712774,postprocessed_sensor_fault
21300.0,355.0,5.916666666666667,0,0.0,332.67949192431126,332.67949192431126,84.37499999999994,,29.374999999999996,,11.325259299551023,,25.37236890480828,,25.86437542319975,,11.260919856165353,16.633974596215563,2566.987298107782,2545.292783528482,,0.0010965022490355756,0.1774125562258894,,22.432905211045345,,0.0,0.0,0.0,0.0,True,none,1.0,0.0,telemetry_dropout,0.2332509222505076,0.2332509222505076,120,telemetry_dropout,2.06836894962348,0.2332509222505076,gradual,0.8498990995203983,1.3715093973630794,1709712774,postprocessed_sensor_fault
21360.0,356.0,5.933333333333334,0,0.0,335.13710349045203,335.13710349045203,83.87628407218678,,29.355051362887473,,11.416675765526124,,25.372225487522137,,25.854974130163196,,11.427238842812121,16.756855174522602,2628.4275872613002,2586.860185394891,,0.0016213169101006036,0.1905329227525151,,22.431068223776332,,0.0,0.0,0.0,0.0,True,none,1.0,0.0,telemetry_dropout,0.2332509222505076,0.2332509222505076,120,telemetry_dropout,2.06836894962348,0.2332509222505076,gradual,0.8498990995203983,1.3715093973630794,1709712774,postprocessed_sensor_fault
21420.0,357.0,5.95,0,0.0,338.2442949541504,338.2442949541504,83.37294434755262,,29.334917773902106,,11.530432693255081,,25.37277903542199,,25.845958766617304,,11.63607024749485,16.91221474770752,2706.1073738537607,2646.483779624326,,0.0021027327770517935,0.20256831942629483,,22.42933065301511,,0.0,0.0,0.0,0.0,True,none,1.0,0.0,telemetry_dropout,0.2332509222505076,0.2332509222505076,120,telemetry_dropout,2.06836894962348,0.2332509222505076,gradual,0.8498990995203983,1.3715093973630794,1709712774,postprocessed_sensor_fault
21480.0,358.0,5.966666666666667,0,0.0,341.8652671384839,341.8652671384839,82.86421627145369,,29.31456865085815,,11.661957957156439,,25.374142698114653,,25.837377623198215,,11.88010107155875,17.093263356924194,2796.6316784620976,2721.5577290432116,,0.002519709666413688,0.21299274166034218,,22.42770373965513,,0.0,0.0,0.0,0.0,True,none,1.0,0.0,telemetry_dropout,0.2332509222505076,0.2332509222505076,120,telemetry_dropout,2.06836894962348,0.2332509222505076,gradual,0.8498990995203983,1.3715093973630794,1709712774,postprocessed_sensor_fault
21540.0,359.0,5.983333333333333,0,0.0,345.8417661836447,345.8417661836447,82.34957078606136,,29.293982831442456,,11.805897756328248,,25.376398967748067,,25.829262778830994,,12.15033774663011,17.292088309182237,2896.0441545911185,2808.8009418171646,,0.0028540236872440384,0.22135059218110095,,22.42619436560689,,0.0,0.0,0.0,0.0,True,none,1.0,0.0,telemetry_dropout,0.2332509222505076,0.2332509222505076,120,telemetry_dropout,2.06836894962348,0.2332509222505076,gradual,0.8498990995203983,1.3715093973630794,1709712774,postprocessed_sensor_fault
21600.0,360.0,6.0,1,600.0,349.99999999999994,-250.00000000000006,82.72159459558517,,29.308863783823405,,-8.529842775344429,,25.378876098680802,,25.837628676600346,,6.820657421767644,17.499999999999996,2999.9999999999986,2904.4004709085825,,0.0030910637126159235,0.22727659281539808,,22.42480471764112,,0.0,0.0,0.0,0.0,True,none,1.0,0.0,telemetry_dropout,0.2332509222505076,0.2332509222505076,120,telemetry_dropout,2.06836894962348,0.2332509222505076,gradual,0.8498990995203983,1.3715093973630794,1709712774,postprocessed_sensor_fault
