time_s,time_min,time_h,in_sunlight,solar_power_w,load_power_w,battery_power_w,battery_soc_true,battery_soc_measured,battery_voltage_true,battery_voltage_measured,battery_current_true,battery_current_measured,battery_temp_true,battery_temp_measured,electronics_temp_true,electronics_temp_measured,battery_heat_w,electronics_heat_w,wheel_target_speed_rpm,wheel_speed_true,wheel_speed_measured,wheel_torque_nm,wheel_current_true,wheel_current_measured,wheel_temp_true,wheel_temp_measured,solar_degradation,battery_degradation,thermal_anomaly,wheel_degradation,fault_active,fault_type,fault_progress,fault_severity,fault_label,fault_requested_severity,fault_effective_severity,scenario_id,scenario_fault_type,scenario_start_time_h,scenario_severity,scenario_profile,scenario_ramp_duration_h,scenario_sensor_noise_scale,scenario_random_seed,scenario_internal_fault_name
0.0,0.0,0.0,1,600.0,350.0,-250.0,90.37202380952381,90.18841296723237,29.61488095238095,29.60878907593036,-8.44170200791912,-8.457326756563058,22.022336622077468,22.017133807574798,24.023,23.911919692828732,6.700986623240457,17.5,3000.0,3000.0,3003.1411068955113,0.0006283185307179586,0.16570796326794895,0.15817377062242655,24.979227572821976,24.962819458058227,0.0,0.0,0.0,0.0,False,none,0.0,0.0,nominal,0.3718692319942847,0.0,70,reaction_wheel_degradation,2.4354001685708293,0.3718692319942847,gradual,0.7261174080063819,0.8751850190891066,628890386,reaction_wheel_degradation
60.0,1.0,0.016666666666666666,1,601.2556165273943,354.15823381635516,-247.09738271103913,90.7397282480819,90.87837105509732,29.629589129923275,29.639605077273195,-8.339548065534684,-8.337310956705759,22.0440820855283,22.03242482548991,24.046231823381635,24.047026508839977,6.563844954989063,17.70791169081776,3103.9558454088797,3051.97792270444,3049.8272487357285,0.0019890973650273443,0.1997274341256836,0.19571858309120546,24.95874847619419,24.925377962619503,0.0,0.0,0.0,0.0,False,none,0.0,0.0,nominal,0.3718692319942847,0.0,70,reaction_wheel_degradation,2.4354001685708293,0.3718692319942847,gradual,0.7261174080063819,0.8751850190891066,628890386,reaction_wheel_degradation
120.0,2.0,0.03333333333333333,1,602.5051158172811,358.134732861516,-244.37038295576508,91.10337465128988,91.29692694931894,29.644134986051597,29.60831305032841,-8.243464788928678,-8.219407390151021,22.065272182808812,22.112353164733985,24.069675442080733,24.04267352147291,6.436376938104555,17.9067366430758,3203.3683215379,3127.67312212117,3130.286005277053,0.002620900448055877,0.21552251120139693,0.21239892880562689,24.938546098704002,24.901145417537435,0.0,0.0,0.0,0.0,False,none,0.0,0.0,nominal,0.3718692319942847,0.0,70,reaction_wheel_degradation,2.4354001685708293,0.3718692319942847,gradual,0.7261174080063819,0.8751850190891066,628890386,reaction_wheel_degradation
180.0,3.0,0.05,1,603.7424104347197,361.7557050458495,-241.98670538887018,91.46347391526143,91.6160580591204,29.658538956610457,29.605325589169347,-8.159090565549752,-8.15724990890417,22.08596608540712,21.990173333431375,24.093293609048672,24.052675535268612,6.325660708547438,18.087785252292473,3293.8926261462366,3210.7828741337034,3217.063786363133,0.002830866546587775,0.22077166366469436,0.22055441854230945,24.918597552843362,24.879308550982596,0.0,0.0,0.0,0.0,False,none,0.0,0.0,nominal,0.3718692319942847,0.0,70,reaction_wheel_degradation,2.4354001685708293,0.3718692319942847,gradual,0.7261174080063819,0.8751850190891066,628890386,reaction_wheel_degradation
240.0,4.0,0.06666666666666667,1,604.961472404706,364.8628965095479,-240.0985758951581,91.82076346272446,91.92065123579651,29.67283053850898,29.66134521150034,-8.091529238626613,-8.084523160925194,22.10624304767322,22.113624186468098,24.117033549827237,24.050097369710542,6.23782763356395,18.243144825477398,3371.572412738697,3291.1776434362005,3291.7733543927625,0.002777194931208119,0.21942987328020297,0.21915965317181807,24.898879660493158,24.792381116030164,0.0,0.0,0.0,0.0,False,none,0.0,0.0,nominal,0.3718692319942847,0.0,70,reaction_wheel_degradation,2.4354001685708293,0.3718692319942847,gradual,0.7261174080063819,0.8751850190891066,628890386,reaction_wheel_degradation
300.0,5.0,0.08333333333333333,1,606.156362579862,367.3205080756888,-238.83585450417326,92.17617396049855,92.20233393292905,29.68704695841994,29.668061666540392,-8.045119975681306,-8.056677374960813,22.126198644166678,22.085030725235516,24.140829332236187,24.09294252771056,6.17791643384851,18.36602540378444,3433.0127018922194,3362.0951726642097,3369.4986063959295,0.0025459192073639977,0.21364798018409992,0.2204087422361752,24.879369033248576,24.96424795421515,0.0,0.0,0.0,0.0,False,none,0.0,0.0,nominal,0.3718692319942847,0.0,70,reaction_wheel_degradation,2.4354001685708293,0.3718692319942847,gradual,0.7261174080063819,0.8751850190891066,628890386,reaction_wheel_degradation
360.0,6.0,0.1,1,607.3212595753644,369.0211303259031,-238.3001292494613,92.53078724807214,92.55064940281169,29.701231489922886,29.721650166412854,-8.023240697285983,-8.04383100422634,22.145940756644766,22.165229594771784,24.16460481061089,24.16468282481807,6.149791302926885,18.451056516295154,3475.5282581475767,3418.811715405893,3418.037750756091,0.0021889911831264744,0.20472477957816185,0.20172536396294977,24.860041723756545,24.771177922728164,0.0,0.0,0.0,0.0,False,none,0.0,0.0,nominal,0.3718692319942847,0.0,70,reaction_wheel_degradation,2.4354001685708293,0.3718692319942847,gradual,0.7261174080063819,0.8751850190891066,628890386,reaction_wheel_degradation
420.0,7.0,0.11666666666666667,1,608.450488130146,369.8904379073655,-238.56005022278055,92.88578732280843,92.66283189247403,29.715431492912337,29.73578983959856,-8.028153664188972,-8.053358518510706,22.165585445773118,22.17164479643996,24.18827701591674,24.21101362184723,6.156100100466465,18.494521895368276,3497.2609476841367,3458.036331545015,3454.0259655950217,0.0017429323004629288,0.1935733075115732,0.19539632466071669,24.84087334921582,24.806896131918524,0.0,0.0,0.0,0.0,False,none,0.0,0.0,nominal,0.3718692319942847,0.0,70,reaction_wheel_degradation,2.4354001685708293,0.3718692319942847,gradual,0.7261174080063819,0.8751850190891066,628890386,reaction_wheel_degradation
480.0,8.0,0.13333333333333333,1,609.5385467561977,369.8904379073655,-239.64810884883218,93.2424065324049,93.29769354042544,29.729696261296198,29.731813255950915,-8.060900008615953,-8.057443645674226,22.18525276215152,22.18730688446646,24.211759843580143,24.16919850205041,6.198248715912373,18.494521895368276,3497.2609476841367,3477.6486396145756,3476.2445417314857,0.0012376984602625,0.18094246150656249,0.18636346994324393,24.82183963129007,24.693964599068543,0.0,0.0,0.0,0.0,False,none,0.0,0.0,nominal,0.3718692319942847,0.0,70,reaction_wheel_degradation,2.4354001685708293,0.3718692319942847,gradual,0.7261174080063819,0.8751850190891066,628890386,reaction_wheel_degradation
540.0,9.0,0.15,1,610.5801345412646,369.0211303259031,-241.55900421536148,93.60186933629682,93.44333100661409,29.74407477345187,29.76852750643041,-8.121247880635556,-8.108723474593628,22.20506249014894,22.222580847538,24.234967877864094,24.151953077819275,6.2763733710982015,18.451056516295154,3475.5282581475767,3476.588448881076,3477.455581273909,0.0007006012993672623,0.16751503248418156,0.1599294448453214,24.802917168998125,24.74336167661352,0.0,0.0,0.0,0.0,False,none,0.0,0.0,nominal,0.3718692319942847,0.0,70,reaction_wheel_degradation,2.4354001685708293,0.3718692319942847,gradual,0.7261174080063819,0.8751850190891066,628890386,reaction_wheel_degradation
600.0,10.0,0.16666666666666666,1,611.5701769743577,367.3205080756888,-244.24966889866886,93.96533610549126,94.29960779722902,29.75861344421965,29.784633624767455,-8.207696549992056,-8.246018937000564,22.22512979058318,22.356272443742352,24.25782018564875,24.22489793097976,6.38930261254012,18.36602540378444,3433.0127018922194,3454.8005753866473,3442.226667227042,0.00015772978780866564,0.15394324469521664,0.15636269710829373,24.7840842940449,24.919479083628765,0.0,0.0,0.0,0.0,False,none,0.0,0.0,nominal,0.3718692319942847,0.0,70,reaction_wheel_degradation,2.4354001685708293,0.3718692319942847,gradual,0.7261174080063819,0.8751850190891066,628890386,reaction_wheel_degradation
660.0,11.0,0.18333333333333332,1,612.503850668262,364.8628965095479,-247.64095415871407,94.33384943013219,94.36681448606504,29.77335397720529,29.756857540750783,-8.317536356445093,-8.320450261776312,22.245560721450556,22.128758765858567,24.280243913814516,24.331718069026024,6.534512883262872,18.243144825477398,3371.572412738697,3413.186494062673,3412.049027313441,-0.00036588236096057034,0.15914705902401424,0.15719515342324467,24.765371298209715,24.948693667006403,0.0,0.0,0.0,0.0,False,none,0.0,0.0,nominal,0.3718692319942847,0.0,70,reaction_wheel_degradation,2.4354001685708293,0.3718692319942847,gradual,0.7261174080063819,0.8751850190891066,628890386,reaction_wheel_degradation
720.0,12.0,0.2,1,613.376606858593,361.7557050458495,-251.62090181274357,94.70828529592498,94.8332362631667,29.788331411837,29.781707170896453,-8.446961944056957,-8.475535295806509,22.266447668077678,22.41688301034832,24.302177533008585,24.203159642193487,6.708093286747719,18.087785252292473,3293.8926261462366,3353.5395601044547,3353.313254618057,-0.0008466969717638359,0.1711674242940959,0.17510881918829752,24.746777531689744,24.690474292841486,0.0,0.0,0.0,0.0,False,none,0.0,0.0,nominal,0.3718692319942847,0.0,70,reaction_wheel_degradation,2.4354001685708293,0.3718692319942847,gradual,0.7261174080063819,0.8751850190891066,628890386,reaction_wheel_degradation
780.0,13.0,0.21666666666666667,1,614.184193564921,358.134732861516,-256.049460703405,95.08931127911457,95.12792774687412,29.803572451164584,29.774363310898067,-8.59123385704722,-8.628046147332146,22.287864795185605,22.167979177713825,24.32357358603067,24.43087266004089,6.904743934917956,17.9067366430758,3203.3683215379,3278.4539408211776,3278.8232383823342,-0.001263373233051744,0.1815843308262936,0.1800374405501188,24.72828196644546,24.675594409486123,0.0,0.0,0.0,0.0,False,none,0.0,0.0,nominal,0.3718692319942847,0.0,70,reaction_wheel_degradation,2.4354001685708293,0.3718692319942847,gradual,0.7261174080063819,0.8751850190891066,628890386,reaction_wheel_degradation
840.0,14.0,0.23333333333333334,1,614.9226763059908,354.15823381635516,-260.7644424896356,95.47735360424795,95.70080033728523,29.819094144169917,29.79172346290557,-8.744881424931515,-8.739348393484514,22.309863726717456,22.36165934369318,24.344400820724058,24.327365861638437,7.1178360908889795,17.70791169081776,3103.9558454088797,3191.2048931150284,3189.8341390807846,-0.0015975369398450977,0.18993842349612744,0.18709475057290056,24.709865507062307,24.685630954814513,0.0,0.0,0.0,0.0,False,none,0.0,0.0,nominal,0.3718692319942847,0.0,70,reaction_wheel_degradation,2.4354001685708293,0.3718692319942847,gradual,0.7261174080063819,0.8751850190891066,628890386,reaction_wheel_degradation
900.0,15.0,0.25,1,615.5884572681198,350.0,-265.5884572681198,95.8725745228017,95.82254520630889,29.83490298091207,29.86933259443044,-8.901938023329231,-8.916145278576929,22.33246974450947,22.504537360453977,24.364645614158267,24.439270962678666,7.33956004569558,17.5,3000.0,3095.602446557514,3103.6092678174573,-0.00183450180819848,0.195862545204962,0.19925868532221194,24.691511756280946,24.804535236113647,0.0,0.0,0.0,0.0,False,none,0.0,0.0,nominal,0.3718692319942847,0.0,70,reaction_wheel_degradation,2.4354001685708293,0.3718692319942847,gradual,0.7261174080063819,0.8751850190891066,628890386,reaction_wheel_degradation
960.0,16.0,0.26666666666666666,1,616.178292833385,345.84176618364484,-270.3365266497401,96.27486102079239,96.11469371208972,29.850994440831695,29.882584181754943,-9.056198351635487,-9.087274448928145,22.35567885366486,22.303277437827226,24.384312625863366,24.413051978760162,7.561178286733225,17.292088309182244,2896.0441545911203,2995.8233005743177,2992.6521303552836,-0.0019638704730496467,0.19909676182624117,0.20221643596656746,24.673207665569283,24.76010461895248,0.0,0.0,0.0,0.0,False,none,0.0,0.0,nominal,0.3718692319942847,0.0,70,reaction_wheel_degradation,2.4354001685708293,0.3718692319942847,gradual,0.7261174080063819,0.8751850190891066,628890386,reaction_wheel_degradation
1020.0,17.0,0.2833333333333333,1,616.6893093822022,341.865267138484,-274.82404224371817,96.68382536936933,96.85731945594989,29.867353014774775,29.868352389100046,-9.20148638909408,-9.171493509120682,22.379456074347853,22.391304426531633,24.403424651570308,24.367795014420057,7.7733881414946895,17.0932633569242,2796.6316784621,2896.227489518209,2893.0319815098837,-0.0019799684713490795,0.19949921178372698,0.19796957518530098,24.654944048653153,24.62537408005946,0.0,0.0,0.0,0.0,False,none,0.0,0.0,nominal,0.3718692319942847,0.0,70,reaction_wheel_degradation,2.4354001685708293,0.3718692319942847,gradual,0.7261174080063819,0.8751850190891066,628890386,reaction_wheel_degradation
1080.0,18.0,0.3,1,617.1190172933127,338.2442949541505,-278.8747223391622,97.09881751570738,96.77847602760957,29.883952700628296,29.903955163399637,-9.331922223705668,-9.33600075617968,22.403735277205577,22.381285041366095,24.42202168385316,24.361573215882032,7.966781791143339,16.912214747707527,2706.1073738537634,2801.1674316859862,2798.1261380992264,-0.001882082027516422,0.19705205068791054,0.20488064723764537,24.636715938974486,24.51526615000873,0.0,0.0,0.0,0.0,False,none,0.0,0.0,nominal,0.3718692319942847,0.0,70,reaction_wheel_degradation,2.4354001685708293,0.3718692319942847,gradual,0.7261174080063819,0.8751850190891066,628890386,reaction_wheel_degradation
1140.0,19.0,0.31666666666666665,1,617.465323072968,335.1371034904521,-282.3282195825159,97.51894879484803,97.29697127937068,29.90075795179392,29.913499320716646,-9.44217601566108,-9.47512285734826,22.428420782318536,22.521331188261513,24.44015922073138,24.43908135793509,8.132375032858029,16.756855174522606,2628.427587261303,2714.797509473645,2716.8885604487696,-0.0016744841409544729,0.19186210352386182,0.1938397558977153,24.618522775982953,24.61221905927776,0.0,0.0,0.0,0.0,False,none,0.0,0.0,nominal,0.3718692319942847,0.0,70,reaction_wheel_degradation,2.4354001685708293,0.3718692319942847,gradual,0.7261174080063819,0.8751850190891066,628890386,reaction_wheel_degradation
1200.0,20.0,0.3333333333333333,1,617.7265395542198,332.6794919243112,-285.0470476299086,97.9431259490592,97.78774948245218,29.917725037962366,29.900795627439923,-9.527697953912426,-9.531581762387576,22.453390798504888,22.494143351932106,24.45790589615796,24.663856133254587,8.262162264078963,16.633974596215563,2566.9872981077806,2640.8924037907127,2642.5072223628954,-0.0013662452815192232,0.18415613203798056,0.17794008143661713,24.60036841001693,24.669406889150824,0.0,0.0,0.0,0.0,False,none,0.0,0.0,nominal,0.3718692319942847,0.0,70,reaction_wheel_degradation,2.4354001685708293,0.3718692319942847,gradual,0.7261174080063819,0.8751850190891066,628890386,reaction_wheel_degradation
1260.0,21.0,0.35,1,617.9013941166289,330.9788696740969,-286.922524442532,98.3700939913844,98.32199569754633,29.934803759655377,29.939389710253142,-9.584914160327042,-9.619270612559998,22.47850260823675,22.52709338556771,24.475340535956107,24.45966304970742,8.349646356867026,16.548943483704846,2524.4717418524233,2582.682072821568,2585.6452411644286,-0.0009708356894861285,0.1742708922371532,0.1703662881372335,24.58226092137587,24.62594954980928,0.0,0.0,0.0,0.0,False,none,0.0,0.0,nominal,0.3718692319942847,0.0,70,reaction_wheel_degradation,2.4354001685708293,0.3718692319942847,gradual,0.7261174080063819,0.8751850190891066,628890386,reaction_wheel_degradation
1320.0,22.0,0.36666666666666664,1,617.9890348863438,330.1095620926345,-287.8794727937093,98.79848606399409,98.87967674350503,29.951939442559762,29.93281781853885,-9.611380035866768,-9.578350048656064,22.503599226239025,22.54787025105876,24.49254876787772,24.495896610120454,8.39029009550866,16.505478104631727,2502.7390523158633,2542.710562568716,2543.3909768767567,-0.0005055360229247973,0.16263840057311993,0.16752576296913324,24.564212256047483,24.57330694802725,0.0,0.0,0.0,0.0,False,none,0.0,0.0,nominal,0.3718692319942847,0.0,70,reaction_wheel_degradation,2.4354001685708293,0.3718692319942847,gradual,0.7261174080063819,0.8751850190891066,628890386,reaction_wheel_degradation
1380.0,23.0,0.38333333333333336,1,617.9890348863438,330.1095620926345,-287.8794727937093,99.22687813660377,99.51401953618172,29.96907512546415,29.99309306206196,-9.605884452173287,-9.594777476340003,22.52851710184386,22.56449750325006,24.509619333943963,24.512498947380468,8.38184128868036,16.505478104631727,2502.7390523158633,2522.7248074422896,2522.195595401632,9.318209224527915e-06,0.1502329552306132,0.15486471984658676,24.54623894625931,24.416792613168177,0.0,0.0,0.0,0.0,False,none,0.0,0.0,nominal,0.3718692319942847,0.0,70,reaction_wheel_degradation,2.4354001685708293,0.3718692319942847,gradual,0.7261174080063819,0.8751850190891066,628890386,reaction_wheel_degradation
1440.0,24.0,0.4,1,617.9013941166289,330.9788696740969,-286.922524442532,99.65384617892896,99.73361293358118,29.98615384715716,30.023130460442385,-9.568500378708412,-9.540299235860479,22.553094319098754,22.51784824672201,24.52664026623982,24.691542289547755,8.324495959787441,16.548943483704846,2524.4717418524233,2523.5982746473564,2521.3190975993452,0.0005512255660942137,0.16378063915235533,0.16968721429657943,24.528430792650212,24.54141157534654,0.0,0.0,0.0,0.0,False,none,0.0,0.0,nominal,0.3718692319942847,0.0,70,reaction_wheel_degradation,2.4354001685708293,0.3718692319942847,gradual,0.7261174080063819,0.8751850190891066,628890386,reaction_wheel_degradation
1500.0,25.0,0.4166666666666667,1,617.7265395542198,332.6794919243112,-285.0470476299086,100.0,99.9949579572569,30.0,29.976320763584354,-9.501568254330287,-9.49859055403396,22.577183699661948,22.52366251234121,24.543695093302333,24.463849871048392,8.222383943335767,16.633974596215563,2566.9872981077806,2545.2927863775685,2543.548153482255,0.0010965021756400308,0.17741255439100076,0.173434533875853,24.510807428556266,24.566262515402777,0.0,0.0,0.0,0.0,False,none,0.0,0.0,nominal,0.3718692319942847,0.0,70,reaction_wheel_degradation,2.4354001685708293,0.3718692319942847,gradual,0.7261174080063819,0.8751850190891066,628890386,reaction_wheel_degradation
1560.0,26.0,0.43333333333333335,1,617.465323072968,335.1371034904521,-282.3282195825159,100.0,100.0,30.0,29.988604696884742,-9.41094065275053,-9.448980698781007,22.600671478522536,22.511155741187814,24.56085924290496,24.525251984889803,8.085264317567404,16.756855174522606,2628.4275872613025,2586.8601868194355,2585.5262190357016,0.0016213168734028807,0.190532921835072,0.18971605048771692,24.493386174654585,24.39114698402618,0.0,0.0,0.0,0.0,False,none,0.0,0.0,nominal,0.3718692319942847,0.0,70,reaction_wheel_degradation,2.4354001685708293,0.3718692319942847,gradual,0.7261174080063819,0.8751850190891066,628890386,reaction_wheel_degradation
1620.0,27.0,0.45,1,617.1190172933127,338.2442949541505,-278.8747223391622,100.0,100.0,30.0,29.954602700055176,-9.295824077972073,-9.317319984479488,22.623444075061695,22.78920186152662,24.578196798457135,24.529306553190622,7.912987623088427,16.912214747707527,2706.107373853763,2646.483780336599,2648.128157059003,0.002102732758702936,0.20256831896757338,0.19905543970554707,24.47618121926103,24.44410543449236,0.0,0.0,0.0,0.0,False,none,0.0,0.0,nominal,0.3718692319942847,0.0,70,reaction_wheel_degradation,2.4354001685708293,0.3718692319942847,gradual,0.7261174080063819,0.8751850190891066,628890386,reaction_wheel_degradation
1680.0,28.0,0.4666666666666667,1,616.6893093822022,341.865267138484,-274.82404224371817,100.0,99.6082465865751,30.0,29.99011287428567,-9.16080140812394,-9.132441860978611,22.645415485928414,22.82995069906565,24.595757750783328,24.523746256735738,7.713622595126845,17.0932633569242,2796.6316784621,2721.5577293993497,2718.879316934274,0.0025197096572392597,0.21299274143098149,0.215443458108034,24.4592029266538,24.499184461114044,0.0,0.0,0.0,0.0,False,none,0.0,0.0,nominal,0.3718692319942847,0.0,70,reaction_wheel_degradation,2.4354001685708293,0.3718692319942847,gradual,0.7261174080063819,0.8751850190891066,628890386,reaction_wheel_degradation
1740.0,29.0,0.48333333333333334,1,616.178292833385,345.8417661836448,-270.33652664974016,100.0,99.86422152671538,30.0,30.01441363665087,-9.011217554991338,-9.013668054272758,22.666530204165745,22.637927380605294,24.613575865395426,24.580390366266496,7.496163345870727,17.29208830918224,2896.04415459112,2808.800941995234,2803.346724806643,0.0028540236826568068,0.22135059206642016,0.22869533927878338,24.442457308702856,24.369073088357244,0.0,0.0,0.0,0.0,False,none,0.0,0.0,nominal,0.3718692319942847,0.0,70,reaction_wheel_degradation,2.4354001685708293,0.3718692319942847,gradual,0.7261174080063819,0.8751850190891066,628890386,reaction_wheel_degradation
1800.0,30.0,0.5,1,615.5884572681198,350.0,-265.5884572681198,100.0,100.0,30.0,30.000028195900487,-8.852948575603993,-8.873342357190527,22.68676427586936,22.796657991187853,24.631667258472262,24.644840699687347,7.269975878583101,17.5,3000.0,2904.4004709976166,2907.663149454272,0.003091063710322311,0.22727659275805778,0.22640783679623183,24.42594568866376,24.365027998704406,0.0,0.0,0.0,0.0,False,none,0.0,0.0,nominal,0.3718692319942847,0.0,70,reaction_wheel_degradation,2.4354001685708293,0.3718692319942847,gradual,0.7261174080063819,0.8751850190891066,628890386,reaction_wheel_degradation
1860.0,31.0,0.5166666666666667,1,614.9226763059908,354.15823381635516,-260.7644424896356,100.0,99.60770514349714,30.0,29.991957107061687,-8.692148082987853,-8.616107270368992,22.706124607093237,22.717630586241285,24.65002974378612,24.54102797054236,7.044275063727152,17.70791169081776,3103.955845408879,3004.178158203248,2989.431777196786,0.0032204699548295168,0.23051174887073791,0.22373141143324105,24.409664577314476,24.373077652029565,0.0,0.0,0.0,0.0,False,none,0.0,0.0,nominal,0.3718692319942847,0.0,70,reaction_wheel_degradation,2.4354001685708293,0.3718692319942847,gradual,0.7261174080063819,0.8751850190891066,628890386,reaction_wheel_degradation
1920.0,32.0,0.5333333333333333,1,614.184193564921,358.134732861516,-256.049460703405,100.0,100.0,30.0,29.98449691513879,-8.534982023446833,-8.566396017586026,22.724646770954827,22.686992162347597,24.668642979121984,24.595681985518578,6.827673451244848,17.9067366430758,3203.3683215378996,3103.773239870574,3102.05778633428,0.0032365867429569625,0.23091466857392406,0.23680414392788962,24.39360577110314,24.374352210676513,0.0,0.0,0.0,0.0,False,none,0.0,0.0,nominal,0.3718692319942847,0.0,70,reaction_wheel_degradation,2.4354001685708293,0.3718692319942847,gradual,0.7261174080063819,0.8751850190891066,628890386,reaction_wheel_degradation
1980.0,33.0,0.55,1,613.376606858593,361.7557050458495,-251.62090181274357,100.0,99.93791182449145,30.0,30.033246452595918,-8.387363393758118,-8.358724084934241,22.74239165424882,22.907109088999356,24.687469405793593,24.490626661414495,6.627829175916296,18.087785252292473,3293.8926261462366,3198.832933008405,3202.2406855677386,0.0031387096940383224,0.22846774235095807,0.23517964392233517,24.377756670305367,24.403772346057686,0.0,0.0,0.0,0.0,False,none,0.0,0.0,nominal,0.3718692319942847,0.0,70,reaction_wheel_degradation,2.4354001685708293,0.3718692319942847,gradual,0.7261174080063819,0.8751850190891066,628890386,reaction_wheel_degradation
2040.0,34.0,0.5666666666666667,1,612.503850668262,364.8628965095479,-247.64095415871407,100.0,100.0,30.0,29.959851804463916,-8.254698471957136,-8.285613607459682,22.75944131682011,22.746929477407114,24.7064559401982,24.55031786093359,6.4512037490345175,18.243144825477398,3371.572412738697,3285.2026728735514,3288.432092430811,0.002931116504933392,0.2232779126233348,0.22652598330749912,24.36210080321205,24.342313674113342,0.0,0.0,0.0,0.0,False,none,0.0,0.0,nominal,0.3718692319942847,0.0,70,reaction_wheel_degradation,2.4354001685708293,0.3718692319942847,gradual,0.7261174080063819,0.8751850190891066,628890386,reaction_wheel_degradation
2100.0,35.0,0.5833333333333334,1,611.5701769743577,367.3205080756888,-244.24966889866886,100.0,100.0,30.0,30.007101986243182,-8.141655629955629,-8.113334025449662,22.775894417291664,22.841677329961982,24.725536343484183,24.828589440531246,6.302924511743055,18.36602540378444,3433.0127018922194,3359.1076873828856,3358.851704250429,0.002622879994226634,0.21557199985566583,0.21932110252791107,24.346618531014,24.26417909035725,0.0,0.0,0.0,0.0,False,none,0.0,0.0,nominal,0.3718692319942847,0.0,70,reaction_wheel_degradation,2.4354001685708293,0.3718692319942847,gradual,0.7261174080063819,0.8751850190891066,628890386,reaction_wheel_degradation
2160.0,36.0,0.6,1,610.5801345412646,369.0211303259031,-241.55900421536148,100.0,99.91762110621019,30.0,29.991769253344025,-8.051966807178717,-8.072771128843751,22.79186149597829,22.828064148843364,24.7446341657689,24.693235072741953,6.1867335571126265,18.451056516295154,3475.5282581475767,3417.3179727652314,3426.477702321411,0.0022274715765577893,0.20568678941394472,0.19460734222072654,24.3312878982213,24.387776039005473,0.0,0.0,0.0,0.0,False,none,0.0,0.0,nominal,0.3718692319942847,0.0,70,reaction_wheel_degradation,2.4354001685708293,0.3718692319942847,gradual,0.7261174080063819,0.8751850190891066,628890386,reaction_wheel_degradation
2220.0,37.0,0.6166666666666667,1,609.5385467561977,369.8904379073655,-239.64810884883218,100.0,100.0,30.0,29.985202726503406,-7.988270294961072,-7.936827770509484,22.807460316950515,22.75937432778532,24.763666136233486,24.773297217745416,6.104996984428596,18.494521895368276,3497.2609476841367,3457.289460224684,3451.584162104871,0.0017621724971785863,0.19405431242946464,0.1993772163003736,24.316085585916294,24.24231580658175,0.0,0.0,0.0,0.0,False,none,0.0,0.0,nominal,0.3718692319942847,0.0,70,reaction_wheel_degradation,2.4354001685708293,0.3718692319942847,gradual,0.7261174080063819,0.8751850190891066,628890386,reaction_wheel_degradation
2280.0,38.0,0.6333333333333333,1,608.450488130146,369.8904379073655,-238.56005022278055,100.0,99.87804221453159,30.0,30.006567896988816,-7.952001674092685,-7.938545429862594,22.82281137654875,22.830285855420144,24.782545850934355,24.678507084834216,6.05874644998183,18.494521895368276,3497.2609476841367,3477.2752039544102,3480.032209565929,0.0012473185586203252,0.18118296396550812,0.17741465671304357,24.300987920422497,24.39065461617636,0.0,0.0,0.0,0.0,False,none,0.0,0.0,nominal,0.3718692319942847,0.0,70,reaction_wheel_degradation,2.4354001685708293,0.3718692319942847,gradual,0.7261174080063819,0.8751850190891066,628890386,reaction_wheel_degradation
2340.0,39.0,0.65,1,607.3212595753644,369.0211303259031,-238.3001292494613,100.0,99.97481060392371,30.0,29.985054611108666,-7.94333764164871,-7.9509375242385545,22.83803360505992,22.916346122805717,24.80118759715947,24.806186878351923,6.047729031138663,18.451056516295154,3475.5282581475767,3476.401731050993,3481.8371084627615,0.0007054113485461749,0.16763528371365435,0.16686319923248552,24.285971888322834,24.212545973525877,0.0,0.0,0.0,0.0,False,none,0.0,0.0,nominal,0.3718692319942847,0.0,70,reaction_wheel_degradation,2.4354001685708293,0.3718692319942847,gradual,0.7261174080063819,0.8751850190891066,628890386,reaction_wheel_degradation
2400.0,40.0,0.6666666666666666,1,606.156362579862,367.3205080756888,-238.83585450417326,100.0,100.0,30.0,30.00247697610759,-7.961195150139108,-7.965814202586453,22.853240237621186,22.930658136503332,24.819510147189764,24.887962722538067,6.0704502574878765,18.36602540378444,3433.0127018922194,3454.7072164716064,3454.1796985680367,0.00016013481239812548,0.15400337030995312,0.14538976518840954,24.27101611011691,24.227665151398078,0.0,0.0,0.0,0.0,False,none,0.0,0.0,nominal,0.3718692319942847,0.0,70,reaction_wheel_degradation,2.4354001685708293,0.3718692319942847,gradual,0.7261174080063819,0.8751850190891066,628890386,reaction_wheel_degradation
2460.0,41.0,0.6833333333333333,1,604.961472404706,364.8628965095479,-240.0985758951581,100.0,99.791050037004,30.0,29.999927742158132,-8.003285863171936,-7.948693063599325,22.8685348187575,22.83760979980464,24.8374403556632,24.934839152070463,6.1242067686118205,18.243144825477398,3371.5724127386975,3413.1398146051515,3411.0087816282344,-0.0003646798486658404,0.15911699621664602,0.16468417820942627,24.256150960607094,24.310027307806806,0.0,0.0,0.0,0.0,False,none,0.0,0.0,nominal,0.3718692319942847,0.0,70,reaction_wheel_degradation,2.4354001685708293,0.3718692319942847,gradual,0.7261174080063819,0.8751850190891066,628890386,reaction_wheel_degradation
2520.0,42.0,0.7,1,603.7424104347197,361.7557050458495,-241.98670538887018,100.0,99.82606110790056,30.0,30.031514565597053,-8.06622351296234,-8.046603923375212,22.884007332981238,22.877977334342077,24.85491640332248,24.9429272793644,6.205116940885321,18.087785252292473,3293.8926261462366,3353.5162203756936,3351.780692909575,-0.000846095715616464,0.1711523928904116,0.16491774622556807,24.241376261455354,24.204938085690383,0.0,0.0,0.0,0.0,False,none,0.0,0.0,nominal,0.3718692319942847,0.0,70,reaction_wheel_degradation,2.4354001685708293,0.3718692319942847,gradual,0.7261174080063819,0.8751850190891066,628890386,reaction_wheel_degradation
2580.0,43.0,0.7166666666666667,1,602.5051158172811,358.134732861516,-244.37038295576508,100.0,100.0,30.0,30.01847973195516,-8.145679431858836,-8.129671762224298,22.89973051389178,22.902927162307662,24.87189054538205,24.78648778598555,6.308167472528647,17.9067366430758,3203.3683215379006,3278.442270956797,3279.179159387468,-0.0012630726049780512,0.18157681512445129,0.18747082991217454,24.226671162148925,24.2281713972208,0.0,0.0,0.0,0.0,False,none,0.0,0.0,nominal,0.3718692319942847,0.0,70,reaction_wheel_degradation,2.4354001685708293,0.3718692319942847,gradual,0.7261174080063819,0.8751850190891066,628890386,reaction_wheel_degradation
2640.0,44.0,0.7333333333333333,1,601.2556165273943,354.1582338163552,-247.09738271103907,100.0,99.98349267025866,30.0,29.980546400464625,-8.236579423701302,-8.212477381927108,22.91575646163588,23.095225054037876,24.88833124440063,24.84934441807199,6.427299248235174,17.707911690817763,3103.9558454088806,3191.1990581828386,3188.0983936308294,-0.00159738662580824,0.189934665645206,0.1867561597299714,24.212016761677877,24.27095451044063,0.0,0.0,0.0,0.0,False,none,0.0,0.0,nominal,0.3718692319942847,0.0,70,reaction_wheel_degradation,2.4354001685708293,0.3718692319942847,gradual,0.7261174080063819,0.8751850190891066,628890386,reaction_wheel_degradation
2700.0,45.0,0.75,1,600.0,350.0,-250.0,100.0,99.8526066642874,30.0,29.98503632569271,-8.333333333333334,-8.365074347824468,22.932113774717916,23.002237115239744,24.904224594445424,24.93708325119585,6.555555555555556,17.5,3000.0,3095.5995290914193,3094.640938900484,-0.0018344266511800618,0.19586066627950155,0.20349448441526047,24.197396865360076,24.1480982664132,0.0,0.0,0.0,0.0,False,none,0.0,0.0,nominal,0.3718692319942847,0.0,70,reaction_wheel_degradation,2.4354001685708293,0.3718692319942847,gradual,0.7261174080063819,0.8751850190891066,628890386,reaction_wheel_degradation
2760.0,46.0,0.7666666666666667,1,598.7443834726058,345.8417661836448,-252.90261728896104,100.0,100.0,30.0,29.962949997732125,-8.430087242965367,-8.430621533301387,22.948805457649343,22.904779750088718,24.919574974308226,25.04266802312409,6.685309673920594,17.29208830918224,2896.04415459112,2995.82184184127,2996.5078442089325,-0.001963832894540448,0.1990958223635112,0.19596253905873434,24.182798630783033,24.242054178622663,0.0,0.0,0.0,0.0,False,none,0.0,0.0,nominal,0.3718692319942847,0.0,70,reaction_wheel_degradation,2.4354001685708293,0.3718692319942847,gradual,0.7261174080063819,0.8751850190891066,628890386,reaction_wheel_degradation
2820.0,47.0,0.7833333333333333,1,597.4948841827188,341.865267138484,-255.6296170442348,100.0,99.98655212110314,30.0,30.024240066356374,-8.520987234807826,-8.522117252857855,22.96580788449165,23.001041165193197,24.93440490122761,25.052585995477965,6.808577876460634,17.0932633569242,2796.6316784621,2896.226760151685,2899.9437989154662,-0.001979949682094466,0.19949874205236165,0.19117835665229296,24.16821307888662,24.169957432068028,0.0,0.0,0.0,0.0,False,none,0.0,0.0,nominal,0.3718692319942847,0.0,70,reaction_wheel_degradation,2.4354001685708293,0.3718692319942847,gradual,0.7261174080063819,0.8751850190891066,628890386,reaction_wheel_degradation
2880.0,48.0,0.8,1,596.2575895652803,338.2442949541505,-258.0132946111298,100.0,100.0,30.0,29.9694884455601,-8.600443153704328,-8.625800288433283,22.983071069835393,22.7932505303423,24.9487540915132,24.99784255895208,6.917409795207972,16.912214747707527,2706.1073738537634,2801.1670670027247,2803.1970634149798,-0.0018820726328891155,0.1970518158222279,0.19302680253897048,24.153635450138335,24.198591943594774,0.0,0.0,0.0,0.0,False,none,0.0,0.0,nominal,0.3718692319942847,0.0,70,reaction_wheel_degradation,2.4354001685708293,0.3718692319942847,gradual,0.7261174080063819,0.8751850190891066,628890386,reaction_wheel_degradation
2940.0,49.0,0.8166666666666667,1,595.038527595294,335.13710349045215,-259.90142410484185,100.0,99.73326464528574,30.0,29.98403468965177,-8.663380803494729,-8.638751898997135,23.000520421268742,23.128759730625628,24.962677769130142,25.00253530410331,7.004333355708877,16.75685517452261,2628.4275872613034,2714.797327132014,2713.066704407572,-0.0016744794436408194,0.19186198609102048,0.2040224332993322,24.139065390160642,24.146071821709555,0.0,0.0,0.0,0.0,False,none,0.0,0.0,nominal,0.3718692319942847,0.0,70,reaction_wheel_degradation,2.4354001685708293,0.3718692319942847,gradual,0.7261174080063819,0.8751850190891066,628890386,reaction_wheel_degradation
3000.0,50.0,0.8333333333333334,1,593.843637420138,332.6794919243112,-261.16414549582674,100.0,99.71420497951792,30.0,30.02757640072032,-8.705471516527558,-8.679536169129717,23.01806002789448,23.01685871442233,24.976244296169533,24.974744918263212,7.06281874600581,16.633974596215563,2566.9872981077806,2640.8923126198974,2640.064329577672,-0.0013662429328623966,0.18415607332155992,0.1856585148881251,24.124506954273727,24.107790472913806,0.0,0.0,0.0,0.0,False,none,0.0,0.0,nominal,0.3718692319942847,0.0,70,reaction_wheel_degradation,2.4354001685708293,0.3718692319942847,gradual,0.7261174080063819,0.8751850190891066,628890386,reaction_wheel_degradation
3060.0,51.0,0.85,1,592.6787404246356,330.9788696740969,-261.6998707505387,100.0,100.0,30.0,30.0362804339612,-8.723329025017957,-8.711935163119836,23.035577392868106,23.014952852716128,24.989532228767587,25.05132189358453,7.08771754229766,16.548943483704846,2524.4717418524233,2582.6820272361606,2579.497248509543,-0.0009708345151577116,0.17427086287894278,0.17622466216105828,24.109968426400112,24.11137894697203,0.0,0.0,0.0,0.0,False,none,0.0,0.0,nominal,0.3718692319942847,0.0,70,reaction_wheel_degradation,2.4354001685708293,0.3718692319942847,gradual,0.7261174080063819,0.8751850190891066,628890386,reaction_wheel_degradation
3120.0,52.0,0.8666666666666667,1,591.549511869854,330.1095620926345,-261.43994977721945,100.0,99.95634338636988,30.0,30.02600296967938,-8.714664992573981,-8.695546159437434,23.05294936475964,23.01271199454214,25.00262692714671,24.93404977181303,7.075630874623557,16.505478104631727,2502.7390523158633,2542.710539776012,2535.8838891415867,-0.0005055354357605888,0.16263838589401472,0.16575085775763987,24.09546195471232,24.2554059051505,0.0,0.0,0.0,0.0,False,none,0.0,0.0,nominal,0.3718692319942847,0.0,70,reaction_wheel_degradation,2.4354001685708293,0.3718692319942847,gradual,0.7261174080063819,0.8751850190891066,628890386,reaction_wheel_degradation
3180.0,53.0,0.8833333333333333,1,590.4614532438023,330.1095620926345,-260.3518911511678,100.0,100.0,30.0,30.02305964127548,-8.678396371705594,-8.66468790321485,23.070048885526933,23.014617204285447,25.0156168679388,25.2211532054259,7.025165086754626,16.505478104631727,2502.7390523158633,2522.724796045938,2526.5112220537703,9.318502806628603e-06,0.15023296257016572,0.14509409640179158,24.081004272189787,24.111799042365163,0.0,0.0,0.0,0.0,False,none,0.0,0.0,nominal,0.3718692319942847,0.0,70,reaction_wheel_degradation,2.4354001685708293,0.3718692319942847,gradual,0.7261174080063819,0.8751850190891066,628890386,reaction_wheel_degradation
3240.0,54.0,0.9,1,589.4198654587356,330.9788696740969,-258.44099578463863,100.0,99.98300492718025,30.0,29.939665855814344,-8.614699859487954,-8.662795277733302,23.086752073192187,23.189165433848842,25.0285898199627,25.14553367219394,6.937044293524942,16.548943483704846,2524.471741852423,2523.5982689491807,2520.225768416729,0.0005512257128852536,0.16378064282213134,0.17010730003684302,24.06668537863993,24.069958687940108,0.0,0.0,0.0,0.0,False,none,0.0,0.0,nominal,0.3718692319942847,0.0,70,reaction_wheel_degradation,2.4354001685708293,0.3718692319942847,gradual,0.7261174080063819,0.8751850190891066,628890386,reaction_wheel_degradation
3300.0,55.0,0.9166666666666666,1,588.4298230256423,332.67949192431126,-255.75033110133108,100.0,99.95043465924822,30.0,29.994559957012573,-8.525011036711037,-8.532255044824959,23.102945110933312,23.117809374742244,25.04162905059543,25.07620881058312,6.814065054083598,16.633974596215563,2566.987298107781,2545.292783528481,2542.6985098654304,0.0010965022490355618,0.17741255622588903,0.17719046228849328,24.05252510515335,24.202113066171727,0.0,0.0,0.0,0.0,False,none,0.0,0.0,nominal,0.3718692319942847,0.0,70,reaction_wheel_degradation,2.4354001685708293,0.3718692319942847,gradual,0.7261174080063819,0.8751850190891066,628890386,reaction_wheel_degradation
3360.0,56.0,0.9333333333333333,0,0.0,335.1371034904521,335.1371034904521,99.50128407218682,99.36627183774115,29.980051362887473,30.018181980227833,11.178670090783127,11.193335973408345,23.114984150934,23.084734608606695,25.03880972853971,25.052613065123424,10.99701319988554,16.756855174522606,2628.427587261303,2586.860185394892,2584.4171070225057,0.001621316910100646,0.19053292275251615,0.18755539867843468,24.03854096867853,24.075558614226654,0.0,0.0,0.0,0.0,False,none,0.0,0.0,nominal,0.3718692319942847,0.0,70,reaction_wheel_degradation,2.4354001685708293,0.3718692319942847,gradual,0.7261174080063819,0.8751850190891066,628890386,reaction_wheel_degradation
3420.0,57.0,0.95,0,0.0,338.2442949541505,338.2442949541505,98.99794434755268,99.09830613096516,29.959917773902106,29.982074004851434,11.289893967893095,11.307009274270929,23.127617367576732,23.07033970641328,25.03632368020681,24.97635014156719,11.19693646450151,16.912214747707527,2706.1073738537634,2646.4837796243282,2646.0857704948958,0.0021027327770518148,0.20256831942629536,0.20182856258996468,24.024747352330543,24.03487095062531,0.0,0.0,0.0,0.0,False,none,0.0,0.0,nominal,0.3718692319942847,0.0,70,reaction_wheel_degradation,2.4354001685708293,0.3718692319942847,gradual,0.7261174080063819,0.8751850190891066,628890386,reaction_wheel_degradation
3480.0,58.0,0.9666666666666667,0,0.0,341.865267138484,341.865267138484,98.48921627145373,98.76964558130292,29.93956865085815,29.91914334165584,11.41851010364123,11.418382349777918,23.140953629501126,23.097377595519,25.034219617479003,25.020957512065177,11.430589838956548,17.0932633569242,2796.6316784620994,2721.5577290432134,2724.1749739228135,0.0025197096664136814,0.21299274166034204,0.2149351064546793,24.011154813725696,24.00731341294447,0.0,0.0,0.0,0.0,False,none,0.0,0.0,nominal,0.3718692319942847,0.0,70,reaction_wheel_degradation,2.4354001685708293,0.3718692319942847,gradual,0.7261174080063819,0.8751850190891066,628890386,reaction_wheel_degradation
3540.0,59.0,0.9833333333333333,0,0.0,345.84176618364484,345.84176618364484,97.9745707860614,97.92687463508382,29.918982831442456,29.917268958050087,11.55927553192727,11.572389456028036,23.15507240127692,23.065912927768856,25.032530037157535,24.96817333554285,11.689348065840997,17.292088309182244,2896.0441545911203,2808.8009418171673,2808.8968879344575,0.002854023687244039,0.22135059218110098,0.21196042371269366,23.997769556621925,23.917407435788256,0.0,0.0,0.0,0.0,False,none,0.0,0.0,nominal,0.3718692319942847,0.0,70,reaction_wheel_degradation,2.4354001685708293,0.3718692319942847,gradual,0.7261174080063819,0.8751850190891066,628890386,reaction_wheel_degradation
3600.0,60.0,1.0,0,0.0,350.0,350.0,97.45373745272806,97.6620440885373,29.898149498109124,29.883118249849016,11.706410124885334,11.662409319059426,23.170019310339132,23.036829905779438,25.031269796860276,24.935616757926482,11.96320304096143,17.5,2999.9999999999995,2904.4004709085834,2907.988340901616,0.0030910637126159027,0.22727659281539755,0.23175250650959714,23.984593094723543,23.94631557582197,0.0,0.0,0.0,0.0,False,none,0.0,0.0,nominal,0.3718692319942847,0.0,70,reaction_wheel_degradation,2.4354001685708293,0.3718692319942847,gradual,0.7261174080063819,0.8751850190891066,628890386,reaction_wheel_degradation
3660.0,61.0,1.0166666666666666,0,0.0,354.15823381635516,354.15823381635516,96.92671627145373,96.88619044264719,29.87706865085815,29.846626638977835,11.853848111909159,11.870969850325947,23.185802851826487,23.17596696307615,25.03043546186703,24.993251725884523,12.241097204816986,17.70791169081776,3103.955845408879,3004.1781581587315,3005.761863306214,0.003220469955976316,0.2305117488994079,0.2319572367931411,23.971622127828866,24.00921546590736,0.0,0.0,0.0,0.0,False,none,0.0,0.0,nominal,0.3718692319942847,0.0,70,reaction_wheel_degradation,2.4354001685708293,0.3718692319942847,gradual,0.7261174080063819,0.8751850190891066,628890386,reaction_wheel_degradation
3720.0,62.0,1.0333333333333334,0,0.0,358.134732861516,358.134732861516,96.39377768088599,96.43919233146512,29.85575110723544,29.85204607057194,11.9955023598359,11.966578260794149,23.20239258854615,22.90181598759563,25.030005451458244,25.04885342725548,12.511366149186292,17.9067366430758,3203.368321537899,3103.7732398483154,3104.7733738175457,0.0032365867435303623,0.23091466858825904,0.22770702617620936,23.958848639988698,23.978509092458797,0.0,0.0,0.0,0.0,False,none,0.0,0.0,nominal,0.3718692319942847,0.0,70,reaction_wheel_degradation,2.4354001685708293,0.3718692319942847,gradual,0.7261174080063819,0.8751850190891066,628890386,reaction_wheel_degradation
3780.0,63.0,1.05,0,0.0,361.7557050458495,361.7557050458495,95.85545073885348,95.60275324416754,29.83421802955414,29.8673579373154,12.125529976602365,12.101937715001615,23.2197191602718,23.24320113058746,25.029940978351163,25.089668620636996,12.762278177078606,18.087785252292473,3293.8926261462366,3198.8329329972757,3203.1852173418392,0.0031387096943250254,0.22846774235812561,0.23299440169603097,23.946260217674297,23.872586403722124,0.0,0.0,0.0,0.0,False,none,0.0,0.0,nominal,0.3718692319942847,0.0,70,reaction_wheel_degradation,2.4354001685708293,0.3718692319942847,gradual,0.7261174080063819,0.8751850190891066,628890386,reaction_wheel_degradation
3840.0,64.0,1.0666666666666667,0,0.0,364.86289650954785,364.86289650954785,95.31249999999997,95.24103873342455,29.8125,29.793951649290044,12.238587723590703,12.217025145543813,23.237676319834975,23.110254146577237,25.030187740175307,25.01132412285782,12.982642357442005,18.243144825477394,3371.5724127386966,3285.202672867986,3278.9258386658166,0.0029311165050767297,0.22327791262691823,0.21969270029280455,23.933840573975722,24.074795347077547,0.0,0.0,0.0,0.0,False,none,0.0,0.0,nominal,0.3718692319942847,0.0,70,reaction_wheel_degradation,2.4354001685708293,0.3718692319942847,gradual,0.7261174080063819,0.8751850190891066,628890386,reaction_wheel_degradation
3900.0,65.0,1.0833333333333333,0,0.0,367.3205080756888,367.3205080756888,94.76589210107781,94.78659341219645,29.790635684043114,29.735335039137144,12.330066131231911,12.309340612511546,23.256125070129446,23.367993727837003,25.030678289061473,24.890124216072987,13.162442464044181,18.36602540378444,3433.0127018922194,3359.107687380103,3350.1752283750875,0.0026228799942983206,0.215571999857458,0.21569707496287366,23.92157025349694,23.957887000603804,0.0,0.0,0.0,0.0,False,none,0.0,0.0,nominal,0.3718692319942847,0.0,70,reaction_wheel_degradation,2.4354001685708293,0.3718692319942847,gradual,0.7261174080063819,0.8751850190891066,628890386,reaction_wheel_degradation
3960.0,66.0,1.1,0,0.0,369.0211303259031,369.0211303259031,94.21675351428333,94.34914617282686,29.768670140571334,29.72240272726769,12.396292094451642,12.370978115736222,23.27489980175959,23.16348384098649,25.031334975781572,25.089411165090503,13.293444615277142,18.451056516295154,3475.5282581475767,3417.31797276384,3411.4313351548417,0.0022274715765936287,0.2056867894148407,0.20628732503762354,23.909427482785624,24.016539933346337,0.0,0.0,0.0,0.0,False,none,0.0,0.0,nominal,0.3718692319942847,0.0,70,reaction_wheel_degradation,2.4354001685708293,0.3718692319942847,gradual,0.7261174080063819,0.8751850190891066,628890386,reaction_wheel_degradation
4020.0,67.0,1.1166666666666667,0,0.0,369.8904379073655,369.8904379073655,93.6663213150164,93.70265316897256,29.746652852600654,29.749008136808875,12.434691047097997,12.417604801411136,23.293816147332176,23.336080010110756,25.032073339766058,25.263496698812453,13.369723314942329,18.494521895368276,3497.2609476841367,3457.2894602239876,3455.219139321993,0.001762172497196506,0.19405431242991264,0.19494953140746915,23.897389123596383,23.916518581532795,0.0,0.0,0.0,0.0,False,none,0.0,0.0,nominal,0.3718692319942847,0.0,70,reaction_wheel_degradation,2.4354001685708293,0.3718692319942847,gradual,0.7261174080063819,0.8751850190891066,628890386,reaction_wheel_degradation
4080.0,68.0,1.1333333333333333,0,0.0,369.8904379073655,369.8904379073655,93.11588911574948,92.92975089407436,29.724635564629978,29.688878865521797,12.443901527509611,12.449047514002865,23.312680099841877,23.44628130841347,25.032805796838666,24.93999959381906,13.388054818108483,18.494521895368276,3497.2609476841367,3477.2752039540624,3486.7933964102967,0.0012473185586292885,0.18118296396573222,0.18929696320191083,23.885431681569983,23.862226804070534,0.0,0.0,0.0,0.0,False,none,0.0,0.0,nominal,0.3718692319942847,0.0,70,reaction_wheel_degradation,2.4354001685708293,0.3718692319942847,gradual,0.7261174080063819,0.8751850190891066,628890386,reaction_wheel_degradation
4140.0,69.0,1.15,0,0.0,369.0211303259031,369.0211303259031,92.56675052895498,92.81831654430167,29.702670021158198,29.681137147728712,12.42383698378082,12.422611797141922,23.33129781268271,23.363604295672943,25.033445463496548,24.84520746508035,13.348138031964808,18.451056516295154,3475.5282581475767,3476.4017310508193,3480.9325173278694,0.0007054113485506565,0.1676352837137664,0.16662616250326004,23.873532321261713,23.864857312647967,0.0,0.0,0.0,0.0,False,none,0.0,0.0,nominal,0.3718692319942847,0.0,70,reaction_wheel_degradation,2.4354001685708293,0.3718692319942847,gradual,0.7261174080063819,0.8751850190891066,628890386,reaction_wheel_degradation
4200.0,70.0,1.1666666666666667,0,0.0,367.3205080756888,367.3205080756888,92.02014263003282,92.16416152746297,29.680805705201312,29.694640337338946,12.375691944619918,12.387174460465433,23.349485426102113,23.276032533975695,25.033909950596144,25.054206816441678,13.252620088650426,18.36602540378444,3433.0127018922194,3454.7072164715196,3449.059709936101,0.00016013481240036284,0.15400337031000907,0.14864164645580014,23.861669839808748,23.88517829356557,0.0,0.0,0.0,0.0,False,none,0.0,0.0,nominal,0.3718692319942847,0.0,70,reaction_wheel_degradation,2.4354001685708293,0.3718692319942847,gradual,0.7261174080063819,0.8751850190891066,628890386,reaction_wheel_degradation
4260.0,71.0,1.1833333333333333,0,0.0,364.8628965095479,364.8628965095479,91.47719189117932,91.48168236127773,29.65908767564717,29.665534585688718,12.301892104696591,12.330065866531445,23.367078260040326,23.393086562952668,25.03412496064233,25.02438609080653,13.106923948447706,18.243144825477398,3371.5724127386975,3413.1398146051083,3412.4104160075285,-0.00036467984866472153,0.15911699621661804,0.16417560360908562,23.84987478732624,23.81594768921804,0.0,0.0,0.0,0.0,False,none,0.0,0.0,nominal,0.3718692319942847,0.0,70,reaction_wheel_degradation,2.4354001685708293,0.3718692319942847,gradual,0.7261174080063819,0.8751850190891066,628890386,reaction_wheel_degradation
4320.0,72.0,1.2,0,0.0,361.7557050458495,361.7557050458495,90.9388649491468,90.80593837937165,29.637554597965874,29.646106658675972,12.205990337363327,12.176402122699828,23.383938777177633,23.577450053891475,25.034027531461778,24.91962223402198,12.918896009264552,18.087785252292473,3293.8926261462366,3353.516220375672,3357.968455577306,-0.0008460957156159048,0.1711523928903976,0.1702963558287881,23.838147159474104,23.809066692869557,0.0,0.0,0.0,0.0,False,none,0.0,0.0,nominal,0.3718692319942847,0.0,70,reaction_wheel_degradation,2.4354001685708293,0.3718692319942847,gradual,0.7261174080063819,0.8751850190891066,628890386,reaction_wheel_degradation
4380.0,73.0,1.2166666666666666,0,0.0,358.134732861516,358.134732861516,90.40592635857907,90.29643437545087,29.616237054343163,29.543082094398358,12.092513042908543,12.07295195399507,23.39996284363268,23.372828739107803,25.033568784496236,25.089250084961417,12.698309735433059,17.9067366430758,3203.3683215379006,3278.4422709567866,3279.5295213395407,-0.001263072604977771,0.18157681512444426,0.17937083848888224,23.826466278432534,23.833751838899076,0.0,0.0,0.0,0.0,False,none,0.0,0.0,nominal,0.3718692319942847,0.0,70,reaction_wheel_degradation,2.4354001685708293,0.3718692319942847,gradual,0.7261174080063819,0.8751850190891066,628890386,reaction_wheel_degradation
4440.0,74.0,1.2333333333333334,0,0.0,354.15823381635516,354.15823381635516,89.87890517730473,89.95876471187434,29.595156207092188,29.63370045107666,11.966763457443236,11.982564928605624,23.41508398060992,23.294369796439447,25.032716057601903,25.01511683568549,12.456274211711902,17.70791169081776,3103.9558454088797,3191.199058182833,3190.9491809733786,-0.0015973866258081216,0.18993466564520303,0.1847813422290009,23.81481341458936,23.6867270682697,0.0,0.0,0.0,0.0,False,none,0.0,0.0,nominal,0.3718692319942847,0.0,70,reaction_wheel_degradation,2.4354001685708293,0.3718692319942847,gradual,0.7261174080063819,0.8751850190891066,628890386,reaction_wheel_degradation
4500.0,75.0,1.25,0,0.0,350.0,350.0,89.3580718439714,89.22777420216048,29.574322873758856,29.566175282957456,11.834590482223794,11.84139179715884,23.429275485228114,23.542504156813564,25.031454329141088,25.10323616046988,12.20460255055536,17.5,3000.0000000000005,3095.599529091417,3090.254223078745,-0.0018344266511799855,0.19586066627949963,0.19572338056387872,23.80317254337472,23.705925693314953,0.0,0.0,0.0,0.0,False,none,0.0,0.0,nominal,0.3718692319942847,0.0,70,reaction_wheel_degradation,2.4354001685708293,0.3718692319942847,gradual,0.7261174080063819,0.8751850190891066,628890386,reaction_wheel_degradation
4560.0,76.0,1.2666666666666666,0,0.0,345.8417661836448,345.8417661836448,88.84342635857907,89.02683746558871,29.553737054343163,29.523296135996084,11.702133153168205,11.707184315864609,23.442550477739275,23.38754683817196,25.029786871126323,25.122790967699046,11.955193626758275,17.29208830918224,2896.04415459112,2995.8218418412685,3001.048097933206,-0.0019638328945404205,0.1990958223635105,0.20359238043289088,23.791530991212568,23.713067766287704,0.0,0.0,0.0,0.0,False,none,0.0,0.0,nominal,0.3718692319942847,0.0,70,reaction_wheel_degradation,2.4354001685708293,0.3718692319942847,gradual,0.7261174080063819,0.8751850190891066,628890386,reaction_wheel_degradation
4620.0,77.0,1.2833333333333334,0,0.0,341.865267138484,341.865267138484,88.33469828248013,88.28244087837092,29.533387931299206,29.57486595191992,11.575551979804471,11.594765904651322,23.454960082509412,23.50605477149528,25.027735102871162,25.233686634490756,11.719472290972417,17.0932633569242,2796.631678462101,2896.226760151685,2899.1273000227434,-0.001979949682094438,0.19949874205236096,0.19869043086052052,23.779879946612933,23.838099545977176,0.0,0.0,0.0,0.0,False,none,0.0,0.0,nominal,0.3718692319942847,0.0,70,reaction_wheel_degradation,2.4354001685708293,0.3718692319942847,gradual,0.7261174080063819,0.8751850190891066,628890386,reaction_wheel_degradation
4680.0,78.0,1.3,0,0.0,338.2442949541506,338.2442949541506,87.83135855784599,87.54413470698317,29.51325434231384,29.515964204140904,11.46075898750352,11.49026087714745,23.466590054432928,23.33800818988767,25.02533765154361,24.803400995594224,11.507919725571414,16.91221474770753,2706.107373853764,2801.1670670027247,2799.892840819402,-0.0018820726328891081,0.1970518158222277,0.19382870182534068,23.768214816356704,23.726435395278685,0.0,0.0,0.0,0.0,False,none,0.0,0.0,nominal,0.3718692319942847,0.0,70,reaction_wheel_degradation,2.4354001685708293,0.3718692319942847,gradual,0.7261174080063819,0.8751850190891066,628890386,reaction_wheel_degradation
4740.0,79.0,1.3166666666666667,0,0.0,335.1371034904521,335.1371034904521,87.33264263003281,87.01808102723915,29.493305705201312,29.49370850747623,11.363158366861153,11.33548821242026,23.477556212258428,23.598870257130002,25.022648660680304,25.041944935993172,11.32970944562933,16.756855174522606,2628.4275872613025,2714.7973271320134,2712.319028048141,-0.0016744794436408268,0.19186198609102068,0.1957478246882733,23.756535411132372,23.63078900873518,0.0,0.0,0.0,0.0,False,none,0.0,0.0,nominal,0.3718692319942847,0.0,70,reaction_wheel_degradation,2.4354001685708293,0.3718692319942847,gradual,0.7261174080063819,0.8751850190891066,628890386,reaction_wheel_degradation
4800.0,80.0,1.3333333333333333,0,0.0,332.67949192431126,332.67949192431126,86.8375838622883,86.85269788033175,29.473503354491534,29.47630402050395,11.287409166227043,11.207759291373325,23.487999036501098,23.633597449508375,25.019735420587292,24.905091205350093,11.192448454866103,16.633974596215563,2566.987298107781,2640.8923126198974,2643.398815766357,-0.0013662429328623821,0.18415607332155953,0.18414083972733614,23.74484595008817,23.7483637532736,0.0,0.0,0.0,0.0,False,none,0.0,0.0,nominal,0.3718692319942847,0.0,70,reaction_wheel_degradation,2.4354001685708293,0.3718692319942847,gradual,0.7261174080063819,0.8751850190891066,628890386,reaction_wheel_degradation
4860.0,81.0,1.35,0,0.0,330.9788696740969,330.9788696740969,86.34505578241614,86.39816916681563,29.453802231296645,29.474420429876684,11.237220480906524,11.252156671472017,23.498077742051827,23.50958137975972,25.01667542419,25.139982279628537,11.102009930920405,16.548943483704846,2524.4717418524233,2582.6820272361606,2581.779379034909,-0.0009708345151577116,0.17427086287894278,0.17779660602870528,23.733154879745946,23.584912845368372,0.0,0.0,0.0,0.0,False,none,0.0,0.0,nominal,0.3718692319942847,0.0,70,reaction_wheel_degradation,2.4354001685708293,0.3718692319942847,gradual,0.7261174080063819,0.8751850190891066,628890386,reaction_wheel_degradation
4920.0,82.0,1.3666666666666667,0,0.0,330.1095620926345,330.1095620926345,85.85382131501638,86.04470075519588,29.434152852600654,29.426678731310044,11.215188143709993,11.168350086536522,23.5079640609592,23.561286773296164,25.013552977005745,25.014293502506867,11.062435607905055,16.505478104631727,2502.7390523158633,2542.710539776012,2538.6992543777296,-0.0005055354357605888,0.16263838589401472,0.16743436845570822,23.721474509658062,23.786944402908407,0.0,0.0,0.0,0.0,False,none,0.0,0.0,nominal,0.3718692319942847,0.0,70,reaction_wheel_degradation,2.4354001685708293,0.3718692319942847,gradual,0.7261174080063819,0.8751850190891066,628890386,reaction_wheel_degradation
4980.0,83.0,1.3833333333333333,0,0.0,330.1095620926345,330.1095620926345,85.36258684761663,85.47290900088248,29.414503473904666,29.404314846684176,11.222680076360769,11.253050771309173,23.517835889419135,23.712076039853695,25.010455509398962,25.0490566287313,11.075883847707596,16.505478104631727,2502.7390523158633,2522.724796045938,2526.2193126772736,9.318502806628603e-06,0.15023296257016572,0.15347143854851286,23.709821732973435,23.672427988432915,0.0,0.0,0.0,0.0,False,none,0.0,0.0,nominal,0.3718692319942847,0.0,70,reaction_wheel_degradation,2.4354001685708293,0.3718692319942847,gradual,0.7261174080063819,0.8751850190891066,628890386,reaction_wheel_degradation
5040.0,84.0,1.4,0,0.0,330.9788696740969,330.9788696740969,84.87005876774447,84.79402494756805,29.394802350709778,29.34798614557806,11.259775307388825,11.276551228038143,23.527870884742057,23.5147913127121,25.00746975229118,25.12892661344961,11.142603197830649,16.548943483704846,2524.4717418524233,2523.5982689491807,2529.4872981646495,0.0005512257128852607,0.1637806428221315,0.15838533866549523,23.698286708467702,23.818724049730474,0.0,0.0,0.0,0.0,False,none,0.0,0.0,nominal,0.3718692319942847,0.0,70,reaction_wheel_degradation,2.4354001685708293,0.3718692319942847,gradual,0.7261174080063819,0.8751850190891066,628890386,reaction_wheel_degradation
5100.0,85.0,1.4166666666666667,0,0.0,332.6794919243112,332.6794919243112,84.37499999999994,84.56623735944957,29.374999999999996,29.36449481254058,11.325259299551021,11.302958896727832,23.538240058954155,23.43234548419913,25.004677943465282,24.94479070970284,11.260919856165351,16.633974596215563,2566.9872981077806,2545.292783528481,2551.010854884357,0.0010965022490355544,0.17741255622588886,0.17865362796527534,23.686889425007415,23.795690828093328,0.0,0.0,0.0,0.0,False,none,0.0,0.0,nominal,0.3718692319942847,0.0,70,reaction_wheel_degradation,2.4354001685708293,0.3718692319942847,gradual,0.7261174080063819,0.8751850190891066,628890386,reaction_wheel_degradation
5160.0,86.0,1.4333333333333333,0,0.0,335.1371034904521,335.1371034904521,83.87628407218678,83.6828380435561,29.355051362887473,29.37012381259711,11.416675765526126,11.427847903995174,23.549101414743138,23.570844613891342,25.002154230266605,25.0192409385142,11.427238842812123,16.756855174522606,2628.4275872613025,2586.860185394892,2588.328804281858,0.0016213169101006388,0.19053292275251596,0.19256776689005997,23.67564755613369,23.658250469600315,0.0,0.0,0.0,0.0,False,none,0.0,0.0,nominal,0.3718692319942847,0.0,70,reaction_wheel_degradation,2.4354001685708293,0.3718692319942847,gradual,0.7261174080063819,0.8751850190891066,628890386,reaction_wheel_degradation
5220.0,87.0,1.45,0,0.0,338.2442949541505,338.2442949541505,83.37294434755262,83.13493205019658,29.334917773902106,29.399497642066514,11.530432693255085,11.495281310611388,23.56059370707966,23.610788165450707,24.99996142591989,25.04522650605206,11.636070247494857,16.912214747707527,2706.107373853763,2646.483779624328,2650.2714803179997,0.002102732777051808,0.2025683194262952,0.2023372081143411,23.66457564037979,23.73413240164418,0.0,0.0,0.0,0.0,False,none,0.0,0.0,nominal,0.3718692319942847,0.0,70,reaction_wheel_degradation,2.4354001685708293,0.3718692319942847,gradual,0.7261174080063819,0.8751850190891066,628890386,reaction_wheel_degradation
5280.0,88.0,1.4666666666666666,0,0.0,341.86526713848394,341.86526713848394,82.86421627145369,82.69083510516549,29.31456865085815,29.31416610806259,11.66195795715644,11.657312780586384,23.57283048174238,23.657531544029013,24.998148261226376,25.111336017581856,11.880101071558753,17.093263356924197,2796.6316784620985,2721.557729043213,2725.0524468144704,0.0025197096664136814,0.21299274166034204,0.21029735347432404,23.653684389614575,23.649623145946954,0.0,0.0,0.0,0.0,False,none,0.0,0.0,nominal,0.3718692319942847,0.0,70,reaction_wheel_degradation,2.4354001685708293,0.3718692319942847,gradual,0.7261174080063819,0.8751850190891066,628890386,reaction_wheel_degradation
5340.0,89.0,1.4833333333333334,0,0.0,345.8417661836448,345.8417661836448,82.34957078606136,82.22096336611806,29.293982831442456,29.296405806806334,11.80589775632825,11.862046718952547,23.585894624674026,23.529123613159822,24.99674725175493,25.019224296603433,12.150337746630113,17.29208830918224,2896.0441545911194,2808.800941817166,2813.1836898010106,0.002854023687244032,0.22135059218110079,0.22667490857400271,23.64298016069164,23.586777794612427,0.0,0.0,0.0,0.0,False,none,0.0,0.0,nominal,0.3718692319942847,0.0,70,reaction_wheel_degradation,2.4354001685708293,0.3718692319942847,gradual,0.7261174080063819,0.8751850190891066,628890386,reaction_wheel_degradation
5400.0,90.0,1.5,1,600.0,350.0,-250.0,82.72159459558517,82.86285120315932,29.308863783823405,29.36115627282105,-8.529842775344427,-8.543560919674377,23.599114781665207,23.70930898722102,25.01177327374089,25.183413637955763,6.820657421767642,17.5,2999.9999999999995,2904.400470908583,2903.179349684529,0.003091063712615916,0.22727659281539792,0.2232948404749654,23.632464619262734,23.5628838650874,0.0,0.0,0.0,0.0,False,none,0.0,0.0,nominal,0.3718692319942847,0.0,70,reaction_wheel_degradation,2.4354001685708293,0.3718692319942847,gradual,0.7261174080063819,0.8751850190891066,628890386,reaction_wheel_degradation
5460.0,91.0,1.5166666666666666,1,601.2556165273943,354.1582338163552,-247.09738271103907,83.08929903414327,83.1546612101755,29.32357196136573,29.280456576725545,-8.426578557230128,-8.425893715224642,23.611788686623527,23.586556499262862,25.027094910932597,25.1225715784481,6.680578094493646,17.707911690817763,3103.9558454088797,3004.1781581587315,3007.2591597087157,0.0032204699559763308,0.23051174889940826,0.23375523619510297,23.622134615934012,23.552832203823762,0.0,0.0,0.0,0.0,False,none,0.0,0.0,nominal,0.3718692319942847,0.0,70,reaction_wheel_degradation,2.4354001685708293,0.3718692319942847,gradual,0.7261174080063819,0.8751850190891066,628890386,reaction_wheel_degradation
5520.0,92.0,1.5333333333333334,1,602.5051158172811,358.13473286151606,-244.37038295576502,83.45294543735125,83.13327177623285,29.33811781749405,29.269591995794375,-8.32944991481523,-8.287739555991168,23.623952550739364,23.63960206757169,25.042691624931287,25.03696232844384,6.550378870673236,17.906736643075803,3203.368321537901,3103.7732398483167,3101.8308970031253,0.0032365867435303836,0.2309146685882596,0.2355941826366555,23.611982284433054,23.61057214893917,0.0,0.0,0.0,0.0,False,none,0.0,0.0,nominal,0.3718692319942847,0.0,70,reaction_wheel_degradation,2.4354001685708293,0.3718692319942847,gradual,0.7261174080063819,0.8751850190891066,628890386,reaction_wheel_degradation
5580.0,93.0,1.55,1,603.7424104347197,361.7557050458494,-241.98670538887023,83.81304470132278,83.87096401632691,29.35252178805291,29.358307070967793,-8.244153846003238,-8.238566272602402,23.63566645480468,23.571251351613803,25.05852566243642,24.861518630167513,6.437285810925598,18.087785252292473,3293.892626146236,3198.8329329972757,3200.6264018678676,0.0031387096943250046,0.22846774235812511,0.22328118137945555,23.60199535978532,23.531815951293982,0.0,0.0,0.0,0.0,False,none,0.0,0.0,nominal,0.3718692319942847,0.0,70,reaction_wheel_degradation,2.4354001685708293,0.3718692319942847,gradual,0.7261174080063819,0.8751850190891066,628890386,reaction_wheel_degradation
5640.0,94.0,1.5666666666666667,1,604.961472404706,364.8628965095479,-240.0985758951581,84.1703342487858,83.96274060715,29.366813369951434,29.396575193433815,-8.175847098917126,-8.186830031397147,23.64701098295182,23.569830745184483,25.07454374678788,25.103786841269155,6.3475580627897275,18.243144825477398,3371.572412738697,3285.202672867987,3291.0281096041804,0.002931116505076744,0.2232779126269186,0.22627816928189748,23.59215770252091,23.56016323035223,0.0,0.0,0.0,0.0,False,none,0.0,0.0,nominal,0.3718692319942847,0.0,70,reaction_wheel_degradation,2.4354001685708293,0.3718692319942847,gradual,0.7261174080063819,0.8751850190891066,628890386,reaction_wheel_degradation
5700.0,95.0,1.5833333333333333,1,606.1563625798619,367.32050807568874,-238.8358545041732,84.52574474655987,84.86588598221736,29.381029789862396,29.470012546985625,-8.128913663420365,-8.186373777480707,23.65808338034673,23.60978525454276,25.09067944762115,25.150207324051003,6.286338987787384,18.366025403784437,3433.012701892219,3359.107687380103,3356.6368406031183,0.0026228799942982993,0.21557199985745748,0.21776116611937263,23.582450003578042,23.62404709402371,0.0,0.0,0.0,0.0,False,none,0.0,0.0,nominal,0.3718692319942847,0.0,70,reaction_wheel_degradation,2.4354001685708293,0.3718692319942847,gradual,0.7261174080063819,0.8751850190891066,628890386,reaction_wheel_degradation
5760.0,96.0,1.6,1,607.3212595753644,369.0211303259031,-238.3001292494613,84.88035803413348,85.10392251069649,29.395214321365337,29.40840714427868,-8.106766177794373,-8.137939161942903,23.668993455494366,23.718955656712982,25.10685612507277,25.07025099345503,6.257572628914463,18.451056516295154,3475.5282581475767,3417.31797276384,3420.509972750862,0.0022274715765936287,0.2056867894148407,0.2094703006363231,23.572850634741116,23.59582761758071,0.0,0.0,0.0,0.0,False,none,0.0,0.0,nominal,0.3718692319942847,0.0,70,reaction_wheel_degradation,2.4354001685708293,0.3718692319942847,gradual,0.7261174080063819,0.8751850190891066,628890386,reaction_wheel_degradation
5820.0,97.0,1.6166666666666667,1,608.450488130146,369.8904379073655,-238.56005022278055,85.23535810886975,84.96867803550923,29.409414324354792,29.390898828321973,-8.111689936824822,-8.115517453019399,23.67985936506305,23.62453362631767,25.122990319862925,25.13106348968037,6.263961090494807,18.494521895368276,3497.260947684136,3457.2894602239876,3458.9297562551315,0.001762172497196499,0.19405431242991247,0.19198513369755868,23.56333660191221,23.55362250657641,0.0,0.0,0.0,0.0,False,none,0.0,0.0,nominal,0.3718692319942847,0.0,70,reaction_wheel_degradation,2.4354001685708293,0.3718692319942847,gradual,0.7261174080063819,0.8751850190891066,628890386,reaction_wheel_degradation
5880.0,98.0,1.6333333333333333,1,609.5385467561977,369.8904379073655,-239.64810884883218,85.59197731846623,85.43583789515445,29.42367909273865,29.400311049547593,-8.1447363565073,-8.15099566389795,23.690803336957206,23.808187976370398,25.138995441094757,25.04608033523355,6.306938425360945,18.494521895368276,3497.2609476841367,3477.2752039540624,3479.9558303680105,0.0012473185586292885,0.18118296396573222,0.1738926491347464,23.55388455379844,23.50063314888019,0.0,0.0,0.0,0.0,False,none,0.0,0.0,nominal,0.3718692319942847,0.0,70,reaction_wheel_degradation,2.4354001685708293,0.3718692319942847,gradual,0.7261174080063819,0.8751850190891066,628890386,reaction_wheel_degradation
5940.0,99.0,1.65,1,610.5801345412646,369.0211303259031,-241.55900421536148,85.95144012235814,85.7058996865356,29.438057604894325,29.386039306249558,-8.205670613783983,-8.202488227386079,23.70194732499464,23.673696043728228,25.15478559059859,25.31137859126456,6.386642417753441,18.451056516295154,3475.5282581475763,3476.4017310508193,3477.3277114001794,0.0007054113485506565,0.1676352837137664,0.16755042743207477,23.544471796948457,23.44950011435491,0.0,0.0,0.0,0.0,False,none,0.0,0.0,nominal,0.3718692319942847,0.0,70,reaction_wheel_degradation,2.4354001685708293,0.3718692319942847,gradual,0.7261174080063819,0.8751850190891066,628890386,reaction_wheel_degradation
6000.0,100.0,1.6666666666666667,1,611.5701769743577,367.3205080756888,-244.24966889866886,86.3149068915526,85.96671950963277,29.452596275662103,29.425174655841964,-8.29297582503796,-8.308027366401845,23.713408560520584,23.782930351648435,25.17027935668137,25.201328371843854,6.5018758427731225,18.36602540378444,3433.0127018922194,3454.7072164715196,3469.7372339380595,0.00016013481240036284,0.15400337031000907,0.15394338883086034,23.53507726942784,23.47654933030176,0.0,0.0,0.0,0.0,False,none,0.0,0.0,nominal,0.3718692319942847,0.0,70,reaction_wheel_degradation,2.4354001685708293,0.3718692319942847,gradual,0.7261174080063819,0.8751850190891066,628890386,reaction_wheel_degradation
6060.0,101.0,1.6833333333333333,1,612.503850668262,364.86289650954785,-247.64095415871412,86.68342021619354,86.39179939055376,29.46733680864774,29.500287310392437,-8.403913654186736,-8.402362618326237,23.725294979746,23.644860453538705,25.185403411478873,25.097489762728852,6.650061176562101,18.243144825477394,3371.5724127386966,3413.1398146051083,3411.8004190404113,-0.00036467984866473584,0.1591169962166184,0.1610999023900706,23.52573166122319,23.573017083205798,0.0,0.0,0.0,0.0,False,none,0.0,0.0,nominal,0.3718692319942847,0.0,70,reaction_wheel_degradation,2.4354001685708293,0.3718692319942847,gradual,0.7261174080063819,0.8751850190891066,628890386,reaction_wheel_degradation
6120.0,102.0,1.7,1,613.376606858593,361.7557050458495,-251.62090181274357,87.0578560819863,87.0057619195958,29.482314243279454,29.484893341644035,-8.534638757881803,-8.539668771169545,23.737700558861533,23.68076002665205,25.200095754691628,25.161259259664,6.827204698203059,18.087785252292473,3293.892626146237,3353.516220375672,3354.4170241255324,-0.0008460957156158976,0.17115239289039744,0.17255802709554616,23.51643510681683,23.58830662498637,0.0,0.0,0.0,0.0,False,none,0.0,0.0,nominal,0.3718692319942847,0.0,70,reaction_wheel_degradation,2.4354001685708293,0.3718692319942847,gradual,0.7261174080063819,0.8751850190891066,628890386,reaction_wheel_degradation
6180.0,103.0,1.7166666666666666,1,614.184193564921,358.134732861516,-256.049460703405,87.4388820651759,87.73449734382993,29.497555282607035,29.514240483507646,-8.680362092731874,-8.701547749040087,23.75070067179128,23.88794852032292,25.214308461940245,25.091985885176328,7.027894884874919,17.9067366430758,3203.3683215379,3278.4422709567857,3278.67725793771,-0.001263072604977778,0.18157681512444446,0.17857882851006313,23.507167066170187,23.52669911533074,0.0,0.0,0.0,0.0,False,none,0.0,0.0,nominal,0.3718692319942847,0.0,70,reaction_wheel_degradation,2.4354001685708293,0.3718692319942847,gradual,0.7261174080063819,0.8751850190891066,628890386,reaction_wheel_degradation
6240.0,104.0,1.7333333333333334,1,614.9226763059908,354.1582338163552,-260.76444248963554,87.82692439030927,87.95384359466749,29.51307697561237,29.519949668781923,-8.835555936953433,-8.874809965440097,23.764347680751207,23.72962611958833,25.228009817626358,25.186279148780677,7.245363897202646,17.707911690817763,3103.9558454088806,3191.199058182833,3193.9355850540164,-0.0015973866258081003,0.1899346656452025,0.18795016705362827,23.497908946418978,23.48640788361175,0.0,0.0,0.0,0.0,False,none,0.0,0.0,nominal,0.3718692319942847,0.0,70,reaction_wheel_degradation,2.4354001685708293,0.3718692319942847,gradual,0.7261174080063819,0.8751850190891066,628890386,reaction_wheel_degradation
6300.0,105.0,1.75,1,615.5884572681198,350.0,-265.5884572681198,88.22214530886303,88.36540837745785,29.52888581235452,29.57065191210003,-8.994191618195119,-8.955900811978939,23.778667056763982,24.048476084659566,25.241185739085346,25.21334642887321,7.471638629184906,17.5,3000.0000000000005,3095.599529091417,3101.3654946811434,-0.0018344266511799855,0.19586066627949963,0.19633788548584816,23.48864485871562,23.557975020721923,0.0,0.0,0.0,0.0,False,none,0.0,0.0,nominal,0.3718692319942847,0.0,70,reaction_wheel_degradation,2.4354001685708293,0.3718692319942847,gradual,0.7261174080063819,0.8751850190891066,628890386,reaction_wheel_degradation
6360.0,106.0,1.7666666666666666,1,616.178292833385,345.8417661836449,-270.33652664974005,88.62443180685372,88.6158492119968,29.54497727227415,29.53503974175992,-9.149999479046192,-9.103656521929905,23.793654385214477,23.720014532604175,25.253840429791026,25.201708192237707,7.697799237323648,17.292088309182244,2896.0441545911217,2995.82184184127,2991.006554583187,-0.0019638328945403845,0.1990958223635096,0.20244550101666964,23.479362264188413,23.441654001723172,0.0,0.0,0.0,0.0,False,none,0.0,0.0,nominal,0.3718692319942847,0.0,70,reaction_wheel_degradation,2.4354001685708293,0.3718692319942847,gradual,0.7261174080063819,0.8751850190891066,628890386,reaction_wheel_degradation
6420.0,107.0,1.7833333333333334,1,616.6893093822022,341.86526713848406,-274.8240422437181,89.03339615543068,89.01387300802153,29.561335846217226,29.58833568398173,-9.296739622099507,-9.263442119292073,23.80927362359682,23.70222293728097,25.265996233066545,25.270977958716898,7.9143494080891905,17.093263356924204,2796.631678462101,2896.226760151685,2890.975380471701,-0.0019799496820944516,0.1994987420523613,0.2094195624783001,23.47005248504146,23.48677576910408,0.0,0.0,0.0,0.0,False,none,0.0,0.0,nominal,0.3718692319942847,0.0,70,reaction_wheel_degradation,2.4354001685708293,0.3718692319942847,gradual,0.7261174080063819,0.8751850190891066,628890386,reaction_wheel_degradation
6480.0,108.0,1.8,1,617.1190172933127,338.24429495415063,-278.8747223391621,89.44838830176872,89.3539389951098,29.57793553207075,29.582956668603956,-9.428471504942728,-9.450835986045291,23.82545693516711,23.88342867834524,25.27769269269743,25.376506701362135,8.111685993561359,16.912214747707534,2706.1073738537652,2801.167067002725,2798.2903183292833,-0.0018820726328890943,0.19705181582222736,0.1968098923002537,23.460711060747016,23.516952190178277,0.0,0.0,0.0,0.0,False,none,0.0,0.0,nominal,0.3718692319942847,0.0,70,reaction_wheel_degradation,2.4354001685708293,0.3718692319942847,gradual,0.7261174080063819,0.8751850190891066,628890386,reaction_wheel_degradation
6540.0,109.0,1.8166666666666667,1,617.465323072968,335.1371034904521,-282.3282195825159,89.86851958090936,89.74728163993193,29.594740783236375,29.61761087179198,-9.539810524119803,-9.54571432178456,23.842106322845737,23.78220515565185,25.288984861504893,25.301602814751252,8.280638786888556,16.756855174522606,2628.427587261303,2714.7973271320143,2713.8516631536468,-0.0016744794436408268,0.19186198609102068,0.19559794290581714,23.451337933689757,23.425216847319618,0.0,0.0,0.0,0.0,False,none,0.0,0.0,nominal,0.3718692319942847,0.0,70,reaction_wheel_degradation,2.4354001685708293,0.3718692319942847,gradual,0.7261174080063819,0.8751850190891066,628890386,reaction_wheel_degradation
6600.0,110.0,1.8333333333333333,1,617.7265395542198,332.6794919243112,-285.0470476299086,90.29269673512054,90.29231743293279,29.61170786940482,29.580671978908526,-9.626160331144652,-9.621971432956654,23.859097141634237,23.7397568294076,25.299940931805285,25.382124124597315,8.413037017672233,16.633974596215563,2566.98729810778,2640.8923126198974,2633.510878875176,-0.0013662429328624107,0.18415607332156025,0.1780493668783174,23.441937453726375,23.319485990686523,0.0,0.0,0.0,0.0,False,none,0.0,0.0,nominal,0.3718692319942847,0.0,70,reaction_wheel_degradation,2.4354001685708293,0.3718692319942847,gradual,0.7261174080063819,0.8751850190891066,628890386,reaction_wheel_degradation
6660.0,111.0,1.85,1,617.9013941166289,330.9788696740969,-286.922524442532,90.71966477744574,90.84084825581861,29.62878659109783,29.59997211538462,-9.683910731894091,-9.722270949305113,23.876283392667975,23.74035359310239,25.310639291318253,25.288969544068628,8.502250165063485,16.548943483704846,2524.4717418524233,2582.6820272361606,2588.4022198215057,-0.0009708345151577116,0.17427086287894278,0.1677068694126872,23.432518197106866,23.4558751569828,0.0,0.0,0.0,0.0,False,none,0.0,0.0,nominal,0.3718692319942847,0.0,70,reaction_wheel_degradation,2.4354001685708293,0.3718692319942847,gradual,0.7261174080063819,0.8751850190891066,628890386,reaction_wheel_degradation
6720.0,112.0,1.8666666666666667,1,617.9890348863438,330.1095620926345,-287.8794727937093,91.14805685005543,91.16366292126331,29.645922274002217,29.63489909827121,-9.710592577724025,-9.728885429293735,23.893504521168115,23.864731984871085,25.32116513319697,25.398058453950807,8.543648656843914,16.505478104631727,2502.7390523158633,2542.710539776012,2547.85925028313,-0.0005055354357605888,0.16263838589401472,0.15930775285267842,23.423092602138773,23.45232256799445,0.0,0.0,0.0,0.0,False,none,0.0,0.0,nominal,0.3718692319942847,0.0,70,reaction_wheel_degradation,2.4354001685708293,0.3718692319942847,gradual,0.7261174080063819,0.8751850190891066,628890386,reaction_wheel_degradation
6780.0,113.0,1.8833333333333333,1,617.9890348863438,330.1095620926345,-287.8794727937093,91.57644892266512,91.64931657951901,29.663057956906606,29.710579381299326,-9.704982986310108,-9.697044684360748,23.91059327931166,23.939102877234504,25.33160676834066,25.20932343142661,8.534935581165493,16.505478104631727,2502.7390523158633,2522.724796045938,2524.4161809510692,9.318502806628603e-06,0.15023296257016572,0.14916104367631075,23.41367768976054,23.39556088036131,0.0,0.0,0.0,0.0,False,none,0.0,0.0,nominal,0.3718692319942847,0.0,70,reaction_wheel_degradation,2.4354001685708293,0.3718692319942847,gradual,0.7261174080063819,0.8751850190891066,628890386,reaction_wheel_degradation
6840.0,114.0,1.9,1,617.9013941166289,330.9788696740969,-286.922524442532,92.00341696499031,91.96365356037589,29.680136678599613,29.683164486254014,-9.667156440334484,-9.669131733486763,23.92738409660696,23.84945006933566,25.342051801161343,25.252509640022712,8.47631309135204,16.548943483704846,2524.4717418524233,2523.5982689491807,2518.2755451373964,0.0005512257128852607,0.1637806428221315,0.16977855561218239,23.404363745578905,23.51352229214069,0.0,0.0,0.0,0.0,False,none,0.0,0.0,nominal,0.3718692319942847,0.0,70,reaction_wheel_degradation,2.4354001685708293,0.3718692319942847,gradual,0.7261174080063819,0.8751850190891066,628890386,reaction_wheel_degradation
6900.0,115.0,1.9166666666666667,1,617.7265395542198,332.6794919243112,-285.0470476299086,92.4275941192015,92.45188326243962,29.69710376476806,29.739791298539558,-9.598479699831257,-9.593585400962194,23.94372134204014,24.031425663701295,25.352583335944484,25.556979376471155,8.370465003845819,16.633974596215563,2566.9872981077797,2545.2927835284804,2545.52056991967,0.0010965022490355475,0.1774125562258887,0.17772918492819303,23.395170884340285,23.345863209692112,0.0,0.0,0.0,0.0,False,none,0.0,0.0,nominal,0.3718692319942847,0.0,70,reaction_wheel_degradation,2.4354001685708293,0.3718692319942847,gradual,0.7261174080063819,0.8751850190891066,628890386,reaction_wheel_degradation
6960.0,116.0,1.9333333333333333,1,617.465323072968,335.1371034904521,-282.3282195825159,92.84772539834213,92.99306364882163,29.713909015933687,29.71804960898124,-9.501550921190516,-9.487671238522037,23.959466872630024,24.066887808671613,25.363276379605974,25.36718324888378,8.222357592638108,16.756855174522606,2628.427587261302,2586.860185394891,2587.5730345497177,0.0016213169101006388,0.19053292275251596,0.18466824435257206,23.38611690452156,23.40477797471783,0.0,0.0,0.0,0.0,False,none,0.0,0.0,nominal,0.3718692319942847,0.0,70,reaction_wheel_degradation,2.4354001685708293,0.3718692319942847,gradual,0.7261174080063819,0.8751850190891066,628890386,reaction_wheel_degradation
7020.0,117.0,1.95,1,617.1190172933127,338.24429495415046,-278.87472233916225,93.26271754468019,93.32256784354573,29.73050870178721,29.73461363212999,-9.380085794576333,-9.375568189330213,23.974506340597873,24.030607689191275,25.37419459806454,25.218260580523715,8.038880761089018,16.912214747707523,2706.1073738537616,2646.4837796243264,2643.8562394655187,0.0021027327770518074,0.20256831942629516,0.19858645402481168,23.37721646865475,23.321842910410506,0.0,0.0,0.0,0.0,False,none,0.0,0.0,nominal,0.3718692319942847,0.0,70,reaction_wheel_degradation,2.4354001685708293,0.3718692319942847,gradual,0.7261174080063819,0.8751850190891066,628890386,reaction_wheel_degradation
7080.0,118.0,1.9666666666666666,1,616.6893093822022,341.865267138484,-274.82404224371817,93.67168189325714,93.74540227173813,29.746867275730285,29.732860764754662,-9.238755788847055,-9.247073203240234,23.988753864827874,23.94928917449357,25.385387567993874,25.311803557053224,7.8283686820763965,17.0932633569242,2796.6316784621,2721.557729043213,2716.8151406692073,0.00251970966641371,0.21299274166034274,0.22326094502524937,23.36848041167747,23.28943723166797,0.0,0.0,0.0,0.0,False,none,0.0,0.0,nominal,0.3718692319942847,0.0,70,reaction_wheel_degradation,2.4354001685708293,0.3718692319942847,gradual,0.7261174080063819,0.8751850190891066,628890386,reaction_wheel_degradation
7140.0,119.0,1.9833333333333334,1,616.178292833385,345.84176618364484,-270.3365266497401,94.07396839124782,94.05812849005679,29.762958735649914,29.759223739079598,-9.08298563495747,-9.052715295226346,24.002154842450864,23.869561303008407,25.396888644068287,25.54294334783317,7.600050243587502,17.292088309182244,2896.044154591121,2808.8009418171673,2804.3998116729335,0.002854023687244053,0.2213505921811013,0.21253210020290234,23.359915212589062,23.413228084761467,0.0,0.0,0.0,0.0,False,none,0.0,0.0,nominal,0.3718692319942847,0.0,70,reaction_wheel_degradation,2.4354001685708293,0.3718692319942847,gradual,0.7261174080063819,0.8751850190891066,628890386,reaction_wheel_degradation
7200.0,120.0,2.0,1,615.58845726812,350.0,-265.58845726812,94.46918930980158,94.39037461701317,29.778767572392063,29.787625198482992,-8.918718903409134,-8.915637906637436,24.0146868592303,24.096000146669244,25.40871353491574,25.22078027147548,7.363483750242194,17.5,2999.9999999999995,2904.4004709085834,2904.2485465363848,0.0030910637126159027,0.22727659281539755,0.22638800932129494,23.351522658270927,23.35673357914963,0.0,0.0,0.0,0.0,False,none,0.0,0.0,nominal,0.3718692319942847,0.0,70,reaction_wheel_degradation,2.4354001685708293,0.3718692319942847,gradual,0.7261174080063819,0.8751850190891066,628890386,reaction_wheel_degradation
7260.0,121.0,2.0166666666666666,1,614.9226763059908,354.15823381635516,-260.7644424896356,94.85723163493495,94.84102023973225,29.7942892653974,29.775626681221382,-8.752161871251051,-8.739016279030103,24.026358828053738,24.115453100044327,25.420859650018052,25.40717751009334,7.128026993646456,17.70791169081776,3103.9558454088797,3004.178158158732,3006.2657220349915,0.003220469955976323,0.23051174889940806,0.23470043446777705,23.343299719649647,23.30578991191718,0.0,0.0,0.0,0.0,False,none,0.0,0.0,nominal,0.3718692319942847,0.0,70,reaction_wheel_degradation,2.4354001685708293,0.3718692319942847,gradual,0.7261174080063819,0.8751850190891066,628890386,reaction_wheel_degradation
7320.0,122.0,2.033333333333333,1,614.184193564921,358.13473286151594,-256.04946070340503,95.23825761812455,95.26048158013172,29.80953030472498,29.75300999873174,-8.589516778223766,-8.624546236015973,24.037208621347652,24.022289811888673,25.43330624610406,25.520808372768883,6.902383878671007,17.9067366430758,3203.368321537899,3103.7732398483154,3100.4108286040764,0.0032365867435303554,0.23091466858825888,0.23390373810234066,23.33523864987082,23.358353798196827,0.0,0.0,0.0,0.0,False,none,0.0,0.0,nominal,0.3718692319942847,0.0,70,reaction_wheel_degradation,2.4354001685708293,0.3718692319942847,gradual,0.7261174080063819,0.8751850190891066,628890386,reaction_wheel_degradation
7380.0,123.0,2.05,1,613.376606858593,361.7557050458494,-251.62090181274363,95.61269348391733,95.58113751318514,29.824507739356694,29.855045564809647,-8.436716005900823,-8.434687055033953,24.047299550143357,24.06392066094213,25.446015366639813,25.483315627899056,6.694254157137851,18.087785252292473,3293.892626146236,3198.8329329972757,3199.518630375238,0.0031387096943250184,0.22846774235812545,0.23830851021197627,23.327327302482303,23.24927497253906,0.0,0.0,0.0,0.0,False,none,0.0,0.0,nominal,0.3718692319942847,0.0,70,reaction_wheel_degradation,2.4354001685708293,0.3718692319942847,gradual,0.7261174080063819,0.8751850190891066,628890386,reaction_wheel_degradation
7440.0,124.0,2.066666666666667,1,612.503850668262,364.86289650954785,-247.64095415871412,95.98120680855826,96.0975375984534,29.83924827234233,29.862777297287572,-8.299168661974965,-8.293901793871832,24.056716072970474,23.950043910308434,25.458933533357648,25.378836145480463,6.510096038392588,18.243144825477394,3371.572412738696,3285.202672867986,3279.349060922442,0.0029311165050767227,0.22327791262691807,0.22265283630324195,23.319549655647666,23.331127300456718,0.0,0.0,0.0,0.0,False,none,0.0,0.0,nominal,0.3718692319942847,0.0,70,reaction_wheel_degradation,2.4354001685708293,0.3718692319942847,gradual,0.7261174080063819,0.8751850190891066,628890386,reaction_wheel_degradation
7500.0,125.0,2.0833333333333335,1,611.5701769743577,367.3205080756888,-244.24966889866886,96.3446735777527,96.48327840854259,29.85378694311011,29.83647838997733,-8.181530516182596,-8.194742408006398,24.065559094289245,24.120223971329427,25.471994115898354,25.569578067110513,6.354995326978164,18.36602540378444,3433.0127018922194,3359.107687380103,3355.9356870188412,0.0026228799942983206,0.215571999857458,0.2263331707868733,23.311886517056347,23.38727742223864,0.0,0.0,0.0,0.0,False,none,0.0,0.0,nominal,0.3718692319942847,0.0,70,reaction_wheel_degradation,2.4354001685708293,0.3718692319942847,gradual,0.7261174080063819,0.8751850190891066,628890386,reaction_wheel_degradation
7560.0,126.0,2.1,1,610.5801345412646,369.0211303259031,-241.55900421536148,96.70413638164462,96.63434467103953,29.868165455265785,29.84238694285441,-8.087507234990705,-8.031870056670247,24.07394114593045,24.067779457871932,25.48512027600376,25.491692902855707,6.232621862082159,18.451056516295154,3475.5282581475767,3417.31797276384,3412.018388652306,0.0022274715765936287,0.2056867894148407,0.200617750892379,23.304316374368334,23.336284305376747,0.0,0.0,0.0,0.0,False,none,0.0,0.0,nominal,0.3718692319942847,0.0,70,reaction_wheel_degradation,2.4354001685708293,0.3718692319942847,gradual,0.7261174080063819,0.8751850190891066,628890386,reaction_wheel_degradation
7620.0,127.0,2.1166666666666667,1,609.5385467561977,369.8904379073655,-239.64810884883218,97.0607555912411,96.7937561286188,29.882430223649642,29.863977731982573,-8.019699437268967,-8.039403085001839,24.08198165347197,24.02528086040626,25.498228357586466,25.453317708857966,6.145246325130574,18.494521895368276,3497.2609476841367,3457.2894602239876,3456.2592421089844,0.001762172497196506,0.19405431242991264,0.19995589888673235,23.29681634849222,23.236461415579072,0.0,0.0,0.0,0.0,False,none,0.0,0.0,nominal,0.3718692319942847,0.0,70,reaction_wheel_degradation,2.4354001685708293,0.3718692319942847,gradual,0.7261174080063819,0.8751850190891066,628890386,reaction_wheel_degradation
7680.0,128.0,2.1333333333333333,1,608.450488130146,369.8904379073655,-238.56005022278055,97.41575566597737,97.686262734373,29.896630226639097,29.881340707588322,-7.979496298222064,-7.996196507183806,24.089802393197363,24.124658638479257,25.51123157451651,25.55462873994211,6.09378889386717,18.494521895368276,3497.2609476841367,3477.2752039540624,3472.4093162597683,0.0012473185586292885,0.18118296396573222,0.17676768332450055,23.289363202279105,23.33883648745522,0.0,0.0,0.0,0.0,False,none,0.0,0.0,nominal,0.3718692319942847,0.0,70,reaction_wheel_degradation,2.4354001685708293,0.3718692319942847,gradual,0.7261174080063819,0.8751850190891066,628890386,reaction_wheel_degradation
7740.0,129.0,2.15,1,607.3212595753644,369.0211303259031,-238.3001292494613,97.77036895355099,97.86815919183967,29.91081475814204,29.933663520443083,-7.967022335444523,-7.942632828659974,24.097523164143105,24.01353816778635,25.52404383495297,25.45870329256248,6.077875591477752,18.451056516295154,3475.5282581475767,3476.4017310508193,3481.093367382844,0.0007054113485506565,0.1676352837137664,0.17140492673072066,23.281934355565518,23.295354726709455,0.0,0.0,0.0,0.0,False,none,0.0,0.0,nominal,0.3718692319942847,0.0,70,reaction_wheel_degradation,2.4354001685708293,0.3718692319942847,gradual,0.7261174080063819,0.8751850190891066,628890386,reaction_wheel_degradation
7800.0,130.0,2.1666666666666665,1,606.156362579862,367.3205080756888,-238.83585450417326,98.12577945132504,97.98462907619644,29.925031178053,29.97525058597446,-7.981139704854688,-7.984527589274933,24.105257649421823,24.145130570436116,25.536583535080915,25.629688796157797,6.095887279072638,18.36602540378444,3433.0127018922194,3454.7072164715196,3455.109784289349,0.00016013481240036284,0.15400337031000907,0.160816047398355,23.274508858855274,23.360247550370694,0.0,0.0,0.0,0.0,False,none,0.0,0.0,nominal,0.3718692319942847,0.0,70,reaction_wheel_degradation,2.4354001685708293,0.3718692319942847,gradual,0.7261174080063819,0.8751850190891066,628890386,reaction_wheel_degradation
7860.0,131.0,2.183333333333333,1,604.961472404706,364.8628965095479,-240.0985758951581,98.4830689987881,98.35926544459826,29.939322759951523,29.937290080225043,-8.019505912683071,-7.999586807773451,24.11310943021424,24.102909866896237,25.548777156451223,25.55667126070013,6.144998006684699,18.243144825477398,3371.572412738698,3413.1398146051088,3412.3784359974798,-0.0003646798486647144,0.15911699621661785,0.1575893321106328,23.267117513729918,23.38289924152554,0.0,0.0,0.0,0.0,False,none,0.0,0.0,nominal,0.3718692319942847,0.0,70,reaction_wheel_degradation,2.4354001685708293,0.3718692319942847,gradual,0.7261174080063819,0.8751850190891066,628890386,reaction_wheel_degradation
7920.0,132.0,2.2,1,603.7424104347197,361.7557050458495,-241.98670538887018,98.84316826275963,98.76184465638704,29.953726730510386,29.939663004622645,-8.07868441766835,-8.059364611438278,24.121168144811698,24.189837589239055,25.560562509704198,25.56085677735277,6.221211353622193,18.087785252292473,3293.892626146237,3353.516220375673,3359.627962113252,-0.0008460957156159047,0.1711523928903976,0.17611309255557653,23.259760565429755,23.097437070046656,0.0,0.0,0.0,0.0,False,none,0.0,0.0,nominal,0.3718692319942847,0.0,70,reaction_wheel_degradation,2.4354001685708293,0.3718692319942847,gradual,0.7261174080063819,0.8751850190891066,628890386,reaction_wheel_degradation
7980.0,133.0,2.216666666666667,1,602.5051158172811,358.13473286151606,-244.37038295576502,99.20681466596761,99.08961227417942,29.968272586638705,29.99510488888897,-8.15430326353602,-8.137960384981074,24.129505845733153,24.23552976906804,25.571891482912715,25.51023681261655,6.319412937097135,17.906736643075803,3203.3683215379015,3278.442270956787,3274.3274215228043,-0.0012630726049777641,0.1815768151244441,0.18052791650141184,23.252417583843517,23.324614380513953,0.0,0.0,0.0,0.0,False,none,0.0,0.0,nominal,0.3718692319942847,0.0,70,reaction_wheel_degradation,2.4354001685708293,0.3718692319942847,gradual,0.7261174080063819,0.8751850190891066,628890386,reaction_wheel_degradation
8040.0,134.0,2.2333333333333334,1,601.2556165273943,354.15823381635516,-247.09738271103913,99.5745191045257,99.46366775240867,29.98298076418103,30.013091344371187,-8.24125475230376,-8.20398584406672,24.13817368529672,24.28963669762707,25.582732174431047,25.700030486575876,6.433462391389545,17.70791169081776,3103.955845408879,3191.199058182833,3187.645123548279,-0.001597386625808136,0.1899346656452034,0.19426114729526872,23.245070085209758,23.290707735413015,0.0,0.0,0.0,0.0,False,none,0.0,0.0,nominal,0.3718692319942847,0.0,70,reaction_wheel_degradation,2.4354001685708293,0.3718692319942847,gradual,0.7261174080063819,0.8751850190891066,628890386,reaction_wheel_degradation
8100.0,135.0,2.25,1,600.0,350.0,-250.0,99.94654291404952,99.99332775483754,29.99786171656198,29.98463826664934,-8.333927343293727,-8.320871643915817,24.147199135175153,24.270246663130578,25.5930703170356,25.565399283985148,6.556347597063907,17.5,3000.0000000000005,3095.599529091417,3097.582183806352,-0.0018344266511799855,0.19586066627949963,0.19140569047354689,23.23770228896547,23.17579741552951,0.0,0.0,0.0,0.0,False,none,0.0,0.0,nominal,0.3718692319942847,0.0,70,reaction_wheel_degradation,2.4354001685708293,0.3718692319942847,gradual,0.7261174080063819,0.8751850190891066,628890386,reaction_wheel_degradation
8160.0,136.0,2.2666666666666666,1,598.7443834726057,345.84176618364484,-252.90261728896087,100.0,100.0,30.0,29.948669325580415,-8.430087242965362,-8.454307234718188,24.156600305943837,24.346164347095968,25.60290993111768,25.655287300899232,6.685309673920586,17.292088309182244,2896.0441545911203,2995.8218418412685,2988.5143619582273,-0.0019638328945404057,0.19909582236351014,0.18966921864598452,23.230301763711388,23.112739428953205,0.0,0.0,0.0,0.0,False,none,0.0,0.0,nominal,0.3718692319942847,0.0,70,reaction_wheel_degradation,2.4354001685708293,0.3718692319942847,gradual,0.7261174080063819,0.8751850190891066,628890386,reaction_wheel_degradation
8220.0,137.0,2.283333333333333,1,597.4948841827188,341.86526713848406,-255.62961704423475,100.0,99.93255787987394,30.0,30.041854732764047,-8.520987234807825,-8.533158744575228,24.166355963696375,23.961472826533733,25.612273178382587,25.679109825798253,6.808577876460633,17.093263356924204,2796.631678462101,2896.226760151685,2897.9680379286365,-0.001979949682094438,0.19949874205236096,0.19810506836915848,23.222859938318013,23.202724319095548,0.0,0.0,0.0,0.0,False,none,0.0,0.0,nominal,0.3718692319942847,0.0,70,reaction_wheel_degradation,2.4354001685708293,0.3718692319942847,gradual,0.7261174080063819,0.8751850190891066,628890386,reaction_wheel_degradation
8280.0,138.0,2.3,1,596.2575895652803,338.2442949541506,-258.01329461112977,100.0,100.0,30.0,29.97230665279627,-8.600443153704326,-8.646368651321422,24.17641586056489,24.228223698632647,25.621199422450943,25.74724140429864,6.91740979520797,16.91221474770753,2706.107373853764,2801.1670670027247,2797.0441803415133,-0.0018820726328891081,0.1970518158222277,0.19541327935870037,23.215372458123994,23.127829546368314,0.0,0.0,0.0,0.0,False,none,0.0,0.0,nominal,0.3718692319942847,0.0,70,reaction_wheel_degradation,2.4354001685708293,0.3718692319942847,gradual,0.7261174080063819,0.8751850190891066,628890386,reaction_wheel_degradation
8340.0,139.0,2.316666666666667,1,595.038527595294,335.1371034904521,-259.9014241048419,100.0,100.0,30.0,30.053440655216228,-8.66338080349473,-8.664540901011291,24.186705143253864,24.321532457124537,25.62974353742038,25.591786115447427,7.00433335570888,16.756855174522606,2628.427587261303,2714.797327132014,2720.6678085120166,-0.0016744794436408194,0.19186198609102048,0.19683407635673397,23.20783937058641,23.265891150492603,0.0,0.0,0.0,0.0,False,none,0.0,0.0,nominal,0.3718692319942847,0.0,70,reaction_wheel_degradation,2.4354001685708293,0.3718692319942847,gradual,0.7261174080063819,0.8751850190891066,628890386,reaction_wheel_degradation
8400.0,140.0,2.3333333333333335,1,593.843637420138,332.67949192431126,-261.1641454958267,100.0,100.0,30.0,30.014215881199863,-8.705471516527556,-8.743446601861487,24.197127641547695,24.228902007649662,25.63797353831345,25.62318516053959,7.0628187460058065,16.633974596215563,2566.9872981077815,2640.892312619898,2637.7033832637126,-0.001366242932862382,0.18415607332155953,0.18694214436939088,23.2002651298463,23.252056250747433,0.0,0.0,0.0,0.0,False,none,0.0,0.0,nominal,0.3718692319942847,0.0,70,reaction_wheel_degradation,2.4354001685708293,0.3718692319942847,gradual,0.7261174080063819,0.8751850190891066,628890386,reaction_wheel_degradation
8460.0,141.0,2.35,1,592.6787404246356,330.9788696740969,-261.6998707505387,100.0,99.78054807076563,30.0,30.001730547466927,-8.723329025017957,-8.713688025077523,24.2075706008394,24.264859904572095,25.64596763697435,25.60635147925148,7.08771754229766,16.548943483704846,2524.4717418524233,2582.682027236161,2583.2624945189223,-0.0009708345151577187,0.17427086287894297,0.17754562455128745,23.19265841565589,23.184286888072787,0.0,0.0,0.0,0.0,False,none,0.0,0.0,nominal,0.3718692319942847,0.0,70,reaction_wheel_degradation,2.4354001685708293,0.3718692319942847,gradual,0.7261174080063819,0.8751850190891066,628890386,reaction_wheel_degradation
8520.0,142.0,2.3666666666666667,1,591.549511869854,330.1095620926345,-261.43994977721945,100.0,99.90017428216507,30.0,30.01041031631021,-8.714664992573981,-8.719271192772215,24.21791061348311,24.183074060583095,25.65381085208782,25.48853554931226,7.075630874623557,16.505478104631727,2502.739052315864,2542.710539776012,2546.6869978955633,-0.0005055354357605887,0.16263838589401472,0.16974130221185083,23.18503176904868,23.34523644190301,0.0,0.0,0.0,0.0,False,none,0.0,0.0,nominal,0.3718692319942847,0.0,70,reaction_wheel_degradation,2.4354001685708293,0.3718692319942847,gradual,0.7261174080063819,0.8751850190891066,628890386,reaction_wheel_degradation
8580.0,143.0,2.3833333333333333,1,590.4614532438022,330.1095620926345,-260.3518911511677,100.0,100.0,30.0,30.002073757770514,-8.67839637170559,-8.653704059270025,24.22802036675806,24.13071937778847,25.66159132148038,25.703070880772586,7.02516508675462,16.505478104631727,2502.7390523158633,2522.724796045938,2523.3782527276694,9.318502806628603e-06,0.15023296257016572,0.14136725536503875,23.177402312918623,23.212994868058576,0.0,0.0,0.0,0.0,False,none,0.0,0.0,nominal,0.3718692319942847,0.0,70,reaction_wheel_degradation,2.4354001685708293,0.3718692319942847,gradual,0.7261174080063819,0.8751850190891066,628890386,reaction_wheel_degradation
8640.0,144.0,2.4,1,589.4198654587356,330.9788696740969,-258.44099578463863,100.0,100.0,30.0,29.95330334409601,-8.614699859487954,-8.633865577886004,24.23777572553593,24.1972808551773,25.669396477875946,25.729048734511817,6.937044293524942,16.548943483704846,2524.471741852423,2523.5982689491807,2524.07368322512,0.0005512257128852536,0.16378064282213134,0.16068042463349386,23.169860434063303,23.15023759036432,0.0,0.0,0.0,0.0,False,none,0.0,0.0,nominal,0.3718692319942847,0.0,70,reaction_wheel_degradation,2.4354001685708293,0.3718692319942847,gradual,0.7261174080063819,0.8751850190891066,628890386,reaction_wheel_degradation
8700.0,145.0,2.4166666666666665,1,588.4298230256423,332.6794919243112,-255.75033110133114,100.0,99.63111107501088,30.0,30.051660155969543,-8.525011036711039,-8.560072341306881,24.247062621362993,24.1101288896085,25.67730925524537,25.836368664163974,6.814065054083602,16.633974596215563,2566.9872981077806,2545.292783528481,2548.4212989068424,0.0010965022490355544,0.17741255622588886,0.17367073349550838,23.162426347661047,23.14011225616592,0.0,0.0,0.0,0.0,False,none,0.0,0.0,nominal,0.3718692319942847,0.0,70,reaction_wheel_degradation,2.4354001685708293,0.3718692319942847,gradual,0.7261174080063819,0.8751850190891066,628890386,reaction_wheel_degradation
8760.0,146.0,2.433333333333333,0,0.0,335.1371034904521,335.1371034904521,99.50128407218682,99.8604871591711,29.980051362887473,29.992524766075377,11.178670090783127,11.185266738889116,24.2522369563011,24.303982774656262,25.669404491552452,25.56262199725804,10.99701319988554,16.756855174522606,2628.427587261302,2586.8601853948917,2586.4045639902956,0.0016213169101006316,0.1905329227525158,0.1966462936391172,23.155117951867418,23.086697640853302,0.0,0.0,0.0,0.0,False,none,0.0,0.0,nominal,0.3718692319942847,0.0,70,reaction_wheel_degradation,2.4354001685708293,0.3718692319942847,gradual,0.7261174080063819,0.8751850190891066,628890386,reaction_wheel_degradation
8820.0,147.0,2.45,0,0.0,338.2442949541505,338.2442949541505,98.99794434755268,98.857276023609,29.959917773902106,29.98903001634802,11.289893967893095,11.369126299543863,24.25804665611163,24.208083336887377,25.66187368511545,25.673164193314182,11.19693646450151,16.912214747707527,2706.107373853763,2646.483779624327,2640.1600750424536,0.002122987803478657,0.2030746950869664,0.20064366199602954,23.147999508054806,23.112355212915286,0.0,0.0,0.0,0.007477066437118217,True,reaction_wheel_degradation,0.020106709009023723,0.007477066437118217,reaction_wheel_degradation,0.3718692319942847,0.007477066437118217,70,reaction_wheel_degradation,2.4354001685708293,0.3718692319942847,gradual,0.7261174080063819,0.8751850190891066,628890386,reaction_wheel_degradation
8880.0,148.0,2.466666666666667,0,0.0,341.865267138484,341.865267138484,98.48921627145373,98.23481331869739,29.93956865085815,29.92461092872824,11.41851010364123,11.379581124541275,24.264600342304817,24.19951436952569,25.654765222348374,25.689438864174697,11.430589838956548,17.0932633569242,2796.6316784621,2721.557729043213,2723.2385956529706,0.002564086927530169,0.21410217318825422,0.2202215842951241,23.141094911722245,23.110079501465492,0.0,0.0,0.0,0.016012628957585408,True,reaction_wheel_degradation,0.04305983819019345,0.016012628957585408,reaction_wheel_degradation,0.3718692319942847,0.016012628957585408,70,reaction_wheel_degradation,2.4354001685708293,0.3718692319942847,gradual,0.7261174080063819,0.8751850190891066,628890386,reaction_wheel_degradation
8940.0,149.0,2.4833333333333334,0,0.0,345.8417661836448,345.8417661836448,97.9745707860614,97.85087332507086,29.918982831442456,29.93385916913157,11.559275531927268,11.55024852187804,24.271977233803792,24.38491104177979,25.64811127718795,25.817022271627927,11.689348065840994,17.29208830918224,2896.044154591119,2808.800941817166,2812.7955192609,0.0029239862438081134,0.22309965609520283,0.2266473238851495,23.13441843279651,23.18538966426537,0.0,0.0,0.0,0.024548191478052594,True,reaction_wheel_degradation,0.06601296737136317,0.024548191478052594,reaction_wheel_degradation,0.3718692319942847,0.024548191478052594,70,reaction_wheel_degradation,2.4354001685708293,0.3718692319942847,gradual,0.7261174080063819,0.8751850190891066,628890386,reaction_wheel_degradation
9000.0,150.0,2.5,0,0.0,350.0,350.0,97.45373745272806,97.02114080712404,29.898149498109124,29.88802233561414,11.706410124885334,11.705717758600292,24.28022271387084,24.2756269194939,25.641926386970447,25.623334884437657,11.96320304096143,17.5,2999.9999999999995,2904.400470908583,2904.7914348697295,0.003188375256516289,0.2297093814129072,0.23500140309322545,23.127980511283248,23.18777361060658,0.0,0.0,0.0,0.03308375399851978,True,reaction_wheel_degradation,0.08896609655253289,0.03308375399851978,reaction_wheel_degradation,0.3718692319942847,0.03308375399851978,70,reaction_wheel_degradation,2.4354001685708293,0.3718692319942847,gradual,0.7261174080063819,0.8751850190891066,628890386,reaction_wheel_degradation
9060.0,151.0,2.5166666666666666,0,0.0,354.1582338163551,354.1582338163551,96.92671627145373,96.89166552218306,29.87706865085815,29.84033868356963,11.853848111909157,11.793988596729774,24.289345034937007,24.24399635561764,25.636206799256318,25.545461501091395,12.241097204816983,17.707911690817756,3103.955845408878,3004.1781581587306,3004.2358126858016,0.003347054318933485,0.23367635797333713,0.23532313619690765,23.12178693923733,23.177589006077255,0.0,0.0,0.0,0.041619316518986975,True,reaction_wheel_degradation,0.11191922573370262,0.041619316518986975,reaction_wheel_degradation,0.3718692319942847,0.041619316518986975,70,reaction_wheel_degradation,2.4354001685708293,0.3718692319942847,gradual,0.7261174080063819,0.8751850190891066,628890386,reaction_wheel_degradation
9120.0,152.0,2.533333333333333,0,0.0,358.134732861516,358.134732861516,96.39377768088599,96.40719182382945,29.85575110723544,29.90289172824477,11.9955023598359,11.994173433142825,24.299313518558005,24.279829068763785,25.63093061814842,25.648579537637122,12.511366149186292,17.9067366430758,3203.3683215379006,3103.7732398483154,3106.8753328226217,0.0033943723885631223,0.23485930971407804,0.23745194278711101,23.115838181611466,23.168987045330333,0.0,0.0,0.0,0.05015487903945416,True,reaction_wheel_degradation,0.13487235491487234,0.05015487903945416,reaction_wheel_degradation,0.3718692319942847,0.05015487903945416,70,reaction_wheel_degradation,2.4354001685708293,0.3718692319942847,gradual,0.7261174080063819,0.8751850190891066,628890386,reaction_wheel_degradation
9180.0,153.0,2.55,0,0.0,361.75570504584937,361.75570504584937,95.85545073885348,95.82665310610126,29.83421802955414,29.848663899742974,12.125529976602362,12.14623509822305,24.310058564703585,24.113512238752605,25.626058743707816,25.597610987784726,12.762278177078597,18.08778525229247,3293.8926261462348,3198.832932997275,3200.00121397811,0.0033294691081910523,0.2332367277047763,0.23245110247612158,23.110128879353745,23.111464641728876,0.0,0.0,0.0,0.058690441559921355,True,reaction_wheel_degradation,0.15782548409604208,0.058690441559921355,reaction_wheel_degradation,0.3718692319942847,0.058690441559921355,70,reaction_wheel_degradation,2.4354001685708293,0.3718692319942847,gradual,0.7261174080063819,0.8751850190891066,628890386,reaction_wheel_degradation
9240.0,154.0,2.566666666666667,0,0.0,364.86289650954785,364.86289650954785,95.31249999999997,95.33109474405344,29.8125,29.797409968724654,12.238587723590703,12.236959785865556,24.32147368784017,24.31262718740052,25.62153656340911,25.563495739856243,12.982642357442005,18.243144825477394,3371.5724127386957,3285.202672867985,3280.9628395638138,0.0031563108467546072,0.22890777116886518,0.23161822987031072,23.10464758311301,23.1040700100552,0.0,0.0,0.0,0.06722600408038877,True,reaction_wheel_degradation,0.1807786132772124,0.06722600408038877,reaction_wheel_degradation,0.3718692319942847,0.06722600408038877,70,reaction_wheel_degradation,2.4354001685708293,0.3718692319942847,gradual,0.7261174080063819,0.8751850190891066,628890386,reaction_wheel_degradation
9300.0,155.0,2.5833333333333335,0,0.0,367.32050807568874,367.32050807568874,94.76589210107781,94.67273738930948,29.790635684043114,29.78556270051005,12.33006613123191,12.38205056567723,24.33341965392661,24.316812666832973,25.617296321709404,25.645874178022048,13.162442464044178,18.366025403784437,3433.0127018922185,3359.107687380102,3357.6164982590003,0.0028835191930801102,0.22208797982700273,0.21920458476254395,23.099376766374714,23.002644260419313,0.0,0.0,0.0,0.07576156660085596,True,reaction_wheel_degradation,0.20373174245838213,0.07576156660085596,reaction_wheel_degradation,0.3718692319942847,0.07576156660085596,70,reaction_wheel_degradation,2.4354001685708293,0.3718692319942847,gradual,0.7261174080063819,0.8751850190891066,628890386,reaction_wheel_degradation
9360.0,156.0,2.6,0,0.0,369.0211303259031,369.0211303259031,94.21675351428333,94.38344231074468,29.768670140571334,29.799320421588,12.396292094451642,12.413687517329603,24.345730618053977,24.274703552252028,25.61326006416832,25.47003987699223,13.293444615277142,18.451056516295154,3475.5282581475767,3417.3179727638394,3408.741266205856,0.002523999317584606,0.21309998293961513,0.2164622251520379,23.09429316015265,23.01880448197108,0.0,0.0,0.0,0.08429712912132314,True,reaction_wheel_degradation,0.22668487163955184,0.08429712912132314,reaction_wheel_degradation,0.3718692319942847,0.08429712912132314,70,reaction_wheel_degradation,2.4354001685708293,0.3718692319942847,gradual,0.7261174080063819,0.8751850190891066,628890386,reaction_wheel_degradation
9420.0,157.0,2.6166666666666667,0,0.0,369.8904379073655,369.8904379073655,93.6663213150164,93.7552014397945,29.746652852600654,29.736522257450005,12.434691047097997,12.465876071880379,24.358221978728796,24.36507008582625,25.60934302744571,25.73466448748476,13.369723314942329,18.494521895368276,3497.2609476841367,3457.2894602239876,3451.2895951412993,0.002094384218517207,0.20235960546293016,0.19536111069659878,23.089368436074214,23.060498709257633,0.0,0.0,0.0,0.09283269164179034,True,reaction_wheel_degradation,0.24963800082072157,0.09283269164179034,reaction_wheel_degradation,0.3718692319942847,0.09283269164179034,70,reaction_wheel_degradation,2.4354001685708293,0.3718692319942847,gradual,0.7261174080063819,0.8751850190891066,628890386,reaction_wheel_degradation
9480.0,158.0,2.6333333333333333,0,0.0,369.8904379073655,369.8904379073655,93.11588911574948,92.96038420519285,29.724635564629978,29.745376495564365,12.443901527509611,12.4442318991711,24.37069949625012,24.346028494346232,25.605457327016882,25.648937914123277,13.388054818108483,18.494521895368276,3497.2609476841367,3477.2752039540624,3473.744042184355,0.0016143187806646228,0.19035796951661557,0.1916559500656155,23.08457024106855,23.110132872977818,0.0,0.0,0.0,0.10136825416225752,True,reaction_wheel_degradation,0.2725911300018913,0.10136825416225752,reaction_wheel_degradation,0.3718692319942847,0.10136825416225752,70,reaction_wheel_degradation,2.4354001685708293,0.3718692319942847,gradual,0.7261174080063819,0.8751850190891066,628890386,reaction_wheel_degradation
9540.0,159.0,2.65,0,0.0,369.0211303259031,369.0211303259031,92.56675052895498,92.43016880765842,29.702670021158198,29.670022842227677,12.42383698378082,12.40070076171631,24.3829690927125,24.217604702571986,25.60151578143334,25.560820917206268,13.348138031964808,18.451056516295154,3475.5282581475763,3476.4017310508193,3474.526431324448,0.0011056144558145957,0.17764036139536488,0.18571370203984697,23.079863556961644,22.97504731524393,0.0,0.0,0.0,0.10990381668272473,True,reaction_wheel_degradation,0.29554425918306104,0.10990381668272473,reaction_wheel_degradation,0.3718692319942847,0.10990381668272473,70,reaction_wheel_degradation,2.4354001685708293,0.3718692319942847,gradual,0.7261174080063819,0.8751850190891066,628890386,reaction_wheel_degradation
9600.0,160.0,2.6666666666666665,0,0.0,367.3205080756888,367.3205080756888,92.02014263003282,91.96921857078834,29.680805705201312,29.660512108426385,12.375691944619918,12.350576500187527,24.394846678451728,24.36905851004443,25.59743570598944,25.695531874673858,13.252620088650426,18.36602540378444,3433.0127018922203,3454.70721647152,3451.084244192142,0.0005913109301378529,0.1647827732534463,0.1591345170627282,23.07521232573929,22.9484842484526,0.0,0.0,0.0,0.1184393792031919,True,reaction_wheel_degradation,0.31849738836423075,0.1184393792031919,reaction_wheel_degradation,0.3718692319942847,0.1184393792031919,70,reaction_wheel_degradation,2.4354001685708293,0.3718692319942847,gradual,0.7261174080063819,0.8751850190891066,628890386,reaction_wheel_degradation
9660.0,161.0,2.683333333333333,0,0.0,364.8628965095479,364.8628965095479,91.47719189117932,91.75759800163115,29.65908767564717,29.692879742916436,12.301892104696591,12.335753177896922,24.406167344875843,24.40393885380508,25.59314250999248,25.5345175441456,13.106923948447706,18.243144825477398,3371.572412738698,3413.139814605109,3419.0428019342908,9.468513550513332e-05,0.15236712838762834,0.1544954530817671,23.070581250687578,23.196169764498336,0.0,0.0,0.0,0.12697494172365908,True,reaction_wheel_degradation,0.34145051754540046,0.12697494172365908,reaction_wheel_degradation,0.3718692319942847,0.12697494172365908,70,reaction_wheel_degradation,2.4354001685708293,0.3718692319942847,gradual,0.7261174080063819,0.8751850190891066,628890386,reaction_wheel_degradation
9720.0,162.0,2.7,0,0.0,361.7557050458495,361.7557050458495,90.9388649491468,91.12307696493414,29.637554597965874,29.643724812648728,12.205990337363327,12.231160151540744,24.416793327504138,24.43989989237817,25.588572940417123,25.524196697830455,12.918896009264552,18.087785252292473,3293.892626146237,3353.5162203756736,3355.1718380521975,-0.000361749781660441,0.15904374454151102,0.16775974573655741,23.0659997317238,23.11436930363736,0.0,0.0,0.0,0.13551050424412653,True,reaction_wheel_degradation,0.36440364672657083,0.13551050424412653,reaction_wheel_degradation,0.3718692319942847,0.13551050424412653,70,reaction_wheel_degradation,2.4354001685708293,0.3718692319942847,gradual,0.7261174080063819,0.8751850190891066,628890386,reaction_wheel_degradation
9780.0,163.0,2.716666666666667,0,0.0,358.134732861516,358.134732861516,90.40592635857907,90.68814676700697,29.616237054343163,29.62853305288397,12.092513042908543,12.102988855218666,24.426620266657224,24.46663434766908,25.583677830179937,25.634815904681417,12.698309735433059,17.9067366430758,3203.3683215379,3278.4422709567866,3279.7153056490524,-0.0007572124957534281,0.16893031239383569,0.1715596996737829,23.061446585283228,23.114587675204707,0.0,0.0,0.0,0.1440460667645937,True,reaction_wheel_degradation,0.38735677590774054,0.1440460667645937,reaction_wheel_degradation,0.3718692319942847,0.1440460667645937,70,reaction_wheel_degradation,2.4354001685708293,0.3718692319942847,gradual,0.7261174080063819,0.8751850190891066,628890386,reaction_wheel_degradation
9840.0,164.0,2.7333333333333334,0,0.0,354.1582338163553,354.1582338163553,89.87890517730473,89.78775568045276,29.595156207092188,29.597701203528167,11.96676345744324,11.978560620171972,24.43558145909632,24.445945122432676,25.578424230920135,25.495430306039555,12.456274211711914,17.707911690817763,3103.955845408883,3191.1990581828345,3188.108249255731,-0.0010735469285696,0.17683867321424,0.17517911817009071,23.056886958997925,23.054990375389984,0.0,0.0,0.0,0.1525816292850609,True,reaction_wheel_degradation,0.41030990508891024,0.1525816292850609,reaction_wheel_degradation,0.3718692319942847,0.1525816292850609,70,reaction_wheel_degradation,2.4354001685708293,0.3718692319942847,gradual,0.7261174080063819,0.8751850190891066,628890386,reaction_wheel_degradation
9900.0,165.0,2.75,0,0.0,349.99999999999994,349.99999999999994,89.3580718439714,89.4557097956646,29.574322873758856,29.576518260542198,11.834590482223792,11.836312269181368,24.44364997884359,24.504496967765355,25.572796837072772,25.535703477917544,12.204602550555357,17.499999999999996,2999.999999999999,3095.599529091417,3096.740748843792,-0.0012960026676513833,0.18240006669128458,0.18445552051201616,23.052290256155146,23.0653098743148,0.0,0.0,0.0,0.16111719180552808,True,reaction_wheel_degradation,0.43326303427008,0.16111719180552808,reaction_wheel_degradation,0.3718692319942847,0.16111719180552808,70,reaction_wheel_degradation,2.4354001685708293,0.3718692319942847,gradual,0.7261174080063819,0.8751850190891066,628890386,reaction_wheel_degradation
9960.0,166.0,2.7666666666666666,0,0.0,345.8417661836449,345.8417661836449,88.84342635857907,89.07082251217554,29.553737054343163,29.549812047023913,11.702133153168209,11.731849114908195,24.45083872439306,24.44609027044769,25.566798638994555,25.496369192158078,11.955193626758282,17.292088309182244,2896.044154591122,2995.82184184127,2989.5466331931657,-0.0014138688404368538,0.18534672101092134,0.17856307778410668,23.047631673751077,23.081200139459163,0.0,0.0,0.0,0.16965275432599528,True,reaction_wheel_degradation,0.4562161634512497,0.16965275432599528,reaction_wheel_degradation,0.3718692319942847,0.16965275432599528,70,reaction_wheel_degradation,2.4354001685708293,0.3718692319942847,gradual,0.7261174080063819,0.8751850190891066,628890386,reaction_wheel_degradation
10020.0,167.0,2.783333333333333,0,0.0,341.86526713848406,341.86526713848406,88.33469828248013,88.31734922215611,29.533387931299206,29.525255415432735,11.575551979804473,11.601582365107332,24.457198599683274,24.536069401828584,25.560450776596447,25.42879901956204,11.719472290972421,17.093263356924204,2796.6316784621013,2896.226760151685,2894.259413972778,-0.0014209342124321415,0.18552335531080352,0.18533261719707717,23.042893428970036,23.02076094700842,0.0,0.0,0.0,0.17818831684646247,True,reaction_wheel_degradation,0.4791692926324194,0.17818831684646247,reaction_wheel_degradation,0.3718692319942847,0.17818831684646247,70,reaction_wheel_degradation,2.4354001685708293,0.3718692319942847,gradual,0.7261174080063819,0.8751850190891066,628890386,reaction_wheel_degradation
10080.0,168.0,2.8,0,0.0,338.2442949541506,338.2442949541506,87.83135855784599,87.46709443398103,29.51325434231384,29.46299514633833,11.46075898750352,11.438016470354476,24.462815140503746,24.52420840546112,25.55379159987909,25.658140715393156,11.507919725571414,16.91221474770753,2706.107373853764,2801.1670670027247,2800.542930452231,-0.0013157537513473808,0.1828938437836845,0.17404914721140083,23.038065630596357,23.10305443734431,0.0,0.0,0.0,0.18672387936692963,True,reaction_wheel_degradation,0.5021224218135891,0.18672387936692963,reaction_wheel_degradation,0.3718692319942847,0.18672387936692963,70,reaction_wheel_degradation,2.4354001685708293,0.3718692319942847,gradual,0.7261174080063819,0.8751850190891066,628890386,reaction_wheel_degradation
10140.0,169.0,2.816666666666667,0,0.0,335.1371034904521,335.1371034904521,87.33264263003281,86.6910844146552,29.493305705201312,29.48051556686485,11.363158366861153,11.318005635719098,24.467803947812822,24.5152923641158,25.546874977429102,25.51421368920303,11.32970944562933,16.756855174522606,2628.427587261303,2714.797327132014,2719.5199794974556,-0.001101710221072072,0.1775427555268018,0.18639461345185213,23.033146782086686,23.021253959503586,0.0,0.0,0.0,0.19525944188739705,True,reaction_wheel_degradation,0.5250755509947594,0.19525944188739705,reaction_wheel_degradation,0.3718692319942847,0.19525944188739705,70,reaction_wheel_degradation,2.4354001685708293,0.3718692319942847,gradual,0.7261174080063819,0.8751850190891066,628890386,reaction_wheel_degradation
10200.0,170.0,2.8333333333333335,0,0.0,332.6794919243112,332.6794919243112,86.8375838622883,87.09329777615991,29.473503354491534,29.470069367754864,11.287409166227041,11.30862746899282,24.472305285642165,24.345705627547076,25.5397679268021,25.483203630209537,11.1924484548661,16.633974596215563,2566.9872981077806,2640.8923126198974,2635.3387481924597,-0.0007868681817538958,0.1696717045438474,0.16656186927254316,23.02814392739295,22.89509397448839,0.0,0.0,0.0,0.20379500440786424,True,reaction_wheel_degradation,0.5480286801759292,0.20379500440786424,reaction_wheel_degradation,0.3718692319942847,0.20379500440786424,70,reaction_wheel_degradation,2.4354001685708293,0.3718692319942847,gradual,0.7261174080063819,0.8751850190891066,628890386,reaction_wheel_degradation
10260.0,171.0,2.85,0,0.0,330.978869674097,330.978869674097,86.34505578241614,86.09933359385067,29.453802231296645,29.46950100052399,11.237220480906526,11.260783766974438,24.476478153698046,24.48281987394382,25.532547670355093,25.4323977670281,11.102009930920408,16.54894348370485,2524.471741852424,2582.682027236161,2580.491292989708,-0.00038362669632641924,0.15959066740816047,0.16112073722473702,23.023072465931083,23.03173649949838,0.0,0.0,0.0,0.21233056692833147,True,reaction_wheel_degradation,0.570981809357099,0.21233056692833147,reaction_wheel_degradation,0.3718692319942847,0.21233056692833147,70,reaction_wheel_degradation,2.4354001685708293,0.3718692319942847,gradual,0.7261174080063819,0.8751850190891066,628890386,reaction_wheel_degradation
10320.0,172.0,2.8666666666666667,0,0.0,330.1095620926345,330.1095620926345,85.85382131501638,85.95758856640226,29.434152852600654,29.460152362253876,11.215188143709993,11.175562242815923,24.480494070135542,24.576750590587828,25.525298245201515,25.580802928249295,11.062435607905055,16.505478104631727,2502.739052315864,2542.710539776012,2542.6129732127874,9.181430392386628e-05,0.15229535759809665,0.15038351053262755,23.01797353841459,22.92190698225791,0.0,0.0,0.0,0.22086612944879863,True,reaction_wheel_degradation,0.5939349385382686,0.22086612944879863,reaction_wheel_degradation,0.3718692319942847,0.22086612944879863,70,reaction_wheel_degradation,2.4354001685708293,0.3718692319942847,gradual,0.7261174080063819,0.8751850190891066,628890386,reaction_wheel_degradation
10380.0,173.0,2.8833333333333333,0,0.0,330.1095620926345,330.1095620926345,85.36258684761663,85.17203850215206,29.414503473904666,29.44771675788325,11.222680076360769,11.208652412136189,24.48453071854042,24.59297801131151,25.518106815449165,25.53039408656763,11.075883847707596,16.505478104631727,2502.7390523158633,2522.724796045938,2515.4091473210606,0.0006201510335477635,0.16550377583869408,0.1623027191141997,23.012963787856986,23.010790364265677,0.0,0.0,0.0,0.22940169196926583,True,reaction_wheel_degradation,0.6168880677194384,0.22940169196926583,reaction_wheel_degradation,0.3718692319942847,0.22940169196926583,70,reaction_wheel_degradation,2.4354001685708293,0.3718692319942847,gradual,0.7261174080063819,0.8751850190891066,628890386,reaction_wheel_degradation
10440.0,174.0,2.9,0,0.0,330.9788696740969,330.9788696740969,84.87005876774447,85.00589160803997,29.394802350709778,29.382892421781058,11.259775307388825,11.257888887865388,24.48876554488861,24.290861882384554,25.51105984789298,25.533893614000366,11.142603197830649,16.548943483704846,2524.471741852423,2523.5982689491807,2521.9539353143573,0.0011798062647919998,0.17949515661979998,0.17797514027344788,23.008087600527,23.008273868130026,0.0,0.0,0.0,0.23793725448973302,True,reaction_wheel_degradation,0.6398411969006081,0.23793725448973302,reaction_wheel_degradation,0.3718692319942847,0.23793725448973302,70,reaction_wheel_degradation,2.4354001685708293,0.3718692319942847,gradual,0.7261174080063819,0.8751850190891066,628890386,reaction_wheel_degradation
10500.0,175.0,2.9166666666666665,0,0.0,332.6794919243112,332.6794919243112,84.37499999999994,84.55412390919778,29.374999999999996,29.336951261190247,11.325259299551021,11.316646389222424,24.49336935113983,24.4258345829684,25.504239318302268,25.286670885481175,11.260919856165351,16.633974596215563,2566.9872981077806,2545.292783528481,2543.396717710704,0.001747857423503107,0.19369643558757765,0.1987162393629692,23.003389752069662,23.029374676579753,0.0,0.0,0.0,0.24647281701020018,True,reaction_wheel_degradation,0.6627943260817778,0.24647281701020018,reaction_wheel_degradation,0.3718692319942847,0.24647281701020018,70,reaction_wheel_degradation,2.4354001685708293,0.3718692319942847,gradual,0.7261174080063819,0.8751850190891066,628890386,reaction_wheel_degradation
10560.0,176.0,2.933333333333333,0,0.0,335.13710349045203,335.13710349045203,83.87628407218678,83.36096957636182,29.355051362887473,29.367229903520332,11.416675765526124,11.410557973940538,24.498499931175697,24.426511064987896,25.497719114104896,25.47075957972097,11.427238842812121,16.756855174522602,2628.4275872613007,2586.860185394891,2584.72663105846,0.0023010224594531637,0.20752556148632909,0.2161018462034069,22.998913658818626,22.89305285943224,0.0,0.0,0.0,0.2550083795306674,True,reaction_wheel_degradation,0.6857474552629476,0.2550083795306674,reaction_wheel_degradation,0.3718692319942847,0.2550083795306674,70,reaction_wheel_degradation,2.4354001685708293,0.3718692319942847,gradual,0.7261174080063819,0.8751850190891066,628890386,reaction_wheel_degradation
10620.0,177.0,2.95,0,0.0,338.2442949541506,338.2442949541506,83.37294434755262,83.18741761917187,29.334917773902106,29.368650487847813,11.530432693255086,11.521402852346558,24.504295832413625,24.42291140587824,25.491561790687474,25.653818588335472,11.63607024749486,16.91221474770753,2706.1073738537643,2646.4837796243282,2650.8832384353536,0.002816661101184445,0.2204165275296111,0.21115592067498348,22.994699593776254,23.055249216674945,0.0,0.0,0.0,0.2635439420511348,True,reaction_wheel_degradation,0.7087005844441179,0.2635439420511348,reaction_wheel_degradation,0.3718692319942847,0.2635439420511348,70,reaction_wheel_degradation,2.4354001685708293,0.3718692319942847,gradual,0.7261174080063819,0.8751850190891066,628890386,reaction_wheel_degradation
10680.0,178.0,2.966666666666667,0,0.0,341.86526713848394,341.86526713848394,82.86421627145369,82.69405043953843,29.31456865085815,29.31175048112678,11.66195795715644,11.702530214763794,24.51087039432434,24.29435148923115,25.48581582307582,25.43055715960132,11.880101071558753,17.093263356924197,2796.631678462098,2721.557729043213,2720.468423472175,0.0032737484473530816,0.23184371118382702,0.2325362384895831,22.990782890796297,23.083569870851495,0.0,0.0,0.0,0.272079504571602,True,reaction_wheel_degradation,0.7316537136252876,0.272079504571602,reaction_wheel_degradation,0.3718692319942847,0.272079504571602,70,reaction_wheel_degradation,2.4354001685708293,0.3718692319942847,gradual,0.7261174080063819,0.8751850190891066,628890386,reaction_wheel_degradation
10740.0,179.0,2.9833333333333334,0,0.0,345.8417661836448,345.8417661836448,82.34957078606136,82.37976484567216,29.293982831442456,29.316430083299892,11.80589775632825,11.79205922612941,24.518306297780494,24.461032399454165,25.48051347310958,25.467133347610723,12.150337746630113,17.29208830918224,2896.044154591119,2808.800941817166,2807.3514257948077,0.0036537790387417973,0.2413444759685449,0.24253848965087296,22.987192175269914,23.233451051561143,0.0,0.0,0.0,0.2806150670920692,True,reaction_wheel_degradation,0.7546068428064573,0.2806150670920692,reaction_wheel_degradation,0.3718692319942847,0.2806150670920692,70,reaction_wheel_degradation,2.4354001685708293,0.3718692319942847,gradual,0.7261174080063819,0.8751850190891066,628890386,reaction_wheel_degradation
10800.0,180.0,3.0,1,600.0,349.99999999999994,-250.00000000000006,82.72159459558517,82.4812106810167,29.308863783823405,29.33609061273756,-8.529842775344429,-8.56558442395503,24.525931984733038,24.57845943632147,25.4916693653247,25.46917275069091,6.820657421767644,17.499999999999996,2999.999999999999,2904.400470908583,2905.822559508037,0.003941562546231342,0.24853906365578354,0.24249947057485705,22.983947682642324,22.844033919421722,0.0,0.0,0.0,0.2891506296125364,True,reaction_wheel_degradation,0.777559971987627,0.2891506296125364,reaction_wheel_degradation,0.3718692319942847,0.2891506296125364,70,reaction_wheel_degradation,2.4354001685708293,0.3718692319942847,gradual,0.7261174080063819,0.8751850190891066,628890386,reaction_wheel_degradation
10860.0,181.0,3.0166666666666666,1,601.2556165273943,354.15823381635516,-247.09738271103913,83.08929903414327,82.7567466166525,29.32357196136573,29.329487908436867,-8.42657855723013,-8.461343817556925,24.53304498647295,24.49255634473984,25.50315183378374,25.584822816270165,6.680578094493649,17.70791169081776,3103.9558454088797,3004.1781581587315,2998.791478696937,0.0041258768714193764,0.25314692178548437,0.2532979303448796,22.98105975269832,22.986515172000033,0.0,0.0,0.0,0.29768619213300357,True,reaction_wheel_degradation,0.8005131011687968,0.29768619213300357,reaction_wheel_degradation,0.3718692319942847,0.29768619213300357,70,reaction_wheel_degradation,2.4354001685708293,0.3718692319942847,gradual,0.7261174080063819,0.8751850190891066,628890386,reaction_wheel_degradation
10920.0,182.0,3.033333333333333,1,602.5051158172811,358.134732861516,-244.37038295576508,83.45294543735125,83.63963716608752,29.33811781749405,29.34396469333308,-8.329449914815232,-8.3390989362473,24.539681312789693,24.651776562444038,25.51494009239962,25.482053774079645,6.550378870673239,17.9067366430758,3203.3683215379006,3103.773239848316,3104.886685394521,0.0041999505878145245,0.2549987646953631,0.2560943046958115,22.978527611450144,22.98203812608808,0.0,0.0,0.0,0.30622175465347073,True,reaction_wheel_degradation,0.8234662303499665,0.30622175465347073,reaction_wheel_degradation,0.3718692319942847,0.30622175465347073,70,reaction_wheel_degradation,2.4354001685708293,0.3718692319942847,gradual,0.7261174080063819,0.8751850190891066,628890386,reaction_wheel_degradation
10980.0,183.0,3.05,1,603.7424104347197,361.75570504584937,-241.9867053888703,83.81304470132278,83.8256177226615,29.35252178805291,29.38703712442022,-8.24415384600324,-8.235878529867986,24.545900844282706,24.765282479992816,25.526996142165007,25.526310010307036,6.437285810925601,18.08778525229247,3293.8926261462348,3198.8329329972753,3207.5914369032967,0.004161753988051226,0.25404384970128063,0.2570484271542725,22.976338566891105,23.031916676957596,0.0,0.0,0.0,0.31475731717393796,True,reaction_wheel_degradation,0.8464193595311362,0.31475731717393796,reaction_wheel_degradation,0.3718692319942847,0.31475731717393796,70,reaction_wheel_degradation,2.4354001685708293,0.3718692319942847,gradual,0.7261174080063819,0.8751850190891066,628890386,reaction_wheel_degradation
11040.0,184.0,3.066666666666667,1,604.961472404706,364.8628965095479,-240.0985758951581,84.1703342487858,84.06547337251355,29.366813369951434,29.37874595703259,-8.175847098917126,-8.16695842988372,24.551783966092977,24.562361433542733,25.539266462678643,25.4266126943831,6.3475580627897275,18.243144825477398,3371.5724127386984,3285.202672867987,3282.269578444193,0.0040140862309713515,0.25035215577428377,0.2521841197351476,22.974467743991262,22.869933239801238,0.0,0.0,0.0,0.32329287969440534,True,reaction_wheel_degradation,0.8693724887123065,0.32329287969440534,reaction_wheel_degradation,0.3718692319942847,0.32329287969440534,70,reaction_wheel_degradation,2.4354001685708293,0.3718692319942847,gradual,0.7261174080063819,0.8751850190891066,628890386,reaction_wheel_degradation
11100.0,185.0,3.0833333333333335,1,606.1563625798619,367.32050807568874,-238.8358545041732,84.52574474655987,84.59651618806694,29.381029789862396,29.398769366025764,-8.128913663420365,-8.06335496510677,24.557427725589044,24.57196939676576,25.55168438178478,25.51331372343824,6.286338987787384,18.366025403784437,3433.0127018922185,3359.1076873801026,3360.390997492812,0.0037644548480436843,0.2441113712010921,0.23370558792816107,22.972878464417324,22.88388701581682,0.0,0.0,0.0,0.33182844221487257,True,reaction_wheel_degradation,0.8923256178934763,0.33182844221487257,reaction_wheel_degradation,0.3718692319942847,0.33182844221487257,70,reaction_wheel_degradation,2.4354001685708293,0.3718692319942847,gradual,0.7261174080063819,0.8751850190891066,628890386,reaction_wheel_degradation
11160.0,186.0,3.1,1,607.3212595753644,369.0211303259031,-238.3001292494613,84.88035803413348,84.88827852373312,29.395214321365337,29.396244498649754,-8.106766177794373,-8.082239774670288,24.562941734665223,24.50712848679302,25.564173019763093,25.482733476738527,6.257572628914463,18.451056516295154,3475.5282581475767,3417.3179727638394,3420.831862994035,0.003424752794718511,0.23561881986796276,0.23234722638218913,22.971523336967188,23.093442319061364,0.0,0.0,0.0,0.3403640047353398,True,reaction_wheel_degradation,0.9152787470746461,0.3403640047353398,reaction_wheel_degradation,0.3718692319942847,0.3403640047353398,70,reaction_wheel_degradation,2.4354001685708293,0.3718692319942847,gradual,0.7261174080063819,0.8751850190891066,628890386,reaction_wheel_degradation
11220.0,187.0,3.1166666666666667,1,608.450488130146,369.8904379073654,-238.5600502227806,85.23535810886976,84.91140276282988,29.409414324354792,29.390216887525742,-8.111689936824824,-8.11602890516603,24.56844395455888,24.581367061345674,25.576648679395724,25.743940978952345,6.26396109049481,18.494521895368273,3497.260947684136,3457.2894602239876,3460.8228282083955,0.0030107469353195344,0.22526867338298834,0.2247289114669728,22.970346068533892,22.966932443815356,0.0,0.0,0.0,0.34889956725580695,True,reaction_wheel_degradation,0.9382318762558157,0.34889956725580695,reaction_wheel_degradation,0.3718692319942847,0.34889956725580695,70,reaction_wheel_degradation,2.4354001685708293,0.3718692319942847,gradual,0.7261174080063819,0.8751850190891066,628890386,reaction_wheel_degradation
11280.0,188.0,3.1333333333333333,1,609.5385467561977,369.8904379073655,-239.64810884883218,85.59197731846623,85.68782606512066,29.42367909273865,29.41644889281843,-8.1447363565073,-8.145925333589792,24.574056418916065,24.651699713866165,25.589024533751296,25.57268748133542,6.306938425360945,18.494521895368276,3497.2609476841367,3477.2752039540624,3478.048279913993,0.0025413999559585412,0.21353499889896352,0.21340878261745796,22.96928393874977,23.047213685416697,0.0,0.0,0.0,0.3574351297762741,True,reaction_wheel_degradation,0.9611850054369855,0.3574351297762741,reaction_wheel_degradation,0.3718692319942847,0.3574351297762741,70,reaction_wheel_degradation,2.4354001685708293,0.3718692319942847,gradual,0.7261174080063819,0.8751850190891066,628890386,reaction_wheel_degradation
11340.0,189.0,3.15,1,610.5801345412646,369.02113032590313,-241.55900421536143,85.95144012235815,85.72371254252954,29.438057604894325,29.400853077783538,-8.205670613783981,-8.213113439694299,24.579900888461747,24.47697665143426,25.601214450513876,25.59783003129048,6.386642417753438,18.451056516295157,3475.5282581475776,3476.40173105082,3476.0796235339667,0.0020380548603543204,0.200951371508858,0.20605492251184326,22.968270812934154,22.86874093783464,0.0,0.0,0.0,0.36597069229674134,True,reaction_wheel_degradation,0.9841381346181552,0.36597069229674134,reaction_wheel_degradation,0.3718692319942847,0.36597069229674134,70,reaction_wheel_degradation,2.4354001685708293,0.3718692319942847,gradual,0.7261174080063819,0.8751850190891066,628890386,reaction_wheel_degradation
11400.0,190.0,3.1666666666666665,1,611.5701769743577,367.3205080756888,-244.24966889866886,86.3149068915526,86.28602799482245,29.452596275662103,29.459836199542334,-8.29297582503796,-8.271086394810446,24.586094402606886,24.62295377009607,25.613136785717334,25.57532823785924,6.5018758427731225,18.36602540378444,3433.0127018922203,3454.7072164715205,3452.6786739756967,0.001513917083432343,0.18784792708580858,0.1987143112692865,22.9672113641541,22.97178318657867,0.0,0.0,0.0,0.3718692319942847,True,reaction_wheel_degradation,1.0,0.3718692319942847,reaction_wheel_degradation,0.3718692319942847,0.3718692319942847,70,reaction_wheel_degradation,2.4354001685708293,0.3718692319942847,gradual,0.7261174080063819,0.8751850190891066,628890386,reaction_wheel_degradation
11460.0,191.0,3.183333333333333,1,612.503850668262,364.86289650954785,-247.64095415871412,86.68342021619354,86.56713840494574,29.46733680864774,29.51136575472194,-8.403913654186736,-8.419430590386256,24.592744706779786,24.518572376203583,25.62471798108255,25.575762778818792,6.650061176562101,18.243144825477394,3371.5724127386957,3413.1398146051083,3415.2481682798666,0.0009806541325870753,0.17451635331467688,0.170579253908911,22.965981252772263,22.8977983227453,0.0,0.0,0.0,0.3718692319942847,True,reaction_wheel_degradation,1.0,0.3718692319942847,reaction_wheel_degradation,0.3718692319942847,0.3718692319942847,70,reaction_wheel_degradation,2.4354001685708293,0.3718692319942847,gradual,0.7261174080063819,0.8751850190891066,628890386,reaction_wheel_degradation
11520.0,192.0,3.2,1,613.376606858593,361.7557050458495,-251.62090181274357,87.05785608198632,86.71650142839557,29.482314243279454,29.498503659580603,-8.534638757881803,-8.625935078963137,24.599945587533117,24.594064076262136,25.635895807738475,25.65183821040017,6.827204698203059,18.087785252292473,3293.892626146237,3353.516220375672,3357.117951093523,0.000483051065176057,0.1620762766294014,0.16607107002447732,22.96453220738482,22.964534911452674,0.0,0.0,0.0,0.3718692319942847,True,reaction_wheel_degradation,1.0,0.3718692319942847,reaction_wheel_degradation,0.3718692319942847,0.3718692319942847,70,reaction_wheel_degradation,2.4354001685708293,0.3718692319942847,gradual,0.7261174080063819,0.8751850190891066,628890386,reaction_wheel_degradation
11580.0,193.0,3.216666666666667,1,614.184193564921,358.134732861516,-256.049460703405,87.4388820651759,87.51614134668633,29.497555282607035,29.497754014401888,-8.680362092731874,-8.736622125775641,24.607772230290834,24.463033216239012,25.646622114562717,25.645468114085844,7.027894884874919,17.9067366430758,3203.3683215379,3278.4422709567857,3277.1538184105434,4.2855523009450915e-05,0.15107138807523626,0.15003698692710465,22.962827488007854,22.990565037020307,0.0,0.0,0.0,0.3718692319942847,True,reaction_wheel_degradation,1.0,0.3718692319942847,reaction_wheel_degradation,0.3718692319942847,0.3718692319942847,70,reaction_wheel_degradation,2.4354001685708293,0.3718692319942847,gradual,0.7261174080063819,0.8751850190891066,628890386,reaction_wheel_degradation
11640.0,194.0,3.2333333333333334,1,614.9226763059908,354.15823381635533,-260.7644424896354,87.82692439030929,87.88439459237524,29.51307697561237,29.512557347152587,-8.835555936953428,-8.790178783198272,24.616276809899766,24.687336000584,25.65686496102785,25.753364590255252,7.245363897202638,17.707911690817767,3103.955845408883,3191.1990581828345,3187.3371679356655,-0.0003206938364273921,0.1580173459106848,0.15406115404589985,22.960918954846424,22.88657617065004,0.0,0.0,0.0,0.3718692319942847,True,reaction_wheel_degradation,1.0,0.3718692319942847,reaction_wheel_degradation,0.3718692319942847,0.3718692319942847,70,reaction_wheel_degradation,2.4354001685708293,0.3718692319942847,gradual,0.7261174080063819,0.8751850190891066,628890386,reaction_wheel_degradation
11700.0,195.0,3.25,1,615.5884572681198,349.99999999999994,-265.58845726811984,88.22214530886305,88.19187669523734,29.52888581235452,29.54017682717564,-8.99419161819512,-9.021107232897696,24.62548461113765,24.667324326510435,25.666610041339627,25.831595676644483,7.47163862918491,17.499999999999996,2999.999999999999,3095.599529091417,3099.0723743789135,-0.0005917081616238593,0.16479270404059648,0.15308111728306756,22.958784620453763,23.001712979004107,0.0,0.0,0.0,0.3718692319942847,True,reaction_wheel_degradation,1.0,0.3718692319942847,reaction_wheel_degradation,0.3718692319942847,0.3718692319942847,70,reaction_wheel_degradation,2.4354001685708293,0.3718692319942847,gradual,0.7261174080063819,0.8751850190891066,628890386,reaction_wheel_degradation
11760.0,196.0,3.2666666666666666,1,616.178292833385,345.8417661836449,-270.33652664974005,88.62443180685374,88.78235011049286,29.54497727227415,29.512459764361743,-9.149999479046192,-9.16156848429586,24.635391034261904,24.69557475519408,25.675861337627275,25.783707401275578,7.697799237323648,17.292088309182244,2896.044154591122,2995.82184184127,2983.1676380135214,-0.0007583428260976462,0.16895857065244116,0.16545862071902814,22.956403645110736,22.89758205801936,0.0,0.0,0.0,0.3718692319942847,True,reaction_wheel_degradation,1.0,0.3718692319942847,reaction_wheel_degradation,0.3718692319942847,0.3718692319942847,70,reaction_wheel_degradation,2.4354001685708293,0.3718692319942847,gradual,0.7261174080063819,0.8751850190891066,628890386,reaction_wheel_degradation
11820.0,197.0,3.283333333333333,1,616.6893093822022,341.86526713848406,-274.8240422437181,89.0333961554307,89.17231136888891,29.561335846217226,29.5508220647297,-9.296739622099507,-9.291583214830556,24.645959852749964,24.61283749364361,25.684640973640104,25.691946469243316,7.9143494080891905,17.093263356924204,2796.6316784621013,2896.226760151685,2898.206936391068,-0.0008133150954095691,0.17033287738523922,0.17357627200653203,22.953766915570487,22.84630378078512,0.0,0.0,0.0,0.3718692319942847,True,reaction_wheel_degradation,1.0,0.3718692319942847,reaction_wheel_degradation,0.3718692319942847,0.3718692319942847,70,reaction_wheel_degradation,2.4354001685708293,0.3718692319942847,gradual,0.7261174080063819,0.8751850190891066,628890386,reaction_wheel_degradation
11880.0,198.0,3.3,1,617.1190172933127,338.24429495415046,-278.87472233916225,89.44838830176873,89.58982233891501,29.57793553207075,29.632595195214165,-9.428471504942733,-9.429181272939353,24.657123046945337,24.580698813923934,25.692988275346398,25.76876937676923,8.111685993561366,16.912214747707523,2706.107373853761,2801.1670670027233,2812.006259607816,-0.000754222417604452,0.1688555604401113,0.17164633352507733,22.950876934633918,22.926558118775873,0.0,0.0,0.0,0.3718692319942847,True,reaction_wheel_degradation,1.0,0.3718692319942847,reaction_wheel_degradation,0.3718692319942847,0.3718692319942847,70,reaction_wheel_degradation,2.4354001685708293,0.3718692319942847,gradual,0.7261174080063819,0.8751850190891066,628890386,reaction_wheel_degradation
11940.0,199.0,3.316666666666667,1,617.465323072968,335.13710349045215,-282.3282195825158,89.86851958090938,90.25838154799642,29.594740783236375,29.611090827274463,-9.539810524119801,-9.546387186255668,24.668782437953293,24.748692048425838,25.700958079492672,25.732274804311665,8.280638786888552,16.75685517452261,2628.427587261303,2714.7973271320134,2717.6220036916166,-0.0005836474262603895,0.16459118565650974,0.15962913937040807,22.9477472778319,23.00539088201168,0.0,0.0,0.0,0.3718692319942847,True,reaction_wheel_degradation,1.0,0.3718692319942847,reaction_wheel_degradation,0.3718692319942847,0.3718692319942847,70,reaction_wheel_degradation,2.4354001685708293,0.3718692319942847,gradual,0.7261174080063819,0.8751850190891066,628890386,reaction_wheel_degradation
12000.0,200.0,3.3333333333333335,1,617.7265395542198,332.6794919243112,-285.0470476299086,90.29269673512056,90.33559769949974,29.61170786940482,29.597874582241225,-9.626160331144652,-9.613075586653597,24.680813200051148,24.695178363506024,25.708618364049162,25.555518551790904,8.413037017672233,16.633974596215563,2566.9872981077806,2640.892312619897,2641.8822283051672,-0.0003090450670088934,0.15772612667522232,0.15440190899308287,22.94440171486151,22.866845512517532,0.0,0.0,0.0,0.3718692319942847,True,reaction_wheel_degradation,1.0,0.3718692319942847,reaction_wheel_degradation,0.3718692319942847,0.3718692319942847,70,reaction_wheel_degradation,2.4354001685708293,0.3718692319942847,gradual,0.7261174080063819,0.8751850190891066,628890386,reaction_wheel_degradation
12060.0,201.0,3.35,1,617.9013941166289,330.978869674097,-286.92252444253194,90.71966477744576,90.60453828851763,29.62878659109783,29.63912876382677,-9.68391073189409,-9.690983279420346,24.693069154734385,24.716973716131456,25.71604730410418,25.68665799552353,8.502250165063481,16.54894348370485,2524.471741852424,2582.6820272361606,2584.2387226409287,5.7583219362524396e-05,0.1514395804840631,0.15243348392324574,22.940886637734824,22.94195836387647,0.0,0.0,0.0,0.3718692319942847,True,reaction_wheel_degradation,1.0,0.3718692319942847,reaction_wheel_degradation,0.3718692319942847,0.3718692319942847,70,reaction_wheel_degradation,2.4354001685708293,0.3718692319942847,gradual,0.7261174080063819,0.8751850190891066,628890386,reaction_wheel_degradation
12120.0,202.0,3.3666666666666667,1,617.9890348863438,330.1095620926345,-287.8794727937093,91.14805685005544,91.00441858073556,29.645922274002217,29.61315318778839,-9.710592577724025,-9.716695320994784,24.705389568662124,24.65157542958357,25.72332988188061,25.742112361791477,8.543648656843914,16.505478104631727,2502.7390523158633,2542.710539776012,2539.3648522096887,0.0005002140174616618,0.16250535043654155,0.16083791464701594,22.9373331779724,22.829597126604845,0.0,0.0,0.0,0.3718692319942847,True,reaction_wheel_degradation,1.0,0.3718692319942847,reaction_wheel_degradation,0.3718692319942847,0.3718692319942847,70,reaction_wheel_degradation,2.4354001685708293,0.3718692319942847,gradual,0.7261174080063819,0.8751850190891066,628890386,reaction_wheel_degradation
12180.0,203.0,3.3833333333333333,1,617.9890348863438,330.1095620926345,-287.8794727937093,91.57644892266512,91.33040014610759,29.663057956906606,29.675991690178684,-9.704982986310108,-9.659928116287876,24.717607016520702,24.879430627127274,25.730554199034827,25.842515505349173,8.534935581165493,16.505478104631727,2502.7390523158633,2522.724796045938,2528.7916231097934,0.0009995022374334138,0.17498755593583534,0.1763745699025519,22.933800775380888,22.971731256221425,0.0,0.0,0.0,0.3718692319942847,True,reaction_wheel_degradation,1.0,0.3718692319942847,reaction_wheel_degradation,0.3718692319942847,0.3718692319942847,70,reaction_wheel_degradation,2.4354001685708293,0.3718692319942847,gradual,0.7261174080063819,0.8751850190891066,628890386,reaction_wheel_degradation
12240.0,204.0,3.4,1,617.9013941166289,330.9788696740969,-286.922524442532,92.00341696499031,91.77925515728624,29.680136678599613,29.676180712231716,-9.667156440334484,-9.63021045232224,24.729555751392752,24.815794486262526,25.73780765240996,25.679100232293433,8.47631309135204,16.548943483704846,2524.471741852423,2523.5982689491807,2532.1851056262517,0.001533626588214306,0.18834066470535765,0.18356636149335612,22.930348326878455,22.85729757508605,0.0,0.0,0.0,0.3718692319942847,True,reaction_wheel_degradation,1.0,0.3718692319942847,reaction_wheel_degradation,0.3718692319942847,0.3718692319942847,70,reaction_wheel_degradation,2.4354001685708293,0.3718692319942847,gradual,0.7261174080063819,0.8751850190891066,628890386,reaction_wheel_degradation
12300.0,205.0,3.4166666666666665,1,617.7265395542198,332.67949192431115,-285.04704762990866,92.4275941192015,92.5658425793379,29.69710376476806,29.68186824181588,-9.598479699831259,-9.5924814366246,24.741079966897214,24.820125637363308,25.74517314038311,25.811251180627888,8.370465003845823,16.63397459621556,2566.9872981077788,2545.29278352848,2535.525919718651,0.002079243272662199,0.20198108181655497,0.20456808826021852,22.927032114347934,22.920210628170608,0.0,0.0,0.0,0.3718692319942847,True,reaction_wheel_degradation,1.0,0.3718692319942847,reaction_wheel_degradation,0.3718692319942847,0.3718692319942847,70,reaction_wheel_degradation,2.4354001685708293,0.3718692319942847,gradual,0.7261174080063819,0.8751850190891066,628890386,reaction_wheel_degradation
12360.0,206.0,3.433333333333333,1,617.465323072968,335.13710349045215,-282.3282195825158,92.84772539834213,92.70517199265934,29.713909015933687,29.686526542692288,-9.501550921190514,-9.522536094245687,24.752041345737958,24.580136090868464,25.75272546560909,25.884505812255615,8.222357592638105,16.75685517452261,2628.427587261303,2586.8601853948917,2587.3173245347552,0.0026125062235074666,0.21531265558768664,0.21070472772365176,22.923903814796883,22.93350254332778,0.0,0.0,0.0,0.3718692319942847,True,reaction_wheel_degradation,1.0,0.3718692319942847,reaction_wheel_degradation,0.3718692319942847,0.3718692319942847,70,reaction_wheel_degradation,2.4354001685708293,0.3718692319942847,gradual,0.7261174080063819,0.8751850190891066,628890386,reaction_wheel_degradation
12420.0,207.0,3.45,1,617.1190172933127,338.24429495415046,-278.87472233916225,93.26271754468019,93.68701891992356,29.73050870178721,29.742194134372138,-9.380085794576333,-9.407741511363485,24.76232536686716,24.75231844113786,25.76052809137963,25.94225672696681,8.038880761089018,16.912214747707523,2706.107373853761,2646.4837796243264,2648.0771269190195,0.0031101092909184844,0.2277527322729621,0.22560550630745413,22.921008597631268,22.794820994589998,0.0,0.0,0.0,0.3718692319942847,True,reaction_wheel_degradation,1.0,0.3718692319942847,reaction_wheel_degradation,0.3718692319942847,0.3718692319942847,70,reaction_wheel_degradation,2.4354001685708293,0.3718692319942847,gradual,0.7261174080063819,0.8751850190891066,628890386,reaction_wheel_degradation
12480.0,208.0,3.466666666666667,1,616.6893093822022,341.86526713848394,-274.8240422437182,93.67168189325714,93.57071113371575,29.746867275730285,29.697733865893632,-9.238755788847056,-9.267230552352553,24.771845976939545,24.655128543346752,25.768630393362443,25.65654530786324,7.8283686820764,17.093263356924197,2796.631678462098,2721.5577290432116,2726.340235315022,0.003550304833085104,0.2387576208271276,0.24403721299100647,22.918383329785062,23.042855668242723,0.0,0.0,0.0,0.3718692319942847,True,reaction_wheel_degradation,1.0,0.3718692319942847,reaction_wheel_degradation,0.3718692319942847,0.3718692319942847,70,reaction_wheel_degradation,2.4354001685708293,0.3718692319942847,gradual,0.7261174080063819,0.8751850190891066,628890386,reaction_wheel_degradation
12540.0,209.0,3.4833333333333334,1,616.178292833385,345.8417661836449,-270.33652664974005,94.07396839124782,93.890611574172,29.762958735649914,29.759715386125453,-9.082985634957469,-9.084880341232816,24.780548401889867,24.896070246149254,25.77706552683391,25.829100918163146,7.600050243587499,17.292088309182244,2896.0441545911226,2808.8009418171673,2800.015787235518,0.0039138541925220465,0.24784635481305117,0.2535745285890758,22.916054935269376,22.89189981787509,0.0,0.0,0.0,0.3718692319942847,True,reaction_wheel_degradation,1.0,0.3718692319942847,reaction_wheel_degradation,0.3718692319942847,0.3718692319942847,70,reaction_wheel_degradation,2.4354001685708293,0.3718692319942847,gradual,0.7261174080063819,0.8751850190891066,628890386,reaction_wheel_degradation
12600.0,210.0,3.5,1,615.5884572681198,349.99999999999994,-265.58845726811984,94.46918930980158,94.40859793859383,29.778767572392063,29.770316958646504,-8.918718903409127,-8.915823322951967,24.788410057312667,24.92339551952024,25.785849002619237,25.768578353560567,7.363483750242184,17.499999999999996,2999.999999999999,2904.4004709085834,2897.5151168460607,0.004184868517718395,0.2546217129429599,0.25667572373119274,22.914038985003305,22.944659372050936,0.0,0.0,0.0,0.3718692319942847,True,reaction_wheel_degradation,1.0,0.3718692319942847,reaction_wheel_degradation,0.3718692319942847,0.3718692319942847,70,reaction_wheel_degradation,2.4354001685708293,0.3718692319942847,gradual,0.7261174080063819,0.8751850190891066,628890386,reaction_wheel_degradation
12660.0,211.0,3.5166666666666666,1,614.9226763059908,354.15823381635516,-260.7644424896356,94.85723163493495,95.04069541691679,29.7942892653974,29.83468733993395,-8.752161871251051,-8.768485095197407,24.795439686947613,24.893721678802468,25.79497803397992,25.81544160901451,7.128026993646456,17.70791169081776,3103.955845408879,3004.1781581587315,3002.9055639907674,0.004351503182192224,0.2587875795548056,0.25635553786544485,22.912338618051425,22.899329161304696,0.0,0.0,0.0,0.3718692319942847,True,reaction_wheel_degradation,1.0,0.3718692319942847,reaction_wheel_degradation,0.3718692319942847,0.3718692319942847,70,reaction_wheel_degradation,2.4354001685708293,0.3718692319942847,gradual,0.7261174080063819,0.8751850190891066,628890386,reaction_wheel_degradation
12720.0,212.0,3.533333333333333,1,614.184193564921,358.1347328615159,-256.0494607034051,95.23825761812455,95.31173782896921,29.80953030472498,29.809936817967937,-8.589516778223768,-8.600871106381963,24.801674995088163,24.79236438471149,25.80443168299423,25.811105101059656,6.90238387867101,17.906736643075796,3203.3683215378974,3103.773239848314,3115.9163387976546,0.004406475451504105,0.2601618862876026,0.2615922862341166,22.910943909406843,23.04513885522839,0.0,0.0,0.0,0.3718692319942847,True,reaction_wheel_degradation,1.0,0.3718692319942847,reaction_wheel_degradation,0.3718692319942847,0.3718692319942847,70,reaction_wheel_degradation,2.4354001685708293,0.3718692319942847,gradual,0.7261174080063819,0.8751850190891066,628890386,reaction_wheel_degradation
12780.0,213.0,3.55,1,613.376606858593,361.7557050458495,-251.62090181274357,95.61269348391733,95.54192476834015,29.824507739356694,29.79957255165556,-8.436716005900822,-8.408670166007127,24.807179125641426,24.680322081183256,25.814171800034863,25.940218981860195,6.694254157137849,18.087785252292473,3293.8926261462375,3198.8329329972757,3197.8230716838475,0.004347382773699008,0.2586845693424752,0.2615562393341755,22.90983179668433,22.83273611199464,0.0,0.0,0.0,0.3718692319942847,True,reaction_wheel_degradation,1.0,0.3718692319942847,reaction_wheel_degradation,0.3718692319942847,0.3718692319942847,70,reaction_wheel_degradation,2.4354001685708293,0.3718692319942847,gradual,0.7261174080063819,0.8751850190891066,628890386,reaction_wheel_degradation
12840.0,214.0,3.566666666666667,1,612.503850668262,364.86289650954785,-247.64095415871412,95.98120680855826,95.94383156122849,29.83924827234233,29.874147404723782,-8.299168661974965,-8.297591611978255,24.81203637101555,24.89587435593729,25.824144715285538,25.79544042730559,6.510096038392588,18.243144825477394,3371.5724127386957,3285.202672867986,3284.295069431028,0.004176807782354944,0.2544201945588736,0.24843003989132006,22.908966655751374,22.963418479005192,0.0,0.0,0.0,0.3718692319942847,True,reaction_wheel_degradation,1.0,0.3718692319942847,reaction_wheel_degradation,0.3718692319942847,0.3718692319942847,70,reaction_wheel_degradation,2.4354001685708293,0.3718692319942847,gradual,0.7261174080063819,0.8751850190891066,628890386,reaction_wheel_degradation
12900.0,215.0,3.5833333333333335,1,611.5701769743577,367.32050807568874,-244.24966889866892,96.3446735777527,96.66258136478697,29.85378694311011,29.911299193090475,-8.181530516182598,-8.196049898431397,24.816347470546052,24.755101602322178,25.83428360837082,25.579736826705567,6.354995326978167,18.366025403784437,3433.0127018922185,3359.1076873801026,3350.3736785209157,0.003902205423103456,0.2475551355775864,0.24334571107881786,22.90830157404114,22.900257316255725,0.0,0.0,0.0,0.3718692319942847,True,reaction_wheel_degradation,1.0,0.3718692319942847,reaction_wheel_degradation,0.3718692319942847,0.3718692319942847,70,reaction_wheel_degradation,2.4354001685708293,0.3718692319942847,gradual,0.7261174080063819,0.8751850190891066,628890386,reaction_wheel_degradation
12960.0,216.0,3.6,1,610.5801345412646,369.021130325903,-241.55900421536154,96.70413638164462,96.8516238695606,29.868165455265785,29.912103396983984,-8.087507234990706,-8.060020068264464,24.820224791929718,24.91961697044326,25.844511452536445,25.80669840086469,6.232621862082161,18.45105651629515,3475.5282581475753,3417.317972763839,3419.2513276410828,0.0035355771367320383,0.23838942841830096,0.23672460406120094,22.907780314098527,22.87759457641224,0.0,0.0,0.0,0.3718692319942847,True,reaction_wheel_degradation,1.0,0.3718692319942847,reaction_wheel_degradation,0.3718692319942847,0.3718692319942847,70,reaction_wheel_degradation,2.4354001685708293,0.3718692319942847,gradual,0.7261174080063819,0.8751850190891066,628890386,reaction_wheel_degradation
13020.0,217.0,3.6166666666666667,1,609.5385467561977,369.8904379073655,-239.64810884883218,97.0607555912411,97.09840603631575,29.882430223649642,29.866322397054912,-8.019699437268967,-8.044115582585924,24.823787597595242,24.6833059382442,25.85474440470689,25.952682880487032,6.145246325130574,18.494521895368276,3497.2609476841367,3457.2894602239876,3456.0813730723776,0.0030929463386329147,0.22732365846582286,0.2195729170749777,22.90733989570914,22.935945292507643,0.0,0.0,0.0,0.3718692319942847,True,reaction_wheel_degradation,1.0,0.3718692319942847,reaction_wheel_degradation,0.3718692319942847,0.3718692319942847,70,reaction_wheel_degradation,2.4354001685708293,0.3718692319942847,gradual,0.7261174080063819,0.8751850190891066,628890386,reaction_wheel_degradation
13080.0,218.0,3.6333333333333333,1,608.4504881301461,369.8904379073655,-238.56005022278066,97.41575566597737,97.4307800733474,29.896630226639097,29.88624027587247,-7.979496298222068,-7.975676501689171,24.827157501655893,24.97161022261926,25.86489549325997,25.75682431940973,6.093788893867175,18.494521895368276,3497.2609476841367,3477.2752039540624,3478.6227651988547,0.002593658118661149,0.21484145296652873,0.20901705316409755,22.906913661441216,22.89997357576644,0.0,0.0,0.0,0.3718692319942847,True,reaction_wheel_degradation,1.0,0.3718692319942847,reaction_wheel_degradation,0.3718692319942847,0.3718692319942847,70,reaction_wheel_degradation,2.4354001685708293,0.3718692319942847,gradual,0.7261174080063819,0.8751850190891066,628890386,reaction_wheel_degradation
13140.0,219.0,3.65,1,607.3212595753644,369.02113032590313,-238.30012924946124,97.77036895355099,97.52921413635138,29.91081475814204,29.92509582931809,-7.967022335444521,-7.976761693477255,24.830454141950884,24.77954104894378,25.87487844234648,25.86755606228334,6.07787559147775,18.451056516295157,3475.5282581475776,3476.40173105082,3483.0900430745564,0.0020595337678802643,0.2014883441970066,0.21171589261204934,22.906434636677695,22.894326830050428,0.0,0.0,0.0,0.3718692319942847,True,reaction_wheel_degradation,1.0,0.3718692319942847,reaction_wheel_degradation,0.3718692319942847,0.3718692319942847,70,reaction_wheel_degradation,2.4354001685708293,0.3718692319942847,gradual,0.7261174080063819,0.8751850190891066,628890386,reaction_wheel_degradation
13200.0,220.0,3.6666666666666665,1,606.156362579862,367.32050807568874,-238.8358545041733,98.12577945132504,98.01317183254751,29.925031178053,29.87994990079654,-7.98113970485469,-8.038702034918009,24.833791041362755,24.894050807575557,25.884611465615276,25.91258316932456,6.095887279072641,18.366025403784437,3433.0127018922185,3454.7072164715196,3456.7578601875302,0.0015139170834323219,0.18784792708580805,0.19115634555137712,22.905838959219565,22.822565297411487,0.0,0.0,0.0,0.3718692319942847,True,reaction_wheel_degradation,1.0,0.3718692319942847,reaction_wheel_degradation,0.3718692319942847,0.3718692319942847,70,reaction_wheel_degradation,2.4354001685708293,0.3718692319942847,gradual,0.7261174080063819,0.8751850190891066,628890386,reaction_wheel_degradation
13260.0,221.0,3.683333333333333,1,604.961472404706,364.8628965095479,-240.0985758951581,98.4830689987881,98.50844572645329,29.939322759951523,29.95486191214335,-8.019505912683071,-8.021221036384588,24.837271621803527,24.83542714547201,25.894020863541307,25.751059518388953,6.144998006684699,18.243144825477398,3371.572412738698,3413.1398146051088,3417.80107906033,0.0009806541325871247,0.1745163533146781,0.1791260588324808,22.905069140874737,22.884038859935053,0.0,0.0,0.0,0.3718692319942847,True,reaction_wheel_degradation,1.0,0.3718692319942847,reaction_wheel_degradation,0.3718692319942847,0.3718692319942847,70,reaction_wheel_degradation,2.4354001685708293,0.3718692319942847,gradual,0.7261174080063819,0.8751850190891066,628890386,reaction_wheel_degradation
13320.0,222.0,3.7,1,603.7424104347197,361.7557050458495,-241.98670538887018,98.84316826275963,98.67668501765063,29.953726730510386,29.928602840030198,-8.07868441766835,-8.044060351099786,24.84098536325145,24.78766005944108,25.903044267137563,25.77202351891418,6.221211353622193,18.087785252292473,3293.8926261462375,3353.5162203756736,3351.808325459556,0.000483051065176057,0.1620762766294014,0.1652756565603244,22.904076936326526,23.050038632114845,0.0,0.0,0.0,0.3718692319942847,True,reaction_wheel_degradation,1.0,0.3718692319942847,reaction_wheel_degradation,0.3718692319942847,0.3718692319942847,70,reaction_wheel_degradation,2.4354001685708293,0.3718692319942847,gradual,0.7261174080063819,0.8751850190891066,628890386,reaction_wheel_degradation
13380.0,223.0,3.716666666666667,1,602.5051158172813,358.13473286151617,-244.37038295576514,99.20681466596761,99.05394787195668,29.968272586638705,29.956800361562525,-8.154303263536024,-8.16144553919698,24.845004160862263,24.87361934945934,25.911633386286614,26.037500380168627,6.319412937097139,17.90673664307581,3203.3683215379037,3278.442270956789,3282.6131372117557,4.285552300949428e-05,0.15107138807523735,0.1546175846231437,22.902825631482493,22.792918298734236,0.0,0.0,0.0,0.3718692319942847,True,reaction_wheel_degradation,1.0,0.3718692319942847,reaction_wheel_degradation,0.3718692319942847,0.3718692319942847,70,reaction_wheel_degradation,2.4354001685708293,0.3718692319942847,gradual,0.7261174080063819,0.8751850190891066,628890386,reaction_wheel_degradation
13440.0,224.0,3.7333333333333334,1,601.2556165273943,354.15823381635516,-247.09738271103913,99.5745191045257,99.63483992987541,29.98298076418103,29.96770426762692,-8.24125475230376,-8.242225528556174,24.849379010535056,24.704062651039695,25.919756142577956,25.8558997887477,6.433462391389545,17.70791169081776,3103.955845408879,3191.1990581828345,3189.5034771689056,-0.000320693836427468,0.1580173459106867,0.15284151099410256,22.901367112245,22.834424084013104,0.0,0.0,0.0,0.3718692319942847,True,reaction_wheel_degradation,1.0,0.3718692319942847,reaction_wheel_degradation,0.3718692319942847,0.3718692319942847,70,reaction_wheel_degradation,2.4354001685708293,0.3718692319942847,gradual,0.7261174080063819,0.8751850190891066,628890386,reaction_wheel_degradation
13500.0,225.0,3.75,1,600.0,349.99999999999994,-250.00000000000006,99.94654291404952,99.99332775483754,29.99786171656198,30.04720734685283,-8.333927343293729,-8.360972629187833,24.854137228462058,24.94359304389213,25.927398093437333,25.91214106987515,6.556347597063909,17.499999999999996,2999.999999999999,3095.599529091417,3096.380640868215,-0.0005917081616238593,0.16479270404059648,0.1654159573320511,22.89967941667185,22.96525355373522,0.0,0.0,0.0,0.3718692319942847,True,reaction_wheel_degradation,1.0,0.3718692319942847,reaction_wheel_degradation,0.3718692319942847,0.3718692319942847,70,reaction_wheel_degradation,2.4354001685708293,0.3718692319942847,gradual,0.7261174080063819,0.8751850190891066,628890386,reaction_wheel_degradation
13560.0,226.0,3.7666666666666666,1,598.7443834726058,345.8417661836449,-252.90261728896093,100.0,100.0,30.0,29.966460428052475,-8.430087242965364,-8.44617464430474,24.85929677067102,24.820874584819748,25.9345630853082,25.862578527036092,6.68530967392059,17.292088309182244,2896.0441545911226,2995.82184184127,2991.0223923372982,-0.0007583428260976393,0.16895857065244096,0.1714678801320189,22.89774173035719,22.921190253626033,0.0,0.0,0.0,0.3718692319942847,True,reaction_wheel_degradation,1.0,0.3718692319942847,reaction_wheel_degradation,0.3718692319942847,0.3718692319942847,70,reaction_wheel_degradation,2.4354001685708293,0.3718692319942847,gradual,0.7261174080063819,0.8751850190891066,628890386,reaction_wheel_degradation
13620.0,227.0,3.783333333333333,1,597.4948841827188,341.86526713848394,-255.62961704423486,100.0,99.90659666334666,30.0,30.022412156105602,-8.520987234807828,-8.552181670988707,24.864836249635196,24.86134254925244,25.94127310733958,26.116300944483875,6.808577876460637,17.093263356924197,2796.631678462098,2896.226760151684,2894.856385017258,-0.0008133150954096047,0.1703328773852401,0.16829089777767886,22.895544965177592,23.07636934209826,0.0,0.0,0.0,0.3718692319942847,True,reaction_wheel_degradation,1.0,0.3718692319942847,reaction_wheel_degradation,0.3718692319942847,0.3718692319942847,70,reaction_wheel_degradation,2.4354001685708293,0.3718692319942847,gradual,0.7261174080063819,0.8751850190891066,628890386,reaction_wheel_degradation
13680.0,228.0,3.8,1,596.2575895652803,338.2442949541506,-258.01329461112977,100.0,99.7978262782435,30.0,30.005644653959752,-8.600443153704326,-8.622986779739982,24.87070526478808,24.851611367483883,25.94756735197628,26.06433879484344,6.91740979520797,16.91221474770753,2706.1073738537643,2801.1670670027247,2796.718434457658,-0.0007542224176043959,0.16885556044010988,0.16309842073599565,22.893091648868968,22.933003630117863,0.0,0.0,0.0,0.3718692319942847,True,reaction_wheel_degradation,1.0,0.3718692319942847,reaction_wheel_degradation,0.3718692319942847,0.3718692319942847,70,reaction_wheel_degradation,2.4354001685708293,0.3718692319942847,gradual,0.7261174080063819,0.8751850190891066,628890386,reaction_wheel_degradation
13740.0,229.0,3.816666666666667,1,595.038527595294,335.13710349045215,-259.90142410484185,100.0,100.0,30.0,30.025410506736208,-8.663380803494729,-8.673275645386074,24.876828811051713,24.898745533051617,25.953500523509515,25.812391627246917,7.004333355708877,16.75685517452261,2628.427587261303,2714.797327132014,2710.9484973770022,-0.0005836474262604027,0.16459118565651007,0.1610915586739583,22.89039538171019,22.809150133990872,0.0,0.0,0.0,0.3718692319942847,True,reaction_wheel_degradation,1.0,0.3718692319942847,reaction_wheel_degradation,0.3718692319942847,0.3718692319942847,70,reaction_wheel_degradation,2.4354001685708293,0.3718692319942847,gradual,0.7261174080063819,0.8751850190891066,628890386,reaction_wheel_degradation
13800.0,230.0,3.8333333333333335,1,593.843637420138,332.67949192431126,-261.1641454958267,100.0,99.9600677652884,30.0,30.0378426902467,-8.705471516527556,-8.686181057727676,24.883110567338754,24.73172031773185,25.95914046851387,26.108908865293557,7.0628187460058065,16.633974596215563,2566.9872981077824,2640.8923126198983,2634.669776248149,-0.00030904506700887846,0.15772612667522196,0.15884232286448555,22.88747995796071,22.883824976482703,0.0,0.0,0.0,0.3718692319942847,True,reaction_wheel_degradation,1.0,0.3718692319942847,reaction_wheel_degradation,0.3718692319942847,0.3718692319942847,70,reaction_wheel_degradation,2.4354001685708293,0.3718692319942847,gradual,0.7261174080063819,0.8751850190891066,628890386,reaction_wheel_degradation
13860.0,231.0,3.85,1,592.6787404246356,330.9788696740969,-261.6998707505387,100.0,99.92398642406192,30.0,29.977572093462474,-8.723329025017957,-8.755948738681024,24.889437629075715,24.72387601594439,25.964565231733168,26.056937948005285,7.08771754229766,16.548943483704846,2524.471741852423,2582.682027236161,2580.1624831810113,5.75832193624897e-05,0.15143958048406223,0.15290417393262498,22.88439179401078,22.97668026512219,0.0,0.0,0.0,0.3718692319942847,True,reaction_wheel_degradation,1.0,0.3718692319942847,reaction_wheel_degradation,0.3718692319942847,0.3718692319942847,70,reaction_wheel_degradation,2.4354001685708293,0.3718692319942847,gradual,0.7261174080063819,0.8751850190891066,628890386,reaction_wheel_degradation
13920.0,232.0,3.8666666666666667,1,591.549511869854,330.1095620926345,-261.43994977721945,100.0,100.0,30.0,29.93556159825419,-8.714664992573981,-8.729421021364972,24.895686439550005,24.852785640565322,25.969859666088567,25.85305972111085,7.075630874623557,16.505478104631727,2502.739052315864,2542.710539776012,2548.1058895969068,0.000500214017461662,0.16250535043654155,0.16184669253585426,22.881262045576285,22.95099407916162,0.0,0.0,0.0,0.3718692319942847,True,reaction_wheel_degradation,1.0,0.3718692319942847,reaction_wheel_degradation,0.3718692319942847,0.3718692319942847,70,reaction_wheel_degradation,2.4354001685708293,0.3718692319942847,gradual,0.7261174080063819,0.8751850190891066,628890386,reaction_wheel_degradation
13980.0,233.0,3.8833333333333333,1,590.4614532438022,330.1095620926345,-260.3518911511677,100.0,100.0,30.0,29.992595776594516,-8.67839637170559,-8.68751181854487,24.901729537868555,24.80767538608773,25.975111744969123,25.959946184683748,7.02516508675462,16.505478104631727,2502.7390523158633,2522.724796045938,2526.1231915528147,0.0009995022374334138,0.17498755593583534,0.16803449544806395,22.878150176477746,22.95632715662607,0.0,0.0,0.0,0.3718692319942847,True,reaction_wheel_degradation,1.0,0.3718692319942847,reaction_wheel_degradation,0.3718692319942847,0.3718692319942847,70,reaction_wheel_degradation,2.4354001685708293,0.3718692319942847,gradual,0.7261174080063819,0.8751850190891066,628890386,reaction_wheel_degradation
14040.0,234.0,3.9,1,589.4198654587356,330.97886967409687,-258.4409957846387,100.0,99.9410107020914,30.0,30.09045684194711,-8.614699859487956,-8.611970111868489,24.90744264161976,24.723518537566832,25.98040873797678,26.046511493748895,6.937044293524945,16.548943483704843,2524.471741852422,2523.59826894918,2528.085865249916,0.0015336265882142917,0.1883406647053573,0.19642816655242873,22.87511510746709,22.7707308802627,0.0,0.0,0.0,0.3718692319942847,True,reaction_wheel_degradation,1.0,0.3718692319942847,reaction_wheel_degradation,0.3718692319942847,0.3718692319942847,70,reaction_wheel_degradation,2.4354001685708293,0.3718692319942847,gradual,0.7261174080063819,0.8751850190891066,628890386,reaction_wheel_degradation
14100.0,235.0,3.9166666666666665,1,588.4298230256423,332.6794919243112,-255.75033110133114,100.0,100.0,30.0,29.9898032611075,-8.525011036711039,-8.504151609044388,24.91271153595032,24.926211132336253,25.985833417265397,25.953230478084535,6.814065054083602,16.633974596215563,2566.9872981077806,2545.29278352848,2540.535753438497,0.0020792432726622337,0.20198108181655583,0.2070260824001871,22.872213144082153,22.855024939295898,0.0,0.0,0.0,0.3718692319942847,True,reaction_wheel_degradation,1.0,0.3718692319942847,reaction_wheel_degradation,0.3718692319942847,0.3718692319942847,70,reaction_wheel_degradation,2.4354001685708293,0.3718692319942847,gradual,0.7261174080063819,0.8751850190891066,628890386,reaction_wheel_degradation
14160.0,236.0,3.933333333333333,0,0.0,335.13710349045215,335.13710349045215,99.50128407218682,99.22876554184533,29.980051362887473,29.966151310608783,11.178670090783129,11.22457696744641,24.9138919774009,24.854580248766393,25.97546046027632,25.92635320078779,10.997013199885542,16.75685517452261,2628.427587261303,2586.8601853948917,2582.2741033728257,0.0026125062235074666,0.21531265558768664,0.22348935849144236,22.869495986808097,22.96545367843257,0.0,0.0,0.0,0.3718692319942847,True,reaction_wheel_degradation,1.0,0.3718692319942847,reaction_wheel_degradation,0.3718692319942847,0.3718692319942847,70,reaction_wheel_degradation,2.4354001685708293,0.3718692319942847,gradual,0.7261174080063819,0.8751850190891066,628890386,reaction_wheel_degradation
14220.0,237.0,3.95,0,0.0,338.24429495415046,338.24429495415046,98.99794434755268,99.2700402039535,29.959917773902106,29.98697177870308,11.289893967893093,11.310758719121363,24.915731747084834,24.869906088620358,25.965481206089525,25.830249894749123,11.196936464501508,16.912214747707523,2706.107373853761,2646.4837796243264,2642.265312155117,0.0031101092909184844,0.2277527322729621,0.22563116191487836,22.867008828352397,22.938684584334894,0.0,0.0,0.0,0.3718692319942847,True,reaction_wheel_degradation,1.0,0.3718692319942847,reaction_wheel_degradation,0.3718692319942847,0.3718692319942847,70,reaction_wheel_degradation,2.4354001685708293,0.3718692319942847,gradual,0.7261174080063819,0.8751850190891066,628890386,reaction_wheel_degradation
14280.0,238.0,3.966666666666667,0,0.0,341.86526713848406,341.86526713848406,98.48921627145373,98.68009167866326,29.93956865085815,29.87661180054278,11.418510103641232,11.402552635083305,24.91833932273218,25.184269433591616,25.955943883154657,25.975313956371608,11.430589838956553,17.093263356924204,2796.6316784621013,2721.5577290432134,2719.3847667630494,0.0035503048330851397,0.23875762082712848,0.23627106934612682,22.864788558775786,22.883787439676077,0.0,0.0,0.0,0.3718692319942847,True,reaction_wheel_degradation,1.0,0.3718692319942847,reaction_wheel_degradation,0.3718692319942847,0.3718692319942847,70,reaction_wheel_degradation,2.4354001685708293,0.3718692319942847,gradual,0.7261174080063819,0.8751850190891066,628890386,reaction_wheel_degradation
14340.0,239.0,3.9833333333333334,0,0.0,345.8417661836448,345.8417661836448,97.9745707860614,98.01650569214294,29.918982831442456,29.925092822048498,11.559275531927268,11.54740876017848,24.92179378034859,24.818987568086165,25.946880508707785,26.026327783293663,11.689348065840994,17.29208830918224,2896.044154591119,2808.800941817166,2815.8469337441097,0.003913854192521976,0.2478463548130494,0.2528506623723501,22.862862125042668,22.91830842928696,0.0,0.0,0.0,0.3718692319942847,True,reaction_wheel_degradation,1.0,0.3718692319942847,reaction_wheel_degradation,0.3718692319942847,0.3718692319942847,70,reaction_wheel_degradation,2.4354001685708293,0.3718692319942847,gradual,0.7261174080063819,0.8751850190891066,628890386,reaction_wheel_degradation
14400.0,240.0,4.0,0,0.0,349.99999999999994,349.99999999999994,97.45373745272806,97.72687554609469,29.898149498109124,29.916318906036743,11.706410124885332,11.71792180118406,24.92614036113637,25.03902250303497,25.938305464638123,26.10169481580943,11.963203040961426,17.499999999999996,2999.999999999999,2904.400470908583,2899.788191194485,0.004184868517718408,0.2546217129429602,0.2583937927890908,22.861245120853297,22.820255103639123,0.0,0.0,0.0,0.3718692319942847,True,reaction_wheel_degradation,1.0,0.3718692319942847,reaction_wheel_degradation,0.3718692319942847,0.3718692319942847,70,reaction_wheel_degradation,2.4354001685708293,0.3718692319942847,gradual,0.7261174080063819,0.8751850190891066,628890386,reaction_wheel_degradation
14460.0,241.0,4.016666666666667,0,0.0,354.15823381635505,354.15823381635505,96.92671627145373,96.66574653521482,29.87706865085815,29.84313865525168,11.853848111909155,11.827615341887984,24.93138717631894,24.807848744517244,25.930214844302654,25.995007201887105,12.24109720481698,17.707911690817753,3103.955845408876,3004.1781581587297,3007.4028249484318,0.004351503182192188,0.2587875795548047,0.255061847261896,22.85994070788254,22.786330693377753,0.0,0.0,0.0,0.3718692319942847,True,reaction_wheel_degradation,1.0,0.3718692319942847,reaction_wheel_degradation,0.3718692319942847,0.3718692319942847,70,reaction_wheel_degradation,2.4354001685708293,0.3718692319942847,gradual,0.7261174080063819,0.8751850190891066,628890386,reaction_wheel_degradation
14520.0,242.0,4.033333333333333,0,0.0,358.134732861516,358.134732861516,96.39377768088599,96.49955570071454,29.85575110723544,29.9111638413754,11.9955023598359,11.956551963959223,24.937503407091647,24.97060156941234,25.922586598834386,26.044716296357706,12.511366149186292,17.9067366430758,3203.3683215379,3103.773239848315,3100.496919962117,0.004406475451504153,0.26016188628760384,0.2593641509951608,22.858938983564226,22.91392588839954,0.0,0.0,0.0,0.3718692319942847,True,reaction_wheel_degradation,1.0,0.3718692319942847,reaction_wheel_degradation,0.3718692319942847,0.3718692319942847,70,reaction_wheel_degradation,2.4354001685708293,0.3718692319942847,gradual,0.7261174080063819,0.8751850190891066,628890386,reaction_wheel_degradation
14580.0,243.0,4.05,0,0.0,361.7557050458495,361.7557050458495,95.85545073885348,95.99258913381976,29.83421802955414,29.8118502073712,12.125529976602365,12.16085761617187,24.944419313906025,24.901014367759213,25.915381476548294,25.915344448445218,12.762278177078606,18.087785252292473,3293.892626146237,3198.8329329972757,3200.6216314519456,0.004347382773698993,0.25868456934247486,0.25750151745656835,22.858216907785533,22.780256508813903,0.0,0.0,0.0,0.3718692319942847,True,reaction_wheel_degradation,1.0,0.3718692319942847,reaction_wheel_degradation,0.3718692319942847,0.3718692319942847,70,reaction_wheel_degradation,2.4354001685708293,0.3718692319942847,gradual,0.7261174080063819,0.8751850190891066,628890386,reaction_wheel_degradation
14640.0,244.0,4.066666666666666,0,0.0,364.86289650954785,364.86289650954785,95.31249999999997,95.39857502884828,29.8125,29.821498517996744,12.238587723590703,12.228752955502936,24.952028272547395,25.06800502554409,25.908544714386863,25.937705687952764,12.982642357442005,18.243144825477394,3371.5724127386957,3285.202672867986,3285.55814183156,0.004176807782354944,0.2544201945588736,0.24874569336558025,22.85773887851932,22.84668374406453,0.0,0.0,0.0,0.3718692319942847,True,reaction_wheel_degradation,1.0,0.3718692319942847,reaction_wheel_degradation,0.3718692319942847,0.3718692319942847,70,reaction_wheel_degradation,2.4354001685708293,0.3718692319942847,gradual,0.7261174080063819,0.8751850190891066,628890386,reaction_wheel_degradation
14700.0,245.0,4.083333333333333,0,0.0,367.32050807568874,367.32050807568874,94.76589210107781,95.05135664192875,29.790635684043114,29.78477074633544,12.33006613123191,12.32860811726518,24.96019091112559,25.085674868584707,25.902008407479336,25.847621075658807,13.162442464044178,18.366025403784437,3433.0127018922185,3359.1076873801026,3362.8406139789504,0.003902205423103456,0.2475551355775864,0.24572887612577946,22.857458005138326,22.944088212452833,0.0,0.0,0.0,0.3718692319942847,True,reaction_wheel_degradation,1.0,0.3718692319942847,reaction_wheel_degradation,0.3718692319942847,0.3718692319942847,70,reaction_wheel_degradation,2.4354001685708293,0.3718692319942847,gradual,0.7261174080063819,0.8751850190891066,628890386,reaction_wheel_degradation
14760.0,246.0,4.1,0,0.0,369.0211303259031,369.0211303259031,94.21675351428333,94.4595501623442,29.768670140571334,29.74635506424434,12.396292094451642,12.407623560886542,24.96874124770976,25.014018091530325,25.89569445325209,25.998308356084443,13.293444615277142,18.451056516295154,3475.5282581475767,3417.3179727638394,3411.142602995653,0.0035355771367320595,0.23838942841830146,0.23809751214165947,22.857318071962485,22.809143744165702,0.0,0.0,0.0,0.3718692319942847,True,reaction_wheel_degradation,1.0,0.3718692319942847,reaction_wheel_degradation,0.3718692319942847,0.3718692319942847,70,reaction_wheel_degradation,2.4354001685708293,0.3718692319942847,gradual,0.7261174080063819,0.8751850190891066,628890386,reaction_wheel_degradation
14820.0,247.0,4.116666666666666,0,0.0,369.8904379073655,369.8904379073655,93.6663213150164,93.3858528419398,29.746652852600654,29.784652693243206,12.434691047097997,12.417752303217855,24.977494544606643,25.040409770202125,25.88951794141681,25.936425152985986,13.369723314942329,18.494521895368276,3497.2609476841367,3457.2894602239876,3459.2243806784777,0.0030929463386329082,0.2273236584658227,0.2280543353987133,22.857256120389117,22.888819027164747,0.0,0.0,0.0,0.3718692319942847,True,reaction_wheel_degradation,1.0,0.3718692319942847,reaction_wheel_degradation,0.3718692319942847,0.3718692319942847,70,reaction_wheel_degradation,2.4354001685708293,0.3718692319942847,gradual,0.7261174080063819,0.8751850190891066,628890386,reaction_wheel_degradation
14880.0,248.0,4.133333333333334,0,0.0,369.8904379073655,369.8904379073655,93.11588911574948,93.43528285054411,29.724635564629978,29.70949391397377,12.443901527509611,12.458251871137868,24.986256426732698,24.90369824826317,25.88339084167621,25.76498610645441,13.388054818108483,18.494521895368276,3497.260947684137,3477.2752039540624,3478.4535968193354,0.0025936581186611564,0.2148414529665289,0.21176113051445955,22.857205514436096,22.845702641149444,0.0,0.0,0.0,0.3718692319942847,True,reaction_wheel_degradation,1.0,0.3718692319942847,reaction_wheel_degradation,0.3718692319942847,0.3718692319942847,70,reaction_wheel_degradation,2.4354001685708293,0.3718692319942847,gradual,0.7261174080063819,0.8751850190891066,628890386,reaction_wheel_degradation
14940.0,249.0,4.15,0,0.0,369.0211303259031,369.0211303259031,92.56675052895498,92.2656435412647,29.702670021158198,29.740527894395406,12.42383698378082,12.427296898422744,24.994832681612184,25.10171920628035,25.87722582797539,25.747759926640132,13.348138031964808,18.451056516295154,3475.5282581475767,3476.4017310508193,3470.235802487525,0.00205953376788025,0.20148834419700623,0.1988814705704692,22.85709930077511,22.883734744190985,0.0,0.0,0.0,0.3718692319942847,True,reaction_wheel_degradation,1.0,0.3718692319942847,reaction_wheel_degradation,0.3718692319942847,0.3718692319942847,70,reaction_wheel_degradation,2.4354001685708293,0.3718692319942847,gradual,0.7261174080063819,0.8751850190891066,628890386,reaction_wheel_degradation
15000.0,250.0,4.166666666666667,0,0.0,367.32050807568874,367.32050807568874,92.02014263003282,92.2566534033717,29.680805705201312,29.655117771127294,12.375691944619916,12.38652441970165,25.003039085818013,25.096352834846893,25.870940072159158,25.80493081123451,13.252620088650424,18.366025403784437,3433.0127018922185,3454.7072164715196,3452.6214124048174,0.0015139170834323284,0.18784792708580822,0.18542390929866479,22.85687363833625,22.861802551491497,0.0,0.0,0.0,0.3718692319942847,True,reaction_wheel_degradation,1.0,0.3718692319942847,reaction_wheel_degradation,0.3718692319942847,0.3718692319942847,70,reaction_wheel_degradation,2.4354001685708293,0.3718692319942847,gradual,0.7261174080063819,0.8751850190891066,628890386,reaction_wheel_degradation
15060.0,251.0,4.183333333333334,0,0.0,364.8628965095479,364.8628965095479,91.47719189117932,91.44407836816954,29.65908767564717,29.630957275193023,12.301892104696591,12.277454430911051,25.01071059779793,25.114193602741373,25.86445884123284,25.634657784028168,13.106923948447706,18.243144825477398,3371.5724127386984,3413.139814605109,3412.3776273146677,0.0009806541325871317,0.1745163533146783,0.17365200822758137,22.856471059898045,22.795000285123045,0.0,0.0,0.0,0.3718692319942847,True,reaction_wheel_degradation,1.0,0.3718692319942847,reaction_wheel_degradation,0.3718692319942847,0.3718692319942847,70,reaction_wheel_degradation,2.4354001685708293,0.3718692319942847,gradual,0.7261174080063819,0.8751850190891066,628890386,reaction_wheel_degradation
15120.0,252.0,4.2,0,0.0,361.7557050458495,361.7557050458495,90.9388649491468,90.98886715759487,29.637554597965874,29.613870447697675,12.205990337363327,12.193890401941859,25.017709320908693,24.95604136563051,25.85771874100756,25.80296338862961,12.918896009264552,18.087785252292473,3293.8926261462375,3353.5162203756736,3355.759944563558,0.0004830510651760503,0.16207627662940124,0.16177101436949148,22.855843340957158,22.853675648857408,0.0,0.0,0.0,0.3718692319942847,True,reaction_wheel_degradation,1.0,0.3718692319942847,reaction_wheel_degradation,0.3718692319942847,0.3718692319942847,70,reaction_wheel_degradation,2.4354001685708293,0.3718692319942847,gradual,0.7261174080063819,0.8751850190891066,628890386,reaction_wheel_degradation
15180.0,253.0,4.216666666666667,0,0.0,358.134732861516,358.134732861516,90.40592635857907,90.32638625368097,29.616237054343163,29.674346119644394,12.092513042908543,12.084027612322625,25.02393076410135,25.023575633159,25.85067046436565,25.797453906835365,12.698309735433059,17.9067366430758,3203.3683215379006,3278.442270956787,3277.948859828378,4.285552300944441e-05,0.1510713880752361,0.14298479731440839,22.854953788078397,22.923241573263244,0.0,0.0,0.0,0.3718692319942847,True,reaction_wheel_degradation,1.0,0.3718692319942847,reaction_wheel_degradation,0.3718692319942847,0.3718692319942847,70,reaction_wheel_degradation,2.4354001685708293,0.3718692319942847,gradual,0.7261174080063819,0.8751850190891066,628890386,reaction_wheel_degradation
15240.0,254.0,4.233333333333333,0,0.0,354.15823381635516,354.15823381635516,89.87890517730473,89.78764575301928,29.595156207092188,29.571828884389088,11.966763457443236,11.989750472669828,25.029308093555784,25.02494778534775,25.84328092403236,25.762090738380074,12.456274211711902,17.70791169081776,3103.9558454088797,3191.199058182833,3193.7369610010396,-0.0003206938364274407,0.158017345910686,0.16344239997414964,22.853854307666438,22.97283053239398,0.0,0.0,0.0,0.3718692319942847,True,reaction_wheel_degradation,1.0,0.3718692319942847,reaction_wheel_degradation,0.3718692319942847,0.3718692319942847,70,reaction_wheel_degradation,2.4354001685708293,0.3718692319942847,gradual,0.7261174080063819,0.8751850190891066,628890386,reaction_wheel_degradation
15300.0,255.0,4.25,0,0.0,350.0000000000001,350.0000000000001,89.3580718439714,89.5265653317838,29.574322873758856,29.56746410915267,11.834590482223797,11.805105623921593,25.0338142534963,25.073907499987662,25.8355346766401,25.932228571870514,12.204602550555366,17.500000000000007,3000.0000000000027,3095.599529091418,3091.9066831802334,-0.0005917081616238031,0.16479270404059507,0.1697269999607593,22.85252295812763,22.78449551899056,0.0,0.0,0.0,0.3718692319942847,True,reaction_wheel_degradation,1.0,0.3718692319942847,reaction_wheel_degradation,0.3718692319942847,0.3718692319942847,70,reaction_wheel_degradation,2.4354001685708293,0.3718692319942847,gradual,0.7261174080063819,0.8751850190891066,628890386,reaction_wheel_degradation
15360.0,256.0,4.266666666666667,0,0.0,345.8417661836449,345.8417661836449,88.84342635857907,88.6998507553487,29.553737054343163,29.621357281629084,11.702133153168209,11.701021867743021,25.03746201339785,25.038247340493612,25.827434575845345,25.755427195333386,11.955193626758282,17.292088309182244,2896.0441545911226,2995.8218418412703,2994.8231428558033,-0.0007583428260976529,0.16895857065244133,0.16678978016264293,22.850938945252047,22.78538372606994,0.0,0.0,0.0,0.3718692319942847,True,reaction_wheel_degradation,1.0,0.3718692319942847,reaction_wheel_degradation,0.3718692319942847,0.3718692319942847,70,reaction_wheel_degradation,2.4354001685708293,0.3718692319942847,gradual,0.7261174080063819,0.8751850190891066,628890386,reaction_wheel_degradation
15420.0,257.0,4.283333333333333,0,0.0,341.86526713848406,341.86526713848406,88.33469828248013,88.30196604022616,29.533387931299206,29.54059089051008,11.575551979804473,11.553869859910927,25.040302148954037,24.90016427350794,25.81900162595243,25.62414135982132,11.719472290972421,17.093263356924204,2796.6316784621013,2896.2267601516864,2891.772033779031,-0.0008133150954095828,0.17033287738523956,0.172388361870465,22.849093200960738,22.845056029774025,0.0,0.0,0.0,0.3718692319942847,True,reaction_wheel_degradation,1.0,0.3718692319942847,reaction_wheel_degradation,0.3718692319942847,0.3718692319942847,70,reaction_wheel_degradation,2.4354001685708293,0.3718692319942847,gradual,0.7261174080063819,0.8751850190891066,628890386,reaction_wheel_degradation
15480.0,258.0,4.3,0,0.0,338.2442949541506,338.2442949541506,87.83135855784599,87.60208099577052,29.51325434231384,29.549697250318946,11.46075898750352,11.427650900869756,25.042420068478883,24.969068640220396,25.810274042440227,25.792310218938933,11.507919725571414,16.91221474770753,2706.1073738537643,2801.1670670027256,2805.236545382909,-0.0007542224176044232,0.16885556044011057,0.16134009417449796,22.846988272883742,22.824884039041702,0.0,0.0,0.0,0.3718692319942847,True,reaction_wheel_degradation,1.0,0.3718692319942847,reaction_wheel_degradation,0.3718692319942847,0.3718692319942847,70,reaction_wheel_degradation,2.4354001685708293,0.3718692319942847,gradual,0.7261174080063819,0.8751850190891066,628890386,reaction_wheel_degradation
15540.0,259.0,4.316666666666666,0,0.0,335.1371034904522,335.1371034904522,87.33264263003281,87.17788394800428,29.493305705201312,29.48971016497845,11.363158366861157,11.36993059812162,25.043931246220108,25.02288060889633,25.80130556044975,25.798151955731473,11.329709445629337,16.75685517452261,2628.4275872613057,2714.7973271320157,2718.093095517342,-0.0005836474262603882,0.1645911856565097,0.16521526037128764,22.844637781044852,22.72111290764624,0.0,0.0,0.0,0.3718692319942847,True,reaction_wheel_degradation,1.0,0.3718692319942847,reaction_wheel_degradation,0.3718692319942847,0.3718692319942847,70,reaction_wheel_degradation,2.4354001685708293,0.3718692319942847,gradual,0.7261174080063819,0.8751850190891066,628890386,reaction_wheel_degradation
15600.0,260.0,4.333333333333333,0,0.0,332.6794919243112,332.6794919243112,86.8375838622883,86.66769188070013,29.473503354491534,29.47240358414354,11.287409166227041,11.310333462514166,25.04497582025901,25.099050509079373,25.792163065158586,25.803349706702733,11.1924484548661,16.633974596215563,2566.9872981077806,2640.8923126198983,2640.812974930938,-0.0003090450670089203,0.157726126675223,0.15381541736624282,22.842065539300364,22.896457797980915,0.0,0.0,0.0,0.3718692319942847,True,reaction_wheel_degradation,1.0,0.3718692319942847,reaction_wheel_degradation,0.3718692319942847,0.3718692319942847,70,reaction_wheel_degradation,2.4354001685708293,0.3718692319942847,gradual,0.7261174080063819,0.8751850190891066,628890386,reaction_wheel_degradation
15660.0,261.0,4.35,0,0.0,330.9788696740969,330.9788696740969,86.34505578241614,86.33358830832812,29.453802231296645,29.464449365199485,11.237220480906524,11.23959397303309,25.04571266510719,25.18814338778681,25.78292364760473,25.80959373070491,11.102009930920405,16.548943483704846,2524.471741852423,2582.682027236161,2586.583379143162,5.75832193624897e-05,0.15143958048406223,0.15169999605398068,22.839317983490385,22.76443101404251,0.0,0.0,0.0,0.3718692319942847,True,reaction_wheel_degradation,1.0,0.3718692319942847,reaction_wheel_degradation,0.3718692319942847,0.3718692319942847,70,reaction_wheel_degradation,2.4354001685708293,0.3718692319942847,gradual,0.7261174080063819,0.8751850190891066,628890386,reaction_wheel_degradation
15720.0,262.0,4.366666666666666,0,0.0,330.1095620926345,330.1095620926345,85.85382131501638,85.5824697875353,29.434152852600654,29.476198099315805,11.215188143709993,11.201010159885026,25.04631317447623,25.13364484365076,25.773671214633154,25.84216611154202,11.062435607905055,16.505478104631727,2502.739052315864,2542.710539776012,2544.9105861423704,0.000500214017461662,0.16250535043654155,0.16058149922577236,22.836526288634794,22.780281040377055,0.0,0.0,0.0,0.3718692319942847,True,reaction_wheel_degradation,1.0,0.3718692319942847,reaction_wheel_degradation,0.3718692319942847,0.3718692319942847,70,reaction_wheel_degradation,2.4354001685708293,0.3718692319942847,gradual,0.7261174080063819,0.8751850190891066,628890386,reaction_wheel_degradation
15780.0,263.0,4.383333333333334,0,0.0,330.1095620926345,330.1095620926345,85.36258684761663,85.37022603638967,29.414503473904666,29.420043280346672,11.222680076360769,11.186457852392936,25.046954908255064,25.20567052160113,25.764492801125353,25.82716431700645,11.075883847707596,16.505478104631727,2502.7390523158633,2522.724796045938,2521.9918357195065,0.0009995022374334138,0.17498755593583534,0.1746535352305965,22.833749937713314,22.879766976664943,0.0,0.0,0.0,0.3718692319942847,True,reaction_wheel_degradation,1.0,0.3718692319942847,reaction_wheel_degradation,0.3718692319942847,0.3718692319942847,70,reaction_wheel_degradation,2.4354001685708293,0.3718692319942847,gradual,0.7261174080063819,0.8751850190891066,628890386,reaction_wheel_degradation
15840.0,264.0,4.4,0,0.0,330.9788696740969,330.9788696740969,84.87005876774447,84.51308927636434,29.394802350709778,29.389940417057147,11.259775307388825,11.28288680090941,25.04781518946497,25.074093966159563,25.75547474568376,25.75370381881499,11.142603197830649,16.548943483704846,2524.471741852423,2523.5982689491807,2526.7590722686696,0.001533626588214306,0.18834066470535765,0.18572579181882085,22.83104787049339,22.91263310317718,0.0,0.0,0.0,0.3718692319942847,True,reaction_wheel_degradation,1.0,0.3718692319942847,reaction_wheel_degradation,0.3718692319942847,0.3718692319942847,70,reaction_wheel_degradation,2.4354001685708293,0.3718692319942847,gradual,0.7261174080063819,0.8751850190891066,628890386,reaction_wheel_degradation
15900.0,265.0,4.416666666666667,0,0.0,332.6794919243112,332.6794919243112,84.37499999999994,84.41508532809597,29.374999999999996,29.354327316417265,11.325259299551021,11.322149981094404,25.04906469784873,25.132981811190557,25.746698896910722,25.64522845624879,11.260919856165351,16.633974596215563,2566.9872981077806,2545.292783528481,2554.9255774416124,0.00207924327266222,0.2019810818165555,0.2044735420057815,22.828476411385758,22.765499355872784,0.0,0.0,0.0,0.3718692319942847,True,reaction_wheel_degradation,1.0,0.3718692319942847,reaction_wheel_degradation,0.3718692319942847,0.3718692319942847,70,reaction_wheel_degradation,2.4354001685708293,0.3718692319942847,gradual,0.7261174080063819,0.8751850190891066,628890386,reaction_wheel_degradation
15960.0,266.0,4.433333333333334,0,0.0,335.13710349045203,335.13710349045203,83.87628407218678,83.87002811030779,29.355051362887473,29.365884379682832,11.416675765526124,11.403339779095072,25.050861105804344,24.99621760985596,25.73823901608448,25.788609691880616,11.427238842812121,16.756855174522602,2628.4275872613007,2586.860185394891,2584.9875066704594,0.0026125062235074245,0.2153126555876856,0.2185241117552126,22.826087279606924,22.89416594664737,0.0,0.0,0.0,0.3718692319942847,True,reaction_wheel_degradation,1.0,0.3718692319942847,reaction_wheel_degradation,0.3718692319942847,0.3718692319942847,70,reaction_wheel_degradation,2.4354001685708293,0.3718692319942847,gradual,0.7261174080063819,0.8751850190891066,628890386,reaction_wheel_degradation
16020.0,267.0,4.45,0,0.0,338.2442949541506,338.2442949541506,83.37294434755262,83.50519219605674,29.334917773902106,29.34685987089726,11.530432693255086,11.525859260522648,25.0533428399945,24.931675214119718,25.73015753345122,25.785809006686932,11.63607024749486,16.91221474770753,2706.107373853764,2646.483779624328,2653.2168424758725,0.003110109290918527,0.22775273227296317,0.2323029091152049,22.823925686455233,22.800954033027484,0.0,0.0,0.0,0.3718692319942847,True,reaction_wheel_degradation,1.0,0.3718692319942847,reaction_wheel_degradation,0.3718692319942847,0.3718692319942847,70,reaction_wheel_degradation,2.4354001685708293,0.3718692319942847,gradual,0.7261174080063819,0.8751850190891066,628890386,reaction_wheel_degradation
16080.0,268.0,4.466666666666667,0,0.0,341.86526713848406,341.86526713848406,82.86421627145369,83.11738633217817,29.31456865085815,29.324004207763753,11.661957957156444,11.665071095177474,25.05662311985973,25.179585979568873,25.72250279989746,25.73232048500645,11.88010107155876,17.093263356924204,2796.6316784621013,2721.557729043214,2726.8486492742136,0.0035503048330851267,0.23875762082712815,0.23350074634285847,22.822028540442847,22.888962707528293,0.0,0.0,0.0,0.3718692319942847,True,reaction_wheel_degradation,1.0,0.3718692319942847,reaction_wheel_degradation,0.3718692319942847,0.3718692319942847,70,reaction_wheel_degradation,2.4354001685708293,0.3718692319942847,gradual,0.7261174080063819,0.8751850190891066,628890386,reaction_wheel_degradation
16140.0,269.0,4.483333333333333,0,0.0,345.8417661836447,345.8417661836447,82.34957078606136,82.35023888061161,29.293982831442456,29.29764130047792,11.805897756328248,11.840087933228753,25.060784506962673,24.99301762827101,25.715306954116645,25.608983846883206,12.15033774663011,17.292088309182237,2896.0441545911185,2808.800941817166,2814.066786077647,0.003913854192521962,0.24784635481304906,0.25397558507139273,22.820422806847226,22.641942227390185,0.0,0.0,0.0,0.3718692319942847,True,reaction_wheel_degradation,1.0,0.3718692319942847,reaction_wheel_degradation,0.3718692319942847,0.3718692319942847,70,reaction_wheel_degradation,2.4354001685708293,0.3718692319942847,gradual,0.7261174080063819,0.8751850190891066,628890386,reaction_wheel_degradation
16200.0,270.0,4.5,1,600.0,349.99999999999994,-250.00000000000006,82.72159459558517,82.82539637922308,29.308863783823405,29.287611695931503,-8.529842775344429,-8.533083807155494,25.06515532466012,25.039769819329543,25.72458449848371,25.516254244841477,6.820657421767644,17.499999999999996,2999.999999999999,2904.400470908583,2901.89673425937,0.004184868517718408,0.2546217129429602,0.25353202307014766,22.81912409754432,22.88922967510798,0.0,0.0,0.0,0.3718692319942847,True,reaction_wheel_degradation,1.0,0.3718692319942847,reaction_wheel_degradation,0.3718692319942847,0.3718692319942847,70,reaction_wheel_degradation,2.4354001685708293,0.3718692319942847,gradual,0.7261174080063819,0.8751850190891066,628890386,reaction_wheel_degradation
16260.0,271.0,4.516666666666667,1,601.2556165273943,354.15823381635516,-247.09738271103913,83.08929903414327,83.34560726076495,29.32357196136573,29.316825519267255,-8.42657855723013,-8.44365650495916,25.069032986360472,25.02533389052708,25.73420364587748,25.6597339458128,6.680578094493649,17.70791169081776,3103.955845408879,3004.1781581587306,2996.046284085309,0.00435150318219223,0.25878757955480575,0.256151018864413,22.81813559224838,22.730115928052467,0.0,0.0,0.0,0.3718692319942847,True,reaction_wheel_degradation,1.0,0.3718692319942847,reaction_wheel_degradation,0.3718692319942847,0.3718692319942847,70,reaction_wheel_degradation,2.4354001685708293,0.3718692319942847,gradual,0.7261174080063819,0.8751850190891066,628890386,reaction_wheel_degradation
16320.0,272.0,4.533333333333333,1,602.5051158172813,358.134732861516,-244.3703829557653,83.45294543735125,83.3708478476728,29.33811781749405,29.37635599452807,-8.32944991481524,-8.288605694592118,25.072453384677885,25.074215578590334,25.74414348999661,25.758902845923743,6.550378870673249,17.9067366430758,3203.3683215379,3103.7732398483154,3094.423350779192,0.00440647545150414,0.2601618862876035,0.25596531169378633,22.817447406297322,22.844023285764287,0.0,0.0,0.0,0.3718692319942847,True,reaction_wheel_degradation,1.0,0.3718692319942847,reaction_wheel_degradation,0.3718692319942847,0.3718692319942847,70,reaction_wheel_degradation,2.4354001685708293,0.3718692319942847,gradual,0.7261174080063819,0.8751850190891066,628890386,reaction_wheel_degradation
16380.0,273.0,4.55,1,603.7424104347197,361.75570504584937,-241.9867053888703,83.81304470132278,83.52966064314866,29.35252178805291,29.31302240599185,-8.24415384600324,-8.272553169446423,25.07547628373957,25.10432797790747,25.75436591258122,25.548113101167,6.437285810925601,18.08778525229247,3293.8926261462343,3198.832932997275,3205.1523002384592,0.004347382773698951,0.25868456934247375,0.2536581640050409,22.81703651734813,22.772588017572765,0.0,0.0,0.0,0.3718692319942847,True,reaction_wheel_degradation,1.0,0.3718692319942847,reaction_wheel_degradation,0.3718692319942847,0.3718692319942847,70,reaction_wheel_degradation,2.4354001685708293,0.3718692319942847,gradual,0.7261174080063819,0.8751850190891066,628890386,reaction_wheel_degradation
16440.0,274.0,4.566666666666666,1,604.961472404706,364.8628965095478,-240.0985758951582,84.1703342487858,84.46884028935251,29.366813369951434,29.380582530104462,-8.17584709891713,-8.205302387153822,25.0781819529131,25.133276729530344,25.764817274931527,25.901950134871736,6.347558062789732,18.24314482547739,3371.5724127386957,3285.202672867985,3285.620712113964,0.004176807782354958,0.25442019455887394,0.25708542742879426,22.816867341010198,22.905646145089413,0.0,0.0,0.0,0.3718692319942847,True,reaction_wheel_degradation,1.0,0.3718692319942847,reaction_wheel_degradation,0.3718692319942847,0.3718692319942847,70,reaction_wheel_degradation,2.4354001685708293,0.3718692319942847,gradual,0.7261174080063819,0.8751850190891066,628890386,reaction_wheel_degradation
16500.0,275.0,4.583333333333333,1,606.1563625798619,367.32050807568874,-238.8358545041732,84.52574474655987,84.45959423713155,29.381029789862396,29.40454391103055,-8.128913663420365,-8.151880928213005,25.080667324488246,25.05927104392697,25.775430787539644,25.888679030483768,6.286338987787384,18.366025403784437,3433.0127018922185,3359.107687380102,3366.455868329062,0.0039022054231034695,0.24755513557758674,0.257125411537067,22.816893004160523,22.862413202528714,0.0,0.0,0.0,0.3718692319942847,True,reaction_wheel_degradation,1.0,0.3718692319942847,reaction_wheel_degradation,0.3718692319942847,0.3718692319942847,70,reaction_wheel_degradation,2.4354001685708293,0.3718692319942847,gradual,0.7261174080063819,0.8751850190891066,628890386,reaction_wheel_degradation
16560.0,276.0,4.6,1,607.3212595753644,369.0211303259031,-238.3001292494613,84.88035803413348,84.6725814223058,29.395214321365337,29.36461717344824,-8.106766177794373,-8.134316395482047,25.083041895971032,25.16090424090062,25.78612945427192,25.651883642269958,6.257572628914463,18.451056516295154,3475.5282581475763,3417.3179727638394,3419.3323911628,0.0035355771367320665,0.23838942841830166,0.2358678747487676,22.817057308492014,22.943735937563076,0.0,0.0,0.0,0.3718692319942847,True,reaction_wheel_degradation,1.0,0.3718692319942847,reaction_wheel_degradation,0.3718692319942847,0.3718692319942847,70,reaction_wheel_degradation,2.4354001685708293,0.3718692319942847,gradual,0.7261174080063819,0.8751850190891066,628890386,reaction_wheel_degradation
16620.0,277.0,4.616666666666666,1,608.450488130146,369.8904379073655,-238.56005022278055,85.23535810886975,85.59246568664231,29.409414324354792,29.40374532986037,-8.111689936824822,-8.140958222752909,25.085423514896856,25.21043029912859,25.79682946242848,25.95049252071677,6.263961090494807,18.494521895368276,3497.2609476841367,3457.2894602239876,3457.0149671612103,0.0030929463386329082,0.2273236584658227,0.22269563841890094,22.817297312644673,22.82358409666959,0.0,0.0,0.0,0.3718692319942847,True,reaction_wheel_degradation,1.0,0.3718692319942847,reaction_wheel_degradation,0.3718692319942847,0.3718692319942847,70,reaction_wheel_degradation,2.4354001685708293,0.3718692319942847,gradual,0.7261174080063819,0.8751850190891066,628890386,reaction_wheel_degradation
16680.0,278.0,4.633333333333334,1,609.5385467561977,369.8904379073655,-239.64810884883218,85.59197731846623,85.59395545303924,29.42367909273865,29.442220001299816,-8.1447363565073,-8.149932139364243,25.08793410189201,25.12884992646854,25.80744387051979,25.84900137737007,6.306938425360945,18.494521895368276,3497.2609476841367,3477.2752039540624,3471.250124325601,0.002593658118661149,0.21484145296652873,0.20982234102355618,22.817546397749734,22.846085087763758,0.0,0.0,0.0,0.3718692319942847,True,reaction_wheel_degradation,1.0,0.3718692319942847,reaction_wheel_degradation,0.3718692319942847,0.3718692319942847,70,reaction_wheel_degradation,2.4354001685708293,0.3718692319942847,gradual,0.7261174080063819,0.8751850190891066,628890386,reaction_wheel_degradation
16740.0,279.0,4.65,1,610.5801345412646,369.0211303259031,-241.55900421536148,85.95144012235814,86.06784213761857,29.438057604894325,29.415686871336707,-8.205670613783983,-8.197936756584644,25.090695305339835,25.00109938334801,25.81788643258822,25.853487216259605,6.386642417753441,18.451056516295154,3475.5282581475767,3476.4017310508193,3468.364277511343,0.00205953376788025,0.20148834419700623,0.20526077496357217,22.8177376274639,22.765851170213875,0.0,0.0,0.0,0.3718692319942847,True,reaction_wheel_degradation,1.0,0.3718692319942847,reaction_wheel_degradation,0.3718692319942847,0.3718692319942847,70,reaction_wheel_degradation,2.4354001685708293,0.3718692319942847,gradual,0.7261174080063819,0.8751850190891066,628890386,reaction_wheel_degradation
16800.0,280.0,4.666666666666667,1,611.5701769743577,367.3205080756888,-244.24966889866886,86.3149068915526,86.3744766362905,29.452596275662103,29.43886000805728,-8.29297582503796,-8.323947201017065,25.093824052983706,25.179003745747753,25.828075391935084,25.95993883106749,6.5018758427731225,18.36602540378444,3433.0127018922203,3454.70721647152,3460.8698401174825,0.0015139170834323498,0.18784792708580875,0.19113466193523385,22.81780717757487,22.889069664748494,0.0,0.0,0.0,0.3718692319942847,True,reaction_wheel_degradation,1.0,0.3718692319942847,reaction_wheel_degradation,0.3718692319942847,0.3718692319942847,70,reaction_wheel_degradation,2.4354001685708293,0.3718692319942847,gradual,0.7261174080063819,0.8751850190891066,628890386,reaction_wheel_degradation
16860.0,281.0,4.683333333333334,1,612.503850668262,364.8628965095479,-247.64095415871407,86.68342021619354,86.77722252094361,29.46733680864774,29.377686779013263,-8.403913654186734,-8.393787742743553,25.097427979254345,25.09291454972622,25.837937078450558,25.829069514178894,6.650061176562099,18.243144825477398,3371.5724127386984,3413.139814605109,3406.8338300411924,0.0009806541325871247,0.1745163533146781,0.17165965889067103,22.817697597592378,22.821123881518126,0.0,0.0,0.0,0.3718692319942847,True,reaction_wheel_degradation,1.0,0.3718692319942847,reaction_wheel_degradation,0.3718692319942847,0.3718692319942847,70,reaction_wheel_degradation,2.4354001685708293,0.3718692319942847,gradual,0.7261174080063819,0.8751850190891066,628890386,reaction_wheel_degradation
16920.0,282.0,4.7,1,613.376606858593,361.7557050458495,-251.62090181274357,87.0578560819863,87.05039106863178,29.482314243279454,29.471541166141886,-8.534638757881803,-8.544255931771119,25.10160076037283,25.08900302593036,25.84740915232754,25.893704138361407,6.827204698203059,18.087785252292473,3293.8926261462375,3353.5162203756736,3354.2989200939146,0.0004830510651760503,0.16207627662940124,0.16348967785344493,22.817360679618783,22.83426767251407,0.0,0.0,0.0,0.3718692319942847,True,reaction_wheel_degradation,1.0,0.3718692319942847,reaction_wheel_degradation,0.3718692319942847,0.3718692319942847,70,reaction_wheel_degradation,2.4354001685708293,0.3718692319942847,gradual,0.7261174080063819,0.8751850190891066,628890386,reaction_wheel_degradation
16980.0,283.0,4.716666666666667,1,614.184193564921,358.134732861516,-256.049460703405,87.4388820651759,87.58448304637444,29.497555282607035,29.51192723349391,-8.680362092731874,-8.659404648667827,25.106417472093508,25.127419477461082,25.856443352395072,25.881020196914783,7.027894884874919,17.9067366430758,3203.3683215379006,3278.442270956787,3275.082866862708,4.285552300944441e-05,0.1510713880752361,0.14572827932780458,22.81675974670006,22.756787693005474,0.0,0.0,0.0,0.3718692319942847,True,reaction_wheel_degradation,1.0,0.3718692319942847,reaction_wheel_degradation,0.3718692319942847,0.3718692319942847,70,reaction_wheel_degradation,2.4354001685708293,0.3718692319942847,gradual,0.7261174080063819,0.8751850190891066,628890386,reaction_wheel_degradation
17040.0,284.0,4.733333333333333,1,614.9226763059908,354.15823381635533,-260.7644424896354,87.82692439030927,87.61824424764588,29.51307697561237,29.50257440526994,-8.835555936953428,-8.82142422586007,25.111930180251623,25.143349490013144,25.865007628957546,25.720181911143886,7.245363897202638,17.707911690817767,3103.9558454088833,3191.199058182836,3190.1913293314865,-0.0003206938364273982,0.15801734591068495,0.15432844710854488,22.81594672159844,22.747031555977795,0.0,0.0,0.0,0.3718692319942847,True,reaction_wheel_degradation,1.0,0.3718692319942847,reaction_wheel_degradation,0.3718692319942847,0.3718692319942847,70,reaction_wheel_degradation,2.4354001685708293,0.3718692319942847,gradual,0.7261174080063819,0.8751850190891066,628890386,reaction_wheel_degradation
17100.0,285.0,4.75,1,615.5884572681198,350.0000000000001,-265.58845726811967,88.22214530886303,88.15974486931427,29.52888581235452,29.518286412451463,-8.994191618195115,-8.975710340005998,25.118164061267397,25.11375073366122,25.873087567925886,25.80892822535884,7.471638629184902,17.500000000000007,3000.0000000000027,3095.5995290914193,3090.5722776313764,-0.0005917081616238305,0.16479270404059576,0.1714807730852125,22.81489967895514,22.81362055746481,0.0,0.0,0.0,0.3718692319942847,True,reaction_wheel_degradation,1.0,0.3718692319942847,reaction_wheel_degradation,0.3718692319942847,0.3718692319942847,70,reaction_wheel_degradation,2.4354001685708293,0.3718692319942847,gradual,0.7261174080063819,0.8751850190891066,628890386,reaction_wheel_degradation
17160.0,286.0,4.766666666666667,1,616.1782928333851,345.8417661836448,-270.3365266497403,88.62443180685372,88.84070975519751,29.54497727227415,29.518642154269845,-9.1499994790462,-9.1526648494369,25.12511440769087,25.09072327367073,25.880687044000844,25.932521717024514,7.6977992373236575,17.29208830918224,2896.044154591119,2995.8218418412694,2986.3065957538865,-0.0007583428260977164,0.1689585706524429,0.17055469102475937,22.813597840673353,22.855911722493566,0.0,0.0,0.0,0.3718692319942847,True,reaction_wheel_degradation,1.0,0.3718692319942847,reaction_wheel_degradation,0.3718692319942847,0.3718692319942847,70,reaction_wheel_degradation,2.4354001685708293,0.3718692319942847,gradual,0.7261174080063819,0.8751850190891066,628890386,reaction_wheel_degradation
17220.0,287.0,4.783333333333333,1,616.6893093822022,341.86526713848406,-274.8240422437181,89.03339615543068,88.93050708102054,29.561335846217226,29.52543875787018,-9.296739622099507,-9.284049077635032,25.132744885938354,25.138611895825598,25.887828074362684,26.061288308790807,7.9143494080891905,17.093263356924204,2796.6316784621017,2896.226760151685,2895.2260661861023,-0.0008133150954095557,0.1703328773852389,0.16968939193083285,22.812032154666383,22.800560960334966,0.0,0.0,0.0,0.3718692319942847,True,reaction_wheel_degradation,1.0,0.3718692319942847,reaction_wheel_degradation,0.3718692319942847,0.3718692319942847,70,reaction_wheel_degradation,2.4354001685708293,0.3718692319942847,gradual,0.7261174080063819,0.8751850190891066,628890386,reaction_wheel_degradation
17280.0,288.0,4.8,1,617.1190172933127,338.2442949541506,-278.87472233916213,89.44838830176872,89.45421914534174,29.57793553207075,29.54929362059532,-9.42847150494273,-9.394339587020674,25.140987369934596,25.136138384933826,25.8945498792632,26.042580086857505,8.111685993561363,16.91221474770753,2706.1073738537643,2801.1670670027247,2794.400423545654,-0.0007542224176044095,0.16885556044011024,0.1716323813251721,22.810205184436594,22.884137778573244,0.0,0.0,0.0,0.3718692319942847,True,reaction_wheel_degradation,1.0,0.3718692319942847,reaction_wheel_degradation,0.3718692319942847,0.3718692319942847,70,reaction_wheel_degradation,2.4354001685708293,0.3718692319942847,gradual,0.7261174080063819,0.8751850190891066,628890386,reaction_wheel_degradation
17340.0,289.0,4.816666666666666,1,617.465323072968,335.13710349045215,-282.3282195825158,89.86851958090936,89.87883695011008,29.594740783236375,29.584555891861413,-9.539810524119801,-9.56319379276787,25.149743575004617,25.147822057194432,25.90090719057814,26.1427801151152,8.280638786888552,16.75685517452261,2628.4275872613034,2714.797327132014,2721.7145379949484,-0.0005836474262604027,0.16459118565651007,0.17067952212410242,22.808130565761058,22.792704517710938,0.0,0.0,0.0,0.3718692319942847,True,reaction_wheel_degradation,1.0,0.3718692319942847,reaction_wheel_degradation,0.3718692319942847,0.3718692319942847,70,reaction_wheel_degradation,2.4354001685708293,0.3718692319942847,gradual,0.7261174080063819,0.8751850190891066,628890386,reaction_wheel_degradation
17400.0,290.0,4.833333333333333,1,617.7265395542198,332.6794919243112,-285.0470476299086,90.29269673512054,90.20704184363923,29.61170786940482,29.651531691459574,-9.626160331144652,-9.649220274899026,25.158888570280162,25.228659221318058,25.906967882245944,25.889113440227238,8.413037017672233,16.633974596215563,2566.9872981077806,2640.8923126198974,2639.8571443084984,-0.00030904506700890014,0.1577261266752225,0.15766282700944198,22.805832128131197,22.72127908633492,0.0,0.0,0.0,0.3718692319942847,True,reaction_wheel_degradation,1.0,0.3718692319942847,reaction_wheel_degradation,0.3718692319942847,0.3718692319942847,70,reaction_wheel_degradation,2.4354001685708293,0.3718692319942847,gradual,0.7261174080063819,0.8751850190891066,628890386,reaction_wheel_degradation
17460.0,291.0,4.85,1,617.9013941166289,330.978869674097,-286.92252444253194,90.71966477744574,90.70124827766826,29.62878659109783,29.634729523985136,-9.68391073189409,-9.721270206746413,25.168276072742024,25.02402772314266,25.912810026155388,25.992779601555636,8.502250165063481,16.54894348370485,2524.471741852424,2582.682027236161,2575.5520699529206,5.758321936251746e-05,0.15143958048406292,0.14937307607297853,22.80335632290499,22.6905440513226,0.0,0.0,0.0,0.3718692319942847,True,reaction_wheel_degradation,1.0,0.3718692319942847,reaction_wheel_degradation,0.3718692319942847,0.3718692319942847,70,reaction_wheel_degradation,2.4354001685708293,0.3718692319942847,gradual,0.7261174080063819,0.8751850190891066,628890386,reaction_wheel_degradation
17520.0,292.0,4.866666666666666,1,617.9890348863438,330.1095620926345,-287.8794727937093,91.14805685005543,91.17799132832232,29.645922274002217,29.683482205373984,-9.710592577724025,-9.714077514888398,25.17774524516172,25.12257156261722,25.918518502155408,25.907498520009508,8.543648656843914,16.505478104631727,2502.739052315864,2542.710539776012,2537.058049725942,0.000500214017461662,0.16250535043654155,0.16838580852078938,22.800834340503787,22.673707431711545,0.0,0.0,0.0,0.3718692319942847,True,reaction_wheel_degradation,1.0,0.3718692319942847,reaction_wheel_degradation,0.3718692319942847,0.3718692319942847,70,reaction_wheel_degradation,2.4354001685708293,0.3718692319942847,gradual,0.7261174080063819,0.8751850190891066,628890386,reaction_wheel_degradation
17580.0,293.0,4.883333333333334,1,617.9890348863438,330.1095620926345,-287.8794727937093,91.57644892266512,91.62917916877029,29.663057956906606,29.611318552474906,-9.704982986310108,-9.748275184802099,25.1871285589613,25.12661278205087,25.92418131034743,25.971489279931266,8.534935581165493,16.505478104631727,2502.739052315864,2522.724796045938,2530.4676313995046,0.000999502237433421,0.1749875559358355,0.18084120631281075,22.79832567919329,22.694375433769732,0.0,0.0,0.0,0.3718692319942847,True,reaction_wheel_degradation,1.0,0.3718692319942847,reaction_wheel_degradation,0.3718692319942847,0.3718692319942847,70,reaction_wheel_degradation,2.4354001685708293,0.3718692319942847,gradual,0.7261174080063819,0.8751850190891066,628890386,reaction_wheel_degradation
17640.0,294.0,4.9,1,617.9013941166289,330.9788696740969,-286.922524442532,92.00341696499031,91.57245940268852,29.680136678599613,29.69225733190809,-9.667156440334484,-9.645712368765512,25.196260164578707,25.170215407590735,25.92988574683206,25.934833533845254,8.47631309135204,16.548943483704846,2524.471741852423,2523.5982689491807,2518.6094559525072,0.001533626588214306,0.18834066470535765,0.18257291063704525,22.795889293912264,22.727220257255905,0.0,0.0,0.0,0.3718692319942847,True,reaction_wheel_degradation,1.0,0.3718692319942847,reaction_wheel_degradation,0.3718692319942847,0.3718692319942847,70,reaction_wheel_degradation,2.4354001685708293,0.3718692319942847,gradual,0.7261174080063819,0.8751850190891066,628890386,reaction_wheel_degradation
17700.0,295.0,4.916666666666667,1,617.7265395542198,332.6794919243112,-285.0470476299086,92.4275941192015,92.03903303317199,29.69710376476806,29.7100138641713,-9.598479699831257,-9.574676278871625,25.204984153604055,25.23412082954932,25.935714610049835,25.996960966709466,8.370465003845819,16.633974596215563,2566.9872981077806,2545.292783528481,2551.9263254366256,0.00207924327266222,0.2019810818165555,0.19229853887010803,22.79358152412899,22.806353876145113,0.0,0.0,0.0,0.3718692319942847,True,reaction_wheel_degradation,1.0,0.3718692319942847,reaction_wheel_degradation,0.3718692319942847,0.3718692319942847,70,reaction_wheel_degradation,2.4354001685708293,0.3718692319942847,gradual,0.7261174080063819,0.8751850190891066,628890386,reaction_wheel_degradation
17760.0,296.0,4.933333333333334,1,617.465323072968,335.1371034904521,-282.3282195825159,92.84772539834213,92.6910052800123,29.713909015933687,29.692977271587978,-9.501550921190516,-9.537719606798984,25.213162107324557,25.378145102970006,25.94174260351848,25.977970798016962,8.222357592638108,16.756855174522606,2628.427587261303,2586.860185394892,2588.945176177284,0.0026125062235074527,0.2153126555876863,0.22418570680246738,22.79145410400458,22.786354934371385,0.0,0.0,0.0,0.3718692319942847,True,reaction_wheel_degradation,1.0,0.3718692319942847,reaction_wheel_degradation,0.3718692319942847,0.3718692319942847,70,reaction_wheel_degradation,2.4354001685708293,0.3718692319942847,gradual,0.7261174080063819,0.8751850190891066,628890386,reaction_wheel_degradation
17820.0,297.0,4.95,1,617.1190172933127,338.2442949541506,-278.87472233916213,93.26271754468019,93.307900654195,29.73050870178721,29.716757982437468,-9.38008579457633,-9.40929117716417,25.22067940388424,25.170488794128996,25.94803309218575,26.047457683957777,8.038880761089011,16.91221474770753,2706.107373853764,2646.4837796243282,2652.610112702887,0.0031101092909185135,0.22775273227296283,0.231937264736518,22.789552259669904,22.748806603599114,0.0,0.0,0.0,0.3718692319942847,True,reaction_wheel_degradation,1.0,0.3718692319942847,reaction_wheel_degradation,0.3718692319942847,0.3718692319942847,70,reaction_wheel_degradation,2.4354001685708293,0.3718692319942847,gradual,0.7261174080063819,0.8751850190891066,628890386,reaction_wheel_degradation
17880.0,298.0,4.966666666666667,1,616.6893093822022,341.8652671384839,-274.8240422437183,93.67168189325714,93.84940187629167,29.746867275730285,29.69132856958942,-9.238755788847058,-9.227754494935036,25.227449889734523,25.48120425735057,25.95463535416211,25.914032601387053,7.828368682076403,17.093263356924194,2796.6316784620976,2721.557729043213,2723.515319560225,0.003550304833085077,0.23875762082712693,0.2420929736177762,22.787912914358408,22.901828224975095,0.0,0.0,0.0,0.3718692319942847,True,reaction_wheel_degradation,1.0,0.3718692319942847,reaction_wheel_degradation,0.3718692319942847,0.3718692319942847,70,reaction_wheel_degradation,2.4354001685708293,0.3718692319942847,gradual,0.7261174080063819,0.8751850190891066,628890386,reaction_wheel_degradation
17940.0,299.0,4.983333333333333,1,616.1782928333851,345.8417661836447,-270.33652664974034,94.07396839124782,94.1645190009758,29.762958735649914,29.766637587906903,-9.082985634957478,-9.098401539248865,25.233418691208072,25.279794736274624,25.96158244794718,26.00464395555458,7.6000502435875115,17.292088309182237,2896.0441545911185,2808.800941817166,2806.530994485271,0.003913854192521975,0.2478463548130494,0.25453704690785584,22.78656304795842,22.71403505192828,0.0,0.0,0.0,0.3718692319942847,True,reaction_wheel_degradation,1.0,0.3718692319942847,reaction_wheel_degradation,0.3718692319942847,0.3718692319942847,70,reaction_wheel_degradation,2.4354001685708293,0.3718692319942847,gradual,0.7261174080063819,0.8751850190891066,628890386,reaction_wheel_degradation
18000.0,300.0,5.0,1,615.5884572681198,349.99999999999994,-265.58845726811984,94.46918930980158,94.54708528128907,29.778767572392063,29.774302516639175,-8.918718903409127,-8.952320682319463,25.238563124894963,25.31396114814565,25.9688897883636,25.998436401715182,7.363483750242184,17.499999999999996,2999.9999999999986,2904.4004709085825,2901.1874398554323,0.004184868517718401,0.25462171294296,0.2596053947881868,22.785518286847182,22.810677375709467,0.0,0.0,0.0,0.3718692319942847,True,reaction_wheel_degradation,1.0,0.3718692319942847,reaction_wheel_degradation,0.3718692319942847,0.3718692319942847,70,reaction_wheel_degradation,2.4354001685708293,0.3718692319942847,gradual,0.7261174080063819,0.8751850190891066,628890386,reaction_wheel_degradation
18060.0,301.0,5.016666666666667,1,614.9226763059908,354.15823381635516,-260.7644424896356,94.85723163493495,94.7427591889991,29.7942892653974,29.746583297485266,-8.752161871251051,-8.796131736231928,25.242891836124414,25.165531669844373,25.97655449343833,26.052948088150433,7.128026993646456,17.70791169081776,3103.955845408879,3004.1781581587306,3010.714737469826,0.0043515031821922375,0.2587875795548059,0.2565907948571853,22.78478182513147,22.702258993694148,0.0,0.0,0.0,0.3718692319942847,True,reaction_wheel_degradation,1.0,0.3718692319942847,reaction_wheel_degradation,0.3718692319942847,0.3718692319942847,70,reaction_wheel_degradation,2.4354001685708293,0.3718692319942847,gradual,0.7261174080063819,0.8751850190891066,628890386,reaction_wheel_degradation
18120.0,302.0,5.033333333333333,1,614.184193564921,358.1347328615159,-256.0494607034051,95.23825761812455,95.2076419482418,29.80953030472498,29.814692892460698,-8.589516778223768,-8.564001996303015,25.246442431369903,25.258771370436204,25.984555530776973,25.98752749891725,6.90238387867101,17.906736643075796,3203.368321537897,3103.773239848314,3109.060166054758,0.004406475451504104,0.2601618862876026,0.26699014847956604,22.78434379243379,22.81134077423082,0.0,0.0,0.0,0.3718692319942847,True,reaction_wheel_degradation,1.0,0.3718692319942847,reaction_wheel_degradation,0.3718692319942847,0.3718692319942847,70,reaction_wheel_degradation,2.4354001685708293,0.3718692319942847,gradual,0.7261174080063819,0.8751850190891066,628890386,reaction_wheel_degradation
18180.0,303.0,5.05,1,613.376606858593,361.75570504584937,-251.62090181274368,95.61269348391733,95.79854326251206,29.824507739356694,29.830002699528944,-8.436716005900825,-8.460352588930382,25.249277957305477,25.13733312925125,25.99285465703534,26.012792409184506,6.694254157137854,18.08778525229247,3293.8926261462343,3198.8329329972744,3198.669879061375,0.004347382773698965,0.2586845693424741,0.2595486491043196,22.784181180588575,22.90781648257201,0.0,0.0,0.0,0.3718692319942847,True,reaction_wheel_degradation,1.0,0.3718692319942847,reaction_wheel_degradation,0.3718692319942847,0.3718692319942847,70,reaction_wheel_degradation,2.4354001685708293,0.3718692319942847,gradual,0.7261174080063819,0.8751850190891066,628890386,reaction_wheel_degradation
18240.0,304.0,5.066666666666666,1,612.503850668262,364.8628965095479,-247.64095415871407,95.98120680855826,96.07636747404194,29.83924827234233,29.898427183359995,-8.299168661974964,-8.333727133039947,25.25148260968962,25.27550531184811,26.001398109430014,25.92038244380085,6.510096038392585,18.243144825477398,3371.572412738698,3285.202672867986,3283.7234666903273,0.0041768077823550005,0.254420194558875,0.2558457648087334,22.78425841927634,22.795025466939826,0.0,0.0,0.0,0.3718692319942847,True,reaction_wheel_degradation,1.0,0.3718692319942847,reaction_wheel_degradation,0.3718692319942847,0.3718692319942847,70,reaction_wheel_degradation,2.4354001685708293,0.3718692319942847,gradual,0.7261174080063819,0.8751850190891066,628890386,reaction_wheel_degradation
18300.0,305.0,5.083333333333333,1,611.5701769743577,367.32050807568874,-244.24966889866892,96.3446735777527,96.4266082332634,29.85378694311011,29.899715945381164,-8.181530516182598,-8.186313051515933,25.253157031788078,25.22878419941743,26.010118975362143,26.289682872301633,6.354995326978167,18.366025403784437,3433.0127018922185,3359.1076873801026,3358.175716310717,0.003902205423103456,0.2475551355775864,0.2445491297827595,22.78452864933967,22.639362021475474,0.0,0.0,0.0,0.3718692319942847,True,reaction_wheel_degradation,1.0,0.3718692319942847,reaction_wheel_degradation,0.3718692319942847,0.3718692319942847,70,reaction_wheel_degradation,2.4354001685708293,0.3718692319942847,gradual,0.7261174080063819,0.8751850190891066,628890386,reaction_wheel_degradation
18360.0,306.0,5.1,1,610.5801345412646,369.021130325903,-241.55900421536154,96.70413638164462,96.62968497349964,29.868165455265785,29.909098373627167,-8.087507234990706,-8.071356469924059,25.25441349580429,25.385416766502804,26.018940136591837,26.03780419151175,6.232621862082161,18.45105651629515,3475.5282581475753,3417.317972763839,3413.2927446550502,0.0035355771367320383,0.23838942841830096,0.2475093300893001,22.784935686332318,22.7934980881547,0.0,0.0,0.0,0.3718692319942847,True,reaction_wheel_degradation,1.0,0.3718692319942847,reaction_wheel_degradation,0.3718692319942847,0.3718692319942847,70,reaction_wheel_degradation,2.4354001685708293,0.3718692319942847,gradual,0.7261174080063819,0.8751850190891066,628890386,reaction_wheel_degradation
18420.0,307.0,5.116666666666666,1,609.5385467561977,369.8904379073655,-239.64810884883218,97.0607555912411,96.98112141631567,29.882430223649642,29.8426427686294,-8.019699437268967,-7.989472021193354,25.255371169246565,25.364322727997205,26.02777765928984,25.854238985430726,6.145246325130574,18.494521895368276,3497.260947684137,3457.2894602239876,3450.3368411385495,0.003092946338632922,0.22732365846582303,0.22277525515134697,22.785416602651175,22.711404262624164,0.0,0.0,0.0,0.3718692319942847,True,reaction_wheel_degradation,1.0,0.3718692319942847,reaction_wheel_degradation,0.3718692319942847,0.3718692319942847,70,reaction_wheel_degradation,2.4354001685708293,0.3718692319942847,gradual,0.7261174080063819,0.8751850190891066,628890386,reaction_wheel_degradation
18480.0,308.0,5.133333333333334,1,608.450488130146,369.8904379073655,-238.56005022278055,97.41575566597737,97.4075243501224,29.896630226639097,29.923184965640786,-7.979496298222064,-8.01655283840875,25.25615157187731,25.268779956819312,26.036544481806256,26.077469986077087,6.09378889386717,18.494521895368276,3497.260947684137,3477.2752039540624,3474.930115088851,0.0025936581186611564,0.2148414529665289,0.21316064831179604,22.785904793081187,22.69461566355096,0.0,0.0,0.0,0.3718692319942847,True,reaction_wheel_degradation,1.0,0.3718692319942847,reaction_wheel_degradation,0.3718692319942847,0.3718692319942847,70,reaction_wheel_degradation,2.4354001685708293,0.3718692319942847,gradual,0.7261174080063819,0.8751850190891066,628890386,reaction_wheel_degradation
18540.0,309.0,5.15,1,607.3212595753644,369.02113032590313,-238.30012924946124,97.77036895355099,97.82353339670182,29.91081475814204,29.91772481030052,-7.967022335444521,-7.920611025932371,25.25687424775097,25.42840600586033,26.045154238984395,26.023648162920836,6.07787559147775,18.451056516295157,3475.5282581475776,3476.40173105082,3481.22856442937,0.0020595337678802643,0.2014883441970066,0.2057408594152828,22.786333334830367,22.624196873450565,0.0,0.0,0.0,0.3718692319942847,True,reaction_wheel_degradation,1.0,0.3718692319942847,reaction_wheel_degradation,0.3718692319942847,0.3718692319942847,70,reaction_wheel_degradation,2.4354001685708293,0.3718692319942847,gradual,0.7261174080063819,0.8751850190891066,628890386,reaction_wheel_degradation
18600.0,310.0,5.166666666666667,1,606.156362579862,367.32050807568885,-238.8358545041732,98.12577945132504,97.76881955324733,29.925031178053,29.91718452116879,-7.9811397048546855,-7.985920051263936,25.257652626528042,25.376805942335086,26.05352505588009,25.97921528108873,6.095887279072635,18.366025403784445,3433.0127018922203,3454.7072164715205,3452.8447283642845,0.001513917083432343,0.18784792708580858,0.1870957876146119,22.786638417136093,22.890136328664894,0.0,0.0,0.0,0.3718692319942847,True,reaction_wheel_degradation,1.0,0.3718692319942847,reaction_wheel_degradation,0.3718692319942847,0.3718692319942847,70,reaction_wheel_degradation,2.4354001685708293,0.3718692319942847,gradual,0.7261174080063819,0.8751850190891066,628890386,reaction_wheel_degradation
18660.0,311.0,5.183333333333334,1,604.961472404706,364.8628965095479,-240.0985758951581,98.4830689987881,98.20316344390541,29.939322759951523,29.919399659339625,-8.019505912683071,-7.9775316716611915,25.25859003745782,25.29704343164206,26.061583145084004,25.95451818591331,6.144998006684699,18.243144825477398,3371.5724127386984,3413.139814605109,3420.279227087919,0.000980654132587118,0.17451635331467794,0.17364088167385944,22.78676260285689,22.972550876525993,0.0,0.0,0.0,0.3718692319942847,True,reaction_wheel_degradation,1.0,0.3718692319942847,reaction_wheel_degradation,0.3718692319942847,0.3718692319942847,70,reaction_wheel_degradation,2.4354001685708293,0.3718692319942847,gradual,0.7261174080063819,0.8751850190891066,628890386,reaction_wheel_degradation
18720.0,312.0,5.2,1,603.7424104347197,361.7557050458495,-241.98670538887018,98.84316826275963,98.92895270360876,29.953726730510386,29.955337099471183,-8.07868441766835,-8.03780259665447,25.259775868411815,25.227104661546733,26.069266050427917,26.1388136422484,6.221211353622193,18.087785252292473,3293.8926261462375,3353.5162203756736,3356.116893417087,0.0004830510651760503,0.16207627662940124,0.16433283972544352,22.786657697343813,22.768263171275304,0.0,0.0,0.0,0.3718692319942847,True,reaction_wheel_degradation,1.0,0.3718692319942847,reaction_wheel_degradation,0.3718692319942847,0.3718692319942847,70,reaction_wheel_degradation,2.4354001685708293,0.3718692319942847,gradual,0.7261174080063819,0.8751850190891066,628890386,reaction_wheel_degradation
18780.0,313.0,5.216666666666667,1,602.5051158172813,358.13473286151606,-244.37038295576525,99.20681466596761,99.30410978125299,29.968272586638705,29.95710878839569,-8.154303263536027,-8.16983018893945,25.261281922991667,25.30358036009918,26.076525395310647,26.194797139533975,6.3194129370971455,17.906736643075803,3203.3683215379006,3278.442270956787,3276.0046348273186,4.285552300944441e-05,0.1510713880752361,0.1438392293974095,22.786287036792153,22.680218803912233,0.0,0.0,0.0,0.3718692319942847,True,reaction_wheel_degradation,1.0,0.3718692319942847,reaction_wheel_degradation,0.3718692319942847,0.3718692319942847,70,reaction_wheel_degradation,2.4354001685708293,0.3718692319942847,gradual,0.7261174080063819,0.8751850190891066,628890386,reaction_wheel_degradation
18840.0,314.0,5.233333333333333,1,601.2556165273943,354.15823381635516,-247.09738271103913,99.5745191045257,99.43284059790139,29.98298076418103,29.94101022574274,-8.24125475230376,-8.268723567748776,25.26315910609168,25.403511704509874,26.083329015529795,26.01728923600619,6.433462391389545,17.70791169081776,3103.9558454088797,3191.199058182833,3197.5654001103912,-0.0003206938364274407,0.158017345910686,0.14783581600342421,22.78570255701484,22.776849008289688,0.0,0.0,0.0,0.3718692319942847,True,reaction_wheel_degradation,1.0,0.3718692319942847,reaction_wheel_degradation,0.3718692319942847,0.3718692319942847,70,reaction_wheel_degradation,2.4354001685708293,0.3718692319942847,gradual,0.7261174080063819,0.8751850190891066,628890386,reaction_wheel_degradation
18900.0,315.0,5.25,1,600.0,350.0,-250.0,99.94654291404952,99.92470562402227,29.99786171656198,29.982420245054236,-8.333927343293727,-8.357211226101798,25.265434643445346,25.31152184053642,26.089662383405557,25.996756124263662,6.556347597063907,17.5,2999.9999999999995,3095.5995290914166,3093.047847742238,-0.0005917081616238456,0.16479270404059615,0.16794214604591107,22.784882345605915,22.818176573501436,0.0,0.0,0.0,0.3718692319942847,True,reaction_wheel_degradation,1.0,0.3718692319942847,reaction_wheel_degradation,0.3718692319942847,0.3718692319942847,70,reaction_wheel_degradation,2.4354001685708293,0.3718692319942847,gradual,0.7261174080063819,0.8751850190891066,628890386,reaction_wheel_degradation
18960.0,316.0,5.266666666666667,1,598.7443834726058,345.8417661836448,-252.90261728896104,100.0,100.0,30.0,30.00076084303417,-8.430087242965367,-8.436312594144262,25.26812640116441,25.20452992064836,26.095529260956678,26.087313811465677,6.685309673920594,17.29208830918224,2896.0441545911194,2995.821841841268,2993.81009581661,-0.0007583428260976755,0.16895857065244188,0.16914510152399215,22.783805637324246,22.839928904702962,0.0,0.0,0.0,0.3718692319942847,True,reaction_wheel_degradation,1.0,0.3718692319942847,reaction_wheel_degradation,0.3718692319942847,0.3718692319942847,70,reaction_wheel_degradation,2.4354001685708293,0.3718692319942847,gradual,0.7261174080063819,0.8751850190891066,628890386,reaction_wheel_degradation
19020.0,317.0,5.283333333333333,1,597.4948841827189,341.86526713848417,-255.62961704423475,100.0,99.69805281930294,30.0,29.987322556142207,-8.520987234807825,-8.515198646404269,25.271212902345624,25.297581110567744,26.100951553582874,26.03083625950686,6.808577876460633,17.093263356924208,2796.631678462105,2896.226760151687,2893.9304827058895,-0.0008133150954094922,0.1703328773852373,0.17449401923173305,22.782463392842395,22.91169577567583,0.0,0.0,0.0,0.3718692319942847,True,reaction_wheel_degradation,1.0,0.3718692319942847,reaction_wheel_degradation,0.3718692319942847,0.3718692319942847,70,reaction_wheel_degradation,2.4354001685708293,0.3718692319942847,gradual,0.7261174080063819,0.8751850190891066,628890386,reaction_wheel_degradation
19080.0,318.0,5.3,1,596.2575895652803,338.24429495415046,-258.0132946111299,100.0,100.0,30.0,30.03338874610769,-8.60044315370433,-8.618842627592654,25.274643657582242,25.32352331769493,26.105968370649627,26.11250403141599,6.917409795207974,16.912214747707523,2706.1073738537616,2801.1670670027247,2805.468524641605,-0.0007542224176044653,0.16885556044011163,0.17200368120007756,22.780858188326285,22.653895251457495,0.0,0.0,0.0,0.3718692319942847,True,reaction_wheel_degradation,1.0,0.3718692319942847,reaction_wheel_degradation,0.3718692319942847,0.3718692319942847,70,reaction_wheel_degradation,2.4354001685708293,0.3718692319942847,gradual,0.7261174080063819,0.8751850190891066,628890386,reaction_wheel_degradation
19140.0,319.0,5.316666666666666,1,595.038527595294,335.13710349045203,-259.90142410484196,100.0,100.0,30.0,30.04702330389512,-8.663380803494732,-8.683205043071897,25.27834357348911,24.998579420055254,26.110634334033474,26.209153615498035,7.004333355708883,16.756855174522602,2628.427587261301,2714.7973271320125,2712.197877185908,-0.0005836474262604313,0.16459118565651076,0.1664559805233589,22.779003672121576,22.74796352349361,0.0,0.0,0.0,0.3718692319942847,True,reaction_wheel_degradation,1.0,0.3718692319942847,reaction_wheel_degradation,0.3718692319942847,0.3718692319942847,70,reaction_wheel_degradation,2.4354001685708293,0.3718692319942847,gradual,0.7261174080063819,0.8751850190891066,628890386,reaction_wheel_degradation
19200.0,320.0,5.333333333333333,1,593.843637420138,332.6794919243113,-261.16414549582663,100.0,99.98003623140958,30.0,30.016241502129482,-8.705471516527554,-8.713275496390722,25.282216241201528,25.371812812025148,26.11501720855364,26.113257855178677,7.062818746005804,16.633974596215566,2566.9872981077824,2640.8923126198974,2640.076162748734,-0.0003090450670088648,0.15772612667522162,0.15853775269610298,22.77692368619401,22.693935188545623,0.0,0.0,0.0,0.3718692319942847,True,reaction_wheel_degradation,1.0,0.3718692319942847,reaction_wheel_degradation,0.3718692319942847,0.3718692319942847,70,reaction_wheel_degradation,2.4354001685708293,0.3718692319942847,gradual,0.7261174080063819,0.8751850190891066,628890386,reaction_wheel_degradation
19260.0,321.0,5.35,1,592.6787404246356,330.978869674097,-261.69987075053865,100.0,99.97532186294332,30.0,30.029425902655497,-8.723329025017955,-8.70869374278038,25.28614866889531,25.265053426633667,26.11919495785262,26.25362256546137,7.087717542297658,16.54894348370485,2524.471741852424,2582.682027236161,2586.8087107271454,5.758321936251746e-05,0.15143958048406292,0.15291899740444048,22.77466469428233,22.801649986722857,0.0,0.0,0.0,0.3718692319942847,True,reaction_wheel_degradation,1.0,0.3718692319942847,reaction_wheel_degradation,0.3718692319942847,0.3718692319942847,70,reaction_wheel_degradation,2.4354001685708293,0.3718692319942847,gradual,0.7261174080063819,0.8751850190891066,628890386,reaction_wheel_degradation
19320.0,322.0,5.366666666666666,1,591.549511869854,330.1095620926345,-261.43994977721945,100.0,100.0,30.0,29.98376207246416,-8.714664992573981,-8.721522492081501,25.290017213130685,25.360260843505188,26.123252354399064,26.11754254799739,7.075630874623557,16.505478104631727,2502.739052315864,2542.710539776012,2538.705534082851,0.000500214017461662,0.16250535043654155,0.15739565683375828,22.772357899095795,22.728193632501224,0.0,0.0,0.0,0.3718692319942847,True,reaction_wheel_degradation,1.0,0.3718692319942847,reaction_wheel_degradation,0.3718692319942847,0.3718692319942847,70,reaction_wheel_degradation,2.4354001685708293,0.3718692319942847,gradual,0.7261174080063819,0.8751850190891066,628890386,reaction_wheel_degradation
19380.0,323.0,5.383333333333334,1,590.4614532438022,330.1095620926345,-260.3518911511677,100.0,99.91608531445021,30.0,30.018545138555623,-8.67839637170559,-8.651597998589619,25.29369432680775,25.41586559940629,26.127277291773133,26.228682335044244,7.02516508675462,16.505478104631727,2502.7390523158633,2522.724796045938,2522.8911828817254,0.0009995022374334138,0.17498755593583534,0.17835706111056202,22.77006281109586,22.945830128996135,0.0,0.0,0.0,0.3718692319942847,True,reaction_wheel_degradation,1.0,0.3718692319942847,reaction_wheel_degradation,0.3718692319942847,0.3718692319942847,70,reaction_wheel_degradation,2.4354001685708293,0.3718692319942847,gradual,0.7261174080063819,0.8751850190891066,628890386,reaction_wheel_degradation
19440.0,324.0,5.4,1,589.4198654587356,330.9788696740969,-258.44099578463863,100.0,100.0,30.0,30.040491220576364,-8.614699859487954,-8.616251122458797,25.29705564182532,25.267081217600143,26.131356960406357,26.076055908157667,6.937044293524942,16.548943483704846,2524.471741852423,2523.5982689491807,2524.2028241829253,0.001533626588214306,0.18834066470535765,0.19304792480803554,22.767838397325566,22.84538356795156,0.0,0.0,0.0,0.3718692319942847,True,reaction_wheel_degradation,1.0,0.3718692319942847,reaction_wheel_degradation,0.3718692319942847,0.3718692319942847,70,reaction_wheel_degradation,2.4354001685708293,0.3718692319942847,gradual,0.7261174080063819,0.8751850190891066,628890386,reaction_wheel_degradation
19500.0,325.0,5.416666666666667,1,588.4298230256422,332.6794919243112,-255.75033110133103,100.0,100.0,30.0,30.00687614009586,-8.525011036711033,-8.508775585906156,25.299986858154647,25.2135610032614,26.135574053915537,26.14568448208425,6.814065054083594,16.633974596215563,2566.98729810778,2545.2927835284804,2547.19871601723,0.002079243272662213,0.20198108181655533,0.21169256755356727,22.76574100926669,22.67220148893452,0.0,0.0,0.0,0.3718692319942847,True,reaction_wheel_degradation,1.0,0.3718692319942847,reaction_wheel_degradation,0.3718692319942847,0.3718692319942847,70,reaction_wheel_degradation,2.4354001685708293,0.3718692319942847,gradual,0.7261174080063819,0.8751850190891066,628890386,reaction_wheel_degradation
19560.0,326.0,5.433333333333334,0,0.0,335.1371034904521,335.1371034904521,99.50128407218682,99.91547415024104,29.980051362887473,29.990904030969038,11.178670090783127,11.165271780579635,25.298843647672005,25.380534574962816,26.12400317183326,25.988359200586316,10.99701319988554,16.756855174522606,2628.427587261303,2586.860185394892,2592.030141171174,0.0026125062235074596,0.21531265558768647,0.2160421590335419,22.76382239300375,22.85748701452044,0.0,0.0,0.0,0.3718692319942847,True,reaction_wheel_degradation,1.0,0.3718692319942847,reaction_wheel_degradation,0.3718692319942847,0.3718692319942847,70,reaction_wheel_degradation,2.4354001685708293,0.3718692319942847,gradual,0.7261174080063819,0.8751850190891066,628890386,reaction_wheel_degradation
19620.0,327.0,5.45,0,0.0,338.2442949541506,338.2442949541506,98.99794434755268,99.12515309533306,29.959917773902106,29.93896525935367,11.289893967893097,11.301293791987307,25.29837370733431,25.21436687134615,26.11283557595401,25.95317049870339,11.196936464501514,16.91221474770753,2706.107373853764,2646.4837796243282,2645.811240319702,0.0031101092909185135,0.22775273227296283,0.23310427015980342,22.762127786501583,22.760579006144294,0.0,0.0,0.0,0.3718692319942847,True,reaction_wheel_degradation,1.0,0.3718692319942847,reaction_wheel_degradation,0.3718692319942847,0.3718692319942847,70,reaction_wheel_degradation,2.4354001685708293,0.3718692319942847,gradual,0.7261174080063819,0.8751850190891066,628890386,reaction_wheel_degradation
19680.0,328.0,5.466666666666667,0,0.0,341.8652671384838,341.8652671384838,98.48921627145373,98.25619631657595,29.93956865085815,29.96222676931104,11.418510103641223,11.350468214118058,25.29868543122016,25.31184222161804,26.102119418060227,26.126386756493453,11.430589838956534,17.09326335692419,2796.6316784620944,2721.5577290432116,2719.5511516818115,0.0035503048330850343,0.23875762082712587,0.2398880434732436,22.76069412473885,22.752261765806853,0.0,0.0,0.0,0.3718692319942847,True,reaction_wheel_degradation,1.0,0.3718692319942847,reaction_wheel_degradation,0.3718692319942847,0.3718692319942847,70,reaction_wheel_degradation,2.4354001685708293,0.3718692319942847,gradual,0.7261174080063819,0.8751850190891066,628890386,reaction_wheel_degradation
19740.0,329.0,5.483333333333333,0,0.0,345.8417661836449,345.8417661836449,97.9745707860614,97.93897927750984,29.918982831442456,29.92257466697253,11.559275531927272,11.573548136839642,25.299857812185643,25.244305228977055,26.09188663933411,26.150723719206752,11.689348065841001,17.292088309182244,2896.0441545911217,2808.8009418171673,2805.556420527881,0.003913854192522046,0.24784635481305112,0.24619966339946814,22.75954839926101,22.640460270139613,0.0,0.0,0.0,0.3718692319942847,True,reaction_wheel_degradation,1.0,0.3718692319942847,reaction_wheel_degradation,0.3718692319942847,0.3718692319942847,70,reaction_wheel_degradation,2.4354001685708293,0.3718692319942847,gradual,0.7261174080063819,0.8751850190891066,628890386,reaction_wheel_degradation
19800.0,330.0,5.5,0,0.0,350.0000000000001,350.0000000000001,97.45373745272806,97.27573481228927,29.898149498109124,29.922763324181446,11.706410124885338,11.718451303940306,25.301936008782402,25.313505509907653,26.082151546219436,26.01068734298169,11.963203040961437,17.500000000000007,3000.0000000000023,2904.4004709085843,2893.6812724605284,0.00418486851771843,0.25462171294296077,0.24717128530396731,22.758706248015002,22.639858829838154,0.0,0.0,0.0,0.3718692319942847,True,reaction_wheel_degradation,1.0,0.3718692319942847,reaction_wheel_degradation,0.3718692319942847,0.3718692319942847,70,reaction_wheel_degradation,2.4354001685708293,0.3718692319942847,gradual,0.7261174080063819,0.8751850190891066,628890386,reaction_wheel_degradation
19860.0,331.0,5.516666666666667,0,0.0,354.158233816355,354.158233816355,96.92671627145373,96.62942105679232,29.87706865085815,29.908185787367877,11.853848111909151,11.863268267088088,25.3049280500791,25.20456720025192,26.072910157231316,26.056683782360903,12.241097204816972,17.70791169081775,3103.9558454088756,3004.1781581587297,3000.5875269910193,0.00435150318219216,0.258787579554804,0.2594656959319478,22.758170876590533,22.660687816914418,0.0,0.0,0.0,0.3718692319942847,True,reaction_wheel_degradation,1.0,0.3718692319942847,reaction_wheel_degradation,0.3718692319942847,0.3718692319942847,70,reaction_wheel_degradation,2.4354001685708293,0.3718692319942847,gradual,0.7261174080063819,0.8751850190891066,628890386,reaction_wheel_degradation
19920.0,332.0,5.533333333333333,0,0.0,358.1347328615159,358.1347328615159,96.39377768088599,96.81345042722788,29.85575110723544,29.90139883600713,11.995502359835895,11.96253439071489,25.308803035609245,25.194842375960427,26.064140349259617,26.006869447830038,12.511366149186282,17.906736643075796,3203.368321537897,3103.773239848313,3104.774780504981,0.004406475451504118,0.26016188628760295,0.26174225542170704,22.75793242600691,22.718813591203485,0.0,0.0,0.0,0.3718692319942847,True,reaction_wheel_degradation,1.0,0.3718692319942847,reaction_wheel_degradation,0.3718692319942847,0.3718692319942847,70,reaction_wheel_degradation,2.4354001685708293,0.3718692319942847,gradual,0.7261174080063819,0.8751850190891066,628890386,reaction_wheel_degradation
19980.0,333.0,5.55,0,0.0,361.75570504584937,361.75570504584937,95.85545073885348,95.76216476531911,29.83421802955414,29.83578330375525,12.125529976602362,12.133059506322969,25.313491144652517,25.27443378982548,26.055802796970124,25.95519411499073,12.762278177078597,18.08778525229247,3293.892626146234,3198.8329329972735,3199.928831301582,0.0043473827736989715,0.2586845693424743,0.2583598740499837,22.757967899409895,22.80339498481043,0.0,0.0,0.0,0.3718692319942847,True,reaction_wheel_degradation,1.0,0.3718692319942847,reaction_wheel_degradation,0.3718692319942847,0.3718692319942847,70,reaction_wheel_degradation,2.4354001685708293,0.3718692319942847,gradual,0.7261174080063819,0.8751850190891066,628890386,reaction_wheel_degradation
20040.0,334.0,5.566666666666666,0,0.0,364.8628965095478,364.8628965095478,95.31249999999997,95.50272589835485,29.8125,29.8215253760313,12.238587723590701,12.22618090767122,25.31888567230941,25.250034168675402,26.047842664245316,26.058962703608696,12.982642357442002,18.24314482547739,3371.572412738695,3285.2026728679843,3284.072008505552,0.004176807782354965,0.2544201945588741,0.25084699833968455,22.7582417377065,22.725542602630018,0.0,0.0,0.0,0.3718692319942847,True,reaction_wheel_degradation,1.0,0.3718692319942847,reaction_wheel_degradation,0.3718692319942847,0.3718692319942847,70,reaction_wheel_degradation,2.4354001685708293,0.3718692319942847,gradual,0.7261174080063819,0.8751850190891066,628890386,reaction_wheel_degradation
20100.0,335.0,5.583333333333333,0,0.0,367.32050807568874,367.32050807568874,94.76589210107781,94.49819943435995,29.790635684043114,29.809367614366174,12.33006613123191,12.33679763972723,25.324847166489032,25.28312066297137,26.04019197373892,26.028125568999545,13.162442464044178,18.366025403784437,3433.0127018922185,3359.107687380101,3358.7341151953824,0.003902205423103476,0.2475551355775869,0.2444658451849683,22.7587070928816,22.81148390586239,0.0,0.0,0.0,0.3718692319942847,True,reaction_wheel_degradation,1.0,0.3718692319942847,reaction_wheel_degradation,0.3718692319942847,0.3718692319942847,70,reaction_wheel_degradation,2.4354001685708293,0.3718692319942847,gradual,0.7261174080063819,0.8751850190891066,628890386,reaction_wheel_degradation
20160.0,336.0,5.6,0,0.0,369.0211303259031,369.0211303259031,94.21675351428333,94.10290879924572,29.768670140571334,29.756836943251347,12.396292094451642,12.37575024108751,25.331209565541023,25.402868459018844,26.0327725509816,25.83238299087765,13.293444615277142,18.451056516295154,3475.5282581475763,3417.3179727638394,3416.6318804160333,0.003535577136732073,0.2383894284183018,0.241544636125313,22.759307791547684,22.733044125388897,0.0,0.0,0.0,0.3718692319942847,True,reaction_wheel_degradation,1.0,0.3718692319942847,reaction_wheel_degradation,0.3718692319942847,0.3718692319942847,70,reaction_wheel_degradation,2.4354001685708293,0.3718692319942847,gradual,0.7261174080063819,0.8751850190891066,628890386,reaction_wheel_degradation
20220.0,337.0,5.616666666666666,0,0.0,369.8904379073655,369.8904379073655,93.6663213150164,93.70649329486248,29.746652852600654,29.76531614335153,12.434691047097997,12.458974133595593,25.337788052530918,25.369333299698404,26.025499414364486,25.990884797810757,13.369723314942329,18.494521895368276,3497.2609476841367,3457.2894602239876,3465.596120704636,0.0030929463386329082,0.2273236584658227,0.2286921120817268,22.759980917077424,22.777055662548833,0.0,0.0,0.0,0.3718692319942847,True,reaction_wheel_degradation,1.0,0.3718692319942847,reaction_wheel_degradation,0.3718692319942847,0.3718692319942847,70,reaction_wheel_degradation,2.4354001685708293,0.3718692319942847,gradual,0.7261174080063819,0.8751850190891066,628890386,reaction_wheel_degradation
20280.0,338.0,5.633333333333334,0,0.0,369.8904379073655,369.8904379073655,93.11588911574948,93.25926718897327,29.724635564629978,29.73578355463159,12.443901527509611,12.431164771846655,25.344388173609428,25.23580280380673,26.018284462840306,25.928130239498252,13.388054818108483,18.494521895368276,3497.2609476841367,3477.2752039540624,3477.738159666533,0.002593658118661149,0.21484145296652873,0.22063267166688874,22.76065987514924,22.789696556558788,0.0,0.0,0.0,0.3718692319942847,True,reaction_wheel_degradation,1.0,0.3718692319942847,reaction_wheel_degradation,0.3718692319942847,0.3718692319942847,70,reaction_wheel_degradation,2.4354001685708293,0.3718692319942847,gradual,0.7261174080063819,0.8751850190891066,628890386,reaction_wheel_degradation
20340.0,339.0,5.65,0,0.0,369.0211303259031,369.0211303259031,92.56675052895498,92.58929135855645,29.702670021158198,29.7155385420141,12.42383698378082,12.451031802329375,25.350815638007653,25.417443097214452,26.011040300170173,26.158318144518752,13.348138031964808,18.451056516295154,3475.5282581475767,3476.4017310508193,3480.599227049116,0.00205953376788025,0.20148834419700623,0.1995543246221245,22.76127775378291,22.641952532969547,0.0,0.0,0.0,0.3718692319942847,True,reaction_wheel_degradation,1.0,0.3718692319942847,reaction_wheel_degradation,0.3718692319942847,0.3718692319942847,70,reaction_wheel_degradation,2.4354001685708293,0.3718692319942847,gradual,0.7261174080063819,0.8751850190891066,628890386,reaction_wheel_degradation
20400.0,340.0,5.666666666666667,0,0.0,367.32050807568874,367.32050807568874,92.02014263003282,92.03862257604013,29.680805705201312,29.641625309161075,12.375691944619916,12.407659443251724,25.35688614447511,25.390843809810985,26.00368402857638,25.948672337331622,13.252620088650424,18.366025403784437,3433.012701892219,3454.7072164715196,3464.2663246966276,0.0015139170834323355,0.18784792708580839,0.1824469426721136,22.76177075294649,22.882169421173536,0.0,0.0,0.0,0.3718692319942847,True,reaction_wheel_degradation,1.0,0.3718692319942847,reaction_wheel_degradation,0.3718692319942847,0.3718692319942847,70,reaction_wheel_degradation,2.4354001685708293,0.3718692319942847,gradual,0.7261174080063819,0.8751850190891066,628890386,reaction_wheel_degradation
20460.0,341.0,5.683333333333334,0,0.0,364.86289650954785,364.86289650954785,91.47719189117932,91.08752033892173,29.65908767564717,29.68114024353297,12.30189210469659,12.3191226281195,25.362434574103084,25.47796435963193,25.996140845998724,25.85566070355371,13.106923948447703,18.243144825477394,3371.572412738696,3413.1398146051074,3419.9671406195457,0.000980654132587096,0.1745163533146774,0.17429939081632692,22.76208144614871,22.803088189668525,0.0,0.0,0.0,0.3718692319942847,True,reaction_wheel_degradation,1.0,0.3718692319942847,reaction_wheel_degradation,0.3718692319942847,0.3718692319942847,70,reaction_wheel_degradation,2.4354001685708293,0.3718692319942847,gradual,0.7261174080063819,0.8751850190891066,628890386,reaction_wheel_degradation
20520.0,342.0,5.7,0,0.0,361.7557050458496,361.7557050458496,90.9388649491468,90.71023942290525,29.637554597965874,29.67569073085913,12.20599033736333,12.2148872136236,25.367322953356013,25.26519960958488,25.98834728973532,26.001716064154408,12.918896009264559,18.08778525229248,3293.8926261462407,3353.5162203756745,3351.558885335682,0.0004830510651761134,0.16207627662940283,0.1578733768416929,22.762161649310944,22.746370450835226,0.0,0.0,0.0,0.3718692319942847,True,reaction_wheel_degradation,1.0,0.3718692319942847,reaction_wheel_degradation,0.3718692319942847,0.3718692319942847,70,reaction_wheel_degradation,2.4354001685708293,0.3718692319942847,gradual,0.7261174080063819,0.8751850190891066,628890386,reaction_wheel_degradation
20580.0,343.0,5.716666666666667,0,0.0,358.13473286151617,358.13473286151617,90.40592635857907,90.50743650323571,29.616237054343163,29.608761825098078,12.09251304290855,12.082250088724116,25.371446714753986,25.38335559489086,25.980253984703587,25.971719462429157,12.698309735433073,17.90673664307581,3203.368321537904,3278.4422709567893,3276.4942540755324,4.2855523009480406e-05,0.151071388075237,0.15304484064116267,22.761974709119528,22.70589588590748,0.0,0.0,0.0,0.3718692319942847,True,reaction_wheel_degradation,1.0,0.3718692319942847,reaction_wheel_degradation,0.3718692319942847,0.3718692319942847,70,reaction_wheel_degradation,2.4354001685708293,0.3718692319942847,gradual,0.7261174080063819,0.8751850190891066,628890386,reaction_wheel_degradation
20640.0,344.0,5.733333333333333,0,0.0,354.15823381635533,354.15823381635533,89.87890517730473,89.8338097103541,29.595156207092188,29.611672352804597,11.966763457443243,11.966700819950242,25.3747389485045,25.37348709394683,25.971827776207594,25.969854776586857,12.456274211711916,17.707911690817767,3103.9558454088833,3191.1990581828363,3188.9809888108416,-0.0003206938364274255,0.15801734591068564,0.16550644158555694,22.76157257179976,22.705060759065578,0.0,0.0,0.0,0.3718692319942847,True,reaction_wheel_degradation,1.0,0.3718692319942847,reaction_wheel_degradation,0.3718692319942847,0.3718692319942847,70,reaction_wheel_degradation,2.4354001685708293,0.3718692319942847,gradual,0.7261174080063819,0.8751850190891066,628890386,reaction_wheel_degradation
20700.0,345.0,5.75,0,0.0,350.0000000000001,350.0000000000001,89.3580718439714,89.26116029960524,29.574322873758856,29.60109338760956,11.834590482223797,11.836124452720382,25.377172523315323,25.25421312760108,25.963053153997933,26.017112966470545,12.204602550555366,17.500000000000007,3000.000000000003,3095.59952909142,3100.4977022472544,-0.0005917081616238367,0.1647927040405959,0.15703774538320525,22.76093333527995,22.805672487127627,0.0,0.0,0.0,0.3718692319942847,True,reaction_wheel_degradation,1.0,0.3718692319942847,reaction_wheel_degradation,0.3718692319942847,0.3718692319942847,70,reaction_wheel_degradation,2.4354001685708293,0.3718692319942847,gradual,0.7261174080063819,0.8751850190891066,628890386,reaction_wheel_degradation
20760.0,346.0,5.766666666666667,0,0.0,345.8417661836449,345.8417661836449,88.84342635857907,88.86266000123497,29.553737054343163,29.612860439996595,11.702133153168209,11.677161173384695,25.378760133597957,25.655340573626187,25.953932905384313,25.87713226725414,11.955193626758282,17.292088309182244,2896.044154591123,2995.8218418412716,3005.9321752618494,-0.0007583428260976733,0.16895857065244183,0.17710067319072956,22.760036244575726,22.76682626924065,0.0,0.0,0.0,0.3718692319942847,True,reaction_wheel_degradation,1.0,0.3718692319942847,reaction_wheel_degradation,0.3718692319942847,0.3718692319942847,70,reaction_wheel_degradation,2.4354001685708293,0.3718692319942847,gradual,0.7261174080063819,0.8751850190891066,628890386,reaction_wheel_degradation
20820.0,347.0,5.783333333333333,0,0.0,341.86526713848406,341.86526713848406,88.33469828248013,88.48907987888153,29.533387931299206,29.512595475525504,11.575551979804473,11.532062205878583,25.379552480432945,25.438579323426385,25.944487968855086,26.02181471179322,11.719472290972421,17.093263356924204,2796.6316784621017,2896.226760151687,2890.1426651951824,-0.0008133150954095891,0.17033287738523972,0.17181386324716963,22.758872270539488,22.806516399550837,0.0,0.0,0.0,0.3718692319942847,True,reaction_wheel_degradation,1.0,0.3718692319942847,reaction_wheel_degradation,0.3718692319942847,0.3718692319942847,70,reaction_wheel_degradation,2.4354001685708293,0.3718692319942847,gradual,0.7261174080063819,0.8751850190891066,628890386,reaction_wheel_degradation
20880.0,348.0,5.8,0,0.0,338.2442949541506,338.2442949541506,87.83135855784599,87.73129900081501,29.51325434231384,29.495978293312696,11.46075898750352,11.451293613804683,25.37963489796892,25.25628278412456,25.93475649459966,25.94530769184911,11.507919725571414,16.91221474770753,2706.107373853765,2801.1670670027256,2793.6744162249743,-0.0007542224176044297,0.16885556044011074,0.17697236086548238,22.75744399944065,22.822264264818713,0.0,0.0,0.0,0.3718692319942847,True,reaction_wheel_degradation,1.0,0.3718692319942847,reaction_wheel_degradation,0.3718692319942847,0.3718692319942847,70,reaction_wheel_degradation,2.4354001685708293,0.3718692319942847,gradual,0.7261174080063819,0.8751850190891066,628890386,reaction_wheel_degradation
20940.0,349.0,5.816666666666666,0,0.0,335.13710349045215,335.13710349045215,87.33264263003281,87.38774054317975,29.493305705201312,29.482450161815734,11.363158366861155,11.382340497502055,25.379122786733205,25.31526009985221,25.92479215299191,25.906670757807213,11.329709445629335,16.75685517452261,2628.4275872613034,2714.7973271320143,2715.317657539836,-0.0005836474262604164,0.1645911856565104,0.16242502252718308,22.755765089652584,22.71422662168581,0.0,0.0,0.0,0.3718692319942847,True,reaction_wheel_degradation,1.0,0.3718692319942847,reaction_wheel_degradation,0.3718692319942847,0.3718692319942847,70,reaction_wheel_degradation,2.4354001685708293,0.3718692319942847,gradual,0.7261174080063819,0.8751850190891066,628890386,reaction_wheel_degradation
21000.0,350.0,5.833333333333333,0,0.0,332.6794919243112,332.6794919243112,86.8375838622883,86.95888488765681,29.473503354491534,29.419750458578555,11.287409166227041,11.30271251532815,25.378156211529028,25.351469777600602,25.914661764960403,25.892684592413126,11.1924484548661,16.633974596215563,2566.9872981077806,2640.8923126198974,2642.2912420411594,-0.00030904506700890687,0.15772612667522268,0.15482946373543743,22.75385939309354,22.68471750055529,0.0,0.0,0.0,0.3718692319942847,True,reaction_wheel_degradation,1.0,0.3718692319942847,reaction_wheel_degradation,0.3718692319942847,0.3718692319942847,70,reaction_wheel_degradation,2.4354001685708293,0.3718692319942847,gradual,0.7261174080063819,0.8751850190891066,628890386,reaction_wheel_degradation
21060.0,351.0,5.85,0,0.0,330.97886967409704,330.97886967409704,86.34505578241614,86.4889236244941,29.453802231296645,29.44566817926453,11.237220480906528,11.248243269049526,25.37689397402959,25.366021165515235,25.90444235780813,25.994547137212585,11.10200993092041,16.548943483704853,2524.471741852425,2582.682027236161,2581.746383283867,5.758321936253177e-05,0.15143958048406328,0.15316178774278189,22.75177338338011,22.72992884639335,0.0,0.0,0.0,0.3718692319942847,True,reaction_wheel_degradation,1.0,0.3718692319942847,reaction_wheel_degradation,0.3718692319942847,0.3718692319942847,70,reaction_wheel_degradation,2.4354001685708293,0.3718692319942847,gradual,0.7261174080063819,0.8751850190891066,628890386,reaction_wheel_degradation
21120.0,352.0,5.866666666666666,0,0.0,330.1095620926346,330.1095620926346,85.85382131501638,85.96892702901792,29.434152852600654,29.42750272594773,11.215188143709995,11.217026974400348,25.375507395545096,25.369145731153136,25.894217775154928,25.99580014835964,11.062435607905059,16.50547810463173,2502.739052315864,2542.710539776012,2545.0828624389032,0.000500214017461662,0.16250535043654155,0.16203726316908945,22.749638273025344,22.80671559470264,0.0,0.0,0.0,0.3718692319942847,True,reaction_wheel_degradation,1.0,0.3718692319942847,reaction_wheel_degradation,0.3718692319942847,0.3718692319942847,70,reaction_wheel_degradation,2.4354001685708293,0.3718692319942847,gradual,0.7261174080063819,0.8751850190891066,628890386,reaction_wheel_degradation
21180.0,353.0,5.883333333333334,0,0.0,330.1095620926345,330.1095620926345,85.36258684761663,85.2364352982882,29.414503473904666,29.437797993738283,11.222680076360769,11.187020841524296,25.374173963997517,25.256115738842578,25.88407498916295,25.983117543434815,11.075883847707596,16.505478104631727,2502.7390523158633,2522.724796045938,2528.284792197941,0.0009995022374334138,0.17498755593583534,0.1744609164939391,22.747513582220936,22.79088864932479,0.0,0.0,0.0,0.3718692319942847,True,reaction_wheel_degradation,1.0,0.3718692319942847,reaction_wheel_degradation,0.3718692319942847,0.3718692319942847,70,reaction_wheel_degradation,2.4354001685708293,0.3718692319942847,gradual,0.7261174080063819,0.8751850190891066,628890386,reaction_wheel_degradation
21240.0,354.0,5.9,0,0.0,330.9788696740969,330.9788696740969,84.87005876774447,85.02009860802613,29.394802350709778,29.438345115239848,11.259775307388825,11.273058337079911,25.373070930872966,25.428271144852168,25.874100276217057,25.916192876982254,11.142603197830649,16.548943483704846,2524.4717418524237,2523.5982689491807,2516.7972783633354,0.0015336265882143132,0.18834066470535782,0.1876164604639486,22.745458287667205,22.739494687406594,0.0,0.0,0.0,0.3718692319942847,True,reaction_wheel_degradation,1.0,0.3718692319942847,reaction_wheel_degradation,0.3718692319942847,0.3718692319942847,70,reaction_wheel_degradation,2.4354001685708293,0.3718692319942847,gradual,0.7261174080063819,0.8751850190891066,628890386,reaction_wheel_degradation
21300.0,355.0,5.916666666666667,0,0.0,332.67949192431126,332.67949192431126,84.37499999999994,84.30668904559953,29.374999999999996,29.330439032701864,11.325259299551023,11.341913138279493,25.37236890480828,25.229622955656644,25.86437542319975,25.696900841560677,11.260919856165353,16.633974596215563,2566.987298107782,2545.292783528482,2543.974642396108,0.0020792432726622415,0.20198108181655602,0.20222056246373404,22.74352875043077,22.8834437054424,0.0,0.0,0.0,0.3718692319942847,True,reaction_wheel_degradation,1.0,0.3718692319942847,reaction_wheel_degradation,0.3718692319942847,0.3718692319942847,70,reaction_wheel_degradation,2.4354001685708293,0.3718692319942847,gradual,0.7261174080063819,0.8751850190891066,628890386,reaction_wheel_degradation
21360.0,356.0,5.933333333333334,0,0.0,335.13710349045203,335.13710349045203,83.87628407218678,84.16643783189517,29.355051362887473,29.315588466979136,11.416675765526124,11.421353143791407,25.372225487522137,25.428546761605997,25.854974130163196,25.890984505712513,11.427238842812121,16.756855174522602,2628.4275872613002,2586.860185394891,2588.9633046895724,0.0026125062235074106,0.21531265558768525,0.22277362899938957,22.741776726109098,22.83404585064194,0.0,0.0,0.0,0.3718692319942847,True,reaction_wheel_degradation,1.0,0.3718692319942847,reaction_wheel_degradation,0.3718692319942847,0.3718692319942847,70,reaction_wheel_degradation,2.4354001685708293,0.3718692319942847,gradual,0.7261174080063819,0.8751850190891066,628890386,reaction_wheel_degradation
21420.0,357.0,5.95,0,0.0,338.2442949541504,338.2442949541504,83.37294434755262,83.32610489121362,29.334917773902106,29.311073107959235,11.530432693255081,11.560969841341114,25.37277903542199,25.424641875567424,25.845958766617304,25.976794642577506,11.63607024749485,16.91221474770752,2706.1073738537607,2646.483779624326,2651.1703731123266,0.0031101092909184844,0.2277527322729621,0.2307793110400595,22.74024746210864,22.685526949387665,0.0,0.0,0.0,0.3718692319942847,True,reaction_wheel_degradation,1.0,0.3718692319942847,reaction_wheel_degradation,0.3718692319942847,0.3718692319942847,70,reaction_wheel_degradation,2.4354001685708293,0.3718692319942847,gradual,0.7261174080063819,0.8751850190891066,628890386,reaction_wheel_degradation
21480.0,358.0,5.966666666666667,0,0.0,341.8652671384839,341.8652671384839,82.86421627145369,82.68263508661924,29.31456865085815,29.361357527611183,11.661957957156439,11.68888518450539,25.374142698114653,25.428523745914184,25.837377623198215,25.84748090771454,11.88010107155875,17.093263356924194,2796.6316784620976,2721.5577290432116,2720.787021864743,0.0035503048330851037,0.2387576208271276,0.23964552672319853,22.738977902778856,22.7283345578098,0.0,0.0,0.0,0.3718692319942847,True,reaction_wheel_degradation,1.0,0.3718692319942847,reaction_wheel_degradation,0.3718692319942847,0.3718692319942847,70,reaction_wheel_degradation,2.4354001685708293,0.3718692319942847,gradual,0.7261174080063819,0.8751850190891066,628890386,reaction_wheel_degradation
21540.0,359.0,5.983333333333333,0,0.0,345.8417661836447,345.8417661836447,82.34957078606136,82.45593524753514,29.293982831442456,29.309700124491258,11.805897756328248,11.85515910578238,25.376398967748067,25.426088269790952,25.829262778830994,25.965537287300794,12.15033774663011,17.292088309182237,2896.0441545911185,2808.8009418171646,2813.868158242465,0.003913854192521996,0.2478463548130499,0.24648754112534305,22.737995048965715,22.703837033701948,0.0,0.0,0.0,0.3718692319942847,True,reaction_wheel_degradation,1.0,0.3718692319942847,reaction_wheel_degradation,0.3718692319942847,0.3718692319942847,70,reaction_wheel_degradation,2.4354001685708293,0.3718692319942847,gradual,0.7261174080063819,0.8751850190891066,628890386,reaction_wheel_degradation
21600.0,360.0,6.0,1,600.0,349.99999999999994,-250.00000000000006,82.72159459558517,82.61686529535905,29.308863783823405,29.298439739223323,-8.529842775344429,-8.535095302468063,25.378876098680802,25.299155707125728,25.837628676600346,25.579268099558742,6.820657421767644,17.499999999999996,2999.9999999999986,2904.4004709085825,2906.0548374097198,0.004184868517718415,0.2546217129429604,0.2535451574779928,22.73731454784692,22.628016166030108,0.0,0.0,0.0,0.3718692319942847,True,reaction_wheel_degradation,1.0,0.3718692319942847,reaction_wheel_degradation,0.3718692319942847,0.3718692319942847,70,reaction_wheel_degradation,2.4354001685708293,0.3718692319942847,gradual,0.7261174080063819,0.8751850190891066,628890386,reaction_wheel_degradation
