time_s,time_min,time_h,in_sunlight,solar_power_w,load_power_w,battery_power_w,battery_soc_true,battery_soc_measured,battery_voltage_true,battery_voltage_measured,battery_current_true,battery_current_measured,battery_temp_true,battery_temp_measured,electronics_temp_true,electronics_temp_measured,battery_heat_w,electronics_heat_w,wheel_target_speed_rpm,wheel_speed_true,wheel_speed_measured,wheel_torque_nm,wheel_current_true,wheel_current_measured,wheel_temp_true,wheel_temp_measured,solar_degradation,battery_degradation,thermal_anomaly,wheel_degradation,fault_active,fault_type,fault_progress,fault_severity,fault_label,fault_requested_severity,fault_effective_severity,scenario_id,scenario_fault_type,scenario_start_time_h,scenario_severity,scenario_profile,scenario_ramp_duration_h,scenario_sensor_noise_scale,scenario_random_seed,scenario_internal_fault_name
0.0,0.0,0.0,1,600.0,350.0,-250.0,90.37202380952381,90.47304122029227,29.61488095238095,29.587444801177522,-8.44170200791912,-8.456316217484984,22.022336622077468,21.837154829468936,24.023,24.084457537901937,6.700986623240457,17.5,3000.0,3000.0,2998.087181254116,0.0006283185307179586,0.16570796326794895,0.1628681359273225,24.979227572821976,24.95503153671171,0.0,0.0,0.0,0.0,False,none,0.0,0.0,nominal,0.5194687099090153,0.0,44,thermal_anomaly,2.7747202348521127,0.5194687099090153,gradual,0.4486344094202435,1.1812496316014158,1058333940,thermal_anomaly
60.0,1.0,0.016666666666666666,1,601.2556165273943,354.15823381635516,-247.09738271103913,90.7397282480819,90.95105647198832,29.629589129923275,29.66112299188623,-8.339548065534684,-8.383865306959098,22.0440820855283,22.03239374533172,24.046231823381635,23.934109461839626,6.563844954989063,17.70791169081776,3103.9558454088797,3051.97792270444,3047.6996811760555,0.0019890973650273443,0.1997274341256836,0.20586111319765685,24.95874847619419,24.962703259375346,0.0,0.0,0.0,0.0,False,none,0.0,0.0,nominal,0.5194687099090153,0.0,44,thermal_anomaly,2.7747202348521127,0.5194687099090153,gradual,0.4486344094202435,1.1812496316014158,1058333940,thermal_anomaly
120.0,2.0,0.03333333333333333,1,602.5051158172811,358.134732861516,-244.37038295576508,91.10337465128988,90.640460523756,29.644134986051597,29.592321155517798,-8.243464788928678,-8.268860371669465,22.065272182808812,22.152115130854906,24.069675442080733,24.04028239525458,6.436376938104555,17.9067366430758,3203.3683215379,3127.67312212117,3128.1572092489764,0.002620900448055877,0.21552251120139693,0.21852392924744046,24.938546098704002,24.964402222833478,0.0,0.0,0.0,0.0,False,none,0.0,0.0,nominal,0.5194687099090153,0.0,44,thermal_anomaly,2.7747202348521127,0.5194687099090153,gradual,0.4486344094202435,1.1812496316014158,1058333940,thermal_anomaly
180.0,3.0,0.05,1,603.7424104347197,361.7557050458495,-241.98670538887018,91.46347391526143,91.28898340951486,29.658538956610457,29.650841763613577,-8.159090565549752,-8.11505516140373,22.08596608540712,22.108527661882796,24.093293609048672,24.074339263547916,6.325660708547438,18.087785252292473,3293.8926261462366,3210.7828741337034,3213.833988157937,0.002830866546587775,0.22077166366469436,0.22186683623955622,24.918597552843362,25.010784212305087,0.0,0.0,0.0,0.0,False,none,0.0,0.0,nominal,0.5194687099090153,0.0,44,thermal_anomaly,2.7747202348521127,0.5194687099090153,gradual,0.4486344094202435,1.1812496316014158,1058333940,thermal_anomaly
240.0,4.0,0.06666666666666667,1,604.961472404706,364.8628965095479,-240.0985758951581,91.82076346272446,91.92660562343144,29.67283053850898,29.70635242891929,-8.091529238626613,-8.108469557104954,22.10624304767322,22.111408587073683,24.117033549827237,24.140483266475215,6.23782763356395,18.243144825477398,3371.572412738697,3291.1776434362005,3287.836762155503,0.002777194931208119,0.21942987328020297,0.20881606450318885,24.898879660493158,24.833673595738233,0.0,0.0,0.0,0.0,False,none,0.0,0.0,nominal,0.5194687099090153,0.0,44,thermal_anomaly,2.7747202348521127,0.5194687099090153,gradual,0.4486344094202435,1.1812496316014158,1058333940,thermal_anomaly
300.0,5.0,0.08333333333333333,1,606.156362579862,367.3205080756888,-238.83585450417326,92.17617396049855,91.8924243063809,29.68704695841994,29.653462686095416,-8.045119975681306,-8.028577261178434,22.126198644166678,22.20480546905617,24.140829332236187,24.230234893740857,6.17791643384851,18.36602540378444,3433.0127018922194,3362.0951726642097,3374.6033379954238,0.0025459192073639977,0.21364798018409992,0.21390234147204204,24.879369033248576,24.80326740194278,0.0,0.0,0.0,0.0,False,none,0.0,0.0,nominal,0.5194687099090153,0.0,44,thermal_anomaly,2.7747202348521127,0.5194687099090153,gradual,0.4486344094202435,1.1812496316014158,1058333940,thermal_anomaly
360.0,6.0,0.1,1,607.3212595753644,369.0211303259031,-238.3001292494613,92.53078724807214,92.46392897183671,29.701231489922886,29.7046300115306,-8.023240697285983,-8.027290648701198,22.145940756644766,22.315622601041508,24.16460481061089,23.972730739801182,6.149791302926885,18.451056516295154,3475.5282581475767,3418.811715405893,3417.189163742108,0.0021889911831264744,0.20472477957816185,0.19934457672357878,24.860041723756545,24.896637144705927,0.0,0.0,0.0,0.0,False,none,0.0,0.0,nominal,0.5194687099090153,0.0,44,thermal_anomaly,2.7747202348521127,0.5194687099090153,gradual,0.4486344094202435,1.1812496316014158,1058333940,thermal_anomaly
420.0,7.0,0.11666666666666667,1,608.450488130146,369.8904379073655,-238.56005022278055,92.88578732280843,92.77338073439299,29.715431492912337,29.69781944040073,-8.028153664188972,-7.959241170906375,22.165585445773118,22.136651086231186,24.18827701591674,24.31980339413637,6.156100100466465,18.494521895368276,3497.2609476841367,3458.036331545015,3450.5621006435285,0.0017429323004629288,0.1935733075115732,0.19665038960173967,24.84087334921582,24.885596281691054,0.0,0.0,0.0,0.0,False,none,0.0,0.0,nominal,0.5194687099090153,0.0,44,thermal_anomaly,2.7747202348521127,0.5194687099090153,gradual,0.4486344094202435,1.1812496316014158,1058333940,thermal_anomaly
480.0,8.0,0.13333333333333333,1,609.5385467561977,369.8904379073655,-239.64810884883218,93.2424065324049,93.0116468805053,29.729696261296198,29.69262636428248,-8.060900008615953,-8.084716118456065,22.18525276215152,22.301258516524772,24.211759843580143,24.172127985366263,6.198248715912373,18.494521895368276,3497.2609476841367,3477.6486396145756,3475.145060822638,0.0012376984602625,0.18094246150656249,0.18187333023700142,24.82183963129007,24.786946458042316,0.0,0.0,0.0,0.0,False,none,0.0,0.0,nominal,0.5194687099090153,0.0,44,thermal_anomaly,2.7747202348521127,0.5194687099090153,gradual,0.4486344094202435,1.1812496316014158,1058333940,thermal_anomaly
540.0,9.0,0.15,1,610.5801345412646,369.0211303259031,-241.55900421536148,93.60186933629682,93.14991967119853,29.74407477345187,29.699276155896577,-8.121247880635556,-8.165119819823191,22.20506249014894,22.338523394788343,24.234967877864094,24.31916178121185,6.2763733710982015,18.451056516295154,3475.5282581475767,3476.588448881076,3474.357316292145,0.0007006012993672623,0.16751503248418156,0.1617254758299085,24.802917168998125,24.748112386744722,0.0,0.0,0.0,0.0,False,none,0.0,0.0,nominal,0.5194687099090153,0.0,44,thermal_anomaly,2.7747202348521127,0.5194687099090153,gradual,0.4486344094202435,1.1812496316014158,1058333940,thermal_anomaly
600.0,10.0,0.16666666666666666,1,611.5701769743577,367.3205080756888,-244.24966889866886,93.96533610549126,93.8218396387365,29.75861344421965,29.748833015227707,-8.207696549992056,-8.188938280494641,22.22512979058318,22.13252809629699,24.25782018564875,24.189231897496196,6.38930261254012,18.36602540378444,3433.0127018922194,3454.8005753866473,3463.8589361911827,0.00015772978780866564,0.15394324469521664,0.14787598271251015,24.7840842940449,24.736919229903446,0.0,0.0,0.0,0.0,False,none,0.0,0.0,nominal,0.5194687099090153,0.0,44,thermal_anomaly,2.7747202348521127,0.5194687099090153,gradual,0.4486344094202435,1.1812496316014158,1058333940,thermal_anomaly
660.0,11.0,0.18333333333333332,1,612.503850668262,364.8628965095479,-247.64095415871407,94.33384943013219,94.37669878325384,29.77335397720529,29.769802903683722,-8.317536356445093,-8.330682923894862,22.245560721450556,22.2392543246903,24.280243913814516,24.25718412306771,6.534512883262872,18.243144825477398,3371.572412738697,3413.186494062673,3407.747521235452,-0.00036588236096057034,0.15914705902401424,0.14401547588926247,24.765371298209715,24.679718487614565,0.0,0.0,0.0,0.0,False,none,0.0,0.0,nominal,0.5194687099090153,0.0,44,thermal_anomaly,2.7747202348521127,0.5194687099090153,gradual,0.4486344094202435,1.1812496316014158,1058333940,thermal_anomaly
720.0,12.0,0.2,1,613.376606858593,361.7557050458495,-251.62090181274357,94.70828529592498,95.00417804562883,29.788331411837,29.74763401687472,-8.446961944056957,-8.47685692015557,22.266447668077678,22.156067686714735,24.302177533008585,24.380145914015596,6.708093286747719,18.087785252292473,3293.8926261462366,3353.5395601044547,3351.5304849262047,-0.0008466969717638359,0.1711674242940959,0.17283655003612008,24.746777531689744,24.750642335055627,0.0,0.0,0.0,0.0,False,none,0.0,0.0,nominal,0.5194687099090153,0.0,44,thermal_anomaly,2.7747202348521127,0.5194687099090153,gradual,0.4486344094202435,1.1812496316014158,1058333940,thermal_anomaly
780.0,13.0,0.21666666666666667,1,614.184193564921,358.134732861516,-256.049460703405,95.08931127911457,95.19697554952013,29.803572451164584,29.839218382831245,-8.59123385704722,-8.539362987810813,22.287864795185605,22.516502091501028,24.32357358603067,24.18234615568314,6.904743934917956,17.9067366430758,3203.3683215379,3278.4539408211776,3277.114825246406,-0.001263373233051744,0.1815843308262936,0.1885569415707128,24.72828196644546,24.689400356898492,0.0,0.0,0.0,0.0,False,none,0.0,0.0,nominal,0.5194687099090153,0.0,44,thermal_anomaly,2.7747202348521127,0.5194687099090153,gradual,0.4486344094202435,1.1812496316014158,1058333940,thermal_anomaly
840.0,14.0,0.23333333333333334,1,614.9226763059908,354.15823381635516,-260.7644424896356,95.47735360424795,95.3663999034756,29.819094144169917,29.795951982364873,-8.744881424931515,-8.719588796033275,22.309863726717456,22.198382222751167,24.344400820724058,24.415949865712996,7.1178360908889795,17.70791169081776,3103.9558454088797,3191.2048931150284,3193.846380434001,-0.0015975369398450977,0.18993842349612744,0.1904978701506633,24.709865507062307,24.62794710061743,0.0,0.0,0.0,0.0,False,none,0.0,0.0,nominal,0.5194687099090153,0.0,44,thermal_anomaly,2.7747202348521127,0.5194687099090153,gradual,0.4486344094202435,1.1812496316014158,1058333940,thermal_anomaly
900.0,15.0,0.25,1,615.5884572681198,350.0,-265.5884572681198,95.8725745228017,96.26523814886296,29.83490298091207,29.890888547748528,-8.901938023329231,-8.89310699704983,22.33246974450947,22.378969283599805,24.364645614158267,24.577060021595788,7.33956004569558,17.5,3000.0,3095.602446557514,3088.8619837120696,-0.00183450180819848,0.195862545204962,0.19288078918883522,24.691511756280946,24.612692642741667,0.0,0.0,0.0,0.0,False,none,0.0,0.0,nominal,0.5194687099090153,0.0,44,thermal_anomaly,2.7747202348521127,0.5194687099090153,gradual,0.4486344094202435,1.1812496316014158,1058333940,thermal_anomaly
960.0,16.0,0.26666666666666666,1,616.178292833385,345.84176618364484,-270.3365266497401,96.27486102079239,96.26745285529259,29.850994440831695,29.856462676402927,-9.056198351635487,-9.054050675256384,22.35567885366486,22.41550600710363,24.384312625863366,24.530129410557965,7.561178286733225,17.292088309182244,2896.0441545911203,2995.8233005743177,2994.630842783845,-0.0019638704730496467,0.19909676182624117,0.20239968553023574,24.673207665569283,24.588724389778967,0.0,0.0,0.0,0.0,False,none,0.0,0.0,nominal,0.5194687099090153,0.0,44,thermal_anomaly,2.7747202348521127,0.5194687099090153,gradual,0.4486344094202435,1.1812496316014158,1058333940,thermal_anomaly
1020.0,17.0,0.2833333333333333,1,616.6893093822022,341.865267138484,-274.82404224371817,96.68382536936933,96.50944580233646,29.867353014774775,29.92664467459719,-9.20148638909408,-9.219069121208221,22.379456074347853,22.25591123467202,24.403424651570308,24.44643557332566,7.7733881414946895,17.0932633569242,2796.6316784621,2896.227489518209,2901.4368039263295,-0.0019799684713490795,0.19949921178372698,0.19544088588100025,24.654944048653153,24.577506937923825,0.0,0.0,0.0,0.0,False,none,0.0,0.0,nominal,0.5194687099090153,0.0,44,thermal_anomaly,2.7747202348521127,0.5194687099090153,gradual,0.4486344094202435,1.1812496316014158,1058333940,thermal_anomaly
1080.0,18.0,0.3,1,617.1190172933127,338.2442949541505,-278.8747223391622,97.09881751570738,96.92486369090973,29.883952700628296,29.92355019447444,-9.331922223705668,-9.274165046223017,22.403735277205577,22.384087921573585,24.42202168385316,24.58185520491039,7.966781791143339,16.912214747707527,2706.1073738537634,2801.1674316859862,2796.3385704446614,-0.001882082027516422,0.19705205068791054,0.1920821516582247,24.636715938974486,24.7935365169325,0.0,0.0,0.0,0.0,False,none,0.0,0.0,nominal,0.5194687099090153,0.0,44,thermal_anomaly,2.7747202348521127,0.5194687099090153,gradual,0.4486344094202435,1.1812496316014158,1058333940,thermal_anomaly
1140.0,19.0,0.31666666666666665,1,617.465323072968,335.1371034904521,-282.3282195825159,97.51894879484803,97.71855732107785,29.90075795179392,29.857452042786285,-9.44217601566108,-9.500390438213685,22.428420782318536,22.26444317908979,24.44015922073138,24.40384033936395,8.132375032858029,16.756855174522606,2628.427587261303,2714.797509473645,2713.0411643943203,-0.0016744841409544729,0.19186210352386182,0.19000126710435156,24.618522775982953,24.481564662842718,0.0,0.0,0.0,0.0,False,none,0.0,0.0,nominal,0.5194687099090153,0.0,44,thermal_anomaly,2.7747202348521127,0.5194687099090153,gradual,0.4486344094202435,1.1812496316014158,1058333940,thermal_anomaly
1200.0,20.0,0.3333333333333333,1,617.7265395542198,332.6794919243112,-285.0470476299086,97.9431259490592,97.99117598394743,29.917725037962366,29.9536418061666,-9.527697953912426,-9.566251021689522,22.453390798504888,22.528181225160925,24.45790589615796,24.22372246662118,8.262162264078963,16.633974596215563,2566.9872981077806,2640.8924037907127,2647.3872299655386,-0.0013662452815192232,0.18415613203798056,0.18160386481335744,24.60036841001693,24.494892781913315,0.0,0.0,0.0,0.0,False,none,0.0,0.0,nominal,0.5194687099090153,0.0,44,thermal_anomaly,2.7747202348521127,0.5194687099090153,gradual,0.4486344094202435,1.1812496316014158,1058333940,thermal_anomaly
1260.0,21.0,0.35,1,617.9013941166289,330.9788696740969,-286.922524442532,98.3700939913844,98.08081925878245,29.934803759655377,29.99459191785851,-9.584914160327042,-9.585275790116112,22.47850260823675,22.331915861372973,24.475340535956107,24.389007664682385,8.349646356867026,16.548943483704846,2524.4717418524233,2582.682072821568,2586.4807058902375,-0.0009708356894861285,0.1742708922371532,0.1751758111371842,24.58226092137587,24.57256046141124,0.0,0.0,0.0,0.0,False,none,0.0,0.0,nominal,0.5194687099090153,0.0,44,thermal_anomaly,2.7747202348521127,0.5194687099090153,gradual,0.4486344094202435,1.1812496316014158,1058333940,thermal_anomaly
1320.0,22.0,0.36666666666666664,1,617.9890348863438,330.1095620926345,-287.8794727937093,98.79848606399409,98.79524168233706,29.951939442559762,29.886404378346263,-9.611380035866768,-9.676348101324685,22.503599226239025,22.66421142149488,24.49254876787772,24.424769609681398,8.39029009550866,16.505478104631727,2502.7390523158633,2542.710562568716,2545.331013307514,-0.0005055360229247973,0.16263840057311993,0.16536824235046052,24.564212256047483,24.544886337779307,0.0,0.0,0.0,0.0,False,none,0.0,0.0,nominal,0.5194687099090153,0.0,44,thermal_anomaly,2.7747202348521127,0.5194687099090153,gradual,0.4486344094202435,1.1812496316014158,1058333940,thermal_anomaly
1380.0,23.0,0.38333333333333336,1,617.9890348863438,330.1095620926345,-287.8794727937093,99.22687813660377,98.97342813112373,29.96907512546415,29.89926463652472,-9.605884452173287,-9.651073761303612,22.52851710184386,22.403306476768623,24.509619333943963,24.32607680732607,8.38184128868036,16.505478104631727,2502.7390523158633,2522.7248074422896,2523.7967618781377,9.318209224527915e-06,0.1502329552306132,0.15494350994918826,24.54623894625931,24.52800357438876,0.0,0.0,0.0,0.0,False,none,0.0,0.0,nominal,0.5194687099090153,0.0,44,thermal_anomaly,2.7747202348521127,0.5194687099090153,gradual,0.4486344094202435,1.1812496316014158,1058333940,thermal_anomaly
1440.0,24.0,0.4,1,617.9013941166289,330.9788696740969,-286.922524442532,99.65384617892896,100.06274025254655,29.98615384715716,30.02293587933794,-9.568500378708412,-9.559668338155067,22.553094319098754,22.56803781683541,24.52664026623982,24.45991546232127,8.324495959787441,16.548943483704846,2524.4717418524233,2523.5982746473564,2516.088953795062,0.0005512255660942137,0.16378063915235533,0.16978929739210724,24.528430792650212,24.37376303657993,0.0,0.0,0.0,0.0,False,none,0.0,0.0,nominal,0.5194687099090153,0.0,44,thermal_anomaly,2.7747202348521127,0.5194687099090153,gradual,0.4486344094202435,1.1812496316014158,1058333940,thermal_anomaly
1500.0,25.0,0.4166666666666667,1,617.7265395542198,332.6794919243112,-285.0470476299086,100.0,100.0,30.0,29.974409576560742,-9.501568254330287,-9.499904016431127,22.577183699661948,22.474916285842045,24.543695093302333,24.372874478758757,8.222383943335767,16.633974596215563,2566.9872981077806,2545.2927863775685,2545.989188746259,0.0010965021756400308,0.17741255439100076,0.1823834440497873,24.510807428556266,24.522690626552922,0.0,0.0,0.0,0.0,False,none,0.0,0.0,nominal,0.5194687099090153,0.0,44,thermal_anomaly,2.7747202348521127,0.5194687099090153,gradual,0.4486344094202435,1.1812496316014158,1058333940,thermal_anomaly
1560.0,26.0,0.43333333333333335,1,617.465323072968,335.1371034904521,-282.3282195825159,100.0,100.0,30.0,29.993099993345762,-9.41094065275053,-9.41803002912477,22.600671478522536,22.52700999391019,24.56085924290496,24.52592133603192,8.085264317567404,16.756855174522606,2628.4275872613025,2586.8601868194355,2584.3676992106825,0.0016213168734028807,0.190532921835072,0.18337657134424395,24.493386174654585,24.718352625937854,0.0,0.0,0.0,0.0,False,none,0.0,0.0,nominal,0.5194687099090153,0.0,44,thermal_anomaly,2.7747202348521127,0.5194687099090153,gradual,0.4486344094202435,1.1812496316014158,1058333940,thermal_anomaly
1620.0,27.0,0.45,1,617.1190172933127,338.2442949541505,-278.8747223391622,100.0,99.95998285513343,30.0,30.048829241537423,-9.295824077972073,-9.380465250433849,22.623444075061695,22.603851068732663,24.578196798457135,24.746868401247323,7.912987623088427,16.912214747707527,2706.107373853763,2646.483780336599,2639.118110424735,0.002102732758702936,0.20256831896757338,0.20376943396577857,24.47618121926103,24.322965407436794,0.0,0.0,0.0,0.0,False,none,0.0,0.0,nominal,0.5194687099090153,0.0,44,thermal_anomaly,2.7747202348521127,0.5194687099090153,gradual,0.4486344094202435,1.1812496316014158,1058333940,thermal_anomaly
1680.0,28.0,0.4666666666666667,1,616.6893093822022,341.865267138484,-274.82404224371817,100.0,100.0,30.0,29.981640513417542,-9.16080140812394,-9.20447962606951,22.645415485928414,22.575640963920183,24.595757750783328,24.565856706171854,7.713622595126845,17.0932633569242,2796.6316784621,2721.5577293993497,2726.9455281540013,0.0025197096572392597,0.21299274143098149,0.19939600469905167,24.4592029266538,24.373506631334784,0.0,0.0,0.0,0.0,False,none,0.0,0.0,nominal,0.5194687099090153,0.0,44,thermal_anomaly,2.7747202348521127,0.5194687099090153,gradual,0.4486344094202435,1.1812496316014158,1058333940,thermal_anomaly
1740.0,29.0,0.48333333333333334,1,616.178292833385,345.8417661836448,-270.33652664974016,100.0,99.99958342380641,30.0,29.98656019756537,-9.011217554991338,-8.964923061981478,22.666530204165745,22.900300837970157,24.613575865395426,24.505790859421406,7.496163345870727,17.29208830918224,2896.04415459112,2808.800941995234,2807.2161477965487,0.0028540236826568068,0.22135059206642016,0.22725613067679412,24.442457308702856,24.48306110813782,0.0,0.0,0.0,0.0,False,none,0.0,0.0,nominal,0.5194687099090153,0.0,44,thermal_anomaly,2.7747202348521127,0.5194687099090153,gradual,0.4486344094202435,1.1812496316014158,1058333940,thermal_anomaly
1800.0,30.0,0.5,1,615.5884572681198,350.0,-265.5884572681198,100.0,100.0,30.0,29.973904064966295,-8.852948575603993,-8.880935577201068,22.68676427586936,22.70852195000579,24.631667258472262,24.54208581024139,7.269975878583101,17.5,3000.0,2904.4004709976166,2904.9120742763434,0.003091063710322311,0.22727659275805778,0.21886149927715992,24.42594568866376,24.35366731954879,0.0,0.0,0.0,0.0,False,none,0.0,0.0,nominal,0.5194687099090153,0.0,44,thermal_anomaly,2.7747202348521127,0.5194687099090153,gradual,0.4486344094202435,1.1812496316014158,1058333940,thermal_anomaly
1860.0,31.0,0.5166666666666667,1,614.9226763059908,354.15823381635516,-260.7644424896356,100.0,99.94908583240282,30.0,29.97917419813326,-8.692148082987853,-8.747343237002745,22.706124607093237,22.760626699106393,24.65002974378612,24.481889587003405,7.044275063727152,17.70791169081776,3103.955845408879,3004.178158203248,3004.550935025664,0.0032204699548295168,0.23051174887073791,0.22128309427096562,24.409664577314476,24.54688970299105,0.0,0.0,0.0,0.0,False,none,0.0,0.0,nominal,0.5194687099090153,0.0,44,thermal_anomaly,2.7747202348521127,0.5194687099090153,gradual,0.4486344094202435,1.1812496316014158,1058333940,thermal_anomaly
1920.0,32.0,0.5333333333333333,1,614.184193564921,358.134732861516,-256.049460703405,100.0,99.96351667356538,30.0,30.012758778108736,-8.534982023446833,-8.546894367230482,22.724646770954827,22.6773978273945,24.668642979121984,24.755201362463726,6.827673451244848,17.9067366430758,3203.3683215378996,3103.773239870574,3104.935192971504,0.0032365867429569625,0.23091466857392406,0.24280113418570287,24.39360577110314,24.468683175316414,0.0,0.0,0.0,0.0,False,none,0.0,0.0,nominal,0.5194687099090153,0.0,44,thermal_anomaly,2.7747202348521127,0.5194687099090153,gradual,0.4486344094202435,1.1812496316014158,1058333940,thermal_anomaly
1980.0,33.0,0.55,1,613.376606858593,361.7557050458495,-251.62090181274357,100.0,100.0,30.0,30.02113060351061,-8.387363393758118,-8.394326472492276,22.74239165424882,22.722741736246988,24.687469405793593,24.785875686622948,6.627829175916296,18.087785252292473,3293.8926261462366,3198.832933008405,3194.2062938140957,0.0031387096940383224,0.22846774235095807,0.2213078015349329,24.377756670305367,24.30995401274511,0.0,0.0,0.0,0.0,False,none,0.0,0.0,nominal,0.5194687099090153,0.0,44,thermal_anomaly,2.7747202348521127,0.5194687099090153,gradual,0.4486344094202435,1.1812496316014158,1058333940,thermal_anomaly
2040.0,34.0,0.5666666666666667,1,612.503850668262,364.8628965095479,-247.64095415871407,100.0,99.837556152346,30.0,29.983591810012783,-8.254698471957136,-8.310369976582841,22.75944131682011,22.85036983705521,24.7064559401982,24.790025133793293,6.4512037490345175,18.243144825477398,3371.572412738697,3285.2026728735514,3274.8664575699613,0.002931116504933392,0.2232779126233348,0.22235802268038404,24.36210080321205,24.41242814769756,0.0,0.0,0.0,0.0,False,none,0.0,0.0,nominal,0.5194687099090153,0.0,44,thermal_anomaly,2.7747202348521127,0.5194687099090153,gradual,0.4486344094202435,1.1812496316014158,1058333940,thermal_anomaly
2100.0,35.0,0.5833333333333334,1,611.5701769743577,367.3205080756888,-244.24966889866886,100.0,100.0,30.0,30.03815382284851,-8.141655629955629,-8.132996352820763,22.775894417291664,22.595220472195656,24.725536343484183,24.698154282747723,6.302924511743055,18.36602540378444,3433.0127018922194,3359.1076873828856,3365.1809419079036,0.002622879994226634,0.21557199985566583,0.21897304529421346,24.346618531014,24.283202953898382,0.0,0.0,0.0,0.0,False,none,0.0,0.0,nominal,0.5194687099090153,0.0,44,thermal_anomaly,2.7747202348521127,0.5194687099090153,gradual,0.4486344094202435,1.1812496316014158,1058333940,thermal_anomaly
2160.0,36.0,0.6,1,610.5801345412646,369.0211303259031,-241.55900421536148,100.0,99.87181694921655,30.0,30.02211622333026,-8.051966807178717,-8.052371306009753,22.79186149597829,22.948814859265816,24.7446341657689,24.78737981562387,6.1867335571126265,18.451056516295154,3475.5282581475767,3417.3179727652314,3412.645868213809,0.0022274715765577893,0.20568678941394472,0.2121216094975011,24.3312878982213,24.26655080533198,0.0,0.0,0.0,0.0,False,none,0.0,0.0,nominal,0.5194687099090153,0.0,44,thermal_anomaly,2.7747202348521127,0.5194687099090153,gradual,0.4486344094202435,1.1812496316014158,1058333940,thermal_anomaly
2220.0,37.0,0.6166666666666667,1,609.5385467561977,369.8904379073655,-239.64810884883218,100.0,99.83138432051409,30.0,30.013007260187262,-7.988270294961072,-7.991387629800436,22.807460316950515,22.944028588104345,24.763666136233486,24.679589720997605,6.104996984428596,18.494521895368276,3497.2609476841367,3457.289460224684,3447.5950558472864,0.0017621724971785863,0.19405431242946464,0.1927918141996952,24.316085585916294,24.332746885552908,0.0,0.0,0.0,0.0,False,none,0.0,0.0,nominal,0.5194687099090153,0.0,44,thermal_anomaly,2.7747202348521127,0.5194687099090153,gradual,0.4486344094202435,1.1812496316014158,1058333940,thermal_anomaly
2280.0,38.0,0.6333333333333333,1,608.450488130146,369.8904379073655,-238.56005022278055,100.0,100.0,30.0,30.068318476163583,-7.952001674092685,-7.9736686760313695,22.82281137654875,22.72910357074804,24.782545850934355,24.92069068458282,6.05874644998183,18.494521895368276,3497.2609476841367,3477.2752039544102,3476.5630553506644,0.0012473185586203252,0.18118296396550812,0.19088922239372366,24.300987920422497,24.439321532920896,0.0,0.0,0.0,0.0,False,none,0.0,0.0,nominal,0.5194687099090153,0.0,44,thermal_anomaly,2.7747202348521127,0.5194687099090153,gradual,0.4486344094202435,1.1812496316014158,1058333940,thermal_anomaly
2340.0,39.0,0.65,1,607.3212595753644,369.0211303259031,-238.3001292494613,100.0,99.95923524906348,30.0,29.97468479753014,-7.94333764164871,-8.022941643159315,22.83803360505992,22.753539902382823,24.80118759715947,24.771416860927253,6.047729031138663,18.451056516295154,3475.5282581475767,3476.401731050993,3464.1454641191385,0.0007054113485461749,0.16763528371365435,0.1734112432826507,24.285971888322834,24.337942507702277,0.0,0.0,0.0,0.0,False,none,0.0,0.0,nominal,0.5194687099090153,0.0,44,thermal_anomaly,2.7747202348521127,0.5194687099090153,gradual,0.4486344094202435,1.1812496316014158,1058333940,thermal_anomaly
2400.0,40.0,0.6666666666666666,1,606.156362579862,367.3205080756888,-238.83585450417326,100.0,100.0,30.0,30.000462020063715,-7.961195150139108,-7.927068886968779,22.853240237621186,23.093176237121742,24.819510147189764,24.894025309989033,6.0704502574878765,18.36602540378444,3433.0127018922194,3454.7072164716064,3459.417171255044,0.00016013481239812548,0.15400337030995312,0.15373371114497597,24.27101611011691,24.308958800486845,0.0,0.0,0.0,0.0,False,none,0.0,0.0,nominal,0.5194687099090153,0.0,44,thermal_anomaly,2.7747202348521127,0.5194687099090153,gradual,0.4486344094202435,1.1812496316014158,1058333940,thermal_anomaly
2460.0,41.0,0.6833333333333333,1,604.961472404706,364.8628965095479,-240.0985758951581,100.0,100.0,30.0,30.02769696441798,-8.003285863171936,-7.982450447791916,22.8685348187575,22.735532903971897,24.8374403556632,25.070419718863768,6.1242067686118205,18.243144825477398,3371.5724127386975,3413.1398146051515,3414.52625368057,-0.0003646798486658404,0.15911699621664602,0.16153469776979348,24.256150960607094,24.30390083179716,0.0,0.0,0.0,0.0,False,none,0.0,0.0,nominal,0.5194687099090153,0.0,44,thermal_anomaly,2.7747202348521127,0.5194687099090153,gradual,0.4486344094202435,1.1812496316014158,1058333940,thermal_anomaly
2520.0,42.0,0.7,1,603.7424104347197,361.7557050458495,-241.98670538887018,100.0,99.73239778438115,30.0,30.01725324682021,-8.06622351296234,-8.058253860310954,22.884007332981238,22.923337953874572,24.85491640332248,24.963617576555407,6.205116940885321,18.087785252292473,3293.8926261462366,3353.5162203756936,3345.880080740669,-0.000846095715616464,0.1711523928904116,0.17520558959575233,24.241376261455354,24.093397665510913,0.0,0.0,0.0,0.0,False,none,0.0,0.0,nominal,0.5194687099090153,0.0,44,thermal_anomaly,2.7747202348521127,0.5194687099090153,gradual,0.4486344094202435,1.1812496316014158,1058333940,thermal_anomaly
2580.0,43.0,0.7166666666666667,1,602.5051158172811,358.134732861516,-244.37038295576508,100.0,100.0,30.0,30.00552046713014,-8.145679431858836,-8.163755790465594,22.89973051389178,22.76020168034979,24.87189054538205,24.97772787860251,6.308167472528647,17.9067366430758,3203.3683215379006,3278.442270956797,3271.7331864984667,-0.0012630726049780512,0.18157681512445129,0.17707880101127144,24.226671162148925,24.04365030752697,0.0,0.0,0.0,0.0,False,none,0.0,0.0,nominal,0.5194687099090153,0.0,44,thermal_anomaly,2.7747202348521127,0.5194687099090153,gradual,0.4486344094202435,1.1812496316014158,1058333940,thermal_anomaly
2640.0,44.0,0.7333333333333333,1,601.2556165273943,354.1582338163552,-247.09738271103907,100.0,99.44718731488972,30.0,29.982185082076352,-8.236579423701302,-8.2831754200293,22.91575646163588,23.203674349163222,24.88833124440063,24.78675709970425,6.427299248235174,17.707911690817763,3103.9558454088806,3191.1990581828386,3187.096112483515,-0.00159738662580824,0.189934665645206,0.19180405530792216,24.212016761677877,24.243596450466452,0.0,0.0,0.0,0.0,False,none,0.0,0.0,nominal,0.5194687099090153,0.0,44,thermal_anomaly,2.7747202348521127,0.5194687099090153,gradual,0.4486344094202435,1.1812496316014158,1058333940,thermal_anomaly
2700.0,45.0,0.75,1,600.0,350.0,-250.0,100.0,99.65527018420175,30.0,29.97172543348276,-8.333333333333334,-8.312772944996222,22.932113774717916,22.93141894195067,24.904224594445424,24.874079803080996,6.555555555555556,17.5,3000.0,3095.5995290914193,3088.913698394754,-0.0018344266511800618,0.19586066627950155,0.1980453140372284,24.197396865360076,24.17355572459571,0.0,0.0,0.0,0.0,False,none,0.0,0.0,nominal,0.5194687099090153,0.0,44,thermal_anomaly,2.7747202348521127,0.5194687099090153,gradual,0.4486344094202435,1.1812496316014158,1058333940,thermal_anomaly
2760.0,46.0,0.7666666666666667,1,598.7443834726058,345.8417661836448,-252.90261728896104,100.0,100.0,30.0,30.02037392645548,-8.430087242965367,-8.396962073141289,22.948805457649343,23.246612755992246,24.919574974308226,25.077605635592167,6.685309673920594,17.29208830918224,2896.04415459112,2995.82184184127,2984.1179076820495,-0.001963832894540448,0.1990958223635112,0.19918712194637647,24.182798630783033,24.210970418455272,0.0,0.0,0.0,0.0,False,none,0.0,0.0,nominal,0.5194687099090153,0.0,44,thermal_anomaly,2.7747202348521127,0.5194687099090153,gradual,0.4486344094202435,1.1812496316014158,1058333940,thermal_anomaly
2820.0,47.0,0.7833333333333333,1,597.4948841827188,341.865267138484,-255.6296170442348,100.0,100.0,30.0,30.023521374104877,-8.520987234807826,-8.4782434578225,22.96580788449165,23.13116519768264,24.93440490122761,24.80273398722965,6.808577876460634,17.0932633569242,2796.6316784621,2896.226760151685,2892.6148886801857,-0.001979949682094466,0.19949874205236165,0.2027790355361977,24.16821307888662,24.263885785451244,0.0,0.0,0.0,0.0,False,none,0.0,0.0,nominal,0.5194687099090153,0.0,44,thermal_anomaly,2.7747202348521127,0.5194687099090153,gradual,0.4486344094202435,1.1812496316014158,1058333940,thermal_anomaly
2880.0,48.0,0.8,1,596.2575895652803,338.2442949541505,-258.0132946111298,100.0,100.0,30.0,30.02099054585321,-8.600443153704328,-8.607652577659268,22.983071069835393,22.922887776583355,24.9487540915132,25.038654529469277,6.917409795207972,16.912214747707527,2706.1073738537634,2801.1670670027247,2806.4815620644604,-0.0018820726328891155,0.1970518158222279,0.19579500710755868,24.153635450138335,24.103664058430095,0.0,0.0,0.0,0.0,False,none,0.0,0.0,nominal,0.5194687099090153,0.0,44,thermal_anomaly,2.7747202348521127,0.5194687099090153,gradual,0.4486344094202435,1.1812496316014158,1058333940,thermal_anomaly
2940.0,49.0,0.8166666666666667,1,595.038527595294,335.13710349045215,-259.90142410484185,100.0,100.0,30.0,29.998224368708808,-8.663380803494729,-8.561511531900555,23.000520421268742,23.02541194016054,24.962677769130142,24.91912647119311,7.004333355708877,16.75685517452261,2628.4275872613034,2714.797327132014,2721.795615443706,-0.0016744794436408194,0.19186198609102048,0.1909230685499217,24.139065390160642,24.033486071885125,0.0,0.0,0.0,0.0,False,none,0.0,0.0,nominal,0.5194687099090153,0.0,44,thermal_anomaly,2.7747202348521127,0.5194687099090153,gradual,0.4486344094202435,1.1812496316014158,1058333940,thermal_anomaly
3000.0,50.0,0.8333333333333334,1,593.843637420138,332.6794919243112,-261.16414549582674,100.0,100.0,30.0,29.975573299968023,-8.705471516527558,-8.730303606346693,23.01806002789448,23.18527960360723,24.976244296169533,25.063677785166128,7.06281874600581,16.633974596215563,2566.9872981077806,2640.8923126198974,2637.691877990743,-0.0013662429328623966,0.18415607332155992,0.18924626555092633,24.124506954273727,24.186948959520336,0.0,0.0,0.0,0.0,False,none,0.0,0.0,nominal,0.5194687099090153,0.0,44,thermal_anomaly,2.7747202348521127,0.5194687099090153,gradual,0.4486344094202435,1.1812496316014158,1058333940,thermal_anomaly
3060.0,51.0,0.85,1,592.6787404246356,330.9788696740969,-261.6998707505387,100.0,100.0,30.0,30.030599205210788,-8.723329025017957,-8.752220258050217,23.035577392868106,23.013297960854636,24.989532228767587,25.00694292150197,7.08771754229766,16.548943483704846,2524.4717418524233,2582.6820272361606,2593.4302521130035,-0.0009708345151577116,0.17427086287894278,0.19258506886176446,24.109968426400112,23.923435840056815,0.0,0.0,0.0,0.0,False,none,0.0,0.0,nominal,0.5194687099090153,0.0,44,thermal_anomaly,2.7747202348521127,0.5194687099090153,gradual,0.4486344094202435,1.1812496316014158,1058333940,thermal_anomaly
3120.0,52.0,0.8666666666666667,1,591.549511869854,330.1095620926345,-261.43994977721945,100.0,100.0,30.0,30.0294327649946,-8.714664992573981,-8.732952829462908,23.05294936475964,22.980189887144657,25.00262692714671,25.165712104426593,7.075630874623557,16.505478104631727,2502.7390523158633,2542.710539776012,2546.829683932413,-0.0005055354357605888,0.16263838589401472,0.14832796050373268,24.09546195471232,24.207363039429495,0.0,0.0,0.0,0.0,False,none,0.0,0.0,nominal,0.5194687099090153,0.0,44,thermal_anomaly,2.7747202348521127,0.5194687099090153,gradual,0.4486344094202435,1.1812496316014158,1058333940,thermal_anomaly
3180.0,53.0,0.8833333333333333,1,590.4614532438023,330.1095620926345,-260.3518911511678,100.0,100.0,30.0,29.980265730779916,-8.678396371705594,-8.687188759083293,23.070048885526933,22.91099197058642,25.0156168679388,25.15865169388789,7.025165086754626,16.505478104631727,2502.7390523158633,2522.724796045938,2523.077042486099,9.318502806628603e-06,0.15023296257016572,0.15188865585452743,24.081004272189787,24.150971358526217,0.0,0.0,0.0,0.0,False,none,0.0,0.0,nominal,0.5194687099090153,0.0,44,thermal_anomaly,2.7747202348521127,0.5194687099090153,gradual,0.4486344094202435,1.1812496316014158,1058333940,thermal_anomaly
3240.0,54.0,0.9,1,589.4198654587356,330.9788696740969,-258.44099578463863,100.0,99.84970884962564,30.0,30.04791901331748,-8.614699859487954,-8.562554664992637,23.086752073192187,22.7756452678146,25.0285898199627,25.190506281859697,6.937044293524942,16.548943483704846,2524.471741852423,2523.5982689491807,2529.6421524224334,0.0005512257128852536,0.16378064282213134,0.1745965767041784,24.06668537863993,23.999413739184632,0.0,0.0,0.0,0.0,False,none,0.0,0.0,nominal,0.5194687099090153,0.0,44,thermal_anomaly,2.7747202348521127,0.5194687099090153,gradual,0.4486344094202435,1.1812496316014158,1058333940,thermal_anomaly
3300.0,55.0,0.9166666666666666,1,588.4298230256423,332.67949192431126,-255.75033110133108,100.0,100.0,30.0,30.014168955175435,-8.525011036711037,-8.516853885791136,23.102945110933312,23.231118843259406,25.04162905059543,25.139615451648996,6.814065054083598,16.633974596215563,2566.987298107781,2545.292783528481,2549.8266755293057,0.0010965022490355618,0.17741255622588903,0.16891601042248516,24.05252510515335,24.141848417728347,0.0,0.0,0.0,0.0,False,none,0.0,0.0,nominal,0.5194687099090153,0.0,44,thermal_anomaly,2.7747202348521127,0.5194687099090153,gradual,0.4486344094202435,1.1812496316014158,1058333940,thermal_anomaly
3360.0,56.0,0.9333333333333333,0,0.0,335.1371034904521,335.1371034904521,99.50128407218682,99.76760556806538,29.980051362887473,29.950357443358264,11.178670090783127,11.182244270874651,23.114984150934,23.045253046132032,25.03880972853971,25.001939760598862,10.99701319988554,16.756855174522606,2628.427587261303,2586.860185394892,2590.528316902148,0.001621316910100646,0.19053292275251615,0.1911082790616464,24.03854096867853,23.971336512912043,0.0,0.0,0.0,0.0,False,none,0.0,0.0,nominal,0.5194687099090153,0.0,44,thermal_anomaly,2.7747202348521127,0.5194687099090153,gradual,0.4486344094202435,1.1812496316014158,1058333940,thermal_anomaly
3420.0,57.0,0.95,0,0.0,338.2442949541505,338.2442949541505,98.99794434755268,98.92622358448705,29.959917773902106,29.962788263223008,11.289893967893095,11.258987131281188,23.127617367576732,23.16966738404056,25.03632368020681,25.04185975157356,11.19693646450151,16.912214747707527,2706.1073738537634,2646.4837796243282,2641.956288267136,0.0021027327770518148,0.20256831942629536,0.21153430189063413,24.024747352330543,24.01859791059524,0.0,0.0,0.0,0.0,False,none,0.0,0.0,nominal,0.5194687099090153,0.0,44,thermal_anomaly,2.7747202348521127,0.5194687099090153,gradual,0.4486344094202435,1.1812496316014158,1058333940,thermal_anomaly
3480.0,58.0,0.9666666666666667,0,0.0,341.865267138484,341.865267138484,98.48921627145373,98.57111619031609,29.93956865085815,29.878989552760782,11.41851010364123,11.456353163516782,23.140953629501126,23.16957355386653,25.034219617479003,25.00393550388434,11.430589838956548,17.0932633569242,2796.6316784620994,2721.5577290432134,2723.3103970186435,0.0025197096664136814,0.21299274166034204,0.2101118787365465,24.011154813725696,23.969454358727702,0.0,0.0,0.0,0.0,False,none,0.0,0.0,nominal,0.5194687099090153,0.0,44,thermal_anomaly,2.7747202348521127,0.5194687099090153,gradual,0.4486344094202435,1.1812496316014158,1058333940,thermal_anomaly
3540.0,59.0,0.9833333333333333,0,0.0,345.84176618364484,345.84176618364484,97.9745707860614,97.88694360825134,29.918982831442456,29.930667449020532,11.55927553192727,11.55222681727983,23.15507240127692,23.231035822813713,25.032530037157535,25.06250306622808,11.689348065840997,17.292088309182244,2896.0441545911203,2808.8009418171673,2810.1317372476683,0.002854023687244039,0.22135059218110098,0.2199958452758107,23.997769556621925,24.061831183230606,0.0,0.0,0.0,0.0,False,none,0.0,0.0,nominal,0.5194687099090153,0.0,44,thermal_anomaly,2.7747202348521127,0.5194687099090153,gradual,0.4486344094202435,1.1812496316014158,1058333940,thermal_anomaly
3600.0,60.0,1.0,0,0.0,350.0,350.0,97.45373745272806,97.37032587937125,29.898149498109124,29.863239756211065,11.706410124885334,11.687468029124487,23.170019310339132,23.1992538894212,25.031269796860276,25.15439311032871,11.96320304096143,17.5,2999.9999999999995,2904.4004709085834,2903.9100246321345,0.0030910637126159027,0.22727659281539755,0.23018037996857835,23.984593094723543,23.956594569248757,0.0,0.0,0.0,0.0,False,none,0.0,0.0,nominal,0.5194687099090153,0.0,44,thermal_anomaly,2.7747202348521127,0.5194687099090153,gradual,0.4486344094202435,1.1812496316014158,1058333940,thermal_anomaly
3660.0,61.0,1.0166666666666666,0,0.0,354.15823381635516,354.15823381635516,96.92671627145373,96.88208192471076,29.87706865085815,29.894029251508584,11.853848111909159,11.89082009517416,23.185802851826487,23.08814088742416,25.03043546186703,25.00987370551916,12.241097204816986,17.70791169081776,3103.955845408879,3004.1781581587315,3008.1945070957777,0.003220469955976316,0.2305117488994079,0.23017649285532193,23.971622127828866,23.977778021127865,0.0,0.0,0.0,0.0,False,none,0.0,0.0,nominal,0.5194687099090153,0.0,44,thermal_anomaly,2.7747202348521127,0.5194687099090153,gradual,0.4486344094202435,1.1812496316014158,1058333940,thermal_anomaly
3720.0,62.0,1.0333333333333334,0,0.0,358.134732861516,358.134732861516,96.39377768088599,96.16955016446285,29.85575110723544,29.853843578145693,11.9955023598359,11.971739188064324,23.20239258854615,23.196126586324336,25.030005451458244,25.26966048825073,12.511366149186292,17.9067366430758,3203.368321537899,3103.7732398483154,3101.4759281121437,0.0032365867435303623,0.23091466858825904,0.23339459441590757,23.958848639988698,23.896032476094003,0.0,0.0,0.0,0.0,False,none,0.0,0.0,nominal,0.5194687099090153,0.0,44,thermal_anomaly,2.7747202348521127,0.5194687099090153,gradual,0.4486344094202435,1.1812496316014158,1058333940,thermal_anomaly
3780.0,63.0,1.05,0,0.0,361.7557050458495,361.7557050458495,95.85545073885348,95.67881308977513,29.83421802955414,29.870792351876297,12.125529976602365,12.149653437030267,23.2197191602718,23.30268781403047,25.029940978351163,24.995974284762532,12.762278177078606,18.087785252292473,3293.8926261462366,3198.8329329972757,3198.373428303841,0.0031387096943250254,0.22846774235812561,0.23574683026031312,23.946260217674297,24.123777134243827,0.0,0.0,0.0,0.0,False,none,0.0,0.0,nominal,0.5194687099090153,0.0,44,thermal_anomaly,2.7747202348521127,0.5194687099090153,gradual,0.4486344094202435,1.1812496316014158,1058333940,thermal_anomaly
3840.0,64.0,1.0666666666666667,0,0.0,364.86289650954785,364.86289650954785,95.31249999999997,95.36463484085336,29.8125,29.82064718147609,12.238587723590703,12.23856760841336,23.237676319834975,23.23620573135193,25.030187740175307,25.138425094399576,12.982642357442005,18.243144825477394,3371.5724127386966,3285.202672867986,3291.727304926342,0.0029311165050767297,0.22327791262691823,0.22946703061967544,23.933840573975722,23.93215800181565,0.0,0.0,0.0,0.0,False,none,0.0,0.0,nominal,0.5194687099090153,0.0,44,thermal_anomaly,2.7747202348521127,0.5194687099090153,gradual,0.4486344094202435,1.1812496316014158,1058333940,thermal_anomaly
3900.0,65.0,1.0833333333333333,0,0.0,367.3205080756888,367.3205080756888,94.76589210107781,94.6115946680058,29.790635684043114,29.776231295990552,12.330066131231911,12.279016749308056,23.256125070129446,23.070517231333678,25.030678289061473,25.083136078373396,13.162442464044181,18.36602540378444,3433.0127018922194,3359.107687380103,3362.3910246082637,0.0026228799942983206,0.215571999857458,0.2149384150590399,23.92157025349694,24.046244147812942,0.0,0.0,0.0,0.0,False,none,0.0,0.0,nominal,0.5194687099090153,0.0,44,thermal_anomaly,2.7747202348521127,0.5194687099090153,gradual,0.4486344094202435,1.1812496316014158,1058333940,thermal_anomaly
3960.0,66.0,1.1,0,0.0,369.0211303259031,369.0211303259031,94.21675351428333,94.30538691985831,29.768670140571334,29.744030728929964,12.396292094451642,12.333515014588897,23.27489980175959,23.297247308487844,25.031334975781572,25.200936940893335,13.293444615277142,18.451056516295154,3475.5282581475767,3417.31797276384,3424.7426967888796,0.0022274715765936287,0.2056867894148407,0.20518042701140768,23.909427482785624,23.93713372382647,0.0,0.0,0.0,0.0,False,none,0.0,0.0,nominal,0.5194687099090153,0.0,44,thermal_anomaly,2.7747202348521127,0.5194687099090153,gradual,0.4486344094202435,1.1812496316014158,1058333940,thermal_anomaly
4020.0,67.0,1.1166666666666667,0,0.0,369.8904379073655,369.8904379073655,93.6663213150164,93.6605284208401,29.746652852600654,29.771780672970678,12.434691047097997,12.440231159377374,23.293816147332176,23.092516475236557,25.032073339766058,25.00718493068869,13.369723314942329,18.494521895368276,3497.2609476841367,3457.2894602239876,3467.0837724057005,0.001762172497196506,0.19405431242991264,0.19529765786717443,23.897389123596383,23.943358965226913,0.0,0.0,0.0,0.0,False,none,0.0,0.0,nominal,0.5194687099090153,0.0,44,thermal_anomaly,2.7747202348521127,0.5194687099090153,gradual,0.4486344094202435,1.1812496316014158,1058333940,thermal_anomaly
4080.0,68.0,1.1333333333333333,0,0.0,369.8904379073655,369.8904379073655,93.11588911574948,93.10389500766034,29.724635564629978,29.737162699710847,12.443901527509611,12.375326442839816,23.312680099841877,23.363674634402948,25.032805796838666,25.010270086817595,13.388054818108483,18.494521895368276,3497.2609476841367,3477.2752039540624,3478.735254903779,0.0012473185586292885,0.18118296396573222,0.18146627613627692,23.885431681569983,23.948524628711375,0.0,0.0,0.0,0.0,False,none,0.0,0.0,nominal,0.5194687099090153,0.0,44,thermal_anomaly,2.7747202348521127,0.5194687099090153,gradual,0.4486344094202435,1.1812496316014158,1058333940,thermal_anomaly
4140.0,69.0,1.15,0,0.0,369.0211303259031,369.0211303259031,92.56675052895498,92.53213023365889,29.702670021158198,29.663129496879428,12.42383698378082,12.417447686189947,23.33129781268271,23.505097319863502,25.033445463496548,24.89604154096267,13.348138031964808,18.451056516295154,3475.5282581475767,3476.4017310508193,3478.9231596914574,0.0007054113485506565,0.1676352837137664,0.1660264692995386,23.873532321261713,23.9109825570962,0.0,0.0,0.0,0.0,False,none,0.0,0.0,nominal,0.5194687099090153,0.0,44,thermal_anomaly,2.7747202348521127,0.5194687099090153,gradual,0.4486344094202435,1.1812496316014158,1058333940,thermal_anomaly
4200.0,70.0,1.1666666666666667,0,0.0,367.3205080756888,367.3205080756888,92.02014263003282,91.99685389548712,29.680805705201312,29.72340533032532,12.375691944619918,12.370155067928996,23.349485426102113,23.34555120040863,25.033909950596144,24.982274759965275,13.252620088650426,18.36602540378444,3433.0127018922194,3454.7072164715196,3453.793992718222,0.00016013481240036284,0.15400337031000907,0.1417688410631118,23.861669839808748,24.02382377338661,0.0,0.0,0.0,0.0,False,none,0.0,0.0,nominal,0.5194687099090153,0.0,44,thermal_anomaly,2.7747202348521127,0.5194687099090153,gradual,0.4486344094202435,1.1812496316014158,1058333940,thermal_anomaly
4260.0,71.0,1.1833333333333333,0,0.0,364.8628965095479,364.8628965095479,91.47719189117932,91.76935586069222,29.65908767564717,29.666391796529048,12.301892104696591,12.26803913200739,23.367078260040326,23.20391882637946,25.03412496064233,25.161742040512053,13.106923948447706,18.243144825477398,3371.5724127386975,3413.1398146051083,3412.967867567328,-0.00036467984866472153,0.15911699621661804,0.15845663280583758,23.84987478732624,23.86274587345862,0.0,0.0,0.0,0.0,False,none,0.0,0.0,nominal,0.5194687099090153,0.0,44,thermal_anomaly,2.7747202348521127,0.5194687099090153,gradual,0.4486344094202435,1.1812496316014158,1058333940,thermal_anomaly
4320.0,72.0,1.2,0,0.0,361.7557050458495,361.7557050458495,90.9388649491468,91.14080300849604,29.637554597965874,29.612711636356433,12.205990337363327,12.180696171193466,23.383938777177633,23.456340428851803,25.034027531461778,24.94265683971285,12.918896009264552,18.087785252292473,3293.8926261462366,3353.516220375672,3354.7343099638233,-0.0008460957156159048,0.1711523928903976,0.16695578030364397,23.838147159474104,23.838500250822804,0.0,0.0,0.0,0.0,False,none,0.0,0.0,nominal,0.5194687099090153,0.0,44,thermal_anomaly,2.7747202348521127,0.5194687099090153,gradual,0.4486344094202435,1.1812496316014158,1058333940,thermal_anomaly
4380.0,73.0,1.2166666666666666,0,0.0,358.134732861516,358.134732861516,90.40592635857907,90.24974046135708,29.616237054343163,29.654784460383826,12.092513042908543,12.059464607508463,23.39996284363268,23.437097315607737,25.033568784496236,24.950962907413587,12.698309735433059,17.9067366430758,3203.3683215379006,3278.4422709567866,3284.287146726287,-0.001263072604977771,0.18157681512444426,0.17823671098106952,23.826466278432534,23.830815154432837,0.0,0.0,0.0,0.0,False,none,0.0,0.0,nominal,0.5194687099090153,0.0,44,thermal_anomaly,2.7747202348521127,0.5194687099090153,gradual,0.4486344094202435,1.1812496316014158,1058333940,thermal_anomaly
4440.0,74.0,1.2333333333333334,0,0.0,354.15823381635516,354.15823381635516,89.87890517730473,89.68598418752853,29.595156207092188,29.571222902181887,11.966763457443236,12.00876953254324,23.41508398060992,23.33642736024041,25.032716057601903,25.139157803588535,12.456274211711902,17.70791169081776,3103.9558454088797,3191.199058182833,3198.696370782544,-0.0015973866258081216,0.18993466564520303,0.19332950878047178,23.81481341458936,23.64186325954314,0.0,0.0,0.0,0.0,False,none,0.0,0.0,nominal,0.5194687099090153,0.0,44,thermal_anomaly,2.7747202348521127,0.5194687099090153,gradual,0.4486344094202435,1.1812496316014158,1058333940,thermal_anomaly
4500.0,75.0,1.25,0,0.0,350.0,350.0,89.3580718439714,89.23616216430786,29.574322873758856,29.58475561497354,11.834590482223794,11.774729110554183,23.429275485228114,23.5983912304187,25.031454329141088,25.07119186739957,12.20460255055536,17.5,3000.0000000000005,3095.599529091417,3104.4617940811295,-0.0018344266511799855,0.19586066627949963,0.19239241422556552,23.80317254337472,23.714001675829117,0.0,0.0,0.0,0.0,False,none,0.0,0.0,nominal,0.5194687099090153,0.0,44,thermal_anomaly,2.7747202348521127,0.5194687099090153,gradual,0.4486344094202435,1.1812496316014158,1058333940,thermal_anomaly
4560.0,76.0,1.2666666666666666,0,0.0,345.8417661836448,345.8417661836448,88.84342635857907,88.51250037805164,29.553737054343163,29.618675727377717,11.702133153168205,11.731188912681386,23.442550477739275,23.523801842601944,25.029786871126323,24.788980025570968,11.955193626758275,17.29208830918224,2896.04415459112,2995.8218418412685,2996.1788492663977,-0.0019638328945404205,0.1990958223635105,0.20293001540869435,23.791530991212568,23.92634784860509,0.0,0.0,0.0,0.0,False,none,0.0,0.0,nominal,0.5194687099090153,0.0,44,thermal_anomaly,2.7747202348521127,0.5194687099090153,gradual,0.4486344094202435,1.1812496316014158,1058333940,thermal_anomaly
4620.0,77.0,1.2833333333333334,0,0.0,341.865267138484,341.865267138484,88.33469828248013,88.03019248318819,29.533387931299206,29.55070926972324,11.575551979804471,11.547245524419207,23.454960082509412,23.419600703554696,25.027735102871162,25.06652191051137,11.719472290972417,17.0932633569242,2796.631678462101,2896.226760151685,2905.874652981466,-0.001979949682094438,0.19949874205236096,0.19904920156946773,23.779879946612933,23.820706686052706,0.0,0.0,0.0,0.0,False,none,0.0,0.0,nominal,0.5194687099090153,0.0,44,thermal_anomaly,2.7747202348521127,0.5194687099090153,gradual,0.4486344094202435,1.1812496316014158,1058333940,thermal_anomaly
4680.0,78.0,1.3,0,0.0,338.2442949541506,338.2442949541506,87.83135855784599,87.87367210030975,29.51325434231384,29.484345402672478,11.46075898750352,11.44244743976251,23.466590054432928,23.4701700558612,25.02533765154361,24.867645856055265,11.507919725571414,16.91221474770753,2706.107373853764,2801.1670670027247,2802.212601875581,-0.0018820726328891081,0.1970518158222277,0.20929679904219678,23.768214816356704,23.68513879378101,0.0,0.0,0.0,0.0,False,none,0.0,0.0,nominal,0.5194687099090153,0.0,44,thermal_anomaly,2.7747202348521127,0.5194687099090153,gradual,0.4486344094202435,1.1812496316014158,1058333940,thermal_anomaly
4740.0,79.0,1.3166666666666667,0,0.0,335.1371034904521,335.1371034904521,87.33264263003281,87.11133571211828,29.493305705201312,29.485632205349262,11.363158366861153,11.33197410683533,23.477556212258428,23.355971766347775,25.022648660680304,25.01861839453022,11.32970944562933,16.756855174522606,2628.4275872613025,2714.7973271320134,2717.855509223133,-0.0016744794436408268,0.19186198609102068,0.19972861398707734,23.756535411132372,23.68683034904228,0.0,0.0,0.0,0.0,False,none,0.0,0.0,nominal,0.5194687099090153,0.0,44,thermal_anomaly,2.7747202348521127,0.5194687099090153,gradual,0.4486344094202435,1.1812496316014158,1058333940,thermal_anomaly
4800.0,80.0,1.3333333333333333,0,0.0,332.67949192431126,332.67949192431126,86.8375838622883,86.67091454188144,29.473503354491534,29.497625956858364,11.287409166227043,11.29264700812245,23.487999036501098,23.563912135190932,25.019735420587292,25.094783529799912,11.192448454866103,16.633974596215563,2566.987298107781,2640.8923126198974,2638.094598001109,-0.0013662429328623821,0.18415607332155953,0.18165626649393427,23.74484595008817,23.44234917050573,0.0,0.0,0.0,0.0,False,none,0.0,0.0,nominal,0.5194687099090153,0.0,44,thermal_anomaly,2.7747202348521127,0.5194687099090153,gradual,0.4486344094202435,1.1812496316014158,1058333940,thermal_anomaly
4860.0,81.0,1.35,0,0.0,330.9788696740969,330.9788696740969,86.34505578241614,86.11775520749265,29.453802231296645,29.464407388838676,11.237220480906524,11.250207616072164,23.498077742051827,23.65114726440799,25.01667542419,25.090772462300244,11.102009930920405,16.548943483704846,2524.4717418524233,2582.6820272361606,2586.284446065181,-0.0009708345151577116,0.17427086287894278,0.18934119127274837,23.733154879745946,23.621096176523267,0.0,0.0,0.0,0.0,False,none,0.0,0.0,nominal,0.5194687099090153,0.0,44,thermal_anomaly,2.7747202348521127,0.5194687099090153,gradual,0.4486344094202435,1.1812496316014158,1058333940,thermal_anomaly
4920.0,82.0,1.3666666666666667,0,0.0,330.1095620926345,330.1095620926345,85.85382131501638,85.93356510346413,29.434152852600654,29.415305547133435,11.215188143709993,11.1274897729027,23.5079640609592,23.484040641080583,25.013552977005745,24.926488046552834,11.062435607905055,16.505478104631727,2502.7390523158633,2542.710539776012,2549.207479748989,-0.0005055354357605888,0.16263838589401472,0.16648173712065623,23.721474509658062,23.714871374529533,0.0,0.0,0.0,0.0,False,none,0.0,0.0,nominal,0.5194687099090153,0.0,44,thermal_anomaly,2.7747202348521127,0.5194687099090153,gradual,0.4486344094202435,1.1812496316014158,1058333940,thermal_anomaly
4980.0,83.0,1.3833333333333333,0,0.0,330.1095620926345,330.1095620926345,85.36258684761663,85.49397643047222,29.414503473904666,29.41745473009739,11.222680076360769,11.26546751326246,23.517835889419135,23.598770543607294,25.010455509398962,24.899529267321935,11.075883847707596,16.505478104631727,2502.7390523158633,2522.724796045938,2519.3796111164465,9.318502806628603e-06,0.15023296257016572,0.14586885143095962,23.709821732973435,23.69385837884299,0.0,0.0,0.0,0.0,False,none,0.0,0.0,nominal,0.5194687099090153,0.0,44,thermal_anomaly,2.7747202348521127,0.5194687099090153,gradual,0.4486344094202435,1.1812496316014158,1058333940,thermal_anomaly
5040.0,84.0,1.4,0,0.0,330.9788696740969,330.9788696740969,84.87005876774447,85.07504103554952,29.394802350709778,29.39693011506397,11.259775307388825,11.233258020824078,23.527870884742057,23.436640145633916,25.00746975229118,25.04498053170946,11.142603197830649,16.548943483704846,2524.4717418524233,2523.5982689491807,2515.2091403487984,0.0005512257128852607,0.1637806428221315,0.16436403333161348,23.698286708467702,23.69579980132068,0.0,0.0,0.0,0.0,False,none,0.0,0.0,nominal,0.5194687099090153,0.0,44,thermal_anomaly,2.7747202348521127,0.5194687099090153,gradual,0.4486344094202435,1.1812496316014158,1058333940,thermal_anomaly
5100.0,85.0,1.4166666666666667,0,0.0,332.6794919243112,332.6794919243112,84.37499999999994,84.17471680702161,29.374999999999996,29.394855359557692,11.325259299551021,11.315177798880404,23.538240058954155,23.71158185159461,25.004677943465282,25.119762541645485,11.260919856165351,16.633974596215563,2566.9872981077806,2545.292783528481,2558.4970569167303,0.0010965022490355544,0.17741255622588886,0.17105013902938107,23.686889425007415,23.578358749377003,0.0,0.0,0.0,0.0,False,none,0.0,0.0,nominal,0.5194687099090153,0.0,44,thermal_anomaly,2.7747202348521127,0.5194687099090153,gradual,0.4486344094202435,1.1812496316014158,1058333940,thermal_anomaly
5160.0,86.0,1.4333333333333333,0,0.0,335.1371034904521,335.1371034904521,83.87628407218678,83.79418970727656,29.355051362887473,29.34031569145963,11.416675765526126,11.43821566572949,23.549101414743138,23.574021788247855,25.002154230266605,24.82806627546535,11.427238842812123,16.756855174522606,2628.4275872613025,2586.860185394892,2595.624028406524,0.0016213169101006388,0.19053292275251596,0.20038411319931937,23.67564755613369,23.610130358685627,0.0,0.0,0.0,0.0,False,none,0.0,0.0,nominal,0.5194687099090153,0.0,44,thermal_anomaly,2.7747202348521127,0.5194687099090153,gradual,0.4486344094202435,1.1812496316014158,1058333940,thermal_anomaly
5220.0,87.0,1.45,0,0.0,338.2442949541505,338.2442949541505,83.37294434755262,83.048532359333,29.334917773902106,29.287624068060058,11.530432693255085,11.537782072605658,23.56059370707966,23.418173132926388,24.99996142591989,24.98794304752371,11.636070247494857,16.912214747707527,2706.107373853763,2646.483779624328,2644.0819973552325,0.002102732777051808,0.2025683194262952,0.1986232465054612,23.66457564037979,23.624742416550895,0.0,0.0,0.0,0.0,False,none,0.0,0.0,nominal,0.5194687099090153,0.0,44,thermal_anomaly,2.7747202348521127,0.5194687099090153,gradual,0.4486344094202435,1.1812496316014158,1058333940,thermal_anomaly
5280.0,88.0,1.4666666666666666,0,0.0,341.86526713848394,341.86526713848394,82.86421627145369,82.87028348331627,29.31456865085815,29.248618976686082,11.66195795715644,11.64456581983252,23.57283048174238,23.407567536739183,24.998148261226376,24.923228217727424,11.880101071558753,17.093263356924197,2796.6316784620985,2721.557729043213,2725.895581843285,0.0025197096664136814,0.21299274166034204,0.21205833338627716,23.653684389614575,23.802186863309533,0.0,0.0,0.0,0.0,False,none,0.0,0.0,nominal,0.5194687099090153,0.0,44,thermal_anomaly,2.7747202348521127,0.5194687099090153,gradual,0.4486344094202435,1.1812496316014158,1058333940,thermal_anomaly
5340.0,89.0,1.4833333333333334,0,0.0,345.8417661836448,345.8417661836448,82.34957078606136,82.0233810450094,29.293982831442456,29.32690551477457,11.80589775632825,11.837708569710378,23.585894624674026,23.624256111132592,24.99674725175493,25.041577361615637,12.150337746630113,17.29208830918224,2896.0441545911194,2808.800941817166,2810.3653557816506,0.002854023687244032,0.22135059218110079,0.21651626986933706,23.64298016069164,23.692242836652284,0.0,0.0,0.0,0.0,False,none,0.0,0.0,nominal,0.5194687099090153,0.0,44,thermal_anomaly,2.7747202348521127,0.5194687099090153,gradual,0.4486344094202435,1.1812496316014158,1058333940,thermal_anomaly
5400.0,90.0,1.5,1,600.0,350.0,-250.0,82.72159459558517,82.60577614202472,29.308863783823405,29.320054392264407,-8.529842775344427,-8.50787515603143,23.599114781665207,23.53764146874095,25.01177327374089,24.94092505324005,6.820657421767642,17.5,2999.9999999999995,2904.400470908583,2894.2967039944583,0.003091063712615916,0.22727659281539792,0.21391562419790583,23.632464619262734,23.562200219048144,0.0,0.0,0.0,0.0,False,none,0.0,0.0,nominal,0.5194687099090153,0.0,44,thermal_anomaly,2.7747202348521127,0.5194687099090153,gradual,0.4486344094202435,1.1812496316014158,1058333940,thermal_anomaly
5460.0,91.0,1.5166666666666666,1,601.2556165273943,354.1582338163552,-247.09738271103907,83.08929903414327,82.80278684695473,29.32357196136573,29.362052880441503,-8.426578557230128,-8.400511443412896,23.611788686623527,23.54056356476327,25.027094910932597,24.96587121436126,6.680578094493646,17.707911690817763,3103.9558454088797,3004.1781581587315,3013.0883771875206,0.0032204699559763308,0.23051174889940826,0.2280639091439376,23.622134615934012,23.613532592794822,0.0,0.0,0.0,0.0,False,none,0.0,0.0,nominal,0.5194687099090153,0.0,44,thermal_anomaly,2.7747202348521127,0.5194687099090153,gradual,0.4486344094202435,1.1812496316014158,1058333940,thermal_anomaly
5520.0,92.0,1.5333333333333334,1,602.5051158172811,358.13473286151606,-244.37038295576502,83.45294543735125,82.85479916655007,29.33811781749405,29.374296129218322,-8.32944991481523,-8.371134984419589,23.623952550739364,23.711427246300538,25.042691624931287,25.010592906827057,6.550378870673236,17.906736643075803,3203.368321537901,3103.7732398483167,3097.8807289794795,0.0032365867435303836,0.2309146685882596,0.2298494151661301,23.611982284433054,23.580058199402092,0.0,0.0,0.0,0.0,False,none,0.0,0.0,nominal,0.5194687099090153,0.0,44,thermal_anomaly,2.7747202348521127,0.5194687099090153,gradual,0.4486344094202435,1.1812496316014158,1058333940,thermal_anomaly
5580.0,93.0,1.55,1,603.7424104347197,361.7557050458494,-241.98670538887023,83.81304470132278,83.92377842871129,29.35252178805291,29.37855310369823,-8.244153846003238,-8.271655149787087,23.63566645480468,23.489225690546824,25.05852566243642,25.019768687563946,6.437285810925598,18.087785252292473,3293.892626146236,3198.8329329972757,3194.5814734703044,0.0031387096943250046,0.22846774235812511,0.22759540591977154,23.60199535978532,23.53007255188016,0.0,0.0,0.0,0.0,False,none,0.0,0.0,nominal,0.5194687099090153,0.0,44,thermal_anomaly,2.7747202348521127,0.5194687099090153,gradual,0.4486344094202435,1.1812496316014158,1058333940,thermal_anomaly
5640.0,94.0,1.5666666666666667,1,604.961472404706,364.8628965095479,-240.0985758951581,84.1703342487858,84.39677524037045,29.366813369951434,29.359627205333634,-8.175847098917126,-8.163958165646342,23.64701098295182,23.614674240924728,25.07454374678788,24.98705543422785,6.3475580627897275,18.243144825477398,3371.572412738697,3285.202672867987,3290.575401506665,0.002931116505076744,0.2232779126269186,0.22167792540142545,23.59215770252091,23.737368273556953,0.0,0.0,0.0,0.0,False,none,0.0,0.0,nominal,0.5194687099090153,0.0,44,thermal_anomaly,2.7747202348521127,0.5194687099090153,gradual,0.4486344094202435,1.1812496316014158,1058333940,thermal_anomaly
5700.0,95.0,1.5833333333333333,1,606.1563625798619,367.32050807568874,-238.8358545041732,84.52574474655987,84.78250524024513,29.381029789862396,29.381788761057994,-8.128913663420365,-8.052052416153948,23.65808338034673,23.633903837621723,25.09067944762115,24.801326846081693,6.286338987787384,18.366025403784437,3433.012701892219,3359.107687380103,3356.3358828839637,0.0026228799942982993,0.21557199985745748,0.21902920226802364,23.582450003578042,23.578982697607444,0.0,0.0,0.0,0.0,False,none,0.0,0.0,nominal,0.5194687099090153,0.0,44,thermal_anomaly,2.7747202348521127,0.5194687099090153,gradual,0.4486344094202435,1.1812496316014158,1058333940,thermal_anomaly
5760.0,96.0,1.6,1,607.3212595753644,369.0211303259031,-238.3001292494613,84.88035803413348,85.17886040014876,29.395214321365337,29.417939465374335,-8.106766177794373,-8.07249290067078,23.668993455494366,23.65794129345691,25.10685612507277,24.964410284161,6.257572628914463,18.451056516295154,3475.5282581475767,3417.31797276384,3412.866129890485,0.0022274715765936287,0.2056867894148407,0.20875714408900475,23.572850634741116,23.49006073020748,0.0,0.0,0.0,0.0,False,none,0.0,0.0,nominal,0.5194687099090153,0.0,44,thermal_anomaly,2.7747202348521127,0.5194687099090153,gradual,0.4486344094202435,1.1812496316014158,1058333940,thermal_anomaly
5820.0,97.0,1.6166666666666667,1,608.450488130146,369.8904379073655,-238.56005022278055,85.23535810886975,85.09820598683035,29.409414324354792,29.4536349811319,-8.111689936824822,-8.191474215758097,23.67985936506305,23.817526741413285,25.122990319862925,25.083546649649584,6.263961090494807,18.494521895368276,3497.260947684136,3457.2894602239876,3460.5758786525193,0.001762172497196499,0.19405431242991247,0.20196547087830274,23.56333660191221,23.523214753033443,0.0,0.0,0.0,0.0,False,none,0.0,0.0,nominal,0.5194687099090153,0.0,44,thermal_anomaly,2.7747202348521127,0.5194687099090153,gradual,0.4486344094202435,1.1812496316014158,1058333940,thermal_anomaly
5880.0,98.0,1.6333333333333333,1,609.5385467561977,369.8904379073655,-239.64810884883218,85.59197731846623,85.54150037332997,29.42367909273865,29.44916574755242,-8.1447363565073,-8.139111515733227,23.690803336957206,23.721619927601864,25.138995441094757,24.97347655506726,6.306938425360945,18.494521895368276,3497.2609476841367,3477.2752039540624,3475.207494306973,0.0012473185586292885,0.18118296396573222,0.18245084375641585,23.55388455379844,23.602239809675154,0.0,0.0,0.0,0.0,False,none,0.0,0.0,nominal,0.5194687099090153,0.0,44,thermal_anomaly,2.7747202348521127,0.5194687099090153,gradual,0.4486344094202435,1.1812496316014158,1058333940,thermal_anomaly
5940.0,99.0,1.65,1,610.5801345412646,369.0211303259031,-241.55900421536148,85.95144012235814,86.04578004337473,29.438057604894325,29.45242394335961,-8.205670613783983,-8.230363945585525,23.70194732499464,23.585013096393922,25.15478559059859,25.003960601340005,6.386642417753441,18.451056516295154,3475.5282581475763,3476.4017310508193,3472.9586196504692,0.0007054113485506565,0.1676352837137664,0.1568335928510107,23.544471796948457,23.46216501325847,0.0,0.0,0.0,0.0,False,none,0.0,0.0,nominal,0.5194687099090153,0.0,44,thermal_anomaly,2.7747202348521127,0.5194687099090153,gradual,0.4486344094202435,1.1812496316014158,1058333940,thermal_anomaly
6000.0,100.0,1.6666666666666667,1,611.5701769743577,367.3205080756888,-244.24966889866886,86.3149068915526,86.65871832897967,29.452596275662103,29.41763572442321,-8.29297582503796,-8.267507620573907,23.713408560520584,23.841122859646894,25.17027935668137,25.063263405718565,6.5018758427731225,18.36602540378444,3433.0127018922194,3454.7072164715196,3450.8199751126995,0.00016013481240036284,0.15400337031000907,0.14460600206844967,23.53507726942784,23.628994787004075,0.0,0.0,0.0,0.0,False,none,0.0,0.0,nominal,0.5194687099090153,0.0,44,thermal_anomaly,2.7747202348521127,0.5194687099090153,gradual,0.4486344094202435,1.1812496316014158,1058333940,thermal_anomaly
6060.0,101.0,1.6833333333333333,1,612.503850668262,364.86289650954785,-247.64095415871412,86.68342021619354,86.93847480254145,29.46733680864774,29.5131506573646,-8.403913654186736,-8.424236889369327,23.725294979746,23.839604036482434,25.185403411478873,25.23062699018203,6.650061176562101,18.243144825477394,3371.5724127386966,3413.1398146051083,3406.9999969221403,-0.00036467984866473584,0.1591169962166184,0.16989597023828887,23.52573166122319,23.694637782265914,0.0,0.0,0.0,0.0,False,none,0.0,0.0,nominal,0.5194687099090153,0.0,44,thermal_anomaly,2.7747202348521127,0.5194687099090153,gradual,0.4486344094202435,1.1812496316014158,1058333940,thermal_anomaly
6120.0,102.0,1.7,1,613.376606858593,361.7557050458495,-251.62090181274357,87.0578560819863,86.8201472454646,29.482314243279454,29.51270345670558,-8.534638757881803,-8.519565974972341,23.737700558861533,23.85705175576744,25.200095754691628,25.132434360218166,6.827204698203059,18.087785252292473,3293.892626146237,3353.516220375672,3350.256461543607,-0.0008460957156158976,0.17115239289039744,0.17015207192442638,23.51643510681683,23.429862079965943,0.0,0.0,0.0,0.0,False,none,0.0,0.0,nominal,0.5194687099090153,0.0,44,thermal_anomaly,2.7747202348521127,0.5194687099090153,gradual,0.4486344094202435,1.1812496316014158,1058333940,thermal_anomaly
6180.0,103.0,1.7166666666666666,1,614.184193564921,358.134732861516,-256.049460703405,87.4388820651759,87.30302743026583,29.497555282607035,29.46994606923277,-8.680362092731874,-8.6041081001243,23.75070067179128,23.66699260571642,25.214308461940245,25.293611897697602,7.027894884874919,17.9067366430758,3203.3683215379,3278.4422709567857,3279.20235184336,-0.001263072604977778,0.18157681512444446,0.18918527160971738,23.507167066170187,23.5981099364159,0.0,0.0,0.0,0.0,False,none,0.0,0.0,nominal,0.5194687099090153,0.0,44,thermal_anomaly,2.7747202348521127,0.5194687099090153,gradual,0.4486344094202435,1.1812496316014158,1058333940,thermal_anomaly
6240.0,104.0,1.7333333333333334,1,614.9226763059908,354.1582338163552,-260.76444248963554,87.82692439030927,87.53653087897494,29.51307697561237,29.467392406615794,-8.835555936953433,-8.82365068562768,23.764347680751207,23.569996198441448,25.228009817626358,25.11247629332439,7.245363897202646,17.707911690817763,3103.9558454088806,3191.199058182833,3194.693752417969,-0.0015973866258081003,0.1899346656452025,0.1891938423110929,23.497908946418978,23.48152714926797,0.0,0.0,0.0,0.0,False,none,0.0,0.0,nominal,0.5194687099090153,0.0,44,thermal_anomaly,2.7747202348521127,0.5194687099090153,gradual,0.4486344094202435,1.1812496316014158,1058333940,thermal_anomaly
6300.0,105.0,1.75,1,615.5884572681198,350.0,-265.5884572681198,88.22214530886303,88.10528171600338,29.52888581235452,29.51321376252528,-8.994191618195119,-8.991503958839317,23.778667056763982,23.864822986086306,25.241185739085346,25.062912236473387,7.471638629184906,17.5,3000.0000000000005,3095.599529091417,3096.093094599638,-0.0018344266511799855,0.19586066627949963,0.19124139631632095,23.48864485871562,23.299125240619464,0.0,0.0,0.0,0.0,False,none,0.0,0.0,nominal,0.5194687099090153,0.0,44,thermal_anomaly,2.7747202348521127,0.5194687099090153,gradual,0.4486344094202435,1.1812496316014158,1058333940,thermal_anomaly
6360.0,106.0,1.7666666666666666,1,616.178292833385,345.8417661836449,-270.33652664974005,88.62443180685372,88.46296051818355,29.54497727227415,29.591343385485263,-9.149999479046192,-9.129410951498803,23.793654385214477,23.936916003359272,25.253840429791026,25.46800567271963,7.697799237323648,17.292088309182244,2896.0441545911217,2995.82184184127,2988.8859596429756,-0.0019638328945403845,0.1990958223635096,0.20039245827614963,23.479362264188413,23.344618075172505,0.0,0.0,0.0,0.0,False,none,0.0,0.0,nominal,0.5194687099090153,0.0,44,thermal_anomaly,2.7747202348521127,0.5194687099090153,gradual,0.4486344094202435,1.1812496316014158,1058333940,thermal_anomaly
6420.0,107.0,1.7833333333333334,1,616.6893093822022,341.86526713848406,-274.8240422437181,89.03339615543068,89.15625533177892,29.561335846217226,29.56851577796361,-9.296739622099507,-9.288951425765948,23.80927362359682,23.772750332221626,25.265996233066545,25.257681640685007,7.9143494080891905,17.093263356924204,2796.631678462101,2896.226760151685,2894.752950208194,-0.0019799496820944516,0.1994987420523613,0.19218040195449193,23.47005248504146,23.460067570708556,0.0,0.0,0.0,0.0,False,none,0.0,0.0,nominal,0.5194687099090153,0.0,44,thermal_anomaly,2.7747202348521127,0.5194687099090153,gradual,0.4486344094202435,1.1812496316014158,1058333940,thermal_anomaly
6480.0,108.0,1.8,1,617.1190172933127,338.24429495415063,-278.8747223391621,89.44838830176872,89.46330640099993,29.57793553207075,29.583292157328454,-9.428471504942728,-9.419156498394285,23.82545693516711,23.849857001820627,25.27769269269743,25.221113623837073,8.111685993561359,16.912214747707534,2706.1073738537652,2801.167067002725,2803.2419938580715,-0.0018820726328890943,0.19705181582222736,0.2048313668267774,23.460711060747016,23.451261810528457,0.0,0.0,0.0,0.0,False,none,0.0,0.0,nominal,0.5194687099090153,0.0,44,thermal_anomaly,2.7747202348521127,0.5194687099090153,gradual,0.4486344094202435,1.1812496316014158,1058333940,thermal_anomaly
6540.0,109.0,1.8166666666666667,1,617.465323072968,335.1371034904521,-282.3282195825159,89.86851958090936,89.55827752225085,29.594740783236375,29.575974647254306,-9.539810524119803,-9.506169714117485,23.842106322845737,24.013274803003686,25.288984861504893,25.14603983330573,8.280638786888556,16.756855174522606,2628.427587261303,2714.7973271320143,2715.3332683068857,-0.0016744794436408268,0.19186198609102068,0.18601283061316942,23.451337933689757,23.460125214192026,0.0,0.0,0.0,0.0,False,none,0.0,0.0,nominal,0.5194687099090153,0.0,44,thermal_anomaly,2.7747202348521127,0.5194687099090153,gradual,0.4486344094202435,1.1812496316014158,1058333940,thermal_anomaly
6600.0,110.0,1.8333333333333333,1,617.7265395542198,332.6794919243112,-285.0470476299086,90.29269673512054,89.88649228193236,29.61170786940482,29.550801663378103,-9.626160331144652,-9.548433831392751,23.859097141634237,23.851192721600423,25.299940931805285,25.38027486075382,8.413037017672233,16.633974596215563,2566.98729810778,2640.8923126198974,2643.155779901626,-0.0013662429328624107,0.18415607332156025,0.17523816294441638,23.441937453726375,23.560977217877117,0.0,0.0,0.0,0.0,False,none,0.0,0.0,nominal,0.5194687099090153,0.0,44,thermal_anomaly,2.7747202348521127,0.5194687099090153,gradual,0.4486344094202435,1.1812496316014158,1058333940,thermal_anomaly
6660.0,111.0,1.85,1,617.9013941166289,330.9788696740969,-286.922524442532,90.71966477744574,90.72102666858137,29.62878659109783,29.61096409410201,-9.683910731894091,-9.602274504863717,23.876283392667975,24.000454858628302,25.310639291318253,25.5173993865427,8.502250165063485,16.548943483704846,2524.4717418524233,2582.6820272361606,2573.82549805863,-0.0009708345151577116,0.17427086287894278,0.1820234947240227,23.432518197106866,23.382994686994138,0.0,0.0,0.0,0.0,False,none,0.0,0.0,nominal,0.5194687099090153,0.0,44,thermal_anomaly,2.7747202348521127,0.5194687099090153,gradual,0.4486344094202435,1.1812496316014158,1058333940,thermal_anomaly
6720.0,112.0,1.8666666666666667,1,617.9890348863438,330.1095620926345,-287.8794727937093,91.14805685005543,91.46818624817075,29.645922274002217,29.689558127785602,-9.710592577724025,-9.675346053761347,23.893504521168115,23.896831207379687,25.32116513319697,25.274660264882403,8.543648656843914,16.505478104631727,2502.7390523158633,2542.710539776012,2542.388055742572,-0.0005055354357605888,0.16263838589401472,0.16149771322046222,23.423092602138773,23.401620056453677,0.0,0.0,0.0,0.0,False,none,0.0,0.0,nominal,0.5194687099090153,0.0,44,thermal_anomaly,2.7747202348521127,0.5194687099090153,gradual,0.4486344094202435,1.1812496316014158,1058333940,thermal_anomaly
6780.0,113.0,1.8833333333333333,1,617.9890348863438,330.1095620926345,-287.8794727937093,91.57644892266512,91.59020003093285,29.663057956906606,29.673208734589974,-9.704982986310108,-9.664324098975142,23.91059327931166,24.113730841585777,25.33160676834066,25.25893619269025,8.534935581165493,16.505478104631727,2502.7390523158633,2522.724796045938,2516.621485422658,9.318502806628603e-06,0.15023296257016572,0.15033709066358203,23.41367768976054,23.54998504040292,0.0,0.0,0.0,0.0,False,none,0.0,0.0,nominal,0.5194687099090153,0.0,44,thermal_anomaly,2.7747202348521127,0.5194687099090153,gradual,0.4486344094202435,1.1812496316014158,1058333940,thermal_anomaly
6840.0,114.0,1.9,1,617.9013941166289,330.9788696740969,-286.922524442532,92.00341696499031,91.74786337406174,29.680136678599613,29.707516345660217,-9.667156440334484,-9.673308821444433,23.92738409660696,23.942818007715562,25.342051801161343,25.30719384197517,8.47631309135204,16.548943483704846,2524.4717418524233,2523.5982689491807,2528.4461514502827,0.0005512257128852607,0.1637806428221315,0.16554593850647453,23.404363745578905,23.31925571640038,0.0,0.0,0.0,0.0,False,none,0.0,0.0,nominal,0.5194687099090153,0.0,44,thermal_anomaly,2.7747202348521127,0.5194687099090153,gradual,0.4486344094202435,1.1812496316014158,1058333940,thermal_anomaly
6900.0,115.0,1.9166666666666667,1,617.7265395542198,332.6794919243112,-285.0470476299086,92.4275941192015,92.41252936184522,29.69710376476806,29.666347056035026,-9.598479699831257,-9.602045848334686,23.94372134204014,23.854273481923993,25.352583335944484,25.202424912425723,8.370465003845819,16.633974596215563,2566.9872981077797,2545.2927835284804,2557.038014720517,0.0010965022490355475,0.1774125562258887,0.1699513371272112,23.395170884340285,23.47673609604007,0.0,0.0,0.0,0.0,False,none,0.0,0.0,nominal,0.5194687099090153,0.0,44,thermal_anomaly,2.7747202348521127,0.5194687099090153,gradual,0.4486344094202435,1.1812496316014158,1058333940,thermal_anomaly
6960.0,116.0,1.9333333333333333,1,617.465323072968,335.1371034904521,-282.3282195825159,92.84772539834213,92.8681024690175,29.713909015933687,29.728280442057784,-9.501550921190516,-9.52985745873383,23.959466872630024,23.9063813094321,25.363276379605974,25.27467534100491,8.222357592638108,16.756855174522606,2628.427587261302,2586.860185394891,2584.348846324088,0.0016213169101006388,0.19053292275251596,0.20009788519631977,23.38611690452156,23.39140554277471,0.0,0.0,0.0,0.0,False,none,0.0,0.0,nominal,0.5194687099090153,0.0,44,thermal_anomaly,2.7747202348521127,0.5194687099090153,gradual,0.4486344094202435,1.1812496316014158,1058333940,thermal_anomaly
7020.0,117.0,1.95,1,617.1190172933127,338.24429495415046,-278.87472233916225,93.26271754468019,93.600012263817,29.73050870178721,29.753298800653994,-9.380085794576333,-9.354972614145861,23.974506340597873,23.93054629501013,25.37419459806454,25.27423488581083,8.038880761089018,16.912214747707523,2706.1073738537616,2646.4837796243264,2645.4340257307213,0.0021027327770518074,0.20256831942629516,0.18722072617904476,23.37721646865475,23.383082838116746,0.0,0.0,0.0,0.0,False,none,0.0,0.0,nominal,0.5194687099090153,0.0,44,thermal_anomaly,2.7747202348521127,0.5194687099090153,gradual,0.4486344094202435,1.1812496316014158,1058333940,thermal_anomaly
7080.0,118.0,1.9666666666666666,1,616.6893093822022,341.865267138484,-274.82404224371817,93.67168189325714,93.96875310619187,29.746867275730285,29.685943078739083,-9.238755788847055,-9.263325993848905,23.988753864827874,24.1458532556006,25.385387567993874,25.315719112985622,7.8283686820763965,17.0932633569242,2796.6316784621,2721.557729043213,2723.0815249948864,0.00251970966641371,0.21299274166034274,0.21694566404161708,23.36848041167747,23.33109396834323,0.0,0.0,0.0,0.0,False,none,0.0,0.0,nominal,0.5194687099090153,0.0,44,thermal_anomaly,2.7747202348521127,0.5194687099090153,gradual,0.4486344094202435,1.1812496316014158,1058333940,thermal_anomaly
7140.0,119.0,1.9833333333333334,1,616.178292833385,345.84176618364484,-270.3365266497401,94.07396839124782,94.19582934494869,29.762958735649914,29.74621594202185,-9.08298563495747,-9.10493049350987,24.002154842450864,24.192702039672835,25.396888644068287,25.60757946148093,7.600050243587502,17.292088309182244,2896.044154591121,2808.8009418171673,2812.7320139173157,0.002854023687244053,0.2213505921811013,0.21556812371150214,23.359915212589062,23.29317682236479,0.0,0.0,0.0,0.0,False,none,0.0,0.0,nominal,0.5194687099090153,0.0,44,thermal_anomaly,2.7747202348521127,0.5194687099090153,gradual,0.4486344094202435,1.1812496316014158,1058333940,thermal_anomaly
7200.0,120.0,2.0,1,615.58845726812,350.0,-265.58845726812,94.46918930980158,94.59666631972145,29.778767572392063,29.735801072869208,-8.918718903409134,-8.86198000090508,24.0146868592303,24.20186426901509,25.40871353491574,25.386803538128436,7.363483750242194,17.5,2999.9999999999995,2904.4004709085834,2900.6667977936213,0.0030910637126159027,0.22727659281539755,0.23160196035416175,23.351522658270927,23.346817767688265,0.0,0.0,0.0,0.0,False,none,0.0,0.0,nominal,0.5194687099090153,0.0,44,thermal_anomaly,2.7747202348521127,0.5194687099090153,gradual,0.4486344094202435,1.1812496316014158,1058333940,thermal_anomaly
7260.0,121.0,2.0166666666666666,1,614.9226763059908,354.15823381635516,-260.7644424896356,94.85723163493495,94.98096975860149,29.7942892653974,29.726521671114757,-8.752161871251051,-8.698892056611273,24.026358828053738,23.90904890887978,25.420859650018052,25.55023462426875,7.128026993646456,17.70791169081776,3103.9558454088797,3004.178158158732,3004.3896098157866,0.003220469955976323,0.23051174889940806,0.21727581257117634,23.343299719649647,23.23826158223404,0.0,0.0,0.0,0.0,False,none,0.0,0.0,nominal,0.5194687099090153,0.0,44,thermal_anomaly,2.7747202348521127,0.5194687099090153,gradual,0.4486344094202435,1.1812496316014158,1058333940,thermal_anomaly
7320.0,122.0,2.033333333333333,1,614.184193564921,358.13473286151594,-256.04946070340503,95.23825761812455,95.42080740950695,29.80953030472498,29.824346427997682,-8.589516778223766,-8.604228775429226,24.037208621347652,24.220317918077416,25.43330624610406,25.473438962373407,6.902383878671007,17.9067366430758,3203.368321537899,3103.7732398483154,3100.5656768859194,0.0032365867435303554,0.23091466858825888,0.22314316177436466,23.33523864987082,23.337011624900427,0.0,0.0,0.0,0.0,False,none,0.0,0.0,nominal,0.5194687099090153,0.0,44,thermal_anomaly,2.7747202348521127,0.5194687099090153,gradual,0.4486344094202435,1.1812496316014158,1058333940,thermal_anomaly
7380.0,123.0,2.05,1,613.376606858593,361.7557050458494,-251.62090181274363,95.61269348391733,96.0151345994303,29.824507739356694,29.844308966974136,-8.436716005900823,-8.40934212333191,24.047299550143357,23.950389113441485,25.446015366639813,25.265238078238404,6.694254157137851,18.087785252292473,3293.892626146236,3198.8329329972757,3204.2286721621767,0.0031387096943250184,0.22846774235812545,0.21591926276484932,23.327327302482303,23.24210793804007,0.0,0.0,0.0,0.0,False,none,0.0,0.0,nominal,0.5194687099090153,0.0,44,thermal_anomaly,2.7747202348521127,0.5194687099090153,gradual,0.4486344094202435,1.1812496316014158,1058333940,thermal_anomaly
7440.0,124.0,2.066666666666667,1,612.503850668262,364.86289650954785,-247.64095415871412,95.98120680855826,95.79012224286136,29.83924827234233,29.856529368540652,-8.299168661974965,-8.281853235721341,24.056716072970474,23.930917384383097,25.458933533357648,25.521865237444707,6.510096038392588,18.243144825477394,3371.572412738696,3285.202672867986,3276.3292703340935,0.0029311165050767227,0.22327791262691807,0.23246905852738134,23.319549655647666,23.23472722525153,0.0,0.0,0.0,0.0,False,none,0.0,0.0,nominal,0.5194687099090153,0.0,44,thermal_anomaly,2.7747202348521127,0.5194687099090153,gradual,0.4486344094202435,1.1812496316014158,1058333940,thermal_anomaly
7500.0,125.0,2.0833333333333335,1,611.5701769743577,367.3205080756888,-244.24966889866886,96.3446735777527,96.54610640799115,29.85378694311011,29.792279814297952,-8.181530516182596,-8.203233048506762,24.065559094289245,24.01446477207657,25.471994115898354,25.404473646735575,6.354995326978164,18.36602540378444,3433.0127018922194,3359.107687380103,3361.1398074672875,0.0026228799942983206,0.215571999857458,0.22556675962391737,23.311886517056347,23.264426359883622,0.0,0.0,0.0,0.0,False,none,0.0,0.0,nominal,0.5194687099090153,0.0,44,thermal_anomaly,2.7747202348521127,0.5194687099090153,gradual,0.4486344094202435,1.1812496316014158,1058333940,thermal_anomaly
7560.0,126.0,2.1,1,610.5801345412646,369.0211303259031,-241.55900421536148,96.70413638164462,97.052317009583,29.868165455265785,29.89620101164377,-8.087507234990705,-8.130698528058794,24.07394114593045,24.000772761159926,25.48512027600376,25.590702581777016,6.232621862082159,18.451056516295154,3475.5282581475767,3417.31797276384,3414.881837818815,0.0022274715765936287,0.2056867894148407,0.20958468419456164,23.304316374368334,23.312947947573207,0.0,0.0,0.0,0.0,False,none,0.0,0.0,nominal,0.5194687099090153,0.0,44,thermal_anomaly,2.7747202348521127,0.5194687099090153,gradual,0.4486344094202435,1.1812496316014158,1058333940,thermal_anomaly
7620.0,127.0,2.1166666666666667,1,609.5385467561977,369.8904379073655,-239.64810884883218,97.0607555912411,97.37065297821833,29.882430223649642,29.840064814140902,-8.019699437268967,-7.957776764453131,24.08198165347197,24.04575310387822,25.498228357586466,25.541212822944004,6.145246325130574,18.494521895368276,3497.2609476841367,3457.2894602239876,3455.115570852114,0.001762172497196506,0.19405431242991264,0.20202398985629047,23.29681634849222,23.389370014922203,0.0,0.0,0.0,0.0,False,none,0.0,0.0,nominal,0.5194687099090153,0.0,44,thermal_anomaly,2.7747202348521127,0.5194687099090153,gradual,0.4486344094202435,1.1812496316014158,1058333940,thermal_anomaly
7680.0,128.0,2.1333333333333333,1,608.450488130146,369.8904379073655,-238.56005022278055,97.41575566597737,97.50670941006116,29.896630226639097,29.854358824490042,-7.979496298222064,-7.995529961996271,24.089802393197363,24.117168197806237,25.51123157451651,25.305539210169364,6.09378889386717,18.494521895368276,3497.2609476841367,3477.2752039540624,3478.4849349029905,0.0012473185586292885,0.18118296396573222,0.18821208971737383,23.289363202279105,23.257228218429244,0.0,0.0,0.0,0.0,False,none,0.0,0.0,nominal,0.5194687099090153,0.0,44,thermal_anomaly,2.7747202348521127,0.5194687099090153,gradual,0.4486344094202435,1.1812496316014158,1058333940,thermal_anomaly
7740.0,129.0,2.15,1,607.3212595753644,369.0211303259031,-238.3001292494613,97.77036895355099,97.7260029508775,29.91081475814204,29.907900478723615,-7.967022335444523,-7.982160435694689,24.097523164143105,23.94017449209521,25.52404383495297,25.347388199054752,6.077875591477752,18.451056516295154,3475.5282581475767,3476.4017310508193,3489.354547073285,0.0007054113485506565,0.1676352837137664,0.16302621555869254,23.281934355565518,23.387831721496372,0.0,0.0,0.0,0.0,False,none,0.0,0.0,nominal,0.5194687099090153,0.0,44,thermal_anomaly,2.7747202348521127,0.5194687099090153,gradual,0.4486344094202435,1.1812496316014158,1058333940,thermal_anomaly
7800.0,130.0,2.1666666666666665,1,606.156362579862,367.3205080756888,-238.83585450417326,98.12577945132504,98.39429543528753,29.925031178053,29.89534192789972,-7.981139704854688,-7.940924849120748,24.105257649421823,24.07020657783269,25.536583535080915,25.325432517559722,6.095887279072638,18.36602540378444,3433.0127018922194,3454.7072164715196,3453.8125558352835,0.00016013481240036284,0.15400337031000907,0.14659145816534225,23.274508858855274,23.184895247588692,0.0,0.0,0.0,0.0,False,none,0.0,0.0,nominal,0.5194687099090153,0.0,44,thermal_anomaly,2.7747202348521127,0.5194687099090153,gradual,0.4486344094202435,1.1812496316014158,1058333940,thermal_anomaly
7860.0,131.0,2.183333333333333,1,604.961472404706,364.8628965095479,-240.0985758951581,98.4830689987881,98.57308406540031,29.939322759951523,29.95459957548326,-8.019505912683071,-7.98751880923599,24.11310943021424,23.92693588044375,25.548777156451223,25.608529940048086,6.144998006684699,18.243144825477398,3371.572412738698,3413.1398146051088,3422.4757039355186,-0.0003646798486647144,0.15911699621661785,0.15555157627244387,23.267117513729918,23.220364866402182,0.0,0.0,0.0,0.0,False,none,0.0,0.0,nominal,0.5194687099090153,0.0,44,thermal_anomaly,2.7747202348521127,0.5194687099090153,gradual,0.4486344094202435,1.1812496316014158,1058333940,thermal_anomaly
7920.0,132.0,2.2,1,603.7424104347197,361.7557050458495,-241.98670538887018,98.84316826275963,98.74690445875605,29.953726730510386,29.9519078876277,-8.07868441766835,-8.032192665059775,24.121168144811698,24.075329669319487,25.560562509704198,25.52841863913907,6.221211353622193,18.087785252292473,3293.892626146237,3353.516220375673,3351.7135159372488,-0.0008460957156159047,0.1711523928903976,0.17172744544001936,23.259760565429755,23.269101010976758,0.0,0.0,0.0,0.0,False,none,0.0,0.0,nominal,0.5194687099090153,0.0,44,thermal_anomaly,2.7747202348521127,0.5194687099090153,gradual,0.4486344094202435,1.1812496316014158,1058333940,thermal_anomaly
7980.0,133.0,2.216666666666667,1,602.5051158172811,358.13473286151606,-244.37038295576502,99.20681466596761,99.3512304827223,29.968272586638705,29.97408161315096,-8.15430326353602,-8.165577313917813,24.129505845733153,24.227949923918644,25.571891482912715,25.64711203917446,6.319412937097135,17.906736643075803,3203.3683215379015,3278.442270956787,3278.7197641257903,-0.0012630726049777641,0.1815768151244441,0.18340646295841562,23.252417583843517,23.194370914027477,0.0,0.0,0.0,0.0,False,none,0.0,0.0,nominal,0.5194687099090153,0.0,44,thermal_anomaly,2.7747202348521127,0.5194687099090153,gradual,0.4486344094202435,1.1812496316014158,1058333940,thermal_anomaly
8040.0,134.0,2.2333333333333334,1,601.2556165273943,354.15823381635516,-247.09738271103913,99.5745191045257,99.4342576975931,29.98298076418103,30.061064497216826,-8.24125475230376,-8.246092165764896,24.13817368529672,24.141426723624786,25.582732174431047,25.324297631054357,6.433462391389545,17.70791169081776,3103.955845408879,3191.199058182833,3180.5995545185756,-0.001597386625808136,0.1899346656452034,0.18358453431317603,23.245070085209758,23.26877891667753,0.0,0.0,0.0,0.0,False,none,0.0,0.0,nominal,0.5194687099090153,0.0,44,thermal_anomaly,2.7747202348521127,0.5194687099090153,gradual,0.4486344094202435,1.1812496316014158,1058333940,thermal_anomaly
8100.0,135.0,2.25,1,600.0,350.0,-250.0,99.94654291404952,99.7026404142112,29.99786171656198,30.05534109581821,-8.333927343293727,-8.372312889504197,24.147199135175153,24.07785885616205,25.5930703170356,25.581074913602176,6.556347597063907,17.5,3000.0000000000005,3095.599529091417,3092.038107918555,-0.0018344266511799855,0.19586066627949963,0.19572193861034684,23.23770228896547,23.244412558034888,0.0,0.0,0.0,0.0,False,none,0.0,0.0,nominal,0.5194687099090153,0.0,44,thermal_anomaly,2.7747202348521127,0.5194687099090153,gradual,0.4486344094202435,1.1812496316014158,1058333940,thermal_anomaly
8160.0,136.0,2.2666666666666666,1,598.7443834726057,345.84176618364484,-252.90261728896087,100.0,100.0,30.0,29.915737913582905,-8.430087242965362,-8.45654462114832,24.156600305943837,24.112078616820256,25.60290993111768,25.611933691287344,6.685309673920586,17.292088309182244,2896.0441545911203,2995.8218418412685,2991.6027086752,-0.0019638328945404057,0.19909582236351014,0.19019586919237047,23.230301763711388,23.205052435844035,0.0,0.0,0.0,0.0,False,none,0.0,0.0,nominal,0.5194687099090153,0.0,44,thermal_anomaly,2.7747202348521127,0.5194687099090153,gradual,0.4486344094202435,1.1812496316014158,1058333940,thermal_anomaly
8220.0,137.0,2.283333333333333,1,597.4948841827188,341.86526713848406,-255.62961704423475,100.0,99.857066652845,30.0,30.071004293380966,-8.520987234807825,-8.549236241890295,24.166355963696375,24.073221519582717,25.612273178382587,25.537281354638523,6.808577876460633,17.093263356924204,2796.631678462101,2896.226760151685,2894.6464681807756,-0.001979949682094438,0.19949874205236096,0.20389993188340935,23.222859938318013,23.226145304189338,0.0,0.0,0.0,0.0,False,none,0.0,0.0,nominal,0.5194687099090153,0.0,44,thermal_anomaly,2.7747202348521127,0.5194687099090153,gradual,0.4486344094202435,1.1812496316014158,1058333940,thermal_anomaly
8280.0,138.0,2.3,1,596.2575895652803,338.2442949541506,-258.01329461112977,100.0,100.0,30.0,29.88683930335603,-8.600443153704326,-8.580928866670083,24.17641586056489,24.209434443687382,25.621199422450943,25.52239531458637,6.91740979520797,16.91221474770753,2706.107373853764,2801.1670670027247,2784.8000875103694,-0.0018820726328891081,0.1970518158222277,0.20709597604776614,23.215372458123994,23.055345256486373,0.0,0.0,0.0,0.0,False,none,0.0,0.0,nominal,0.5194687099090153,0.0,44,thermal_anomaly,2.7747202348521127,0.5194687099090153,gradual,0.4486344094202435,1.1812496316014158,1058333940,thermal_anomaly
8340.0,139.0,2.316666666666667,1,595.038527595294,335.1371034904521,-259.9014241048419,100.0,100.0,30.0,30.037281191158545,-8.66338080349473,-8.686065391485931,24.186705143253864,24.237629752102478,25.62974353742038,25.777356918816206,7.00433335570888,16.756855174522606,2628.427587261303,2714.797327132014,2716.7934461983723,-0.0016744794436408194,0.19186198609102048,0.18744704403702203,23.20783937058641,23.13235591057453,0.0,0.0,0.0,0.0,False,none,0.0,0.0,nominal,0.5194687099090153,0.0,44,thermal_anomaly,2.7747202348521127,0.5194687099090153,gradual,0.4486344094202435,1.1812496316014158,1058333940,thermal_anomaly
8400.0,140.0,2.3333333333333335,1,593.843637420138,332.67949192431126,-261.1641454958267,100.0,100.0,30.0,30.034304302226147,-8.705471516527556,-8.680455501730039,24.197127641547695,24.1169112659404,25.63797353831345,25.55247912877984,7.0628187460058065,16.633974596215563,2566.9872981077815,2640.892312619898,2642.353254071975,-0.001366242932862382,0.18415607332155953,0.18399561103562928,23.2002651298463,23.17367562614688,0.0,0.0,0.0,0.0,False,none,0.0,0.0,nominal,0.5194687099090153,0.0,44,thermal_anomaly,2.7747202348521127,0.5194687099090153,gradual,0.4486344094202435,1.1812496316014158,1058333940,thermal_anomaly
8460.0,141.0,2.35,1,592.6787404246356,330.9788696740969,-261.6998707505387,100.0,100.0,30.0,29.992660233482503,-8.723329025017957,-8.7225802055383,24.2075706008394,24.22930444624243,25.64596763697435,25.658364399256786,7.08771754229766,16.548943483704846,2524.4717418524233,2582.682027236161,2586.9233793830504,-0.0009708345151577187,0.17427086287894297,0.1665194498280043,23.19265841565589,23.14082945057238,0.0,0.0,0.0,0.0,False,none,0.0,0.0,nominal,0.5194687099090153,0.0,44,thermal_anomaly,2.7747202348521127,0.5194687099090153,gradual,0.4486344094202435,1.1812496316014158,1058333940,thermal_anomaly
8520.0,142.0,2.3666666666666667,1,591.549511869854,330.1095620926345,-261.43994977721945,100.0,99.64514624090512,30.0,29.980492174178067,-8.714664992573981,-8.763435634769188,24.21791061348311,24.388585000728014,25.65381085208782,25.633814813869225,7.075630874623557,16.505478104631727,2502.739052315864,2542.710539776012,2559.842164950019,-0.0005055354357605887,0.16263838589401472,0.1595878302529372,23.18503176904868,23.18609850303731,0.0,0.0,0.0,0.0,False,none,0.0,0.0,nominal,0.5194687099090153,0.0,44,thermal_anomaly,2.7747202348521127,0.5194687099090153,gradual,0.4486344094202435,1.1812496316014158,1058333940,thermal_anomaly
8580.0,143.0,2.3833333333333333,1,590.4614532438022,330.1095620926345,-260.3518911511677,100.0,99.8147041521465,30.0,29.982326265259044,-8.67839637170559,-8.647734125806823,24.22802036675806,24.24827140906034,25.66159132148038,25.78597352575771,7.02516508675462,16.505478104631727,2502.7390523158633,2522.724796045938,2528.883971865925,9.318502806628603e-06,0.15023296257016572,0.14407888246556008,23.177402312918623,23.073809040819036,0.0,0.0,0.0,0.0,False,none,0.0,0.0,nominal,0.5194687099090153,0.0,44,thermal_anomaly,2.7747202348521127,0.5194687099090153,gradual,0.4486344094202435,1.1812496316014158,1058333940,thermal_anomaly
8640.0,144.0,2.4,1,589.4198654587356,330.9788696740969,-258.44099578463863,100.0,100.0,30.0,29.970233454803555,-8.614699859487954,-8.587222109071183,24.23777572553593,24.14452132779066,25.669396477875946,25.696821838451612,6.937044293524942,16.548943483704846,2524.471741852423,2523.5982689491807,2524.6090871967067,0.0005512257128852536,0.16378064282213134,0.164629788811115,23.169860434063303,23.19330740816991,0.0,0.0,0.0,0.0,False,none,0.0,0.0,nominal,0.5194687099090153,0.0,44,thermal_anomaly,2.7747202348521127,0.5194687099090153,gradual,0.4486344094202435,1.1812496316014158,1058333940,thermal_anomaly
8700.0,145.0,2.4166666666666665,1,588.4298230256423,332.6794919243112,-255.75033110133114,100.0,100.0,30.0,29.971529462232112,-8.525011036711039,-8.569612904822415,24.247062621362993,24.11557351007839,25.67730925524537,25.59758577252373,6.814065054083602,16.633974596215563,2566.9872981077806,2545.292783528481,2546.7384585071554,0.0010965022490355544,0.17741255622588886,0.17490437836661968,23.162426347661047,23.06609997958803,0.0,0.0,0.0,0.0,False,none,0.0,0.0,nominal,0.5194687099090153,0.0,44,thermal_anomaly,2.7747202348521127,0.5194687099090153,gradual,0.4486344094202435,1.1812496316014158,1058333940,thermal_anomaly
8760.0,146.0,2.433333333333333,0,0.0,335.1371034904521,335.1371034904521,99.50128407218682,99.41741306870142,29.980051362887473,29.931560190665444,11.178670090783127,11.22864016995033,24.2522369563011,24.324892828002497,25.669404491552452,25.575667535944845,10.99701319988554,16.756855174522606,2628.427587261302,2586.8601853948917,2594.5806727616605,0.0016213169101006316,0.1905329227525158,0.18706780240833623,23.155117951867418,23.152046047050284,0.0,0.0,0.0,0.0,False,none,0.0,0.0,nominal,0.5194687099090153,0.0,44,thermal_anomaly,2.7747202348521127,0.5194687099090153,gradual,0.4486344094202435,1.1812496316014158,1058333940,thermal_anomaly
8820.0,147.0,2.45,0,0.0,338.2442949541505,338.2442949541505,98.99794434755268,98.87049904691261,29.959917773902106,29.92944073080004,11.289893967893095,11.259701242682267,24.25804665611163,24.09175775779584,25.66187368511545,25.654718130514087,11.19693646450151,16.912214747707527,2706.107373853763,2646.483779624327,2636.5431243409907,0.0021027327770518148,0.20256831942629536,0.21783205913596235,23.147950008145514,23.250341890194036,0.0,0.0,0.0,0.0,False,none,0.0,0.0,nominal,0.5194687099090153,0.0,44,thermal_anomaly,2.7747202348521127,0.5194687099090153,gradual,0.4486344094202435,1.1812496316014158,1058333940,thermal_anomaly
8880.0,148.0,2.466666666666667,0,0.0,341.865267138484,341.865267138484,98.48921627145373,98.00171982987784,29.93956865085815,29.866932380777662,11.41851010364123,11.377929105433836,24.264600342304817,24.36686219159693,25.654765222348374,25.546287816254026,11.430589838956548,17.0932633569242,2796.6316784621,2721.557729043213,2718.793029017583,0.0025197096664137026,0.21299274166034254,0.22007523878131943,23.140933449622054,23.082184808259978,0.0,0.0,0.0,0.0,False,none,0.0,0.0,nominal,0.5194687099090153,0.0,44,thermal_anomaly,2.7747202348521127,0.5194687099090153,gradual,0.4486344094202435,1.1812496316014158,1058333940,thermal_anomaly
8940.0,149.0,2.4833333333333334,0,0.0,345.8417661836448,345.8417661836448,97.9745707860614,97.9683387300847,29.918982831442456,29.91985131523829,11.559275531927268,11.543938830570998,24.271977233803792,24.307851588780665,25.64811127718795,25.747162523950095,11.689348065840994,17.29208830918224,2896.044154591119,2808.800941817166,2805.556865638213,0.0028540236872440245,0.2213505921811006,0.21646635412545298,23.134074852749063,23.015793313544854,0.0,0.0,0.0,0.0,False,none,0.0,0.0,nominal,0.5194687099090153,0.0,44,thermal_anomaly,2.7747202348521127,0.5194687099090153,gradual,0.4486344094202435,1.1812496316014158,1058333940,thermal_anomaly
9000.0,150.0,2.5,0,0.0,350.0,350.0,97.45373745272806,97.56244083043919,29.898149498109124,29.866548966260087,11.706410124885334,11.68525533201516,24.28022271387084,24.29517186711977,25.641926386970447,25.687867767697966,11.96320304096143,17.5,2999.9999999999995,2904.400470908583,2905.2422531213847,0.003091063712615916,0.22727659281539792,0.22226463298855298,23.127376101129727,22.98629250225683,0.0,0.0,0.0,0.0,False,none,0.0,0.0,nominal,0.5194687099090153,0.0,44,thermal_anomaly,2.7747202348521127,0.5194687099090153,gradual,0.4486344094202435,1.1812496316014158,1058333940,thermal_anomaly
9060.0,151.0,2.5166666666666666,0,0.0,354.1582338163551,354.1582338163551,96.92671627145373,96.75910624634523,29.87706865085815,29.969428999055957,11.853848111909157,11.82374966511094,24.289345034937007,24.22678568240128,25.636206799256318,25.722519015658648,12.241097204816983,17.707911690817756,3103.955845408878,3004.1781581587306,2999.620018241685,0.003220469955976309,0.23051174889940773,0.2280865721306069,23.120834261687005,23.36501114193762,0.0,0.0,0.0,0.0,False,none,0.0,0.0,nominal,0.5194687099090153,0.0,44,thermal_anomaly,2.7747202348521127,0.5194687099090153,gradual,0.4486344094202435,1.1812496316014158,1058333940,thermal_anomaly
9120.0,152.0,2.533333333333333,0,0.0,358.134732861516,358.134732861516,96.39377768088599,96.64789800368894,29.85575110723544,29.89584447958209,11.9955023598359,11.991194721135502,24.299313518558005,24.27007043351186,25.63093061814842,25.55000715814295,12.511366149186292,17.9067366430758,3203.3683215379006,3103.7732398483154,3105.9859113906064,0.0032365867435303836,0.2309146685882596,0.23142304098278038,23.114441682842898,23.056415515282268,0.0,0.0,0.0,0.0,False,none,0.0,0.0,nominal,0.5194687099090153,0.0,44,thermal_anomaly,2.7747202348521127,0.5194687099090153,gradual,0.4486344094202435,1.1812496316014158,1058333940,thermal_anomaly
9180.0,153.0,2.55,0,0.0,361.75570504584937,361.75570504584937,95.85545073885348,96.01299938299508,29.83421802955414,29.82329391727508,12.125529976602362,12.070406689318999,24.310058564703585,24.202694975071385,25.626058743707816,25.382924482924437,12.762278177078597,18.08778525229247,3293.8926261462348,3198.832932997275,3205.593487886929,0.003138709694325004,0.22846774235812511,0.22720817709692112,23.10818631270709,23.202701684441717,0.0,0.0,0.0,0.0,False,none,0.0,0.0,nominal,0.5194687099090153,0.0,44,thermal_anomaly,2.7747202348521127,0.5194687099090153,gradual,0.4486344094202435,1.1812496316014158,1058333940,thermal_anomaly
9240.0,154.0,2.566666666666667,0,0.0,364.86289650954785,364.86289650954785,95.31249999999997,95.23995465567103,29.8125,29.76998349960806,12.238587723590703,12.24065437254733,24.32147368784017,24.46091867485245,25.62153656340911,25.49511686298987,12.982642357442005,18.243144825477394,3371.5724127386957,3285.202672867985,3285.5783347360175,0.0029311165050767297,0.22327791262691823,0.23709549880988565,23.102052223295768,23.09187558987364,0.0,0.0,0.0,0.0,False,none,0.0,0.0,nominal,0.5194687099090153,0.0,44,thermal_anomaly,2.7747202348521127,0.5194687099090153,gradual,0.4486344094202435,1.1812496316014158,1058333940,thermal_anomaly
9300.0,155.0,2.5833333333333335,0,0.0,367.32050807568874,367.32050807568874,94.76589210107781,94.53441119816344,29.790635684043114,29.77768510461606,12.33006613123191,12.31750893860673,24.33341965392661,24.175790767663333,25.617296321709404,25.659562977171362,13.162442464044178,18.366025403784437,3433.0127018922185,3359.107687380102,3357.170778114506,0.0026228799942983206,0.215571999857458,0.21687634599456598,23.096020315447088,23.29189300548144,0.0,0.0,0.0,0.0,False,none,0.0,0.0,nominal,0.5194687099090153,0.0,44,thermal_anomaly,2.7747202348521127,0.5194687099090153,gradual,0.4486344094202435,1.1812496316014158,1058333940,thermal_anomaly
9360.0,156.0,2.6,0,0.0,369.0211303259031,369.0211303259031,94.21675351428333,93.92398787338216,29.768670140571334,29.757390620378768,12.396292094451642,12.398778404965105,24.345730618053977,24.32636087007971,25.61326006416832,25.64549653645868,13.293444615277142,18.451056516295154,3475.5282581475767,3417.3179727638394,3419.4110930576235,0.002227471576593643,0.20568678941484106,0.21048660598932617,23.090069169271143,23.21488834309578,0.0,0.0,0.0,0.0,False,none,0.0,0.0,nominal,0.5194687099090153,0.0,44,thermal_anomaly,2.7747202348521127,0.5194687099090153,gradual,0.4486344094202435,1.1812496316014158,1058333940,thermal_anomaly
9420.0,157.0,2.6166666666666667,0,0.0,369.8904379073655,369.8904379073655,93.6663213150164,93.892135680033,29.746652852600654,29.761344972979455,12.434691047097997,12.37605148943651,24.358221978728796,24.442976247182855,25.60934302744571,25.43588901893601,13.369723314942329,18.494521895368276,3497.2609476841367,3457.2894602239876,3463.9045407707335,0.0017621724971965131,0.19405431242991283,0.19816198658685283,23.08417599743326,23.108512104169517,0.0,0.0,0.0,0.0,False,none,0.0,0.0,nominal,0.5194687099090153,0.0,44,thermal_anomaly,2.7747202348521127,0.5194687099090153,gradual,0.4486344094202435,1.1812496316014158,1058333940,thermal_anomaly
9480.0,158.0,2.6333333333333333,0,0.0,369.8904379073655,369.8904379073655,93.11588911574948,93.40694448678043,29.724635564629978,29.725829691514026,12.443901527509611,12.498181827502673,24.37069949625012,24.057529538635663,25.605457327016882,25.427109504924964,13.388054818108483,18.494521895368276,3497.2609476841367,3477.2752039540624,3487.3954513920667,0.0012473185586292885,0.18118296396573222,0.18789539999420254,23.078317653853084,23.12319807754676,0.0,0.0,0.0,0.0,False,none,0.0,0.0,nominal,0.5194687099090153,0.0,44,thermal_anomaly,2.7747202348521127,0.5194687099090153,gradual,0.4486344094202435,1.1812496316014158,1058333940,thermal_anomaly
9540.0,159.0,2.65,0,0.0,369.0211303259031,369.0211303259031,92.56675052895498,92.70597958883396,29.702670021158198,29.692050419936756,12.42383698378082,12.46025962410874,24.3829690927125,24.357538691834222,25.60151578143334,25.538580024266487,13.348138031964808,18.451056516295154,3475.5282581475763,3476.4017310508193,3477.5073522449015,0.0007054113485506565,0.1676352837137664,0.16410544372629857,23.072471648752693,23.214304416271272,0.0,0.0,0.0,0.0,False,none,0.0,0.0,nominal,0.5194687099090153,0.0,44,thermal_anomaly,2.7747202348521127,0.5194687099090153,gradual,0.4486344094202435,1.1812496316014158,1058333940,thermal_anomaly
9600.0,160.0,2.6666666666666665,0,0.0,367.3205080756888,367.3205080756888,92.02014263003282,92.05077376613842,29.680805705201312,29.739746829586913,12.375691944619918,12.371884304185523,24.394846678451728,24.422636330303884,25.59743570598944,25.731999100860854,13.252620088650426,18.36602540378444,3433.0127018922203,3454.70721647152,3465.352025067066,0.00016013481240036989,0.15400337031000924,0.15286347963646837,23.066617122343544,22.89091323283974,0.0,0.0,0.0,0.0,False,none,0.0,0.0,nominal,0.5194687099090153,0.0,44,thermal_anomaly,2.7747202348521127,0.5194687099090153,gradual,0.4486344094202435,1.1812496316014158,1058333940,thermal_anomaly
9660.0,161.0,2.683333333333333,0,0.0,364.8628965095479,364.8628965095479,91.47719189117932,91.52238411272423,29.65908767564717,29.726762170706966,12.301892104696591,12.271139394274206,24.406167344875843,24.300700159827883,25.59314250999248,25.616434632128254,13.106923948447706,18.243144825477398,3371.572412738698,3413.139814605109,3421.4766181270425,-0.0003646798486647214,0.15911699621661804,0.16153402575609258,23.060784965242025,23.082300227019882,0.0,0.0,0.0,0.0,False,none,0.0,0.0,nominal,0.5194687099090153,0.0,44,thermal_anomaly,2.7747202348521127,0.5194687099090153,gradual,0.4486344094202435,1.1812496316014158,1058333940,thermal_anomaly
9720.0,162.0,2.7,0,0.0,361.7557050458495,361.7557050458495,90.9388649491468,90.5458333532099,29.637554597965874,29.622888756616906,12.205990337363327,12.168255345689703,24.416793327504138,24.415512699364875,25.588572940417123,25.756669063811167,12.918896009264552,18.087785252292473,3293.892626146237,3353.5162203756736,3353.8989509726134,-0.0008460957156159114,0.17115239289039777,0.16624752544288157,23.05497551105552,22.924171526932742,0.0,0.0,0.0,0.0,False,none,0.0,0.0,nominal,0.5194687099090153,0.0,44,thermal_anomaly,2.7747202348521127,0.5194687099090153,gradual,0.4486344094202435,1.1812496316014158,1058333940,thermal_anomaly
9780.0,163.0,2.716666666666667,0,0.0,358.134732861516,358.134732861516,90.40592635857907,90.23359830210306,29.616237054343163,29.677926900425827,12.092513042908543,12.084613716898819,24.426620266657224,24.392367042551136,25.583677830179937,25.742388356036972,12.698309735433059,17.9067366430758,3203.3683215379,3278.4422709567866,3273.1626829910792,-0.0012630726049777928,0.18157681512444482,0.18376337371058493,23.04916841737709,23.091981956329303,0.0,0.0,0.0,0.0,False,none,0.0,0.0,nominal,0.5194687099090153,0.0,44,thermal_anomaly,2.7747202348521127,0.5194687099090153,gradual,0.4486344094202435,1.1812496316014158,1058333940,thermal_anomaly
9840.0,164.0,2.7333333333333334,0,0.0,354.1582338163553,354.1582338163553,89.87890517730473,90.12515891766799,29.595156207092188,29.59307405060666,11.96676345744324,11.957114381182375,24.43558145909632,24.49066267692966,25.578424230920135,25.627182824143798,12.456274211711914,17.707911690817763,3103.955845408883,3191.1990581828345,3186.7216403865964,-0.001597386625808086,0.18993466564520214,0.18512023296729757,23.043345287491828,22.979135956936908,0.0,0.0,0.0,0.0,False,none,0.0,0.0,nominal,0.5194687099090153,0.0,44,thermal_anomaly,2.7747202348521127,0.5194687099090153,gradual,0.4486344094202435,1.1812496316014158,1058333940,thermal_anomaly
9900.0,165.0,2.75,0,0.0,349.99999999999994,349.99999999999994,89.3580718439714,89.39197282896416,29.574322873758856,29.549760233703488,11.834590482223792,11.826979093987061,24.44364997884359,24.316441411838735,25.572796837072772,25.487022056162928,12.204602550555357,17.499999999999996,2999.999999999999,3095.599529091417,3087.204327565558,-0.0018344266511800132,0.19586066627950033,0.18966911159210992,23.037490427230424,23.13046004633859,0.0,0.0,0.0,0.0,False,none,0.0,0.0,nominal,0.5194687099090153,0.0,44,thermal_anomaly,2.7747202348521127,0.5194687099090153,gradual,0.4486344094202435,1.1812496316014158,1058333940,thermal_anomaly
9960.0,166.0,2.7666666666666666,0,0.0,345.8417661836449,345.8417661836449,88.84342635857907,88.42281808558798,29.553737054343163,29.52260287640973,11.702133153168209,11.658978914257533,24.45083872439306,24.446653103752823,25.566798638994555,25.522901543363126,11.955193626758282,17.292088309182244,2896.044154591122,2995.82184184127,2987.850698761053,-0.0019638328945403845,0.1990958223635096,0.20479359963913124,23.031591490939356,23.204992223867556,0.0,0.0,0.0,0.0,False,none,0.0,0.0,nominal,0.5194687099090153,0.0,44,thermal_anomaly,2.7747202348521127,0.5194687099090153,gradual,0.4486344094202435,1.1812496316014158,1058333940,thermal_anomaly
10020.0,167.0,2.783333333333333,0,0.0,341.86526713848406,341.86526713848406,88.33469828248013,88.60210695676179,29.533387931299206,29.470440510053237,11.575551979804473,11.578625585497639,24.457892950706256,24.660024907690506,25.561204740326662,25.872380003531916,11.8690674311047,17.348970269643907,2796.6316784621013,2896.226760151685,2892.865161006446,-0.0019799496820944516,0.1994987420523613,0.20179855629527785,23.02563999259177,23.1452087789903,0.0,0.0,0.009973009342151945,0.0,True,thermal_anomaly,0.019198479430837544,0.009973009342151945,thermal_anomaly,0.5194687099090153,0.009973009342151945,44,thermal_anomaly,2.7747202348521127,0.5194687099090153,gradual,0.4486344094202435,1.1812496316014158,1058333940,thermal_anomaly
10080.0,168.0,2.8,0,0.0,338.2442949541506,338.2442949541506,87.83135855784599,87.80558339964377,29.51325434231384,29.512633856824287,11.46075898750352,11.377134038528654,24.46554401490644,24.392793681461583,25.55673575909955,25.433635806166095,11.946987038926155,17.654774816922963,2706.107373853764,2801.1670670027247,2801.3837469679147,-0.0018820726328891081,0.1970518158222277,0.18847196168914274,23.019631661990697,22.98257655714966,0.0,0.0,0.029271154223649364,0.0,True,thermal_anomaly,0.05634825286931371,0.029271154223649364,thermal_anomaly,0.5194687099090153,0.029271154223649364,44,thermal_anomaly,2.7747202348521127,0.5194687099090153,gradual,0.4486344094202435,1.1812496316014158,1058333940,thermal_anomaly
10140.0,169.0,2.816666666666667,0,0.0,335.1371034904521,335.1371034904521,87.33264263003281,87.17148447623542,29.493305705201312,29.500632077785774,11.363158366861153,11.334731306355778,24.47390056143567,24.195684050132577,25.553416079644478,25.768961093526045,12.05824893220654,17.97765824107214,2628.427587261303,2714.797327132014,2726.6895780593472,-0.0016744794436408194,0.19186198609102048,0.1943019682646251,23.013566630424112,23.126947053891975,0.0,0.0,0.0485692991051473,0.0,True,thermal_anomaly,0.09349802630779087,0.0485692991051473,thermal_anomaly,0.5194687099090153,0.0485692991051473,44,thermal_anomaly,2.7747202348521127,0.5194687099090153,gradual,0.4486344094202435,1.1812496316014158,1058333940,thermal_anomaly
10200.0,170.0,2.8333333333333335,0,0.0,332.6794919243112,332.6794919243112,86.8375838622883,86.76643268082701,29.473503354491534,29.51053902703992,11.287409166227041,11.276486046655425,24.483096090485677,24.355120963541502,25.551289635894392,25.585853937458367,12.21046011466577,18.327332604991458,2566.9872981077806,2640.8923126198974,2633.8844530938695,-0.0013662429328623966,0.18415607332155992,0.19214996328049166,23.00744943523522,22.9190912251034,0.0,0.0,0.06786744398664472,0.0,True,thermal_anomaly,0.13064779974626706,0.06786744398664472,thermal_anomaly,0.5194687099090153,0.06786744398664472,44,thermal_anomaly,2.7747202348521127,0.5194687099090153,gradual,0.4486344094202435,1.1812496316014158,1058333940,thermal_anomaly
10260.0,171.0,2.85,0,0.0,330.978869674097,330.978869674097,86.34505578241614,86.39357862957243,29.453802231296645,29.43886918232704,11.237220480906526,11.222135864968541,24.493283067434277,24.48103348779555,25.550418134437503,25.498282913998356,12.40949376394254,18.712691089558955,2524.471741852424,2582.682027236161,2580.1491628814033,-0.0009708345151577046,0.1742708628789426,0.1626759183958077,23.001288838754395,22.859561233497885,0.0,0.0,0.08716558886814214,0.0,True,thermal_anomaly,0.16779757318474323,0.08716558886814214,thermal_anomaly,0.5194687099090153,0.08716558886814214,44,thermal_anomaly,2.7747202348521127,0.5194687099090153,gradual,0.4486344094202435,1.1812496316014158,1058333940,thermal_anomaly
10320.0,172.0,2.8666666666666667,0,0.0,330.1095620926345,330.1095620926345,85.85382131501638,85.27747537420069,29.434152852600654,29.482910204323282,11.215188143709993,11.210710041593872,24.504626748610086,24.646384221700956,25.550878344633922,25.581515476263156,12.659391614149648,19.141330344144755,2502.739052315864,2542.710539776012,2535.3741862177503,-0.0005055354357605887,0.16263838589401472,0.16557674781737403,22.995097463973945,23.229778062309403,0.0,0.0,0.10646373374963956,0.0,True,thermal_anomaly,0.2049473466232194,0.10646373374963956,thermal_anomaly,0.5194687099090153,0.10646373374963956,44,thermal_anomaly,2.7747202348521127,0.5194687099090153,gradual,0.4486344094202435,1.1812496316014158,1058333940,thermal_anomaly
10380.0,173.0,2.8833333333333333,0,0.0,330.1095620926345,330.1095620926345,85.36258684761663,85.55641696768193,29.414503473904666,29.43311147425642,11.222680076360769,11.222470134910603,24.517298874799522,24.672599360585387,25.552758552045464,25.592591059090566,12.96231202717465,19.619118005847103,2502.7390523158633,2522.724796045938,2522.6504009322753,9.318502806628603e-06,0.15023296257016572,0.15033567008100945,22.988892515131948,23.0002878573476,0.0,0.0,0.12576187863113697,0.0,True,thermal_anomaly,0.24209712006169556,0.12576187863113697,thermal_anomaly,0.5194687099090153,0.12576187863113697,44,thermal_anomaly,2.7747202348521127,0.5194687099090153,gradual,0.4486344094202435,1.1812496316014158,1058333940,thermal_anomaly
10440.0,174.0,2.9,0,0.0,330.9788696740969,330.9788696740969,84.87005876774447,85.15177309241051,29.394802350709778,29.35946320532825,11.259775307388825,11.269072788697102,24.53147131560201,24.434368805643643,25.55615431670602,25.6413863869776,13.318503550520164,20.149828679988072,2524.471741852423,2523.5982689491807,2525.2474468476844,0.0005512257128852536,0.16378064282213134,0.17007527964981442,22.982764459760027,22.877077660180927,0.0,0.0,0.1450600235126344,0.0,True,thermal_anomaly,0.27924689350017173,0.1450600235126344,thermal_anomaly,0.5194687099090153,0.1450600235126344,44,thermal_anomaly,2.7747202348521127,0.5194687099090153,gradual,0.4486344094202435,1.1812496316014158,1058333940,thermal_anomaly
10500.0,175.0,2.9166666666666665,0,0.0,332.6794919243112,332.6794919243112,84.37499999999994,84.34795074641744,29.374999999999996,29.412774277976094,11.325259299551021,11.29236980081122,24.547309708626898,24.63267974195373,25.561163717418587,25.598887721869684,13.726292382077329,20.734868992838322,2566.9872981077806,2545.292783528481,2549.17251235716,0.0010965022490355544,0.17741255622588886,0.17407877832209948,22.976733593165047,22.85196394564407,0.0,0.0,0.16435816839413184,0.0,True,thermal_anomaly,0.31639666693864793,0.16435816839413184,thermal_anomaly,0.5194687099090153,0.16435816839413184,44,thermal_anomaly,2.7747202348521127,0.5194687099090153,gradual,0.4486344094202435,1.1812496316014158,1058333940,thermal_anomaly
10560.0,176.0,2.933333333333333,0,0.0,335.13710349045203,335.13710349045203,83.87628407218678,83.73037868165518,29.355051362887473,29.331770867484046,11.416675765526124,11.393059932959828,24.56496713660049,24.48383070590851,25.567882295170904,25.69583296596872,14.182083541946561,21.373108539692307,2628.4275872613007,2586.860185394891,2586.274349037751,0.0016213169101006175,0.19053292275251543,0.19159159156145092,22.970817893030137,22.84844240059863,0.0,0.0,0.18365631327562923,0.0,True,thermal_anomaly,0.35354644037712407,0.18365631327562923,thermal_anomaly,0.5194687099090153,0.18365631327562923,44,thermal_anomaly,2.7747202348521127,0.5194687099090153,gradual,0.4486344094202435,1.1812496316014158,1058333940,thermal_anomaly
10620.0,177.0,2.95,0,0.0,338.2442949541506,338.2442949541506,83.37294434755262,83.1356272159892,29.334917773902106,29.290152943888156,11.530432693255086,11.561508753735895,24.584577923117262,24.66498451441351,25.576397931111085,25.733360806372556,14.680387119851769,22.060828818244463,2706.1073738537643,2646.4837796243282,2653.681457101453,0.002102732777051843,0.20256831942629605,0.19720668724662593,22.965032199749515,23.05126834555084,0.0,0.0,0.20295445815712718,0.0,True,thermal_anomaly,0.39069621381560127,0.20295445815712718,thermal_anomaly,0.5194687099090153,0.20295445815712718,44,thermal_anomaly,2.7747202348521127,0.5194687099090153,gradual,0.4486344094202435,1.1812496316014158,1058333940,thermal_anomaly
10680.0,178.0,2.966666666666667,0,0.0,341.86526713848394,341.86526713848394,82.86421627145369,82.76351148361975,29.31456865085815,29.266292187020525,11.66195795715644,11.613953761736378,24.606251695764712,24.80524321918156,25.586785905942946,25.61288382886451,15.213890117138122,22.79179677017591,2796.631678462098,2721.557729043213,2731.8653893187484,0.002519709666413667,0.21299274166034166,0.2133310420426406,22.959387524789026,23.029785978939312,0.0,0.0,0.2222526030386246,0.0,True,thermal_anomaly,0.4278459872540774,0.2222526030386246,thermal_anomaly,0.5194687099090153,0.2222526030386246,44,thermal_anomaly,2.7747202348521127,0.5194687099090153,gradual,0.4486344094202435,1.1812496316014158,1058333940,thermal_anomaly
10740.0,179.0,2.9833333333333334,0,0.0,345.8417661836448,345.8417661836448,82.34957078606136,82.63404098834346,29.293982831442456,29.33057498822013,11.80589775632825,11.843494517941076,24.630067948252737,24.696160630330468,25.599104387218752,25.66787018254612,15.773598965431944,23.55746360545789,2896.044154591119,2808.800941817166,2809.6776668864854,0.0028540236872440245,0.2213505921811006,0.2300284746406552,22.953890522352282,23.051487697744086,0.0,0.0,0.24155074792012202,0.0,True,thermal_anomaly,0.4649957606925536,0.24155074792012202,thermal_anomaly,0.5194687099090153,0.24155074792012202,44,thermal_anomaly,2.7747202348521127,0.5194687099090153,gradual,0.4486344094202435,1.1812496316014158,1058333940,thermal_anomaly
10800.0,180.0,3.0,1,600.0,349.99999999999994,-250.00000000000006,82.72159459558517,82.53191185829272,29.308863783823405,29.317441065199784,-8.529842775344429,-8.546360536027255,24.652535291066787,24.51885771788972,25.626886429143884,25.544584177087582,10.733390813791935,24.34728343604251,2999.999999999999,2904.400470908583,2908.304368245656,0.003091063712615916,0.22727659281539792,0.22722700734074927,22.94854315321092,22.793671812793512,0.0,0.0,0.26084889280161944,0.0,True,thermal_anomaly,0.5021455341310298,0.26084889280161944,thermal_anomaly,0.5194687099090153,0.26084889280161944,44,thermal_anomaly,2.7747202348521127,0.5194687099090153,gradual,0.4486344094202435,1.1812496316014158,1058333940,thermal_anomaly
10860.0,181.0,3.0166666666666666,1,601.2556165273943,354.15823381635516,-247.09738271103913,83.08929903414327,83.17186856331202,29.32357196136573,29.276101385192657,-8.42657855723013,-8.433965066259177,24.675571184507767,24.719495990896274,25.656374360361,25.642272232069175,10.8827836597404,25.149140196423,3103.9558454088797,3004.1781581587315,2994.723006952612,0.0032204699559763308,0.23051174889940826,0.2515990734397354,22.94334256087759,22.933118370678145,0.0,0.0,0.28014703768311683,0.0,True,thermal_anomaly,0.5392953075695059,0.28014703768311683,thermal_anomaly,0.5194687099090153,0.28014703768311683,44,thermal_anomaly,2.7747202348521127,0.5194687099090153,gradual,0.4486344094202435,1.1812496316014158,1058333940,thermal_anomaly
10920.0,182.0,3.033333333333333,1,602.5051158172811,358.134732861516,-244.37038295576508,83.45294543735125,83.38810815565792,29.33811781749405,29.281662580419756,-8.329449914815232,-8.389564126404686,24.699208885611043,24.583936521922187,25.687559870097516,25.60156990728474,11.042056609142453,25.94986567790925,3203.3683215379006,3103.773239848316,3097.157570375475,0.0032365867435303767,0.2309146685882594,0.23242810717117446,22.938281169789555,22.899333273924682,0.0,0.0,0.2994451825646143,0.0,True,thermal_anomaly,0.5764450810079821,0.2994451825646143,thermal_anomaly,0.5194687099090153,0.2994451825646143,44,thermal_anomaly,2.7747202348521127,0.5194687099090153,gradual,0.4486344094202435,1.1812496316014158,1058333940,thermal_anomaly
10980.0,183.0,3.05,1,603.7424104347197,361.75570504584937,-241.9867053888703,83.81304470132278,83.7450013158216,29.35252178805291,29.415216365937898,-8.24415384600324,-8.321511478455797,24.723505695397453,24.757925361108022,25.72040790872292,25.73082770557723,11.218435722617276,26.73582653846208,3293.8926261462348,3198.8329329972753,3204.7874887878434,0.0031387096943249967,0.2284677423581249,0.22389990453061598,22.933347003501645,22.9563611595827,0.0,0.0,0.3187433274461117,0.0,True,thermal_anomaly,0.6135948544464583,0.3187433274461117,thermal_anomaly,0.5194687099090153,0.3187433274461117,44,thermal_anomaly,2.7747202348521127,0.5194687099090153,gradual,0.4486344094202435,1.1812496316014158,1058333940,thermal_anomaly
11040.0,184.0,3.066666666666667,1,604.961472404706,364.8628965095479,-240.0985758951581,84.1703342487858,84.23589325584902,29.366813369951434,29.331165392826826,-8.175847098917126,-8.115439935631082,24.748539630068006,24.67085093374465,25.754857184582768,25.702076390168227,11.418180147703872,27.493554130512685,3371.5724127386984,3285.202672867987,3283.911377243029,0.0029311165050767652,0.22327791262691912,0.23636504955228943,22.928524208909362,22.977659836296112,0.0,0.0,0.33804147232760967,0.0,True,thermal_anomaly,0.6507446278849355,0.33804147232760967,thermal_anomaly,0.5194687099090153,0.33804147232760967,44,thermal_anomaly,2.7747202348521127,0.5194687099090153,gradual,0.4486344094202435,1.1812496316014158,1058333940,thermal_anomaly
11100.0,185.0,3.0833333333333335,1,606.1563625798619,367.32050807568874,-238.8358545041732,84.52574474655987,84.36968548227398,29.381029789862396,29.387331084806593,-8.128913663420365,-8.086646192755904,24.77440561999813,24.654758824240986,25.79082193259396,25.806780383845386,11.64643324592399,28.21038813494604,3433.0127018922185,3359.1076873801026,3362.055088389917,0.0026228799942982924,0.21557199985745729,0.21561037099349462,22.923793761168582,23.011132492185563,0.0,0.0,0.35733961720910706,0.0,True,thermal_anomaly,0.6878944013234116,0.35733961720910706,thermal_anomaly,0.5194687099090153,0.35733961720910706,44,thermal_anomaly,2.7747202348521127,0.5194687099090153,gradual,0.4486344094202435,1.1812496316014158,1058333940,thermal_anomaly
11160.0,186.0,3.1,1,607.3212595753644,369.0211303259031,-238.3001292494613,84.88035803413348,84.8062324524716,29.395214321365337,29.354108512542574,-8.106766177794373,-8.172515268225592,24.80121145513824,24.878276834860827,25.82819491354834,25.881644308670747,11.90713906027353,28.875103468052163,3475.5282581475767,3417.3179727638394,3416.130462079874,0.002227471576593636,0.2056867894148409,0.21431216256726848,22.919134314149726,22.955715123627975,0.0,0.0,0.37663776209060446,0.0,True,thermal_anomaly,0.7250441747618878,0.37663776209060446,thermal_anomaly,0.5194687099090153,0.37663776209060446,44,thermal_anomaly,2.7747202348521127,0.5194687099090153,gradual,0.4486344094202435,1.1812496316014158,1058333940,thermal_anomaly
11220.0,187.0,3.1166666666666667,1,608.450488130146,369.8904379073654,-238.5600502227806,85.23535810886976,85.32218702478285,29.409414324354792,29.39160688195742,-8.111689936824824,-8.146875760141539,24.829073612770863,24.9784839136678,25.86685154291671,25.860964010758295,12.20299969507634,29.478489846355323,3497.260947684136,3457.2894602239876,3460.5250967581255,0.001762172497196506,0.19405431242991264,0.1970107543341677,22.914523153725256,22.864836187128578,0.0,0.0,0.3959359069721019,0.0,True,thermal_anomaly,0.762193948200364,0.3959359069721019,thermal_anomaly,0.5194687099090153,0.3959359069721019,44,thermal_anomaly,2.7747202348521127,0.5194687099090153,gradual,0.4486344094202435,1.1812496316014158,1058333940,thermal_anomaly
11280.0,188.0,3.1333333333333333,1,609.5385467561977,369.8904379073655,-239.64810884883218,85.59197731846623,85.71475861300311,29.42367909273865,29.448296915163994,-8.1447363565073,-8.119441200331151,24.858113021488656,24.951613132018885,25.906654990914383,25.926570929518437,12.535449203164934,30.01385479093159,3497.2609476841367,3477.2752039540624,3494.810485045533,0.0012473185586292885,0.18118296396573222,0.1853812064581214,22.90993720647289,23.011151687319717,0.0,0.0,0.4152340518535993,0.0,True,thermal_anomaly,0.7993437216388402,0.4152340518535993,thermal_anomaly,0.5194687099090153,0.4152340518535993,44,thermal_anomaly,2.7747202348521127,0.5194687099090153,gradual,0.4486344094202435,1.1812496316014158,1058333940,thermal_anomaly
11340.0,189.0,3.15,1,610.5801345412646,369.02113032590313,-241.55900421536143,85.95144012235815,86.32420399158336,29.438057604894325,29.38395451927272,-8.205670613783981,-8.212689385830178,24.888450752922736,24.892511091553743,25.947462044508246,26.028444326591345,12.90462536877989,30.477423696458892,3475.5282581475776,3476.40173105082,3483.1430372526224,0.0007054113485506708,0.16763528371376676,0.167247169146955,22.905354054727848,22.95845265702646,0.0,0.0,0.43453219673509674,0.0,True,thermal_anomaly,0.8364934950773163,0.43453219673509674,thermal_anomaly,0.5194687099090153,0.43453219673509674,44,thermal_anomaly,2.7747202348521127,0.5194687099090153,gradual,0.4486344094202435,1.1812496316014158,1058333940,thermal_anomaly
11400.0,190.0,3.1666666666666665,1,611.5701769743577,367.3205080756888,-244.24966889866886,86.3149068915526,86.70787681564921,29.452596275662103,29.46290618626318,-8.29297582503796,-8.241858625764126,24.92020360469293,24.676253499784444,25.98912947952054,25.993537688417074,13.309330967022035,30.868614778492255,3433.0127018922203,3454.7072164715205,3450.0371780617083,0.00016013481240036295,0.15400337031000907,0.1609679083622805,22.900752910273887,22.75250830466176,0.0,0.0,0.4538303416165942,0.0,True,thermal_anomaly,0.8736432685157925,0.4538303416165942,thermal_anomaly,0.5194687099090153,0.4538303416165942,44,thermal_anomaly,2.7747202348521127,0.5194687099090153,gradual,0.4486344094202435,1.1812496316014158,1058333940,thermal_anomaly
11460.0,191.0,3.183333333333333,1,612.503850668262,364.86289650954785,-247.64095415871412,86.68342021619354,87.02237985762132,29.46733680864774,29.41807759268709,-8.403913654186736,-8.444270694429916,24.953479551420532,24.863168420858095,26.031520659275298,25.953133341209412,13.746988474033476,31.19017207584281,3371.5724127386957,3413.1398146051083,3415.3452652339633,-0.00036467984866476403,0.1591169962166191,0.15325866665317925,22.89616473476289,22.675002158478314,0.0,0.0,0.4731284864980916,0.0,True,thermal_anomaly,0.9107930419542687,0.4731284864980916,thermal_anomaly,0.5194687099090153,0.4731284864980916,44,thermal_anomaly,2.7747202348521127,0.5194687099090153,gradual,0.4486344094202435,1.1812496316014158,1058333940,thermal_anomaly
11520.0,192.0,3.2,1,613.376606858593,361.7557050458495,-251.62090181274357,87.05785608198632,86.99384885338601,29.482314243279454,29.514326254061995,-8.534638757881803,-8.575991379571708,24.988373093825874,24.95346915181927,26.074512057133486,26.171369368496794,14.2136041688969,31.44814599364818,3293.892626146237,3353.516220375672,3361.0302338072675,-0.0008460957156158976,0.17115239289039744,0.16448142229734594,22.89158993230498,22.83336310679094,0.0,0.0,0.49242663137958953,0.0,True,thermal_anomaly,0.9479428153927458,0.49242663137958953,thermal_anomaly,0.5194687099090153,0.49242663137958953,44,thermal_anomaly,2.7747202348521127,0.5194687099090153,gradual,0.4486344094202435,1.1812496316014158,1058333940,thermal_anomaly
11580.0,193.0,3.216666666666667,1,614.184193564921,358.134732861516,-256.049460703405,87.4388820651759,87.25108859334115,29.497555282607035,29.534492730027605,-8.680362092731874,-8.732488169011972,25.024960618749052,24.876642225459705,26.117999395006162,26.295443348750563,14.703766528791224,31.651717846442057,3203.3683215379,3278.4422709567857,3274.963406189052,-0.001263072604977778,0.18157681512444446,0.18381313594161355,22.887008230467178,22.766876971109834,0.0,0.0,0.5117247762610869,0.0,True,thermal_anomaly,0.985092588831222,0.5117247762610869,thermal_anomaly,0.5194687099090153,0.5117247762610869,44,thermal_anomaly,2.7747202348521127,0.5194687099090153,gradual,0.4486344094202435,1.1812496316014158,1058333940,thermal_anomaly
11640.0,194.0,3.2333333333333334,1,614.9226763059908,354.15823381635533,-260.7644424896354,87.82692439030929,88.05956158012965,29.51307697561237,29.50130543563021,-8.835555936953428,-8.893075570306888,25.062592444127215,25.03266868877636,26.161088641246625,26.224999188285913,15.037394545837866,31.50597075263558,3103.955845408883,3191.1990581828345,3196.3545837413667,-0.001597386625808079,0.18993466564520198,0.18892442888072397,22.88240130198374,22.691254521348522,0.0,0.0,0.5194687099090153,0.0,True,thermal_anomaly,1.0,0.5194687099090153,thermal_anomaly,0.5194687099090153,0.5194687099090153,44,thermal_anomaly,2.7747202348521127,0.5194687099090153,gradual,0.4486344094202435,1.1812496316014158,1058333940,thermal_anomaly
11700.0,195.0,3.25,1,615.5884572681198,349.99999999999994,-265.58845726811984,88.22214530886305,88.21083057698745,29.52888581235452,29.527661447367308,-8.99419161819512,-8.978438727432868,25.100823102460527,25.115175973023565,26.203200780154862,26.213128441275725,15.263669277820139,31.136053635111647,2999.999999999999,3095.599529091417,3095.426914500819,-0.0018344266511800132,0.19586066627950033,0.19654420261642613,22.877753521613645,22.973475187049008,0.0,0.0,0.5194687099090153,0.0,True,thermal_anomaly,1.0,0.5194687099090153,thermal_anomaly,0.5194687099090153,0.5194687099090153,44,thermal_anomaly,2.7747202348521127,0.5194687099090153,gradual,0.4486344094202435,1.1812496316014158,1058333940,thermal_anomaly
11760.0,196.0,3.2666666666666666,1,616.178292833385,345.8417661836449,-270.33652664974005,88.62443180685374,88.25356135610033,29.54497727227415,29.5709606337429,-9.149999479046192,-9.118234045569311,25.139649740208384,25.071591964449766,26.244341192221444,26.128216350685157,15.489829885958876,30.766136517587743,2896.044154591122,2995.82184184127,2996.4163818351626,-0.0019638328945403845,0.1990958223635096,0.1919419944558824,22.8730526121147,22.825004538082414,0.0,0.0,0.5194687099090153,0.0,True,thermal_anomaly,1.0,0.5194687099090153,thermal_anomaly,0.5194687099090153,0.5194687099090153,44,thermal_anomaly,2.7747202348521127,0.5194687099090153,gradual,0.4486344094202435,1.1812496316014158,1058333940,thermal_anomaly
11820.0,197.0,3.283333333333333,1,616.6893093822022,341.86526713848406,-274.8240422437181,89.0333961554307,88.72956395139792,29.561335846217226,29.56083632171085,-9.296739622099507,-9.300007703493439,25.17903786123662,25.375527314099436,26.284547562615188,26.3038875186792,15.70638005672442,30.412386553158893,2796.6316784621013,2896.226760151685,2892.363925985085,-0.0019799496820944516,0.1994987420523613,0.21603269762350508,22.868290155358302,22.776845469149155,0.0,0.0,0.5194687099090153,0.0,True,thermal_anomaly,1.0,0.5194687099090153,thermal_anomaly,0.5194687099090153,0.5194687099090153,44,thermal_anomaly,2.7747202348521127,0.5194687099090153,gradual,0.4486344094202435,1.1812496316014158,1058333940,thermal_anomaly
11880.0,198.0,3.3,1,617.1190172933127,338.24429495415046,-278.87472233916225,89.44838830176873,89.3921997399976,29.57793553207075,29.556915857493546,-9.428471504942733,-9.402810940211777,25.218921101384023,25.335355419217397,26.323888290131485,26.499760196424962,15.903716642196596,30.090264312751298,2706.107373853761,2801.1670670027233,2795.7862184977794,-0.0018820726328891437,0.19705181582222858,0.19307296064710025,22.863461948536482,22.895327887172286,0.0,0.0,0.5194687099090153,0.0,True,thermal_anomaly,1.0,0.5194687099090153,thermal_anomaly,0.5194687099090153,0.5194687099090153,44,thermal_anomaly,2.7747202348521127,0.5194687099090153,gradual,0.4486344094202435,1.1812496316014158,1058333940,thermal_anomaly
11940.0,199.0,3.316666666666667,1,617.465323072968,335.13710349045215,-282.3282195825158,89.86851958090938,89.85156839630712,29.594740783236375,29.59387841703409,-9.539810524119801,-9.558804725192038,25.259202803211405,25.375897974418496,26.362459553499576,26.153037159791957,16.072669435523782,29.813848083984805,2628.427587261303,2714.7973271320134,2723.508612219806,-0.001674479443640806,0.19186198609102015,0.18933073505948048,22.858568189820804,22.952421963956887,0.0,0.0,0.5194687099090153,0.0,True,thermal_anomaly,1.0,0.5194687099090153,thermal_anomaly,0.5194687099090153,0.5194687099090153,44,thermal_anomaly,2.7747202348521127,0.5194687099090153,gradual,0.4486344094202435,1.1812496316014158,1058333940,thermal_anomaly
12000.0,200.0,3.3333333333333335,1,617.7265395542198,332.6794919243112,-285.0470476299086,90.29269673512056,90.50071021585892,29.61170786940482,29.599485748629558,-9.626160331144652,-9.638500060768674,25.299759472565018,25.39672317256158,26.40038116326687,26.303696686115448,16.205067666307464,29.595218582448705,2566.9872981077806,2640.892312619897,2637.9020476030446,-0.0013662429328623895,0.18415607332155973,0.18323228724048463,22.85361348293644,22.798832996342814,0.0,0.0,0.5194687099090153,0.0,True,thermal_anomaly,1.0,0.5194687099090153,thermal_anomaly,0.5194687099090153,0.5194687099090153,44,thermal_anomaly,2.7747202348521127,0.5194687099090153,gradual,0.4486344094202435,1.1812496316014158,1058333940,thermal_anomaly
12060.0,201.0,3.35,1,617.9013941166289,330.978869674097,-286.92252444253194,90.71966477744576,90.69951798067424,29.62878659109783,29.65245186732485,-9.68391073189409,-9.646452783792443,25.340446023575026,25.326757067404788,26.43779138055463,26.45353013278777,16.294280813698713,29.443930966460893,2524.471741852424,2582.6820272361606,2577.8076716944065,-0.0009708345151576976,0.17427086287894245,0.1727969414329576,22.848606656097854,22.781112279170753,0.0,0.0,0.5194687099090153,0.0,True,thermal_anomaly,1.0,0.5194687099090153,thermal_anomaly,0.5194687099090153,0.5194687099090153,44,thermal_anomaly,2.7747202348521127,0.5194687099090153,gradual,0.4486344094202435,1.1812496316014158,1058333940,thermal_anomaly
12120.0,202.0,3.3666666666666667,1,617.9890348863438,330.1095620926345,-287.8794727937093,91.14805685005544,91.57993941834003,29.645922274002217,29.640008974730296,-9.710592577724025,-9.629714507151249,25.38110253765617,25.350459277308207,26.474840929131858,26.330892475268513,16.335679305479143,29.366597230798536,2502.7390523158633,2542.710539776012,2537.6575959070883,-0.0005055354357605888,0.16263838589401472,0.16373252951048842,22.84356039768733,22.818575591312346,0.0,0.0,0.5194687099090153,0.0,True,thermal_anomaly,1.0,0.5194687099090153,thermal_anomaly,0.5194687099090153,0.5194687099090153,44,thermal_anomaly,2.7747202348521127,0.5194687099090153,gradual,0.4486344094202435,1.1812496316014158,1058333940,thermal_anomaly
12180.0,203.0,3.3833333333333333,1,617.9890348863438,330.1095620926345,-287.8794727937093,91.57644892266512,91.60313425542782,29.663057956906606,29.657810010443225,-9.704982986310108,-9.647764467588804,25.421562100300136,25.53885798138887,26.511686462510237,26.76470164000771,16.326966229800725,29.366597230798536,2502.7390523158633,2522.724796045938,2530.2372443093286,9.318502806628603e-06,0.15023296257016572,0.1480189708281105,22.838491976842484,22.934833791262758,0.0,0.0,0.5194687099090153,0.0,True,thermal_anomaly,1.0,0.5194687099090153,thermal_anomaly,0.5194687099090153,0.5194687099090153,44,thermal_anomaly,2.7747202348521127,0.5194687099090153,gradual,0.4486344094202435,1.1812496316014158,1058333940,thermal_anomaly
12240.0,204.0,3.4,1,617.9013941166289,330.9788696740969,-286.922524442532,92.00341696499031,92.44595902544737,29.680136678599613,29.70654528501984,-9.667156440334484,-9.654707287486916,25.461659160185377,25.409125100204488,26.548483771581026,26.58926121345557,16.26834373998727,29.44393096646089,2524.471741852423,2523.5982689491807,2513.1279892703697,0.0005512257128852536,0.16378064282213134,0.16762223475171478,22.833491925507733,22.738934134667407,0.0,0.0,0.5194687099090153,0.0,True,thermal_anomaly,1.0,0.5194687099090153,thermal_anomaly,0.5194687099090153,0.5194687099090153,44,thermal_anomaly,2.7747202348521127,0.5194687099090153,gradual,0.4486344094202435,1.1812496316014158,1058333940,thermal_anomaly
12300.0,205.0,3.4166666666666665,1,617.7265395542198,332.67949192431115,-285.04704762990866,92.4275941192015,92.49172123358495,29.69710376476806,29.744530724113744,-9.598479699831259,-9.596904387869946,25.501237795757646,25.384349193459304,26.585381029654446,26.39503426955339,16.162495652481052,29.5952185824487,2566.9872981077788,2545.29278352848,2543.732931526068,0.0010965022490355331,0.1774125562258883,0.18260334056120156,22.828580602919644,22.90251647499403,0.0,0.0,0.5194687099090153,0.0,True,thermal_anomaly,1.0,0.5194687099090153,thermal_anomaly,0.5194687099090153,0.5194687099090153,44,thermal_anomaly,2.7747202348521127,0.5194687099090153,gradual,0.4486344094202435,1.1812496316014158,1058333940,thermal_anomaly
12360.0,206.0,3.433333333333333,1,617.465323072968,335.13710349045215,-282.3282195825158,92.84772539834213,92.89900092975724,29.713909015933687,29.713494656817797,-9.501550921190514,-9.473073211648062,25.540159283651725,25.30595671307773,26.622512370127396,26.63633038005029,16.014388241273334,29.813848083984805,2628.427587261303,2586.8601853948917,2595.797796358153,0.00162131691010066,0.1905329227525165,0.19367735583989784,22.823776050211574,22.792621994514015,0.0,0.0,0.5194687099090153,0.0,True,thermal_anomaly,1.0,0.5194687099090153,thermal_anomaly,0.5194687099090153,0.5194687099090153,44,thermal_anomaly,2.7747202348521127,0.5194687099090153,gradual,0.4486344094202435,1.1812496316014158,1058333940,thermal_anomaly
12420.0,207.0,3.45,1,617.1190172933127,338.24429495415046,-278.87472233916225,93.26271754468019,93.59553825912884,29.73050870178721,29.735127639116847,-9.380085794576333,-9.372752413277771,25.57830843976232,25.73826843772538,26.65999207746785,26.69621998055117,15.830911409724248,30.090264312751298,2706.107373853761,2646.4837796243264,2649.013948628205,0.0021027327770517935,0.20256831942629483,0.19779277088879463,22.81909317075209,23.018184956053286,0.0,0.0,0.5194687099090153,0.0,True,thermal_anomaly,1.0,0.5194687099090153,thermal_anomaly,0.5194687099090153,0.5194687099090153,44,thermal_anomaly,2.7747202348521127,0.5194687099090153,gradual,0.4486344094202435,1.1812496316014158,1058333940,thermal_anomaly
12480.0,208.0,3.466666666666667,1,616.6893093822022,341.86526713848394,-274.8240422437182,93.67168189325714,93.80052931480944,29.746867275730285,29.72945730331068,-9.238755788847056,-9.26491061563085,25.615598336260682,25.562968919817447,26.697909645399452,26.496821141087068,15.62039933071163,30.412386553158882,2796.631678462098,2721.5577290432116,2730.9083657394144,0.0025197096664136883,0.2129927416603422,0.20964304925805732,22.814543038509083,22.636810933072557,0.0,0.0,0.5194687099090153,0.0,True,thermal_anomaly,1.0,0.5194687099090153,thermal_anomaly,0.5194687099090153,0.5194687099090153,44,thermal_anomaly,2.7747202348521127,0.5194687099090153,gradual,0.4486344094202435,1.1812496316014158,1058333940,thermal_anomaly
12540.0,209.0,3.4833333333333334,1,616.178292833385,345.8417661836449,-270.33652664974005,94.07396839124782,94.34006058871593,29.762958735649914,29.8069259415151,-9.082985634957469,-9.077829097809623,25.651973167282357,25.559967548415436,26.73632591826892,26.787340258445678,15.39208089222273,30.766136517587743,2896.0441545911226,2808.8009418171673,2804.8717089732113,0.0028540236872440883,0.2213505921811022,0.23563346982863784,22.810132369719437,22.746860302413534,0.0,0.0,0.5194687099090153,0.0,True,thermal_anomaly,1.0,0.5194687099090153,thermal_anomaly,0.5194687099090153,0.5194687099090153,44,thermal_anomaly,2.7747202348521127,0.5194687099090153,gradual,0.4486344094202435,1.1812496316014158,1058333940,thermal_anomaly
12600.0,210.0,3.5,1,615.5884572681198,349.99999999999994,-265.58845726811984,94.46918930980158,93.99632558064728,29.778767572392063,29.81083015146646,-8.918718903409127,-8.950659893494247,25.687409218451645,25.78065051486674,26.775270484238675,26.62240493394997,15.155514398877415,31.136053635111647,2999.999999999999,2904.4004709085834,2911.87963730104,0.0030910637126159027,0.22727659281539755,0.230606029733334,22.80586318672282,22.93772802027008,0.0,0.0,0.5194687099090153,0.0,True,thermal_anomaly,1.0,0.5194687099090153,thermal_anomaly,0.5194687099090153,0.5194687099090153,44,thermal_anomaly,2.7747202348521127,0.5194687099090153,gradual,0.4486344094202435,1.1812496316014158,1058333940,thermal_anomaly
12660.0,211.0,3.5166666666666666,1,614.9226763059908,354.15823381635516,-260.7644424896356,94.85723163493495,94.70609256803091,29.7942892653974,29.733641226911903,-8.752161871251051,-8.71929561926363,25.721914065969823,25.578516297321084,26.814740434236242,26.84266102037055,14.920057642281686,31.505970752635562,3103.955845408879,3004.1781581587315,2987.824421427396,0.003220469955976316,0.2305117488994079,0.233877537355207,22.80173269413815,22.759575662419667,0.0,0.0,0.5194687099090153,0.0,True,thermal_anomaly,1.0,0.5194687099090153,thermal_anomaly,0.5194687099090153,0.5194687099090153,44,thermal_anomaly,2.7747202348521127,0.5194687099090153,gradual,0.4486344094202435,1.1812496316014158,1058333940,thermal_anomaly
12720.0,212.0,3.533333333333333,1,614.184193564921,358.1347328615159,-256.0494607034051,95.23825761812455,94.93090026184178,29.80953030472498,29.815261235631144,-8.589516778223768,-8.552576758999491,25.755524267765363,25.66323056342256,26.854700540901913,26.663307068783798,14.69441452730624,31.859720717064405,3203.3683215378974,3103.773239848314,3109.894042057924,0.003236586743530341,0.23091466858825851,0.2291044974498752,22.797733377050662,22.669068226236416,0.0,0.0,0.5194687099090153,0.0,True,thermal_anomaly,1.0,0.5194687099090153,thermal_anomaly,0.5194687099090153,0.5194687099090153,44,thermal_anomaly,2.7747202348521127,0.5194687099090153,gradual,0.4486344094202435,1.1812496316014158,1058333940,thermal_anomaly
12780.0,213.0,3.55,1,613.376606858593,361.7557050458495,-251.62090181274357,95.61269348391733,95.67460212261673,29.824507739356694,29.856316422506616,-8.436716005900822,-8.44946626896024,25.788301896625082,25.936410038585137,26.89508484971535,26.862265386915297,14.486284805773078,32.181842957472,3293.8926261462375,3198.8329329972757,3200.995312169509,0.003138709694325054,0.22846774235812634,0.2337611881449101,22.793853319208296,22.78058539604882,0.0,0.0,0.5194687099090153,0.0,True,thermal_anomaly,1.0,0.5194687099090153,thermal_anomaly,0.5194687099090153,0.5194687099090153,44,thermal_anomaly,2.7747202348521127,0.5194687099090153,gradual,0.4486344094202435,1.1812496316014158,1058333940,thermal_anomaly
12840.0,214.0,3.566666666666667,1,612.503850668262,364.86289650954785,-247.64095415871412,95.98120680855826,95.8836733921848,29.83924827234233,29.81524196418292,-8.299168661974965,-8.266480162213496,25.820330296345105,25.96195470687739,26.93579961276285,26.809627052339383,14.302126687027817,32.45825918623849,3371.5724127386957,3285.202672867986,3291.147589004217,0.0029311165050767154,0.22327791262691787,0.22527352535121048,22.790076727248213,22.822277636524774,0.0,0.0,0.5194687099090153,0.0,True,thermal_anomaly,1.0,0.5194687099090153,thermal_anomaly,0.5194687099090153,0.5194687099090153,44,thermal_anomaly,2.7747202348521127,0.5194687099090153,gradual,0.4486344094202435,1.1812496316014158,1058333940,thermal_anomaly
12900.0,215.0,3.5833333333333335,1,611.5701769743577,367.32050807568874,-244.24966889866892,96.3446735777527,96.13608241056558,29.85378694311011,29.8186725591863,-8.181530516182598,-8.156106718788308,25.851709419200766,25.969776476322917,26.976727436927128,27.012771706362997,14.147025975613396,32.67688868777459,3433.0127018922185,3359.1076873801026,3357.5321976819487,0.0026228799942983067,0.21557199985745767,0.2170103183647239,22.78638463561989,22.72076246889673,0.0,0.0,0.5194687099090153,0.0,True,thermal_anomaly,1.0,0.5194687099090153,thermal_anomaly,0.5194687099090153,0.5194687099090153,44,thermal_anomaly,2.7747202348521127,0.5194687099090153,gradual,0.4486344094202435,1.1812496316014158,1058333940,thermal_anomaly
12960.0,216.0,3.6,1,610.5801345412646,369.021130325903,-241.55900421536154,96.70413638164462,96.73581202133543,29.868165455265785,29.87552955286095,-8.087507234990706,-8.065461280149401,25.882551037470524,25.821404898501438,27.017732465205356,27.15975176223386,14.024652510717392,32.82817630376241,3475.5282581475753,3417.317972763839,3403.6209650846813,0.002227471576593615,0.20568678941484037,0.21233591719882408,22.782755757042647,22.674817592243663,0.0,0.0,0.5194687099090153,0.0,True,thermal_anomaly,1.0,0.5194687099090153,thermal_anomaly,0.5194687099090153,0.5194687099090153,44,thermal_anomaly,2.7747202348521127,0.5194687099090153,gradual,0.4486344094202435,1.1812496316014158,1058333940,thermal_anomaly
13020.0,217.0,3.6166666666666667,1,609.5385467561977,369.8904379073655,-239.64810884883218,97.0607555912411,97.28256520462381,29.882430223649642,29.85425783817867,-8.019699437268967,-8.058449677474998,25.91297403076118,25.76614479675442,27.05866636470855,27.077062297622327,13.937276973765805,32.90551003942476,3497.2609476841367,3457.2894602239876,3449.5696267656194,0.0017621724971965198,0.194054312429913,0.19034453137821558,22.779167435796477,22.813829167290532,0.0,0.0,0.5194687099090153,0.0,True,thermal_anomaly,1.0,0.5194687099090153,thermal_anomaly,0.5194687099090153,0.5194687099090153,44,thermal_anomaly,2.7747202348521127,0.5194687099090153,gradual,0.4486344094202435,1.1812496316014158,1058333940,thermal_anomaly
13080.0,218.0,3.6333333333333333,1,608.4504881301461,369.8904379073655,-238.56005022278066,97.41575566597737,97.66759146795867,29.896630226639097,29.93243811752582,-7.979496298222068,-7.986053808819795,25.94309985497629,26.058232419946666,27.09937485963956,27.010999441837008,13.885819542502404,32.90551003942476,3497.2609476841367,3477.2752039540624,3476.179792468219,0.0012473185586292885,0.18118296396573222,0.18602668397783,22.77559665642858,22.75899509562569,0.0,0.0,0.5194687099090153,0.0,True,thermal_anomaly,1.0,0.5194687099090153,thermal_anomaly,0.5194687099090153,0.5194687099090153,44,thermal_anomaly,2.7747202348521127,0.5194687099090153,gradual,0.4486344094202435,1.1812496316014158,1058333940,thermal_anomaly
13140.0,219.0,3.65,1,607.3212595753644,369.02113032590313,-238.30012924946124,97.77036895355099,98.1204177966093,29.91081475814204,29.948788475118025,-7.967022335444521,-8.055227853293207,25.973048217827753,25.989109732842376,27.13970452372865,27.167002931410924,13.869906240112979,32.82817630376242,3475.5282581475776,3476.40173105082,3488.1055409326855,0.0007054113485506708,0.16763528371376676,0.1684613400460366,22.77202105880887,22.832595448170668,0.0,0.0,0.5194687099090153,0.0,True,thermal_anomaly,1.0,0.5194687099090153,thermal_anomaly,0.5194687099090153,0.5194687099090153,44,thermal_anomaly,2.7747202348521127,0.5194687099090153,gradual,0.4486344094202435,1.1812496316014158,1058333940,thermal_anomaly
13200.0,220.0,3.6666666666666665,1,606.156362579862,367.32050807568874,-238.8358545041733,98.12577945132504,97.96967534161587,29.925031178053,29.950645449564362,-7.98113970485469,-7.943581427382094,26.00293293551545,26.155294148312457,27.179509535266213,27.23650229798601,13.887917927707871,32.67688868777459,3433.0127018922185,3454.7072164715196,3449.411012429986,0.0001601348124003416,0.15400337031000855,0.16100271812165065,22.768419911824303,22.75427431176287,0.0,0.0,0.5194687099090153,0.0,True,thermal_anomaly,1.0,0.5194687099090153,thermal_anomaly,0.5194687099090153,0.5194687099090153,44,thermal_anomaly,2.7747202348521127,0.5194687099090153,gradual,0.4486344094202435,1.1812496316014158,1058333940,thermal_anomaly
13260.0,221.0,3.683333333333333,1,604.961472404706,364.8628965095479,-240.0985758951581,98.4830689987881,98.36154073502719,29.939322759951523,29.927088797338627,-8.019505912683071,-8.018393326904738,26.032857934355068,26.055217593983336,27.21865809950676,27.097658623686613,13.937028655319928,32.4582591862385,3371.572412738698,3413.1398146051088,3411.1481742445285,-0.0003646798486647144,0.15911699621661785,0.16635012383628853,22.76482423380168,22.920737053761037,0.0,0.0,0.5194687099090153,0.0,True,thermal_anomaly,1.0,0.5194687099090153,thermal_anomaly,0.5194687099090153,0.5194687099090153,44,thermal_anomaly,2.7747202348521127,0.5194687099090153,gradual,0.4486344094202435,1.1812496316014158,1058333940,thermal_anomaly
13320.0,222.0,3.7,1,603.7424104347197,361.7557050458495,-241.98670538887018,98.84316826275963,98.74798468147283,29.953726730510386,29.910610033489906,-8.07868441766835,-8.097356515682266,26.06291339005339,26.31130331842686,27.257038257755823,27.290940138287414,14.013242002257423,32.181842957472,3293.8926261462375,3353.5162203756736,3354.3501604574167,-0.0008460957156158975,0.17115239289039744,0.16360500816744347,22.761234485100978,22.762443769949844,0.0,0.0,0.5194687099090153,0.0,True,thermal_anomaly,1.0,0.5194687099090153,thermal_anomaly,0.5194687099090153,0.5194687099090153,44,thermal_anomaly,2.7747202348521127,0.5194687099090153,gradual,0.4486344094202435,1.1812496316014158,1058333940,thermal_anomaly
13380.0,223.0,3.716666666666667,1,602.5051158172813,358.13473286151617,-244.37038295576514,99.20681466596761,99.19304999798231,29.968272586638705,30.01988285263569,-8.154303263536024,-8.156223466926829,26.093172057956775,26.224186113954932,27.29456282925628,27.262321592274933,14.111443585732369,31.85972071706443,3203.3683215379037,3278.442270956789,3271.037949092978,-0.0012630726049777355,0.18157681512444337,0.18386079948666223,22.757630449117205,22.844803813145823,0.0,0.0,0.5194687099090153,0.0,True,thermal_anomaly,1.0,0.5194687099090153,thermal_anomaly,0.5194687099090153,0.5194687099090153,44,thermal_anomaly,2.7747202348521127,0.5194687099090153,gradual,0.4486344094202435,1.1812496316014158,1058333940,thermal_anomaly
13440.0,224.0,3.7333333333333334,1,601.2556165273943,354.15823381635516,-247.09738271103913,99.5745191045257,99.56720387187617,29.98298076418103,29.992542254501668,-8.24125475230376,-8.279709170259297,26.123685925052627,26.153983725450345,27.33117326989146,27.12613493964025,14.225493040024775,31.505970752635562,3103.955845408879,3191.1990581828345,3190.8752078125967,-0.0015973866258081563,0.1899346656452039,0.19005700488257563,22.753993853993894,22.877476430160204,0.0,0.0,0.5194687099090153,0.0,True,thermal_anomaly,1.0,0.5194687099090153,thermal_anomaly,0.5194687099090153,0.5194687099090153,44,thermal_anomaly,2.7747202348521127,0.5194687099090153,gradual,0.4486344094202435,1.1812496316014158,1058333940,thermal_anomaly
13500.0,225.0,3.75,1,600.0,349.99999999999994,-250.00000000000006,99.94654291404952,100.00968907713501,29.99786171656198,29.95334103726179,-8.333927343293729,-8.315088797204481,26.15448338989518,26.281750802324517,27.366842279062666,27.325303404891013,14.348378245699138,31.136053635111647,2999.999999999999,3095.599529091417,3103.020696294655,-0.0018344266511800132,0.19586066627950033,0.19460638254736332,22.75030912948372,22.755833855751685,0.0,0.0,0.5194687099090153,0.0,True,thermal_anomaly,1.0,0.5194687099090153,thermal_anomaly,0.5194687099090153,0.5194687099090153,44,thermal_anomaly,2.7747202348521127,0.5194687099090153,gradual,0.4486344094202435,1.1812496316014158,1058333940,thermal_anomaly
13560.0,226.0,3.7666666666666666,1,598.7443834726058,345.8417661836449,-252.90261728896093,100.0,99.90014544536234,30.0,30.017967211849456,-8.430087242965364,-8.469882834763922,26.18558353748779,26.23764114565107,27.40157504080951,27.299537775116665,14.477340322555818,30.766136517587743,2896.0441545911226,2995.82184184127,2995.778617794241,-0.0019638328945403775,0.19909582236350942,0.20493588542742272,22.746564052925752,22.805257059162404,0.0,0.0,0.5194687099090153,0.0,True,thermal_anomaly,1.0,0.5194687099090153,thermal_anomaly,0.5194687099090153,0.5194687099090153,44,thermal_anomaly,2.7747202348521127,0.5194687099090153,gradual,0.4486344094202435,1.1812496316014158,1058333940,thermal_anomaly
13620.0,227.0,3.783333333333333,1,597.4948841827188,341.86526713848394,-255.62961704423486,100.0,100.0,30.0,30.012848878092086,-8.520987234807828,-8.551038979592697,26.216966138196085,26.313446938479725,27.435409044931617,27.463289833400413,14.600608525095867,30.412386553158882,2796.631678462098,2896.226760151684,2890.374688805951,-0.001979949682094487,0.19949874205236218,0.2007374755514081,22.74275026036327,22.72044200297008,0.0,0.0,0.5194687099090153,0.0,True,thermal_anomaly,1.0,0.5194687099090153,thermal_anomaly,0.5194687099090153,0.5194687099090153,44,thermal_anomaly,2.7747202348521127,0.5194687099090153,gradual,0.4486344094202435,1.1812496316014158,1058333940,thermal_anomaly
13680.0,228.0,3.8,1,596.2575895652803,338.2442949541506,-258.01329461112977,100.0,99.91186519247428,30.0,29.98653355877625,-8.600443153704326,-8.57175617657618,26.24858190456739,25.99944714026383,27.468412495931,27.521758208473738,14.7094404438432,30.09026431275131,2706.1073738537643,2801.1670670027247,2794.322742451615,-0.001882072632889087,0.19705181582222717,0.20253569008501127,22.738863602753913,22.675738505581972,0.0,0.0,0.5194687099090153,0.0,True,thermal_anomaly,1.0,0.5194687099090153,thermal_anomaly,0.5194687099090153,0.5194687099090153,44,thermal_anomaly,2.7747202348521127,0.5194687099090153,gradual,0.4486344094202435,1.1812496316014158,1058333940,thermal_anomaly
13740.0,229.0,3.816666666666667,1,595.038527595294,335.13710349045215,-259.90142410484185,100.0,100.0,30.0,29.960994093542254,-8.663380803494729,-8.670907495771262,26.28035684578707,26.40162563983326,27.500681379313395,27.72359562248969,14.796364004344106,29.813848083984805,2628.427587261303,2714.797327132014,2718.5023888920823,-0.0016744794436408194,0.19186198609102048,0.19514680492345024,22.734904331631604,22.846323884173465,0.0,0.0,0.5194687099090153,0.0,True,thermal_anomaly,1.0,0.5194687099090153,thermal_anomaly,0.5194687099090153,0.5194687099090153,44,thermal_anomaly,2.7747202348521127,0.5194687099090153,gradual,0.4486344094202435,1.1812496316014158,1058333940,thermal_anomaly
13800.0,230.0,3.8333333333333335,1,593.843637420138,332.67949192431126,-261.1641454958267,100.0,100.0,30.0,29.950747334984648,-8.705471516527556,-8.71472594910132,26.312195510576224,26.25999142368449,27.53233531346672,27.42126227792011,14.854849394641036,29.595218582448712,2566.9872981077824,2640.8923126198983,2635.2799757654316,-0.001366242932862375,0.18415607332155937,0.18036902964518609,22.730877103683657,22.74399104065882,0.0,0.0,0.5194687099090153,0.0,True,thermal_anomaly,1.0,0.5194687099090153,thermal_anomaly,0.5194687099090153,0.5194687099090153,44,thermal_anomaly,2.7747202348521127,0.5194687099090153,gradual,0.4486344094202435,1.1812496316014158,1058333940,thermal_anomaly
13860.0,231.0,3.85,1,592.6787404246356,330.9788696740969,-261.6998707505387,100.0,100.0,30.0,29.97900606801629,-8.723329025017957,-8.702453909978198,26.343985680448725,26.100979949335034,27.563512368410866,27.702586737835766,14.87974819093289,29.44393096646089,2524.471741852423,2582.682027236161,2579.2357176143732,-0.0009708345151577327,0.1742708628789433,0.1847545249595886,22.726790799689468,22.719862909482444,0.0,0.0,0.5194687099090153,0.0,True,thermal_anomaly,1.0,0.5194687099090153,thermal_anomaly,0.5194687099090153,0.5194687099090153,44,thermal_anomaly,2.7747202348521127,0.5194687099090153,gradual,0.4486344094202435,1.1812496316014158,1058333940,thermal_anomaly
13920.0,232.0,3.8666666666666667,1,591.549511869854,330.1095620926345,-261.43994977721945,100.0,99.66253023724416,30.0,30.054370077427198,-8.714664992573981,-8.729535327480475,26.37560427080446,26.380616761602436,27.594363077865783,27.66737306223422,14.867661523258786,29.366597230798536,2502.739052315864,2542.710539776012,2551.2242652901095,-0.0005055354357605887,0.16263838589401472,0.16155868682963678,22.722658160202005,22.633843737638855,0.0,0.0,0.5194687099090153,0.0,True,thermal_anomaly,1.0,0.5194687099090153,thermal_anomaly,0.5194687099090153,0.5194687099090153,44,thermal_anomaly,2.7747202348521127,0.5194687099090153,gradual,0.4486344094202435,1.1812496316014158,1058333940,thermal_anomaly
13980.0,233.0,3.8833333333333333,1,590.4614532438022,330.1095620926345,-260.3518911511677,100.0,100.0,30.0,30.027123975453986,-8.67839637170559,-8.645317280641077,26.40692405985119,26.269232920297906,27.625043906340615,27.604749555157845,14.817195735389848,29.366597230798536,2502.7390523158633,2522.724796045938,2522.7063157257876,9.318502806628603e-06,0.15023296257016572,0.14800580146673387,22.718496506138298,22.780463437067468,0.0,0.0,0.5194687099090153,0.0,True,thermal_anomaly,1.0,0.5194687099090153,thermal_anomaly,0.5194687099090153,0.5194687099090153,44,thermal_anomaly,2.7747202348521127,0.5194687099090153,gradual,0.4486344094202435,1.1812496316014158,1058333940,thermal_anomaly
14040.0,234.0,3.9,1,589.4198654587356,330.97886967409687,-258.4409957846387,100.0,100.0,30.0,30.03361396914267,-8.614699859487956,-8.668916173255203,26.437820764927686,26.483646492049164,27.65571045676483,27.573947856912493,14.729074942160175,29.443930966460883,2524.471741852422,2523.59826894918,2532.9693575864635,0.0005512257128852394,0.16378064282213098,0.16005473320575925,22.71439642083383,22.857573456465605,0.0,0.0,0.5194687099090153,0.0,True,thermal_anomaly,1.0,0.5194687099090153,thermal_anomaly,0.5194687099090153,0.5194687099090153,44,thermal_anomaly,2.7747202348521127,0.5194687099090153,gradual,0.4486344094202435,1.1812496316014158,1058333940,thermal_anomaly
14100.0,235.0,3.9166666666666665,1,588.4298230256423,332.6794919243112,-255.75033110133114,100.0,100.0,30.0,29.984279669491105,-8.525011036711039,-8.56928394322031,26.46817993851308,26.547742419682898,27.68651071552188,27.638450556131918,14.606095702718832,29.595218582448705,2566.9872981077806,2545.29278352848,2542.325073971132,0.0010965022490355685,0.1774125562258892,0.18985204948566023,22.710378314530796,22.837909833318587,0.0,0.0,0.5194687099090153,0.0,True,thermal_anomaly,1.0,0.5194687099090153,thermal_anomaly,0.5194687099090153,0.5194687099090153,44,thermal_anomaly,2.7747202348521127,0.5194687099090153,gradual,0.4486344094202435,1.1812496316014158,1058333940,thermal_anomaly
14160.0,236.0,3.933333333333333,0,0.0,335.13710349045215,335.13710349045215,99.50128407218682,99.25270507037901,29.980051362887473,29.923375538903926,11.178670090783129,11.155063465235296,26.49996715391664,26.6468527338345,27.706565529726344,27.75749909272553,18.78904384852077,29.813848083984805,2628.427587261303,2586.8601853948917,2577.9499390196415,0.00162131691010066,0.1905329227525165,0.19261775454873922,22.706460278985645,22.755347778195162,0.0,0.0,0.5194687099090153,0.0,True,thermal_anomaly,1.0,0.5194687099090153,thermal_anomaly,0.5194687099090153,0.5194687099090153,44,thermal_anomaly,2.7747202348521127,0.5194687099090153,gradual,0.4486344094202435,1.1812496316014158,1058333940,thermal_anomaly
14220.0,237.0,3.95,0,0.0,338.24429495415046,338.24429495415046,98.99794434755268,99.0438364796019,29.959917773902106,29.95660462456338,11.289893967893093,11.332993026836911,26.532289501779427,26.433891990671945,27.727062743547325,27.72974079984223,18.988967113136738,30.090264312751298,2706.107373853761,2646.4837796243264,2643.834969355936,0.0021027327770517935,0.20256831942629483,0.20512571236751953,22.702657267810356,22.665184043325674,0.0,0.0,0.5194687099090153,0.0,True,thermal_anomaly,1.0,0.5194687099090153,thermal_anomaly,0.5194687099090153,0.5194687099090153,44,thermal_anomaly,2.7747202348521127,0.5194687099090153,gradual,0.4486344094202435,1.1812496316014158,1058333940,thermal_anomaly
14280.0,238.0,3.966666666666667,0,0.0,341.86526713848406,341.86526713848406,98.48921627145373,98.44922363687066,29.93956865085815,29.930342486600903,11.418510103641232,11.432421286590634,26.565257205750598,26.489450995560617,27.74809133291241,27.58937706732687,19.222620487591783,30.412386553158893,2796.6316784621013,2721.5577290432134,2711.101511334126,0.002519709666413724,0.2129927416603431,0.20590343444856624,22.69898040483941,22.631331871176087,0.0,0.0,0.5194687099090153,0.0,True,thermal_anomaly,1.0,0.5194687099090153,thermal_anomaly,0.5194687099090153,0.5194687099090153,44,thermal_anomaly,2.7747202348521127,0.5194687099090153,gradual,0.4486344094202435,1.1812496316014158,1058333940,thermal_anomaly
14340.0,239.0,3.9833333333333334,0,0.0,345.8417661836448,345.8417661836448,97.9745707860614,98.41128156190122,29.918982831442456,29.93778302647995,11.559275531927268,11.509752264252104,26.59895128340723,26.556198141125748,27.769711627223536,27.536831906037943,19.48137871447622,30.766136517587732,2896.044154591119,2808.800941817166,2812.378065729964,0.0028540236872440176,0.22135059218110043,0.21669958381537308,22.695436455802287,22.63763334649144,0.0,0.0,0.5194687099090153,0.0,True,thermal_anomaly,1.0,0.5194687099090153,thermal_anomaly,0.5194687099090153,0.5194687099090153,44,thermal_anomaly,2.7747202348521127,0.5194687099090153,gradual,0.4486344094202435,1.1812496316014158,1058333940,thermal_anomaly
14400.0,240.0,4.0,0,0.0,349.99999999999994,349.99999999999994,97.45373745272806,97.47266203884793,29.898149498109124,29.909724667656953,11.706410124885332,11.749844683780376,26.63341905738358,26.571875037539453,27.791952702533912,27.95653692835584,19.755233689596658,31.136053635111647,2999.999999999999,2904.400470908583,2903.920718193278,0.003091063712615916,0.22727659281539792,0.22471276873974075,22.69202749216005,22.69626958062558,0.0,0.0,0.5194687099090153,0.0,True,thermal_anomaly,1.0,0.5194687099090153,thermal_anomaly,0.5194687099090153,0.5194687099090153,44,thermal_anomaly,2.7747202348521127,0.5194687099090153,gradual,0.4486344094202435,1.1812496316014158,1058333940,thermal_anomaly
14460.0,241.0,4.016666666666667,0,0.0,354.15823381635505,354.15823381635505,96.92671627145373,97.10639792042981,29.87706865085815,29.904938022894825,11.853848111909155,11.872073899078487,26.668670796343882,26.55589845821175,27.814811140481805,27.747850553154,20.033127853452207,31.505970752635555,3103.955845408876,3004.1781581587297,3010.4077140532763,0.0032204699559762805,0.230511748899407,0.23222412213314308,22.6887507672846,22.64614515205436,0.0,0.0,0.5194687099090153,0.0,True,thermal_anomaly,1.0,0.5194687099090153,thermal_anomaly,0.5194687099090153,0.5194687099090153,44,thermal_anomaly,2.7747202348521127,0.5194687099090153,gradual,0.4486344094202435,1.1812496316014158,1058333940,thermal_anomaly
14520.0,242.0,4.033333333333333,0,0.0,358.134732861516,358.134732861516,96.39377768088599,96.2284864785261,29.85575110723544,29.867261870538712,11.9955023598359,12.036673093379846,26.704677845182946,26.718227236589573,27.838251207222676,27.883950027013928,20.30339679782152,31.859720717064416,3203.3683215379,3103.773239848315,3102.5407849879616,0.00323658674353039,0.23091466858825976,0.225660165328342,22.68559881464851,22.602197531254163,0.0,0.0,0.5194687099090153,0.0,True,thermal_anomaly,1.0,0.5194687099090153,thermal_anomaly,0.5194687099090153,0.5194687099090153,44,thermal_anomaly,2.7747202348521127,0.5194687099090153,gradual,0.4486344094202435,1.1812496316014158,1058333940,thermal_anomaly
14580.0,243.0,4.05,0,0.0,361.7557050458495,361.7557050458495,95.85545073885348,95.17120016023205,29.83421802955414,29.856658861428848,12.125529976602365,12.160888699904477,26.741372561482034,26.875619570136344,27.862206444540337,27.804505508523132,20.554308825713836,32.181842957472,3293.892626146237,3198.8329329972757,3201.637110152418,0.0031387096943250397,0.228467742358126,0.22572598464193624,22.68255976602416,22.553623955758624,0.0,0.0,0.5194687099090153,0.0,True,thermal_anomaly,1.0,0.5194687099090153,thermal_anomaly,0.5194687099090153,0.5194687099090153,44,thermal_anomaly,2.7747202348521127,0.5194687099090153,gradual,0.4486344094202435,1.1812496316014158,1058333940,thermal_anomaly
14640.0,244.0,4.066666666666666,0,0.0,364.86289650954785,364.86289650954785,95.31249999999997,95.55320290555011,29.8125,29.800654222757846,12.238587723590703,12.226492089334057,26.778650279076178,26.80473059872162,27.88658260359887,27.882530522196298,20.774673006077236,32.45825918623849,3371.5724127386957,3285.202672867986,3284.8501270985653,0.0029311165050767154,0.22327791262691787,0.2357136244229251,22.67961787571296,22.58586558139677,0.0,0.0,0.5194687099090153,0.0,True,thermal_anomaly,1.0,0.5194687099090153,thermal_anomaly,0.5194687099090153,0.5194687099090153,44,thermal_anomaly,2.7747202348521127,0.5194687099090153,gradual,0.4486344094202435,1.1812496316014158,1058333940,thermal_anomaly
14700.0,245.0,4.083333333333333,0,0.0,367.32050807568874,367.32050807568874,94.76589210107781,94.78574858465896,29.790635684043114,29.750637162441688,12.33006613123191,12.321261212335793,26.81637337664175,26.81792176564813,27.911261793117124,27.91972342257472,20.95447311267941,32.67688868777459,3433.0127018922185,3359.1076873801026,3356.7628682384084,0.0026228799942983067,0.21557199985745767,0.2080175195660105,22.676754225471154,22.701754754911228,0.0,0.0,0.5194687099090153,0.0,True,thermal_anomaly,1.0,0.5194687099090153,thermal_anomaly,0.5194687099090153,0.5194687099090153,44,thermal_anomaly,2.7747202348521127,0.5194687099090153,gradual,0.4486344094202435,1.1812496316014158,1058333940,thermal_anomaly
14760.0,246.0,4.1,0,0.0,369.0211303259031,369.0211303259031,94.21675351428333,94.61016195828415,29.768670140571334,29.764595603615934,12.396292094451642,12.380608380333332,26.854377354947147,27.037760090588264,27.93610766067156,27.986944884740826,21.08547526391237,32.82817630376241,3475.5282581475767,3417.3179727638394,3419.8162168281765,0.002227471576593636,0.2056867894148409,0.20803494368983377,22.67394757497003,22.720591854770362,0.0,0.0,0.5194687099090153,0.0,True,thermal_anomaly,1.0,0.5194687099090153,thermal_anomaly,0.5194687099090153,0.5194687099090153,44,thermal_anomaly,2.7747202348521127,0.5194687099090153,gradual,0.4486344094202435,1.1812496316014158,1058333940,thermal_anomaly
14820.0,247.0,4.116666666666666,0,0.0,369.8904379073655,369.8904379073655,93.6663213150164,93.45468380304128,29.746652852600654,29.70158146202204,12.434691047097997,12.429140934547474,26.892478642474224,26.902976162500728,27.960971380680558,28.126954949290372,21.16175396357756,32.90551003942476,3497.2609476841367,3457.2894602239876,3452.519798491616,0.0017621724971965131,0.19405431242991283,0.18761795343162507,22.671175315089407,22.648470930234865,0.0,0.0,0.5194687099090153,0.0,True,thermal_anomaly,1.0,0.5194687099090153,thermal_anomaly,0.5194687099090153,0.5194687099090153,44,thermal_anomaly,2.7747202348521127,0.5194687099090153,gradual,0.4486344094202435,1.1812496316014158,1058333940,thermal_anomaly
14880.0,248.0,4.133333333333334,0,0.0,369.8904379073655,369.8904379073655,93.11588911574948,92.83296925365856,29.724635564629978,29.72449567136214,12.443901527509611,12.450438218833034,26.93048368002273,26.952553117690094,27.985698187367355,28.036234638061945,21.180085466743712,32.90551003942476,3497.260947684137,3477.2752039540624,3477.7275086364925,0.001247318558629296,0.18118296396573239,0.17685882121269608,22.66841447662681,22.51530238748523,0.0,0.0,0.5194687099090153,0.0,True,thermal_anomaly,1.0,0.5194687099090153,thermal_anomaly,0.5194687099090153,0.5194687099090153,44,thermal_anomaly,2.7747202348521127,0.5194687099090153,gradual,0.4486344094202435,1.1812496316014158,1058333940,thermal_anomaly
14940.0,249.0,4.15,0,0.0,369.0211303259031,369.0211303259031,92.56675052895498,92.83368650462288,29.702670021158198,29.722872892333626,12.42383698378082,12.451508684325384,26.968198704132302,27.13733437344276,28.01013416718071,27.891314891521816,21.140168680600038,32.82817630376241,3475.5282581475767,3476.4017310508193,3464.8313020098244,0.0007054113485506565,0.1676352837137664,0.17101390186129228,22.665642745355616,22.712011853737025,0.0,0.0,0.5194687099090153,0.0,True,thermal_anomaly,1.0,0.5194687099090153,thermal_anomaly,0.5194687099090153,0.5194687099090153,44,thermal_anomaly,2.7747202348521127,0.5194687099090153,gradual,0.4486344094202435,1.1812496316014158,1058333940,thermal_anomaly
15000.0,250.0,4.166666666666667,0,0.0,367.32050807568874,367.32050807568874,92.02014263003282,91.95090194990847,29.680805705201312,29.67338914310665,12.375691944619916,12.348457358753757,27.005439575342542,26.955333656703345,28.034133013812745,28.33194596755909,21.044650737285654,32.67688868777459,3433.0127018922185,3454.7072164715196,3452.8452779590116,0.00016013481240034853,0.1540033703100087,0.15286351965540715,22.662839435721946,22.77950762452984,0.0,0.0,0.5194687099090153,0.0,True,thermal_anomaly,1.0,0.5194687099090153,thermal_anomaly,0.5194687099090153,0.5194687099090153,44,thermal_anomaly,2.7747202348521127,0.5194687099090153,gradual,0.4486344094202435,1.1812496316014158,1058333940,thermal_anomaly
15060.0,251.0,4.183333333333334,0,0.0,364.8628965095479,364.8628965095479,91.47719189117932,91.54612104148951,29.65908767564717,29.695270800604533,12.301892104696591,12.35015791959472,27.042040991207212,27.30981432353248,28.05756245058817,27.880735119385598,20.898954597082934,32.4582591862385,3371.5724127386984,3413.139814605109,3406.8015487291627,-0.00036467984866470743,0.15911699621661768,0.16638363998420413,22.66003561127009,22.618850820887495,0.0,0.0,0.5194687099090153,0.0,True,thermal_anomaly,1.0,0.5194687099090153,thermal_anomaly,0.5194687099090153,0.5194687099090153,44,thermal_anomaly,2.7747202348521127,0.5194687099090153,gradual,0.4486344094202435,1.1812496316014158,1058333940,thermal_anomaly
15120.0,252.0,4.2,0,0.0,361.7557050458495,361.7557050458495,90.9388649491468,90.10294522360553,29.637554597965874,29.66149234405503,12.205990337363327,12.271842617705094,27.077864486624424,27.069565952528183,28.080310039536474,28.101319705346494,20.710926657899783,32.181842957472,3293.8926261462375,3353.5162203756736,3360.6091431040286,-0.0008460957156159045,0.1711523928903976,0.1742571559883965,22.657231777238376,22.712826443429396,0.0,0.0,0.5194687099090153,0.0,True,thermal_anomaly,1.0,0.5194687099090153,thermal_anomaly,0.5194687099090153,0.5194687099090153,44,thermal_anomaly,2.7747202348521127,0.5194687099090153,gradual,0.4486344094202435,1.1812496316014158,1058333940,thermal_anomaly
15180.0,253.0,4.216666666666667,0,0.0,358.134732861516,358.134732861516,90.40592635857907,90.38302645937077,29.616237054343163,29.591593046828066,12.092513042908543,12.09692832516261,27.11280474655551,27.092494973232643,28.102288123263662,28.064990855535875,20.49034038406829,31.859720717064416,3203.3683215379006,3278.442270956787,3281.41973028366,-0.0012630726049777854,0.18157681512444462,0.18526024461777105,22.654407761563572,22.74218813941119,0.0,0.0,0.5194687099090153,0.0,True,thermal_anomaly,1.0,0.5194687099090153,thermal_anomaly,0.5194687099090153,0.5194687099090153,44,thermal_anomaly,2.7747202348521127,0.5194687099090153,gradual,0.4486344094202435,1.1812496316014158,1058333940,thermal_anomaly
15240.0,254.0,4.233333333333333,0,0.0,354.15823381635516,354.15823381635516,89.87890517730473,90.03064856950489,29.595156207092188,29.599989401354428,11.966763457443236,11.99978023387447,27.14679392118624,27.258224476654537,28.123437683640816,28.327027039642072,20.248304860347133,31.505970752635562,3103.9558454088797,3191.199058182833,3189.8329486133935,-0.0015973866258081285,0.1899346656452032,0.19998265527866446,22.651545336596914,22.71933459225615,0.0,0.0,0.5194687099090153,0.0,True,thermal_anomaly,1.0,0.5194687099090153,thermal_anomaly,0.5194687099090153,0.5194687099090153,44,thermal_anomaly,2.7747202348521127,0.5194687099090153,gradual,0.4486344094202435,1.1812496316014158,1058333940,thermal_anomaly
15300.0,255.0,4.25,0,0.0,350.0000000000001,350.0000000000001,89.3580718439714,89.30140517070362,29.574322873758856,29.605413804655694,11.834590482223797,11.827028275124789,27.179803817957705,27.038377913990495,28.14373094866716,28.052189993041186,19.996633199190597,31.13605363511166,3000.0000000000027,3095.599529091418,3088.622646558035,-0.0018344266511799569,0.1958606662794989,0.20174969939580906,22.64862897596722,22.630614093402148,0.0,0.0,0.5194687099090153,0.0,True,thermal_anomaly,1.0,0.5194687099090153,thermal_anomaly,0.5194687099090153,0.5194687099090153,44,thermal_anomaly,2.7747202348521127,0.5194687099090153,gradual,0.4486344094202435,1.1812496316014158,1058333940,thermal_anomaly
15360.0,256.0,4.266666666666667,0,0.0,345.8417661836449,345.8417661836449,88.84342635857907,88.93820471453701,29.553737054343163,29.52242750693918,11.702133153168209,11.639149885326027,27.21184602365978,27.190165647028714,28.163172633576018,28.033577324168427,19.747224275393513,30.766136517587743,2896.0441545911226,2995.8218418412703,2998.952360892938,-0.001963832894540392,0.19909582236350978,0.19685230903700732,22.645646500560623,22.772804134925522,0.0,0.0,0.5194687099090153,0.0,True,thermal_anomaly,1.0,0.5194687099090153,thermal_anomaly,0.5194687099090153,0.5194687099090153,44,thermal_anomaly,2.7747202348521127,0.5194687099090153,gradual,0.4486344094202435,1.1812496316014158,1058333940,thermal_anomaly
15420.0,257.0,4.283333333333333,0,0.0,341.86526713848406,341.86526713848406,88.33469828248013,88.90251706374407,29.533387931299206,29.592184452954285,11.575551979804473,11.595106128399719,27.242970160065422,27.159518315695827,28.18179976194224,28.117280846490942,19.511502939607652,30.412386553158893,2796.6316784621013,2896.2267601516864,2901.1016889733232,-0.001979949682094466,0.19949874205236165,0.1978362108859205,22.64258958964088,22.713430886100937,0.0,0.0,0.5194687099090153,0.0,True,thermal_anomaly,1.0,0.5194687099090153,thermal_anomaly,0.5194687099090153,0.5194687099090153,44,thermal_anomaly,2.7747202348521127,0.5194687099090153,gradual,0.4486344094202435,1.1812496316014158,1058333940,thermal_anomaly
15480.0,258.0,4.3,0,0.0,338.2442949541506,338.2442949541506,87.83135855784599,88.03394823356662,29.51325434231384,29.536904139815217,11.46075898750352,11.513592772047183,27.273260581288575,26.950551779926446,28.19968007461036,28.312059924836557,19.299950374206645,30.09026431275131,2706.1073738537643,2801.1670670027256,2811.021505917922,-0.0018820726328891153,0.19705181582222786,0.20848157835115877,22.63945413706194,22.709177558589467,0.0,0.0,0.5194687099090153,0.0,True,thermal_anomaly,1.0,0.5194687099090153,thermal_anomaly,0.5194687099090153,0.5194687099090153,44,thermal_anomaly,2.7747202348521127,0.5194687099090153,gradual,0.4486344094202435,1.1812496316014158,1058333940,thermal_anomaly
15540.0,259.0,4.316666666666666,0,0.0,335.1371034904522,335.1371034904522,87.33264263003281,87.08596111226068,29.493305705201312,29.528940683767242,11.363158366861157,11.347760716457136,27.302831871451644,27.32358555102628,28.216909095981784,28.21981053801046,19.121740094264567,29.813848083984812,2628.4275872613057,2714.7973271320157,2718.3026348162302,-0.0016744794436408055,0.19186198609102012,0.19309894839490344,22.63624043693232,22.57798450970612,0.0,0.0,0.5194687099090153,0.0,True,thermal_anomaly,1.0,0.5194687099090153,thermal_anomaly,0.5194687099090153,0.5194687099090153,44,thermal_anomaly,2.7747202348521127,0.5194687099090153,gradual,0.4486344094202435,1.1812496316014158,1058333940,thermal_anomaly
15600.0,260.0,4.333333333333333,0,0.0,332.6794919243112,332.6794919243112,86.8375838622883,86.46004081252568,29.473503354491534,29.44820371449376,11.287409166227041,11.356481088500244,27.33182349813368,27.304312880652105,28.233605985879187,28.12901333476317,18.98447910350133,29.595218582448705,2566.9872981077806,2640.8923126198983,2649.3125981349503,-0.0013662429328624172,0.18415607332156042,0.1897984083936074,22.632953188194616,22.581175096816658,0.0,0.0,0.5194687099090153,0.0,True,thermal_anomaly,1.0,0.5194687099090153,thermal_anomaly,0.5194687099090153,0.5194687099090153,44,thermal_anomaly,2.7747202348521127,0.5194687099090153,gradual,0.4486344094202435,1.1812496316014158,1058333940,thermal_anomaly
15660.0,261.0,4.35,0,0.0,330.9788696740969,330.9788696740969,86.34505578241614,86.0213745292237,29.453802231296645,29.47972128911158,11.237220480906524,11.189336066721904,27.36039393018362,27.384340060047183,28.249908358282337,28.22107136937678,18.894040579555636,29.44393096646089,2524.471741852423,2582.682027236161,2585.360822549398,-0.0009708345151577327,0.1742708628789433,0.17154718632429858,22.629601313566596,22.74350160254327,0.0,0.0,0.5194687099090153,0.0,True,thermal_anomaly,1.0,0.5194687099090153,thermal_anomaly,0.5194687099090153,0.5194687099090153,44,thermal_anomaly,2.7747202348521127,0.5194687099090153,gradual,0.4486344094202435,1.1812496316014158,1058333940,thermal_anomaly
15720.0,262.0,4.366666666666666,0,0.0,330.1095620926345,330.1095620926345,85.85382131501638,85.78066689516342,29.434152852600654,29.41170125238574,11.215188143709993,11.219927100677332,27.38871445443493,27.36273034437041,28.265966293382267,28.175059265169676,18.854466256540285,29.366597230798536,2502.739052315864,2542.710539776012,2542.1803295625646,-0.0005055354357605887,0.16263838589401472,0.16038236562317967,22.626197595225054,22.48032775605008,0.0,0.0,0.5194687099090153,0.0,True,thermal_anomaly,1.0,0.5194687099090153,thermal_anomaly,0.5194687099090153,0.5194687099090153,44,thermal_anomaly,2.7747202348521127,0.5194687099090153,gradual,0.4486344094202435,1.1812496316014158,1058333940,thermal_anomaly
15780.0,263.0,4.383333333333334,0,0.0,330.1095620926345,330.1095620926345,85.36258684761663,85.2195921551167,29.414503473904666,29.413757459058644,11.222680076360769,11.235540853096525,27.416962844861047,27.43212542930999,28.281935804656584,28.356670765277364,18.867914496342827,29.366597230798536,2502.7390523158633,2522.724796045938,2526.392048253292,9.318502806628603e-06,0.15023296257016572,0.15312316944186533,22.622759395398674,22.673042285089263,0.0,0.0,0.5194687099090153,0.0,True,thermal_anomaly,1.0,0.5194687099090153,thermal_anomaly,0.5194687099090153,0.5194687099090153,44,thermal_anomaly,2.7747202348521127,0.5194687099090153,gradual,0.4486344094202435,1.1812496316014158,1058333940,thermal_anomaly
15840.0,264.0,4.4,0,0.0,330.9788696740969,330.9788696740969,84.87005876774447,84.78348113017024,29.394802350709778,29.478140925728376,11.259775307388825,11.273605257283961,27.445316969736105,27.269548360646112,28.297972046486844,28.312076165541225,18.93463384646588,29.44393096646089,2524.471741852423,2523.5982689491807,2516.079105056371,0.0005512257128852536,0.16378064282213134,0.16832108922241723,22.61937733842475,22.586185783156356,0.0,0.0,0.5194687099090153,0.0,True,thermal_anomaly,1.0,0.5194687099090153,thermal_anomaly,0.5194687099090153,0.5194687099090153,44,thermal_anomaly,2.7747202348521127,0.5194687099090153,gradual,0.4486344094202435,1.1812496316014158,1058333940,thermal_anomaly
15900.0,265.0,4.416666666666667,0,0.0,332.6794919243112,332.6794919243112,84.37499999999994,84.37266609707727,29.374999999999996,29.39978422803459,11.325259299551021,11.32436588208612,27.47394838341344,27.50325584037084,28.314222559178543,28.33131249692184,19.05295050480058,29.595218582448705,2566.9872981077806,2545.292783528481,2543.323225378699,0.0010965022490355544,0.17741255622588886,0.1783784884719758,22.616071875239786,22.525484746190607,0.0,0.0,0.5194687099090153,0.0,True,thermal_anomaly,1.0,0.5194687099090153,thermal_anomaly,0.5194687099090153,0.5194687099090153,44,thermal_anomaly,2.7747202348521127,0.5194687099090153,gradual,0.4486344094202435,1.1812496316014158,1058333940,thermal_anomaly
15960.0,266.0,4.433333333333334,0,0.0,335.13710349045203,335.13710349045203,83.87628407218678,83.59799256899242,29.355051362887473,29.413542229081944,11.416675765526124,11.346702199699497,27.50301594847556,27.51997634083386,28.330820846609523,28.433374656678247,19.21926949144735,29.813848083984798,2628.4275872613007,2586.860185394891,2582.4849741418457,0.0016213169101006175,0.19053292275251543,0.18602538845125563,22.612861137989317,22.542564605166074,0.0,0.0,0.5194687099090153,0.0,True,thermal_anomaly,1.0,0.5194687099090153,thermal_anomaly,0.5194687099090153,0.5194687099090153,44,thermal_anomaly,2.7747202348521127,0.5194687099090153,gradual,0.4486344094202435,1.1812496316014158,1058333940,thermal_anomaly
16020.0,267.0,4.45,0,0.0,338.2442949541506,338.2442949541506,83.37294434755262,83.50382426857183,29.334917773902106,29.294432917955135,11.530432693255086,11.460614796102698,27.532659571715467,27.543973955633938,28.34788056719519,28.46811772277753,19.42810089613009,30.09026431275131,2706.107373853764,2646.483779624328,2642.3291426330343,0.002102732777051836,0.20256831942629588,0.20301794555039818,22.6097601203715,22.658578128266953,0.0,0.0,0.5194687099090153,0.0,True,thermal_anomaly,1.0,0.5194687099090153,thermal_anomaly,0.5194687099090153,0.5194687099090153,44,thermal_anomaly,2.7747202348521127,0.5194687099090153,gradual,0.4486344094202435,1.1812496316014158,1058333940,thermal_anomaly
16080.0,268.0,4.466666666666667,0,0.0,341.86526713848406,341.86526713848406,82.86421627145369,82.76157883247288,29.31456865085815,29.318574338114697,11.661957957156444,11.683099406007813,27.562994205461145,27.42663711826023,28.365490592053998,28.544687375760113,19.67213172019399,30.412386553158893,2796.6316784621013,2721.557729043214,2733.5966272641576,0.00251970966641371,0.21299274166034274,0.2126274022431222,22.606779986006348,22.70512193286623,0.0,0.0,0.5194687099090153,0.0,True,thermal_anomaly,1.0,0.5194687099090153,thermal_anomaly,0.5194687099090153,0.5194687099090153,44,thermal_anomaly,2.7747202348521127,0.5194687099090153,gradual,0.4486344094202435,1.1812496316014158,1058333940,thermal_anomaly
16140.0,269.0,4.483333333333333,0,0.0,345.8417661836447,345.8417661836447,82.34957078606136,82.01277740504524,29.293982831442456,29.297517246733822,11.805897756328248,11.857527203687898,27.59410434873626,27.674939162413914,28.38371114635589,28.261693925179358,19.94236839526534,30.76613651758773,2896.0441545911185,2808.800941817166,2810.043442244812,0.0028540236872440033,0.2213505921811001,0.21835440164143144,22.603927540110472,22.68503004080506,0.0,0.0,0.5194687099090153,0.0,True,thermal_anomaly,1.0,0.5194687099090153,thermal_anomaly,0.5194687099090153,0.5194687099090153,44,thermal_anomaly,2.7747202348521127,0.5194687099090153,gradual,0.4486344094202435,1.1812496316014158,1058333940,thermal_anomaly
16200.0,270.0,4.5,1,600.0,349.99999999999994,-250.00000000000006,82.72159459558517,82.78764802200618,29.308863783823405,29.311791066365355,-8.529842775344429,-8.566895980266956,27.619710146687403,27.700176313404594,28.413584302880903,28.330022322592207,14.612688070402873,31.136053635111647,2999.999999999999,2904.400470908583,2899.37746805131,0.003091063712615916,0.22727659281539792,0.22130201391069074,22.601204893335925,22.637224163451677,0.0,0.0,0.5194687099090153,0.0,True,thermal_anomaly,1.0,0.5194687099090153,thermal_anomaly,0.5194687099090153,0.5194687099090153,44,thermal_anomaly,2.7747202348521127,0.5194687099090153,gradual,0.4486344094202435,1.1812496316014158,1058333940,thermal_anomaly
16260.0,271.0,4.516666666666667,1,601.2556165273943,354.15823381635516,-247.09738271103913,83.08929903414327,83.49050285418384,29.32357196136573,29.322261460317318,-8.42657855723013,-8.463713620526338,27.644743263838905,27.68581507892982,28.444032795605153,28.377571879873834,14.472608743128879,31.505970752635562,3103.955845408879,3004.1781581587306,3008.720491134425,0.003220469955976323,0.23051174889940806,0.22998833196115953,22.598609337951657,22.534325736367123,0.0,0.0,0.5194687099090153,0.0,True,thermal_anomaly,1.0,0.5194687099090153,thermal_anomaly,0.5194687099090153,0.5194687099090153,44,thermal_anomaly,2.7747202348521127,0.5194687099090153,gradual,0.4486344094202435,1.1812496316014158,1058333940,thermal_anomaly
16320.0,272.0,4.533333333333333,1,602.5051158172813,358.134732861516,-244.3703829557653,83.45294543735125,83.55434539766158,29.33811781749405,29.335737886637098,-8.32944991481524,-8.387542612402777,27.669238998990622,27.538264748572196,28.475021122104792,28.550203433767525,14.342409519308479,31.859720717064416,3203.3683215379,3103.7732398483154,3111.101369211071,0.0032365867435303767,0.2309146685882594,0.23914315669519068,22.596133446035566,22.687156591931792,0.0,0.0,0.5194687099090153,0.0,True,thermal_anomaly,1.0,0.5194687099090153,thermal_anomaly,0.5194687099090153,0.5194687099090153,44,thermal_anomaly,2.7747202348521127,0.5194687099090153,gradual,0.4486344094202435,1.1812496316014158,1058333940,thermal_anomaly
16380.0,273.0,4.55,1,603.7424104347197,361.75570504584937,-241.9867053888703,83.81304470132278,83.94002672680786,29.35252178805291,29.35907768971625,-8.24415384600324,-8.270809990980359,27.693256592030178,27.81619053139371,28.506483054309996,28.471447969222204,14.229316459560831,32.18184295747199,3293.8926261462343,3198.832932997275,3200.789231588228,0.0031387096943249967,0.2284677423581249,0.22112370093148387,22.593765387675813,22.3791983483659,0.0,0.0,0.5194687099090153,0.0,True,thermal_anomaly,1.0,0.5194687099090153,thermal_anomaly,0.5194687099090153,0.5194687099090153,44,thermal_anomaly,2.7747202348521127,0.5194687099090153,gradual,0.4486344094202435,1.1812496316014158,1058333940,thermal_anomaly
16440.0,274.0,4.566666666666666,1,604.961472404706,364.8628965095478,-240.0985758951582,84.1703342487858,83.88805945836376,29.366813369951434,29.300541043910016,-8.17584709891713,-8.167336417099651,27.716875902014767,27.802255850367953,28.538324572263893,28.36472983078212,14.139588711424961,32.45825918623849,3371.5724127386957,3285.202672867985,3283.904070169486,0.0029311165050767297,0.22327791262691823,0.22329212089041678,22.591489455202225,22.557374129578623,0.0,0.0,0.5194687099090153,0.0,True,thermal_anomaly,1.0,0.5194687099090153,thermal_anomaly,0.5194687099090153,0.5194687099090153,44,thermal_anomaly,2.7747202348521127,0.5194687099090153,gradual,0.4486344094202435,1.1812496316014158,1058333940,thermal_anomaly
16500.0,275.0,4.583333333333333,1,606.1563625798619,367.32050807568874,-238.8358545041732,84.52574474655987,84.75790698133628,29.381029789862396,29.33018807838122,-8.128913663420365,-8.156600872042414,27.74019360272906,27.842433224901086,28.570428012304045,28.46894294647705,14.078369636422615,32.67688868777459,3433.0127018922185,3359.107687380102,3348.460095873222,0.0026228799942983206,0.215571999857458,0.21167782822066472,22.58928676811425,22.469663418432653,0.0,0.0,0.5194687099090153,0.0,True,thermal_anomaly,1.0,0.5194687099090153,thermal_anomaly,0.5194687099090153,0.5194687099090153,44,thermal_anomaly,2.7747202348521127,0.5194687099090153,gradual,0.4486344094202435,1.1812496316014158,1058333940,thermal_anomaly
16560.0,276.0,4.6,1,607.3212595753644,369.0211303259031,-238.3001292494613,84.88035803413348,84.98930110062815,29.395214321365337,29.393161931113593,-8.106766177794373,-8.119539573598384,27.76331911551343,27.953543275068178,28.602657248372243,28.52727634069613,14.049603277549693,32.82817630376241,3475.5282581475763,3417.3179727638394,3417.7952611931937,0.002227471576593643,0.20568678941484106,0.20826494950197671,22.5871361235433,22.683218049869044,0.0,0.0,0.5194687099090153,0.0,True,thermal_anomaly,1.0,0.5194687099090153,thermal_anomaly,0.5194687099090153,0.5194687099090153,44,thermal_anomaly,2.7747202348521127,0.5194687099090153,gradual,0.4486344094202435,1.1812496316014158,1058333940,thermal_anomaly
16620.0,277.0,4.616666666666666,1,608.450488130146,369.8904379073655,-238.56005022278055,85.23535810886975,84.64310168381174,29.409414324354792,29.381200671053055,-8.111689936824822,-8.114211382143017,27.786370416822077,27.772685140108788,28.634863680005694,28.577701608712268,14.055991739130036,32.90551003942476,3497.2609476841367,3457.2894602239876,3455.5622652498873,0.0017621724971965131,0.19405431242991283,0.19170568076533154,22.585014949548377,22.655823327186702,0.0,0.0,0.5194687099090153,0.0,True,thermal_anomaly,1.0,0.5194687099090153,thermal_anomaly,0.5194687099090153,0.5194687099090153,44,thermal_anomaly,2.7747202348521127,0.5194687099090153,gradual,0.4486344094202435,1.1812496316014158,1058333940,thermal_anomaly
16680.0,278.0,4.633333333333334,1,609.5385467561977,369.8904379073655,-239.64810884883218,85.59197731846623,85.45902370976802,29.42367909273865,29.43657915756048,-8.1447363565073,-8.088335633298946,27.809469776052868,27.768116927216063,28.666892765306834,28.56197911375598,14.098969073996175,32.90551003942476,3497.2609476841367,3477.2752039540624,3477.644771249128,0.0012473185586292885,0.18118296396573222,0.18858143546954664,22.582900313827338,22.60882514974763,0.0,0.0,0.5194687099090153,0.0,True,thermal_anomaly,1.0,0.5194687099090153,thermal_anomaly,0.5194687099090153,0.5194687099090153,44,thermal_anomaly,2.7747202348521127,0.5194687099090153,gradual,0.4486344094202435,1.1812496316014158,1058333940,thermal_anomaly
16740.0,279.0,4.65,1,610.5801345412646,369.0211303259031,-241.55900421536148,85.95144012235814,85.87798307916722,29.438057604894325,29.449891747387962,-8.205670613783983,-8.179542768189135,27.83273941692254,27.91026106171937,28.69859081337082,28.71053711461556,14.17867306638867,32.82817630376241,3475.5282581475767,3476.4017310508193,3476.2758360910234,0.0007054113485506565,0.1676352837137664,0.16986222763741676,22.580769938777138,22.589198148887647,0.0,0.0,0.5194687099090153,0.0,True,thermal_anomaly,1.0,0.5194687099090153,thermal_anomaly,0.5194687099090153,0.5194687099090153,44,thermal_anomaly,2.7747202348521127,0.5194687099090153,gradual,0.4486344094202435,1.1812496316014158,1058333940,thermal_anomaly
16800.0,280.0,4.666666666666667,1,611.5701769743577,367.3205080756888,-244.24966889866886,86.3149068915526,86.68830680658854,29.452596275662103,29.489221003480136,-8.29297582503796,-8.286287040524448,27.856297067624883,27.74817742181346,28.729811739310165,28.631524593209857,14.293906491408352,32.67688868777459,3433.0127018922203,3454.70721647152,3458.9012252738758,0.00016013481240036989,0.15400337031000924,0.1529946554565806,22.578603175192807,22.549553629599394,0.0,0.0,0.5194687099090153,0.0,True,thermal_anomaly,1.0,0.5194687099090153,thermal_anomaly,0.5194687099090153,0.5194687099090153,44,thermal_anomaly,2.7747202348521127,0.5194687099090153,gradual,0.4486344094202435,1.1812496316014158,1058333940,thermal_anomaly
16860.0,281.0,4.683333333333334,1,612.503850668262,364.8628965095479,-247.64095415871407,86.68342021619354,86.35989689529279,29.46733680864774,29.431885574671085,-8.403913654186734,-8.397830214481813,27.880251378400352,27.837621167348964,28.760423486650698,28.71830821968308,14.442091825197329,32.4582591862385,3371.5724127386984,3413.139814605109,3411.1017382509617,-0.00036467984866471426,0.15911699621661785,0.15688279350626766,22.57643112269492,22.652733965127783,0.0,0.0,0.5194687099090153,0.0,True,thermal_anomaly,1.0,0.5194687099090153,thermal_anomaly,0.5194687099090153,0.5194687099090153,44,thermal_anomaly,2.7747202348521127,0.5194687099090153,gradual,0.4486344094202435,1.1812496316014158,1058333940,thermal_anomaly
16920.0,282.0,4.7,1,613.376606858593,361.7557050458495,-251.62090181274357,87.0578560819863,87.18735818029911,29.482314243279454,29.46576676536968,-8.534638757881803,-8.461643994838333,27.904697238370332,28.037784271055948,28.79031383641049,28.877231048512694,14.619235346838288,32.181842957472,3293.8926261462375,3353.5162203756736,3361.1314235166847,-0.0008460957156159045,0.1711523928903976,0.17852082144131787,22.57425432232752,22.46488454546139,0.0,0.0,0.5194687099090153,0.0,True,thermal_anomaly,1.0,0.5194687099090153,thermal_anomaly,0.5194687099090153,0.5194687099090153,44,thermal_anomaly,2.7747202348521127,0.5194687099090153,gradual,0.4486344094202435,1.1812496316014158,1058333940,thermal_anomaly
16980.0,283.0,4.716666666666667,1,614.184193564921,358.134732861516,-256.049460703405,87.4388820651759,87.87085246102995,29.497555282607035,29.548812583423395,-8.680362092731874,-8.682952644404676,27.929711106363026,27.973964962662276,28.819395348978247,28.708103211267577,14.819925533510148,31.859720717064416,3203.3683215379006,3278.442270956787,3283.5232448689408,-0.0012630726049777854,0.18157681512444462,0.18120025313350474,22.572052637564546,22.54361650949276,0.0,0.0,0.5194687099090153,0.0,True,thermal_anomaly,1.0,0.5194687099090153,thermal_anomaly,0.5194687099090153,0.5194687099090153,44,thermal_anomaly,2.7747202348521127,0.5194687099090153,gradual,0.4486344094202435,1.1812496316014158,1058333940,thermal_anomaly
17040.0,284.0,4.733333333333333,1,614.9226763059908,354.15823381635533,-260.7644424896354,87.82692439030927,87.69202789257577,29.51307697561237,29.4465044114532,-8.835555936953428,-8.802155321126309,27.955346565973773,27.854100732385344,28.84760922280852,28.724640670432233,15.037394545837866,31.50597075263558,3103.9558454088833,3191.199058182836,3169.83775775622,-0.001597386625808086,0.18993466564520214,0.18945278274687674,22.56980787602788,22.620953469214896,0.0,0.0,0.5194687099090153,0.0,True,thermal_anomaly,1.0,0.5194687099090153,thermal_anomaly,0.5194687099090153,0.5194687099090153,44,thermal_anomaly,2.7747202348521127,0.5194687099090153,gradual,0.4486344094202435,1.1812496316014158,1058333940,thermal_anomaly
17100.0,285.0,4.75,1,615.5884572681198,350.0000000000001,-265.58845726811967,88.22214530886303,88.12440874143047,29.52888581235452,29.49956943247539,-8.994191618195115,-9.064661503933,27.981630402482338,27.887650864608858,28.87492790129137,28.736835047942467,15.263669277820131,31.13605363511166,3000.0000000000027,3095.5995290914193,3103.1719894767675,-0.0018344266511799848,0.1958606662794996,0.19276772548273227,22.567504546352456,22.55699544503167,0.0,0.0,0.5194687099090153,0.0,True,thermal_anomaly,1.0,0.5194687099090153,thermal_anomaly,0.5194687099090153,0.5194687099090153,44,thermal_anomaly,2.7747202348521127,0.5194687099090153,gradual,0.4486344094202435,1.1812496316014158,1058333940,thermal_anomaly
17160.0,286.0,4.766666666666667,1,616.1782928333851,345.8417661836448,-270.3365266497403,88.62443180685372,88.30908767168393,29.54497727227415,29.524711181829435,-9.1499994790462,-9.199822431789775,28.00855955773596,27.901795183987506,28.90135631386492,28.8812099849648,15.489829885958887,30.766136517587732,2896.044154591119,2995.8218418412694,3008.3504692539486,-0.0019638328945404556,0.1990958223635114,0.20187492541747953,22.56513050416797,22.538178527535827,0.0,0.0,0.5194687099090153,0.0,True,thermal_anomaly,1.0,0.5194687099090153,thermal_anomaly,0.5194687099090153,0.5194687099090153,44,thermal_anomaly,2.7747202348521127,0.5194687099090153,gradual,0.4486344094202435,1.1812496316014158,1058333940,thermal_anomaly
17220.0,287.0,4.783333333333333,1,616.6893093822022,341.86526713848406,-274.8240422437181,89.03339615543068,89.33177246912751,29.561335846217226,29.59849428992897,-9.296739622099507,-9.310514035193178,28.036099331833352,28.00366306811535,28.92693169712927,28.87994349582253,15.70638005672442,30.412386553158893,2796.6316784621017,2896.226760151685,2894.1779951130434,-0.001979949682094438,0.19949874205236096,0.1912563636116561,22.562677463221174,22.70886400515728,0.0,0.0,0.5194687099090153,0.0,True,thermal_anomaly,1.0,0.5194687099090153,thermal_anomaly,0.5194687099090153,0.5194687099090153,44,thermal_anomaly,2.7747202348521127,0.5194687099090153,gradual,0.4486344094202435,1.1812496316014158,1058333940,thermal_anomaly
17280.0,288.0,4.8,1,617.1190172933127,338.2442949541506,-278.87472233916213,89.44838830176872,89.58962923702252,29.57793553207075,29.58054366882525,-9.42847150494273,-9.447107912500813,28.06418315768772,27.993029439500937,28.951722003781168,28.717418250133335,15.903716642196592,30.09026431275131,2706.1073738537643,2801.1670670027247,2796.706633641461,-0.0018820726328891012,0.19705181582222753,0.20115300381118253,22.56014135159038,22.621886270893107,0.0,0.0,0.5194687099090153,0.0,True,thermal_anomaly,1.0,0.5194687099090153,thermal_anomaly,0.5194687099090153,0.5194687099090153,44,thermal_anomaly,2.7747202348521127,0.5194687099090153,gradual,0.4486344094202435,1.1812496316014158,1058333940,thermal_anomaly
17340.0,289.0,4.816666666666666,1,617.465323072968,335.13710349045215,-282.3282195825158,89.86851958090936,89.9684626255844,29.594740783236375,29.581914671449688,-9.539810524119801,-9.562798774942104,28.092714175772347,27.9682607575395,28.975822968907668,29.123982016556045,16.072669435523782,29.813848083984805,2628.4275872613034,2714.797327132014,2711.1604299024566,-0.0016744794436408194,0.19186198609102048,0.1926129379054094,22.557522497351798,22.548681896927985,0.0,0.0,0.5194687099090153,0.0,True,thermal_anomaly,1.0,0.5194687099090153,thermal_anomaly,0.5194687099090153,0.5194687099090153,44,thermal_anomaly,2.7747202348521127,0.5194687099090153,gradual,0.4486344094202435,1.1812496316014158,1058333940,thermal_anomaly
17400.0,290.0,4.833333333333333,1,617.7265395542198,332.6794919243112,-285.0470476299086,90.29269673512054,90.06823389091423,29.61170786940482,29.650325131428556,-9.626160331144652,-9.668109619901177,28.121568690680576,27.988500191836508,28.99935396185694,29.164110609223417,16.205067666307464,29.595218582448705,2566.9872981077806,2640.8923126198974,2643.392800799249,-0.0013662429328623966,0.18415607332155992,0.18958878409110183,22.55482563316095,22.445777178120313,0.0,0.0,0.5194687099090153,0.0,True,thermal_anomaly,1.0,0.5194687099090153,thermal_anomaly,0.5194687099090153,0.5194687099090153,44,thermal_anomaly,2.7747202348521127,0.5194687099090153,gradual,0.4486344094202435,1.1812496316014158,1058333940,thermal_anomaly
17460.0,291.0,4.85,1,617.9013941166289,330.978869674097,-286.92252444253194,90.71966477744574,90.79037276381617,29.62878659109783,29.647079829239654,-9.68391073189409,-9.699599943746826,28.15060141612081,28.02857340173857,29.022452804980485,29.035484368375318,16.294280813698713,29.443930966460893,2524.471741852424,2582.682027236161,2582.718165218491,-0.0009708345151577046,0.1742708628789426,0.1725162771370468,22.552059715195682,22.387675034411057,0.0,0.0,0.5194687099090153,0.0,True,thermal_anomaly,1.0,0.5194687099090153,thermal_anomaly,0.5194687099090153,0.5194687099090153,44,thermal_anomaly,2.7747202348521127,0.5194687099090153,gradual,0.4486344094202435,1.1812496316014158,1058333940,thermal_anomaly
17520.0,292.0,4.866666666666666,1,617.9890348863438,330.1095620926345,-287.8794727937093,91.14805685005543,91.13471448176074,29.645922274002217,29.571504478669315,-9.710592577724025,-9.693848002507774,28.179652233913753,28.00629680884264,29.04526978569366,28.839596848506545,16.335679305479143,29.366597230798536,2502.739052315864,2542.710539776012,2546.560714698654,-0.0005055354357605887,0.16263838589401472,0.15198757793593037,22.549237558841924,22.57813082010231,0.0,0.0,0.5194687099090153,0.0,True,thermal_anomaly,1.0,0.5194687099090153,thermal_anomaly,0.5194687099090153,0.5194687099090153,44,thermal_anomaly,2.7747202348521127,0.5194687099090153,gradual,0.4486344094202435,1.1812496316014158,1058333940,thermal_anomaly
17580.0,293.0,4.883333333333334,1,617.9890348863438,330.1095620926345,-287.8794727937093,91.57644892266512,91.84641498602356,29.663057956906606,29.658600147675003,-9.704982986310108,-9.707748042158066,28.208554030781368,28.276186555867834,29.067961123557293,29.033796306235693,16.326966229800725,29.366597230798536,2502.739052315864,2522.724796045938,2524.128872732224,9.318502806635758e-06,0.15023296257016588,0.15652707046272268,22.54637655928842,22.34167478366414,0.0,0.0,0.5194687099090153,0.0,True,thermal_anomaly,1.0,0.5194687099090153,thermal_anomaly,0.5194687099090153,0.5194687099090153,44,thermal_anomaly,2.7747202348521127,0.5194687099090153,gradual,0.4486344094202435,1.1812496316014158,1058333940,thermal_anomaly
17640.0,294.0,4.9,1,617.9013941166289,330.9788696740969,-286.922524442532,92.00341696499031,92.33965082218982,29.680136678599613,29.604129071818992,-9.667156440334484,-9.620398273658592,28.23714105745328,28.417462629143404,29.090682177901375,29.110422930763907,16.26834373998727,29.44393096646089,2524.471741852423,2523.5982689491807,2524.63920729647,0.0005512257128852536,0.16378064282213134,0.17251796957736212,22.543567373585326,22.423296988542944,0.0,0.0,0.5194687099090153,0.0,True,thermal_anomaly,1.0,0.5194687099090153,thermal_anomaly,0.5194687099090153,0.5194687099090153,44,thermal_anomaly,2.7747202348521127,0.5194687099090153,gradual,0.4486344094202435,1.1812496316014158,1058333940,thermal_anomaly
17700.0,295.0,4.916666666666667,1,617.7265395542198,332.6794919243112,-285.0470476299086,92.4275941192015,92.4851655774484,29.69710376476806,29.647087199040424,-9.598479699831257,-9.541081231666897,28.26525719524392,28.58497803142812,29.11358069285126,29.16501374997994,16.16249565248105,29.595218582448705,2566.9872981077806,2545.292783528481,2541.0457098991096,0.0010965022490355544,0.17741255622588886,0.17927100143861685,22.540830485136656,22.711412901196972,0.0,0.0,0.5194687099090153,0.0,True,thermal_anomaly,1.0,0.5194687099090153,thermal_anomaly,0.5194687099090153,0.5194687099090153,44,thermal_anomaly,2.7747202348521127,0.5194687099090153,gradual,0.4486344094202435,1.1812496316014158,1058333940,thermal_anomaly
17760.0,296.0,4.933333333333334,1,617.465323072968,335.1371034904521,-282.3282195825159,92.84772539834213,92.78258652113068,29.713909015933687,29.700850808597906,-9.501550921190516,-9.512125985551641,28.292763524470896,28.228485555215656,29.136790374982315,28.91225717627585,16.014388241273338,29.8138480839848,2628.427587261303,2586.860185394892,2588.8945823505833,0.001621316910100646,0.19053292275251615,0.1928306433696439,22.53818405831196,22.592310978015032,0.0,0.0,0.5194687099090153,0.0,True,thermal_anomaly,1.0,0.5194687099090153,thermal_anomaly,0.5194687099090153,0.5194687099090153,44,thermal_anomaly,2.7747202348521127,0.5194687099090153,gradual,0.4486344094202435,1.1812496316014158,1058333940,thermal_anomaly
17820.0,297.0,4.95,1,617.1190172933127,338.2442949541506,-278.87472233916213,93.26271754468019,93.20418520584894,29.73050870178721,29.75819299131875,-9.38008579457633,-9.415636017777075,28.3195446655225,28.39905321658479,29.160425084291298,28.890462811466506,15.83091140972424,30.09026431275131,2706.107373853764,2646.4837796243282,2648.8135831621285,0.002102732777051822,0.20256831942629555,0.19759408410492588,22.53564311879172,22.63556084044338,0.0,0.0,0.5194687099090153,0.0,True,thermal_anomaly,1.0,0.5194687099090153,thermal_anomaly,0.5194687099090153,0.5194687099090153,44,thermal_anomaly,2.7747202348521127,0.5194687099090153,gradual,0.4486344094202435,1.1812496316014158,1058333940,thermal_anomaly
17880.0,298.0,4.966666666666667,1,616.6893093822022,341.8652671384839,-274.8240422437183,93.67168189325714,93.74521511272265,29.746867275730285,29.76345465447914,-9.238755788847058,-9.26609866825613,28.345513495871003,28.40557592289195,29.184573892368,29.188744464088366,15.620399330711631,30.41238655315888,2796.6316784620976,2721.557729043213,2716.1746837214923,0.00251970966641366,0.2129927416603415,0.20838206597929682,22.533218861938416,22.814615568781377,0.0,0.0,0.5194687099090153,0.0,True,thermal_anomaly,1.0,0.5194687099090153,thermal_anomaly,0.5194687099090153,0.5194687099090153,44,thermal_anomaly,2.7747202348521127,0.5194687099090153,gradual,0.4486344094202435,1.1812496316014158,1058333940,thermal_anomaly
17940.0,299.0,4.983333333333333,1,616.1782928333851,345.8417661836447,-270.33652664974034,94.07396839124782,93.99495629433625,29.762958735649914,29.75439840629742,-9.082985634957478,-9.0778860885363,28.370614015757063,28.146536044638086,29.2092972237498,29.251820597270314,15.39208089222274,30.76613651758773,2896.0441545911185,2808.800941817166,2806.6930402269572,0.0028540236872440176,0.22135059218110043,0.2289372488527114,22.53091812447305,22.63389016838402,0.0,0.0,0.5194687099090153,0.0,True,thermal_anomaly,1.0,0.5194687099090153,thermal_anomaly,0.5194687099090153,0.5194687099090153,44,thermal_anomaly,2.7747202348521127,0.5194687099090153,gradual,0.4486344094202435,1.1812496316014158,1058333940,thermal_anomaly
18000.0,300.0,5.0,1,615.5884572681198,349.99999999999994,-265.58845726811984,94.46918930980158,94.66914304525628,29.778767572392063,29.749396633171955,-8.918718903409127,-8.899837735015002,28.394822317710847,28.387203434884686,29.23462424910147,29.28733554358523,15.155514398877415,31.136053635111647,2999.9999999999986,2904.4004709085825,2897.487926609827,0.0030910637126159092,0.22727659281539772,0.23170112636602427,22.528743048315786,22.552462331951073,0.0,0.0,0.5194687099090153,0.0,True,thermal_anomaly,1.0,0.5194687099090153,thermal_anomaly,0.5194687099090153,0.5194687099090153,44,thermal_anomaly,2.7747202348521127,0.5194687099090153,gradual,0.4486344094202435,1.1812496316014158,1058333940,thermal_anomaly
18060.0,301.0,5.016666666666667,1,614.9226763059908,354.15823381635516,-260.7644424896356,94.85723163493495,95.08375220760426,29.7942892653974,29.837333431177218,-8.752161871251051,-8.77449740322263,28.418145785636977,28.503509015034965,29.26055164415186,29.1959325888804,14.920057642281686,31.505970752635562,3103.955845408879,3004.1781581587306,3009.7006833686046,0.0032204699559763303,0.23051174889940823,0.22694922053880506,22.52669095676917,22.520105567981084,0.0,0.0,0.5194687099090153,0.0,True,thermal_anomaly,1.0,0.5194687099090153,thermal_anomaly,0.5194687099090153,0.5194687099090153,44,thermal_anomaly,2.7747202348521127,0.5194687099090153,gradual,0.4486344094202435,1.1812496316014158,1058333940,thermal_anomaly
18120.0,302.0,5.033333333333333,1,614.184193564921,358.1347328615159,-256.0494607034051,95.23825761812455,94.77246536825675,29.80953030472498,29.77787710892042,-8.589516778223768,-8.59143325885286,28.440620785961425,28.492704464781756,29.287043768628905,29.289084592783734,14.69441452730624,31.859720717064405,3203.368321537897,3103.773239848314,3095.442814074279,0.003236586743530341,0.23091466858825851,0.24047774243634307,22.52475445271195,22.594644145765244,0.0,0.0,0.5194687099090153,0.0,True,thermal_anomaly,1.0,0.5194687099090153,thermal_anomaly,0.5194687099090153,0.5194687099090153,44,thermal_anomaly,2.7747202348521127,0.5194687099090153,gradual,0.4486344094202435,1.1812496316014158,1058333940,thermal_anomaly
18180.0,303.0,5.05,1,613.376606858593,361.75570504584937,-251.62090181274368,95.61269348391733,95.88276689174899,29.824507739356694,29.811896696750654,-8.436716005900825,-8.392194955967115,28.462309200759407,28.428623297046922,29.314034257373628,29.482543189812894,14.486284805773083,32.18184295747199,3293.8926261462343,3198.8329329972744,3205.8256632322996,0.0031387096943250115,0.22846774235812528,0.2295530214709498,22.52292173680212,22.59885850387446,0.0,0.0,0.5194687099090153,0.0,True,thermal_anomaly,1.0,0.5194687099090153,thermal_anomaly,0.5194687099090153,0.5194687099090153,44,thermal_anomaly,2.7747202348521127,0.5194687099090153,gradual,0.4486344094202435,1.1812496316014158,1058333940,thermal_anomaly
18240.0,304.0,5.066666666666666,1,612.503850668262,364.8628965095479,-247.64095415871407,95.98120680855826,95.85022964437124,29.83924827234233,29.783302442680377,-8.299168661974964,-8.277816402768694,28.483294183903062,28.51243306996309,29.341428954094894,29.465838093380338,14.302126687027815,32.4582591862385,3371.572412738698,3285.202672867986,3295.2366986162633,0.002931116505076772,0.22327791262691932,0.22537598284651808,22.521177131710086,22.510580245894534,0.0,0.0,0.5194687099090153,0.0,True,thermal_anomaly,1.0,0.5194687099090153,thermal_anomaly,0.5194687099090153,0.5194687099090153,44,thermal_anomaly,2.7747202348521127,0.5194687099090153,gradual,0.4486344094202435,1.1812496316014158,1058333940,thermal_anomaly
18300.0,305.0,5.083333333333333,1,611.5701769743577,367.32050807568874,-244.24966889866892,96.3446735777527,95.94587970982306,29.85378694311011,29.83029506324785,-8.181530516182598,-8.228739711476903,28.50367549852811,28.469162861166637,29.36911005954673,29.222630339973115,14.147025975613396,32.67688868777459,3433.0127018922185,3359.1076873801026,3360.6642902064814,0.0026228799942983067,0.21557199985745767,0.21057638558115618,22.5195017870483,22.574760847217725,0.0,0.0,0.5194687099090153,0.0,True,thermal_anomaly,1.0,0.5194687099090153,thermal_anomaly,0.5194687099090153,0.5194687099090153,44,thermal_anomaly,2.7747202348521127,0.5194687099090153,gradual,0.4486344094202435,1.1812496316014158,1058333940,thermal_anomaly
18360.0,306.0,5.1,1,610.5801345412646,369.021130325903,-241.55900421536154,96.70413638164462,96.55711893464557,29.868165455265785,29.836880608918488,-8.087507234990706,-8.03273474951407,28.52356472855453,28.506882656443874,29.39694131283399,29.2476727685928,14.024652510717392,32.82817630376241,3475.5282581475753,3417.317972763839,3410.1910737736243,0.002227471576593615,0.20568678941484037,0.208153385564407,22.517874529835343,22.50675417792398,0.0,0.0,0.5194687099090153,0.0,True,thermal_anomaly,1.0,0.5194687099090153,thermal_anomaly,0.5194687099090153,0.5194687099090153,44,thermal_anomaly,2.7747202348521127,0.5194687099090153,gradual,0.4486344094202435,1.1812496316014158,1058333940,thermal_anomaly
18420.0,307.0,5.116666666666666,1,609.5385467561977,369.8904379073655,-239.64810884883218,97.0607555912411,96.80590428083306,29.882430223649642,29.890314035780357,-8.019699437268967,-8.065221493666993,28.543080566008534,28.69178713443671,29.42477397939943,29.193384798693554,13.937276973765805,32.90551003942476,3497.260947684137,3457.2894602239876,3464.0245843651446,0.0017621724971965272,0.19405431242991317,0.19335974965271832,22.51627281779323,22.42873717175747,0.0,0.0,0.5194687099090153,0.0,True,thermal_anomaly,1.0,0.5194687099090153,thermal_anomaly,0.5194687099090153,0.5194687099090153,44,thermal_anomaly,2.7747202348521127,0.5194687099090153,gradual,0.4486344094202435,1.1812496316014158,1058333940,thermal_anomaly
18480.0,308.0,5.133333333333334,1,608.450488130146,369.8904379073655,-238.56005022278055,97.41575566597737,97.96059347302416,29.896630226639097,29.874944175731343,-7.979496298222064,-7.987563431582754,28.562344279987798,28.46571682542508,29.452453383989436,29.285944816646985,13.8858195425024,32.90551003942476,3497.260947684137,3477.2752039540624,3479.1448624210266,0.001247318558629296,0.18118296396573239,0.18003768164251202,22.514673748060353,22.447612833333654,0.0,0.0,0.5194687099090153,0.0,True,thermal_anomaly,1.0,0.5194687099090153,thermal_anomaly,0.5194687099090153,0.5194687099090153,44,thermal_anomaly,2.7747202348521127,0.5194687099090153,gradual,0.4486344094202435,1.1812496316014158,1058333940,thermal_anomaly
18540.0,309.0,5.15,1,607.3212595753644,369.02113032590313,-238.30012924946124,97.77036895355099,97.61031491346266,29.91081475814204,29.88876970723673,-7.967022335444521,-7.901075240148876,28.58147539216982,28.565885150741657,29.479825703077445,29.490765115311554,13.869906240112979,32.82817630376242,3475.5282581475776,3476.40173105082,3469.0381843326545,0.0007054113485506708,0.16763528371376676,0.16060029470764653,22.513055072253405,22.323343425403056,0.0,0.0,0.5194687099090153,0.0,True,thermal_anomaly,1.0,0.5194687099090153,thermal_anomaly,0.5194687099090153,0.5194687099090153,44,thermal_anomaly,2.7747202348521127,0.5194687099090153,gradual,0.4486344094202435,1.1812496316014158,1058333940,thermal_anomaly
18600.0,310.0,5.166666666666667,1,606.156362579862,367.32050807568885,-238.8358545041732,98.12577945132504,97.88833842953913,29.925031178053,29.93728918653056,-7.9811397048546855,-8.008738638165584,28.600587533488394,28.489524562128185,29.506744719884537,29.448560421714475,13.887917927707864,32.6768886877746,3433.0127018922203,3454.7072164715205,3462.8377697368314,0.00016013481240036295,0.15400337031000907,0.14735343676432303,22.511396170168002,22.5095197721261,0.0,0.0,0.5194687099090153,0.0,True,thermal_anomaly,1.0,0.5194687099090153,thermal_anomaly,0.5194687099090153,0.5194687099090153,44,thermal_anomaly,2.7747202348521127,0.5194687099090153,gradual,0.4486344094202435,1.1812496316014158,1058333940,thermal_anomaly
18660.0,311.0,5.183333333333334,1,604.961472404706,364.8628965095479,-240.0985758951581,98.4830689987881,98.74339594600595,29.939322759951523,29.894803890489815,-8.019505912683071,-8.035687525079428,28.61978444575825,28.922796455506692,29.533078246771378,29.54445037020035,13.937028655319928,32.4582591862385,3371.5724127386984,3413.139814605109,3415.126261185883,-0.0003646798486647213,0.15911699621661804,0.16392305681904096,22.5097281702078,22.649445309217704,0.0,0.0,0.5194687099090153,0.0,True,thermal_anomaly,1.0,0.5194687099090153,thermal_anomaly,0.5194687099090153,0.5194687099090153,44,thermal_anomaly,2.7747202348521127,0.5194687099090153,gradual,0.4486344094202435,1.1812496316014158,1058333940,thermal_anomaly
18720.0,312.0,5.2,1,603.7424104347197,361.7557050458495,-241.98670538887018,98.84316826275963,99.04512934583,29.953726730510386,29.880136317347823,-8.07868441766835,-8.150349378095708,28.63915612094718,28.58329498014789,29.55871393431314,29.650315514876855,14.013242002257423,32.181842957472,3293.8926261462375,3353.5162203756736,3347.1116401872655,-0.0008460957156159045,0.1711523928903976,0.17406803058560716,22.508051641984054,22.47356197569741,0.0,0.0,0.5194687099090153,0.0,True,thermal_anomaly,1.0,0.5194687099090153,thermal_anomaly,0.5194687099090153,0.5194687099090153,44,thermal_anomaly,2.7747202348521127,0.5194687099090153,gradual,0.4486344094202435,1.1812496316014158,1058333940,thermal_anomaly
18780.0,313.0,5.216666666666667,1,602.5051158172813,358.13473286151606,-244.37038295576525,99.20681466596761,99.06648002587285,29.968272586638705,29.934234461344033,-8.154303263536027,-8.186236772916153,28.65877513142139,28.688001656449554,29.583564213173922,29.601217484513786,14.111443585732374,31.85972071706442,3203.3683215379006,3278.442270956787,3283.5773747606963,-0.0012630726049777854,0.18157681512444462,0.18996803918749278,22.506346477323657,22.524072892911025,0.0,0.0,0.5194687099090153,0.0,True,thermal_anomaly,1.0,0.5194687099090153,thermal_anomaly,0.5194687099090153,0.5194687099090153,44,thermal_anomaly,2.7747202348521127,0.5194687099090153,gradual,0.4486344094202435,1.1812496316014158,1058333940,thermal_anomaly
18840.0,314.0,5.233333333333333,1,601.2556165273943,354.15823381635516,-247.09738271103913,99.5745191045257,99.45764505715947,29.98298076418103,29.955140667705077,-8.24125475230376,-8.229174032318918,28.678693281943815,28.79886379137849,29.607570152798,29.558051399351587,14.225493040024775,31.505970752635562,3103.9558454088797,3191.199058182833,3197.0354779768836,-0.0015973866258081285,0.1899346656452032,0.18348265087227106,22.504594511988795,22.596257874957463,0.0,0.0,0.5194687099090153,0.0,True,thermal_anomaly,1.0,0.5194687099090153,thermal_anomaly,0.5194687099090153,0.5194687099090153,44,thermal_anomaly,2.7747202348521127,0.5194687099090153,gradual,0.4486344094202435,1.1812496316014158,1058333940,thermal_anomaly
18900.0,315.0,5.25,1,600.0,350.0,-250.0,99.94654291404952,99.80884087821529,29.99786171656198,30.004089927197345,-8.333927343293727,-8.315891720925194,28.698938789596795,28.621588521781263,29.630704068275577,29.550448173265107,14.348378245699138,31.13605363511165,2999.9999999999995,3095.5995290914166,3093.6467890037043,-0.0018344266511799994,0.19586066627949997,0.19279653006776415,22.502780282543664,22.323534484670596,0.0,0.0,0.5194687099090153,0.0,True,thermal_anomaly,1.0,0.5194687099090153,thermal_anomaly,0.5194687099090153,0.5194687099090153,44,thermal_anomaly,2.7747202348521127,0.5194687099090153,gradual,0.4486344094202435,1.1812496316014158,1058333940,thermal_anomaly
18960.0,316.0,5.266666666666667,1,598.7443834726058,345.8417661836448,-252.90261728896104,100.0,100.0,30.0,29.9897622290532,-8.430087242965367,-8.453060154129425,28.719530558661248,28.679865999596224,29.65297076145138,29.585948686853598,14.477340322555824,30.766136517587732,2896.0441545911194,2995.821841841268,2995.427648008608,-0.0019638328945404135,0.19909582236351034,0.1949669520072209,22.500891672337747,22.400335299209534,0.0,0.0,0.5194687099090153,0.0,True,thermal_anomaly,1.0,0.5194687099090153,thermal_anomaly,0.5194687099090153,0.5194687099090153,44,thermal_anomaly,2.7747202348521127,0.5194687099090153,gradual,0.4486344094202435,1.1812496316014158,1058333940,thermal_anomaly
19020.0,317.0,5.283333333333333,1,597.4948841827189,341.86526713848417,-255.62961704423475,100.0,100.0,30.0,30.00168358786725,-8.520987234807825,-8.473146219090065,28.74044817952674,28.690986743257444,29.674407342034737,29.725710248699944,14.600608525095861,30.412386553158903,2796.631678462105,2896.226760151687,2880.6008654564203,-0.001979949682094374,0.19949874205235935,0.19918940467260027,22.498920422629677,22.46869052340741,0.0,0.0,0.5194687099090153,0.0,True,thermal_anomaly,1.0,0.5194687099090153,thermal_anomaly,0.5194687099090153,0.5194687099090153,44,thermal_anomaly,2.7747202348521127,0.5194687099090153,gradual,0.4486344094202435,1.1812496316014158,1058333940,thermal_anomaly
19080.0,318.0,5.3,1,596.2575895652803,338.24429495415046,-258.0132946111299,100.0,99.75360569536889,30.0,29.97174495470937,-8.60044315370433,-8.558440301273205,28.761642185507824,28.96145356677667,29.69508163653034,29.539451174122835,14.709440443843203,30.090264312751298,2706.1073738537616,2801.1670670027247,2810.731288263521,-0.0018820726328891576,0.19705181582222894,0.1799958746945458,22.49686248880332,22.444206993058742,0.0,0.0,0.5194687099090153,0.0,True,thermal_anomaly,1.0,0.5194687099090153,thermal_anomaly,0.5194687099090153,0.5194687099090153,44,thermal_anomaly,2.7747202348521127,0.5194687099090153,gradual,0.4486344094202435,1.1812496316014158,1058333940,thermal_anomaly
19140.0,319.0,5.316666666666666,1,595.038527595294,335.13710349045203,-259.90142410484196,100.0,100.0,30.0,29.993022356577065,-8.663380803494732,-8.662399018737508,28.78303840729729,28.671271094527995,29.715089254528074,29.706502376779806,14.796364004344113,29.813848083984798,2628.427587261301,2714.7973271320125,2720.33660931672,-0.001674479443640848,0.1918619860910212,0.18552630770476145,22.49471822603564,22.52976995741554,0.0,0.0,0.5194687099090153,0.0,True,thermal_anomaly,1.0,0.5194687099090153,thermal_anomaly,0.5194687099090153,0.5194687099090153,44,thermal_anomaly,2.7747202348521127,0.5194687099090153,gradual,0.4486344094202435,1.1812496316014158,1058333940,thermal_anomaly
19200.0,320.0,5.333333333333333,1,593.843637420138,332.6794919243113,-261.16414549582663,100.0,99.78848842325569,30.0,29.918917289436653,-8.705471516527554,-8.671145069595454,28.804541215860837,28.79619898222462,29.734549440570003,29.810287638950033,14.854849394641032,29.595218582448716,2566.9872981077824,2640.8923126198974,2649.6136860224015,-0.0013662429328623609,0.184156073321559,0.18482253564962786,22.49249239387966,22.54807730019255,0.0,0.0,0.5194687099090153,0.0,True,thermal_anomaly,1.0,0.5194687099090153,thermal_anomaly,0.5194687099090153,0.5194687099090153,44,thermal_anomaly,2.7747202348521127,0.5194687099090153,gradual,0.4486344094202435,1.1812496316014158,1058333940,thermal_anomaly
19260.0,321.0,5.35,1,592.6787404246356,330.978869674097,-261.69987075053865,100.0,99.82931735187535,30.0,29.99320867381375,-8.723329025017955,-8.772902363072665,28.82603821569105,28.87000779371753,29.75359989288876,29.73740684379877,14.879748190932887,29.443930966460893,2524.471741852424,2582.682027236161,2580.427871428351,-0.0009708345151577046,0.1742708628789426,0.18123619286327894,22.490193975209003,22.50826043817097,0.0,0.0,0.5194687099090153,0.0,True,thermal_anomaly,1.0,0.5194687099090153,thermal_anomaly,0.5194687099090153,0.5194687099090153,44,thermal_anomaly,2.7747202348521127,0.5194687099090153,gradual,0.4486344094202435,1.1812496316014158,1058333940,thermal_anomaly
19320.0,322.0,5.366666666666666,1,591.549511869854,330.1095620926345,-261.43994977721945,100.0,99.74194538551036,30.0,30.037008462902513,-8.714664992573981,-8.647295265555101,28.8474061458976,29.032817313723886,29.772390775464313,29.829057152234032,14.867661523258786,29.366597230798536,2502.739052315864,2542.710539776012,2540.6365421936894,-0.0005055354357605887,0.16263838589401472,0.16591034446107247,22.487835811905146,22.5513466462852,0.0,0.0,0.5194687099090153,0.0,True,thermal_anomaly,1.0,0.5194687099090153,thermal_anomaly,0.5194687099090153,0.5194687099090153,44,thermal_anomaly,2.7747202348521127,0.5194687099090153,gradual,0.4486344094202435,1.1812496316014158,1058333940,thermal_anomaly
19380.0,323.0,5.383333333333334,1,590.4614532438022,330.1095620926345,-260.3518911511677,100.0,100.0,30.0,30.012626880438457,-8.67839637170559,-8.739092842529772,28.868517609126112,28.687005078695062,29.791078185101803,29.73293274375867,14.817195735389848,29.366597230798536,2502.7390523158633,2522.724796045938,2515.8507706401365,9.318502806628603e-06,0.15023296257016572,0.14422035587225426,22.485435325453665,22.605332268593862,0.0,0.0,0.5194687099090153,0.0,True,thermal_anomaly,1.0,0.5194687099090153,thermal_anomaly,0.5194687099090153,0.5194687099090153,44,thermal_anomaly,2.7747202348521127,0.5194687099090153,gradual,0.4486344094202435,1.1812496316014158,1058333940,thermal_anomaly
19440.0,324.0,5.4,1,589.4198654587356,330.9788696740969,-258.44099578463863,100.0,99.66706535260735,30.0,29.994750664570287,-8.614699859487954,-8.64576805166623,28.889248147878263,28.947771041837093,29.809817359051483,29.96774838331429,14.729074942160171,29.44393096646089,2524.471741852423,2523.5982689491807,2520.705177483829,0.0005512257128852536,0.16378064282213134,0.15738094127186475,22.48308319900433,22.56616949412998,0.0,0.0,0.5194687099090153,0.0,True,thermal_anomaly,1.0,0.5194687099090153,thermal_anomaly,0.5194687099090153,0.5194687099090153,44,thermal_anomaly,2.7747202348521127,0.5194687099090153,gradual,0.4486344094202435,1.1812496316014158,1058333940,thermal_anomaly
19500.0,325.0,5.416666666666667,1,588.4298230256422,332.6794919243112,-255.75033110133103,100.0,99.88429570305992,30.0,30.042419130428893,-8.525011036711033,-8.528677141555313,28.90948314051816,29.064285938766133,29.828755920031217,29.838611299591225,14.606095702718823,29.595218582448705,2566.98729810778,2545.2927835284804,2538.8654074575384,0.0010965022490355475,0.1774125562258887,0.17456911950724124,22.480799941865016,22.536701051151457,0.0,0.0,0.5194687099090153,0.0,True,thermal_anomaly,1.0,0.5194687099090153,thermal_anomaly,0.5194687099090153,0.5194687099090153,44,thermal_anomaly,2.7747202348521127,0.5194687099090153,gradual,0.4486344094202435,1.1812496316014158,1058333940,thermal_anomaly
19560.0,326.0,5.433333333333334,0,0.0,335.1371034904521,335.1371034904521,99.50128407218682,99.27336201986775,29.980051362887473,29.942364552614155,11.178670090783127,11.157063229043812,28.931187986959117,28.920141777054393,29.837014353492542,29.875107449504366,18.78904384852077,29.8138480839848,2628.427587261303,2586.860185394892,2592.9998827947406,0.001621316910100653,0.19053292275251632,0.19061302907882147,22.478603744114857,22.37610779843964,0.0,0.0,0.5194687099090153,0.0,True,thermal_anomaly,1.0,0.5194687099090153,thermal_anomaly,0.5194687099090153,0.5194687099090153,44,thermal_anomaly,2.7747202348521127,0.5194687099090153,gradual,0.4486344094202435,1.1812496316014158,1058333940,thermal_anomaly
19620.0,327.0,5.45,0,0.0,338.2442949541506,338.2442949541506,98.99794434755268,98.4156732993214,29.959917773902106,29.92107821941705,11.289893967893097,11.28604886068985,28.95346960516237,28.934713498541306,29.845780143933034,29.97533185018872,18.988967113136745,30.09026431275131,2706.107373853764,2646.4837796243282,2641.151245934102,0.002102732777051822,0.20256831942629555,0.20143088504265075,22.476509656951098,22.485818952482145,0.0,0.0,0.5194687099090153,0.0,True,thermal_anomaly,1.0,0.5194687099090153,thermal_anomaly,0.5194687099090153,0.5194687099090153,44,thermal_anomaly,2.7747202348521127,0.5194687099090153,gradual,0.4486344094202435,1.1812496316014158,1058333940,thermal_anomaly
19680.0,328.0,5.466666666666667,0,0.0,341.8652671384838,341.8652671384838,98.48921627145373,98.48153921888026,29.93956865085815,29.873533015673615,11.418510103641223,11.432013014864493,28.976438046810383,29.01705334554831,29.855141909589307,29.928405628851202,19.22262048759176,30.412386553158868,2796.6316784620944,2721.5577290432116,2720.430238898368,0.0025197096664136176,0.21299274166034043,0.20707613736203684,22.474528901061596,22.432686111940335,0.0,0.0,0.5194687099090153,0.0,True,thermal_anomaly,1.0,0.5194687099090153,thermal_anomaly,0.5194687099090153,0.5194687099090153,44,thermal_anomaly,2.7747202348521127,0.5194687099090153,gradual,0.4486344094202435,1.1812496316014158,1058333940,thermal_anomaly
19740.0,329.0,5.483333333333333,0,0.0,345.8417661836449,345.8417661836449,97.9745707860614,98.1745133577218,29.918982831442456,29.885774055727747,11.559275531927272,11.52602268235476,29.000174158223764,29.079000293464933,29.86515962414196,30.023943821789857,19.48137871447623,30.766136517587743,2896.0441545911217,2808.8009418171673,2809.9990239296985,0.0028540236872440883,0.2213505921811022,0.22896508863554488,22.472668338302807,22.525823705388323,0.0,0.0,0.5194687099090153,0.0,True,thermal_anomaly,1.0,0.5194687099090153,thermal_anomaly,0.5194687099090153,0.5194687099090153,44,thermal_anomaly,2.7747202348521127,0.5194687099090153,gradual,0.4486344094202435,1.1812496316014158,1058333940,thermal_anomaly
19800.0,330.0,5.5,0,0.0,350.0000000000001,350.0000000000001,97.45373745272806,97.17505541394773,29.898149498109124,29.920159043688464,11.706410124885338,11.718166741534256,29.02472509148756,29.122418172545302,29.875862009881665,29.97504120548453,19.755233689596665,31.13605363511166,3000.0000000000023,2904.4004709085843,2888.452537605858,0.003091063712615938,0.22727659281539844,0.23378404976188313,22.470930135541817,22.66094665758594,0.0,0.0,0.5194687099090153,0.0,True,thermal_anomaly,1.0,0.5194687099090153,thermal_anomaly,0.5194687099090153,0.5194687099090153,44,thermal_anomaly,2.7747202348521127,0.5194687099090153,gradual,0.4486344094202435,1.1812496316014158,1058333940,thermal_anomaly
19860.0,331.0,5.516666666666667,0,0.0,354.158233816355,354.158233816355,96.92671627145373,96.89078716903484,29.87706865085815,29.89590612257673,11.853848111909151,11.873250672463689,29.05010094542116,29.06899107982653,29.887245296632162,29.773473246885136,20.0331278534522,31.505970752635548,3103.9558454088756,3004.1781581587297,3009.069035782457,0.0032204699559762523,0.2305117488994063,0.22472082041006444,22.469311640841003,22.534576973912394,0.0,0.0,0.5194687099090153,0.0,True,thermal_anomaly,1.0,0.5194687099090153,thermal_anomaly,0.5194687099090153,0.5194687099090153,44,thermal_anomaly,2.7747202348521127,0.5194687099090153,gradual,0.4486344094202435,1.1812496316014158,1058333940,thermal_anomaly
19920.0,332.0,5.533333333333333,0,0.0,358.1347328615159,358.1347328615159,96.39377768088599,96.32848171309163,29.85575110723544,29.895994407643038,11.995502359835895,11.986305251871572,29.07627289577597,29.229467369250518,29.89927340067167,29.96627505691578,20.303396797821513,31.859720717064405,3203.368321537897,3103.773239848313,3106.4114763785865,0.003236586743530355,0.23091466858825888,0.23535686362287736,22.467805481653244,22.34751034043668,0.0,0.0,0.5194687099090153,0.0,True,thermal_anomaly,1.0,0.5194687099090153,thermal_anomaly,0.5194687099090153,0.5194687099090153,44,thermal_anomaly,2.7747202348521127,0.5194687099090153,gradual,0.4486344094202435,1.1812496316014158,1058333940,thermal_anomaly
19980.0,333.0,5.55,0,0.0,361.75570504584937,361.75570504584937,95.85545073885348,95.92971619626881,29.83421802955414,29.84983755514684,12.125529976602362,12.11751766865587,29.103173131688386,29.003843367117604,29.91187951583338,29.8515010669877,20.554308825713825,32.18184295747199,3293.892626146234,3198.8329329972735,3195.006319976831,0.003138709694325018,0.22846774235812545,0.22799363854136684,22.466399883026355,22.43272953417226,0.0,0.0,0.5194687099090153,0.0,True,thermal_anomaly,1.0,0.5194687099090153,thermal_anomaly,0.5194687099090153,0.5194687099090153,44,thermal_anomaly,2.7747202348521127,0.5194687099090153,gradual,0.4486344094202435,1.1812496316014158,1058333940,thermal_anomaly
20040.0,334.0,5.566666666666666,0,0.0,364.8628965095478,364.8628965095478,95.31249999999997,95.2002692025879,29.8125,29.87384917074953,12.238587723590701,12.25880406474584,29.130696819244253,29.147717232908384,29.924969047246755,29.996672451148093,20.77467300607723,32.45825918623849,3371.572412738695,3285.2026728679843,3286.176101513852,0.002931116505076736,0.2232779126269184,0.22278056378508898,22.46507919183764,22.51387482055967,0.0,0.0,0.5194687099090153,0.0,True,thermal_anomaly,1.0,0.5194687099090153,thermal_anomaly,0.5194687099090153,0.5194687099090153,44,thermal_anomaly,2.7747202348521127,0.5194687099090153,gradual,0.4486344094202435,1.1812496316014158,1058333940,thermal_anomaly
20100.0,335.0,5.583333333333333,0,0.0,367.32050807568874,367.32050807568874,94.76589210107781,95.30136576597272,29.790635684043114,29.782837452321054,12.33006613123191,12.35641915416566,29.15870617006354,29.208891477212298,29.93842375950148,29.863410002833557,20.95447311267941,32.67688868777459,3433.0127018922185,3359.107687380101,3351.449967181142,0.0026228799942983275,0.21557199985745817,0.2098556949236721,22.463824581724896,22.39183588045629,0.0,0.0,0.5194687099090153,0.0,True,thermal_anomaly,1.0,0.5194687099090153,thermal_anomaly,0.5194687099090153,0.5194687099090153,44,thermal_anomaly,2.7747202348521127,0.5194687099090153,gradual,0.4486344094202435,1.1812496316014158,1058333940,thermal_anomaly
20160.0,336.0,5.6,0,0.0,369.0211303259031,369.0211303259031,94.21675351428333,94.22850758552966,29.768670140571334,29.739713940309702,12.396292094451642,12.358802683967975,29.187036518548158,29.02950307146748,29.952106957939822,29.882473806978272,21.08547526391237,32.82817630376241,3475.5282581475763,3417.3179727638394,3421.0955988390956,0.00222747157659365,0.20568678941484125,0.2008755376958935,22.462614903551867,22.604854824489333,0.0,0.0,0.5194687099090153,0.0,True,thermal_anomaly,1.0,0.5194687099090153,thermal_anomaly,0.5194687099090153,0.5194687099090153,44,thermal_anomaly,2.7747202348521127,0.5194687099090153,gradual,0.4486344094202435,1.1812496316014158,1058333940,thermal_anomaly
20220.0,337.0,5.616666666666666,0,0.0,369.8904379073655,369.8904379073655,93.6663213150164,93.7224024995452,29.746652852600654,29.768704277668785,12.434691047097997,12.410163802193242,29.215504127500573,29.167671066151772,29.965869476630495,29.779993817653644,21.16175396357756,32.90551003942476,3497.2609476841367,3457.2894602239876,3468.7959878876254,0.0017621724971965131,0.19405431242991283,0.18699079977463093,22.46142763870688,22.47556878980718,0.0,0.0,0.5194687099090153,0.0,True,thermal_anomaly,1.0,0.5194687099090153,thermal_anomaly,0.5194687099090153,0.5194687099090153,44,thermal_anomaly,2.7747202348521127,0.5194687099090153,gradual,0.4486344094202435,1.1812496316014158,1058333940,thermal_anomaly
20280.0,338.0,5.633333333333334,0,0.0,369.8904379073655,369.8904379073655,93.11588911574948,93.06509916020104,29.724635564629978,29.756447743012433,12.443901527509611,12.438871311038406,29.243915272725374,29.160996232300146,29.979556211321224,29.9313110905944,21.180085466743712,32.90551003942476,3497.2609476841367,3477.2752039540624,3474.2584603157716,0.0012473185586292885,0.18118296396573222,0.1792046562261326,22.460239907817154,22.37042240775119,0.0,0.0,0.5194687099090153,0.0,True,thermal_anomaly,1.0,0.5194687099090153,thermal_anomaly,0.5194687099090153,0.5194687099090153,44,thermal_anomaly,2.7747202348521127,0.5194687099090153,gradual,0.4486344094202435,1.1812496316014158,1058333940,thermal_anomaly
20340.0,339.0,5.65,0,0.0,369.0211303259031,369.0211303259031,92.56675052895498,92.67552250753616,29.702670021158198,29.732551535692288,12.42383698378082,12.46410580667646,29.27207602644846,29.1907368079818,29.993012911849082,30.04819670126324,21.140168680600038,32.82817630376241,3475.5282581475767,3476.4017310508193,3482.99447080846,0.0007054113485506565,0.1676352837137664,0.17486392743647647,22.45902948581203,22.364374217796012,0.0,0.0,0.5194687099090153,0.0,True,thermal_anomaly,1.0,0.5194687099090153,thermal_anomaly,0.5194687099090153,0.5194687099090153,44,thermal_anomaly,2.7747202348521127,0.5194687099090153,gradual,0.4486344094202435,1.1812496316014158,1058333940,thermal_anomaly
20400.0,340.0,5.666666666666667,0,0.0,367.32050807568874,367.32050807568874,92.02014263003282,92.12423634886608,29.680805705201312,29.688182234270887,12.375691944619916,12.345447899008446,29.29980208557429,29.256474308380707,30.006092937148082,30.07896087842489,21.044650737285654,32.67688868777459,3433.012701892219,3454.7072164715196,3449.13248266101,0.00016013481240035557,0.15400337031000888,0.14946622290328035,22.45777577562494,22.485888401651803,0.0,0.0,0.5194687099090153,0.0,True,thermal_anomaly,1.0,0.5194687099090153,thermal_anomaly,0.5194687099090153,0.5194687099090153,44,thermal_anomaly,2.7747202348521127,0.5194687099090153,gradual,0.4486344094202435,1.1812496316014158,1058333940,thermal_anomaly
20460.0,341.0,5.683333333333334,0,0.0,364.86289650954785,364.86289650954785,91.47719189117932,91.6888817647256,29.65908767564717,29.651156773634984,12.30189210469659,12.36062097095097,29.32692798469728,29.19053603894799,30.018663677628187,29.951845195565607,20.898954597082934,32.45825918623849,3371.572412738696,3413.1398146051074,3405.1949720123325,-0.000364679848664743,0.15911699621661857,0.17200495493986634,22.45650992862381,22.410861860131877,0.0,0.0,0.5194687099090153,0.0,True,thermal_anomaly,1.0,0.5194687099090153,thermal_anomaly,0.5194687099090153,0.5194687099090153,44,thermal_anomaly,2.7747202348521127,0.5194687099090153,gradual,0.4486344094202435,1.1812496316014158,1058333940,thermal_anomaly
20520.0,342.0,5.7,0,0.0,361.7557050458496,361.7557050458496,90.9388649491468,90.92376037381187,29.637554597965874,29.650826915210295,12.20599033736333,12.179730040105838,29.35331509642922,29.55065909217181,30.030612364237346,30.039788611440436,20.71092665789979,32.18184295747201,3293.8926261462407,3353.5162203756745,3352.342913614168,-0.0008460957156158409,0.17115239289039602,0.1712090747683582,22.45523253721194,22.36003166133545,0.0,0.0,0.5194687099090153,0.0,True,thermal_anomaly,1.0,0.5194687099090153,thermal_anomaly,0.5194687099090153,0.5194687099090153,44,thermal_anomaly,2.7747202348521127,0.5194687099090153,gradual,0.4486344094202435,1.1812496316014158,1058333940,thermal_anomaly
20580.0,343.0,5.716666666666667,0,0.0,358.13473286151617,358.13473286151617,90.40592635857907,90.39711858849698,29.616237054343163,29.60590512002693,12.09251304290855,12.053868074065571,29.37885794411533,29.49238997201005,30.041851010323143,30.147915826647683,20.490340384068304,31.85972071706443,3203.368321537904,3278.4422709567893,3276.3189032651517,-0.0012630726049777494,0.18157681512444374,0.17842987995763415,22.453923515837335,22.488832257942317,0.0,0.0,0.5194687099090153,0.0,True,thermal_anomaly,1.0,0.5194687099090153,thermal_anomaly,0.5194687099090153,0.5194687099090153,44,thermal_anomaly,2.7747202348521127,0.5194687099090153,gradual,0.4486344094202435,1.1812496316014158,1058333940,thermal_anomaly
20640.0,344.0,5.733333333333333,0,0.0,354.15823381635533,354.15823381635533,89.87890517730473,90.13012258522033,29.595156207092188,29.63197619042195,11.966763457443243,11.984090042178277,29.40348851699274,29.540345550612912,30.052320270311316,30.011869238045378,20.248304860347147,31.50597075263558,3103.9558454088833,3191.1990581828363,3184.3252398946956,-0.001597386625808114,0.18993466564520284,0.1947180257675883,22.45256472271362,22.460973662655032,0.0,0.0,0.5194687099090153,0.0,True,thermal_anomaly,1.0,0.5194687099090153,thermal_anomaly,0.5194687099090153,0.5194687099090153,44,thermal_anomaly,2.7747202348521127,0.5194687099090153,gradual,0.4486344094202435,1.1812496316014158,1058333940,thermal_anomaly
20700.0,345.0,5.75,0,0.0,350.0000000000001,350.0000000000001,89.3580718439714,89.4267778762396,29.574322873758856,29.572353796449995,11.834590482223797,11.832045356904693,29.4271784622186,29.5448084012056,30.06199204655884,29.96048698679238,19.996633199190597,31.13605363511166,3000.000000000003,3095.59952909142,3076.564106965283,-0.0018344266511799916,0.19586066627949977,0.19375865375554266,22.45114071668805,22.41649394672998,0.0,0.0,0.5194687099090153,0.0,True,thermal_anomaly,1.0,0.5194687099090153,thermal_anomaly,0.5194687099090153,0.5194687099090153,44,thermal_anomaly,2.7747202348521127,0.5194687099090153,gradual,0.4486344094202435,1.1812496316014158,1058333940,thermal_anomaly
20760.0,346.0,5.766666666666667,0,0.0,345.8417661836449,345.8417661836449,88.84342635857907,88.91763196872104,29.553737054343163,29.592691206169047,11.702133153168209,11.699745966340904,29.4499392069608,29.54343652435169,30.070870730449958,30.056426507447327,19.747224275393513,30.766136517587743,2896.044154591123,2995.8218418412716,2990.353238586794,-0.0019638328945404127,0.1990958223635103,0.19420913936103282,22.44963940322605,22.405443019140197,0.0,0.0,0.5194687099090153,0.0,True,thermal_anomaly,1.0,0.5194687099090153,thermal_anomaly,0.5194687099090153,0.5194687099090153,44,thermal_anomaly,2.7747202348521127,0.5194687099090153,gradual,0.4486344094202435,1.1812496316014158,1058333940,thermal_anomaly
20820.0,347.0,5.783333333333333,0,0.0,341.86526713848406,341.86526713848406,88.33469828248013,88.13803378461041,29.533387931299206,29.503637147266286,11.575551979804473,11.581336793638979,29.47182021402954,29.239929225641994,30.07899302349373,29.976311920932712,19.511502939607652,30.412386553158893,2796.6316784621017,2896.226760151687,2896.255105599316,-0.0019799496820944724,0.1994987420523618,0.19558585834759631,22.448052545536317,22.322075646180867,0.0,0.0,0.5194687099090153,0.0,True,thermal_anomaly,1.0,0.5194687099090153,thermal_anomaly,0.5194687099090153,0.5194687099090153,44,thermal_anomaly,2.7747202348521127,0.5194687099090153,gradual,0.4486344094202435,1.1812496316014158,1058333940,thermal_anomaly
20880.0,348.0,5.8,0,0.0,338.2442949541506,338.2442949541506,87.83135855784599,88.03042282871198,29.51325434231384,29.51448485271044,11.46075898750352,11.417306582015,29.492905679232518,29.577860577776903,30.086426346242362,30.139817538009364,19.299950374206645,30.09026431275131,2706.107373853765,2801.1670670027256,2804.2739196122916,-0.001882072632889122,0.19705181582222803,0.19195168782018046,22.446376120788162,22.536086223496834,0.0,0.0,0.5194687099090153,0.0,True,thermal_anomaly,1.0,0.5194687099090153,thermal_anomaly,0.5194687099090153,0.5194687099090153,44,thermal_anomaly,2.7747202348521127,0.5194687099090153,gradual,0.4486344094202435,1.1812496316014158,1058333940,thermal_anomaly
20940.0,349.0,5.816666666666666,0,0.0,335.13710349045215,335.13710349045215,87.33264263003281,87.48071928930108,29.493305705201312,29.471720099801345,11.363158366861155,11.395108154153116,29.51331002903967,29.435312577387506,30.09326590456865,30.215384990037446,19.121740094264567,29.813848083984805,2628.4275872613034,2714.7973271320143,2718.36252981746,-0.0016744794436408337,0.19186198609102084,0.20106952820710453,22.444610505780595,22.572767428251332,0.0,0.0,0.5194687099090153,0.0,True,thermal_anomaly,1.0,0.5194687099090153,thermal_anomaly,0.5194687099090153,0.5194687099090153,44,thermal_anomaly,2.7747202348521127,0.5194687099090153,gradual,0.4486344094202435,1.1812496316014158,1058333940,thermal_anomaly
21000.0,350.0,5.833333333333333,0,0.0,332.6794919243112,332.6794919243112,86.8375838622883,86.9597376385757,29.473503354491534,29.429920632440528,11.287409166227041,11.370818191297232,29.533172574028672,29.64156734462928,30.099630541520646,29.888962450404446,18.98447910350133,29.595218582448705,2566.9872981077806,2640.8923126198974,2639.6590241760273,-0.0013662429328624034,0.1841560733215601,0.1958815399887203,22.44276048152653,22.39299174764132,0.0,0.0,0.5194687099090153,0.0,True,thermal_anomaly,1.0,0.5194687099090153,thermal_anomaly,0.5194687099090153,0.5194687099090153,44,thermal_anomaly,2.7747202348521127,0.5194687099090153,gradual,0.4486344094202435,1.1812496316014158,1058333940,thermal_anomaly
21060.0,351.0,5.85,0,0.0,330.97886967409704,330.97886967409704,86.34505578241614,86.07974715700976,29.453802231296645,29.437195056927052,11.237220480906528,11.230063151124263,29.552651626695493,29.52263972494179,30.105657556047838,30.293635377106344,18.89404057955564,29.4439309664609,2524.471741852425,2582.682027236161,2587.107364357197,-0.0009708345151576903,0.17427086287894225,0.1755465632286393,22.440835052198523,22.52047045665643,0.0,0.0,0.5194687099090153,0.0,True,thermal_anomaly,1.0,0.5194687099090153,thermal_anomaly,0.5194687099090153,0.5194687099090153,44,thermal_anomaly,2.7747202348521127,0.5194687099090153,gradual,0.4486344094202435,1.1812496316014158,1058333940,thermal_anomaly
21120.0,352.0,5.866666666666666,0,0.0,330.1095620926346,330.1095620926346,85.85382131501638,85.89545127966748,29.434152852600654,29.505737755768664,11.215188143709995,11.175233777295421,29.571918318166354,29.61198593250939,30.1114967150457,30.03081223044378,18.854466256540288,29.366597230798543,2502.739052315864,2542.710539776012,2548.898078684146,-0.0005055354357605887,0.16263838589401472,0.1615841133111042,22.438847080817244,22.386689888129727,0.0,0.0,0.5194687099090153,0.0,True,thermal_anomaly,1.0,0.5194687099090153,thermal_anomaly,0.5194687099090153,0.5194687099090153,44,thermal_anomaly,2.7747202348521127,0.5194687099090153,gradual,0.4486344094202435,1.1812496316014158,1058333940,thermal_anomaly
21180.0,353.0,5.883333333333334,0,0.0,330.1095620926345,330.1095620926345,85.36258684761663,85.28056321442723,29.414503473904666,29.377625260016053,11.222680076360769,11.19715660347834,29.591150267350503,29.772777680504436,30.117303720421457,30.166489888556747,18.867914496342827,29.366597230798536,2502.7390523158633,2522.724796045938,2522.321925788737,9.318502806628603e-06,0.15023296257016572,0.1467864746895227,22.436814009848923,22.430385401822825,0.0,0.0,0.5194687099090153,0.0,True,thermal_anomaly,1.0,0.5194687099090153,thermal_anomaly,0.5194687099090153,0.5194687099090153,44,thermal_anomaly,2.7747202348521127,0.5194687099090153,gradual,0.4486344094202435,1.1812496316014158,1058333940,thermal_anomaly
21240.0,354.0,5.9,0,0.0,330.9788696740969,330.9788696740969,84.87005876774447,85.14470209123454,29.394802350709778,29.376725694862966,11.259775307388825,11.283920404088386,29.610525188098286,29.544805277366347,30.12323341670197,29.92909473180606,18.93463384646588,29.44393096646089,2524.4717418524237,2523.5982689491807,2524.0465720132565,0.0005512257128852607,0.1637806428221315,0.15753532152780894,22.434826543266624,22.419146540290303,0.0,0.0,0.5194687099090153,0.0,True,thermal_anomaly,1.0,0.5194687099090153,thermal_anomaly,0.5194687099090153,0.5194687099090153,44,thermal_anomaly,2.7747202348521127,0.5194687099090153,gradual,0.4486344094202435,1.1812496316014158,1058333940,thermal_anomaly
21300.0,355.0,5.916666666666667,0,0.0,332.67949192431126,332.67949192431126,84.37499999999994,84.26768432959723,29.374999999999996,29.384042579988513,11.325259299551023,11.338572221518168,29.630214480977006,29.590778378744528,30.129433036044265,30.087610901221538,19.052950504800584,29.595218582448712,2566.987298107782,2545.292783528482,2554.4128017504822,0.0010965022490355756,0.1774125562258894,0.18605293586605975,22.432905211045345,22.515878472527362,0.0,0.0,0.5194687099090153,0.0,True,thermal_anomaly,1.0,0.5194687099090153,thermal_anomaly,0.5194687099090153,0.5194687099090153,44,thermal_anomaly,2.7747202348521127,0.5194687099090153,gradual,0.4486344094202435,1.1812496316014158,1058333940,thermal_anomaly
21360.0,356.0,5.933333333333334,0,0.0,335.13710349045203,335.13710349045203,83.87628407218678,83.90371394985307,29.355051362887473,29.314899297255852,11.416675765526124,11.433184291438032,29.650376855418262,29.79638235103606,30.13603577587455,30.168973909982803,19.21926949144735,29.813848083984798,2628.4275872613002,2586.860185394891,2601.9242841696328,0.0016213169101006036,0.1905329227525151,0.18954931459793553,22.431068223776332,22.365240691538965,0.0,0.0,0.5194687099090153,0.0,True,thermal_anomaly,1.0,0.5194687099090153,thermal_anomaly,0.5194687099090153,0.5194687099090153,44,thermal_anomaly,2.7747202348521127,0.5194687099090153,gradual,0.4486344094202435,1.1812496316014158,1058333940,thermal_anomaly
21420.0,357.0,5.95,0,0.0,338.2442949541504,338.2442949541504,83.37294434755262,83.59480104703663,29.334917773902106,29.378783923745935,11.530432693255081,11.553649394176377,29.67115206569665,29.99217457281767,30.143154989844085,30.00719685685036,19.42810089613008,30.09026431275129,2706.1073738537607,2646.483779624326,2640.60442411943,0.0021027327770517935,0.20256831942629483,0.2025830557003895,22.42933065301511,22.313447477354657,0.0,0.0,0.5194687099090153,0.0,True,thermal_anomaly,1.0,0.5194687099090153,thermal_anomaly,0.5194687099090153,0.5194687099090153,44,thermal_anomaly,2.7747202348521127,0.5194687099090153,gradual,0.4486344094202435,1.1812496316014158,1058333940,thermal_anomaly
21480.0,358.0,5.966666666666667,0,0.0,341.8652671384839,341.8652671384839,82.86421627145369,82.77723162875273,29.31456865085815,29.313701625772932,11.661957957156439,11.63747059171583,29.692654912251633,29.666825240361284,30.15087924598538,30.179020046936103,19.67213172019398,30.41238655315888,2796.6316784620976,2721.5577290432116,2719.04071653474,0.002519709666413688,0.21299274166034218,0.22126994005339193,22.42770373965513,22.387343196899153,0.0,0.0,0.5194687099090153,0.0,True,thermal_anomaly,1.0,0.5194687099090153,thermal_anomaly,0.5194687099090153,0.5194687099090153,44,thermal_anomaly,2.7747202348521127,0.5194687099090153,gradual,0.4486344094202435,1.1812496316014158,1058333940,thermal_anomaly
21540.0,359.0,5.983333333333333,0,0.0,345.8417661836447,345.8417661836447,82.34957078606136,81.98279042081961,29.293982831442456,29.277715688629595,11.805897756328248,11.797768538785204,29.714969742845646,29.62226224673742,30.15926846805139,30.0977964427753,19.94236839526534,30.76613651758773,2896.0441545911185,2808.8009418171646,2816.393450591644,0.0028540236872440384,0.22135059218110095,0.22707913445870576,22.42619436560689,22.436066619299428,0.0,0.0,0.5194687099090153,0.0,True,thermal_anomaly,1.0,0.5194687099090153,thermal_anomaly,0.5194687099090153,0.5194687099090153,44,thermal_anomaly,2.7747202348521127,0.5194687099090153,gradual,0.4486344094202435,1.1812496316014158,1058333940,thermal_anomaly
21600.0,360.0,6.0,1,600.0,349.99999999999994,-250.00000000000006,82.72159459558517,82.82351847079447,29.308863783823405,29.265638363989545,-8.529842775344429,-8.557997800716672,29.73181655198874,29.832485480818367,30.17936442906494,30.16332388192104,14.612688070402873,31.136053635111647,2999.9999999999986,2904.4004709085825,2912.549679224925,0.0030910637126159235,0.22727659281539808,0.23043785577312095,22.42480471764112,22.33375967418809,0.0,0.0,0.5194687099090153,0.0,True,thermal_anomaly,1.0,0.5194687099090153,thermal_anomaly,0.5194687099090153,0.5194687099090153,44,thermal_anomaly,2.7747202348521127,0.5194687099090153,gradual,0.4486344094202435,1.1812496316014158,1058333940,thermal_anomaly
