time_s,time_min,time_h,in_sunlight,solar_power_w,load_power_w,battery_power_w,battery_soc_true,battery_soc_measured,battery_voltage_true,battery_voltage_measured,battery_current_true,battery_current_measured,battery_temp_true,battery_temp_measured,electronics_temp_true,electronics_temp_measured,battery_heat_w,electronics_heat_w,wheel_target_speed_rpm,wheel_speed_true,wheel_speed_measured,wheel_torque_nm,wheel_current_true,wheel_current_measured,wheel_temp_true,wheel_temp_measured,solar_degradation,battery_degradation,thermal_anomaly,wheel_degradation,fault_active,fault_type,fault_progress,fault_severity,fault_label,fault_requested_severity,fault_effective_severity,scenario_id,scenario_fault_type,scenario_start_time_h,scenario_severity,scenario_profile,scenario_ramp_duration_h,scenario_sensor_noise_scale,scenario_random_seed,scenario_internal_fault_name
0.0,0.0,0.0,1,600.0,350.0,-250.0,90.37202380952381,90.4129262977219,29.61488095238095,29.61426341790546,-8.44170200791912,-8.431620361193508,22.022336622077468,22.086883505335905,24.023,24.086853301385364,6.700986623240457,17.5,3000.0,3000.0,3001.749815324274,0.0006283185307179586,0.16570796326794895,0.1694837164780438,24.979227572821976,24.887401661440556,0.0,0.0,0.0,0.0,False,none,0.0,0.0,nominal,0.5317921786317299,0.0,45,thermal_anomaly,3.451664027341458,0.5317921786317299,gradual,0.2122179481469192,0.9023230521172474,1761602410,thermal_anomaly
60.0,1.0,0.016666666666666666,1,601.2556165273943,354.15823381635516,-247.09738271103913,90.7397282480819,90.96700207049294,29.629589129923275,29.63731095427483,-8.339548065534684,-8.352289220773457,22.0440820855283,22.009132038333668,24.046231823381635,23.998867531208617,6.563844954989063,17.70791169081776,3103.9558454088797,3051.97792270444,3048.6290170504903,0.0019890973650273443,0.1997274341256836,0.20499973361765605,24.95874847619419,24.902663229361227,0.0,0.0,0.0,0.0,False,none,0.0,0.0,nominal,0.5317921786317299,0.0,45,thermal_anomaly,3.451664027341458,0.5317921786317299,gradual,0.2122179481469192,0.9023230521172474,1761602410,thermal_anomaly
120.0,2.0,0.03333333333333333,1,602.5051158172811,358.134732861516,-244.37038295576508,91.10337465128988,91.10595610792784,29.644134986051597,29.594591003579026,-8.243464788928678,-8.219850044541396,22.065272182808812,22.038948342719888,24.069675442080733,23.978895591942802,6.436376938104555,17.9067366430758,3203.3683215379,3127.67312212117,3131.9556768382886,0.002620900448055877,0.21552251120139693,0.21046748810649185,24.938546098704002,24.94313616112466,0.0,0.0,0.0,0.0,False,none,0.0,0.0,nominal,0.5317921786317299,0.0,45,thermal_anomaly,3.451664027341458,0.5317921786317299,gradual,0.2122179481469192,0.9023230521172474,1761602410,thermal_anomaly
180.0,3.0,0.05,1,603.7424104347197,361.7557050458495,-241.98670538887018,91.46347391526143,91.59681214873339,29.658538956610457,29.631882254835872,-8.159090565549752,-8.172316629360243,22.08596608540712,22.2569865531515,24.093293609048672,23.987140481058514,6.325660708547438,18.087785252292473,3293.8926261462366,3210.7828741337034,3204.1706210970374,0.002830866546587775,0.22077166366469436,0.2262002521764648,24.918597552843362,24.840292512842666,0.0,0.0,0.0,0.0,False,none,0.0,0.0,nominal,0.5317921786317299,0.0,45,thermal_anomaly,3.451664027341458,0.5317921786317299,gradual,0.2122179481469192,0.9023230521172474,1761602410,thermal_anomaly
240.0,4.0,0.06666666666666667,1,604.961472404706,364.8628965095479,-240.0985758951581,91.82076346272446,91.933168680967,29.67283053850898,29.68390306436864,-8.091529238626613,-8.041934572938654,22.10624304767322,22.220119017228072,24.117033549827237,24.120974300596288,6.23782763356395,18.243144825477398,3371.572412738697,3291.1776434362005,3298.9195795845303,0.002777194931208119,0.21942987328020297,0.21660693640676032,24.898879660493158,24.91827258559881,0.0,0.0,0.0,0.0,False,none,0.0,0.0,nominal,0.5317921786317299,0.0,45,thermal_anomaly,3.451664027341458,0.5317921786317299,gradual,0.2122179481469192,0.9023230521172474,1761602410,thermal_anomaly
300.0,5.0,0.08333333333333333,1,606.156362579862,367.3205080756888,-238.83585450417326,92.17617396049855,92.35970943106085,29.68704695841994,29.685996646003087,-8.045119975681306,-8.048307971627379,22.126198644166678,22.04054121564444,24.140829332236187,24.239417646337028,6.17791643384851,18.36602540378444,3433.0127018922194,3362.0951726642097,3359.6149056714053,0.0025459192073639977,0.21364798018409992,0.2100896142021084,24.879369033248576,24.952633294102302,0.0,0.0,0.0,0.0,False,none,0.0,0.0,nominal,0.5317921786317299,0.0,45,thermal_anomaly,3.451664027341458,0.5317921786317299,gradual,0.2122179481469192,0.9023230521172474,1761602410,thermal_anomaly
360.0,6.0,0.1,1,607.3212595753644,369.0211303259031,-238.3001292494613,92.53078724807214,92.4975712324377,29.701231489922886,29.700362347571733,-8.023240697285983,-8.043627112234157,22.145940756644766,22.13963324403383,24.16460481061089,24.14165711819642,6.149791302926885,18.451056516295154,3475.5282581475767,3418.811715405893,3416.4789184303827,0.0021889911831264744,0.20472477957816185,0.2064283030009056,24.860041723756545,24.88990261767482,0.0,0.0,0.0,0.0,False,none,0.0,0.0,nominal,0.5317921786317299,0.0,45,thermal_anomaly,3.451664027341458,0.5317921786317299,gradual,0.2122179481469192,0.9023230521172474,1761602410,thermal_anomaly
420.0,7.0,0.11666666666666667,1,608.450488130146,369.8904379073655,-238.56005022278055,92.88578732280843,92.91684347382365,29.715431492912337,29.71984681098995,-8.028153664188972,-8.029032700625217,22.165585445773118,22.06961477224247,24.18827701591674,24.210628207629462,6.156100100466465,18.494521895368276,3497.2609476841367,3458.036331545015,3465.411134209728,0.0017429323004629288,0.1935733075115732,0.1878803814774346,24.84087334921582,24.96920709528266,0.0,0.0,0.0,0.0,False,none,0.0,0.0,nominal,0.5317921786317299,0.0,45,thermal_anomaly,3.451664027341458,0.5317921786317299,gradual,0.2122179481469192,0.9023230521172474,1761602410,thermal_anomaly
480.0,8.0,0.13333333333333333,1,609.5385467561977,369.8904379073655,-239.64810884883218,93.2424065324049,93.21232967478751,29.729696261296198,29.705265139592136,-8.060900008615953,-8.045546354942243,22.18525276215152,22.204902001783594,24.211759843580143,24.103097232569073,6.198248715912373,18.494521895368276,3497.2609476841367,3477.6486396145756,3476.205911128875,0.0012376984602625,0.18094246150656249,0.17688279124742037,24.82183963129007,24.845141368318863,0.0,0.0,0.0,0.0,False,none,0.0,0.0,nominal,0.5317921786317299,0.0,45,thermal_anomaly,3.451664027341458,0.5317921786317299,gradual,0.2122179481469192,0.9023230521172474,1761602410,thermal_anomaly
540.0,9.0,0.15,1,610.5801345412646,369.0211303259031,-241.55900421536148,93.60186933629682,93.52709289446693,29.74407477345187,29.729084882666854,-8.121247880635556,-8.129754353880847,22.20506249014894,22.23949962976982,24.234967877864094,24.209986665702882,6.2763733710982015,18.451056516295154,3475.5282581475767,3476.588448881076,3484.8941070142187,0.0007006012993672623,0.16751503248418156,0.1657350869208057,24.802917168998125,24.732360434921926,0.0,0.0,0.0,0.0,False,none,0.0,0.0,nominal,0.5317921786317299,0.0,45,thermal_anomaly,3.451664027341458,0.5317921786317299,gradual,0.2122179481469192,0.9023230521172474,1761602410,thermal_anomaly
600.0,10.0,0.16666666666666666,1,611.5701769743577,367.3205080756888,-244.24966889866886,93.96533610549126,93.89541201191136,29.75861344421965,29.791201977456133,-8.207696549992056,-8.242365755301103,22.22512979058318,22.18469659191553,24.25782018564875,24.177631831875875,6.38930261254012,18.36602540378444,3433.0127018922194,3454.8005753866473,3449.5004369640947,0.00015772978780866564,0.15394324469521664,0.1599431637421888,24.7840842940449,24.674553083655788,0.0,0.0,0.0,0.0,False,none,0.0,0.0,nominal,0.5317921786317299,0.0,45,thermal_anomaly,3.451664027341458,0.5317921786317299,gradual,0.2122179481469192,0.9023230521172474,1761602410,thermal_anomaly
660.0,11.0,0.18333333333333332,1,612.503850668262,364.8628965095479,-247.64095415871407,94.33384943013219,94.2538894274015,29.77335397720529,29.698199302694615,-8.317536356445093,-8.327955375128067,22.245560721450556,22.30082803793009,24.280243913814516,24.10905713900114,6.534512883262872,18.243144825477398,3371.572412738697,3413.186494062673,3402.0397041185206,-0.00036588236096057034,0.15914705902401424,0.15851482809963552,24.765371298209715,24.74765320806256,0.0,0.0,0.0,0.0,False,none,0.0,0.0,nominal,0.5317921786317299,0.0,45,thermal_anomaly,3.451664027341458,0.5317921786317299,gradual,0.2122179481469192,0.9023230521172474,1761602410,thermal_anomaly
720.0,12.0,0.2,1,613.376606858593,361.7557050458495,-251.62090181274357,94.70828529592498,94.84898334231029,29.788331411837,29.79839861169529,-8.446961944056957,-8.457100725420183,22.266447668077678,22.070472731582775,24.302177533008585,24.344721247162187,6.708093286747719,18.087785252292473,3293.8926261462366,3353.5395601044547,3347.3650606772185,-0.0008466969717638359,0.1711674242940959,0.1647719559503935,24.746777531689744,24.789289278393685,0.0,0.0,0.0,0.0,False,none,0.0,0.0,nominal,0.5317921786317299,0.0,45,thermal_anomaly,3.451664027341458,0.5317921786317299,gradual,0.2122179481469192,0.9023230521172474,1761602410,thermal_anomaly
780.0,13.0,0.21666666666666667,1,614.184193564921,358.134732861516,-256.049460703405,95.08931127911457,94.88833338997827,29.803572451164584,29.8329794155086,-8.59123385704722,-8.595624800451148,22.287864795185605,22.235777681765683,24.32357358603067,24.286817243790242,6.904743934917956,17.9067366430758,3203.3683215379,3278.4539408211776,3277.7674043025445,-0.001263373233051744,0.1815843308262936,0.18727774602266267,24.72828196644546,24.768356967982086,0.0,0.0,0.0,0.0,False,none,0.0,0.0,nominal,0.5317921786317299,0.0,45,thermal_anomaly,3.451664027341458,0.5317921786317299,gradual,0.2122179481469192,0.9023230521172474,1761602410,thermal_anomaly
840.0,14.0,0.23333333333333334,1,614.9226763059908,354.15823381635516,-260.7644424896356,95.47735360424795,95.43045120270551,29.819094144169917,29.84675204610346,-8.744881424931515,-8.693444285579282,22.309863726717456,22.33726696579288,24.344400820724058,24.32392701169101,7.1178360908889795,17.70791169081776,3103.9558454088797,3191.2048931150284,3188.558520444725,-0.0015975369398450977,0.18993842349612744,0.19326024481383056,24.709865507062307,24.72088207841626,0.0,0.0,0.0,0.0,False,none,0.0,0.0,nominal,0.5317921786317299,0.0,45,thermal_anomaly,3.451664027341458,0.5317921786317299,gradual,0.2122179481469192,0.9023230521172474,1761602410,thermal_anomaly
900.0,15.0,0.25,1,615.5884572681198,350.0,-265.5884572681198,95.8725745228017,95.80472588366024,29.83490298091207,29.842748036732893,-8.901938023329231,-8.899363784026598,22.33246974450947,22.244222744836573,24.364645614158267,24.41739742611394,7.33956004569558,17.5,3000.0,3095.602446557514,3091.469540257482,-0.00183450180819848,0.195862545204962,0.19254011130543194,24.691511756280946,24.671305414362596,0.0,0.0,0.0,0.0,False,none,0.0,0.0,nominal,0.5317921786317299,0.0,45,thermal_anomaly,3.451664027341458,0.5317921786317299,gradual,0.2122179481469192,0.9023230521172474,1761602410,thermal_anomaly
960.0,16.0,0.26666666666666666,1,616.178292833385,345.84176618364484,-270.3365266497401,96.27486102079239,96.37072374211616,29.850994440831695,29.91262411628379,-9.056198351635487,-9.098610834433446,22.35567885366486,22.360780781515178,24.384312625863366,24.41417055806683,7.561178286733225,17.292088309182244,2896.0441545911203,2995.8233005743177,2992.90419640048,-0.0019638704730496467,0.19909676182624117,0.20216055745044312,24.673207665569283,24.714983453988285,0.0,0.0,0.0,0.0,False,none,0.0,0.0,nominal,0.5317921786317299,0.0,45,thermal_anomaly,3.451664027341458,0.5317921786317299,gradual,0.2122179481469192,0.9023230521172474,1761602410,thermal_anomaly
1020.0,17.0,0.2833333333333333,1,616.6893093822022,341.865267138484,-274.82404224371817,96.68382536936933,96.73020748072159,29.867353014774775,29.829987854951472,-9.20148638909408,-9.195200540016197,22.379456074347853,22.385439107626148,24.403424651570308,24.295341255037957,7.7733881414946895,17.0932633569242,2796.6316784621,2896.227489518209,2891.435965212056,-0.0019799684713490795,0.19949921178372698,0.1974788089382764,24.654944048653153,24.517965248181497,0.0,0.0,0.0,0.0,False,none,0.0,0.0,nominal,0.5317921786317299,0.0,45,thermal_anomaly,3.451664027341458,0.5317921786317299,gradual,0.2122179481469192,0.9023230521172474,1761602410,thermal_anomaly
1080.0,18.0,0.3,1,617.1190172933127,338.2442949541505,-278.8747223391622,97.09881751570738,97.02327295454674,29.883952700628296,29.86647940330806,-9.331922223705668,-9.316287770172975,22.403735277205577,22.391324682893487,24.42202168385316,24.437402909704826,7.966781791143339,16.912214747707527,2706.1073738537634,2801.1674316859862,2800.4759634442667,-0.001882082027516422,0.19705205068791054,0.19865314275733928,24.636715938974486,24.53973541780518,0.0,0.0,0.0,0.0,False,none,0.0,0.0,nominal,0.5317921786317299,0.0,45,thermal_anomaly,3.451664027341458,0.5317921786317299,gradual,0.2122179481469192,0.9023230521172474,1761602410,thermal_anomaly
1140.0,19.0,0.31666666666666665,1,617.465323072968,335.1371034904521,-282.3282195825159,97.51894879484803,97.68343232544474,29.90075795179392,29.87339764010402,-9.44217601566108,-9.420069825237519,22.428420782318536,22.41314527752681,24.44015922073138,24.32400510508551,8.132375032858029,16.756855174522606,2628.427587261303,2714.797509473645,2707.1637049742644,-0.0016744841409544729,0.19186210352386182,0.19074171295023476,24.618522775982953,24.626188185122203,0.0,0.0,0.0,0.0,False,none,0.0,0.0,nominal,0.5317921786317299,0.0,45,thermal_anomaly,3.451664027341458,0.5317921786317299,gradual,0.2122179481469192,0.9023230521172474,1761602410,thermal_anomaly
1200.0,20.0,0.3333333333333333,1,617.7265395542198,332.6794919243112,-285.0470476299086,97.9431259490592,98.07806643451883,29.917725037962366,29.885458214175667,-9.527697953912426,-9.522409261413786,22.453390798504888,22.525702025353016,24.45790589615796,24.465414433700317,8.262162264078963,16.633974596215563,2566.9872981077806,2640.8924037907127,2634.4975333475627,-0.0013662452815192232,0.18415613203798056,0.1815273426928409,24.60036841001693,24.68720061548667,0.0,0.0,0.0,0.0,False,none,0.0,0.0,nominal,0.5317921786317299,0.0,45,thermal_anomaly,3.451664027341458,0.5317921786317299,gradual,0.2122179481469192,0.9023230521172474,1761602410,thermal_anomaly
1260.0,21.0,0.35,1,617.9013941166289,330.9788696740969,-286.922524442532,98.3700939913844,98.09989272705165,29.934803759655377,29.91705659821422,-9.584914160327042,-9.567576531580759,22.47850260823675,22.41325121628139,24.475340535956107,24.47772698822714,8.349646356867026,16.548943483704846,2524.4717418524233,2582.682072821568,2577.9672747645172,-0.0009708356894861285,0.1742708922371532,0.1708560053447134,24.58226092137587,24.431767727435233,0.0,0.0,0.0,0.0,False,none,0.0,0.0,nominal,0.5317921786317299,0.0,45,thermal_anomaly,3.451664027341458,0.5317921786317299,gradual,0.2122179481469192,0.9023230521172474,1761602410,thermal_anomaly
1320.0,22.0,0.36666666666666664,1,617.9890348863438,330.1095620926345,-287.8794727937093,98.79848606399409,98.71937756740469,29.951939442559762,29.932852808051685,-9.611380035866768,-9.607710949248228,22.503599226239025,22.365640392097024,24.49254876787772,24.448989718328686,8.39029009550866,16.505478104631727,2502.7390523158633,2542.710562568716,2542.780559671903,-0.0005055360229247973,0.16263840057311993,0.15532981586395703,24.564212256047483,24.566049334550236,0.0,0.0,0.0,0.0,False,none,0.0,0.0,nominal,0.5317921786317299,0.0,45,thermal_anomaly,3.451664027341458,0.5317921786317299,gradual,0.2122179481469192,0.9023230521172474,1761602410,thermal_anomaly
1380.0,23.0,0.38333333333333336,1,617.9890348863438,330.1095620926345,-287.8794727937093,99.22687813660377,99.39801432405882,29.96907512546415,29.96243528195378,-9.605884452173287,-9.59550305708556,22.52851710184386,22.536702028066102,24.509619333943963,24.465292744311572,8.38184128868036,16.505478104631727,2502.7390523158633,2522.7248074422896,2526.7439036223113,9.318209224527915e-06,0.1502329552306132,0.14555688256103672,24.54623894625931,24.607588160628787,0.0,0.0,0.0,0.0,False,none,0.0,0.0,nominal,0.5317921786317299,0.0,45,thermal_anomaly,3.451664027341458,0.5317921786317299,gradual,0.2122179481469192,0.9023230521172474,1761602410,thermal_anomaly
1440.0,24.0,0.4,1,617.9013941166289,330.9788696740969,-286.922524442532,99.65384617892896,99.70248601782569,29.98615384715716,29.940499109092922,-9.568500378708412,-9.556309867989313,22.553094319098754,22.520649440850473,24.52664026623982,24.463322368883226,8.324495959787441,16.548943483704846,2524.4717418524233,2523.5982746473564,2517.428409820744,0.0005512255660942137,0.16378063915235533,0.15707914701819453,24.528430792650212,24.556595174624686,0.0,0.0,0.0,0.0,False,none,0.0,0.0,nominal,0.5317921786317299,0.0,45,thermal_anomaly,3.451664027341458,0.5317921786317299,gradual,0.2122179481469192,0.9023230521172474,1761602410,thermal_anomaly
1500.0,25.0,0.4166666666666667,1,617.7265395542198,332.6794919243112,-285.0470476299086,100.0,99.89091094643514,30.0,30.01482636395831,-9.501568254330287,-9.510989655742739,22.577183699661948,22.609720196446084,24.543695093302333,24.58657895676928,8.222383943335767,16.633974596215563,2566.9872981077806,2545.2927863775685,2542.2242488953384,0.0010965021756400308,0.17741255439100076,0.18174007685731017,24.510807428556266,24.5245275684506,0.0,0.0,0.0,0.0,False,none,0.0,0.0,nominal,0.5317921786317299,0.0,45,thermal_anomaly,3.451664027341458,0.5317921786317299,gradual,0.2122179481469192,0.9023230521172474,1761602410,thermal_anomaly
1560.0,26.0,0.43333333333333335,1,617.465323072968,335.1371034904521,-282.3282195825159,100.0,99.58154001055985,30.0,30.00837779809925,-9.41094065275053,-9.386382844920087,22.600671478522536,22.481354027915447,24.56085924290496,24.577453518390634,8.085264317567404,16.756855174522606,2628.4275872613025,2586.8601868194355,2578.904296725221,0.0016213168734028807,0.190532921835072,0.19285487666226644,24.493386174654585,24.58651734319515,0.0,0.0,0.0,0.0,False,none,0.0,0.0,nominal,0.5317921786317299,0.0,45,thermal_anomaly,3.451664027341458,0.5317921786317299,gradual,0.2122179481469192,0.9023230521172474,1761602410,thermal_anomaly
1620.0,27.0,0.45,1,617.1190172933127,338.2442949541505,-278.8747223391622,100.0,99.7275373087494,30.0,30.033582504978426,-9.295824077972073,-9.29409117725929,22.623444075061695,22.667873676846593,24.578196798457135,24.755441153015227,7.912987623088427,16.912214747707527,2706.107373853763,2646.483780336599,2646.895018842385,0.002102732758702936,0.20256831896757338,0.204841405351643,24.47618121926103,24.539214640671954,0.0,0.0,0.0,0.0,False,none,0.0,0.0,nominal,0.5317921786317299,0.0,45,thermal_anomaly,3.451664027341458,0.5317921786317299,gradual,0.2122179481469192,0.9023230521172474,1761602410,thermal_anomaly
1680.0,28.0,0.4666666666666667,1,616.6893093822022,341.865267138484,-274.82404224371817,100.0,99.74101024376074,30.0,30.024429347202478,-9.16080140812394,-9.144408234377327,22.645415485928414,22.791708344160295,24.595757750783328,24.6211418692585,7.713622595126845,17.0932633569242,2796.6316784621,2721.5577293993497,2725.4180502474874,0.0025197096572392597,0.21299274143098149,0.22017106559008268,24.4592029266538,24.358426106051237,0.0,0.0,0.0,0.0,False,none,0.0,0.0,nominal,0.5317921786317299,0.0,45,thermal_anomaly,3.451664027341458,0.5317921786317299,gradual,0.2122179481469192,0.9023230521172474,1761602410,thermal_anomaly
1740.0,29.0,0.48333333333333334,1,616.178292833385,345.8417661836448,-270.33652664974016,100.0,99.72231650153645,30.0,30.020761652840367,-9.011217554991338,-9.031809212757306,22.666530204165745,22.58890486919828,24.613575865395426,24.699824154249754,7.496163345870727,17.29208830918224,2896.04415459112,2808.800941995234,2816.6451267024913,0.0028540236826568068,0.22135059206642016,0.2203475314569691,24.442457308702856,24.483205633734336,0.0,0.0,0.0,0.0,False,none,0.0,0.0,nominal,0.5317921786317299,0.0,45,thermal_anomaly,3.451664027341458,0.5317921786317299,gradual,0.2122179481469192,0.9023230521172474,1761602410,thermal_anomaly
1800.0,30.0,0.5,1,615.5884572681198,350.0,-265.5884572681198,100.0,100.0,30.0,30.05634944572429,-8.852948575603993,-8.887992202936434,22.68676427586936,22.650214984405682,24.631667258472262,24.568500178303196,7.269975878583101,17.5,3000.0,2904.4004709976166,2906.1888436216786,0.003091063710322311,0.22727659275805778,0.2292665458689493,24.42594568866376,24.399751418281273,0.0,0.0,0.0,0.0,False,none,0.0,0.0,nominal,0.5317921786317299,0.0,45,thermal_anomaly,3.451664027341458,0.5317921786317299,gradual,0.2122179481469192,0.9023230521172474,1761602410,thermal_anomaly
1860.0,31.0,0.5166666666666667,1,614.9226763059908,354.15823381635516,-260.7644424896356,100.0,99.9676226496613,30.0,30.02235241771102,-8.692148082987853,-8.656656385856076,22.706124607093237,22.64576511697434,24.65002974378612,24.653871711235332,7.044275063727152,17.70791169081776,3103.955845408879,3004.178158203248,3000.803815684678,0.0032204699548295168,0.23051174887073791,0.22483439798384286,24.409664577314476,24.420369711762767,0.0,0.0,0.0,0.0,False,none,0.0,0.0,nominal,0.5317921786317299,0.0,45,thermal_anomaly,3.451664027341458,0.5317921786317299,gradual,0.2122179481469192,0.9023230521172474,1761602410,thermal_anomaly
1920.0,32.0,0.5333333333333333,1,614.184193564921,358.134732861516,-256.049460703405,100.0,100.0,30.0,30.011845869463627,-8.534982023446833,-8.495665473887017,22.724646770954827,22.69267623529045,24.668642979121984,24.70483416679716,6.827673451244848,17.9067366430758,3203.3683215378996,3103.773239870574,3106.025438563798,0.0032365867429569625,0.23091466857392406,0.2288462274440381,24.39360577110314,24.436702110193256,0.0,0.0,0.0,0.0,False,none,0.0,0.0,nominal,0.5317921786317299,0.0,45,thermal_anomaly,3.451664027341458,0.5317921786317299,gradual,0.2122179481469192,0.9023230521172474,1761602410,thermal_anomaly
1980.0,33.0,0.55,1,613.376606858593,361.7557050458495,-251.62090181274357,100.0,99.90200703923631,30.0,29.990348585530374,-8.387363393758118,-8.381459306269841,22.74239165424882,22.89993935690186,24.687469405793593,24.61599373398433,6.627829175916296,18.087785252292473,3293.8926261462366,3198.832933008405,3194.943623853165,0.0031387096940383224,0.22846774235095807,0.22804427115628956,24.377756670305367,24.310379855896798,0.0,0.0,0.0,0.0,False,none,0.0,0.0,nominal,0.5317921786317299,0.0,45,thermal_anomaly,3.451664027341458,0.5317921786317299,gradual,0.2122179481469192,0.9023230521172474,1761602410,thermal_anomaly
2040.0,34.0,0.5666666666666667,1,612.503850668262,364.8628965095479,-247.64095415871407,100.0,100.0,30.0,29.998420426706893,-8.254698471957136,-8.28450827984104,22.75944131682011,22.590726901468678,24.7064559401982,24.660633032006807,6.4512037490345175,18.243144825477398,3371.572412738697,3285.2026728735514,3284.2433088133525,0.002931116504933392,0.2232779126233348,0.22329469355694906,24.36210080321205,24.288695671078152,0.0,0.0,0.0,0.0,False,none,0.0,0.0,nominal,0.5317921786317299,0.0,45,thermal_anomaly,3.451664027341458,0.5317921786317299,gradual,0.2122179481469192,0.9023230521172474,1761602410,thermal_anomaly
2100.0,35.0,0.5833333333333334,1,611.5701769743577,367.3205080756888,-244.24966889866886,100.0,100.0,30.0,29.97746487688395,-8.141655629955629,-8.118547558379294,22.775894417291664,22.82027058414852,24.725536343484183,24.825414886393926,6.302924511743055,18.36602540378444,3433.0127018922194,3359.1076873828856,3358.5849219946726,0.002622879994226634,0.21557199985566583,0.21327608636859263,24.346618531014,24.334348483823213,0.0,0.0,0.0,0.0,False,none,0.0,0.0,nominal,0.5317921786317299,0.0,45,thermal_anomaly,3.451664027341458,0.5317921786317299,gradual,0.2122179481469192,0.9023230521172474,1761602410,thermal_anomaly
2160.0,36.0,0.6,1,610.5801345412646,369.0211303259031,-241.55900421536148,100.0,99.72157059311087,30.0,30.02004810421687,-8.051966807178717,-8.060429922954206,22.79186149597829,22.87549225343447,24.7446341657689,24.86511943649182,6.1867335571126265,18.451056516295154,3475.5282581475767,3417.3179727652314,3420.60790580259,0.0022274715765577893,0.20568678941394472,0.20392683478931697,24.3312878982213,24.16563101385246,0.0,0.0,0.0,0.0,False,none,0.0,0.0,nominal,0.5317921786317299,0.0,45,thermal_anomaly,3.451664027341458,0.5317921786317299,gradual,0.2122179481469192,0.9023230521172474,1761602410,thermal_anomaly
2220.0,37.0,0.6166666666666667,1,609.5385467561977,369.8904379073655,-239.64810884883218,100.0,100.0,30.0,30.017866240612843,-7.988270294961072,-8.03561032234337,22.807460316950515,22.841946437258667,24.763666136233486,24.920762027263844,6.104996984428596,18.494521895368276,3497.2609476841367,3457.289460224684,3462.1250558933293,0.0017621724971785863,0.19405431242946464,0.19442418535177475,24.316085585916294,24.259922233154732,0.0,0.0,0.0,0.0,False,none,0.0,0.0,nominal,0.5317921786317299,0.0,45,thermal_anomaly,3.451664027341458,0.5317921786317299,gradual,0.2122179481469192,0.9023230521172474,1761602410,thermal_anomaly
2280.0,38.0,0.6333333333333333,1,608.450488130146,369.8904379073655,-238.56005022278055,100.0,100.0,30.0,30.001734846558378,-7.952001674092685,-7.963940365151032,22.82281137654875,22.73037465392937,24.782545850934355,24.730398077221775,6.05874644998183,18.494521895368276,3497.2609476841367,3477.2752039544102,3480.8991335054116,0.0012473185586203252,0.18118296396550812,0.18217420070815551,24.300987920422497,24.358706190965304,0.0,0.0,0.0,0.0,False,none,0.0,0.0,nominal,0.5317921786317299,0.0,45,thermal_anomaly,3.451664027341458,0.5317921786317299,gradual,0.2122179481469192,0.9023230521172474,1761602410,thermal_anomaly
2340.0,39.0,0.65,1,607.3212595753644,369.0211303259031,-238.3001292494613,100.0,99.97944275746764,30.0,30.02194425097676,-7.94333764164871,-7.951570808640866,22.83803360505992,22.874905606297276,24.80118759715947,24.69857075780011,6.047729031138663,18.451056516295154,3475.5282581475767,3476.401731050993,3480.602374562588,0.0007054113485461749,0.16763528371365435,0.16758949694211653,24.285971888322834,24.27610733017008,0.0,0.0,0.0,0.0,False,none,0.0,0.0,nominal,0.5317921786317299,0.0,45,thermal_anomaly,3.451664027341458,0.5317921786317299,gradual,0.2122179481469192,0.9023230521172474,1761602410,thermal_anomaly
2400.0,40.0,0.6666666666666666,1,606.156362579862,367.3205080756888,-238.83585450417326,100.0,100.0,30.0,30.009798069858423,-7.961195150139108,-7.997016190877149,22.853240237621186,22.88129333349811,24.819510147189764,24.959760797804822,6.0704502574878765,18.36602540378444,3433.0127018922194,3454.7072164716064,3449.5756878109837,0.00016013481239812548,0.15400337030995312,0.15647312361256432,24.27101611011691,24.22057783651919,0.0,0.0,0.0,0.0,False,none,0.0,0.0,nominal,0.5317921786317299,0.0,45,thermal_anomaly,3.451664027341458,0.5317921786317299,gradual,0.2122179481469192,0.9023230521172474,1761602410,thermal_anomaly
2460.0,41.0,0.6833333333333333,1,604.961472404706,364.8628965095479,-240.0985758951581,100.0,99.82969140525718,30.0,29.985466680553678,-8.003285863171936,-8.037406377278508,22.8685348187575,22.820939361074913,24.8374403556632,24.86863640375884,6.1242067686118205,18.243144825477398,3371.5724127386975,3413.1398146051515,3411.123586247771,-0.0003646798486658404,0.15911699621664602,0.16061185417583781,24.256150960607094,24.21892627296202,0.0,0.0,0.0,0.0,False,none,0.0,0.0,nominal,0.5317921786317299,0.0,45,thermal_anomaly,3.451664027341458,0.5317921786317299,gradual,0.2122179481469192,0.9023230521172474,1761602410,thermal_anomaly
2520.0,42.0,0.7,1,603.7424104347197,361.7557050458495,-241.98670538887018,100.0,100.0,30.0,30.000408629381134,-8.06622351296234,-8.144094983705982,22.884007332981238,22.873757549954338,24.85491640332248,24.840040760585836,6.205116940885321,18.087785252292473,3293.8926261462366,3353.5162203756936,3353.5471020987266,-0.000846095715616464,0.1711523928904116,0.1733210100796611,24.241376261455354,24.224171496694254,0.0,0.0,0.0,0.0,False,none,0.0,0.0,nominal,0.5317921786317299,0.0,45,thermal_anomaly,3.451664027341458,0.5317921786317299,gradual,0.2122179481469192,0.9023230521172474,1761602410,thermal_anomaly
2580.0,43.0,0.7166666666666667,1,602.5051158172811,358.134732861516,-244.37038295576508,100.0,100.0,30.0,29.98623061393248,-8.145679431858836,-8.167696188752998,22.89973051389178,22.919018091786697,24.87189054538205,24.94176238314272,6.308167472528647,17.9067366430758,3203.3683215379006,3278.442270956797,3280.600479977567,-0.0012630726049780512,0.18157681512445129,0.1835222427512609,24.226671162148925,24.262329851775682,0.0,0.0,0.0,0.0,False,none,0.0,0.0,nominal,0.5317921786317299,0.0,45,thermal_anomaly,3.451664027341458,0.5317921786317299,gradual,0.2122179481469192,0.9023230521172474,1761602410,thermal_anomaly
2640.0,44.0,0.7333333333333333,1,601.2556165273943,354.1582338163552,-247.09738271103907,100.0,100.0,30.0,29.99818902161345,-8.236579423701302,-8.205294566799742,22.91575646163588,23.159676575064765,24.88833124440063,24.821272425194955,6.427299248235174,17.707911690817763,3103.9558454088806,3191.1990581828386,3184.5192457013,-0.00159738662580824,0.189934665645206,0.1893479387714228,24.212016761677877,24.303054614940958,0.0,0.0,0.0,0.0,False,none,0.0,0.0,nominal,0.5317921786317299,0.0,45,thermal_anomaly,3.451664027341458,0.5317921786317299,gradual,0.2122179481469192,0.9023230521172474,1761602410,thermal_anomaly
2700.0,45.0,0.75,1,600.0,350.0,-250.0,100.0,99.87451147212754,30.0,30.044502666482916,-8.333333333333334,-8.340449096590378,22.932113774717916,22.806987883793287,24.904224594445424,24.774225717527194,6.555555555555556,17.5,3000.0,3095.5995290914193,3094.374619215056,-0.0018344266511800618,0.19586066627950155,0.19150402046828974,24.197396865360076,24.21152621053625,0.0,0.0,0.0,0.0,False,none,0.0,0.0,nominal,0.5317921786317299,0.0,45,thermal_anomaly,3.451664027341458,0.5317921786317299,gradual,0.2122179481469192,0.9023230521172474,1761602410,thermal_anomaly
2760.0,46.0,0.7666666666666667,1,598.7443834726058,345.8417661836448,-252.90261728896104,100.0,99.90860432583614,30.0,29.970033569815598,-8.430087242965367,-8.466471897743688,22.948805457649343,22.809307799139205,24.919574974308226,25.04878214469919,6.685309673920594,17.29208830918224,2896.04415459112,2995.82184184127,2996.9129866694993,-0.001963832894540448,0.1990958223635112,0.1997499807227839,24.182798630783033,24.14251290621048,0.0,0.0,0.0,0.0,False,none,0.0,0.0,nominal,0.5317921786317299,0.0,45,thermal_anomaly,3.451664027341458,0.5317921786317299,gradual,0.2122179481469192,0.9023230521172474,1761602410,thermal_anomaly
2820.0,47.0,0.7833333333333333,1,597.4948841827188,341.865267138484,-255.6296170442348,100.0,99.83641462497435,30.0,29.962755490088462,-8.520987234807826,-8.527481833878397,22.96580788449165,23.08222313192937,24.93440490122761,24.87706815025972,6.808577876460634,17.0932633569242,2796.6316784621,2896.226760151685,2892.4351268189157,-0.001979949682094466,0.19949874205236165,0.1961661390286678,24.16821307888662,24.293112013766418,0.0,0.0,0.0,0.0,False,none,0.0,0.0,nominal,0.5317921786317299,0.0,45,thermal_anomaly,3.451664027341458,0.5317921786317299,gradual,0.2122179481469192,0.9023230521172474,1761602410,thermal_anomaly
2880.0,48.0,0.8,1,596.2575895652803,338.2442949541505,-258.0132946111298,100.0,99.94270386279715,30.0,29.994813343680217,-8.600443153704328,-8.590189254066683,22.983071069835393,22.853352036975817,24.9487540915132,25.078335172471903,6.917409795207972,16.912214747707527,2706.1073738537634,2801.1670670027247,2799.8455498296476,-0.0018820726328891155,0.1970518158222279,0.19671929132339588,24.153635450138335,24.10306495988385,0.0,0.0,0.0,0.0,False,none,0.0,0.0,nominal,0.5317921786317299,0.0,45,thermal_anomaly,3.451664027341458,0.5317921786317299,gradual,0.2122179481469192,0.9023230521172474,1761602410,thermal_anomaly
2940.0,49.0,0.8166666666666667,1,595.038527595294,335.13710349045215,-259.90142410484185,100.0,99.91866479424039,30.0,29.95502610136155,-8.663380803494729,-8.673775030059891,23.000520421268742,23.02658226369246,24.962677769130142,24.899848117890347,7.004333355708877,16.75685517452261,2628.4275872613034,2714.797327132014,2717.35865712999,-0.0016744794436408194,0.19186198609102048,0.1975218756727099,24.139065390160642,24.193161524627328,0.0,0.0,0.0,0.0,False,none,0.0,0.0,nominal,0.5317921786317299,0.0,45,thermal_anomaly,3.451664027341458,0.5317921786317299,gradual,0.2122179481469192,0.9023230521172474,1761602410,thermal_anomaly
3000.0,50.0,0.8333333333333334,1,593.843637420138,332.6794919243112,-261.16414549582674,100.0,99.91424392751776,30.0,29.960754914536395,-8.705471516527558,-8.723319956655887,23.01806002789448,23.04429423414714,24.976244296169533,24.94374281966834,7.06281874600581,16.633974596215563,2566.9872981077806,2640.8923126198974,2642.9848862781837,-0.0013662429328623966,0.18415607332155992,0.18708916967120812,24.124506954273727,24.25439145758069,0.0,0.0,0.0,0.0,False,none,0.0,0.0,nominal,0.5317921786317299,0.0,45,thermal_anomaly,3.451664027341458,0.5317921786317299,gradual,0.2122179481469192,0.9023230521172474,1761602410,thermal_anomaly
3060.0,51.0,0.85,1,592.6787404246356,330.9788696740969,-261.6998707505387,100.0,100.0,30.0,30.06894030412239,-8.723329025017957,-8.729540561254217,23.035577392868106,22.964603337765016,24.989532228767587,24.930485553277652,7.08771754229766,16.548943483704846,2524.4717418524233,2582.6820272361606,2588.479590525737,-0.0009708345151577116,0.17427086287894278,0.16909695517195142,24.109968426400112,24.173017929453216,0.0,0.0,0.0,0.0,False,none,0.0,0.0,nominal,0.5317921786317299,0.0,45,thermal_anomaly,3.451664027341458,0.5317921786317299,gradual,0.2122179481469192,0.9023230521172474,1761602410,thermal_anomaly
3120.0,52.0,0.8666666666666667,1,591.549511869854,330.1095620926345,-261.43994977721945,100.0,99.9626173157381,30.0,29.995808832774348,-8.714664992573981,-8.711686712603232,23.05294936475964,23.07192952994456,25.00262692714671,25.072998309838834,7.075630874623557,16.505478104631727,2502.7390523158633,2542.710539776012,2541.3437780404556,-0.0005055354357605888,0.16263838589401472,0.16584645195067949,24.09546195471232,24.073597289620754,0.0,0.0,0.0,0.0,False,none,0.0,0.0,nominal,0.5317921786317299,0.0,45,thermal_anomaly,3.451664027341458,0.5317921786317299,gradual,0.2122179481469192,0.9023230521172474,1761602410,thermal_anomaly
3180.0,53.0,0.8833333333333333,1,590.4614532438023,330.1095620926345,-260.3518911511678,100.0,100.0,30.0,30.009062892732356,-8.678396371705594,-8.66325707383785,23.070048885526933,23.140695361696622,25.0156168679388,25.06027063276001,7.025165086754626,16.505478104631727,2502.7390523158633,2522.724796045938,2533.424597190495,9.318502806628603e-06,0.15023296257016572,0.1475598538383444,24.081004272189787,24.172161437379707,0.0,0.0,0.0,0.0,False,none,0.0,0.0,nominal,0.5317921786317299,0.0,45,thermal_anomaly,3.451664027341458,0.5317921786317299,gradual,0.2122179481469192,0.9023230521172474,1761602410,thermal_anomaly
3240.0,54.0,0.9,1,589.4198654587356,330.9788696740969,-258.44099578463863,100.0,99.85506656396035,30.0,30.008072411446943,-8.614699859487954,-8.606256570145536,23.086752073192187,23.104410353463983,25.0285898199627,24.861116292850166,6.937044293524942,16.548943483704846,2524.471741852423,2523.5982689491807,2523.1619003820488,0.0005512257128852536,0.16378064282213134,0.17103882251103944,24.06668537863993,24.059056091210756,0.0,0.0,0.0,0.0,False,none,0.0,0.0,nominal,0.5317921786317299,0.0,45,thermal_anomaly,3.451664027341458,0.5317921786317299,gradual,0.2122179481469192,0.9023230521172474,1761602410,thermal_anomaly
3300.0,55.0,0.9166666666666666,1,588.4298230256423,332.67949192431126,-255.75033110133108,100.0,99.9936515346418,30.0,29.98819796237617,-8.525011036711037,-8.558278628150024,23.102945110933312,23.1700996651218,25.04162905059543,24.853538299544596,6.814065054083598,16.633974596215563,2566.987298107781,2545.292783528481,2545.42727901156,0.0010965022490355618,0.17741255622588903,0.1788813621048481,24.05252510515335,24.07949160052636,0.0,0.0,0.0,0.0,False,none,0.0,0.0,nominal,0.5317921786317299,0.0,45,thermal_anomaly,3.451664027341458,0.5317921786317299,gradual,0.2122179481469192,0.9023230521172474,1761602410,thermal_anomaly
3360.0,56.0,0.9333333333333333,0,0.0,335.1371034904521,335.1371034904521,99.50128407218682,99.80624375930923,29.980051362887473,29.98509383774157,11.178670090783127,11.18250917001295,23.114984150934,23.026733949909175,25.03880972853971,24.916680033048312,10.99701319988554,16.756855174522606,2628.427587261303,2586.860185394892,2596.327972938133,0.001621316910100646,0.19053292275251615,0.19024348790122644,24.03854096867853,24.050217718608202,0.0,0.0,0.0,0.0,False,none,0.0,0.0,nominal,0.5317921786317299,0.0,45,thermal_anomaly,3.451664027341458,0.5317921786317299,gradual,0.2122179481469192,0.9023230521172474,1761602410,thermal_anomaly
3420.0,57.0,0.95,0,0.0,338.2442949541505,338.2442949541505,98.99794434755268,99.08545624808731,29.959917773902106,29.925165343064972,11.289893967893095,11.268050185977673,23.127617367576732,23.02180247938707,25.03632368020681,24.91602351738844,11.19693646450151,16.912214747707527,2706.1073738537634,2646.4837796243282,2637.9862742994032,0.0021027327770518148,0.20256831942629536,0.1985574621176734,24.024747352330543,24.10584227086932,0.0,0.0,0.0,0.0,False,none,0.0,0.0,nominal,0.5317921786317299,0.0,45,thermal_anomaly,3.451664027341458,0.5317921786317299,gradual,0.2122179481469192,0.9023230521172474,1761602410,thermal_anomaly
3480.0,58.0,0.9666666666666667,0,0.0,341.865267138484,341.865267138484,98.48921627145373,98.39595019597128,29.93956865085815,29.939969896273535,11.41851010364123,11.39229606738951,23.140953629501126,23.125102634189826,25.034219617479003,25.112936960686888,11.430589838956548,17.0932633569242,2796.6316784620994,2721.5577290432134,2722.823803009235,0.0025197096664136814,0.21299274166034204,0.21195935567546198,24.011154813725696,24.025866919405342,0.0,0.0,0.0,0.0,False,none,0.0,0.0,nominal,0.5317921786317299,0.0,45,thermal_anomaly,3.451664027341458,0.5317921786317299,gradual,0.2122179481469192,0.9023230521172474,1761602410,thermal_anomaly
3540.0,59.0,0.9833333333333333,0,0.0,345.84176618364484,345.84176618364484,97.9745707860614,98.07493949637417,29.918982831442456,29.93128377685732,11.55927553192727,11.576725104335344,23.15507240127692,23.267182939836033,25.032530037157535,25.093059111952524,11.689348065840997,17.292088309182244,2896.0441545911203,2808.8009418171673,2804.624464714965,0.002854023687244039,0.22135059218110098,0.22331528790063893,23.997769556621925,23.960522227305223,0.0,0.0,0.0,0.0,False,none,0.0,0.0,nominal,0.5317921786317299,0.0,45,thermal_anomaly,3.451664027341458,0.5317921786317299,gradual,0.2122179481469192,0.9023230521172474,1761602410,thermal_anomaly
3600.0,60.0,1.0,0,0.0,350.0,350.0,97.45373745272806,97.3913273792979,29.898149498109124,29.90542585718682,11.706410124885334,11.734092549100266,23.170019310339132,23.182896511785657,25.031269796860276,24.986645449100543,11.96320304096143,17.5,2999.9999999999995,2904.4004709085834,2904.6592103189937,0.0030910637126159027,0.22727659281539755,0.22536109252919934,23.984593094723543,23.947242294408927,0.0,0.0,0.0,0.0,False,none,0.0,0.0,nominal,0.5317921786317299,0.0,45,thermal_anomaly,3.451664027341458,0.5317921786317299,gradual,0.2122179481469192,0.9023230521172474,1761602410,thermal_anomaly
3660.0,61.0,1.0166666666666666,0,0.0,354.15823381635516,354.15823381635516,96.92671627145373,97.02086747599797,29.87706865085815,29.864132140576285,11.853848111909159,11.83222179956617,23.185802851826487,23.203279960967734,25.03043546186703,25.002141926154625,12.241097204816986,17.70791169081776,3103.955845408879,3004.1781581587315,3008.749265593849,0.003220469955976316,0.2305117488994079,0.21910425958810437,23.971622127828866,23.946801517299047,0.0,0.0,0.0,0.0,False,none,0.0,0.0,nominal,0.5317921786317299,0.0,45,thermal_anomaly,3.451664027341458,0.5317921786317299,gradual,0.2122179481469192,0.9023230521172474,1761602410,thermal_anomaly
3720.0,62.0,1.0333333333333334,0,0.0,358.134732861516,358.134732861516,96.39377768088599,96.60150972670277,29.85575110723544,29.886517823341737,11.9955023598359,11.947907610778268,23.20239258854615,23.143088816509124,25.030005451458244,25.114304989583335,12.511366149186292,17.9067366430758,3203.368321537899,3103.7732398483154,3102.9910507102113,0.0032365867435303623,0.23091466858825904,0.23433481487396082,23.958848639988698,23.96425704645077,0.0,0.0,0.0,0.0,False,none,0.0,0.0,nominal,0.5317921786317299,0.0,45,thermal_anomaly,3.451664027341458,0.5317921786317299,gradual,0.2122179481469192,0.9023230521172474,1761602410,thermal_anomaly
3780.0,63.0,1.05,0,0.0,361.7557050458495,361.7557050458495,95.85545073885348,95.83930968923771,29.83421802955414,29.804044015264907,12.125529976602365,12.143821444234781,23.2197191602718,23.249414219129406,25.029940978351163,25.13617808612468,12.762278177078606,18.087785252292473,3293.8926261462366,3198.8329329972757,3201.833119922439,0.0031387096943250254,0.22846774235812561,0.22755584541956797,23.946260217674297,24.0384554374366,0.0,0.0,0.0,0.0,False,none,0.0,0.0,nominal,0.5317921786317299,0.0,45,thermal_anomaly,3.451664027341458,0.5317921786317299,gradual,0.2122179481469192,0.9023230521172474,1761602410,thermal_anomaly
3840.0,64.0,1.0666666666666667,0,0.0,364.86289650954785,364.86289650954785,95.31249999999997,95.23320358324658,29.8125,29.825387847663485,12.238587723590703,12.287522889435433,23.237676319834975,23.336086613718575,25.030187740175307,25.207753524605934,12.982642357442005,18.243144825477394,3371.5724127386966,3285.202672867986,3289.2798316221806,0.0029311165050767297,0.22327791262691823,0.23171234300424262,23.933840573975722,24.04204432059597,0.0,0.0,0.0,0.0,False,none,0.0,0.0,nominal,0.5317921786317299,0.0,45,thermal_anomaly,3.451664027341458,0.5317921786317299,gradual,0.2122179481469192,0.9023230521172474,1761602410,thermal_anomaly
3900.0,65.0,1.0833333333333333,0,0.0,367.3205080756888,367.3205080756888,94.76589210107781,94.93476055108474,29.790635684043114,29.79314770787051,12.330066131231911,12.384517573499041,23.256125070129446,23.120140688293027,25.030678289061473,24.94224853890414,13.162442464044181,18.36602540378444,3433.0127018922194,3359.107687380103,3357.9269195877373,0.0026228799942983206,0.215571999857458,0.21117689667876527,23.92157025349694,23.90780965211428,0.0,0.0,0.0,0.0,False,none,0.0,0.0,nominal,0.5317921786317299,0.0,45,thermal_anomaly,3.451664027341458,0.5317921786317299,gradual,0.2122179481469192,0.9023230521172474,1761602410,thermal_anomaly
3960.0,66.0,1.1,0,0.0,369.0211303259031,369.0211303259031,94.21675351428333,94.43040879860632,29.768670140571334,29.82682600997868,12.396292094451642,12.404254545123468,23.27489980175959,23.135554243713084,25.031334975781572,24.89522461337787,13.293444615277142,18.451056516295154,3475.5282581475767,3417.31797276384,3421.4057794877626,0.0022274715765936287,0.2056867894148407,0.21152261068267547,23.909427482785624,23.87079729653321,0.0,0.0,0.0,0.0,False,none,0.0,0.0,nominal,0.5317921786317299,0.0,45,thermal_anomaly,3.451664027341458,0.5317921786317299,gradual,0.2122179481469192,0.9023230521172474,1761602410,thermal_anomaly
4020.0,67.0,1.1166666666666667,0,0.0,369.8904379073655,369.8904379073655,93.6663213150164,93.50692050746672,29.746652852600654,29.746010997627423,12.434691047097997,12.468673087635274,23.293816147332176,23.341226855652987,25.032073339766058,25.045524061614664,13.369723314942329,18.494521895368276,3497.2609476841367,3457.2894602239876,3456.402202307333,0.001762172497196506,0.19405431242991264,0.19853202196655118,23.897389123596383,23.92033118983906,0.0,0.0,0.0,0.0,False,none,0.0,0.0,nominal,0.5317921786317299,0.0,45,thermal_anomaly,3.451664027341458,0.5317921786317299,gradual,0.2122179481469192,0.9023230521172474,1761602410,thermal_anomaly
4080.0,68.0,1.1333333333333333,0,0.0,369.8904379073655,369.8904379073655,93.11588911574948,92.99096778050684,29.724635564629978,29.736468717817075,12.443901527509611,12.411581586369676,23.312680099841877,23.26144111099671,25.032805796838666,25.063150127332474,13.388054818108483,18.494521895368276,3497.2609476841367,3477.2752039540624,3482.5309802335164,0.0012473185586292885,0.18118296396573222,0.17964662482413302,23.885431681569983,23.92787479557229,0.0,0.0,0.0,0.0,False,none,0.0,0.0,nominal,0.5317921786317299,0.0,45,thermal_anomaly,3.451664027341458,0.5317921786317299,gradual,0.2122179481469192,0.9023230521172474,1761602410,thermal_anomaly
4140.0,69.0,1.15,0,0.0,369.0211303259031,369.0211303259031,92.56675052895498,92.35847329474191,29.702670021158198,29.706067341410645,12.42383698378082,12.42202279051782,23.33129781268271,23.553057823405478,25.033445463496548,25.038364536192326,13.348138031964808,18.451056516295154,3475.5282581475767,3476.4017310508193,3479.0548884425275,0.0007054113485506565,0.1676352837137664,0.16706240475052087,23.873532321261713,23.711250380916653,0.0,0.0,0.0,0.0,False,none,0.0,0.0,nominal,0.5317921786317299,0.0,45,thermal_anomaly,3.451664027341458,0.5317921786317299,gradual,0.2122179481469192,0.9023230521172474,1761602410,thermal_anomaly
4200.0,70.0,1.1666666666666667,0,0.0,367.3205080756888,367.3205080756888,92.02014263003282,92.02348045089786,29.680805705201312,29.677838759884704,12.375691944619918,12.379562168735587,23.349485426102113,23.21698343789185,25.033909950596144,24.940802315631334,13.252620088650426,18.36602540378444,3433.0127018922194,3454.7072164715196,3464.251353318315,0.00016013481240036284,0.15400337031000907,0.1475629019346599,23.861669839808748,23.76356383213859,0.0,0.0,0.0,0.0,False,none,0.0,0.0,nominal,0.5317921786317299,0.0,45,thermal_anomaly,3.451664027341458,0.5317921786317299,gradual,0.2122179481469192,0.9023230521172474,1761602410,thermal_anomaly
4260.0,71.0,1.1833333333333333,0,0.0,364.8628965095479,364.8628965095479,91.47719189117932,91.32965875164359,29.65908767564717,29.61727429150947,12.301892104696591,12.303250758458931,23.367078260040326,23.450047573140345,25.03412496064233,25.146831953088842,13.106923948447706,18.243144825477398,3371.5724127386975,3413.1398146051083,3409.8393544619944,-0.00036467984866472153,0.15911699621661804,0.15837176380239706,23.84987478732624,23.90753185815744,0.0,0.0,0.0,0.0,False,none,0.0,0.0,nominal,0.5317921786317299,0.0,45,thermal_anomaly,3.451664027341458,0.5317921786317299,gradual,0.2122179481469192,0.9023230521172474,1761602410,thermal_anomaly
4320.0,72.0,1.2,0,0.0,361.7557050458495,361.7557050458495,90.9388649491468,91.15876436518963,29.637554597965874,29.614009603094274,12.205990337363327,12.25263969629439,23.383938777177633,23.364938890686965,25.034027531461778,25.122235002656527,12.918896009264552,18.087785252292473,3293.8926261462366,3353.516220375672,3351.91025477965,-0.0008460957156159048,0.1711523928903976,0.17731745047287112,23.838147159474104,24.02711691109243,0.0,0.0,0.0,0.0,False,none,0.0,0.0,nominal,0.5317921786317299,0.0,45,thermal_anomaly,3.451664027341458,0.5317921786317299,gradual,0.2122179481469192,0.9023230521172474,1761602410,thermal_anomaly
4380.0,73.0,1.2166666666666666,0,0.0,358.134732861516,358.134732861516,90.40592635857907,90.38206982711361,29.616237054343163,29.602702517683344,12.092513042908543,12.125717315790347,23.39996284363268,23.39283922263017,25.033568784496236,25.10449407209059,12.698309735433059,17.9067366430758,3203.3683215379006,3278.4422709567866,3289.148523766323,-0.001263072604977771,0.18157681512444426,0.18156021185753396,23.826466278432534,23.842193500518917,0.0,0.0,0.0,0.0,False,none,0.0,0.0,nominal,0.5317921786317299,0.0,45,thermal_anomaly,3.451664027341458,0.5317921786317299,gradual,0.2122179481469192,0.9023230521172474,1761602410,thermal_anomaly
4440.0,74.0,1.2333333333333334,0,0.0,354.15823381635516,354.15823381635516,89.87890517730473,90.22008057748009,29.595156207092188,29.54745865071071,11.966763457443236,11.97543620709322,23.41508398060992,23.371755864916107,25.032716057601903,25.189920231105926,12.456274211711902,17.70791169081776,3103.9558454088797,3191.199058182833,3181.0710592124783,-0.0015973866258081216,0.18993466564520303,0.19258230224196515,23.81481341458936,23.699846408840436,0.0,0.0,0.0,0.0,False,none,0.0,0.0,nominal,0.5317921786317299,0.0,45,thermal_anomaly,3.451664027341458,0.5317921786317299,gradual,0.2122179481469192,0.9023230521172474,1761602410,thermal_anomaly
4500.0,75.0,1.25,0,0.0,350.0,350.0,89.3580718439714,89.35945747205365,29.574322873758856,29.603153042631767,11.834590482223794,11.87477807775982,23.429275485228114,23.473410127961298,25.031454329141088,25.13013790722697,12.20460255055536,17.5,3000.0000000000005,3095.599529091417,3097.40125967867,-0.0018344266511799855,0.19586066627949963,0.1939965985480924,23.80317254337472,23.839225934145936,0.0,0.0,0.0,0.0,False,none,0.0,0.0,nominal,0.5317921786317299,0.0,45,thermal_anomaly,3.451664027341458,0.5317921786317299,gradual,0.2122179481469192,0.9023230521172474,1761602410,thermal_anomaly
4560.0,76.0,1.2666666666666666,0,0.0,345.8417661836448,345.8417661836448,88.84342635857907,88.77539797775258,29.553737054343163,29.57333926922088,11.702133153168205,11.713769228838146,23.442550477739275,23.498731693835904,25.029786871126323,25.028887349233084,11.955193626758275,17.29208830918224,2896.04415459112,2995.8218418412685,2996.8215057290495,-0.0019638328945404205,0.1990958223635105,0.19423376839123724,23.791530991212568,23.70492973937649,0.0,0.0,0.0,0.0,False,none,0.0,0.0,nominal,0.5317921786317299,0.0,45,thermal_anomaly,3.451664027341458,0.5317921786317299,gradual,0.2122179481469192,0.9023230521172474,1761602410,thermal_anomaly
4620.0,77.0,1.2833333333333334,0,0.0,341.865267138484,341.865267138484,88.33469828248013,88.3877987698372,29.533387931299206,29.525862549714965,11.575551979804471,11.592136875815962,23.454960082509412,23.38035293368612,25.027735102871162,24.935137249568445,11.719472290972417,17.0932633569242,2796.631678462101,2896.226760151685,2898.7073019848954,-0.001979949682094438,0.19949874205236096,0.195509121238009,23.779879946612933,23.774403451520936,0.0,0.0,0.0,0.0,False,none,0.0,0.0,nominal,0.5317921786317299,0.0,45,thermal_anomaly,3.451664027341458,0.5317921786317299,gradual,0.2122179481469192,0.9023230521172474,1761602410,thermal_anomaly
4680.0,78.0,1.3,0,0.0,338.2442949541506,338.2442949541506,87.83135855784599,87.68850265692791,29.51325434231384,29.49440348474009,11.46075898750352,11.475402896667559,23.466590054432928,23.25327972029815,25.02533765154361,25.03384051204449,11.507919725571414,16.91221474770753,2706.107373853764,2801.1670670027247,2799.505762350386,-0.0018820726328891081,0.1970518158222277,0.19840202854865702,23.768214816356704,23.876576441663293,0.0,0.0,0.0,0.0,False,none,0.0,0.0,nominal,0.5317921786317299,0.0,45,thermal_anomaly,3.451664027341458,0.5317921786317299,gradual,0.2122179481469192,0.9023230521172474,1761602410,thermal_anomaly
4740.0,79.0,1.3166666666666667,0,0.0,335.1371034904521,335.1371034904521,87.33264263003281,87.3887334754199,29.493305705201312,29.548228693161544,11.363158366861153,11.342781441656733,23.477556212258428,23.47552972396515,25.022648660680304,24.992088485851898,11.32970944562933,16.756855174522606,2628.4275872613025,2714.7973271320134,2709.8700626385776,-0.0016744794436408268,0.19186198609102068,0.1931309944614834,23.756535411132372,23.80979492365715,0.0,0.0,0.0,0.0,False,none,0.0,0.0,nominal,0.5317921786317299,0.0,45,thermal_anomaly,3.451664027341458,0.5317921786317299,gradual,0.2122179481469192,0.9023230521172474,1761602410,thermal_anomaly
4800.0,80.0,1.3333333333333333,0,0.0,332.67949192431126,332.67949192431126,86.8375838622883,86.6516230561697,29.473503354491534,29.484929724117844,11.287409166227043,11.313243818995499,23.487999036501098,23.53636153645185,25.019735420587292,25.030821543642467,11.192448454866103,16.633974596215563,2566.987298107781,2640.8923126198974,2637.5380951168218,-0.0013662429328623821,0.18415607332155953,0.18671028088304353,23.74484595008817,23.760612623326267,0.0,0.0,0.0,0.0,False,none,0.0,0.0,nominal,0.5317921786317299,0.0,45,thermal_anomaly,3.451664027341458,0.5317921786317299,gradual,0.2122179481469192,0.9023230521172474,1761602410,thermal_anomaly
4860.0,81.0,1.35,0,0.0,330.9788696740969,330.9788696740969,86.34505578241614,86.38981431847161,29.453802231296645,29.465499675320785,11.237220480906524,11.232010727381587,23.498077742051827,23.556541054918117,25.01667542419,24.936953783430397,11.102009930920405,16.548943483704846,2524.4717418524233,2582.6820272361606,2576.307120652595,-0.0009708345151577116,0.17427086287894278,0.17366184643368582,23.733154879745946,23.692165851559867,0.0,0.0,0.0,0.0,False,none,0.0,0.0,nominal,0.5317921786317299,0.0,45,thermal_anomaly,3.451664027341458,0.5317921786317299,gradual,0.2122179481469192,0.9023230521172474,1761602410,thermal_anomaly
4920.0,82.0,1.3666666666666667,0,0.0,330.1095620926345,330.1095620926345,85.85382131501638,86.14073443369628,29.434152852600654,29.42445640697526,11.215188143709993,11.205450791805147,23.5079640609592,23.353834828290797,25.013552977005745,24.835341268892908,11.062435607905055,16.505478104631727,2502.7390523158633,2542.710539776012,2537.2910422218024,-0.0005055354357605888,0.16263838589401472,0.16119233734038185,23.721474509658062,23.74187507526455,0.0,0.0,0.0,0.0,False,none,0.0,0.0,nominal,0.5317921786317299,0.0,45,thermal_anomaly,3.451664027341458,0.5317921786317299,gradual,0.2122179481469192,0.9023230521172474,1761602410,thermal_anomaly
4980.0,83.0,1.3833333333333333,0,0.0,330.1095620926345,330.1095620926345,85.36258684761663,85.35239204449667,29.414503473904666,29.35176338162142,11.222680076360769,11.231148244331917,23.517835889419135,23.544677646820254,25.010455509398962,24.945328758921125,11.075883847707596,16.505478104631727,2502.7390523158633,2522.724796045938,2530.262550714223,9.318502806628603e-06,0.15023296257016572,0.15034838857085808,23.709821732973435,23.673178605136528,0.0,0.0,0.0,0.0,False,none,0.0,0.0,nominal,0.5317921786317299,0.0,45,thermal_anomaly,3.451664027341458,0.5317921786317299,gradual,0.2122179481469192,0.9023230521172474,1761602410,thermal_anomaly
5040.0,84.0,1.4,0,0.0,330.9788696740969,330.9788696740969,84.87005876774447,84.51850648908665,29.394802350709778,29.398920624543276,11.259775307388825,11.248868065310909,23.527870884742057,23.460132873144772,25.00746975229118,24.890999643660294,11.142603197830649,16.548943483704846,2524.4717418524233,2523.5982689491807,2518.144858655337,0.0005512257128852607,0.1637806428221315,0.1686331283695015,23.698286708467702,23.71360847637364,0.0,0.0,0.0,0.0,False,none,0.0,0.0,nominal,0.5317921786317299,0.0,45,thermal_anomaly,3.451664027341458,0.5317921786317299,gradual,0.2122179481469192,0.9023230521172474,1761602410,thermal_anomaly
5100.0,85.0,1.4166666666666667,0,0.0,332.6794919243112,332.6794919243112,84.37499999999994,84.24018082662313,29.374999999999996,29.403093833383785,11.325259299551021,11.304433336082283,23.538240058954155,23.592955357132325,25.004677943465282,24.99234036664208,11.260919856165351,16.633974596215563,2566.9872981077806,2545.292783528481,2551.3390084180355,0.0010965022490355544,0.17741255622588886,0.18059445993939177,23.686889425007415,23.739890981003956,0.0,0.0,0.0,0.0,False,none,0.0,0.0,nominal,0.5317921786317299,0.0,45,thermal_anomaly,3.451664027341458,0.5317921786317299,gradual,0.2122179481469192,0.9023230521172474,1761602410,thermal_anomaly
5160.0,86.0,1.4333333333333333,0,0.0,335.1371034904521,335.1371034904521,83.87628407218678,84.11760132874002,29.355051362887473,29.38661111948825,11.416675765526126,11.401211836615378,23.549101414743138,23.607346799180682,25.002154230266605,25.04918568035117,11.427238842812123,16.756855174522606,2628.4275872613025,2586.860185394892,2579.5749289279693,0.0016213169101006388,0.19053292275251596,0.18628907682882426,23.67564755613369,23.702846597591947,0.0,0.0,0.0,0.0,False,none,0.0,0.0,nominal,0.5317921786317299,0.0,45,thermal_anomaly,3.451664027341458,0.5317921786317299,gradual,0.2122179481469192,0.9023230521172474,1761602410,thermal_anomaly
5220.0,87.0,1.45,0,0.0,338.2442949541505,338.2442949541505,83.37294434755262,83.54120710645132,29.334917773902106,29.347117644448392,11.530432693255085,11.561540803173862,23.56059370707966,23.534152526787572,24.99996142591989,24.928353459579455,11.636070247494857,16.912214747707527,2706.107373853763,2646.483779624328,2639.5701156209666,0.002102732777051808,0.2025683194262952,0.2086534852842953,23.66457564037979,23.710140181711555,0.0,0.0,0.0,0.0,False,none,0.0,0.0,nominal,0.5317921786317299,0.0,45,thermal_anomaly,3.451664027341458,0.5317921786317299,gradual,0.2122179481469192,0.9023230521172474,1761602410,thermal_anomaly
5280.0,88.0,1.4666666666666666,0,0.0,341.86526713848394,341.86526713848394,82.86421627145369,83.01552714277302,29.31456865085815,29.302709617736117,11.66195795715644,11.620153562433662,23.57283048174238,23.53975138451965,24.998148261226376,24.996510003321266,11.880101071558753,17.093263356924197,2796.6316784620985,2721.557729043213,2716.999262351095,0.0025197096664136814,0.21299274166034204,0.21470595454189753,23.653684389614575,23.702450893267823,0.0,0.0,0.0,0.0,False,none,0.0,0.0,nominal,0.5317921786317299,0.0,45,thermal_anomaly,3.451664027341458,0.5317921786317299,gradual,0.2122179481469192,0.9023230521172474,1761602410,thermal_anomaly
5340.0,89.0,1.4833333333333334,0,0.0,345.8417661836448,345.8417661836448,82.34957078606136,82.32486685606662,29.293982831442456,29.279002552836673,11.80589775632825,11.810063346455726,23.585894624674026,23.657633381462176,24.99674725175493,25.066662194360603,12.150337746630113,17.29208830918224,2896.0441545911194,2808.800941817166,2806.8031296115596,0.002854023687244032,0.22135059218110079,0.22768824071301713,23.64298016069164,23.732654300531834,0.0,0.0,0.0,0.0,False,none,0.0,0.0,nominal,0.5317921786317299,0.0,45,thermal_anomaly,3.451664027341458,0.5317921786317299,gradual,0.2122179481469192,0.9023230521172474,1761602410,thermal_anomaly
5400.0,90.0,1.5,1,600.0,350.0,-250.0,82.72159459558517,82.9351051578464,29.308863783823405,29.279413725832608,-8.529842775344427,-8.559832443830452,23.599114781665207,23.654881400744006,25.01177327374089,24.74888494943354,6.820657421767642,17.5,2999.9999999999995,2904.400470908583,2904.762078428115,0.003091063712615916,0.22727659281539792,0.23161551326491767,23.632464619262734,23.705673716396795,0.0,0.0,0.0,0.0,False,none,0.0,0.0,nominal,0.5317921786317299,0.0,45,thermal_anomaly,3.451664027341458,0.5317921786317299,gradual,0.2122179481469192,0.9023230521172474,1761602410,thermal_anomaly
5460.0,91.0,1.5166666666666666,1,601.2556165273943,354.1582338163552,-247.09738271103907,83.08929903414327,83.20998918338687,29.32357196136573,29.31832736609765,-8.426578557230128,-8.436122558735583,23.611788686623527,23.639990566035234,25.027094910932597,25.061432492965732,6.680578094493646,17.707911690817763,3103.9558454088797,3004.1781581587315,2998.5412801207744,0.0032204699559763308,0.23051174889940826,0.2232459221607797,23.622134615934012,23.679809972363852,0.0,0.0,0.0,0.0,False,none,0.0,0.0,nominal,0.5317921786317299,0.0,45,thermal_anomaly,3.451664027341458,0.5317921786317299,gradual,0.2122179481469192,0.9023230521172474,1761602410,thermal_anomaly
5520.0,92.0,1.5333333333333334,1,602.5051158172811,358.13473286151606,-244.37038295576502,83.45294543735125,83.6598431792678,29.33811781749405,29.29519241809555,-8.32944991481523,-8.340576640471438,23.623952550739364,23.557814888456615,25.042691624931287,24.953148973572514,6.550378870673236,17.906736643075803,3203.368321537901,3103.7732398483167,3098.608798906282,0.0032365867435303836,0.2309146685882596,0.22993477382276492,23.611982284433054,23.709302978008584,0.0,0.0,0.0,0.0,False,none,0.0,0.0,nominal,0.5317921786317299,0.0,45,thermal_anomaly,3.451664027341458,0.5317921786317299,gradual,0.2122179481469192,0.9023230521172474,1761602410,thermal_anomaly
5580.0,93.0,1.55,1,603.7424104347197,361.7557050458494,-241.98670538887023,83.81304470132278,83.83581301547096,29.35252178805291,29.311099613318955,-8.244153846003238,-8.250987958147672,23.63566645480468,23.57287492350204,25.05852566243642,25.037715125359398,6.437285810925598,18.087785252292473,3293.892626146236,3198.8329329972757,3207.1942241989377,0.0031387096943250046,0.22846774235812511,0.23160765667973532,23.60199535978532,23.721402930484633,0.0,0.0,0.0,0.0,False,none,0.0,0.0,nominal,0.5317921786317299,0.0,45,thermal_anomaly,3.451664027341458,0.5317921786317299,gradual,0.2122179481469192,0.9023230521172474,1761602410,thermal_anomaly
5640.0,94.0,1.5666666666666667,1,604.961472404706,364.8628965095479,-240.0985758951581,84.1703342487858,84.36120299260784,29.366813369951434,29.389600796348176,-8.175847098917126,-8.202812575800115,23.64701098295182,23.63739838167044,25.07454374678788,25.20456983396487,6.3475580627897275,18.243144825477398,3371.572412738697,3285.202672867987,3274.694695567913,0.002931116505076744,0.2232779126269186,0.2234327651538627,23.59215770252091,23.569297402363816,0.0,0.0,0.0,0.0,False,none,0.0,0.0,nominal,0.5317921786317299,0.0,45,thermal_anomaly,3.451664027341458,0.5317921786317299,gradual,0.2122179481469192,0.9023230521172474,1761602410,thermal_anomaly
5700.0,95.0,1.5833333333333333,1,606.1563625798619,367.32050807568874,-238.8358545041732,84.52574474655987,84.49448665873842,29.381029789862396,29.415776176256745,-8.128913663420365,-8.136218834619367,23.65808338034673,23.60051550266549,25.09067944762115,25.095383398843204,6.286338987787384,18.366025403784437,3433.012701892219,3359.107687380103,3358.1424621890797,0.0026228799942982993,0.21557199985745748,0.2133132598813489,23.582450003578042,23.672042141946886,0.0,0.0,0.0,0.0,False,none,0.0,0.0,nominal,0.5317921786317299,0.0,45,thermal_anomaly,3.451664027341458,0.5317921786317299,gradual,0.2122179481469192,0.9023230521172474,1761602410,thermal_anomaly
5760.0,96.0,1.6,1,607.3212595753644,369.0211303259031,-238.3001292494613,84.88035803413348,84.86330169278278,29.395214321365337,29.393225664529517,-8.106766177794373,-8.167147513217447,23.668993455494366,23.623800117396378,25.10685612507277,25.253696261200865,6.257572628914463,18.451056516295154,3475.5282581475767,3417.31797276384,3419.57806701556,0.0022274715765936287,0.2056867894148407,0.20436666818759153,23.572850634741116,23.514501877445653,0.0,0.0,0.0,0.0,False,none,0.0,0.0,nominal,0.5317921786317299,0.0,45,thermal_anomaly,3.451664027341458,0.5317921786317299,gradual,0.2122179481469192,0.9023230521172474,1761602410,thermal_anomaly
5820.0,97.0,1.6166666666666667,1,608.450488130146,369.8904379073655,-238.56005022278055,85.23535810886975,85.39447324966946,29.409414324354792,29.4072573219272,-8.111689936824822,-8.140589479150059,23.67985936506305,23.67266678862398,25.122990319862925,25.147139480778193,6.263961090494807,18.494521895368276,3497.260947684136,3457.2894602239876,3443.1631987800856,0.001762172497196499,0.19405431242991247,0.18836022633686908,23.56333660191221,23.61866375324994,0.0,0.0,0.0,0.0,False,none,0.0,0.0,nominal,0.5317921786317299,0.0,45,thermal_anomaly,3.451664027341458,0.5317921786317299,gradual,0.2122179481469192,0.9023230521172474,1761602410,thermal_anomaly
5880.0,98.0,1.6333333333333333,1,609.5385467561977,369.8904379073655,-239.64810884883218,85.59197731846623,85.9079403526835,29.42367909273865,29.40115102979926,-8.1447363565073,-8.119433721157701,23.690803336957206,23.82838699096239,25.138995441094757,25.234962291714943,6.306938425360945,18.494521895368276,3497.2609476841367,3477.2752039540624,3478.99648038497,0.0012473185586292885,0.18118296396573222,0.1846289563079143,23.55388455379844,23.451771601245838,0.0,0.0,0.0,0.0,False,none,0.0,0.0,nominal,0.5317921786317299,0.0,45,thermal_anomaly,3.451664027341458,0.5317921786317299,gradual,0.2122179481469192,0.9023230521172474,1761602410,thermal_anomaly
5940.0,99.0,1.65,1,610.5801345412646,369.0211303259031,-241.55900421536148,85.95144012235814,85.97041856599061,29.438057604894325,29.43494519421524,-8.205670613783983,-8.224377255500768,23.70194732499464,23.855566602399612,25.15478559059859,25.075216918843235,6.386642417753441,18.451056516295154,3475.5282581475763,3476.4017310508193,3473.0298405058197,0.0007054113485506565,0.1676352837137664,0.17355296895934236,23.544471796948457,23.53278623969121,0.0,0.0,0.0,0.0,False,none,0.0,0.0,nominal,0.5317921786317299,0.0,45,thermal_anomaly,3.451664027341458,0.5317921786317299,gradual,0.2122179481469192,0.9023230521172474,1761602410,thermal_anomaly
6000.0,100.0,1.6666666666666667,1,611.5701769743577,367.3205080756888,-244.24966889866886,86.3149068915526,86.1661278829883,29.452596275662103,29.501221139764127,-8.29297582503796,-8.282392167999712,23.713408560520584,23.730828376499282,25.17027935668137,25.10152588075528,6.5018758427731225,18.36602540378444,3433.0127018922194,3454.7072164715196,3461.4534999986486,0.00016013481240036284,0.15400337031000907,0.15485775309163663,23.53507726942784,23.57967941652763,0.0,0.0,0.0,0.0,False,none,0.0,0.0,nominal,0.5317921786317299,0.0,45,thermal_anomaly,3.451664027341458,0.5317921786317299,gradual,0.2122179481469192,0.9023230521172474,1761602410,thermal_anomaly
6060.0,101.0,1.6833333333333333,1,612.503850668262,364.86289650954785,-247.64095415871412,86.68342021619354,86.54420610839819,29.46733680864774,29.47958965858988,-8.403913654186736,-8.363291121476703,23.725294979746,23.76052890552112,25.185403411478873,25.151448521859315,6.650061176562101,18.243144825477394,3371.5724127386966,3413.1398146051083,3414.2125426681973,-0.00036467984866473584,0.1591169962166184,0.16251604567768,23.52573166122319,23.482784125365434,0.0,0.0,0.0,0.0,False,none,0.0,0.0,nominal,0.5317921786317299,0.0,45,thermal_anomaly,3.451664027341458,0.5317921786317299,gradual,0.2122179481469192,0.9023230521172474,1761602410,thermal_anomaly
6120.0,102.0,1.7,1,613.376606858593,361.7557050458495,-251.62090181274357,87.0578560819863,87.23888205176489,29.482314243279454,29.514116702586744,-8.534638757881803,-8.530914224328576,23.737700558861533,23.6144506951288,25.200095754691628,25.160699805381356,6.827204698203059,18.087785252292473,3293.892626146237,3353.516220375672,3353.4284485205067,-0.0008460957156158976,0.17115239289039744,0.16881588737130526,23.51643510681683,23.59622162397261,0.0,0.0,0.0,0.0,False,none,0.0,0.0,nominal,0.5317921786317299,0.0,45,thermal_anomaly,3.451664027341458,0.5317921786317299,gradual,0.2122179481469192,0.9023230521172474,1761602410,thermal_anomaly
6180.0,103.0,1.7166666666666666,1,614.184193564921,358.134732861516,-256.049460703405,87.4388820651759,87.4618465195216,29.497555282607035,29.527835827286022,-8.680362092731874,-8.691677277917229,23.75070067179128,23.77167400548989,25.214308461940245,25.230255295228716,7.027894884874919,17.9067366430758,3203.3683215379,3278.4422709567857,3283.9366731636956,-0.001263072604977778,0.18157681512444446,0.1869823457097705,23.507167066170187,23.554794885105174,0.0,0.0,0.0,0.0,False,none,0.0,0.0,nominal,0.5317921786317299,0.0,45,thermal_anomaly,3.451664027341458,0.5317921786317299,gradual,0.2122179481469192,0.9023230521172474,1761602410,thermal_anomaly
6240.0,104.0,1.7333333333333334,1,614.9226763059908,354.1582338163552,-260.76444248963554,87.82692439030927,87.46076060696566,29.51307697561237,29.506712664404425,-8.835555936953433,-8.835010263757704,23.764347680751207,23.88083315409053,25.228009817626358,25.200416578197277,7.245363897202646,17.707911690817763,3103.9558454088806,3191.199058182833,3185.316801983344,-0.0015973866258081003,0.1899346656452025,0.18396845772616982,23.497908946418978,23.389400012059266,0.0,0.0,0.0,0.0,False,none,0.0,0.0,nominal,0.5317921786317299,0.0,45,thermal_anomaly,3.451664027341458,0.5317921786317299,gradual,0.2122179481469192,0.9023230521172474,1761602410,thermal_anomaly
6300.0,105.0,1.75,1,615.5884572681198,350.0,-265.5884572681198,88.22214530886303,87.98315266767499,29.52888581235452,29.512783744398803,-8.994191618195119,-8.999375157821838,23.778667056763982,23.79015364355443,25.241185739085346,25.292181929709443,7.471638629184906,17.5,3000.0000000000005,3095.599529091417,3097.2638631848217,-0.0018344266511799855,0.19586066627949963,0.20001192256160152,23.48864485871562,23.382766469036717,0.0,0.0,0.0,0.0,False,none,0.0,0.0,nominal,0.5317921786317299,0.0,45,thermal_anomaly,3.451664027341458,0.5317921786317299,gradual,0.2122179481469192,0.9023230521172474,1761602410,thermal_anomaly
6360.0,106.0,1.7666666666666666,1,616.178292833385,345.8417661836449,-270.33652664974005,88.62443180685372,88.4815339834138,29.54497727227415,29.554311930181427,-9.149999479046192,-9.147181022403034,23.793654385214477,23.796841945215455,25.253840429791026,25.262699092677668,7.697799237323648,17.292088309182244,2896.0441545911217,2995.82184184127,3001.1611780221833,-0.0019638328945403845,0.1990958223635096,0.20163893898875004,23.479362264188413,23.527273754269853,0.0,0.0,0.0,0.0,False,none,0.0,0.0,nominal,0.5317921786317299,0.0,45,thermal_anomaly,3.451664027341458,0.5317921786317299,gradual,0.2122179481469192,0.9023230521172474,1761602410,thermal_anomaly
6420.0,107.0,1.7833333333333334,1,616.6893093822022,341.86526713848406,-274.8240422437181,89.03339615543068,89.14486218353443,29.561335846217226,29.55488326950404,-9.296739622099507,-9.292601176408098,23.80927362359682,23.798266933832135,25.265996233066545,25.285700661130846,7.9143494080891905,17.093263356924204,2796.631678462101,2896.226760151685,2904.0879762634704,-0.0019799496820944516,0.1994987420523613,0.19256594241418637,23.47005248504146,23.381387097025378,0.0,0.0,0.0,0.0,False,none,0.0,0.0,nominal,0.5317921786317299,0.0,45,thermal_anomaly,3.451664027341458,0.5317921786317299,gradual,0.2122179481469192,0.9023230521172474,1761602410,thermal_anomaly
6480.0,108.0,1.8,1,617.1190172933127,338.24429495415063,-278.8747223391621,89.44838830176872,89.49102890419911,29.57793553207075,29.546930746140976,-9.428471504942728,-9.408057986540749,23.82545693516711,23.905021359487677,25.27769269269743,25.26920465475312,8.111685993561359,16.912214747707534,2706.1073738537652,2801.167067002725,2812.0566842833973,-0.0018820726328890943,0.19705181582222736,0.2025939692702643,23.460711060747016,23.46909900214798,0.0,0.0,0.0,0.0,False,none,0.0,0.0,nominal,0.5317921786317299,0.0,45,thermal_anomaly,3.451664027341458,0.5317921786317299,gradual,0.2122179481469192,0.9023230521172474,1761602410,thermal_anomaly
6540.0,109.0,1.8166666666666667,1,617.465323072968,335.1371034904521,-282.3282195825159,89.86851958090936,90.13848295153589,29.594740783236375,29.580767943717365,-9.539810524119803,-9.558409165860596,23.842106322845737,23.923318648426868,25.288984861504893,25.213364765796157,8.280638786888556,16.756855174522606,2628.427587261303,2714.7973271320143,2716.990137803682,-0.0016744794436408268,0.19186198609102068,0.18683417725906215,23.451337933689757,23.555274522650215,0.0,0.0,0.0,0.0,False,none,0.0,0.0,nominal,0.5317921786317299,0.0,45,thermal_anomaly,3.451664027341458,0.5317921786317299,gradual,0.2122179481469192,0.9023230521172474,1761602410,thermal_anomaly
6600.0,110.0,1.8333333333333333,1,617.7265395542198,332.6794919243112,-285.0470476299086,90.29269673512054,90.15577144290994,29.61170786940482,29.672841882329184,-9.626160331144652,-9.60944089283295,23.859097141634237,23.752238812100785,25.299940931805285,25.449356327857775,8.413037017672233,16.633974596215563,2566.98729810778,2640.8923126198974,2640.9810448721387,-0.0013662429328624107,0.18415607332156025,0.18161051706798714,23.441937453726375,23.402718832803846,0.0,0.0,0.0,0.0,False,none,0.0,0.0,nominal,0.5317921786317299,0.0,45,thermal_anomaly,3.451664027341458,0.5317921786317299,gradual,0.2122179481469192,0.9023230521172474,1761602410,thermal_anomaly
6660.0,111.0,1.85,1,617.9013941166289,330.9788696740969,-286.922524442532,90.71966477744574,90.44882274823992,29.62878659109783,29.603586478661654,-9.683910731894091,-9.665340287249718,23.876283392667975,23.749685687515747,25.310639291318253,25.382592446703967,8.502250165063485,16.548943483704846,2524.4717418524233,2582.6820272361606,2582.365048560473,-0.0009708345151577116,0.17427086287894278,0.17498090149958892,23.432518197106866,23.4054383322596,0.0,0.0,0.0,0.0,False,none,0.0,0.0,nominal,0.5317921786317299,0.0,45,thermal_anomaly,3.451664027341458,0.5317921786317299,gradual,0.2122179481469192,0.9023230521172474,1761602410,thermal_anomaly
6720.0,112.0,1.8666666666666667,1,617.9890348863438,330.1095620926345,-287.8794727937093,91.14805685005543,90.94928403128038,29.645922274002217,29.659961855293247,-9.710592577724025,-9.736796442464462,23.893504521168115,23.862988864088507,25.32116513319697,25.222638737390835,8.543648656843914,16.505478104631727,2502.7390523158633,2542.710539776012,2544.308744874374,-0.0005055354357605888,0.16263838589401472,0.16532281327858367,23.423092602138773,23.56257263579969,0.0,0.0,0.0,0.0,False,none,0.0,0.0,nominal,0.5317921786317299,0.0,45,thermal_anomaly,3.451664027341458,0.5317921786317299,gradual,0.2122179481469192,0.9023230521172474,1761602410,thermal_anomaly
6780.0,113.0,1.8833333333333333,1,617.9890348863438,330.1095620926345,-287.8794727937093,91.57644892266512,91.3504256486154,29.663057956906606,29.693174578541374,-9.704982986310108,-9.72564784915011,23.91059327931166,23.8886730390351,25.33160676834066,25.260851983412024,8.534935581165493,16.505478104631727,2502.7390523158633,2522.724796045938,2524.98420786139,9.318502806628603e-06,0.15023296257016572,0.1557776720972793,23.41367768976054,23.41344337160344,0.0,0.0,0.0,0.0,False,none,0.0,0.0,nominal,0.5317921786317299,0.0,45,thermal_anomaly,3.451664027341458,0.5317921786317299,gradual,0.2122179481469192,0.9023230521172474,1761602410,thermal_anomaly
6840.0,114.0,1.9,1,617.9013941166289,330.9788696740969,-286.922524442532,92.00341696499031,92.0369201584891,29.680136678599613,29.693709831863753,-9.667156440334484,-9.702230512193339,23.92738409660696,23.938973931466272,25.342051801161343,25.41602090717794,8.47631309135204,16.548943483704846,2524.4717418524233,2523.5982689491807,2524.785280256998,0.0005512257128852607,0.1637806428221315,0.16417479755161024,23.404363745578905,23.404023227184894,0.0,0.0,0.0,0.0,False,none,0.0,0.0,nominal,0.5317921786317299,0.0,45,thermal_anomaly,3.451664027341458,0.5317921786317299,gradual,0.2122179481469192,0.9023230521172474,1761602410,thermal_anomaly
6900.0,115.0,1.9166666666666667,1,617.7265395542198,332.6794919243112,-285.0470476299086,92.4275941192015,92.73616728664302,29.69710376476806,29.69825925848815,-9.598479699831257,-9.553263331159174,23.94372134204014,24.013605392147483,25.352583335944484,25.284015818089983,8.370465003845819,16.633974596215563,2566.9872981077797,2545.2927835284804,2537.5384875210707,0.0010965022490355475,0.1774125562258887,0.17287137655932275,23.395170884340285,23.32252922619582,0.0,0.0,0.0,0.0,False,none,0.0,0.0,nominal,0.5317921786317299,0.0,45,thermal_anomaly,3.451664027341458,0.5317921786317299,gradual,0.2122179481469192,0.9023230521172474,1761602410,thermal_anomaly
6960.0,116.0,1.9333333333333333,1,617.465323072968,335.1371034904521,-282.3282195825159,92.84772539834213,93.0862090823683,29.713909015933687,29.714827713924198,-9.501550921190516,-9.515577927430103,23.959466872630024,23.88070370742385,25.363276379605974,25.355681408186857,8.222357592638108,16.756855174522606,2628.427587261302,2586.860185394891,2580.371210762824,0.0016213169101006388,0.19053292275251596,0.19637403107644233,23.38611690452156,23.49535169736856,0.0,0.0,0.0,0.0,False,none,0.0,0.0,nominal,0.5317921786317299,0.0,45,thermal_anomaly,3.451664027341458,0.5317921786317299,gradual,0.2122179481469192,0.9023230521172474,1761602410,thermal_anomaly
7020.0,117.0,1.95,1,617.1190172933127,338.24429495415046,-278.87472233916225,93.26271754468019,93.1066682729915,29.73050870178721,29.737348139961057,-9.380085794576333,-9.372195067005956,23.974506340597873,23.988875462950094,25.37419459806454,25.450121506311042,8.038880761089018,16.912214747707523,2706.1073738537616,2646.4837796243264,2640.2682094621528,0.0021027327770518074,0.20256831942629516,0.20861325822146562,23.37721646865475,23.32566218047833,0.0,0.0,0.0,0.0,False,none,0.0,0.0,nominal,0.5317921786317299,0.0,45,thermal_anomaly,3.451664027341458,0.5317921786317299,gradual,0.2122179481469192,0.9023230521172474,1761602410,thermal_anomaly
7080.0,118.0,1.9666666666666666,1,616.6893093822022,341.865267138484,-274.82404224371817,93.67168189325714,93.48929407454746,29.746867275730285,29.71322461104183,-9.238755788847055,-9.209980782163163,23.988753864827874,23.976634719095255,25.385387567993874,25.286263041292113,7.8283686820763965,17.0932633569242,2796.6316784621,2721.557729043213,2724.3932562935634,0.00251970966641371,0.21299274166034274,0.20805622682847638,23.36848041167747,23.452788884962544,0.0,0.0,0.0,0.0,False,none,0.0,0.0,nominal,0.5317921786317299,0.0,45,thermal_anomaly,3.451664027341458,0.5317921786317299,gradual,0.2122179481469192,0.9023230521172474,1761602410,thermal_anomaly
7140.0,119.0,1.9833333333333334,1,616.178292833385,345.84176618364484,-270.3365266497401,94.07396839124782,94.30288042678346,29.762958735649914,29.781389320192936,-9.08298563495747,-9.091370174969725,24.002154842450864,23.948365004065515,25.396888644068287,25.4828768346382,7.600050243587502,17.292088309182244,2896.044154591121,2808.8009418171673,2809.2484210850484,0.002854023687244053,0.2213505921811013,0.21831799744069852,23.359915212589062,23.36016588981584,0.0,0.0,0.0,0.0,False,none,0.0,0.0,nominal,0.5317921786317299,0.0,45,thermal_anomaly,3.451664027341458,0.5317921786317299,gradual,0.2122179481469192,0.9023230521172474,1761602410,thermal_anomaly
7200.0,120.0,2.0,1,615.58845726812,350.0,-265.58845726812,94.46918930980158,94.55145787480414,29.778767572392063,29.75152653789808,-8.918718903409134,-8.919498679150093,24.0146868592303,24.037276839482928,25.40871353491574,25.33427945505231,7.363483750242194,17.5,2999.9999999999995,2904.4004709085834,2910.7541642687365,0.0030910637126159027,0.22727659281539755,0.23204402229528417,23.351522658270927,23.296517356677498,0.0,0.0,0.0,0.0,False,none,0.0,0.0,nominal,0.5317921786317299,0.0,45,thermal_anomaly,3.451664027341458,0.5317921786317299,gradual,0.2122179481469192,0.9023230521172474,1761602410,thermal_anomaly
7260.0,121.0,2.0166666666666666,1,614.9226763059908,354.15823381635516,-260.7644424896356,94.85723163493495,94.63421554084368,29.7942892653974,29.761848939946635,-8.752161871251051,-8.736364121655981,24.026358828053738,23.896107431717564,25.420859650018052,25.391922356835025,7.128026993646456,17.70791169081776,3103.9558454088797,3004.178158158732,3004.468246836134,0.003220469955976323,0.23051174889940806,0.23269567834213079,23.343299719649647,23.35540447278543,0.0,0.0,0.0,0.0,False,none,0.0,0.0,nominal,0.5317921786317299,0.0,45,thermal_anomaly,3.451664027341458,0.5317921786317299,gradual,0.2122179481469192,0.9023230521172474,1761602410,thermal_anomaly
7320.0,122.0,2.033333333333333,1,614.184193564921,358.13473286151594,-256.04946070340503,95.23825761812455,95.33704432616715,29.80953030472498,29.870355711327043,-8.589516778223766,-8.607989874291372,24.037208621347652,24.232686503767987,25.43330624610406,25.572833153368176,6.902383878671007,17.9067366430758,3203.368321537899,3103.7732398483154,3106.667082833158,0.0032365867435303554,0.23091466858825888,0.22665680169085894,23.33523864987082,23.376008726801114,0.0,0.0,0.0,0.0,False,none,0.0,0.0,nominal,0.5317921786317299,0.0,45,thermal_anomaly,3.451664027341458,0.5317921786317299,gradual,0.2122179481469192,0.9023230521172474,1761602410,thermal_anomaly
7380.0,123.0,2.05,1,613.376606858593,361.7557050458494,-251.62090181274363,95.61269348391733,95.25373964775812,29.824507739356694,29.78914073064641,-8.436716005900823,-8.452834924526709,24.047299550143357,23.960590580190434,25.446015366639813,25.21561818671172,6.694254157137851,18.087785252292473,3293.892626146236,3198.8329329972757,3193.162370545131,0.0031387096943250184,0.22846774235812545,0.22657039285586675,23.327327302482303,23.23588955182365,0.0,0.0,0.0,0.0,False,none,0.0,0.0,nominal,0.5317921786317299,0.0,45,thermal_anomaly,3.451664027341458,0.5317921786317299,gradual,0.2122179481469192,0.9023230521172474,1761602410,thermal_anomaly
7440.0,124.0,2.066666666666667,1,612.503850668262,364.86289650954785,-247.64095415871412,95.98120680855826,96.1058262986478,29.83924827234233,29.866155190886605,-8.299168661974965,-8.327827691262787,24.056716072970474,23.99384291109418,25.458933533357648,25.659148208390853,6.510096038392588,18.243144825477394,3371.572412738696,3285.202672867986,3285.516123486938,0.0029311165050767227,0.22327791262691807,0.22546140339680643,23.319549655647666,23.302687218370504,0.0,0.0,0.0,0.0,False,none,0.0,0.0,nominal,0.5317921786317299,0.0,45,thermal_anomaly,3.451664027341458,0.5317921786317299,gradual,0.2122179481469192,0.9023230521172474,1761602410,thermal_anomaly
7500.0,125.0,2.0833333333333335,1,611.5701769743577,367.3205080756888,-244.24966889866886,96.3446735777527,96.39070171963121,29.85378694311011,29.815093835195917,-8.181530516182596,-8.165852725632284,24.065559094289245,24.179842079310117,25.471994115898354,25.37107797787272,6.354995326978164,18.36602540378444,3433.0127018922194,3359.107687380103,3351.6446756377704,0.0026228799942983206,0.215571999857458,0.2191306375204469,23.311886517056347,23.299734372359982,0.0,0.0,0.0,0.0,False,none,0.0,0.0,nominal,0.5317921786317299,0.0,45,thermal_anomaly,3.451664027341458,0.5317921786317299,gradual,0.2122179481469192,0.9023230521172474,1761602410,thermal_anomaly
7560.0,126.0,2.1,1,610.5801345412646,369.0211303259031,-241.55900421536148,96.70413638164462,96.78693869759454,29.868165455265785,29.86830405544887,-8.087507234990705,-8.112948824414929,24.07394114593045,24.175667933626688,25.48512027600376,25.67225870476669,6.232621862082159,18.451056516295154,3475.5282581475767,3417.31797276384,3414.1433475135154,0.0022274715765936287,0.2056867894148407,0.20632926422592157,23.304316374368334,23.29698071650717,0.0,0.0,0.0,0.0,False,none,0.0,0.0,nominal,0.5317921786317299,0.0,45,thermal_anomaly,3.451664027341458,0.5317921786317299,gradual,0.2122179481469192,0.9023230521172474,1761602410,thermal_anomaly
7620.0,127.0,2.1166666666666667,1,609.5385467561977,369.8904379073655,-239.64810884883218,97.0607555912411,97.05673783329144,29.882430223649642,29.883749294043593,-8.019699437268967,-8.049075440949897,24.08198165347197,24.096722375072645,25.498228357586466,25.30899079022276,6.145246325130574,18.494521895368276,3497.2609476841367,3457.2894602239876,3458.9737189225,0.001762172497196506,0.19405431242991264,0.19188799168749254,23.29681634849222,23.276675851279137,0.0,0.0,0.0,0.0,False,none,0.0,0.0,nominal,0.5317921786317299,0.0,45,thermal_anomaly,3.451664027341458,0.5317921786317299,gradual,0.2122179481469192,0.9023230521172474,1761602410,thermal_anomaly
7680.0,128.0,2.1333333333333333,1,608.450488130146,369.8904379073655,-238.56005022278055,97.41575566597737,97.75121582164726,29.896630226639097,29.903655372084895,-7.979496298222064,-7.952197237607665,24.089802393197363,24.123599691480315,25.51123157451651,25.396687592204028,6.09378889386717,18.494521895368276,3497.2609476841367,3477.2752039540624,3480.3919936023267,0.0012473185586292885,0.18118296396573222,0.178862879657543,23.289363202279105,23.438666956510513,0.0,0.0,0.0,0.0,False,none,0.0,0.0,nominal,0.5317921786317299,0.0,45,thermal_anomaly,3.451664027341458,0.5317921786317299,gradual,0.2122179481469192,0.9023230521172474,1761602410,thermal_anomaly
7740.0,129.0,2.15,1,607.3212595753644,369.0211303259031,-238.3001292494613,97.77036895355099,97.82487228009062,29.91081475814204,29.914370870812085,-7.967022335444523,-8.001370627363952,24.097523164143105,24.06240322612165,25.52404383495297,25.582795612943507,6.077875591477752,18.451056516295154,3475.5282581475767,3476.4017310508193,3481.11665793969,0.0007054113485506565,0.1676352837137664,0.16919527816643737,23.281934355565518,23.28773216422227,0.0,0.0,0.0,0.0,False,none,0.0,0.0,nominal,0.5317921786317299,0.0,45,thermal_anomaly,3.451664027341458,0.5317921786317299,gradual,0.2122179481469192,0.9023230521172474,1761602410,thermal_anomaly
7800.0,130.0,2.1666666666666665,1,606.156362579862,367.3205080756888,-238.83585450417326,98.12577945132504,98.43994305544061,29.925031178053,29.927163085612907,-7.981139704854688,-7.9652440109418805,24.105257649421823,24.184193562388742,25.536583535080915,25.67785073275397,6.095887279072638,18.36602540378444,3433.0127018922194,3454.7072164715196,3449.009979887766,0.00016013481240036284,0.15400337031000907,0.154194314731151,23.274508858855274,23.36967497183157,0.0,0.0,0.0,0.0,False,none,0.0,0.0,nominal,0.5317921786317299,0.0,45,thermal_anomaly,3.451664027341458,0.5317921786317299,gradual,0.2122179481469192,0.9023230521172474,1761602410,thermal_anomaly
7860.0,131.0,2.183333333333333,1,604.961472404706,364.8628965095479,-240.0985758951581,98.4830689987881,98.43474188361886,29.939322759951523,29.943985936209586,-8.019505912683071,-8.01361038651694,24.11310943021424,24.02139100532144,25.548777156451223,25.620040524879876,6.144998006684699,18.243144825477398,3371.572412738698,3413.1398146051088,3410.535335655276,-0.0003646798486647144,0.15911699621661785,0.1656532534746502,23.267117513729918,23.243875504639515,0.0,0.0,0.0,0.0,False,none,0.0,0.0,nominal,0.5317921786317299,0.0,45,thermal_anomaly,3.451664027341458,0.5317921786317299,gradual,0.2122179481469192,0.9023230521172474,1761602410,thermal_anomaly
7920.0,132.0,2.2,1,603.7424104347197,361.7557050458495,-241.98670538887018,98.84316826275963,98.92664196966051,29.953726730510386,29.97126716986575,-8.07868441766835,-8.124987697505322,24.121168144811698,23.934902892203883,25.560562509704198,25.77228740107944,6.221211353622193,18.087785252292473,3293.892626146237,3353.516220375673,3351.8166876663427,-0.0008460957156159047,0.1711523928903976,0.1694690086582957,23.259760565429755,23.1943444853633,0.0,0.0,0.0,0.0,False,none,0.0,0.0,nominal,0.5317921786317299,0.0,45,thermal_anomaly,3.451664027341458,0.5317921786317299,gradual,0.2122179481469192,0.9023230521172474,1761602410,thermal_anomaly
7980.0,133.0,2.216666666666667,1,602.5051158172811,358.13473286151606,-244.37038295576502,99.20681466596761,99.33403548673107,29.968272586638705,30.025083568818427,-8.15430326353602,-8.198987923191204,24.129505845733153,24.09463836965517,25.571891482912715,25.395662541829928,6.319412937097135,17.906736643075803,3203.3683215379015,3278.442270956787,3278.314622756829,-0.0012630726049777641,0.1815768151244441,0.17680352311421613,23.252417583843517,23.20446574082113,0.0,0.0,0.0,0.0,False,none,0.0,0.0,nominal,0.5317921786317299,0.0,45,thermal_anomaly,3.451664027341458,0.5317921786317299,gradual,0.2122179481469192,0.9023230521172474,1761602410,thermal_anomaly
8040.0,134.0,2.2333333333333334,1,601.2556165273943,354.15823381635516,-247.09738271103913,99.5745191045257,99.5319901248207,29.98298076418103,29.976162797533036,-8.24125475230376,-8.222694283275906,24.13817368529672,24.104688294947792,25.582732174431047,25.544988224802527,6.433462391389545,17.70791169081776,3103.955845408879,3191.199058182833,3197.146860381346,-0.001597386625808136,0.1899346656452034,0.18328790096318717,23.245070085209758,23.168990807426077,0.0,0.0,0.0,0.0,False,none,0.0,0.0,nominal,0.5317921786317299,0.0,45,thermal_anomaly,3.451664027341458,0.5317921786317299,gradual,0.2122179481469192,0.9023230521172474,1761602410,thermal_anomaly
8100.0,135.0,2.25,1,600.0,350.0,-250.0,99.94654291404952,99.88492644079183,29.99786171656198,30.019714320379016,-8.333927343293727,-8.31190122891307,24.147199135175153,24.019892523617166,25.5930703170356,25.597594694496525,6.556347597063907,17.5,3000.0000000000005,3095.599529091417,3097.3001743819086,-0.0018344266511799855,0.19586066627949963,0.19730135085669095,23.23770228896547,23.238143867907674,0.0,0.0,0.0,0.0,False,none,0.0,0.0,nominal,0.5317921786317299,0.0,45,thermal_anomaly,3.451664027341458,0.5317921786317299,gradual,0.2122179481469192,0.9023230521172474,1761602410,thermal_anomaly
8160.0,136.0,2.2666666666666666,1,598.7443834726057,345.84176618364484,-252.90261728896087,100.0,100.0,30.0,30.026821940050215,-8.430087242965362,-8.440857458946489,24.156600305943837,23.910947625386743,25.60290993111768,25.503567811895813,6.685309673920586,17.292088309182244,2896.0441545911203,2995.8218418412685,2989.2434250245424,-0.0019638328945404057,0.19909582236351014,0.19411381536317313,23.230301763711388,23.14338650429189,0.0,0.0,0.0,0.0,False,none,0.0,0.0,nominal,0.5317921786317299,0.0,45,thermal_anomaly,3.451664027341458,0.5317921786317299,gradual,0.2122179481469192,0.9023230521172474,1761602410,thermal_anomaly
8220.0,137.0,2.283333333333333,1,597.4948841827188,341.86526713848406,-255.62961704423475,100.0,99.91040146270694,30.0,29.972111925615685,-8.520987234807825,-8.525016775138932,24.166355963696375,24.148146671065753,25.612273178382587,25.68582014167333,6.808577876460633,17.093263356924204,2796.631678462101,2896.226760151685,2893.2797666750243,-0.001979949682094438,0.19949874205236096,0.20147881401281323,23.222859938318013,23.167425593235485,0.0,0.0,0.0,0.0,False,none,0.0,0.0,nominal,0.5317921786317299,0.0,45,thermal_anomaly,3.451664027341458,0.5317921786317299,gradual,0.2122179481469192,0.9023230521172474,1761602410,thermal_anomaly
8280.0,138.0,2.3,1,596.2575895652803,338.2442949541506,-258.01329461112977,100.0,100.0,30.0,29.993207075934706,-8.600443153704326,-8.559552313595796,24.17641586056489,24.046420618897077,25.621199422450943,25.60359084381222,6.91740979520797,16.91221474770753,2706.107373853764,2801.1670670027247,2796.352912427886,-0.0018820726328891081,0.1970518158222277,0.20055253458769065,23.215372458123994,23.19300810451529,0.0,0.0,0.0,0.0,False,none,0.0,0.0,nominal,0.5317921786317299,0.0,45,thermal_anomaly,3.451664027341458,0.5317921786317299,gradual,0.2122179481469192,0.9023230521172474,1761602410,thermal_anomaly
8340.0,139.0,2.316666666666667,1,595.038527595294,335.1371034904521,-259.9014241048419,100.0,99.81041555042114,30.0,30.002620906380443,-8.66338080349473,-8.707915992814302,24.186705143253864,24.159035023959035,25.62974353742038,25.851119190671806,7.00433335570888,16.756855174522606,2628.427587261303,2714.797327132014,2717.824516373993,-0.0016744794436408194,0.19186198609102048,0.19125223916448744,23.20783937058641,23.20322661229767,0.0,0.0,0.0,0.0,False,none,0.0,0.0,nominal,0.5317921786317299,0.0,45,thermal_anomaly,3.451664027341458,0.5317921786317299,gradual,0.2122179481469192,0.9023230521172474,1761602410,thermal_anomaly
8400.0,140.0,2.3333333333333335,1,593.843637420138,332.67949192431126,-261.1641454958267,100.0,100.0,30.0,29.966271444337668,-8.705471516527556,-8.64472323387837,24.197127641547695,24.091214242843,25.63797353831345,25.598502415242116,7.0628187460058065,16.633974596215563,2566.9872981077815,2640.892312619898,2637.702878655524,-0.001366242932862382,0.18415607332155953,0.18157087303520505,23.2002651298463,23.24442974020661,0.0,0.0,0.0,0.0,False,none,0.0,0.0,nominal,0.5317921786317299,0.0,45,thermal_anomaly,3.451664027341458,0.5317921786317299,gradual,0.2122179481469192,0.9023230521172474,1761602410,thermal_anomaly
8460.0,141.0,2.35,1,592.6787404246356,330.9788696740969,-261.6998707505387,100.0,100.0,30.0,29.993122779951385,-8.723329025017957,-8.710630360119662,24.2075706008394,24.116645804828796,25.64596763697435,25.718600530362416,7.08771754229766,16.548943483704846,2524.4717418524233,2582.682027236161,2587.276221573571,-0.0009708345151577187,0.17427086287894297,0.17822105563351867,23.19265841565589,23.154582578569777,0.0,0.0,0.0,0.0,False,none,0.0,0.0,nominal,0.5317921786317299,0.0,45,thermal_anomaly,3.451664027341458,0.5317921786317299,gradual,0.2122179481469192,0.9023230521172474,1761602410,thermal_anomaly
8520.0,142.0,2.3666666666666667,1,591.549511869854,330.1095620926345,-261.43994977721945,100.0,100.0,30.0,30.021694702292063,-8.714664992573981,-8.775417231377965,24.21791061348311,24.142776523448774,25.65381085208782,25.561072340403612,7.075630874623557,16.505478104631727,2502.739052315864,2542.710539776012,2544.946756040913,-0.0005055354357605887,0.16263838589401472,0.16334088454955156,23.18503176904868,23.09373707080353,0.0,0.0,0.0,0.0,False,none,0.0,0.0,nominal,0.5317921786317299,0.0,45,thermal_anomaly,3.451664027341458,0.5317921786317299,gradual,0.2122179481469192,0.9023230521172474,1761602410,thermal_anomaly
8580.0,143.0,2.3833333333333333,1,590.4614532438022,330.1095620926345,-260.3518911511677,100.0,100.0,30.0,30.00343918090197,-8.67839637170559,-8.690975301402334,24.22802036675806,24.218675749947014,25.66159132148038,25.60959372564819,7.02516508675462,16.505478104631727,2502.7390523158633,2522.724796045938,2523.6713524244456,9.318502806628603e-06,0.15023296257016572,0.1476512938072955,23.177402312918623,23.122907902158865,0.0,0.0,0.0,0.0,False,none,0.0,0.0,nominal,0.5317921786317299,0.0,45,thermal_anomaly,3.451664027341458,0.5317921786317299,gradual,0.2122179481469192,0.9023230521172474,1761602410,thermal_anomaly
8640.0,144.0,2.4,1,589.4198654587356,330.9788696740969,-258.44099578463863,100.0,100.0,30.0,30.01376330844008,-8.614699859487954,-8.655346594938196,24.23777572553593,24.347852839418973,25.669396477875946,25.78578311413125,6.937044293524942,16.548943483704846,2524.471741852423,2523.5982689491807,2520.8850846554965,0.0005512257128852536,0.16378064282213134,0.16903100319456305,23.169860434063303,23.198710678642243,0.0,0.0,0.0,0.0,False,none,0.0,0.0,nominal,0.5317921786317299,0.0,45,thermal_anomaly,3.451664027341458,0.5317921786317299,gradual,0.2122179481469192,0.9023230521172474,1761602410,thermal_anomaly
8700.0,145.0,2.4166666666666665,1,588.4298230256423,332.6794919243112,-255.75033110133114,100.0,100.0,30.0,29.986386694017856,-8.525011036711039,-8.516399936362987,24.247062621362993,24.33191604542496,25.67730925524537,25.618926541084047,6.814065054083602,16.633974596215563,2566.9872981077806,2545.292783528481,2556.5840088737586,0.0010965022490355544,0.17741255622588886,0.18873816068785962,23.162426347661047,23.170872169920383,0.0,0.0,0.0,0.0,False,none,0.0,0.0,nominal,0.5317921786317299,0.0,45,thermal_anomaly,3.451664027341458,0.5317921786317299,gradual,0.2122179481469192,0.9023230521172474,1761602410,thermal_anomaly
8760.0,146.0,2.433333333333333,0,0.0,335.1371034904521,335.1371034904521,99.50128407218682,99.20869400439402,29.980051362887473,29.939660544020295,11.178670090783127,11.144191550005251,24.2522369563011,24.155893092941746,25.669404491552452,25.54472735994446,10.99701319988554,16.756855174522606,2628.427587261302,2586.8601853948917,2590.5369463401416,0.0016213169101006316,0.1905329227525158,0.18758162810341292,23.155117951867418,23.184699218066488,0.0,0.0,0.0,0.0,False,none,0.0,0.0,nominal,0.5317921786317299,0.0,45,thermal_anomaly,3.451664027341458,0.5317921786317299,gradual,0.2122179481469192,0.9023230521172474,1761602410,thermal_anomaly
8820.0,147.0,2.45,0,0.0,338.2442949541505,338.2442949541505,98.99794434755268,99.23905506868675,29.959917773902106,29.95907826282963,11.289893967893095,11.270069827727022,24.25804665611163,24.099830079842587,25.66187368511545,25.77875799863554,11.19693646450151,16.912214747707527,2706.107373853763,2646.483779624327,2641.207215357044,0.0021027327770518148,0.20256831942629536,0.20087042342048492,23.147950008145514,22.997933111708623,0.0,0.0,0.0,0.0,False,none,0.0,0.0,nominal,0.5317921786317299,0.0,45,thermal_anomaly,3.451664027341458,0.5317921786317299,gradual,0.2122179481469192,0.9023230521172474,1761602410,thermal_anomaly
8880.0,148.0,2.466666666666667,0,0.0,341.865267138484,341.865267138484,98.48921627145373,98.42153066182703,29.93956865085815,29.938786395786444,11.41851010364123,11.363963780926323,24.264600342304817,24.280700875784287,25.654765222348374,25.59796763777859,11.430589838956548,17.0932633569242,2796.6316784621,2721.557729043213,2713.9497312327862,0.0025197096664137026,0.21299274166034254,0.21687910807406305,23.140933449622054,23.172808311439802,0.0,0.0,0.0,0.0,False,none,0.0,0.0,nominal,0.5317921786317299,0.0,45,thermal_anomaly,3.451664027341458,0.5317921786317299,gradual,0.2122179481469192,0.9023230521172474,1761602410,thermal_anomaly
8940.0,149.0,2.4833333333333334,0,0.0,345.8417661836448,345.8417661836448,97.9745707860614,97.81773571112633,29.918982831442456,29.929369568941215,11.559275531927268,11.547533080411094,24.271977233803792,24.15989886008573,25.64811127718795,25.652384203819015,11.689348065840994,17.29208830918224,2896.044154591119,2808.800941817166,2803.0879185410095,0.0028540236872440245,0.2213505921811006,0.22520211628231246,23.134074852749063,23.114509645954648,0.0,0.0,0.0,0.0,False,none,0.0,0.0,nominal,0.5317921786317299,0.0,45,thermal_anomaly,3.451664027341458,0.5317921786317299,gradual,0.2122179481469192,0.9023230521172474,1761602410,thermal_anomaly
9000.0,150.0,2.5,0,0.0,350.0,350.0,97.45373745272806,97.28785757115443,29.898149498109124,29.873113161679825,11.706410124885334,11.68942756492807,24.28022271387084,24.309029081771985,25.641926386970447,25.578671450964237,11.96320304096143,17.5,2999.9999999999995,2904.400470908583,2906.8810594354254,0.003091063712615916,0.22727659281539792,0.2277483819136533,23.127376101129727,23.079750037590422,0.0,0.0,0.0,0.0,False,none,0.0,0.0,nominal,0.5317921786317299,0.0,45,thermal_anomaly,3.451664027341458,0.5317921786317299,gradual,0.2122179481469192,0.9023230521172474,1761602410,thermal_anomaly
9060.0,151.0,2.5166666666666666,0,0.0,354.1582338163551,354.1582338163551,96.92671627145373,96.99658437506481,29.87706865085815,29.901660196035678,11.853848111909157,11.833706495318598,24.289345034937007,24.1757009846394,25.636206799256318,25.532403879751662,12.241097204816983,17.707911690817756,3103.955845408878,3004.1781581587306,2999.6786171533445,0.003220469955976309,0.23051174889940773,0.2325556101440874,23.120834261687005,23.09149581574436,0.0,0.0,0.0,0.0,False,none,0.0,0.0,nominal,0.5317921786317299,0.0,45,thermal_anomaly,3.451664027341458,0.5317921786317299,gradual,0.2122179481469192,0.9023230521172474,1761602410,thermal_anomaly
9120.0,152.0,2.533333333333333,0,0.0,358.134732861516,358.134732861516,96.39377768088599,96.31418717185431,29.85575110723544,29.84346630142191,11.9955023598359,12.017995393522975,24.299313518558005,24.222585378243874,25.63093061814842,25.74962677170234,12.511366149186292,17.9067366430758,3203.3683215379006,3103.7732398483154,3111.336982716025,0.0032365867435303836,0.2309146685882596,0.23014909393946795,23.114441682842898,23.141335638802612,0.0,0.0,0.0,0.0,False,none,0.0,0.0,nominal,0.5317921786317299,0.0,45,thermal_anomaly,3.451664027341458,0.5317921786317299,gradual,0.2122179481469192,0.9023230521172474,1761602410,thermal_anomaly
9180.0,153.0,2.55,0,0.0,361.75570504584937,361.75570504584937,95.85545073885348,95.91934600363277,29.83421802955414,29.79810844400039,12.125529976602362,12.167338174538266,24.310058564703585,24.32756833150439,25.626058743707816,25.66310684653275,12.762278177078597,18.08778525229247,3293.8926261462348,3198.832932997275,3193.1575695338306,0.003138709694325004,0.22846774235812511,0.23355219370184915,23.10818631270709,23.189174087076243,0.0,0.0,0.0,0.0,False,none,0.0,0.0,nominal,0.5317921786317299,0.0,45,thermal_anomaly,3.451664027341458,0.5317921786317299,gradual,0.2122179481469192,0.9023230521172474,1761602410,thermal_anomaly
9240.0,154.0,2.566666666666667,0,0.0,364.86289650954785,364.86289650954785,95.31249999999997,95.31114545356621,29.8125,29.80349569358676,12.238587723590703,12.214225189098194,24.32147368784017,24.30659652355426,25.62153656340911,25.691967015538726,12.982642357442005,18.243144825477394,3371.5724127386957,3285.202672867985,3284.3667731144237,0.0029311165050767297,0.22327791262691823,0.21833030070205964,23.102052223295768,23.14725021373476,0.0,0.0,0.0,0.0,False,none,0.0,0.0,nominal,0.5317921786317299,0.0,45,thermal_anomaly,3.451664027341458,0.5317921786317299,gradual,0.2122179481469192,0.9023230521172474,1761602410,thermal_anomaly
9300.0,155.0,2.5833333333333335,0,0.0,367.32050807568874,367.32050807568874,94.76589210107781,94.84550649505015,29.790635684043114,29.853495352340108,12.33006613123191,12.292486816893794,24.33341965392661,24.333250510870872,25.617296321709404,25.638646343230747,13.162442464044178,18.366025403784437,3433.0127018922185,3359.107687380102,3359.530768245588,0.0026228799942983206,0.215571999857458,0.21963935378141602,23.096020315447088,23.13628346247861,0.0,0.0,0.0,0.0,False,none,0.0,0.0,nominal,0.5317921786317299,0.0,45,thermal_anomaly,3.451664027341458,0.5317921786317299,gradual,0.2122179481469192,0.9023230521172474,1761602410,thermal_anomaly
9360.0,156.0,2.6,0,0.0,369.0211303259031,369.0211303259031,94.21675351428333,93.83942132436233,29.768670140571334,29.783624586352296,12.396292094451642,12.377091221261006,24.345730618053977,24.333790616963668,25.61326006416832,25.47473456603373,13.293444615277142,18.451056516295154,3475.5282581475767,3417.3179727638394,3414.9429929564035,0.002227471576593643,0.20568678941484106,0.2029327838218052,23.090069169271143,23.03656269157429,0.0,0.0,0.0,0.0,False,none,0.0,0.0,nominal,0.5317921786317299,0.0,45,thermal_anomaly,3.451664027341458,0.5317921786317299,gradual,0.2122179481469192,0.9023230521172474,1761602410,thermal_anomaly
9420.0,157.0,2.6166666666666667,0,0.0,369.8904379073655,369.8904379073655,93.6663213150164,93.78046379246065,29.746652852600654,29.736933390855516,12.434691047097997,12.37538762148498,24.358221978728796,24.201705885143575,25.60934302744571,25.70198177277329,13.369723314942329,18.494521895368276,3497.2609476841367,3457.2894602239876,3459.793651222986,0.0017621724971965131,0.19405431242991283,0.20312362681188204,23.08417599743326,23.091308484793664,0.0,0.0,0.0,0.0,False,none,0.0,0.0,nominal,0.5317921786317299,0.0,45,thermal_anomaly,3.451664027341458,0.5317921786317299,gradual,0.2122179481469192,0.9023230521172474,1761602410,thermal_anomaly
9480.0,158.0,2.6333333333333333,0,0.0,369.8904379073655,369.8904379073655,93.11588911574948,93.14752058226686,29.724635564629978,29.701747357517238,12.443901527509611,12.463946461359424,24.37069949625012,24.598950524425167,25.605457327016882,25.657309211550086,13.388054818108483,18.494521895368276,3497.2609476841367,3477.2752039540624,3477.0919332046865,0.0012473185586292885,0.18118296396573222,0.1698541144681343,23.078317653853084,23.079429420391314,0.0,0.0,0.0,0.0,False,none,0.0,0.0,nominal,0.5317921786317299,0.0,45,thermal_anomaly,3.451664027341458,0.5317921786317299,gradual,0.2122179481469192,0.9023230521172474,1761602410,thermal_anomaly
9540.0,159.0,2.65,0,0.0,369.0211303259031,369.0211303259031,92.56675052895498,92.53927574270136,29.702670021158198,29.715468417437876,12.42383698378082,12.372088648977286,24.3829690927125,24.599485361121186,25.60151578143334,25.65839291631214,13.348138031964808,18.451056516295154,3475.5282581475763,3476.4017310508193,3478.253359581505,0.0007054113485506565,0.1676352837137664,0.1728029157201975,23.072471648752693,23.095937915845287,0.0,0.0,0.0,0.0,False,none,0.0,0.0,nominal,0.5317921786317299,0.0,45,thermal_anomaly,3.451664027341458,0.5317921786317299,gradual,0.2122179481469192,0.9023230521172474,1761602410,thermal_anomaly
9600.0,160.0,2.6666666666666665,0,0.0,367.3205080756888,367.3205080756888,92.02014263003282,92.05012463018306,29.680805705201312,29.686076063782743,12.375691944619918,12.371728382958151,24.394846678451728,24.276619220910394,25.59743570598944,25.728270102114273,13.252620088650426,18.36602540378444,3433.0127018922203,3454.70721647152,3459.156922458685,0.00016013481240036989,0.15400337031000924,0.1503463771003359,23.066617122343544,23.169608978529926,0.0,0.0,0.0,0.0,False,none,0.0,0.0,nominal,0.5317921786317299,0.0,45,thermal_anomaly,3.451664027341458,0.5317921786317299,gradual,0.2122179481469192,0.9023230521172474,1761602410,thermal_anomaly
9660.0,161.0,2.683333333333333,0,0.0,364.8628965095479,364.8628965095479,91.47719189117932,91.39039669103757,29.65908767564717,29.662708836169305,12.301892104696591,12.339099049043002,24.406167344875843,24.459190166226765,25.59314250999248,25.58145758165422,13.106923948447706,18.243144825477398,3371.572412738698,3413.139814605109,3410.529125155073,-0.0003646798486647214,0.15911699621661804,0.1585862115773036,23.060784965242025,23.021954419705132,0.0,0.0,0.0,0.0,False,none,0.0,0.0,nominal,0.5317921786317299,0.0,45,thermal_anomaly,3.451664027341458,0.5317921786317299,gradual,0.2122179481469192,0.9023230521172474,1761602410,thermal_anomaly
9720.0,162.0,2.7,0,0.0,361.7557050458495,361.7557050458495,90.9388649491468,90.91213514120237,29.637554597965874,29.64370924925466,12.205990337363327,12.157927901334055,24.416793327504138,24.361743091317404,25.588572940417123,25.550403525284224,12.918896009264552,18.087785252292473,3293.892626146237,3353.5162203756736,3356.642647800354,-0.0008460957156159114,0.17115239289039777,0.16689756892152396,23.05497551105552,23.06849029971216,0.0,0.0,0.0,0.0,False,none,0.0,0.0,nominal,0.5317921786317299,0.0,45,thermal_anomaly,3.451664027341458,0.5317921786317299,gradual,0.2122179481469192,0.9023230521172474,1761602410,thermal_anomaly
9780.0,163.0,2.716666666666667,0,0.0,358.134732861516,358.134732861516,90.40592635857907,90.2867870757333,29.616237054343163,29.620868962306517,12.092513042908543,12.035386585567453,24.426620266657224,24.289668788985868,25.583677830179937,25.49957520295725,12.698309735433059,17.9067366430758,3203.3683215379,3278.4422709567866,3271.8349242379136,-0.0012630726049777928,0.18157681512444482,0.17779626471561072,23.04916841737709,23.021442732525273,0.0,0.0,0.0,0.0,False,none,0.0,0.0,nominal,0.5317921786317299,0.0,45,thermal_anomaly,3.451664027341458,0.5317921786317299,gradual,0.2122179481469192,0.9023230521172474,1761602410,thermal_anomaly
9840.0,164.0,2.7333333333333334,0,0.0,354.1582338163553,354.1582338163553,89.87890517730473,89.65074839733084,29.595156207092188,29.624785661355716,11.96676345744324,11.939595430962264,24.43558145909632,24.425289683993352,25.578424230920135,25.53180807337634,12.456274211711914,17.707911690817763,3103.955845408883,3191.1990581828345,3198.824889068843,-0.001597386625808086,0.18993466564520214,0.19347926272391827,23.043345287491828,23.088545649293383,0.0,0.0,0.0,0.0,False,none,0.0,0.0,nominal,0.5317921786317299,0.0,45,thermal_anomaly,3.451664027341458,0.5317921786317299,gradual,0.2122179481469192,0.9023230521172474,1761602410,thermal_anomaly
9900.0,165.0,2.75,0,0.0,349.99999999999994,349.99999999999994,89.3580718439714,89.54781787035836,29.574322873758856,29.550910350567445,11.834590482223792,11.821296505287266,24.44364997884359,24.58219938683835,25.572796837072772,25.603394051771165,12.204602550555357,17.499999999999996,2999.999999999999,3095.599529091417,3105.872206937519,-0.0018344266511800132,0.19586066627950033,0.1976116396455651,23.037490427230424,23.041322866103506,0.0,0.0,0.0,0.0,False,none,0.0,0.0,nominal,0.5317921786317299,0.0,45,thermal_anomaly,3.451664027341458,0.5317921786317299,gradual,0.2122179481469192,0.9023230521172474,1761602410,thermal_anomaly
9960.0,166.0,2.7666666666666666,0,0.0,345.8417661836449,345.8417661836449,88.84342635857907,88.66453904653828,29.553737054343163,29.53308235119021,11.702133153168209,11.720306961355098,24.45083872439306,24.380463599862974,25.566798638994555,25.52878265095075,11.955193626758282,17.292088309182244,2896.044154591122,2995.82184184127,2990.5100831924806,-0.0019638328945403845,0.1990958223635096,0.19259600854981013,23.031591490939356,22.878958218141978,0.0,0.0,0.0,0.0,False,none,0.0,0.0,nominal,0.5317921786317299,0.0,45,thermal_anomaly,3.451664027341458,0.5317921786317299,gradual,0.2122179481469192,0.9023230521172474,1761602410,thermal_anomaly
10020.0,167.0,2.783333333333333,0,0.0,341.86526713848406,341.86526713848406,88.33469828248013,88.10681905878486,29.533387931299206,29.527567794857248,11.575551979804473,11.576008573580456,24.457198599683274,24.463393562588813,25.560450776596447,25.611456776723784,11.719472290972421,17.093263356924204,2796.6316784621013,2896.226760151685,2897.900744783528,-0.0019799496820944516,0.1994987420523613,0.19626905656759255,23.02563999259177,23.052501174397648,0.0,0.0,0.0,0.0,False,none,0.0,0.0,nominal,0.5317921786317299,0.0,45,thermal_anomaly,3.451664027341458,0.5317921786317299,gradual,0.2122179481469192,0.9023230521172474,1761602410,thermal_anomaly
10080.0,168.0,2.8,0,0.0,338.2442949541506,338.2442949541506,87.83135855784599,87.9943166496452,29.51325434231384,29.47315561904967,11.46075898750352,11.51272737212703,24.462815140503746,24.496199323085524,25.55379159987909,25.40955241290075,11.507919725571414,16.91221474770753,2706.107373853764,2801.1670670027247,2795.9986421820818,-0.0018820726328891081,0.1970518158222277,0.1942809671492733,23.019631661990697,22.94492105359478,0.0,0.0,0.0,0.0,False,none,0.0,0.0,nominal,0.5317921786317299,0.0,45,thermal_anomaly,3.451664027341458,0.5317921786317299,gradual,0.2122179481469192,0.9023230521172474,1761602410,thermal_anomaly
10140.0,169.0,2.816666666666667,0,0.0,335.1371034904521,335.1371034904521,87.33264263003281,87.13827921123352,29.493305705201312,29.509736119014995,11.363158366861153,11.371545585902176,24.467803947812822,24.40490753509747,25.546874977429102,25.68847111869916,11.32970944562933,16.756855174522606,2628.427587261303,2714.797327132014,2708.857071610079,-0.0016744794436408194,0.19186198609102048,0.18514161656748693,23.013566630424112,23.042994354675205,0.0,0.0,0.0,0.0,False,none,0.0,0.0,nominal,0.5317921786317299,0.0,45,thermal_anomaly,3.451664027341458,0.5317921786317299,gradual,0.2122179481469192,0.9023230521172474,1761602410,thermal_anomaly
10200.0,170.0,2.8333333333333335,0,0.0,332.6794919243112,332.6794919243112,86.8375838622883,86.94519950679077,29.473503354491534,29.447459757385435,11.287409166227041,11.263041325854843,24.472305285642165,24.360252609457522,25.5397679268021,25.46903872017376,11.1924484548661,16.633974596215563,2566.9872981077806,2640.8923126198974,2642.6850531900313,-0.0013662429328623966,0.18415607332155992,0.1847157024705265,23.00744943523522,23.05910806754319,0.0,0.0,0.0,0.0,False,none,0.0,0.0,nominal,0.5317921786317299,0.0,45,thermal_anomaly,3.451664027341458,0.5317921786317299,gradual,0.2122179481469192,0.9023230521172474,1761602410,thermal_anomaly
10260.0,171.0,2.85,0,0.0,330.978869674097,330.978869674097,86.34505578241614,86.42818496089605,29.453802231296645,29.444364718404334,11.237220480906526,11.21644746562033,24.476478153698046,24.47569201568145,25.532547670355093,25.504445618917156,11.102009930920408,16.54894348370485,2524.471741852424,2582.682027236161,2588.0911516657457,-0.0009708345151577046,0.1742708628789426,0.17823917847844334,23.001288838754395,23.178090678531536,0.0,0.0,0.0,0.0,False,none,0.0,0.0,nominal,0.5317921786317299,0.0,45,thermal_anomaly,3.451664027341458,0.5317921786317299,gradual,0.2122179481469192,0.9023230521172474,1761602410,thermal_anomaly
10320.0,172.0,2.8666666666666667,0,0.0,330.1095620926345,330.1095620926345,85.85382131501638,86.00578734376644,29.434152852600654,29.408451962861186,11.215188143709993,11.189978196614119,24.480494070135542,24.46360438578708,25.525298245201515,25.59546932177989,11.062435607905055,16.505478104631727,2502.739052315864,2542.710539776012,2541.349208947392,-0.0005055354357605887,0.16263838589401472,0.17235543710836493,22.995097463973945,22.82648348612935,0.0,0.0,0.0,0.0,False,none,0.0,0.0,nominal,0.5317921786317299,0.0,45,thermal_anomaly,3.451664027341458,0.5317921786317299,gradual,0.2122179481469192,0.9023230521172474,1761602410,thermal_anomaly
10380.0,173.0,2.8833333333333333,0,0.0,330.1095620926345,330.1095620926345,85.36258684761663,85.01677245082296,29.414503473904666,29.426420442461765,11.222680076360769,11.21414771192234,24.48453071854042,24.53899166165337,25.518106815449165,25.56077635127368,11.075883847707596,16.505478104631727,2502.7390523158633,2522.724796045938,2527.467404308004,9.318502806628603e-06,0.15023296257016572,0.1551336527246861,22.988892515131948,22.772149754945783,0.0,0.0,0.0,0.0,False,none,0.0,0.0,nominal,0.5317921786317299,0.0,45,thermal_anomaly,3.451664027341458,0.5317921786317299,gradual,0.2122179481469192,0.9023230521172474,1761602410,thermal_anomaly
10440.0,174.0,2.9,0,0.0,330.9788696740969,330.9788696740969,84.87005876774447,84.92906938126586,29.394802350709778,29.385174412881092,11.259775307388825,11.24825355762571,24.48876554488861,24.431939823054773,25.51105984789298,25.54361489954726,11.142603197830649,16.548943483704846,2524.471741852423,2523.5982689491807,2521.636277919998,0.0005512257128852536,0.16378064282213134,0.1617582656060059,22.982764459760027,23.049034647770057,0.0,0.0,0.0,0.0,False,none,0.0,0.0,nominal,0.5317921786317299,0.0,45,thermal_anomaly,3.451664027341458,0.5317921786317299,gradual,0.2122179481469192,0.9023230521172474,1761602410,thermal_anomaly
10500.0,175.0,2.9166666666666665,0,0.0,332.6794919243112,332.6794919243112,84.37499999999994,84.36444052021237,29.374999999999996,29.39787491080648,11.325259299551021,11.287734626014398,24.49336935113983,24.360622690794266,25.504239318302268,25.48784878724422,11.260919856165351,16.633974596215563,2566.9872981077806,2545.292783528481,2546.2411964856506,0.0010965022490355544,0.17741255622588886,0.18146303063048852,22.976733593165047,23.009524429004088,0.0,0.0,0.0,0.0,False,none,0.0,0.0,nominal,0.5317921786317299,0.0,45,thermal_anomaly,3.451664027341458,0.5317921786317299,gradual,0.2122179481469192,0.9023230521172474,1761602410,thermal_anomaly
10560.0,176.0,2.933333333333333,0,0.0,335.13710349045203,335.13710349045203,83.87628407218678,84.00895974895343,29.355051362887473,29.33835816391323,11.416675765526124,11.423783642044514,24.498499931175697,24.52020480917661,25.497719114104896,25.450428792742304,11.427238842812121,16.756855174522602,2628.4275872613007,2586.860185394891,2589.2641596789567,0.0016213169101006175,0.19053292275251543,0.1915148412954939,22.970817893030137,23.048226063940273,0.0,0.0,0.0,0.0,False,none,0.0,0.0,nominal,0.5317921786317299,0.0,45,thermal_anomaly,3.451664027341458,0.5317921786317299,gradual,0.2122179481469192,0.9023230521172474,1761602410,thermal_anomaly
10620.0,177.0,2.95,0,0.0,338.2442949541506,338.2442949541506,83.37294434755262,83.39396986331506,29.334917773902106,29.351064080031456,11.530432693255086,11.540957306215656,24.504295832413625,24.52562303849831,25.491561790687474,25.47130327829596,11.63607024749486,16.91221474770753,2706.1073738537643,2646.4837796243282,2652.901280985342,0.002102732777051843,0.20256831942629605,0.20798279972411005,22.965032199749515,22.876362592749125,0.0,0.0,0.0,0.0,False,none,0.0,0.0,nominal,0.5317921786317299,0.0,45,thermal_anomaly,3.451664027341458,0.5317921786317299,gradual,0.2122179481469192,0.9023230521172474,1761602410,thermal_anomaly
10680.0,178.0,2.966666666666667,0,0.0,341.86526713848394,341.86526713848394,82.86421627145369,82.8613212531776,29.31456865085815,29.272600548984922,11.66195795715644,11.633877807800083,24.51087039432434,24.545534219422663,25.48581582307582,25.664460999457123,11.880101071558753,17.093263356924197,2796.631678462098,2721.557729043213,2730.3812796441416,0.002519709666413667,0.21299274166034166,0.20570533485037754,22.959387524789026,23.010249685991795,0.0,0.0,0.0,0.0,False,none,0.0,0.0,nominal,0.5317921786317299,0.0,45,thermal_anomaly,3.451664027341458,0.5317921786317299,gradual,0.2122179481469192,0.9023230521172474,1761602410,thermal_anomaly
10740.0,179.0,2.9833333333333334,0,0.0,345.8417661836448,345.8417661836448,82.34957078606136,82.34864458793126,29.293982831442456,29.27232322467755,11.80589775632825,11.795316177153698,24.518306297780494,24.644520914043643,25.48051347310958,25.436387657588853,12.150337746630113,17.29208830918224,2896.044154591119,2808.800941817166,2808.279441824165,0.0028540236872440245,0.2213505921811006,0.21611118935371962,22.953890522352282,23.01919052728312,0.0,0.0,0.0,0.0,False,none,0.0,0.0,nominal,0.5317921786317299,0.0,45,thermal_anomaly,3.451664027341458,0.5317921786317299,gradual,0.2122179481469192,0.9023230521172474,1761602410,thermal_anomaly
10800.0,180.0,3.0,1,600.0,349.99999999999994,-250.00000000000006,82.72159459558517,82.82966905300084,29.308863783823405,29.292948703230724,-8.529842775344429,-8.530961680592913,24.525931984733038,24.47596653957084,25.4916693653247,25.581868352725277,6.820657421767644,17.499999999999996,2999.999999999999,2904.400470908583,2909.5282753231572,0.003091063712615916,0.22727659281539792,0.22769897069858377,22.94854315321092,22.882374529550297,0.0,0.0,0.0,0.0,False,none,0.0,0.0,nominal,0.5317921786317299,0.0,45,thermal_anomaly,3.451664027341458,0.5317921786317299,gradual,0.2122179481469192,0.9023230521172474,1761602410,thermal_anomaly
10860.0,181.0,3.0166666666666666,1,601.2556165273943,354.15823381635516,-247.09738271103913,83.08929903414327,83.32015653613449,29.32357196136573,29.354291792002854,-8.42657855723013,-8.414830917542963,24.53304498647295,24.665451420744116,25.50315183378374,25.469630457909357,6.680578094493649,17.70791169081776,3103.9558454088797,3004.1781581587315,2999.678646505784,0.0032204699559763308,0.23051174889940826,0.22394540168667793,22.94334256087759,22.91251669769741,0.0,0.0,0.0,0.0,False,none,0.0,0.0,nominal,0.5317921786317299,0.0,45,thermal_anomaly,3.451664027341458,0.5317921786317299,gradual,0.2122179481469192,0.9023230521172474,1761602410,thermal_anomaly
10920.0,182.0,3.033333333333333,1,602.5051158172811,358.134732861516,-244.37038295576508,83.45294543735125,83.66160724255525,29.33811781749405,29.298114116498922,-8.329449914815232,-8.326372601890395,24.539681312789693,24.572451140592758,25.51494009239962,25.700295776466366,6.550378870673239,17.9067366430758,3203.3683215379006,3103.773239848316,3094.2684798098253,0.0032365867435303767,0.2309146685882594,0.22587542046211534,22.938281169789555,22.856665333800304,0.0,0.0,0.0,0.0,False,none,0.0,0.0,nominal,0.5317921786317299,0.0,45,thermal_anomaly,3.451664027341458,0.5317921786317299,gradual,0.2122179481469192,0.9023230521172474,1761602410,thermal_anomaly
10980.0,183.0,3.05,1,603.7424104347197,361.75570504584937,-241.9867053888703,83.81304470132278,83.94412716584988,29.35252178805291,29.33533204106588,-8.24415384600324,-8.217312060680854,24.545900844282706,24.531256386375706,25.526996142165007,25.47048464187623,6.437285810925601,18.08778525229247,3293.8926261462348,3198.8329329972753,3193.9904281316526,0.0031387096943249967,0.2284677423581249,0.22914864669193777,22.933347003501645,22.909487854193035,0.0,0.0,0.0,0.0,False,none,0.0,0.0,nominal,0.5317921786317299,0.0,45,thermal_anomaly,3.451664027341458,0.5317921786317299,gradual,0.2122179481469192,0.9023230521172474,1761602410,thermal_anomaly
11040.0,184.0,3.066666666666667,1,604.961472404706,364.8628965095479,-240.0985758951581,84.1703342487858,84.25859976211265,29.366813369951434,29.377205813744776,-8.175847098917126,-8.18140755497091,24.551783966092977,24.511638670195296,25.539266462678643,25.633693062834066,6.3475580627897275,18.243144825477398,3371.5724127386984,3285.202672867987,3287.8701626271372,0.0029311165050767652,0.22327791262691912,0.22128827100287088,22.928524208909362,22.986212745006707,0.0,0.0,0.0,0.0,False,none,0.0,0.0,nominal,0.5317921786317299,0.0,45,thermal_anomaly,3.451664027341458,0.5317921786317299,gradual,0.2122179481469192,0.9023230521172474,1761602410,thermal_anomaly
11100.0,185.0,3.0833333333333335,1,606.1563625798619,367.32050807568874,-238.8358545041732,84.52574474655987,84.7125503092991,29.381029789862396,29.416970270981093,-8.128913663420365,-8.121662210481679,24.557427725589044,24.670870134409206,25.55168438178478,25.627983835961718,6.286338987787384,18.366025403784437,3433.0127018922185,3359.1076873801026,3360.078858924248,0.0026228799942982924,0.21557199985745729,0.21159654056866548,22.923793761168582,22.978053150477898,0.0,0.0,0.0,0.0,False,none,0.0,0.0,nominal,0.5317921786317299,0.0,45,thermal_anomaly,3.451664027341458,0.5317921786317299,gradual,0.2122179481469192,0.9023230521172474,1761602410,thermal_anomaly
11160.0,186.0,3.1,1,607.3212595753644,369.0211303259031,-238.3001292494613,84.88035803413348,84.83877004030894,29.395214321365337,29.377851088931404,-8.106766177794373,-8.08651171989177,24.562941734665223,24.745425535123868,25.564173019763093,25.458246694094573,6.257572628914463,18.451056516295154,3475.5282581475767,3417.3179727638394,3409.6487494426046,0.002227471576593636,0.2056867894148409,0.2098258018342924,22.919134314149726,22.866254904188285,0.0,0.0,0.0,0.0,False,none,0.0,0.0,nominal,0.5317921786317299,0.0,45,thermal_anomaly,3.451664027341458,0.5317921786317299,gradual,0.2122179481469192,0.9023230521172474,1761602410,thermal_anomaly
11220.0,187.0,3.1166666666666667,1,608.450488130146,369.8904379073654,-238.5600502227806,85.23535810886976,85.12897171851984,29.409414324354792,29.422922932433476,-8.111689936824824,-8.119962750820934,24.56844395455888,24.492644874612893,25.576648679395724,25.73232340868349,6.26396109049481,18.494521895368273,3497.260947684136,3457.2894602239876,3455.5467930553014,0.001762172497196506,0.19405431242991264,0.19403782135154146,22.914523153725256,22.973916760196293,0.0,0.0,0.0,0.0,False,none,0.0,0.0,nominal,0.5317921786317299,0.0,45,thermal_anomaly,3.451664027341458,0.5317921786317299,gradual,0.2122179481469192,0.9023230521172474,1761602410,thermal_anomaly
11280.0,188.0,3.1333333333333333,1,609.5385467561977,369.8904379073655,-239.64810884883218,85.59197731846623,85.73923131643556,29.42367909273865,29.405767973492356,-8.1447363565073,-8.112125110821534,24.574056418916065,24.554071799593714,25.589024533751296,25.73777964457484,6.306938425360945,18.494521895368276,3497.2609476841367,3477.2752039540624,3472.901975448336,0.0012473185586292885,0.18118296396573222,0.17715875571961298,22.90993720647289,22.80216423378505,0.0,0.0,0.0,0.0,False,none,0.0,0.0,nominal,0.5317921786317299,0.0,45,thermal_anomaly,3.451664027341458,0.5317921786317299,gradual,0.2122179481469192,0.9023230521172474,1761602410,thermal_anomaly
11340.0,189.0,3.15,1,610.5801345412646,369.02113032590313,-241.55900421536143,85.95144012235815,86.06433438139202,29.438057604894325,29.46022334166964,-8.205670613783981,-8.24607276425299,24.579900888461747,24.49114230217618,25.601214450513876,25.535927900725543,6.386642417753438,18.451056516295157,3475.5282581475776,3476.40173105082,3477.9641190392185,0.0007054113485506708,0.16763528371376676,0.15525607537752364,22.905354054727848,22.964335390254437,0.0,0.0,0.0,0.0,False,none,0.0,0.0,nominal,0.5317921786317299,0.0,45,thermal_anomaly,3.451664027341458,0.5317921786317299,gradual,0.2122179481469192,0.9023230521172474,1761602410,thermal_anomaly
11400.0,190.0,3.1666666666666665,1,611.5701769743577,367.3205080756888,-244.24966889866886,86.3149068915526,86.43042054078882,29.452596275662103,29.457240844091267,-8.29297582503796,-8.324697346565681,24.586094402606886,24.603686085840966,25.613136785717334,25.4770009795937,6.5018758427731225,18.36602540378444,3433.0127018922203,3454.7072164715205,3462.20054371025,0.00016013481240036295,0.15400337031000907,0.1556252793296209,22.900752910273887,22.916722080537674,0.0,0.0,0.0,0.0,False,none,0.0,0.0,nominal,0.5317921786317299,0.0,45,thermal_anomaly,3.451664027341458,0.5317921786317299,gradual,0.2122179481469192,0.9023230521172474,1761602410,thermal_anomaly
11460.0,191.0,3.183333333333333,1,612.503850668262,364.86289650954785,-247.64095415871412,86.68342021619354,86.57435699213582,29.46733680864774,29.44340815723843,-8.403913654186736,-8.374668453875556,24.592744706779786,24.519094793823083,25.62471798108255,25.661499894714005,6.650061176562101,18.243144825477394,3371.5724127386957,3413.1398146051083,3423.139013108146,-0.00036467984866476403,0.1591169962166191,0.15991174818168682,22.89616473476289,22.841503251686653,0.0,0.0,0.0,0.0,False,none,0.0,0.0,nominal,0.5317921786317299,0.0,45,thermal_anomaly,3.451664027341458,0.5317921786317299,gradual,0.2122179481469192,0.9023230521172474,1761602410,thermal_anomaly
11520.0,192.0,3.2,1,613.376606858593,361.7557050458495,-251.62090181274357,87.05785608198632,87.19115619777385,29.482314243279454,29.51849925859202,-8.534638757881803,-8.562285756649642,24.599945587533117,24.63538793685769,25.635895807738475,25.643183959911077,6.827204698203059,18.087785252292473,3293.892626146237,3353.516220375672,3343.986032748485,-0.0008460957156158976,0.17115239289039744,0.16775978906491618,22.89158993230498,23.019932531288795,0.0,0.0,0.0,0.0,False,none,0.0,0.0,nominal,0.5317921786317299,0.0,45,thermal_anomaly,3.451664027341458,0.5317921786317299,gradual,0.2122179481469192,0.9023230521172474,1761602410,thermal_anomaly
11580.0,193.0,3.216666666666667,1,614.184193564921,358.134732861516,-256.049460703405,87.4388820651759,87.18538046643081,29.497555282607035,29.526692136431908,-8.680362092731874,-8.69339445695466,24.607772230290834,24.656645113269164,25.646622114562717,25.586716371220888,7.027894884874919,17.9067366430758,3203.3683215379,3278.4422709567857,3283.792048927488,-0.001263072604977778,0.18157681512444446,0.18102322092130424,22.887008230467178,22.911095036698008,0.0,0.0,0.0,0.0,False,none,0.0,0.0,nominal,0.5317921786317299,0.0,45,thermal_anomaly,3.451664027341458,0.5317921786317299,gradual,0.2122179481469192,0.9023230521172474,1761602410,thermal_anomaly
11640.0,194.0,3.2333333333333334,1,614.9226763059908,354.15823381635533,-260.7644424896354,87.82692439030929,88.12680705816275,29.51307697561237,29.548080433279996,-8.835555936953428,-8.852740188070689,24.616276809899766,24.529464827219982,25.65686496102785,25.63614382612377,7.245363897202638,17.707911690817767,3103.955845408883,3191.1990581828345,3196.777864138887,-0.001597386625808079,0.18993466564520198,0.19288578855189137,22.88240130198374,22.920557863057205,0.0,0.0,0.0,0.0,False,none,0.0,0.0,nominal,0.5317921786317299,0.0,45,thermal_anomaly,3.451664027341458,0.5317921786317299,gradual,0.2122179481469192,0.9023230521172474,1761602410,thermal_anomaly
11700.0,195.0,3.25,1,615.5884572681198,349.99999999999994,-265.58845726811984,88.22214530886305,88.2812478640585,29.52888581235452,29.56509735420548,-8.99419161819512,-8.973941793072761,24.62548461113765,24.484084159375445,25.666610041339627,25.744341082356286,7.47163862918491,17.499999999999996,2999.999999999999,3095.599529091417,3102.867195336802,-0.0018344266511800132,0.19586066627950033,0.202169912922569,22.877753521613645,22.821161731895725,0.0,0.0,0.0,0.0,False,none,0.0,0.0,nominal,0.5317921786317299,0.0,45,thermal_anomaly,3.451664027341458,0.5317921786317299,gradual,0.2122179481469192,0.9023230521172474,1761602410,thermal_anomaly
11760.0,196.0,3.2666666666666666,1,616.178292833385,345.8417661836449,-270.33652664974005,88.62443180685374,88.69085750433253,29.54497727227415,29.515577889033764,-9.149999479046192,-9.185149413729532,24.635391034261904,24.57010804616474,25.675861337627275,25.707742661797806,7.697799237323648,17.292088309182244,2896.044154591122,2995.82184184127,2993.0809855887646,-0.0019638328945403845,0.1990958223635096,0.19381048486192026,22.8730526121147,22.762142423751136,0.0,0.0,0.0,0.0,False,none,0.0,0.0,nominal,0.5317921786317299,0.0,45,thermal_anomaly,3.451664027341458,0.5317921786317299,gradual,0.2122179481469192,0.9023230521172474,1761602410,thermal_anomaly
11820.0,197.0,3.283333333333333,1,616.6893093822022,341.86526713848406,-274.8240422437181,89.0333961554307,89.00497402578019,29.561335846217226,29.587358344760904,-9.296739622099507,-9.30360844388649,24.645959852749964,24.69635093901197,25.684640973640104,25.68029458044029,7.9143494080891905,17.093263356924204,2796.6316784621013,2896.226760151685,2895.0376176825685,-0.0019799496820944516,0.1994987420523613,0.1931265527937149,22.868290155358302,22.924822649023923,0.0,0.0,0.0,0.0,False,none,0.0,0.0,nominal,0.5317921786317299,0.0,45,thermal_anomaly,3.451664027341458,0.5317921786317299,gradual,0.2122179481469192,0.9023230521172474,1761602410,thermal_anomaly
11880.0,198.0,3.3,1,617.1190172933127,338.24429495415046,-278.87472233916225,89.44838830176873,89.41285813486421,29.57793553207075,29.565711180472956,-9.428471504942733,-9.367988057603513,24.657123046945337,24.6215588561887,25.692988275346398,25.54816143904937,8.111685993561366,16.912214747707523,2706.107373853761,2801.1670670027233,2805.065560932131,-0.0018820726328891437,0.19705181582222858,0.20655217752857696,22.863461948536482,22.8730371143674,0.0,0.0,0.0,0.0,False,none,0.0,0.0,nominal,0.5317921786317299,0.0,45,thermal_anomaly,3.451664027341458,0.5317921786317299,gradual,0.2122179481469192,0.9023230521172474,1761602410,thermal_anomaly
11940.0,199.0,3.316666666666667,1,617.465323072968,335.13710349045215,-282.3282195825158,89.86851958090938,90.02368680801904,29.594740783236375,29.594857513336233,-9.539810524119801,-9.4757963894363,24.668782437953293,24.71284536151858,25.700958079492672,25.69267083656067,8.280638786888552,16.75685517452261,2628.427587261303,2714.7973271320134,2716.8046873890553,-0.001674479443640806,0.19186198609102015,0.18902126792384172,22.858568189820804,22.88232419816559,0.0,0.0,0.0,0.0,False,none,0.0,0.0,nominal,0.5317921786317299,0.0,45,thermal_anomaly,3.451664027341458,0.5317921786317299,gradual,0.2122179481469192,0.9023230521172474,1761602410,thermal_anomaly
12000.0,200.0,3.3333333333333335,1,617.7265395542198,332.6794919243112,-285.0470476299086,90.29269673512056,90.39265970131348,29.61170786940482,29.662365753675225,-9.626160331144652,-9.613279533545514,24.680813200051148,24.707902058804283,25.708618364049162,25.761031265129333,8.413037017672233,16.633974596215563,2566.9872981077806,2640.892312619897,2640.1810371063693,-0.0013662429328623895,0.18415607332155973,0.18610442858510612,22.85361348293644,22.925866025410883,0.0,0.0,0.0,0.0,False,none,0.0,0.0,nominal,0.5317921786317299,0.0,45,thermal_anomaly,3.451664027341458,0.5317921786317299,gradual,0.2122179481469192,0.9023230521172474,1761602410,thermal_anomaly
12060.0,201.0,3.35,1,617.9013941166289,330.978869674097,-286.92252444253194,90.71966477744576,90.9058783788617,29.62878659109783,29.659400521398197,-9.68391073189409,-9.688391386539209,24.693069154734385,24.66367903587729,25.71604730410418,25.584930336260317,8.502250165063481,16.54894348370485,2524.471741852424,2582.6820272361606,2588.3531836623933,-0.0009708345151576976,0.17427086287894245,0.16869595872742163,22.848606656097854,22.785659510237394,0.0,0.0,0.0,0.0,False,none,0.0,0.0,nominal,0.5317921786317299,0.0,45,thermal_anomaly,3.451664027341458,0.5317921786317299,gradual,0.2122179481469192,0.9023230521172474,1761602410,thermal_anomaly
12120.0,202.0,3.3666666666666667,1,617.9890348863438,330.1095620926345,-287.8794727937093,91.14805685005544,91.09800548732666,29.645922274002217,29.615706212956688,-9.710592577724025,-9.714659721755252,24.705389568662124,24.623368228604633,25.72332988188061,25.83256918287797,8.543648656843914,16.505478104631727,2502.7390523158633,2542.710539776012,2542.504185173795,-0.0005055354357605888,0.16263838589401472,0.1652751986387416,22.84356039768733,22.84802624634972,0.0,0.0,0.0,0.0,False,none,0.0,0.0,nominal,0.5317921786317299,0.0,45,thermal_anomaly,3.451664027341458,0.5317921786317299,gradual,0.2122179481469192,0.9023230521172474,1761602410,thermal_anomaly
12180.0,203.0,3.3833333333333333,1,617.9890348863438,330.1095620926345,-287.8794727937093,91.57644892266512,91.52303604128765,29.663057956906606,29.65271742982699,-9.704982986310108,-9.72124483330232,24.717607016520702,24.73945352469074,25.730554199034827,25.81799203673647,8.534935581165493,16.505478104631727,2502.7390523158633,2522.724796045938,2521.8458356824094,9.318502806628603e-06,0.15023296257016572,0.15330814278762916,22.838491976842484,22.94847536756245,0.0,0.0,0.0,0.0,False,none,0.0,0.0,nominal,0.5317921786317299,0.0,45,thermal_anomaly,3.451664027341458,0.5317921786317299,gradual,0.2122179481469192,0.9023230521172474,1761602410,thermal_anomaly
12240.0,204.0,3.4,1,617.9013941166289,330.9788696740969,-286.922524442532,92.00341696499031,91.84788788254018,29.680136678599613,29.680192909516123,-9.667156440334484,-9.611599209006622,24.729555751392752,24.520638422648886,25.73780765240996,25.79788328652736,8.47631309135204,16.548943483704846,2524.471741852423,2523.5982689491807,2530.0683157973094,0.0005512257128852536,0.16378064282213134,0.16507251811796894,22.833491925507733,22.782820394497392,0.0,0.0,0.0,0.0,False,none,0.0,0.0,nominal,0.5317921786317299,0.0,45,thermal_anomaly,3.451664027341458,0.5317921786317299,gradual,0.2122179481469192,0.9023230521172474,1761602410,thermal_anomaly
12300.0,205.0,3.4166666666666665,1,617.7265395542198,332.67949192431115,-285.04704762990866,92.4275941192015,92.363823969348,29.69710376476806,29.689415217532265,-9.598479699831259,-9.616376825227517,24.741079966897214,24.6976721050314,25.74517314038311,25.80630589552767,8.370465003845823,16.63397459621556,2566.9872981077788,2545.29278352848,2545.280411530195,0.0010965022490355331,0.1774125562258883,0.17699097580901746,22.828580602919644,22.82583786384384,0.0,0.0,0.0,0.0,False,none,0.0,0.0,nominal,0.5317921786317299,0.0,45,thermal_anomaly,3.451664027341458,0.5317921786317299,gradual,0.2122179481469192,0.9023230521172474,1761602410,thermal_anomaly
12360.0,206.0,3.433333333333333,1,617.465323072968,335.13710349045215,-282.3282195825158,92.84772539834213,92.81500804267975,29.713909015933687,29.703714115078217,-9.501550921190514,-9.514893724674206,24.752041345737958,24.82134661676461,25.75272546560909,25.771486639420875,8.222357592638105,16.75685517452261,2628.427587261303,2586.8601853948917,2594.4637733344953,0.00162131691010066,0.1905329227525165,0.19454301724256023,22.823776050211574,22.88044949852731,0.0,0.0,0.0,0.0,False,none,0.0,0.0,nominal,0.5317921786317299,0.0,45,thermal_anomaly,3.451664027341458,0.5317921786317299,gradual,0.2122179481469192,0.9023230521172474,1761602410,thermal_anomaly
12420.0,207.0,3.45,1,617.1190172933127,338.24429495415046,-278.87472233916225,93.26271754468019,93.08843093524467,29.73050870178721,29.729823731801016,-9.380085794576333,-9.358557929191026,24.76232536686716,24.744883966768548,25.76052809137963,25.58952666742603,8.038880761089018,16.912214747707523,2706.107373853761,2646.4837796243264,2648.044514737807,0.0021027327770517935,0.20256831942629483,0.19806972597832093,22.81909317075209,22.703031933000293,0.0,0.0,0.0,0.0,False,none,0.0,0.0,nominal,0.5317921786317299,0.0,45,thermal_anomaly,3.451664027341458,0.5317921786317299,gradual,0.2122179481469192,0.9023230521172474,1761602410,thermal_anomaly
12480.0,208.0,3.466666666666667,1,616.6893093822022,341.86526713848394,-274.8240422437182,93.67168189325714,93.73697855582716,29.746867275730285,29.734499673285782,-9.238755788847056,-9.212590231023597,24.774099572159777,24.848783344388274,25.771146623943917,25.915410294088463,8.39229032407075,18.05718947085205,2796.631678462098,2721.5577290432116,2726.794795837023,0.0025197096664136883,0.2129927416603422,0.21575101465679392,22.814543038509083,22.718099943122052,0.0,0.0,0.0375947761329566,0.0,True,thermal_anomaly,0.07069448864345045,0.0375947761329566,thermal_anomaly,0.5317921786317299,0.0375947761329566,45,thermal_anomaly,3.451664027341458,0.5317921786317299,gradual,0.2122179481469192,0.9023230521172474,1761602410,thermal_anomaly
12540.0,209.0,3.4833333333333334,1,616.178292833385,345.8417661836449,-270.33652664974005,94.07396839124782,94.19657776140363,29.762958735649914,29.75511610699101,-9.082985634957469,-9.053421917680208,24.787548988753212,24.65754857609021,25.78492455881198,25.836237422101863,8.790441257370759,19.350522962461955,2896.0441545911226,2808.8009418171673,2810.003805697421,0.0028540236872440883,0.2213505921811022,0.21898136484339056,22.810132369719437,22.79710632239191,0.0,0.0,0.07935940091888394,0.0,True,thermal_anomaly,0.14923010173461188,0.07935940091888394,thermal_anomaly,0.5317921786317299,0.07935940091888394,45,thermal_anomaly,3.451664027341458,0.5317921786317299,gradual,0.2122179481469192,0.9023230521172474,1761602410,thermal_anomaly
12600.0,210.0,3.5,1,615.5884572681198,349.99999999999994,-265.58845726811984,94.46918930980158,94.19022203967411,29.778767572392063,29.821184871806246,-8.918718903409127,-8.878303830417503,24.802640342899394,24.831161905679522,25.801914013467147,25.908818314726634,9.180344135814353,20.679505674751294,2999.999999999999,2904.4004709085834,2905.859768427486,0.0030910637126159027,0.22727659281539755,0.2292431079315487,22.80586318672282,22.722387148483865,0.0,0.0,0.12112402570481129,0.0,True,thermal_anomaly,0.22776571482577332,0.12112402570481129,thermal_anomaly,0.5317921786317299,0.12112402570481129,45,thermal_anomaly,3.451664027341458,0.5317921786317299,gradual,0.2122179481469192,0.9023230521172474,1761602410,thermal_anomaly
12660.0,211.0,3.5166666666666666,1,614.9226763059908,354.15823381635516,-260.7644424896356,94.85723163493495,94.98775909468368,29.7942892653974,29.773292567707482,-8.752161871251051,-8.74335892955758,24.819372489237114,24.788372342288607,25.82214943098094,25.941949659928223,9.571356751007535,22.034538448307476,3103.955845408879,3004.1781581587315,3000.5837758632706,0.003220469955976316,0.2305117488994079,0.22703415620393544,22.80173269413815,22.720362020612217,0.0,0.0,0.16288865049073864,0.0,True,thermal_anomaly,0.30630132791693476,0.16288865049073864,thermal_anomaly,0.5317921786317299,0.16288865049073864,45,thermal_anomaly,3.451664027341458,0.5317921786317299,gradual,0.2122179481469192,0.9023230521172474,1761602410,thermal_anomaly
12720.0,212.0,3.533333333333333,1,614.184193564921,358.1347328615159,-256.0494607034051,95.23825761812455,95.3479836141112,29.80953030472498,29.780552302438767,-8.589516778223768,-8.55854205820562,24.83777404205869,24.904569007004575,25.845643191787453,25.70413961369329,9.972183007821,23.40374509835903,3203.3683215378974,3103.773239848314,3103.819616928711,0.003236586743530341,0.23091466858825851,0.22286478947894053,22.797733377050662,22.828861965787137,0.0,0.0,0.20465327527666602,0.0,True,thermal_anomaly,0.38483694100809623,0.20465327527666602,thermal_anomaly,0.5317921786317299,0.20465327527666602,45,thermal_anomaly,3.451664027341458,0.5317921786317299,gradual,0.2122179481469192,0.9023230521172474,1761602410,thermal_anomaly
12780.0,213.0,3.55,1,613.376606858593,361.7557050458495,-251.62090181274357,95.61269348391733,95.65655008454932,29.824507739356694,29.83663823356946,-8.436716005900822,-8.4444563499981,24.85789987528633,24.881549646857472,25.872382325508156,25.83460526136477,10.39052265807675,24.773516340272057,3293.8926261462375,3198.8329329972757,3190.6651107758007,0.003138709694325054,0.22846774235812634,0.22903084999775988,22.793853319208296,22.75571807080339,0.0,0.0,0.24641790006259334,0.0,True,thermal_anomaly,0.46337255409925765,0.24641790006259334,thermal_anomaly,0.5317921786317299,0.24641790006259334,45,thermal_anomaly,3.451664027341458,0.5317921786317299,gradual,0.2122179481469192,0.9023230521172474,1761602410,thermal_anomaly
12840.0,214.0,3.566666666666667,1,612.503850668262,364.86289650954785,-247.64095415871412,95.98120680855826,95.98739464920304,29.83924827234233,29.858373093340862,-8.299168661974965,-8.308614810538858,24.87982687089158,24.781645478709198,25.90232655910193,25.82600376912782,10.832833911120415,26.129178130952376,3371.5724127386957,3285.202672867986,3276.65290960297,0.0029311165050767154,0.22327791262691787,0.2308946237719434,22.790076727248213,22.81193460971036,0.0,0.0,0.28818252484852186,0.0,True,thermal_anomaly,0.5419081671904212,0.28818252484852186,thermal_anomaly,0.5317921786317299,0.28818252484852186,45,thermal_anomaly,3.451664027341458,0.5317921786317299,gradual,0.2122179481469192,0.9023230521172474,1761602410,thermal_anomaly
12900.0,215.0,3.5833333333333335,1,611.5701769743577,367.32050807568874,-244.24966889866892,96.3446735777527,96.71585129664244,29.85378694311011,29.859237388494194,-8.181530516182598,-8.240023328596498,24.903649271307515,24.960134482880573,25.935407872794407,25.906120079077503,11.304202571494905,27.455752001923276,3433.0127018922185,3359.1076873801026,3357.1323128552604,0.0026228799942983067,0.21557199985745767,0.21650455325460394,22.78638463561989,22.77213337677209,0.0,0.0,0.32994714963444916,0.0,True,thermal_anomaly,0.6204437802815826,0.32994714963444916,thermal_anomaly,0.5317921786317299,0.32994714963444916,45,thermal_anomaly,3.451664027341458,0.5317921786317299,gradual,0.2122179481469192,0.9023230521172474,1761602410,thermal_anomaly
12960.0,216.0,3.6,1,610.5801345412646,369.021130325903,-241.55900421536154,96.70413638164462,96.62505153575242,29.868165455265785,29.884074452080878,-8.087507234990706,-8.065891244534855,24.929473924850186,24.823589981268068,25.97153165918747,25.889154922854374,11.808298478387808,28.738768952699232,3475.5282581475753,3417.317972763839,3426.519756446771,0.002227471576593615,0.20568678941484037,0.20446091085966991,22.782755757042647,22.70370830334614,0.0,0.0,0.3717117744203765,0.0,True,thermal_anomaly,0.6989793933727441,0.3717117744203765,thermal_anomaly,0.5317921786317299,0.3717117744203765,45,thermal_anomaly,3.451664027341458,0.5317921786317299,gradual,0.2122179481469192,0.9023230521172474,1761602410,thermal_anomaly
13020.0,217.0,3.6166666666666667,1,609.5385467561977,369.8904379073655,-239.64810884883218,97.0607555912411,97.22180865239018,29.882430223649642,29.8803247317921,-8.019699437268967,-8.047370770960086,24.95741562166656,24.908008840799766,26.010579497428548,26.030165531948445,12.347392313225132,29.96509437287681,3497.2609476841367,3457.2894602239876,3455.123752932934,0.0017621724971965198,0.194054312429913,0.19478692854917276,22.779167435796477,22.775880046552313,0.0,0.0,0.4134763992063039,0.0,True,thermal_anomaly,0.7775150064639056,0.4134763992063039,thermal_anomaly,0.5317921786317299,0.4134763992063039,45,thermal_anomaly,3.451664027341458,0.5317921786317299,gradual,0.2122179481469192,0.9023230521172474,1761602410,thermal_anomaly
13080.0,218.0,3.6333333333333333,1,608.4504881301461,369.8904379073655,-238.56005022278066,97.41575566597737,97.51406893036923,29.896630226639097,29.81592627431076,-7.979496298222068,-7.922006801388823,24.987592621679916,25.10908822855591,26.052413467562573,25.941903104535395,12.922404253750644,31.12371952420957,3497.2609476841367,3477.2752039540624,3476.8248575281204,0.0012473185586292885,0.18118296396573222,0.18167672279388897,22.77559665642858,22.761597365976996,0.0,0.0,0.45524102399223126,0.0,True,thermal_anomaly,0.856050619555067,0.45524102399223126,thermal_anomaly,0.5317921786317299,0.45524102399223126,45,thermal_anomaly,3.451664027341458,0.5317921786317299,gradual,0.2122179481469192,0.9023230521172474,1761602410,thermal_anomaly
13140.0,219.0,3.65,1,607.3212595753644,369.02113032590313,-238.30012924946124,97.77036895355099,97.86198217384657,29.91081475814204,29.865403058738643,-7.967022335444521,-8.016027547746324,25.020122395166872,25.048561695874394,26.096881844687072,26.038456204852334,13.532960323150128,32.20647548808078,3475.5282581475776,3476.40173105082,3467.2668670946437,0.0007054113485506708,0.16763528371376676,0.16720324801656486,22.77202105880887,22.832956776678916,0.0,0.0,0.49700564877815856,0.0,True,thermal_anomaly,0.9345862326462284,0.49700564877815856,thermal_anomaly,0.5317921786317299,0.49700564877815856,45,thermal_anomaly,3.451664027341458,0.5317921786317299,gradual,0.2122179481469192,0.9023230521172474,1761602410,thermal_anomaly
13200.0,220.0,3.6666666666666665,1,606.156362579862,367.32050807568874,-238.8358545041733,98.12577945132504,98.15098963448249,29.925031178053,29.876921322290205,-7.98113970485469,-7.984364746896773,25.05469277287677,25.01826178906594,26.14332097615984,26.233621623682122,14.07276995854859,33.01638839721077,3433.0127018922185,3454.7072164715196,3451.82162587951,0.0001601348124003416,0.15400337031000855,0.1546576620503601,22.768419911824303,22.781353700389666,0.0,0.0,0.5317921786317299,0.0,True,thermal_anomaly,1.0,0.5317921786317299,thermal_anomaly,0.5317921786317299,0.5317921786317299,45,thermal_anomaly,3.451664027341458,0.5317921786317299,gradual,0.2122179481469192,0.9023230521172474,1761602410,thermal_anomaly
13260.0,221.0,3.683333333333333,1,604.961472404706,364.8628965095479,-240.0985758951581,98.4830689987881,98.48566914270255,29.939322759951523,29.938125506188783,-8.019505912683071,-8.019742581195146,25.089285614069105,25.14772679857978,26.18906533327398,26.17739568291367,14.121880686160647,32.79548742322959,3371.572412738698,3413.1398146051088,3416.431578260367,-0.0003646798486647144,0.15911699621661785,0.15722853089893846,22.76482423380168,22.695517515940235,0.0,0.0,0.5317921786317299,0.0,True,thermal_anomaly,1.0,0.5317921786317299,thermal_anomaly,0.5317921786317299,0.5317921786317299,45,thermal_anomaly,3.451664027341458,0.5317921786317299,gradual,0.2122179481469192,0.9023230521172474,1761602410,thermal_anomaly
13320.0,222.0,3.7,1,603.7424104347197,361.7557050458495,-241.98670538887018,98.84316826275963,98.96141743262001,29.953726730510386,29.954264582799393,-8.07868441766835,-8.028030784921526,25.123991169032657,25.130562122272725,26.234001926525536,26.287174928007072,14.198094033098142,32.516199341201705,3293.8926261462375,3353.5162203756736,3351.4914211635637,-0.0008460957156158975,0.17115239289039744,0.1727182227228428,22.761234485100978,22.732970306677387,0.0,0.0,0.5317921786317299,0.0,True,thermal_anomaly,1.0,0.5317921786317299,thermal_anomaly,0.5317921786317299,0.5317921786317299,45,thermal_anomaly,3.451664027341458,0.5317921786317299,gradual,0.2122179481469192,0.9023230521172474,1761602410,thermal_anomaly
13380.0,223.0,3.716666666666667,1,602.5051158172813,358.13473286151617,-244.37038295576514,99.20681466596761,99.33651853912603,29.968272586638705,30.027850210112934,-8.154303263536024,-8.142143723795556,25.158882271391672,25.09978773752113,26.27804279436801,26.35213998072347,14.296295616573088,32.19073038048468,3203.3683215379037,3278.442270956789,3277.902916687244,-0.0012630726049777355,0.18157681512444337,0.1823699795576567,22.757630449117205,22.7492739493067,0.0,0.0,0.5317921786317299,0.0,True,thermal_anomaly,1.0,0.5317921786317299,thermal_anomaly,0.5317921786317299,0.5317921786317299,45,thermal_anomaly,3.451664027341458,0.5317921786317299,gradual,0.2122179481469192,0.9023230521172474,1761602410,thermal_anomaly
13440.0,224.0,3.7333333333333334,1,601.2556165273943,354.15823381635516,-247.09738271103913,99.5745191045257,99.58406138229851,29.98298076418103,29.97479282650406,-8.24125475230376,-8.22556212954568,25.194010989319395,25.283581256821698,26.321128903527125,26.18874051549207,14.410345070865494,31.83330509643514,3103.955845408879,3191.1990581828345,3186.670304246932,-0.0015973866258081563,0.1899346656452039,0.1893762962012149,22.753993853993894,22.729514506701953,0.0,0.0,0.5317921786317299,0.0,True,thermal_anomaly,1.0,0.5317921786317299,thermal_anomaly,0.5317921786317299,0.5317921786317299,45,thermal_anomaly,3.451664027341458,0.5317921786317299,gradual,0.2122179481469192,0.9023230521172474,1761602410,thermal_anomaly
13500.0,225.0,3.75,1,600.0,349.99999999999994,-250.00000000000006,99.94654291404952,99.88471648624504,29.99786171656198,29.99733119081687,-8.333927343293729,-8.32348244134876,25.22940580453058,25.167639236588023,26.363232784706383,26.43505960747043,14.533230276539857,31.459544689082904,2999.999999999999,3095.599529091417,3088.6591740069543,-0.0018344266511800132,0.19586066627950033,0.1868119284427941,22.75030912948372,22.689443607601255,0.0,0.0,0.5317921786317299,0.0,True,thermal_anomaly,1.0,0.5317921786317299,thermal_anomaly,0.5317921786317299,0.5317921786317299,45,thermal_anomaly,3.451664027341458,0.5317921786317299,gradual,0.2122179481469192,0.9023230521172474,1761602410,thermal_anomaly
13560.0,226.0,3.7666666666666666,1,598.7443834726058,345.8417661836449,-252.90261728896093,100.0,100.0,30.0,29.99306297165811,-8.430087242965364,-8.465674074816034,25.265085886109237,25.24470197817465,26.40435978849207,26.463908533244886,14.662192353396538,31.08578428173068,2896.0441545911226,2995.82184184127,3005.4390192015767,-0.0019638328945403775,0.19909582236350942,0.19979166424083156,22.746564052925752,22.647483588044995,0.0,0.0,0.5317921786317299,0.0,True,thermal_anomaly,1.0,0.5317921786317299,thermal_anomaly,0.5317921786317299,0.5317921786317299,45,thermal_anomaly,3.451664027341458,0.5317921786317299,gradual,0.2122179481469192,0.9023230521172474,1761602410,thermal_anomaly
13620.0,227.0,3.783333333333333,1,597.4948841827188,341.86526713848394,-255.62961704423486,100.0,100.0,30.0,29.969062981906124,-8.520987234807828,-8.506543109114407,25.301031089004827,25.264389370896907,26.4445479065703,26.525971196431524,14.785460555936586,30.72835899768115,2796.631678462098,2896.226760151684,2895.091606727151,-0.001979949682094487,0.19949874205236218,0.20173481856641423,22.74275026036327,22.72975875391823,0.0,0.0,0.5317921786317299,0.0,True,thermal_anomaly,1.0,0.5317921786317299,thermal_anomaly,0.5317921786317299,0.5317921786317299,45,thermal_anomaly,3.451664027341458,0.5317921786317299,gradual,0.2122179481469192,0.9023230521172474,1761602410,thermal_anomaly
13680.0,228.0,3.8,1,596.2575895652803,338.2442949541506,-258.01329461112977,100.0,99.96195548163453,30.0,29.990457434435687,-8.600443153704326,-8.61085798259632,25.337192209105467,25.214420739014493,26.483866166071437,26.433830426427953,14.894292474683919,30.402890036964116,2706.1073738537643,2801.1670670027247,2797.3971924016437,-0.001882072632889087,0.19705181582222717,0.2052280293941747,22.738863602753913,22.746525980919966,0.0,0.0,0.5317921786317299,0.0,True,thermal_anomaly,1.0,0.5317921786317299,thermal_anomaly,0.5317921786317299,0.5317921786317299,45,thermal_anomaly,3.451664027341458,0.5317921786317299,gradual,0.2122179481469192,0.9023230521172474,1761602410,thermal_anomaly
13740.0,229.0,3.816666666666667,1,595.038527595294,335.13710349045215,-259.90142410484185,100.0,99.82762644000344,30.0,29.98713932307753,-8.663380803494729,-8.636764560616808,25.373495336410198,25.382699012684952,26.522411667218332,26.394699550804756,14.981216035184826,30.123601954936237,2628.427587261303,2714.797327132014,2722.074477310452,-0.0016744794436408194,0.19186198609102048,0.18390953530353674,22.734904331631604,22.66927108705569,0.0,0.0,0.5317921786317299,0.0,True,thermal_anomaly,1.0,0.5317921786317299,thermal_anomaly,0.5317921786317299,0.5317921786317299,45,thermal_anomaly,3.451664027341458,0.5317921786317299,gradual,0.2122179481469192,0.9023230521172474,1761602410,thermal_anomaly
13800.0,230.0,3.8333333333333335,1,593.843637420138,332.67949192431126,-261.1641454958267,100.0,99.88248366704336,30.0,30.034036620505965,-8.705471516527556,-8.692653087914394,25.409845096841067,25.385481017555545,26.56030539374904,26.60962342777716,15.039701425481756,29.902700980955046,2566.9872981077824,2640.8923126198983,2641.120559083898,-0.001366242932862375,0.18415607332155937,0.18505950571407376,22.730877103683657,22.789356311113593,0.0,0.0,0.5317921786317299,0.0,True,thermal_anomaly,1.0,0.5317921786317299,thermal_anomaly,0.5317921786317299,0.5317921786317299,45,thermal_anomaly,3.451664027341458,0.5317921786317299,gradual,0.2122179481469192,0.9023230521172474,1761602410,thermal_anomaly
13860.0,231.0,3.85,1,592.6787404246356,330.9788696740969,-261.6998707505387,100.0,99.94602860861062,30.0,29.98679497576554,-8.723329025017957,-8.758998625076822,25.446129344562845,25.597480673340282,26.597686979220224,26.546762538953413,15.06460022177361,29.749841547584,2524.471741852423,2582.682027236161,2585.159390774836,-0.0009708345151577327,0.1742708628789433,0.17298282822305955,22.726790799689468,22.69926212291355,0.0,0.0,0.5317921786317299,0.0,True,thermal_anomaly,1.0,0.5317921786317299,thermal_anomaly,0.5317921786317299,0.5317921786317299,45,thermal_anomaly,3.451664027341458,0.5317921786317299,gradual,0.2122179481469192,0.9023230521172474,1761602410,thermal_anomaly
13920.0,232.0,3.8666666666666667,1,591.549511869854,330.1095620926345,-261.43994977721945,100.0,100.0,30.0,30.018916067373866,-8.714664992573981,-8.697238882317356,25.48222506235097,25.449829982922417,26.634708657930535,26.78637257363329,15.052513554099505,29.671704345562357,2502.739052315864,2542.710539776012,2542.272157986998,-0.0005055354357605887,0.16263838589401472,0.15630853408862705,22.722658160202005,22.748369547673093,0.0,0.0,0.5317921786317299,0.0,True,thermal_anomaly,1.0,0.5317921786317299,thermal_anomaly,0.5317921786317299,0.5317921786317299,45,thermal_anomaly,3.451664027341458,0.5317921786317299,gradual,0.2122179481469192,0.9023230521172474,1761602410,thermal_anomaly
13980.0,233.0,3.8833333333333333,1,590.4614532438022,330.1095620926345,-260.3518911511677,100.0,100.0,30.0,30.031581626374077,-8.67839637170559,-8.719377190925227,25.518005090052917,25.637321210594866,26.671528664839215,26.7134823818386,15.002047766230568,29.671704345562357,2502.7390523158633,2522.724796045938,2523.787504271494,9.318502806628603e-06,0.15023296257016572,0.15011695209478046,22.718496506138298,22.69036724599518,0.0,0.0,0.5317921786317299,0.0,True,thermal_anomaly,1.0,0.5317921786317299,thermal_anomaly,0.5317921786317299,0.5317921786317299,45,thermal_anomaly,3.451664027341458,0.5317921786317299,gradual,0.2122179481469192,0.9023230521172474,1761602410,thermal_anomaly
14040.0,234.0,3.9,1,589.4198654587356,330.97886967409687,-258.4409957846387,100.0,100.0,30.0,29.967377715439838,-8.614699859487956,-8.561917117176463,25.5533452007512,25.560205619297,26.708304372936787,26.766004970480175,14.913926973000894,29.749841547583994,2524.471741852422,2523.59826894918,2531.633639326016,0.0005512257128852394,0.16378064282213098,0.1685968638843595,22.71439642083383,22.742899029256964,0.0,0.0,0.5317921786317299,0.0,True,thermal_anomaly,1.0,0.5317921786317299,thermal_anomaly,0.5317921786317299,0.5317921786317299,45,thermal_anomaly,3.451664027341458,0.5317921786317299,gradual,0.2122179481469192,0.9023230521172474,1761602410,thermal_anomaly
14100.0,235.0,3.9166666666666665,1,588.4298230256423,332.6794919243112,-255.75033110133114,100.0,100.0,30.0,30.023985598601623,-8.525011036711039,-8.581240371755431,25.588130996927212,25.60871783043312,26.745185467999185,26.938205390584155,14.790947733559552,29.902700980955043,2566.9872981077806,2545.29278352848,2547.0626907546894,0.0010965022490355685,0.1774125562258892,0.18190522810390974,22.710378314530796,22.76875638755399,0.0,0.0,0.5317921786317299,0.0,True,thermal_anomaly,1.0,0.5317921786317299,thermal_anomaly,0.5317921786317299,0.5317921786317299,45,thermal_anomaly,3.451664027341458,0.5317921786317299,gradual,0.2122179481469192,0.9023230521172474,1761602410,thermal_anomaly
14160.0,236.0,3.933333333333333,0,0.0,335.13710349045215,335.13710349045215,99.50128407218682,99.82755840629285,29.980051362887473,30.01786766166827,11.178670090783129,11.1660076542362,25.624461190073003,25.604335592899336,26.7714126639378,26.674314928124087,18.973895879361493,30.123601954936237,2628.427587261303,2586.8601853948917,2575.297644150351,0.00162131691010066,0.1905329227525165,0.19595485094888587,22.706460278985645,22.745496774245023,0.0,0.0,0.5317921786317299,0.0,True,thermal_anomaly,1.0,0.5317921786317299,thermal_anomaly,0.5317921786317299,0.5317921786317299,45,thermal_anomaly,3.451664027341458,0.5317921786317299,gradual,0.2122179481469192,0.9023230521172474,1761602410,thermal_anomaly
14220.0,237.0,3.95,0,0.0,338.24429495415046,338.24429495415046,98.99794434755268,98.74636450487527,29.959917773902106,29.9610254240846,11.289893967893093,11.314032468852249,25.661309365347197,25.72942157100269,26.798055566077764,26.690975950842727,19.173819143977457,30.402890036964106,2706.107373853761,2646.4837796243264,2650.1422621579986,0.0021027327770517935,0.20256831942629483,0.20665297355706913,22.702657267810356,22.527996679091455,0.0,0.0,0.5317921786317299,0.0,True,thermal_anomaly,1.0,0.5317921786317299,thermal_anomaly,0.5317921786317299,0.5317921786317299,45,thermal_anomaly,3.451664027341458,0.5317921786317299,gradual,0.2122179481469192,0.9023230521172474,1761602410,thermal_anomaly
14280.0,238.0,3.966666666666667,0,0.0,341.86526713848406,341.86526713848406,98.48921627145373,98.60984582738973,29.93956865085815,29.93296861859497,11.418510103641232,11.42000888901627,25.69878584020833,25.624314751161638,26.82520427165952,26.626871188846287,19.407472518432503,30.72835899768116,2796.6316784621013,2721.5577290432134,2720.863511619204,0.002519709666413724,0.2129927416603431,0.2086491531767218,22.69898040483941,22.6029649159059,0.0,0.0,0.5317921786317299,0.0,True,thermal_anomaly,1.0,0.5317921786317299,thermal_anomaly,0.5317921786317299,0.5317921786317299,45,thermal_anomaly,3.451664027341458,0.5317921786317299,gradual,0.2122179481469192,0.9023230521172474,1761602410,thermal_anomaly
14340.0,239.0,3.9833333333333334,0,0.0,345.8417661836448,345.8417661836448,97.9745707860614,97.74569709869431,29.918982831442456,29.910126408613262,11.559275531927268,11.553181125848084,25.736971730549616,25.618186636161912,26.852919938017305,26.991843251481566,19.666230745316945,31.08578428173067,2896.044154591119,2808.800941817166,2814.6860312634067,0.0028540236872440176,0.22135059218110043,0.2218226544137728,22.695436455802287,22.72306254810908,0.0,0.0,0.5317921786317299,0.0,True,thermal_anomaly,1.0,0.5317921786317299,thermal_anomaly,0.5317921786317299,0.5317921786317299,45,thermal_anomaly,3.451664027341458,0.5317921786317299,gradual,0.2122179481469192,0.9023230521172474,1761602410,thermal_anomaly
14400.0,240.0,4.0,0,0.0,349.99999999999994,349.99999999999994,97.45373745272806,97.53980673967703,29.898149498109124,29.95669991527917,11.706410124885332,11.729146617932827,25.775914460514066,25.758076400279585,26.881232146936984,26.910363160208423,19.940085720437374,31.459544689082904,2999.999999999999,2904.400470908583,2904.656283687062,0.003091063712615916,0.22727659281539792,0.23362354034450633,22.69202749216005,22.730176050706028,0.0,0.0,0.5317921786317299,0.0,True,thermal_anomaly,1.0,0.5317921786317299,thermal_anomaly,0.5317921786317299,0.5317921786317299,45,thermal_anomaly,3.451664027341458,0.5317921786317299,gradual,0.2122179481469192,0.9023230521172474,1761602410,thermal_anomaly
14460.0,241.0,4.016666666666667,0,0.0,354.15823381635505,354.15823381635505,96.92671627145373,96.94598764216309,29.87706865085815,29.8314069237607,11.853848111909155,11.886466465629745,25.815624401959404,25.8045013618874,26.910137648814075,26.992762501452308,20.21797988429293,31.83330509643513,3103.955845408876,3004.1781581587297,2994.3298707324057,0.0032204699559762805,0.230511748899407,0.2310892679808484,22.6887507672846,22.67605356890511,0.0,0.0,0.5317921786317299,0.0,True,thermal_anomaly,1.0,0.5317921786317299,thermal_anomaly,0.5317921786317299,0.5317921786317299,45,thermal_anomaly,3.451664027341458,0.5317921786317299,gradual,0.2122179481469192,0.9023230521172474,1761602410,thermal_anomaly
14520.0,242.0,4.033333333333333,0,0.0,358.134732861516,358.134732861516,96.39377768088599,96.3538668790389,29.85575110723544,29.84850480308833,11.9955023598359,11.996661190972508,25.85607300300789,25.87233659489595,26.939600541499374,27.016585709775562,20.488248828662243,32.19073038048466,3203.3683215379,3103.773239848315,3100.84221934465,0.00323658674353039,0.23091466858825976,0.23060133159272223,22.68559881464851,22.693187432077693,0.0,0.0,0.5317921786317299,0.0,True,thermal_anomaly,1.0,0.5317921786317299,thermal_anomaly,0.5317921786317299,0.5317921786317299,45,thermal_anomaly,3.451664027341458,0.5317921786317299,gradual,0.2122179481469192,0.9023230521172474,1761602410,thermal_anomaly
14580.0,243.0,4.05,0,0.0,361.7557050458495,361.7557050458495,95.85545073885348,95.91842430047554,29.83421802955414,29.825253874508643,12.125529976602365,12.145501052930442,25.897192722775216,26.01340363683982,26.969553876016896,26.82790011821142,20.739160856554555,32.516199341201705,3293.892626146237,3198.8329329972757,3200.776880820842,0.0031387096943250397,0.228467742358126,0.22306188738692895,22.68255976602416,22.628905385080355,0.0,0.0,0.5317921786317299,0.0,True,thermal_anomaly,1.0,0.5317921786317299,thermal_anomaly,0.5317921786317299,0.5317921786317299,45,thermal_anomaly,3.451664027341458,0.5317921786317299,gradual,0.2122179481469192,0.9023230521172474,1761602410,thermal_anomaly
14640.0,244.0,4.066666666666666,0,0.0,364.86289650954785,364.86289650954785,95.31249999999997,95.46328356511785,29.8125,29.797405915894927,12.238587723590703,12.258874528387135,25.938878993215113,25.934125010217553,26.999902618977632,27.014313423731377,20.959525036917952,32.79548742322958,3371.5724127386957,3285.202672867986,3280.381807761141,0.0029311165050767154,0.22327791262691787,0.22663092956718478,22.67961787571296,22.72136977748834,0.0,0.0,0.5317921786317299,0.0,True,thermal_anomaly,1.0,0.5317921786317299,thermal_anomaly,0.5317921786317299,0.5317921786317299,45,thermal_anomaly,3.451664027341458,0.5317921786317299,gradual,0.2122179481469192,0.9023230521172474,1761602410,thermal_anomaly
14700.0,245.0,4.083333333333333,0,0.0,367.32050807568874,367.32050807568874,94.76589210107781,95.09442845321699,29.790635684043114,29.781916482384315,12.33006613123191,12.332583586114115,25.980994286078317,26.11682949550938,27.030527842218504,27.057383572951117,21.139325143520125,33.01638839721077,3433.0127018922185,3359.1076873801026,3360.986469142405,0.0026228799942983067,0.21557199985745767,0.21665564380080546,22.676754225471154,22.621883782484122,0.0,0.0,0.5317921786317299,0.0,True,thermal_anomaly,1.0,0.5317921786317299,thermal_anomaly,0.5317921786317299,0.5317921786317299,45,thermal_anomaly,3.451664027341458,0.5317921786317299,gradual,0.2122179481469192,0.9023230521172474,1761602410,thermal_anomaly
14760.0,246.0,4.1,0,0.0,369.0211303259031,369.0211303259031,94.21675351428333,94.20010075032386,29.768670140571334,29.759549665271336,12.396292094451642,12.417440167730453,26.02337418872183,26.043428311143384,27.061291956560297,27.152066736347805,21.27032729475309,33.16924783058182,3475.5282581475767,3417.3179727638394,3419.2976600281704,0.002227471576593636,0.2056867894148409,0.20625091289504918,22.67394757497003,22.745108974664813,0.0,0.0,0.5317921786317299,0.0,True,thermal_anomaly,1.0,0.5317921786317299,thermal_anomaly,0.5317921786317299,0.5317921786317299,45,thermal_anomaly,3.451664027341458,0.5317921786317299,gradual,0.2122179481469192,0.9023230521172474,1761602410,thermal_anomaly
14820.0,247.0,4.116666666666666,0,0.0,369.8904379073655,369.8904379073655,93.6663213150164,94.05088287595093,29.746652852600654,29.727233352130813,12.434691047097997,12.436691788945351,26.065835208564426,26.017562634785754,27.092044760945267,27.196887599972378,21.346605994418276,33.24738503260346,3497.2609476841367,3457.2894602239876,3463.0374840675095,0.0017621724971965131,0.19405431242991283,0.1880435155069178,22.671175315089407,22.572778798859964,0.0,0.0,0.5317921786317299,0.0,True,thermal_anomaly,1.0,0.5317921786317299,thermal_anomaly,0.5317921786317299,0.5317921786317299,45,thermal_anomaly,3.451664027341458,0.5317921786317299,gradual,0.2122179481469192,0.9023230521172474,1761602410,thermal_anomaly
14880.0,248.0,4.133333333333334,0,0.0,369.8904379073655,369.8904379073655,93.11588911574948,93.27412069859442,29.724635564629978,29.724125996801682,12.443901527509611,12.379768620581252,26.108183856876217,26.033862051620368,27.122630042579203,27.175585727256156,21.36493749758443,33.24738503260346,3497.260947684137,3477.2752039540624,3485.4418635633465,0.001247318558629296,0.18118296396573239,0.18751878188733673,22.66841447662681,22.736242911889793,0.0,0.0,0.5317921786317299,0.0,True,thermal_anomaly,1.0,0.5317921786317299,thermal_anomaly,0.5317921786317299,0.5317921786317299,45,thermal_anomaly,3.451664027341458,0.5317921786317299,gradual,0.2122179481469192,0.9023230521172474,1761602410,thermal_anomaly
14940.0,249.0,4.15,0,0.0,369.0211303259031,369.0211303259031,92.56675052895498,92.68596373037428,29.702670021158198,29.68683085482301,12.42383698378082,12.428188205484156,26.150226431792134,26.17999965119419,27.152892439621088,27.04499351526205,21.325020711440757,33.16924783058182,3475.5282581475767,3476.4017310508193,3472.9943667848447,0.0007054113485506565,0.1676352837137664,0.17131442648315284,22.665642745355616,22.648040110599943,0.0,0.0,0.5317921786317299,0.0,True,thermal_anomaly,1.0,0.5317921786317299,thermal_anomaly,0.5317921786317299,0.5317921786317299,45,thermal_anomaly,3.451664027341458,0.5317921786317299,gradual,0.2122179481469192,0.9023230521172474,1761602410,thermal_anomaly
15000.0,250.0,4.166666666666667,0,0.0,367.32050807568874,367.32050807568874,92.02014263003282,92.241273664319,29.680805705201312,29.677291415000248,12.375691944619916,12.34907807696465,26.191778846599213,26.16648555860208,27.18268426648895,27.26296129662613,21.229502768126373,33.01638839721077,3433.0127018922185,3454.7072164715196,3451.6621450094394,0.00016013481240034853,0.1540033703100087,0.15733999333205387,22.662839435721946,22.6168254167867,0.0,0.0,0.5317921786317299,0.0,True,thermal_anomaly,1.0,0.5317921786317299,thermal_anomaly,0.5317921786317299,0.5317921786317299,45,thermal_anomaly,3.451664027341458,0.5317921786317299,gradual,0.2122179481469192,0.9023230521172474,1761602410,thermal_anomaly
15060.0,251.0,4.183333333333334,0,0.0,364.8628965095479,364.8628965095479,91.47719189117932,91.33851074345603,29.65908767564717,29.65405897018558,12.301892104696591,12.264452339133731,26.232675843213883,26.10328643868514,27.21187200348438,27.12531326727548,21.083806627923657,32.79548742322959,3371.5724127386984,3413.139814605109,3407.5898502731534,-0.00036467984866470743,0.15911699621661768,0.14752437346083383,22.66003561127009,22.71297373841911,0.0,0.0,0.5317921786317299,0.0,True,thermal_anomaly,1.0,0.5317921786317299,thermal_anomaly,0.5317921786317299,0.5317921786317299,45,thermal_anomaly,3.451664027341458,0.5317921786317299,gradual,0.2122179481469192,0.9023230521172474,1761602410,thermal_anomaly
15120.0,252.0,4.2,0,0.0,361.7557050458495,361.7557050458495,90.9388649491468,90.61037038298716,29.637554597965874,29.640874067855023,12.205990337363327,12.237845213833921,26.272778993382133,26.221247880629516,27.240342167108974,27.263150987747224,20.8957786887405,32.516199341201705,3293.8926261462375,3353.5162203756736,3347.5846516870415,-0.0008460957156159045,0.1711523928903976,0.1708972318335494,22.657231777238376,22.635921249666573,0.0,0.0,0.5317921786317299,0.0,True,thermal_anomaly,1.0,0.5317921786317299,thermal_anomaly,0.5317921786317299,0.5317921786317299,45,thermal_anomaly,3.451664027341458,0.5317921786317299,gradual,0.2122179481469192,0.9023230521172474,1761602410,thermal_anomaly
15180.0,253.0,4.216666666666667,0,0.0,358.134732861516,358.134732861516,90.40592635857907,90.81149657935215,29.616237054343163,29.620072874459364,12.092513042908543,12.126499350653395,26.311983012619688,26.26246530470902,27.268006304512767,27.2535658352078,20.675192414909006,32.19073038048466,3203.3683215379006,3278.442270956787,3277.694227263153,-0.0012630726049777854,0.18157681512444462,0.1792595579775226,22.654407761563572,22.730679593929562,0.0,0.0,0.5317921786317299,0.0,True,thermal_anomaly,1.0,0.5317921786317299,thermal_anomaly,0.5317921786317299,0.5317921786317299,45,thermal_anomaly,3.451664027341458,0.5317921786317299,gradual,0.2122179481469192,0.9023230521172474,1761602410,thermal_anomaly
15240.0,254.0,4.233333333333333,0,0.0,354.15823381635516,354.15823381635516,89.87890517730473,90.08241288734293,29.595156207092188,29.59818283473698,11.966763457443236,12.012030794720205,26.350220076869633,26.300159719450786,27.294804893794353,26.9764852483465,20.43315689118785,31.83330509643514,3103.9558454088797,3191.199058182833,3187.3189392127765,-0.0015973866258081285,0.1899346656452032,0.1969948144523462,22.651545336596914,22.666311150261752,0.0,0.0,0.5317921786317299,0.0,True,thermal_anomaly,1.0,0.5317921786317299,thermal_anomaly,0.5317921786317299,0.5317921786317299,45,thermal_anomaly,3.451664027341458,0.5317921786317299,gradual,0.2122179481469192,0.9023230521172474,1761602410,thermal_anomaly
15300.0,255.0,4.25,0,0.0,350.0000000000001,350.0000000000001,89.3580718439714,89.38196722370942,29.574322873758856,29.59723635931823,11.834590482223797,11.867178653261439,26.387462016215018,26.528765533331367,27.320709979691838,27.249422310538506,20.181485230031313,31.459544689082918,3000.0000000000027,3095.599529091418,3098.458950383887,-0.0018344266511799569,0.1958606662794989,0.19317246992987133,22.64862897596722,22.770043053886337,0.0,0.0,0.5317921786317299,0.0,True,thermal_anomaly,1.0,0.5317921786317299,thermal_anomaly,0.5317921786317299,0.5317921786317299,45,thermal_anomaly,3.451664027341458,0.5317921786317299,gradual,0.2122179481469192,0.9023230521172474,1761602410,thermal_anomaly
15360.0,256.0,4.266666666666667,0,0.0,345.8417661836449,345.8417661836449,88.84342635857907,88.68797924999123,29.553737054343163,29.581016026499938,11.702133153168209,11.736302501471997,26.423720438744425,26.511505035155793,27.34572642947336,27.302584716070275,19.93207630623423,31.08578428173068,2896.0441545911226,2995.8218418412703,2997.784440414674,-0.001963832894540392,0.19909582236350978,0.19807782799315582,22.645646500560623,22.580048101697468,0.0,0.0,0.5317921786317299,0.0,True,thermal_anomaly,1.0,0.5317921786317299,thermal_anomaly,0.5317921786317299,0.5317921786317299,45,thermal_anomaly,3.451664027341458,0.5317921786317299,gradual,0.2122179481469192,0.9023230521172474,1761602410,thermal_anomaly
15420.0,257.0,4.283333333333333,0,0.0,341.86526713848406,341.86526713848406,88.33469828248013,88.3345656635405,29.533387931299206,29.55580990816952,11.575551979804473,11.594997613073163,26.459044987956542,26.36591324342486,27.36989175413972,27.413111198173205,19.69635497044837,30.72835899768116,2796.6316784621013,2896.2267601516864,2895.0885494270756,-0.001979949682094466,0.19949874205236165,0.2017071000220493,22.64258958964088,22.660332109967847,0.0,0.0,0.5317921786317299,0.0,True,thermal_anomaly,1.0,0.5317921786317299,thermal_anomaly,0.5317921786317299,0.5317921786317299,45,thermal_anomaly,3.451664027341458,0.5317921786317299,gradual,0.2122179481469192,0.9023230521172474,1761602410,thermal_anomaly
15480.0,258.0,4.3,0,0.0,338.2442949541506,338.2442949541506,87.83135855784599,88.11229836341056,29.51325434231384,29.513146351351246,11.46075898750352,11.510451624001169,26.493520041803727,26.47951141754983,27.39327450275444,27.408023632006824,19.48480240504736,30.402890036964116,2706.1073738537643,2801.1670670027256,2798.9322444227773,-0.0018820726328891153,0.19705181582222786,0.19038468107013512,22.63945413706194,22.469346924628535,0.0,0.0,0.5317921786317299,0.0,True,thermal_anomaly,1.0,0.5317921786317299,thermal_anomaly,0.5317921786317299,0.5317921786317299,45,thermal_anomaly,3.451664027341458,0.5317921786317299,gradual,0.2122179481469192,0.9023230521172474,1761602410,thermal_anomaly
15540.0,259.0,4.316666666666666,0,0.0,335.1371034904522,335.1371034904522,87.33264263003281,87.32023797218923,29.493305705201312,29.50909063864175,11.363158366861157,11.364520270362942,26.527260211891733,26.637448562432088,27.415971300077764,27.459904053316727,19.306592125105286,30.12360195493624,2628.4275872613057,2714.7973271320157,2712.3922137540067,-0.0016744794436408055,0.19186198609102012,0.18656710493858947,22.63624043693232,22.671023405047833,0.0,0.0,0.5317921786317299,0.0,True,thermal_anomaly,1.0,0.5317921786317299,thermal_anomaly,0.5317921786317299,0.5317921786317299,45,thermal_anomaly,3.451664027341458,0.5317921786317299,gradual,0.2122179481469192,0.9023230521172474,1761602410,thermal_anomaly
15600.0,260.0,4.333333333333333,0,0.0,332.6794919243112,332.6794919243112,86.8375838622883,86.33700479724702,29.473503354491534,29.449098461884795,11.287409166227041,11.29138925769411,26.560404998254146,26.628865376324153,27.43810265697516,27.59211549656718,19.16933113434205,29.902700980955043,2566.9872981077806,2640.8923126198983,2642.5156838404732,-0.0013662429328624172,0.18415607332156042,0.17664630262479358,22.632953188194616,22.647540484975217,0.0,0.0,0.5317921786317299,0.0,True,thermal_anomaly,1.0,0.5317921786317299,thermal_anomaly,0.5317921786317299,0.5317921786317299,45,thermal_anomaly,3.451664027341458,0.5317921786317299,gradual,0.2122179481469192,0.9023230521172474,1761602410,thermal_anomaly
15660.0,261.0,4.35,0,0.0,330.9788696740969,330.9788696740969,86.34505578241614,86.32393298184306,29.453802231296645,29.44189102953945,11.237220480906524,11.294624990777551,26.59311290824924,26.548825638015057,27.45980773670664,27.38959016057157,19.078892610396352,29.749841547584,2524.471741852423,2582.682027236161,2576.712136809588,-0.0009708345151577327,0.1742708628789433,0.1857301060564066,22.629601313566596,22.614791660752427,0.0,0.0,0.5317921786317299,0.0,True,thermal_anomaly,1.0,0.5317921786317299,thermal_anomaly,0.5317921786317299,0.5317921786317299,45,thermal_anomaly,3.451664027341458,0.5317921786317299,gradual,0.2122179481469192,0.9023230521172474,1761602410,thermal_anomaly
15720.0,262.0,4.366666666666666,0,0.0,330.1095620926345,330.1095620926345,85.85382131501638,85.99620501779104,29.434152852600654,29.498649968243214,11.215188143709993,11.219278923512295,26.625555274092882,26.717928970004795,27.481238305836087,27.62165679173199,19.039318287381004,29.671704345562357,2502.739052315864,2542.710539776012,2542.6234173258727,-0.0005055354357605887,0.16263838589401472,0.16480364468042571,22.626197595225054,22.581564588116397,0.0,0.0,0.5317921786317299,0.0,True,thermal_anomaly,1.0,0.5317921786317299,thermal_anomaly,0.5317921786317299,0.5317921786317299,45,thermal_anomaly,3.451664027341458,0.5317921786317299,gradual,0.2122179481469192,0.9023230521172474,1761602410,thermal_anomaly
15780.0,263.0,4.383333333333334,0,0.0,330.1095620926345,330.1095620926345,85.36258684761663,85.08257760935263,29.414503473904666,29.39294125336807,11.222680076360769,11.202030275995767,26.657909922554555,26.63016715567534,27.50255213413592,27.56527367011079,19.052766527183543,29.671704345562357,2502.7390523158633,2522.724796045938,2518.8168823810465,9.318502806628603e-06,0.15023296257016572,0.15539134438805524,22.622759395398674,22.620891017290834,0.0,0.0,0.5317921786317299,0.0,True,thermal_anomaly,1.0,0.5317921786317299,thermal_anomaly,0.5317921786317299,0.5317921786317299,45,thermal_anomaly,3.451664027341458,0.5317921786317299,gradual,0.2122179481469192,0.9023230521172474,1761602410,thermal_anomaly
15840.0,264.0,4.4,0,0.0,330.9788696740969,330.9788696740969,84.87005876774447,84.63717752988774,29.394802350709778,29.383740792245835,11.259775307388825,11.270271940748447,26.690354782375582,26.78684450633824,27.523906131943896,27.377844303471726,19.119485877306598,29.749841547584,2524.471741852423,2523.5982689491807,2511.233147218911,0.0005512257128852536,0.16378064282213134,0.16301402136612697,22.61937733842475,22.658656107476972,0.0,0.0,0.5317921786317299,0.0,True,thermal_anomaly,1.0,0.5317921786317299,thermal_anomaly,0.5317921786317299,0.5317921786317299,45,thermal_anomaly,3.451664027341458,0.5317921786317299,gradual,0.2122179481469192,0.9023230521172474,1761602410,thermal_anomaly
15900.0,265.0,4.416666666666667,0,0.0,332.6794919243112,332.6794919243112,84.37499999999994,84.33057136425822,29.374999999999996,29.365759273118005,11.325259299551021,11.329994294620931,26.72306147602048,26.568921737730815,27.54544952490343,27.639625070771565,19.2378025356413,29.902700980955043,2566.9872981077806,2545.292783528481,2541.4337693847433,0.0010965022490355544,0.17741255622588886,0.17621931137537886,22.616071875239786,22.636137200186923,0.0,0.0,0.5317921786317299,0.0,True,thermal_anomaly,1.0,0.5317921786317299,thermal_anomaly,0.5317921786317299,0.5317921786317299,45,thermal_anomaly,3.451664027341458,0.5317921786317299,gradual,0.2122179481469192,0.9023230521172474,1761602410,thermal_anomaly
15960.0,266.0,4.433333333333334,0,0.0,335.13710349045203,335.13710349045203,83.87628407218678,84.5158820394345,29.355051362887473,29.34042788224316,11.416675765526124,11.430952136643795,26.756188941515592,26.867973574206815,27.567317364385058,27.452459587834934,19.404121522288072,30.123601954936227,2628.4275872613007,2586.860185394891,2600.9065363848295,0.0016213169101006175,0.19053292275251543,0.18787454827105327,22.612861137989317,22.713021822788132,0.0,0.0,0.5317921786317299,0.0,True,thermal_anomaly,1.0,0.5317921786317299,thermal_anomaly,0.5317921786317299,0.5317921786317299,45,thermal_anomaly,3.451664027341458,0.5317921786317299,gradual,0.2122179481469192,0.9023230521172474,1761602410,thermal_anomaly
16020.0,267.0,4.45,0,0.0,338.2442949541506,338.2442949541506,83.37294434755262,83.56399855354627,29.334917773902106,29.3790262094546,11.530432693255086,11.550298782740214,26.789877167837385,26.86414857770231,27.58962465721569,27.61766626485681,19.61295292697081,30.402890036964116,2706.107373853764,2646.483779624328,2648.4873331149383,0.002102732777051836,0.20256831942629588,0.2035911269449007,22.6097601203715,22.58024360532503,0.0,0.0,0.5317921786317299,0.0,True,thermal_anomaly,1.0,0.5317921786317299,thermal_anomaly,0.5317921786317299,0.5317921786317299,45,thermal_anomaly,3.451664027341458,0.5317921786317299,gradual,0.2122179481469192,0.9023230521172474,1761602410,thermal_anomaly
16080.0,268.0,4.466666666666667,0,0.0,341.86526713848406,341.86526713848406,82.86421627145369,82.897573891495,29.31456865085815,29.323900111514465,11.661957957156444,11.68920756204258,26.824241195368433,26.695064830890463,27.612461371275607,27.54763391681613,19.85698375103471,30.72835899768116,2796.6316784621013,2721.557729043214,2719.6654288595364,0.00251970966641371,0.21299274166034274,0.21753552616452387,22.606779986006348,22.48342473752476,0.0,0.0,0.5317921786317299,0.0,True,thermal_anomaly,1.0,0.5317921786317299,thermal_anomaly,0.5317921786317299,0.5317921786317299,45,thermal_anomaly,3.451664027341458,0.5317921786317299,gradual,0.2122179481469192,0.9023230521172474,1761602410,thermal_anomaly
16140.0,269.0,4.483333333333333,0,0.0,345.8417661836447,345.8417661836447,82.34957078606136,82.43593388860741,29.293982831442456,29.31394225030498,11.805897756328248,11.834452646142097,26.85936561592704,26.948381564425684,27.635888535243573,27.695081833079694,20.127220426106057,31.085784281730668,2896.0441545911185,2808.800941817166,2808.099246233902,0.0028540236872440033,0.2213505921811001,0.2290374988685832,22.603927540110472,22.496585088446515,0.0,0.0,0.5317921786317299,0.0,True,thermal_anomaly,1.0,0.5317921786317299,thermal_anomaly,0.5317921786317299,0.5317921786317299,45,thermal_anomaly,3.451664027341458,0.5317921786317299,gradual,0.2122179481469192,0.9023230521172474,1761602410,thermal_anomaly
16200.0,270.0,4.5,1,600.0,349.99999999999994,-250.00000000000006,82.72159459558517,82.72184889753665,29.308863783823405,29.312430274003436,-8.529842775344429,-8.550968426246373,26.888837577361873,26.891756395015943,27.670830398035953,27.79307306878927,14.797540101243593,31.459544689082904,2999.999999999999,2904.400470908583,2913.142028813381,0.003091063712615916,0.22727659281539792,0.2386247461405907,22.601204893335925,22.523222389759717,0.0,0.0,0.5317921786317299,0.0,True,thermal_anomaly,1.0,0.5317921786317299,thermal_anomaly,0.5317921786317299,0.5317921786317299,45,thermal_anomaly,3.451664027341458,0.5317921786317299,gradual,0.2122179481469192,0.9023230521172474,1761602410,thermal_anomaly
16260.0,271.0,4.516666666666667,1,601.2556165273943,354.15823381635516,-247.09738271103913,83.08929903414327,83.0318167591567,29.32357196136573,29.37389871013161,-8.42657855723013,-8.408886023376587,26.91772219858807,26.98301651247028,27.706329439425527,27.73950760573851,14.657460773969598,31.83330509643514,3103.955845408879,3004.1781581587306,3000.297705356776,0.003220469955976323,0.23051174889940806,0.22274282966870335,22.598609337951657,22.687415142796954,0.0,0.0,0.5317921786317299,0.0,True,thermal_anomaly,1.0,0.5317921786317299,thermal_anomaly,0.5317921786317299,0.5317921786317299,45,thermal_anomaly,3.451664027341458,0.5317921786317299,gradual,0.2122179481469192,0.9023230521172474,1761602410,thermal_anomaly
16320.0,272.0,4.533333333333333,1,602.5051158172813,358.134732861516,-244.3703829557653,83.45294543735125,83.45527504589224,29.33811781749405,29.326250399765705,-8.32944991481524,-8.336636210500114,26.94605481289052,26.966938685641153,27.742349953992374,27.725987122604007,14.527261550149198,32.19073038048466,3203.3683215379,3103.7732398483154,3106.3714728506507,0.0032365867435303767,0.2309146685882594,0.23259494205965764,22.596133446035566,22.544527396020825,0.0,0.0,0.5317921786317299,0.0,True,thermal_anomaly,1.0,0.5317921786317299,thermal_anomaly,0.5317921786317299,0.5317921786317299,45,thermal_anomaly,3.451664027341458,0.5317921786317299,gradual,0.2122179481469192,0.9023230521172474,1761602410,thermal_anomaly
16380.0,273.0,4.55,1,603.7424104347197,361.75570504584937,-241.9867053888703,83.81304470132278,83.83253876152634,29.35252178805291,29.359990481858684,-8.24415384600324,-8.210438559795485,26.973894696067,26.934249609895762,27.778825188418118,27.766419212044795,14.41416849040155,32.5161993412017,3293.8926261462343,3198.832932997275,3198.3197235259713,0.0031387096943249967,0.2284677423581249,0.22812608260898773,22.593765387675813,22.632532786335425,0.0,0.0,0.5317921786317299,0.0,True,thermal_anomaly,1.0,0.5317921786317299,thermal_anomaly,0.5317921786317299,0.5317921786317299,45,thermal_anomaly,3.451664027341458,0.5317921786317299,gradual,0.2122179481469192,0.9023230521172474,1761602410,thermal_anomaly
16440.0,274.0,4.566666666666666,1,604.961472404706,364.8628965095478,-240.0985758951582,84.1703342487858,83.94169968684162,29.366813369951434,29.375532655195666,-8.17584709891713,-8.163518292675189,27.00132174556629,27.016587611952396,27.815660303905545,28.019159331257736,14.324440742265681,32.795487423229574,3371.5724127386957,3285.202672867985,3282.621628050084,0.0029311165050767297,0.22327791262691823,0.2157343765833885,22.591489455202225,22.523152645665657,0.0,0.0,0.5317921786317299,0.0,True,thermal_anomaly,1.0,0.5317921786317299,thermal_anomaly,0.5317921786317299,0.5317921786317299,45,thermal_anomaly,3.451664027341458,0.5317921786317299,gradual,0.2122179481469192,0.9023230521172474,1761602410,thermal_anomaly
16500.0,275.0,4.583333333333333,1,606.1563625798619,367.32050807568874,-238.8358545041732,84.52574474655987,84.83630010276325,29.381029789862396,29.366014070899617,-8.128913663420365,-8.148657193368669,27.02843267695071,27.03102920777396,27.852736565823346,27.818294119769213,14.263221667263334,33.01638839721077,3433.0127018922185,3359.107687380102,3358.2842765310343,0.0026228799942983206,0.215571999857458,0.2223850552611502,22.58928676811425,22.60397534976263,0.0,0.0,0.5317921786317299,0.0,True,thermal_anomaly,1.0,0.5317921786317299,thermal_anomaly,0.5317921786317299,0.5317921786317299,45,thermal_anomaly,3.451664027341458,0.5317921786317299,gradual,0.2122179481469192,0.9023230521172474,1761602410,thermal_anomaly
16560.0,276.0,4.6,1,607.3212595753644,369.0211303259031,-238.3001292494613,84.88035803413348,84.8492945518104,29.395214321365337,29.39285565607518,-8.106766177794373,-8.095478817020615,27.055336957456472,26.844535930223987,27.88991657746983,28.061615486804087,14.234455308390412,33.16924783058182,3475.5282581475763,3417.3179727638394,3408.9246511965057,0.002227471576593643,0.20568678941484106,0.20353884104328313,22.5871361235433,22.62512376291527,0.0,0.0,0.5317921786317299,0.0,True,thermal_anomaly,1.0,0.5317921786317299,thermal_anomaly,0.5317921786317299,0.5317921786317299,45,thermal_anomaly,3.451664027341458,0.5317921786317299,gradual,0.2122179481469192,0.9023230521172474,1761602410,thermal_anomaly
16620.0,277.0,4.616666666666666,1,608.450488130146,369.8904379073655,-238.56005022278055,85.23535810886975,85.24727285325568,29.409414324354792,29.380216095872438,-8.111689936824822,-8.064101287566551,27.082152614100533,27.01331432278787,27.927050329216282,28.04081588280561,14.240843769970756,33.24738503260346,3497.2609476841367,3457.2894602239876,3459.1936583860916,0.0017621724971965131,0.19405431242991283,0.19814048946098384,22.585014949548377,22.46579945400637,0.0,0.0,0.5317921786317299,0.0,True,thermal_anomaly,1.0,0.5317921786317299,thermal_anomaly,0.5317921786317299,0.5317921786317299,45,thermal_anomaly,3.451664027341458,0.5317921786317299,gradual,0.2122179481469192,0.9023230521172474,1761602410,thermal_anomaly
16680.0,278.0,4.633333333333334,1,609.5385467561977,369.8904379073655,-239.64810884883218,85.59197731846623,85.4389491214439,29.42367909273865,29.42256123596945,-8.1447363565073,-8.169769247500115,27.109001971870903,27.13994412289342,27.963981798654725,27.7566665830813,14.283821104836894,33.24738503260346,3497.2609476841367,3477.2752039540624,3474.3445395083722,0.0012473185586292885,0.18118296396573222,0.1822785268867587,22.582900313827338,22.603114581772072,0.0,0.0,0.5317921786317299,0.0,True,thermal_anomaly,1.0,0.5317921786317299,thermal_anomaly,0.5317921786317299,0.5317921786317299,45,thermal_anomaly,3.451664027341458,0.5317921786317299,gradual,0.2122179481469192,0.9023230521172474,1761602410,thermal_anomaly
16740.0,279.0,4.65,1,610.5801345412646,369.0211303259031,-241.55900421536148,85.95144012235814,85.83909538761586,29.438057604894325,29.467785072455325,-8.205670613783983,-8.266443368975407,27.136007315271762,27.25574153002892,28.00055581329326,28.037863346198144,14.36352509722939,33.16924783058182,3475.5282581475767,3476.4017310508193,3480.0690418772833,0.0007054113485506565,0.1676352837137664,0.1656521743800494,22.580769938777138,22.573986841923848,0.0,0.0,0.5317921786317299,0.0,True,thermal_anomaly,1.0,0.5317921786317299,thermal_anomaly,0.5317921786317299,0.5317921786317299,45,thermal_anomaly,3.451664027341458,0.5317921786317299,gradual,0.2122179481469192,0.9023230521172474,1761602410,thermal_anomaly
16800.0,280.0,4.666666666666667,1,611.5701769743577,367.3205080756888,-244.24966889866886,86.3149068915526,86.40691463004893,29.452596275662103,29.46648184852389,-8.29297582503796,-8.280681113833616,27.163286438458393,27.19218050663023,28.03662487586759,28.117515193204273,14.478758522249072,33.016388397210775,3433.0127018922203,3454.70721647152,3448.3313765929825,0.00016013481240036989,0.15400337031000924,0.16123132758472783,22.578603175192807,22.68310602253919,0.0,0.0,0.5317921786317299,0.0,True,thermal_anomaly,1.0,0.5317921786317299,thermal_anomaly,0.5317921786317299,0.5317921786317299,45,thermal_anomaly,3.451664027341458,0.5317921786317299,gradual,0.2122179481469192,0.9023230521172474,1761602410,thermal_anomaly
16860.0,281.0,4.683333333333334,1,612.503850668262,364.8628965095479,-247.64095415871407,86.68342021619354,86.81112980248881,29.46733680864774,29.456414644793885,-8.403913654186734,-8.388715197911592,27.190948062586195,27.237071936406185,28.07205565397113,28.093030969850986,14.626943856038048,32.79548742322959,3371.5724127386984,3413.139814605109,3417.618621021318,-0.00036467984866471426,0.15911699621661785,0.15886979749872676,22.57643112269492,22.523422072074606,0.0,0.0,0.5317921786317299,0.0,True,thermal_anomaly,1.0,0.5317921786317299,thermal_anomaly,0.5317921786317299,0.5317921786317299,45,thermal_anomaly,3.451664027341458,0.5317921786317299,gradual,0.2122179481469192,0.9023230521172474,1761602410,thermal_anomaly
16920.0,282.0,4.7,1,613.376606858593,361.7557050458495,-251.62090181274357,87.0578560819863,86.97497009643294,29.482314243279454,29.523646246708584,-8.534638757881803,-8.491936664249854,27.219087152221995,27.23224044419229,28.10673485037704,28.10553800416707,14.804087377679007,32.516199341201705,3293.8926261462375,3353.5162203756736,3356.765784616964,-0.0008460957156159045,0.1711523928903976,0.1774372940904351,22.57425432232752,22.5678003753032,0.0,0.0,0.5317921786317299,0.0,True,thermal_anomaly,1.0,0.5317921786317299,thermal_anomaly,0.5317921786317299,0.5317921786317299,45,thermal_anomaly,3.451664027341458,0.5317921786317299,gradual,0.2122179481469192,0.9023230521172474,1761602410,thermal_anomaly
16980.0,283.0,4.716666666666667,1,614.184193564921,358.134732861516,-256.049460703405,87.4388820651759,87.35289416100136,29.497555282607035,29.56168118077184,-8.680362092731874,-8.682819258954874,27.247780245540902,27.222240298913054,28.14057419749224,28.21418823616987,15.004777564350867,32.19073038048466,3203.3683215379006,3278.442270956787,3279.028445756283,-0.0012630726049777854,0.18157681512444462,0.18010357441896085,22.572052637564546,22.553236699252835,0.0,0.0,0.5317921786317299,0.0,True,thermal_anomaly,1.0,0.5317921786317299,thermal_anomaly,0.5317921786317299,0.5317921786317299,45,thermal_anomaly,3.451664027341458,0.5317921786317299,gradual,0.2122179481469192,0.9023230521172474,1761602410,thermal_anomaly
17040.0,284.0,4.733333333333333,1,614.9226763059908,354.15823381635533,-260.7644424896354,87.82692439030927,87.53162693795828,29.51307697561237,29.4790745135241,-8.835555936953428,-8.806133995326432,27.277081008553044,27.261263220335728,28.17351435766302,28.211574280649106,15.222246576678586,31.833305096435154,3103.9558454088833,3191.199058182836,3189.8389023956856,-0.001597386625808086,0.18993466564520214,0.18568578048613968,22.56980787602788,22.75047773507734,0.0,0.0,0.5317921786317299,0.0,True,thermal_anomaly,1.0,0.5317921786317299,thermal_anomaly,0.5317921786317299,0.5317921786317299,45,thermal_anomaly,3.451664027341458,0.5317921786317299,gradual,0.2122179481469192,0.9023230521172474,1761602410,thermal_anomaly
17100.0,285.0,4.75,1,615.5884572681198,350.0000000000001,-265.58845726811967,88.22214530886303,88.21452803368196,29.52888581235452,29.513047546336953,-8.994191618195115,-9.005555419765482,27.307016310993472,27.3718475421693,28.20552755887153,28.153882909271637,15.448521308660851,31.459544689082918,3000.0000000000027,3095.5995290914193,3107.1376069909556,-0.0018344266511799848,0.1958606662794996,0.19946151625119848,22.567504546352456,22.533965727927043,0.0,0.0,0.5317921786317299,0.0,True,thermal_anomaly,1.0,0.5317921786317299,thermal_anomaly,0.5317921786317299,0.5317921786317299,45,thermal_anomaly,3.451664027341458,0.5317921786317299,gradual,0.2122179481469192,0.9023230521172474,1761602410,thermal_anomaly
17160.0,286.0,4.766666666666667,1,616.1782928333851,345.8417661836448,-270.3365266497403,88.62443180685372,88.80608184369903,29.54497727227415,29.560165580267274,-9.1499994790462,-9.095476793257024,27.337583180007982,27.174076297134143,28.236618850631743,28.290499960041796,15.674681916799607,31.08578428173067,2896.044154591119,2995.8218418412694,2989.687536480095,-0.0019638328945404556,0.1990958223635114,0.19567498294420022,22.56513050416797,22.59810867810377,0.0,0.0,0.5317921786317299,0.0,True,thermal_anomaly,1.0,0.5317921786317299,thermal_anomaly,0.5317921786317299,0.5317921786317299,45,thermal_anomaly,3.451664027341458,0.5317921786317299,gradual,0.2122179481469192,0.9023230521172474,1761602410,thermal_anomaly
17220.0,287.0,4.783333333333333,1,616.6893093822022,341.86526713848406,-274.8240422437181,89.03339615543068,89.02369321371293,29.561335846217226,29.553231046505335,-9.296739622099507,-9.317716820594944,27.36874700050968,27.33847055250806,28.266825925197526,28.197683951735552,15.89123208756514,30.72835899768116,2796.6316784621017,2896.226760151685,2902.3816812281157,-0.001979949682094438,0.19949874205236096,0.19564426722382308,22.562677463221174,22.494424626317763,0.0,0.0,0.5317921786317299,0.0,True,thermal_anomaly,1.0,0.5317921786317299,thermal_anomaly,0.5317921786317299,0.5317921786317299,45,thermal_anomaly,3.451664027341458,0.5317921786317299,gradual,0.2122179481469192,0.9023230521172474,1761602410,thermal_anomaly
17280.0,288.0,4.8,1,617.1190172933127,338.2442949541506,-278.87472233916213,89.44838830176872,89.43567094044995,29.57793553207075,29.568996289277948,-9.42847150494273,-9.43208952040527,27.400441288340204,27.575310987568283,28.296217511898117,28.385013878765083,16.08856867303731,30.402890036964116,2706.1073738537643,2801.1670670027247,2795.8033810130833,-0.0018820726328891012,0.19705181582222753,0.19025235990751035,22.56014135159038,22.64520825737221,0.0,0.0,0.5317921786317299,0.0,True,thermal_anomaly,1.0,0.5317921786317299,thermal_anomaly,0.5317921786317299,0.5317921786317299,45,thermal_anomaly,3.451664027341458,0.5317921786317299,gradual,0.2122179481469192,0.9023230521172474,1761602410,thermal_anomaly
17340.0,289.0,4.816666666666666,1,617.465323072968,335.13710349045215,-282.3282195825158,89.86851958090936,90.08581158042395,29.594740783236375,29.564105730094976,-9.539810524119801,-9.52892222552182,27.432569263609256,27.408148004430107,28.32489041477749,28.344046936461353,16.2575214663645,30.123601954936237,2628.4275872613034,2714.797327132014,2714.11641675824,-0.0016744794436408194,0.19186198609102048,0.20330384801633802,22.557522497351798,22.523677892891627,0.0,0.0,0.5317921786317299,0.0,True,thermal_anomaly,1.0,0.5317921786317299,thermal_anomaly,0.5317921786317299,0.5317921786317299,45,thermal_anomaly,3.451664027341458,0.5317921786317299,gradual,0.2122179481469192,0.9023230521172474,1761602410,thermal_anomaly
17400.0,290.0,4.833333333333333,1,617.7265395542198,332.6794919243112,-285.0470476299086,90.29269673512054,90.24962854190042,29.61170786940482,29.57487864276613,-9.626160331144652,-9.6027143229628,27.465007305924107,27.42840757599886,28.352965323008213,28.349381349904323,16.38991969714818,29.902700980955043,2566.9872981077806,2640.8923126198974,2642.019292818476,-0.0013662429328623966,0.18415607332155992,0.1844818560242406,22.55482563316095,22.63190394084977,0.0,0.0,0.5317921786317299,0.0,True,thermal_anomaly,1.0,0.5317921786317299,thermal_anomaly,0.5317921786317299,0.5317921786317299,45,thermal_anomaly,3.451664027341458,0.5317921786317299,gradual,0.2122179481469192,0.9023230521172474,1761602410,thermal_anomaly
17460.0,291.0,4.85,1,617.9013941166289,330.978869674097,-286.92252444253194,90.71966477744574,90.70097077800548,29.62878659109783,29.63235989824905,-9.68391073189409,-9.727117061550544,27.497610198212936,27.583107136885836,28.380581577186092,28.23091805693804,16.47913284453943,29.749841547584005,2524.471741852424,2582.682027236161,2590.635300742115,-0.0009708345151577046,0.1742708628789426,0.17250142783518493,22.552059715195682,22.59047208068593,0.0,0.0,0.5317921786317299,0.0,True,thermal_anomaly,1.0,0.5317921786317299,thermal_anomaly,0.5317921786317299,0.5317921786317299,45,thermal_anomaly,3.451664027341458,0.5317921786317299,gradual,0.2122179481469192,0.9023230521172474,1761602410,thermal_anomaly
17520.0,292.0,4.866666666666666,1,617.9890348863438,330.1095620926345,-287.8794727937093,91.14805685005543,91.01388210953029,29.645922274002217,29.659505348330747,-9.710592577724025,-9.729020987236904,27.530217884787863,27.52473716391885,28.407891120244784,28.30921156935681,16.520531336319863,29.671704345562357,2502.739052315864,2542.710539776012,2542.9346542862645,-0.0005055354357605887,0.16263838589401472,0.16545729722402935,22.549237558841924,22.486113942063106,0.0,0.0,0.5317921786317299,0.0,True,thermal_anomaly,1.0,0.5317921786317299,thermal_anomaly,0.5317921786317299,0.5317921786317299,45,thermal_anomaly,3.451664027341458,0.5317921786317299,gradual,0.2122179481469192,0.9023230521172474,1761602410,thermal_anomaly
17580.0,293.0,4.883333333333334,1,617.9890348863438,330.1095620926345,-287.8794727937093,91.57644892266512,91.62818942751849,29.663057956906606,29.619985818191058,-9.704982986310108,-9.736066880802522,27.562663307503406,27.508356131502,28.43505189736573,28.345125450048183,16.51181826064144,29.671704345562357,2502.739052315864,2522.724796045938,2514.763404961128,9.318502806635758e-06,0.15023296257016588,0.14379295145550902,22.54637655928842,22.48302993088846,0.0,0.0,0.5317921786317299,0.0,True,thermal_anomaly,1.0,0.5317921786317299,thermal_anomaly,0.5317921786317299,0.5317921786317299,45,thermal_anomaly,3.451664027341458,0.5317921786317299,gradual,0.2122179481469192,0.9023230521172474,1761602410,thermal_anomaly
17640.0,294.0,4.9,1,617.9013941166289,330.9788696740969,-286.922524442532,92.00341696499031,92.10917346490719,29.680136678599613,29.649066713430877,-9.667156440334484,-9.638634334755345,27.594780764582598,27.496737330491598,28.46222099334018,28.356095044778773,16.45319577082799,29.749841547584,2524.471741852423,2523.5982689491807,2530.782185633078,0.0005512257128852536,0.16378064282213134,0.16624278985775445,22.543567373585326,22.677910253737096,0.0,0.0,0.5317921786317299,0.0,True,thermal_anomaly,1.0,0.5317921786317299,thermal_anomaly,0.5317921786317299,0.5317921786317299,45,thermal_anomaly,3.451664027341458,0.5317921786317299,gradual,0.2122179481469192,0.9023230521172474,1761602410,thermal_anomaly
17700.0,295.0,4.916666666666667,1,617.7265395542198,332.6794919243112,-285.0470476299086,92.4275941192015,92.05117682555802,29.69710376476806,29.664485061835116,-9.598479699831257,-9.561084124536135,27.62641417728586,27.646898026682965,28.48954780731472,28.479883910225123,16.347347683321768,29.902700980955043,2566.9872981077806,2545.292783528481,2549.357220584811,0.0010965022490355544,0.17741255622588886,0.1782747911504034,22.540830485136656,22.34943733635144,0.0,0.0,0.5317921786317299,0.0,True,thermal_anomaly,1.0,0.5317921786317299,thermal_anomaly,0.5317921786317299,0.5317921786317299,45,thermal_anomaly,3.451664027341458,0.5317921786317299,gradual,0.2122179481469192,0.9023230521172474,1761602410,thermal_anomaly
17760.0,296.0,4.933333333333334,1,617.465323072968,335.1371034904521,-282.3282195825159,92.84772539834213,92.43904750168866,29.713909015933687,29.746950194917027,-9.501550921190516,-9.45540971974807,27.657424658787463,27.561493425549262,28.517167563217935,28.51517144075671,16.199240272114057,30.12360195493623,2628.427587261303,2586.860185394892,2594.75699154268,0.001621316910100646,0.19053292275251615,0.19054843095626547,22.53818405831196,22.64040745332196,0.0,0.0,0.5317921786317299,0.0,True,thermal_anomaly,1.0,0.5317921786317299,thermal_anomaly,0.5317921786317299,0.5317921786317299,45,thermal_anomaly,3.451664027341458,0.5317921786317299,gradual,0.2122179481469192,0.9023230521172474,1761602410,thermal_anomaly
17820.0,297.0,4.95,1,617.1190172933127,338.2442949541506,-278.87472233916213,93.26271754468019,93.37557960127903,29.73050870178721,29.72138925451172,-9.38008579457633,-9.378266970889797,27.687696856035025,27.771551367273585,28.545195439494773,28.48281322800056,16.01576344056496,30.402890036964116,2706.107373853764,2646.4837796243282,2640.4173909342267,0.002102732777051822,0.20256831942629555,0.202395070274675,22.53564311879172,22.659668354339782,0.0,0.0,0.5317921786317299,0.0,True,thermal_anomaly,1.0,0.5317921786317299,thermal_anomaly,0.5317921786317299,0.5317921786317299,45,thermal_anomaly,3.451664027341458,0.5317921786317299,gradual,0.2122179481469192,0.9023230521172474,1761602410,thermal_anomaly
17880.0,298.0,4.966666666666667,1,616.6893093822022,341.8652671384839,-274.8240422437183,93.67168189325714,93.75331718029688,29.746867275730285,29.70779248888277,-9.238755788847058,-9.310732757684988,27.71714366783287,27.72965699194278,28.57372157470869,28.635167290802737,15.80525136155235,30.728358997681145,2796.6316784620976,2721.557729043213,2728.1006763205037,0.00251970966641366,0.2129927416603415,0.21076137497711572,22.533218861938416,22.535986077213202,0.0,0.0,0.5317921786317299,0.0,True,thermal_anomaly,1.0,0.5317921786317299,thermal_anomaly,0.5317921786317299,0.5317921786317299,45,thermal_anomaly,3.451664027341458,0.5317921786317299,gradual,0.2122179481469192,0.9023230521172474,1761602410,thermal_anomaly
17940.0,299.0,4.983333333333333,1,616.1782928333851,345.8417661836447,-270.33652664974034,94.07396839124782,94.38639342306818,29.762958735649914,29.759802821506497,-9.082985634957478,-9.101423344830312,27.74570911180142,27.765436860339154,28.602807167291843,28.54696013098501,15.57693292306346,31.085784281730668,2896.0441545911185,2808.800941817166,2808.86173746827,0.0028540236872440176,0.22135059218110043,0.2215306836326743,22.53091812447305,22.525722330776112,0.0,0.0,0.5317921786317299,0.0,True,thermal_anomaly,1.0,0.5317921786317299,thermal_anomaly,0.5317921786317299,0.5317921786317299,45,thermal_anomaly,3.451664027341458,0.5317921786317299,gradual,0.2122179481469192,0.9023230521172474,1761602410,thermal_anomaly
18000.0,300.0,5.0,1,615.5884572681198,349.99999999999994,-265.58845726811984,94.46918930980158,94.23043145560634,29.778767572392063,29.726157841269714,-8.918718903409127,-8.905501055712044,27.773369295295197,27.892644799841506,28.632481839904138,28.52931045592733,15.340366429718134,31.459544689082904,2999.9999999999986,2904.4004709085825,2898.811280912225,0.0030910637126159092,0.22727659281539772,0.22857068235181907,22.528743048315786,22.484617153883224,0.0,0.0,0.5317921786317299,0.0,True,thermal_anomaly,1.0,0.5317921786317299,thermal_anomaly,0.5317921786317299,0.5317921786317299,45,thermal_anomaly,3.451664027341458,0.5317921786317299,gradual,0.2122179481469192,0.9023230521172474,1761602410,thermal_anomaly
18060.0,301.0,5.016666666666667,1,614.9226763059908,354.15823381635516,-260.7644424896356,94.85723163493495,94.83480042801291,29.7942892653974,29.81983864505009,-8.752161871251051,-8.767946428365347,27.80013161592196,27.785444137834745,28.662742383592473,28.742511112381894,15.104909673122405,31.83330509643514,3103.955845408879,3004.1781581587306,3006.0455143409154,0.0032204699559763303,0.23051174889940823,0.23047050917189096,22.52669095676917,22.515721770465408,0.0,0.0,0.5317921786317299,0.0,True,thermal_anomaly,1.0,0.5317921786317299,thermal_anomaly,0.5317921786317299,0.5317921786317299,45,thermal_anomaly,3.451664027341458,0.5317921786317299,gradual,0.2122179481469192,0.9023230521172474,1761602410,thermal_anomaly
18120.0,302.0,5.033333333333333,1,614.184193564921,358.1347328615159,-256.0494607034051,95.23825761812455,95.3543060680147,29.80953030472498,29.801390585539938,-8.589516778223768,-8.588095303775217,27.826032454082426,27.7395214106177,28.693552936637584,28.685590173905318,14.87926655814696,32.19073038048465,3203.368321537897,3103.773239848314,3099.456952336853,0.003236586743530341,0.23091466858825851,0.23166833791989558,22.52475445271195,22.53967915012249,0.0,0.0,0.5317921786317299,0.0,True,thermal_anomaly,1.0,0.5317921786317299,thermal_anomaly,0.5317921786317299,0.5317921786317299,45,thermal_anomaly,3.451664027341458,0.5317921786317299,gradual,0.2122179481469192,0.9023230521172474,1761602410,thermal_anomaly
18180.0,303.0,5.05,1,613.376606858593,361.75570504584937,-251.62090181274368,95.61269348391733,95.59781171603056,29.824507739356694,29.830930681194374,-8.436716005900825,-8.417351418207714,27.85113370738284,27.88725769641168,28.724846590273184,28.80182748393667,14.671136836613803,32.5161993412017,3293.8926261462343,3198.8329329972744,3199.5538786898505,0.0031387096943250115,0.22846774235812528,0.22786277305236877,22.52292173680212,22.426365090905822,0.0,0.0,0.5317921786317299,0.0,True,thermal_anomaly,1.0,0.5317921786317299,thermal_anomaly,0.5317921786317299,0.5317921786317299,45,thermal_anomaly,3.451664027341458,0.5317921786317299,gradual,0.2122179481469192,0.9023230521172474,1761602410,thermal_anomaly
18240.0,304.0,5.066666666666666,1,612.503850668262,364.8628965095479,-247.64095415871407,95.98120680855826,95.89423799723453,29.83924827234233,29.868926705645546,-8.299168661974964,-8.27727594396585,27.87551854790828,27.97130391437624,28.75652835110093,28.784731673114344,14.486978717868535,32.79548742322959,3371.572412738698,3285.202672867986,3282.7249221180523,0.002931116505076772,0.22327791262691932,0.21720782058526203,22.521177131710086,22.516601121591847,0.0,0.0,0.5317921786317299,0.0,True,thermal_anomaly,1.0,0.5317921786317299,thermal_anomaly,0.5317921786317299,0.5317921786317299,45,thermal_anomaly,3.451664027341458,0.5317921786317299,gradual,0.2122179481469192,0.9023230521172474,1761602410,thermal_anomaly
18300.0,305.0,5.083333333333333,1,611.5701769743577,367.32050807568874,-244.24966889866892,96.3446735777527,96.07564113352534,29.85378694311011,29.88054631937108,-8.181530516182598,-8.218193865284594,27.89928676062207,27.93089625945757,28.78847933073056,28.774901293244593,14.331878006454115,33.01638839721077,3433.0127018922185,3359.1076873801026,3357.655855671676,0.0026228799942983067,0.21557199985745767,0.21843273832685875,22.5195017870483,22.575309544964206,0.0,0.0,0.5317921786317299,0.0,True,thermal_anomaly,1.0,0.5317921786317299,thermal_anomaly,0.5317921786317299,0.5317921786317299,45,thermal_anomaly,3.451664027341458,0.5317921786317299,gradual,0.2122179481469192,0.9023230521172474,1761602410,thermal_anomaly
18360.0,306.0,5.1,1,610.5801345412646,369.021130325903,-241.55900421536154,96.70413638164462,96.68172712233324,29.868165455265785,29.83201643049226,-8.087507234990706,-8.116464164123133,27.92254995560856,27.96726367099546,28.820561979539015,28.801967217151553,14.209504541558111,33.16924783058181,3475.5282581475753,3417.317972763839,3415.943067638323,0.002227471576593615,0.20568678941484037,0.20657060341729136,22.517874529835343,22.49907335488071,0.0,0.0,0.5317921786317299,0.0,True,thermal_anomaly,1.0,0.5317921786317299,thermal_anomaly,0.5317921786317299,0.5317921786317299,45,thermal_anomaly,3.451664027341458,0.5317921786317299,gradual,0.2122179481469192,0.9023230521172474,1761602410,thermal_anomaly
18420.0,307.0,5.116666666666666,1,609.5385467561977,369.8904379073655,-239.64810884883218,97.0607555912411,96.80017789623106,29.882430223649642,29.88586542926079,-8.019699437268967,-8.00409609720712,27.94542685590181,27.890497430652918,28.852626135809235,28.75255616500951,14.122129004606524,33.24738503260346,3497.260947684137,3457.2894602239876,3457.8551861187075,0.0017621724971965272,0.19405431242991317,0.2035507997924028,22.51627281779323,22.547680429706524,0.0,0.0,0.5317921786317299,0.0,True,thermal_anomaly,1.0,0.5317921786317299,thermal_anomaly,0.5317921786317299,0.5317921786317299,45,thermal_anomaly,3.451664027341458,0.5317921786317299,gradual,0.2122179481469192,0.9023230521172474,1761602410,thermal_anomaly
18480.0,308.0,5.133333333333334,1,608.450488130146,369.8904379073655,-238.56005022278055,97.41575566597737,97.27016679686726,29.896630226639097,29.86624805890233,-7.979496298222064,-7.980027410593839,27.968038766746353,28.068330593660015,28.884515625873384,28.820394761432844,14.07067157334312,33.24738503260346,3497.260947684137,3477.2752039540624,3472.5339837782803,0.001247318558629296,0.18118296396573239,0.17053435558037847,22.514673748060353,22.417112916306458,0.0,0.0,0.5317921786317299,0.0,True,thermal_anomaly,1.0,0.5317921786317299,thermal_anomaly,0.5317921786317299,0.5317921786317299,45,thermal_anomaly,3.451664027341458,0.5317921786317299,gradual,0.2122179481469192,0.9023230521172474,1761602410,thermal_anomaly
18540.0,309.0,5.15,1,607.3212595753644,369.02113032590313,-238.30012924946124,97.77036895355099,97.81404473100706,29.91081475814204,29.897498203560303,-7.967022335444521,-7.976732321683352,27.990505251198925,27.868552909557604,28.91607512680368,28.922345490918662,14.054758270953698,33.169247830581824,3475.5282581475776,3476.40173105082,3479.451547862986,0.0007054113485506708,0.16763528371376676,0.16336834798212305,22.513055072253405,22.54333623736689,0.0,0.0,0.5317921786317299,0.0,True,thermal_anomaly,1.0,0.5317921786317299,thermal_anomaly,0.5317921786317299,0.5317921786317299,45,thermal_anomaly,3.451664027341458,0.5317921786317299,gradual,0.2122179481469192,0.9023230521172474,1761602410,thermal_anomaly
18600.0,310.0,5.166666666666667,1,606.156362579862,367.32050807568885,-238.8358545041732,98.12577945132504,98.46734000207637,29.925031178053,29.929660572343067,-7.9811397048546855,-7.996481753956009,28.012939986705998,27.896410162785248,28.94715699171942,28.89824647665605,14.072769958548584,33.016388397210775,3433.0127018922203,3454.7072164715205,3449.8356841367854,0.00016013481240036295,0.15400337031000907,0.15815149744918963,22.511396170168002,22.378709993656596,0.0,0.0,0.5317921786317299,0.0,True,thermal_anomaly,1.0,0.5317921786317299,thermal_anomaly,0.5317921786317299,0.5317921786317299,45,thermal_anomaly,3.451664027341458,0.5317921786317299,gradual,0.2122179481469192,0.9023230521172474,1761602410,thermal_anomaly
18660.0,311.0,5.183333333333334,1,604.961472404706,364.8628965095479,-240.0985758951581,98.4830689987881,98.4528152772592,29.939322759951523,29.93114871939257,-8.019505912683071,-8.001798233084653,28.035446766446142,28.216982606494597,28.97762773941264,28.942648365804747,14.121880686160647,32.79548742322959,3371.5724127386984,3413.139814605109,3424.3042703866004,-0.0003646798486647213,0.15911699621661804,0.16029481510501747,22.5097281702078,22.510202157835106,0.0,0.0,0.5317921786317299,0.0,True,thermal_anomaly,1.0,0.5317921786317299,thermal_anomaly,0.5317921786317299,0.5317921786317299,45,thermal_anomaly,3.451664027341458,0.5317921786317299,gradual,0.2122179481469192,0.9023230521172474,1761602410,thermal_anomaly
18720.0,312.0,5.2,1,603.7424104347197,361.7557050458495,-241.98670538887018,98.84316826275963,98.9782514443553,29.953726730510386,29.969224268770045,-8.07868441766835,-8.060126205586693,28.05811563814359,27.917793127213024,29.0073739246657,29.149036985926212,14.198094033098142,32.516199341201705,3293.8926261462375,3353.5162203756736,3362.0740433310843,-0.0008460957156159045,0.1711523928903976,0.17159464847625283,22.508051641984054,22.43900042264038,0.0,0.0,0.5317921786317299,0.0,True,thermal_anomaly,1.0,0.5317921786317299,thermal_anomaly,0.5317921786317299,0.5317921786317299,45,thermal_anomaly,3.451664027341458,0.5317921786317299,gradual,0.2122179481469192,0.9023230521172474,1761602410,thermal_anomaly
18780.0,313.0,5.216666666666667,1,602.5051158172813,358.13473286151606,-244.37038295576525,99.20681466596761,99.1650853143317,29.968272586638705,29.9625073841409,-8.154303263536027,-8.119706451838509,28.08101923368564,27.974243768853427,29.036307132700877,29.189053723871428,14.296295616573094,32.190730380484666,3203.3683215379006,3278.442270956787,3278.9340804724948,-0.0012630726049777854,0.18157681512444462,0.18261287803477863,22.506346477323657,22.633103883211838,0.0,0.0,0.5317921786317299,0.0,True,thermal_anomaly,1.0,0.5317921786317299,thermal_anomaly,0.5317921786317299,0.5317921786317299,45,thermal_anomaly,3.451664027341458,0.5317921786317299,gradual,0.2122179481469192,0.9023230521172474,1761602410,thermal_anomaly
18840.0,314.0,5.233333333333333,1,601.2556165273943,354.15823381635516,-247.09738271103913,99.5745191045257,99.38365311465003,29.98298076418103,29.945735398843663,-8.24125475230376,-8.281954133315615,28.10420942033278,28.200931222319824,29.064367879481605,29.035718188345207,14.410345070865494,31.83330509643514,3103.9558454088797,3191.199058182833,3196.0265865995584,-0.0015973866258081285,0.1899346656452032,0.1855115097093875,22.504594511988795,22.491733842736608,0.0,0.0,0.5317921786317299,0.0,True,thermal_anomaly,1.0,0.5317921786317299,thermal_anomaly,0.5317921786317299,0.5317921786317299,45,thermal_anomaly,3.451664027341458,0.5317921786317299,gradual,0.2122179481469192,0.9023230521172474,1761602410,thermal_anomaly
18900.0,315.0,5.25,1,600.0,350.0,-250.0,99.94654291404952,99.89341395612229,29.99786171656198,30.040349359724836,-8.333927343293727,-8.346427617221266,28.127714479707848,28.218913857334304,29.09152824740457,29.098691757204428,14.533230276539857,31.459544689082907,2999.9999999999995,3095.5995290914166,3094.5474503031405,-0.0018344266511799994,0.19586066627949997,0.1930167220827641,22.502780282543664,22.530676896610796,0.0,0.0,0.5317921786317299,0.0,True,thermal_anomaly,1.0,0.5317921786317299,thermal_anomaly,0.5317921786317299,0.5317921786317299,45,thermal_anomaly,3.451664027341458,0.5317921786317299,gradual,0.2122179481469192,0.9023230521172474,1761602410,thermal_anomaly
18960.0,316.0,5.266666666666667,1,598.7443834726058,345.8417661836448,-252.90261728896104,100.0,100.0,30.0,29.98496395849612,-8.430087242965367,-8.420834473884362,28.15155338162043,28.04529827036657,29.117793141191356,29.15386891148963,14.662192353396543,31.08578428173067,2896.0441545911194,2995.821841841268,3001.6400940176827,-0.0019638328945404135,0.19909582236351034,0.19916802827390656,22.500891672337747,22.483383844781326,0.0,0.0,0.5317921786317299,0.0,True,thermal_anomaly,1.0,0.5317921786317299,thermal_anomaly,0.5317921786317299,0.5317921786317299,45,thermal_anomaly,3.451664027341458,0.5317921786317299,gradual,0.2122179481469192,0.9023230521172474,1761602410,thermal_anomaly
19020.0,317.0,5.283333333333333,1,597.4948841827189,341.86526713848417,-255.62961704423475,100.0,99.84220548952611,30.0,29.977604396823203,-8.520987234807825,-8.479802021409359,28.17570578255971,28.135927023173004,29.14320010909217,28.93938467729044,14.78546055593658,30.72835899768117,2796.631678462105,2896.226760151687,2895.8455468516286,-0.001979949682094374,0.19949874205235935,0.18964371182860318,22.498920422629677,22.506831857179737,0.0,0.0,0.5317921786317299,0.0,True,thermal_anomaly,1.0,0.5317921786317299,thermal_anomaly,0.5317921786317299,0.5317921786317299,45,thermal_anomaly,3.451664027341458,0.5317921786317299,gradual,0.2122179481469192,0.9023230521172474,1761602410,thermal_anomaly
19080.0,318.0,5.3,1,596.2575895652803,338.24429495415046,-258.0132946111299,100.0,99.89369863255,30.0,30.011697834483048,-8.60044315370433,-8.565745219437389,28.200122280764337,28.16429209155298,29.167817737217046,29.07585374637122,14.894292474683922,30.402890036964106,2706.1073738537616,2801.1670670027247,2801.780390019634,-0.0018820726328891576,0.19705181582222894,0.19393723631883095,22.49686248880332,22.477912313628188,0.0,0.0,0.5317921786317299,0.0,True,thermal_anomaly,1.0,0.5317921786317299,thermal_anomaly,0.5317921786317299,0.5317921786317299,45,thermal_anomaly,3.451664027341458,0.5317921786317299,gradual,0.2122179481469192,0.9023230521172474,1761602410,thermal_anomaly
19140.0,319.0,5.316666666666666,1,595.038527595294,335.13710349045203,-259.90142410484196,100.0,100.0,30.0,29.993525828971965,-8.663380803494732,-8.668833939986733,28.224728769391394,28.288532984084892,29.191742687170912,29.200809805959363,14.981216035184833,30.123601954936227,2628.427587261301,2714.7973271320125,2710.1634484170545,-0.001674479443640848,0.1918619860910212,0.18365199769849988,22.49471822603564,22.539037059487203,0.0,0.0,0.5317921786317299,0.0,True,thermal_anomaly,1.0,0.5317921786317299,thermal_anomaly,0.5317921786317299,0.5317921786317299,45,thermal_anomaly,3.451664027341458,0.5317921786317299,gradual,0.2122179481469192,0.9023230521172474,1761602410,thermal_anomaly
19200.0,320.0,5.333333333333333,1,593.843637420138,332.6794919243113,-261.16414549582663,100.0,100.0,30.0,29.990275022810042,-8.705471516527554,-8.687320114842414,28.249429678325182,28.294760073375663,29.215095506463232,29.165491877433965,15.039701425481752,29.902700980955053,2566.9872981077824,2640.8923126198974,2632.827989525016,-0.0013662429328623609,0.184156073321559,0.1771949954923525,22.49249239387966,22.38800165428668,0.0,0.0,0.5317921786317299,0.0,True,thermal_anomaly,1.0,0.5317921786317299,thermal_anomaly,0.5317921786317299,0.5317921786317299,45,thermal_anomaly,3.451664027341458,0.5317921786317299,gradual,0.2122179481469192,0.9023230521172474,1761602410,thermal_anomaly
19260.0,321.0,5.35,1,592.6787404246356,330.978869674097,-261.69987075053865,100.0,100.0,30.0,30.01015665854708,-8.723329025017955,-8.746570306015098,28.274112666493643,28.41556817730568,29.238015394798385,29.140078879821512,15.064600221773606,29.749841547584005,2524.471741852424,2582.682027236161,2584.995865631393,-0.0009708345151577046,0.1742708628789426,0.17303495436686617,22.490193975209003,22.412599709249942,0.0,0.0,0.5317921786317299,0.0,True,thermal_anomaly,1.0,0.5317921786317299,thermal_anomaly,0.5317921786317299,0.5317921786317299,45,thermal_anomaly,3.451664027341458,0.5317921786317299,gradual,0.2122179481469192,0.9023230521172474,1761602410,thermal_anomaly
19320.0,322.0,5.366666666666666,1,591.549511869854,330.1095620926345,-261.43994977721945,100.0,99.95943588586317,30.0,29.973702780909058,-8.714664992573981,-8.71801998582693,28.298654522233036,28.362629624659256,29.260654154986103,29.16573653567432,15.052513554099505,29.671704345562357,2502.739052315864,2542.710539776012,2537.639418665965,-0.0005055354357605887,0.16263838589401472,0.16257415698733285,22.487835811905146,22.42761035152731,0.0,0.0,0.5317921786317299,0.0,True,thermal_anomaly,1.0,0.5317921786317299,thermal_anomaly,0.5317921786317299,0.5317921786317299,45,thermal_anomaly,3.451664027341458,0.5317921786317299,gradual,0.2122179481469192,0.9023230521172474,1761602410,thermal_anomaly
19380.0,323.0,5.383333333333334,1,590.4614532438022,330.1095620926345,-260.3518911511677,100.0,100.0,30.0,29.98875582793933,-8.67839637170559,-8.67401439286587,28.32292789174605,28.196188204625795,29.283169592847205,29.258555908682432,15.002047766230568,29.671704345562357,2502.7390523158633,2522.724796045938,2522.7106873860857,9.318502806628603e-06,0.15023296257016572,0.14528686362613036,22.485435325453665,22.479864669883362,0.0,0.0,0.5317921786317299,0.0,True,thermal_anomaly,1.0,0.5317921786317299,thermal_anomaly,0.5317921786317299,0.5317921786317299,45,thermal_anomaly,3.451664027341458,0.5317921786317299,gradual,0.2122179481469192,0.9023230521172474,1761602410,thermal_anomaly
19440.0,324.0,5.4,1,589.4198654587356,330.9788696740969,-258.44099578463863,100.0,99.94467498538923,30.0,30.00887479224519,-8.614699859487954,-8.600415652895485,28.346808355261558,28.232767202129605,29.30571865457148,29.36782708832259,14.91392697300089,29.749841547584,2524.471741852423,2523.5982689491807,2524.3933379462214,0.0005512257128852536,0.16378064282213134,0.16670147925804268,22.48308319900433,22.3769155398866,0.0,0.0,0.5317921786317299,0.0,True,thermal_anomaly,1.0,0.5317921786317299,thermal_anomaly,0.5317921786317299,0.5317921786317299,45,thermal_anomaly,3.451664027341458,0.5317921786317299,gradual,0.2122179481469192,0.9023230521172474,1761602410,thermal_anomaly
19500.0,325.0,5.416666666666667,1,588.4298230256422,332.6794919243112,-255.75033110133103,100.0,99.67789498279792,30.0,29.970671172437754,-8.525011036711033,-8.509260278506355,28.370181323195222,28.167609422488205,29.328450601459068,29.306867393102287,14.790947733559543,29.902700980955043,2566.98729810778,2545.2927835284804,2537.927476649222,0.0010965022490355475,0.1774125562258887,0.1907463589437486,22.480799941865016,22.367513025351283,0.0,0.0,0.5317921786317299,0.0,True,thermal_anomaly,1.0,0.5317921786317299,thermal_anomaly,0.5317921786317299,0.5317921786317299,45,thermal_anomaly,3.451664027341458,0.5317921786317299,gradual,0.2122179481469192,0.9023230521172474,1761602410,thermal_anomaly
19560.0,326.0,5.433333333333334,0,0.0,335.1371034904521,335.1371034904521,99.50128407218682,99.30850806454464,29.980051362887473,29.932966171072437,11.178670090783127,11.16091501115256,28.395145315758054,28.24874519790292,29.340605725257873,29.327841911933323,18.97389587936149,30.12360195493623,2628.427587261303,2586.860185394892,2591.5481588891284,0.001621316910100653,0.19053292275251632,0.18348177994809467,22.478603744114857,22.39642165774796,0.0,0.0,0.5317921786317299,0.0,True,thermal_anomaly,1.0,0.5317921786317299,thermal_anomaly,0.5317921786317299,0.5317921786317299,45,thermal_anomaly,3.451664027341458,0.5317921786317299,gradual,0.2122179481469192,0.9023230521172474,1761602410,thermal_anomaly
19620.0,327.0,5.45,0,0.0,338.2442949541506,338.2442949541506,98.99794434755268,99.06051563585514,29.959917773902106,29.968690862470424,11.289893967893097,11.270655764537159,28.420673727609135,28.430004055092496,29.353253211429223,29.26890677211644,19.17381914397746,30.402890036964116,2706.107373853764,2646.4837796243282,2647.1475779410753,0.002102732777051822,0.20256831942629555,0.19408422047178953,22.476509656951098,22.5555056218997,0.0,0.0,0.5317921786317299,0.0,True,thermal_anomaly,1.0,0.5317921786317299,thermal_anomaly,0.5317921786317299,0.5317921786317299,45,thermal_anomaly,3.451664027341458,0.5317921786317299,gradual,0.2122179481469192,0.9023230521172474,1761602410,thermal_anomaly
19680.0,328.0,5.466666666666667,0,0.0,341.8652671384838,341.8652671384838,98.48921627145373,98.40695977960979,29.93956865085815,29.916765359799705,11.418510103641223,11.382440751012725,28.446876686485744,28.458880087330463,29.366482739636915,29.400530952805582,19.407472518432485,30.728358997681134,2796.6316784620944,2721.5577290432116,2717.4894343995393,0.0025197096664136176,0.21299274166034043,0.2214762754111778,22.474528901061596,22.462523966165794,0.0,0.0,0.5317921786317299,0.0,True,thermal_anomaly,1.0,0.5317921786317299,thermal_anomaly,0.5317921786317299,0.5317921786317299,45,thermal_anomaly,3.451664027341458,0.5317921786317299,gradual,0.2122179481469192,0.9023230521172474,1761602410,thermal_anomaly
19740.0,329.0,5.483333333333333,0,0.0,345.8417661836449,345.8417661836449,97.9745707860614,97.93632255044243,29.918982831442456,29.94846092297078,11.559275531927272,11.570135737806394,28.473835119334957,28.45273808751521,29.38035505191326,29.545019944128615,19.666230745316952,31.08578428173068,2896.0441545911217,2808.8009418171673,2808.9159772119915,0.0028540236872440883,0.2213505921811022,0.22121148136015897,22.472668338302807,22.46537254781874,0.0,0.0,0.5317921786317299,0.0,True,thermal_anomaly,1.0,0.5317921786317299,thermal_anomaly,0.5317921786317299,0.5317921786317299,45,thermal_anomaly,3.451664027341458,0.5317921786317299,gradual,0.2122179481469192,0.9023230521172474,1761602410,thermal_anomaly
19800.0,330.0,5.5,0,0.0,350.0000000000001,350.0000000000001,97.45373745272806,97.3619102266084,29.898149498109124,29.90803641477518,11.706410124885338,11.722579276059845,28.5015962621256,28.564006661934258,29.394899317004505,29.440970657260483,19.940085720437388,31.459544689082918,3000.0000000000023,2904.4004709085843,2907.252933353389,0.003091063712615938,0.22727659281539844,0.2296605852557085,22.470930135541817,22.515562559352365,0.0,0.0,0.5317921786317299,0.0,True,thermal_anomaly,1.0,0.5317921786317299,thermal_anomaly,0.5317921786317299,0.5317921786317299,45,thermal_anomaly,3.451664027341458,0.5317921786317299,gradual,0.2122179481469192,0.9023230521172474,1761602410,thermal_anomaly
19860.0,331.0,5.516666666666667,0,0.0,354.158233816355,354.158233816355,96.92671627145373,96.92167721712576,29.87706865085815,29.849924684773317,11.853848111909151,11.804797364450954,28.530170299309994,28.587321335978434,29.410111874516538,29.494093697291195,20.217979884292923,31.833305096435122,3103.9558454088756,3004.1781581587297,3004.5986666385284,0.0032204699559762523,0.2305117488994063,0.23150263067559956,22.469311640841003,22.49784681092973,0.0,0.0,0.5317921786317299,0.0,True,thermal_anomaly,1.0,0.5317921786317299,thermal_anomaly,0.5317921786317299,0.5317921786317299,45,thermal_anomaly,3.451664027341458,0.5317921786317299,gradual,0.2122179481469192,0.9023230521172474,1761602410,thermal_anomaly
19920.0,332.0,5.533333333333333,0,0.0,358.1347328615159,358.1347328615159,96.39377768088599,96.73650662422024,29.85575110723544,29.76909055293963,11.995502359835895,11.986764403916167,28.559528492370667,28.619333232239608,29.425956413748263,29.614158202659365,20.48824882866223,32.19073038048465,3203.368321537897,3103.773239848313,3104.9520216978544,0.003236586743530355,0.23091466858825888,0.24010222131558873,22.467805481653244,22.485402484893626,0.0,0.0,0.5317921786317299,0.0,True,thermal_anomaly,1.0,0.5317921786317299,thermal_anomaly,0.5317921786317299,0.5317921786317299,45,thermal_anomaly,3.451664027341458,0.5317921786317299,gradual,0.2122179481469192,0.9023230521172474,1761602410,thermal_anomaly
19980.0,333.0,5.55,0,0.0,361.75570504584937,361.75570504584937,95.85545073885348,96.0543010759489,29.83421802955414,29.87731338773547,12.125529976602362,12.1112250375739,28.589603114546097,28.785163414468844,29.442365579397347,29.39159256800097,20.739160856554548,32.5161993412017,3293.892626146234,3198.8329329972735,3189.587445735672,0.003138709694325018,0.22846774235812545,0.23523157921673993,22.466399883026355,22.439092995234773,0.0,0.0,0.5317921786317299,0.0,True,thermal_anomaly,1.0,0.5317921786317299,thermal_anomaly,0.5317921786317299,0.5317921786317299,45,thermal_anomaly,3.451664027341458,0.5317921786317299,gradual,0.2122179481469192,0.9023230521172474,1761602410,thermal_anomaly
20040.0,334.0,5.566666666666666,0,0.0,364.8628965095478,364.8628965095478,95.31249999999997,95.06104046644944,29.8125,29.77998186352608,12.238587723590701,12.252671708092688,28.620289412672207,28.566642264630495,29.459243933961854,29.41198170670989,20.959525036917952,32.795487423229574,3371.572412738695,3285.2026728679843,3280.887404981023,0.002931116505076736,0.2232779126269184,0.21590977624296318,22.46507919183764,22.443125576398362,0.0,0.0,0.5317921786317299,0.0,True,thermal_anomaly,1.0,0.5317921786317299,thermal_anomaly,0.5317921786317299,0.5317921786317299,45,thermal_anomaly,3.451664027341458,0.5317921786317299,gradual,0.2122179481469192,0.9023230521172474,1761602410,thermal_anomaly
20100.0,335.0,5.583333333333333,0,0.0,367.32050807568874,367.32050807568874,94.76589210107781,94.86607746437015,29.790635684043114,29.780866628228246,12.33006613123191,12.339963398540176,28.651449674138238,28.67989400194804,29.476472147367147,29.301668799532976,21.139325143520125,33.01638839721077,3433.0127018922185,3359.107687380101,3354.5572208448434,0.0026228799942983275,0.21557199985745817,0.21005609762502223,22.463824581724896,22.503643191705077,0.0,0.0,0.5317921786317299,0.0,True,thermal_anomaly,1.0,0.5317921786317299,thermal_anomaly,0.5317921786317299,0.5317921786317299,45,thermal_anomaly,3.451664027341458,0.5317921786317299,gradual,0.2122179481469192,0.9023230521172474,1761602410,thermal_anomaly
20160.0,336.0,5.6,0,0.0,369.0211303259031,369.0211303259031,94.21675351428333,94.04427919674914,29.768670140571334,29.719405247443866,12.396292094451642,12.40951793849937,28.682919302692913,28.554329022825943,29.493912230711814,29.394228628987893,21.27032729475309,33.16924783058182,3475.5282581475763,3417.3179727638394,3419.0674345313555,0.00222747157659365,0.20568678941484125,0.2117769867669639,22.462614903551867,22.435576432904373,0.0,0.0,0.5317921786317299,0.0,True,thermal_anomaly,1.0,0.5317921786317299,thermal_anomaly,0.5317921786317299,0.5317921786317299,45,thermal_anomaly,3.451664027341458,0.5317921786317299,gradual,0.2122179481469192,0.9023230521172474,1761602410,thermal_anomaly
20220.0,337.0,5.616666666666666,0,0.0,369.8904379073655,369.8904379073655,93.6663213150164,93.67461224356164,29.746652852600654,29.78520867390217,12.434691047097997,12.43195161993789,28.71451462289686,28.740718363655724,29.51141358539337,29.43413866416967,21.346605994418276,33.24738503260346,3497.2609476841367,3457.2894602239876,3450.858355347886,0.0017621724971965131,0.19405431242991283,0.19299345820435118,22.46142763870688,22.511706590735486,0.0,0.0,0.5317921786317299,0.0,True,thermal_anomaly,1.0,0.5317921786317299,thermal_anomaly,0.5317921786317299,0.5317921786317299,45,thermal_anomaly,3.451664027341458,0.5317921786317299,gradual,0.2122179481469192,0.9023230521172474,1761602410,thermal_anomaly
20280.0,338.0,5.633333333333334,0,0.0,369.8904379073655,369.8904379073655,93.11588911574948,93.11645983278196,29.724635564629978,29.70626698010991,12.443901527509611,12.459814537528077,28.746041963909136,28.77018924215001,29.528819603238443,29.543022924253343,21.36493749758443,33.24738503260346,3497.2609476841367,3477.2752039540624,3483.1987900941353,0.0012473185586292885,0.18118296396573222,0.18466378998302133,22.460239907817154,22.564222544429995,0.0,0.0,0.5317921786317299,0.0,True,thermal_anomaly,1.0,0.5317921786317299,thermal_anomaly,0.5317921786317299,0.5317921786317299,45,thermal_anomaly,3.451664027341458,0.5317921786317299,gradual,0.2122179481469192,0.9023230521172474,1761602410,thermal_anomaly
20340.0,339.0,5.65,0,0.0,369.0211303259031,369.0211303259031,92.56675052895498,92.64381848118603,29.702670021158198,29.664382172811152,12.42383698378082,12.420297552252014,28.777307442497634,28.662014689470464,29.54597452918064,29.533109136581896,21.325020711440757,33.16924783058182,3475.5282581475767,3476.4017310508193,3468.984824338837,0.0007054113485506565,0.1676352837137664,0.15710593090991914,22.45902948581203,22.506505197974413,0.0,0.0,0.5317921786317299,0.0,True,thermal_anomaly,1.0,0.5317921786317299,thermal_anomaly,0.5317921786317299,0.5317921786317299,45,thermal_anomaly,3.451664027341458,0.5317921786317299,gradual,0.2122179481469192,0.9023230521172474,1761602410,thermal_anomaly
20400.0,340.0,5.666666666666667,0,0.0,367.32050807568874,367.32050807568874,92.02014263003282,91.81597348647225,29.680805705201312,29.648873534212502,12.375691944619916,12.37512245583319,28.80812679132333,28.89895542281894,29.56273028655467,29.537660099853767,21.229502768126373,33.01638839721077,3433.012701892219,3454.7072164715196,3453.9409602445835,0.00016013481240035557,0.15400337031000888,0.15443232757046438,22.45777577562494,22.54161247621897,0.0,0.0,0.5317921786317299,0.0,True,thermal_anomaly,1.0,0.5317921786317299,thermal_anomaly,0.5317921786317299,0.5317921786317299,45,thermal_anomaly,3.451664027341458,0.5317921786317299,gradual,0.2122179481469192,0.9023230521172474,1761602410,thermal_anomaly
20460.0,341.0,5.683333333333334,0,0.0,364.86289650954785,364.86289650954785,91.47719189117932,91.30009975280502,29.65908767564717,29.679818754329467,12.30189210469659,12.282395791349215,28.838334572414556,28.872157561094724,29.5789529667092,29.525144380868117,21.08380662792365,32.79548742322958,3371.572412738696,3413.1398146051074,3412.685080404416,-0.000364679848664743,0.15911699621661857,0.1574790593377197,22.45650992862381,22.445126814710406,0.0,0.0,0.5317921786317299,0.0,True,thermal_anomaly,1.0,0.5317921786317299,thermal_anomaly,0.5317921786317299,0.5317921786317299,45,thermal_anomaly,3.451664027341458,0.5317921786317299,gradual,0.2122179481469192,0.9023230521172474,1761602410,thermal_anomaly
20520.0,342.0,5.7,0,0.0,361.7557050458496,361.7557050458496,90.9388649491468,90.62031003059958,29.637554597965874,29.687457613315722,12.20599033736333,12.23080298063188,28.867792178364144,28.762757232636027,29.594528699311663,29.64320330032781,20.895778688740506,32.51619934120171,3293.8926261462407,3353.5162203756745,3362.0722820002475,-0.0008460957156158409,0.17115239289039602,0.17478499061121408,22.45523253721194,22.43725829377988,0.0,0.0,0.5317921786317299,0.0,True,thermal_anomaly,1.0,0.5317921786317299,thermal_anomaly,0.5317921786317299,0.5317921786317299,45,thermal_anomaly,3.451664027341458,0.5317921786317299,gradual,0.2122179481469192,0.9023230521172474,1761602410,thermal_anomaly
20580.0,343.0,5.716666666666667,0,0.0,358.13473286151617,358.13473286151617,90.40592635857907,90.33813267807932,29.616237054343163,29.645235088399016,12.09251304290855,12.095741529019499,28.896394146266598,28.858478920745625,29.609368646785192,29.63788907879857,20.67519241490902,32.19073038048468,3203.368321537904,3278.4422709567893,3273.863623288142,-0.0012630726049777494,0.18157681512444374,0.1894035640562867,22.453923515837335,22.273863353808615,0.0,0.0,0.5317921786317299,0.0,True,thermal_anomaly,1.0,0.5317921786317299,thermal_anomaly,0.5317921786317299,0.5317921786317299,45,thermal_anomaly,3.451664027341458,0.5317921786317299,gradual,0.2122179481469192,0.9023230521172474,1761602410,thermal_anomaly
20640.0,344.0,5.733333333333333,0,0.0,354.15823381635533,354.15823381635533,89.87890517730473,89.60253974270252,29.595156207092188,29.641073194085898,11.966763457443243,11.932824945079101,28.924072474372732,28.86604620856313,29.62341290459722,29.676737980494963,20.433156891187863,31.833305096435154,3103.9558454088833,3191.1990581828363,3198.871104087691,-0.001597386625808114,0.18993466564520284,0.18703870699734615,22.45256472271362,22.53803385942666,0.0,0.0,0.5317921786317299,0.0,True,thermal_anomaly,1.0,0.5317921786317299,thermal_anomaly,0.5317921786317299,0.5317921786317299,45,thermal_anomaly,3.451664027341458,0.5317921786317299,gradual,0.2122179481469192,0.9023230521172474,1761602410,thermal_anomaly
20700.0,345.0,5.75,0,0.0,350.0000000000001,350.0000000000001,89.3580718439714,89.23165470823744,29.574322873758856,29.612701370060115,11.834590482223797,11.84414370711891,28.9507988157993,28.845766553227907,29.636633136939054,29.635522204313116,20.181485230031313,31.459544689082918,3000.000000000003,3095.59952909142,3089.6380838611108,-0.0018344266511799916,0.19586066627949977,0.19539332484963964,22.45114071668805,22.53559980709664,0.0,0.0,0.5317921786317299,0.0,True,thermal_anomaly,1.0,0.5317921786317299,thermal_anomaly,0.5317921786317299,0.5317921786317299,45,thermal_anomaly,3.451664027341458,0.5317921786317299,gradual,0.2122179481469192,0.9023230521172474,1761602410,thermal_anomaly
20760.0,346.0,5.766666666666667,0,0.0,345.8417661836449,345.8417661836449,88.84342635857907,88.95592743266744,29.553737054343163,29.605027533997113,11.702133153168209,11.71256937018365,28.976584602391586,29.085065317238286,29.64903383260501,29.82894025722644,19.93207630623423,31.08578428173068,2896.044154591123,2995.8218418412716,2997.9099410080885,-0.0019638328945404127,0.1990958223635103,0.2066160933166654,22.44963940322605,22.36306210660088,0.0,0.0,0.5317921786317299,0.0,True,thermal_anomaly,1.0,0.5317921786317299,thermal_anomaly,0.5317921786317299,0.5317921786317299,45,thermal_anomaly,3.451664027341458,0.5317921786317299,gradual,0.2122179481469192,0.9023230521172474,1761602410,thermal_anomaly
20820.0,347.0,5.783333333333333,0,0.0,341.86526713848406,341.86526713848406,88.33469828248013,88.19691891105707,29.533387931299206,29.529696588193346,11.575551979804473,11.572847311677528,29.001479302125034,29.00792070735197,29.66065212618377,29.65387801630034,19.69635497044837,30.72835899768116,2796.6316784621017,2896.226760151687,2899.3948787756003,-0.0019799496820944724,0.1994987420523618,0.2037007366406279,22.448052545536317,22.465962035827637,0.0,0.0,0.5317921786317299,0.0,True,thermal_anomaly,1.0,0.5317921786317299,thermal_anomaly,0.5317921786317299,0.5317921786317299,45,thermal_anomaly,3.451664027341458,0.5317921786317299,gradual,0.2122179481469192,0.9023230521172474,1761602410,thermal_anomaly
20880.0,348.0,5.8,0,0.0,338.2442949541506,338.2442949541506,87.83135855784599,87.67726642987449,29.51325434231384,29.528545894732126,11.46075898750352,11.483957337155408,29.025567118145865,29.076248701268955,29.671556192377206,29.724494712391856,19.48480240504736,30.402890036964116,2706.107373853765,2801.1670670027256,2801.3503114503087,-0.001882072632889122,0.19705181582222803,0.2003574245540176,22.446376120788162,22.411453535363336,0.0,0.0,0.5317921786317299,0.0,True,thermal_anomaly,1.0,0.5317921786317299,thermal_anomaly,0.5317921786317299,0.5317921786317299,45,thermal_anomaly,3.451664027341458,0.5317921786317299,gradual,0.2122179481469192,0.9023230521172474,1761602410,thermal_anomaly
20940.0,349.0,5.816666666666666,0,0.0,335.13710349045215,335.13710349045215,87.33264263003281,87.19248516716159,29.493305705201312,29.484859358408954,11.363158366861155,11.343744469055302,29.048962487967874,29.116914142820242,29.6818422836232,29.545386800025195,19.306592125105283,30.123601954936237,2628.4275872613034,2714.7973271320143,2709.0277782138137,-0.0016744794436408337,0.19186198609102084,0.18472664404270747,22.444610505780595,22.48628446747841,0.0,0.0,0.5317921786317299,0.0,True,thermal_anomaly,1.0,0.5317921786317299,thermal_anomaly,0.5317921786317299,0.5317921786317299,45,thermal_anomaly,3.451664027341458,0.5317921786317299,gradual,0.2122179481469192,0.9023230521172474,1761602410,thermal_anomaly
21000.0,350.0,5.833333333333333,0,0.0,332.6794919243112,332.6794919243112,86.8375838622883,87.31269270299917,29.473503354491534,29.43181236265149,11.287409166227041,11.261166157280234,29.071804738243948,28.922878768459437,29.69163054049306,29.85266493900953,19.16933113434205,29.902700980955043,2566.9872981077806,2640.8923126198974,2641.6627155088545,-0.0013662429328624034,0.1841560733215601,0.18275876730800258,22.44276048152653,22.566303785414593,0.0,0.0,0.5317921786317299,0.0,True,thermal_anomaly,1.0,0.5317921786317299,thermal_anomaly,0.5317921786317299,0.5317921786317299,45,thermal_anomaly,3.451664027341458,0.5317921786317299,gradual,0.2122179481469192,0.9023230521172474,1761602410,thermal_anomaly
21060.0,351.0,5.85,0,0.0,330.97886967409704,330.97886967409704,86.34505578241614,86.21043117327177,29.453802231296645,29.50260122731702,11.237220480906528,11.243250007779045,29.09425220366002,29.160741989536906,29.701059757969755,29.618806583683227,19.07889261039636,29.74984154758401,2524.471741852425,2582.682027236161,2586.18562924969,-0.0009708345151576903,0.17427086287894225,0.17065269110206224,22.440835052198523,22.377936633340788,0.0,0.0,0.5317921786317299,0.0,True,thermal_anomaly,1.0,0.5317921786317299,thermal_anomaly,0.5317921786317299,0.5317921786317299,45,thermal_anomaly,3.451664027341458,0.5317921786317299,gradual,0.2122179481469192,0.9023230521172474,1761602410,thermal_anomaly
21120.0,352.0,5.866666666666666,0,0.0,330.1095620926346,330.1095620926346,85.85382131501638,86.11729544196002,29.434152852600654,29.406343232803792,11.215188143709995,11.19083520331799,29.11647604446508,29.116542651681993,29.7102813363463,29.640179672215062,19.039318287381008,29.67170434556236,2502.739052315864,2542.710539776012,2539.745038612121,-0.0005055354357605887,0.16263838589401472,0.1642476003407774,22.438847080817244,22.401504328783442,0.0,0.0,0.5317921786317299,0.0,True,thermal_anomaly,1.0,0.5317921786317299,thermal_anomaly,0.5317921786317299,0.5317921786317299,45,thermal_anomaly,3.451664027341458,0.5317921786317299,gradual,0.2122179481469192,0.9023230521172474,1761602410,thermal_anomaly
21180.0,353.0,5.883333333333334,0,0.0,330.1095620926345,330.1095620926345,85.36258684761663,85.34541386306732,29.414503473904666,29.416972360129005,11.222680076360769,11.243455219452409,29.138653916164312,29.080458932684127,29.719452681119453,29.841718070107174,19.052766527183543,29.671704345562357,2502.7390523158633,2522.724796045938,2520.0230356507454,9.318502806628603e-06,0.15023296257016572,0.15186672206615484,22.436814009848923,22.4599055350602,0.0,0.0,0.5317921786317299,0.0,True,thermal_anomaly,1.0,0.5317921786317299,thermal_anomaly,0.5317921786317299,0.5317921786317299,45,thermal_anomaly,3.451664027341458,0.5317921786317299,gradual,0.2122179481469192,0.9023230521172474,1761602410,thermal_anomaly
21240.0,354.0,5.9,0,0.0,330.9788696740969,330.9788696740969,84.87005876774447,84.86374127965462,29.394802350709778,29.437282128447826,11.259775307388825,11.28733913379628,29.160963576934442,29.081766918259966,29.728730340335673,29.773991416521422,19.119485877306598,29.749841547584,2524.4717418524237,2523.5982689491807,2522.645770998297,0.0005512257128852607,0.1637806428221315,0.16253137120045197,22.434826543266624,22.417400143564965,0.0,0.0,0.5317921786317299,0.0,True,thermal_anomaly,1.0,0.5317921786317299,thermal_anomaly,0.5317921786317299,0.5317921786317299,45,thermal_anomaly,3.451664027341458,0.5317921786317299,gradual,0.2122179481469192,0.9023230521172474,1761602410,thermal_anomaly
21300.0,355.0,5.916666666666667,0,0.0,332.67949192431126,332.67949192431126,84.37499999999994,84.11068925856773,29.374999999999996,29.37572133512584,11.325259299551023,11.325777304138672,29.183576479372245,29.204584389956697,29.73826317932062,29.747565107939497,19.2378025356413,29.902700980955046,2566.987298107782,2545.292783528482,2540.7846039729534,0.0010965022490355756,0.1774125562258894,0.1785912531481401,22.432905211045345,22.396521575117166,0.0,0.0,0.5317921786317299,0.0,True,thermal_anomaly,1.0,0.5317921786317299,thermal_anomaly,0.5317921786317299,0.5317921786317299,45,thermal_anomaly,3.451664027341458,0.5317921786317299,gradual,0.2122179481469192,0.9023230521172474,1761602410,thermal_anomaly
21360.0,356.0,5.933333333333334,0,0.0,335.13710349045203,335.13710349045203,83.87628407218678,84.00555894800671,29.355051362887473,29.313807111176043,11.416675765526124,11.438004747378303,29.206651392330325,29.069250471655042,29.748185891089868,29.554509655692897,19.404121522288072,30.123601954936227,2628.4275872613002,2586.860185394891,2579.049232912582,0.0016213169101006036,0.1905329227525151,0.19806292258317745,22.431068223776332,22.60199961736965,0.0,0.0,0.5317921786317299,0.0,True,thermal_anomaly,1.0,0.5317921786317299,thermal_anomaly,0.5317921786317299,0.5317921786317299,45,thermal_anomaly,3.451664027341458,0.5317921786317299,gradual,0.2122179481469192,0.9023230521172474,1761602410,thermal_anomaly
21420.0,357.0,5.95,0,0.0,338.2442949541504,338.2442949541504,83.37294434755262,83.41658307088346,29.334917773902106,29.327127345299886,11.530432693255081,11.549175732944722,29.230328136302575,29.30829704330246,29.758613126067463,29.743874704617276,19.6129529269708,30.4028900369641,2706.1073738537607,2646.483779624326,2650.7882622602083,0.0021027327770517935,0.20256831942629483,0.20520418334821705,22.42933065301511,22.51616713941003,0.0,0.0,0.5317921786317299,0.0,True,thermal_anomaly,1.0,0.5317921786317299,thermal_anomaly,0.5317921786317299,0.5317921786317299,45,thermal_anomaly,3.451664027341458,0.5317921786317299,gradual,0.2122179481469192,0.9023230521172474,1761602410,thermal_anomaly
21480.0,358.0,5.966666666666667,0,0.0,341.8652671384839,341.8652671384839,82.86421627145369,82.74144858688977,29.31456865085815,29.32580781289983,11.661957957156439,11.648428089407492,29.25472158387734,29.29422774259002,29.7696344976723,29.62396740798968,19.856983751034697,30.728358997681145,2796.6316784620976,2721.5577290432116,2724.165161963996,0.002519709666413688,0.21299274166034218,0.21523484309024773,22.42770373965513,22.38298059615338,0.0,0.0,0.5317921786317299,0.0,True,thermal_anomaly,1.0,0.5317921786317299,thermal_anomaly,0.5317921786317299,0.5317921786317299,45,thermal_anomaly,3.451664027341458,0.5317921786317299,gradual,0.2122179481469192,0.9023230521172474,1761602410,thermal_anomaly
21540.0,359.0,5.983333333333333,0,0.0,345.8417661836447,345.8417661836447,82.34957078606136,82.68570782466486,29.293982831442456,29.264260600957712,11.805897756328248,11.790326490439,29.27991615976423,29.208815346682137,29.78131068205264,29.766720143466557,20.127220426106057,31.085784281730668,2896.0441545911185,2808.8009418171646,2811.74710576171,0.0028540236872440384,0.22135059218110095,0.2182609509761452,22.42619436560689,22.41538762728395,0.0,0.0,0.5317921786317299,0.0,True,thermal_anomaly,1.0,0.5317921786317299,thermal_anomaly,0.5317921786317299,0.5317921786317299,45,thermal_anomaly,3.451664027341458,0.5317921786317299,gradual,0.2122179481469192,0.9023230521172474,1761602410,thermal_anomaly
21600.0,360.0,6.0,1,600.0,349.99999999999994,-250.00000000000006,82.72159459558517,82.87689782377775,29.308863783823405,29.282106640501983,-8.529842775344429,-8.564734040470846,29.299498845385944,29.237549679323205,29.804565577514722,29.96298122469947,14.797540101243593,31.459544689082904,2999.9999999999986,2904.4004709085825,2896.568012494214,0.0030910637126159235,0.22727659281539808,0.2351623278711686,22.42480471764112,22.349973204609917,0.0,0.0,0.5317921786317299,0.0,True,thermal_anomaly,1.0,0.5317921786317299,thermal_anomaly,0.5317921786317299,0.5317921786317299,45,thermal_anomaly,3.451664027341458,0.5317921786317299,gradual,0.2122179481469192,0.9023230521172474,1761602410,thermal_anomaly
