time_s,time_min,time_h,in_sunlight,solar_power_w,load_power_w,battery_power_w,battery_soc_true,battery_soc_measured,battery_voltage_true,battery_voltage_measured,battery_current_true,battery_current_measured,battery_temp_true,battery_temp_measured,electronics_temp_true,electronics_temp_measured,battery_heat_w,electronics_heat_w,wheel_target_speed_rpm,wheel_speed_true,wheel_speed_measured,wheel_torque_nm,wheel_current_true,wheel_current_measured,wheel_temp_true,wheel_temp_measured,solar_degradation,battery_degradation,thermal_anomaly,wheel_degradation,fault_active,fault_type,fault_progress,fault_severity,fault_label,fault_requested_severity,fault_effective_severity,scenario_id,scenario_fault_type,scenario_start_time_h,scenario_severity,scenario_profile,scenario_ramp_duration_h,scenario_sensor_noise_scale,scenario_random_seed,scenario_internal_fault_name
0.0,0.0,0.0,1,600.0,350.0,-250.0,90.37202380952381,89.90652238294466,29.61488095238095,29.61260549757955,-8.44170200791912,-8.430916226300184,22.022336622077468,22.09241695591058,24.023,24.007794679175596,6.700986623240457,17.5,3000.0,3000.0,2996.673224104839,0.0006283185307179586,0.16570796326794895,0.16357688743297116,24.979227572821976,24.972799328916775,0.0,0.0,0.0,0.0,False,none,0.0,0.0,nominal,0.7276592359230265,0.0,41,thermal_anomaly,3.290770054265242,0.7276592359230265,abrupt,0.0,1.1635317437360368,514219979,thermal_anomaly
60.0,1.0,0.016666666666666666,1,601.2556165273943,354.15823381635516,-247.09738271103913,90.7397282480819,90.7691715389789,29.629589129923275,29.634404775407372,-8.339548065534684,-8.39975431119306,22.0440820855283,21.979338126637636,24.046231823381635,24.0663499138633,6.563844954989063,17.70791169081776,3103.9558454088797,3051.97792270444,3053.5601331118423,0.0019890973650273443,0.1997274341256836,0.19802497883634965,24.95874847619419,24.917210999746448,0.0,0.0,0.0,0.0,False,none,0.0,0.0,nominal,0.7276592359230265,0.0,41,thermal_anomaly,3.290770054265242,0.7276592359230265,abrupt,0.0,1.1635317437360368,514219979,thermal_anomaly
120.0,2.0,0.03333333333333333,1,602.5051158172811,358.134732861516,-244.37038295576508,91.10337465128988,91.03820122466381,29.644134986051597,29.64681150216565,-8.243464788928678,-8.23553339191032,22.065272182808812,22.035026723597014,24.069675442080733,24.17383902991978,6.436376938104555,17.9067366430758,3203.3683215379,3127.67312212117,3122.5755472080464,0.002620900448055877,0.21552251120139693,0.21842005391326513,24.938546098704002,24.966803878996384,0.0,0.0,0.0,0.0,False,none,0.0,0.0,nominal,0.7276592359230265,0.0,41,thermal_anomaly,3.290770054265242,0.7276592359230265,abrupt,0.0,1.1635317437360368,514219979,thermal_anomaly
180.0,3.0,0.05,1,603.7424104347197,361.7557050458495,-241.98670538887018,91.46347391526143,91.21723004260669,29.658538956610457,29.658242124311734,-8.159090565549752,-8.146039199875686,22.08596608540712,22.068224368142218,24.093293609048672,24.129428358028694,6.325660708547438,18.087785252292473,3293.8926261462366,3210.7828741337034,3199.207692527685,0.002830866546587775,0.22077166366469436,0.2123922963304481,24.918597552843362,24.882836146079985,0.0,0.0,0.0,0.0,False,none,0.0,0.0,nominal,0.7276592359230265,0.0,41,thermal_anomaly,3.290770054265242,0.7276592359230265,abrupt,0.0,1.1635317437360368,514219979,thermal_anomaly
240.0,4.0,0.06666666666666667,1,604.961472404706,364.8628965095479,-240.0985758951581,91.82076346272446,92.10506137146464,29.67283053850898,29.707186129674874,-8.091529238626613,-8.117283809322966,22.10624304767322,22.062994862705054,24.117033549827237,24.108201662329574,6.23782763356395,18.243144825477398,3371.572412738697,3291.1776434362005,3291.549394293289,0.002777194931208119,0.21942987328020297,0.22798585146898465,24.898879660493158,24.979961687725915,0.0,0.0,0.0,0.0,False,none,0.0,0.0,nominal,0.7276592359230265,0.0,41,thermal_anomaly,3.290770054265242,0.7276592359230265,abrupt,0.0,1.1635317437360368,514219979,thermal_anomaly
300.0,5.0,0.08333333333333333,1,606.156362579862,367.3205080756888,-238.83585450417326,92.17617396049855,92.1150511874061,29.68704695841994,29.694699019779996,-8.045119975681306,-8.02324199017517,22.126198644166678,22.083782177787242,24.140829332236187,24.071860117316753,6.17791643384851,18.36602540378444,3433.0127018922194,3362.0951726642097,3360.8833627385015,0.0025459192073639977,0.21364798018409992,0.2129601070165549,24.879369033248576,24.904840303756018,0.0,0.0,0.0,0.0,False,none,0.0,0.0,nominal,0.7276592359230265,0.0,41,thermal_anomaly,3.290770054265242,0.7276592359230265,abrupt,0.0,1.1635317437360368,514219979,thermal_anomaly
360.0,6.0,0.1,1,607.3212595753644,369.0211303259031,-238.3001292494613,92.53078724807214,92.68552304669181,29.701231489922886,29.69097633866789,-8.023240697285983,-7.971596986725305,22.145940756644766,22.32541050405222,24.16460481061089,24.305600360694516,6.149791302926885,18.451056516295154,3475.5282581475767,3418.811715405893,3415.3001874731895,0.0021889911831264744,0.20472477957816185,0.21375030563332534,24.860041723756545,24.792574745544492,0.0,0.0,0.0,0.0,False,none,0.0,0.0,nominal,0.7276592359230265,0.0,41,thermal_anomaly,3.290770054265242,0.7276592359230265,abrupt,0.0,1.1635317437360368,514219979,thermal_anomaly
420.0,7.0,0.11666666666666667,1,608.450488130146,369.8904379073655,-238.56005022278055,92.88578732280843,93.02457976772905,29.715431492912337,29.76508667237099,-8.028153664188972,-8.071298881496617,22.165585445773118,22.160456895162305,24.18827701591674,24.1948957493599,6.156100100466465,18.494521895368276,3497.2609476841367,3458.036331545015,3457.592547702625,0.0017429323004629288,0.1935733075115732,0.18739318497214855,24.84087334921582,24.993234240624933,0.0,0.0,0.0,0.0,False,none,0.0,0.0,nominal,0.7276592359230265,0.0,41,thermal_anomaly,3.290770054265242,0.7276592359230265,abrupt,0.0,1.1635317437360368,514219979,thermal_anomaly
480.0,8.0,0.13333333333333333,1,609.5385467561977,369.8904379073655,-239.64810884883218,93.2424065324049,93.20739111879173,29.729696261296198,29.74919012788311,-8.060900008615953,-7.9845055778409275,22.18525276215152,22.11630499295837,24.211759843580143,24.21756314506013,6.198248715912373,18.494521895368276,3497.2609476841367,3477.6486396145756,3471.9206631008146,0.0012376984602625,0.18094246150656249,0.1903497982452323,24.82183963129007,24.922999907972887,0.0,0.0,0.0,0.0,False,none,0.0,0.0,nominal,0.7276592359230265,0.0,41,thermal_anomaly,3.290770054265242,0.7276592359230265,abrupt,0.0,1.1635317437360368,514219979,thermal_anomaly
540.0,9.0,0.15,1,610.5801345412646,369.0211303259031,-241.55900421536148,93.60186933629682,93.40179469515827,29.74407477345187,29.754716532129148,-8.121247880635556,-8.162801311200331,22.20506249014894,22.072376807465712,24.234967877864094,24.106652381820453,6.2763733710982015,18.451056516295154,3475.5282581475767,3476.588448881076,3476.620847381874,0.0007006012993672623,0.16751503248418156,0.17154145730104753,24.802917168998125,24.69911842518557,0.0,0.0,0.0,0.0,False,none,0.0,0.0,nominal,0.7276592359230265,0.0,41,thermal_anomaly,3.290770054265242,0.7276592359230265,abrupt,0.0,1.1635317437360368,514219979,thermal_anomaly
600.0,10.0,0.16666666666666666,1,611.5701769743577,367.3205080756888,-244.24966889866886,93.96533610549126,94.08078407539668,29.75861344421965,29.789716942188154,-8.207696549992056,-8.156129494149877,22.22512979058318,22.133466051560603,24.25782018564875,24.25147715432869,6.38930261254012,18.36602540378444,3433.0127018922194,3454.8005753866473,3446.447442695982,0.00015772978780866564,0.15394324469521664,0.14628806963945987,24.7840842940449,24.77456363509957,0.0,0.0,0.0,0.0,False,none,0.0,0.0,nominal,0.7276592359230265,0.0,41,thermal_anomaly,3.290770054265242,0.7276592359230265,abrupt,0.0,1.1635317437360368,514219979,thermal_anomaly
660.0,11.0,0.18333333333333332,1,612.503850668262,364.8628965095479,-247.64095415871407,94.33384943013219,94.55850225748908,29.77335397720529,29.758324887252073,-8.317536356445093,-8.290740617545362,22.245560721450556,22.27056669042888,24.280243913814516,24.042563563354733,6.534512883262872,18.243144825477398,3371.572412738697,3413.186494062673,3400.4765163260954,-0.00036588236096057034,0.15914705902401424,0.1533251625922568,24.765371298209715,24.485662929078444,0.0,0.0,0.0,0.0,False,none,0.0,0.0,nominal,0.7276592359230265,0.0,41,thermal_anomaly,3.290770054265242,0.7276592359230265,abrupt,0.0,1.1635317437360368,514219979,thermal_anomaly
720.0,12.0,0.2,1,613.376606858593,361.7557050458495,-251.62090181274357,94.70828529592498,94.47127143792642,29.788331411837,29.75990473081782,-8.446961944056957,-8.41116609233112,22.266447668077678,22.424238886981033,24.302177533008585,24.33338073642528,6.708093286747719,18.087785252292473,3293.8926261462366,3353.5395601044547,3350.777666997122,-0.0008466969717638359,0.1711674242940959,0.1689188811461666,24.746777531689744,24.735653490571792,0.0,0.0,0.0,0.0,False,none,0.0,0.0,nominal,0.7276592359230265,0.0,41,thermal_anomaly,3.290770054265242,0.7276592359230265,abrupt,0.0,1.1635317437360368,514219979,thermal_anomaly
780.0,13.0,0.21666666666666667,1,614.184193564921,358.134732861516,-256.049460703405,95.08931127911457,95.45440451648942,29.803572451164584,29.84761402153827,-8.59123385704722,-8.635391108480736,22.287864795185605,22.242699751919154,24.32357358603067,24.27709912760047,6.904743934917956,17.9067366430758,3203.3683215379,3278.4539408211776,3274.186563192064,-0.001263373233051744,0.1815843308262936,0.18595909507248695,24.72828196644546,24.81425733982257,0.0,0.0,0.0,0.0,False,none,0.0,0.0,nominal,0.7276592359230265,0.0,41,thermal_anomaly,3.290770054265242,0.7276592359230265,abrupt,0.0,1.1635317437360368,514219979,thermal_anomaly
840.0,14.0,0.23333333333333334,1,614.9226763059908,354.15823381635516,-260.7644424896356,95.47735360424795,95.09523863233362,29.819094144169917,29.84298109779747,-8.744881424931515,-8.722775453006605,22.309863726717456,22.532754749443228,24.344400820724058,24.402190287937653,7.1178360908889795,17.70791169081776,3103.9558454088797,3191.2048931150284,3196.417288635869,-0.0015975369398450977,0.18993842349612744,0.18118973118035359,24.709865507062307,24.717281766014946,0.0,0.0,0.0,0.0,False,none,0.0,0.0,nominal,0.7276592359230265,0.0,41,thermal_anomaly,3.290770054265242,0.7276592359230265,abrupt,0.0,1.1635317437360368,514219979,thermal_anomaly
900.0,15.0,0.25,1,615.5884572681198,350.0,-265.5884572681198,95.8725745228017,96.02557849136998,29.83490298091207,29.879301530468997,-8.901938023329231,-8.960279004547663,22.33246974450947,22.43466355645445,24.364645614158267,24.468831294812414,7.33956004569558,17.5,3000.0,3095.602446557514,3090.7983681770556,-0.00183450180819848,0.195862545204962,0.1930023479172184,24.691511756280946,24.76184139349326,0.0,0.0,0.0,0.0,False,none,0.0,0.0,nominal,0.7276592359230265,0.0,41,thermal_anomaly,3.290770054265242,0.7276592359230265,abrupt,0.0,1.1635317437360368,514219979,thermal_anomaly
960.0,16.0,0.26666666666666666,1,616.178292833385,345.84176618364484,-270.3365266497401,96.27486102079239,96.33212973743133,29.850994440831695,29.895103714188558,-9.056198351635487,-9.054795801728261,22.35567885366486,22.212417825834095,24.384312625863366,24.577291442739465,7.561178286733225,17.292088309182244,2896.0441545911203,2995.8233005743177,2991.0683036449104,-0.0019638704730496467,0.19909676182624117,0.20209125976357042,24.673207665569283,24.668184129131596,0.0,0.0,0.0,0.0,False,none,0.0,0.0,nominal,0.7276592359230265,0.0,41,thermal_anomaly,3.290770054265242,0.7276592359230265,abrupt,0.0,1.1635317437360368,514219979,thermal_anomaly
1020.0,17.0,0.2833333333333333,1,616.6893093822022,341.865267138484,-274.82404224371817,96.68382536936933,96.5056882232297,29.867353014774775,29.84176145984728,-9.20148638909408,-9.218023856833275,22.379456074347853,22.536897609595542,24.403424651570308,24.50606119033305,7.7733881414946895,17.0932633569242,2796.6316784621,2896.227489518209,2907.014339928456,-0.0019799684713490795,0.19949921178372698,0.19039292247747688,24.654944048653153,24.60377027165216,0.0,0.0,0.0,0.0,False,none,0.0,0.0,nominal,0.7276592359230265,0.0,41,thermal_anomaly,3.290770054265242,0.7276592359230265,abrupt,0.0,1.1635317437360368,514219979,thermal_anomaly
1080.0,18.0,0.3,1,617.1190172933127,338.2442949541505,-278.8747223391622,97.09881751570738,97.23111980086584,29.883952700628296,29.875893195874696,-9.331922223705668,-9.375449761654856,22.403735277205577,22.33323612317638,24.42202168385316,24.398087390326197,7.966781791143339,16.912214747707527,2706.1073738537634,2801.1674316859862,2808.9679282675393,-0.001882082027516422,0.19705205068791054,0.19328936387075213,24.636715938974486,24.616166934336214,0.0,0.0,0.0,0.0,False,none,0.0,0.0,nominal,0.7276592359230265,0.0,41,thermal_anomaly,3.290770054265242,0.7276592359230265,abrupt,0.0,1.1635317437360368,514219979,thermal_anomaly
1140.0,19.0,0.31666666666666665,1,617.465323072968,335.1371034904521,-282.3282195825159,97.51894879484803,97.65124642635739,29.90075795179392,29.91367666819244,-9.44217601566108,-9.470253461746536,22.428420782318536,22.47742726310543,24.44015922073138,24.425991724834702,8.132375032858029,16.756855174522606,2628.427587261303,2714.797509473645,2703.801445132464,-0.0016744841409544729,0.19186210352386182,0.187123806630068,24.618522775982953,24.623301069290715,0.0,0.0,0.0,0.0,False,none,0.0,0.0,nominal,0.7276592359230265,0.0,41,thermal_anomaly,3.290770054265242,0.7276592359230265,abrupt,0.0,1.1635317437360368,514219979,thermal_anomaly
1200.0,20.0,0.3333333333333333,1,617.7265395542198,332.6794919243112,-285.0470476299086,97.9431259490592,97.74704557703407,29.917725037962366,29.949451522527497,-9.527697953912426,-9.541489915462567,22.453390798504888,22.409196151805393,24.45790589615796,24.319821711470382,8.262162264078963,16.633974596215563,2566.9872981077806,2640.8924037907127,2640.5277403549826,-0.0013662452815192232,0.18415613203798056,0.19010148336717558,24.60036841001693,24.566843252320062,0.0,0.0,0.0,0.0,False,none,0.0,0.0,nominal,0.7276592359230265,0.0,41,thermal_anomaly,3.290770054265242,0.7276592359230265,abrupt,0.0,1.1635317437360368,514219979,thermal_anomaly
1260.0,21.0,0.35,1,617.9013941166289,330.9788696740969,-286.922524442532,98.3700939913844,98.46438769398134,29.934803759655377,29.966607858367023,-9.584914160327042,-9.594381450851218,22.47850260823675,22.327304300375353,24.475340535956107,24.57565673436689,8.349646356867026,16.548943483704846,2524.4717418524233,2582.682072821568,2575.771073777631,-0.0009708356894861285,0.1742708922371532,0.16989266285392837,24.58226092137587,24.707033755179793,0.0,0.0,0.0,0.0,False,none,0.0,0.0,nominal,0.7276592359230265,0.0,41,thermal_anomaly,3.290770054265242,0.7276592359230265,abrupt,0.0,1.1635317437360368,514219979,thermal_anomaly
1320.0,22.0,0.36666666666666664,1,617.9890348863438,330.1095620926345,-287.8794727937093,98.79848606399409,98.66776766691254,29.951939442559762,29.937201376180465,-9.611380035866768,-9.545520938038074,22.503599226239025,22.406631095769374,24.49254876787772,24.537175049593863,8.39029009550866,16.505478104631727,2502.7390523158633,2542.710562568716,2541.639616003754,-0.0005055360229247973,0.16263840057311993,0.15163615283049214,24.564212256047483,24.494004074648544,0.0,0.0,0.0,0.0,False,none,0.0,0.0,nominal,0.7276592359230265,0.0,41,thermal_anomaly,3.290770054265242,0.7276592359230265,abrupt,0.0,1.1635317437360368,514219979,thermal_anomaly
1380.0,23.0,0.38333333333333336,1,617.9890348863438,330.1095620926345,-287.8794727937093,99.22687813660377,99.48376574580254,29.96907512546415,29.957959823742577,-9.605884452173287,-9.639131695974008,22.52851710184386,22.386660437082977,24.509619333943963,24.670683156300175,8.38184128868036,16.505478104631727,2502.7390523158633,2522.7248074422896,2524.485682429692,9.318209224527915e-06,0.1502329552306132,0.15684939770630876,24.54623894625931,24.55237178357851,0.0,0.0,0.0,0.0,False,none,0.0,0.0,nominal,0.7276592359230265,0.0,41,thermal_anomaly,3.290770054265242,0.7276592359230265,abrupt,0.0,1.1635317437360368,514219979,thermal_anomaly
1440.0,24.0,0.4,1,617.9013941166289,330.9788696740969,-286.922524442532,99.65384617892896,99.3312329840406,29.98615384715716,29.969395282553947,-9.568500378708412,-9.586683966390833,22.553094319098754,22.49905175998673,24.52664026623982,24.452269966677232,8.324495959787441,16.548943483704846,2524.4717418524233,2523.5982746473564,2528.7970814430983,0.0005512255660942137,0.16378063915235533,0.16175709085890527,24.528430792650212,24.664939324614508,0.0,0.0,0.0,0.0,False,none,0.0,0.0,nominal,0.7276592359230265,0.0,41,thermal_anomaly,3.290770054265242,0.7276592359230265,abrupt,0.0,1.1635317437360368,514219979,thermal_anomaly
1500.0,25.0,0.4166666666666667,1,617.7265395542198,332.6794919243112,-285.0470476299086,100.0,100.0,30.0,29.97972224994318,-9.501568254330287,-9.419787295509956,22.577183699661948,22.398451016143547,24.543695093302333,24.37089627220525,8.222383943335767,16.633974596215563,2566.9872981077806,2545.2927863775685,2546.31489816699,0.0010965021756400308,0.17741255439100076,0.17897133927867864,24.510807428556266,24.60498089441152,0.0,0.0,0.0,0.0,False,none,0.0,0.0,nominal,0.7276592359230265,0.0,41,thermal_anomaly,3.290770054265242,0.7276592359230265,abrupt,0.0,1.1635317437360368,514219979,thermal_anomaly
1560.0,26.0,0.43333333333333335,1,617.465323072968,335.1371034904521,-282.3282195825159,100.0,100.0,30.0,29.98948623483422,-9.41094065275053,-9.383348515595697,22.600671478522536,22.619254517707976,24.56085924290496,24.53327360694446,8.085264317567404,16.756855174522606,2628.4275872613025,2586.8601868194355,2590.5601256112354,0.0016213168734028807,0.190532921835072,0.19021569804449287,24.493386174654585,24.189811293061695,0.0,0.0,0.0,0.0,False,none,0.0,0.0,nominal,0.7276592359230265,0.0,41,thermal_anomaly,3.290770054265242,0.7276592359230265,abrupt,0.0,1.1635317437360368,514219979,thermal_anomaly
1620.0,27.0,0.45,1,617.1190172933127,338.2442949541505,-278.8747223391622,100.0,100.0,30.0,29.967863822782295,-9.295824077972073,-9.33470786565177,22.623444075061695,22.6475951845681,24.578196798457135,24.423583424251657,7.912987623088427,16.912214747707527,2706.107373853763,2646.483780336599,2659.994322134199,0.002102732758702936,0.20256831896757338,0.1989462423594102,24.47618121926103,24.447114422348648,0.0,0.0,0.0,0.0,False,none,0.0,0.0,nominal,0.7276592359230265,0.0,41,thermal_anomaly,3.290770054265242,0.7276592359230265,abrupt,0.0,1.1635317437360368,514219979,thermal_anomaly
1680.0,28.0,0.4666666666666667,1,616.6893093822022,341.865267138484,-274.82404224371817,100.0,99.84546854809874,30.0,29.945991468398855,-9.16080140812394,-9.159082297923424,22.645415485928414,22.593749345660953,24.595757750783328,24.660633087023463,7.713622595126845,17.0932633569242,2796.6316784621,2721.5577293993497,2719.5729322639354,0.0025197096572392597,0.21299274143098149,0.21639596330876643,24.4592029266538,24.51834027141817,0.0,0.0,0.0,0.0,False,none,0.0,0.0,nominal,0.7276592359230265,0.0,41,thermal_anomaly,3.290770054265242,0.7276592359230265,abrupt,0.0,1.1635317437360368,514219979,thermal_anomaly
1740.0,29.0,0.48333333333333334,1,616.178292833385,345.8417661836448,-270.33652664974016,100.0,99.88876308897423,30.0,29.95350649800041,-9.011217554991338,-8.97998096261199,22.666530204165745,22.70522812801434,24.613575865395426,24.40889412764762,7.496163345870727,17.29208830918224,2896.04415459112,2808.800941995234,2812.634140327759,0.0028540236826568068,0.22135059206642016,0.2296333598028944,24.442457308702856,24.362276109263238,0.0,0.0,0.0,0.0,False,none,0.0,0.0,nominal,0.7276592359230265,0.0,41,thermal_anomaly,3.290770054265242,0.7276592359230265,abrupt,0.0,1.1635317437360368,514219979,thermal_anomaly
1800.0,30.0,0.5,1,615.5884572681198,350.0,-265.5884572681198,100.0,99.77661472394391,30.0,30.005787800892328,-8.852948575603993,-8.79301243092599,22.68676427586936,22.975138313704477,24.631667258472262,24.64192248464489,7.269975878583101,17.5,3000.0,2904.4004709976166,2907.6288497287137,0.003091063710322311,0.22727659275805778,0.23249331685099636,24.42594568866376,24.5047873915451,0.0,0.0,0.0,0.0,False,none,0.0,0.0,nominal,0.7276592359230265,0.0,41,thermal_anomaly,3.290770054265242,0.7276592359230265,abrupt,0.0,1.1635317437360368,514219979,thermal_anomaly
1860.0,31.0,0.5166666666666667,1,614.9226763059908,354.15823381635516,-260.7644424896356,100.0,99.61271906328939,30.0,29.93794936981724,-8.692148082987853,-8.71030148949258,22.706124607093237,22.759755593280943,24.65002974378612,24.629935913976944,7.044275063727152,17.70791169081776,3103.955845408879,3004.178158203248,2995.7917241933296,0.0032204699548295168,0.23051174887073791,0.2164549435388083,24.409664577314476,24.505206542063224,0.0,0.0,0.0,0.0,False,none,0.0,0.0,nominal,0.7276592359230265,0.0,41,thermal_anomaly,3.290770054265242,0.7276592359230265,abrupt,0.0,1.1635317437360368,514219979,thermal_anomaly
1920.0,32.0,0.5333333333333333,1,614.184193564921,358.134732861516,-256.049460703405,100.0,99.93601355832993,30.0,30.053281727930244,-8.534982023446833,-8.527337978803565,22.724646770954827,22.65675777605949,24.668642979121984,24.598841056371512,6.827673451244848,17.9067366430758,3203.3683215378996,3103.773239870574,3104.084472001096,0.0032365867429569625,0.23091466857392406,0.22370363563108567,24.39360577110314,24.551125398741565,0.0,0.0,0.0,0.0,False,none,0.0,0.0,nominal,0.7276592359230265,0.0,41,thermal_anomaly,3.290770054265242,0.7276592359230265,abrupt,0.0,1.1635317437360368,514219979,thermal_anomaly
1980.0,33.0,0.55,1,613.376606858593,361.7557050458495,-251.62090181274357,100.0,100.0,30.0,29.99088895817356,-8.387363393758118,-8.34751905987605,22.74239165424882,22.693276915312374,24.687469405793593,24.646740161546195,6.627829175916296,18.087785252292473,3293.8926261462366,3198.832933008405,3190.4838297165875,0.0031387096940383224,0.22846774235095807,0.23636583392780577,24.377756670305367,24.40024312914592,0.0,0.0,0.0,0.0,False,none,0.0,0.0,nominal,0.7276592359230265,0.0,41,thermal_anomaly,3.290770054265242,0.7276592359230265,abrupt,0.0,1.1635317437360368,514219979,thermal_anomaly
2040.0,34.0,0.5666666666666667,1,612.503850668262,364.8628965095479,-247.64095415871407,100.0,100.0,30.0,29.90866316102311,-8.254698471957136,-8.244118121777877,22.75944131682011,22.904838211286215,24.7064559401982,24.735396008028832,6.4512037490345175,18.243144825477398,3371.572412738697,3285.2026728735514,3276.785769005182,0.002931116504933392,0.2232779126233348,0.23476000910280634,24.36210080321205,24.27198356490619,0.0,0.0,0.0,0.0,False,none,0.0,0.0,nominal,0.7276592359230265,0.0,41,thermal_anomaly,3.290770054265242,0.7276592359230265,abrupt,0.0,1.1635317437360368,514219979,thermal_anomaly
2100.0,35.0,0.5833333333333334,1,611.5701769743577,367.3205080756888,-244.24966889866886,100.0,100.0,30.0,29.95175403145158,-8.141655629955629,-8.098444121939428,22.775894417291664,22.74512200606373,24.725536343484183,24.634397717340686,6.302924511743055,18.36602540378444,3433.0127018922194,3359.1076873828856,3369.564756187517,0.002622879994226634,0.21557199985566583,0.21787576787919466,24.346618531014,24.34772970807717,0.0,0.0,0.0,0.0,False,none,0.0,0.0,nominal,0.7276592359230265,0.0,41,thermal_anomaly,3.290770054265242,0.7276592359230265,abrupt,0.0,1.1635317437360368,514219979,thermal_anomaly
2160.0,36.0,0.6,1,610.5801345412646,369.0211303259031,-241.55900421536148,100.0,99.9232513950104,30.0,29.99791563948512,-8.051966807178717,-8.064619204377802,22.79186149597829,23.0197013442511,24.7446341657689,24.582244638782594,6.1867335571126265,18.451056516295154,3475.5282581475767,3417.3179727652314,3408.561300403041,0.0022274715765577893,0.20568678941394472,0.20152801229510503,24.3312878982213,24.419699511629858,0.0,0.0,0.0,0.0,False,none,0.0,0.0,nominal,0.7276592359230265,0.0,41,thermal_anomaly,3.290770054265242,0.7276592359230265,abrupt,0.0,1.1635317437360368,514219979,thermal_anomaly
2220.0,37.0,0.6166666666666667,1,609.5385467561977,369.8904379073655,-239.64810884883218,100.0,100.0,30.0,30.009035065926422,-7.988270294961072,-7.963781420731773,22.807460316950515,22.95079787870401,24.763666136233486,24.726473452626006,6.104996984428596,18.494521895368276,3497.2609476841367,3457.289460224684,3461.646300138611,0.0017621724971785863,0.19405431242946464,0.20418704513277952,24.316085585916294,24.507881456614935,0.0,0.0,0.0,0.0,False,none,0.0,0.0,nominal,0.7276592359230265,0.0,41,thermal_anomaly,3.290770054265242,0.7276592359230265,abrupt,0.0,1.1635317437360368,514219979,thermal_anomaly
2280.0,38.0,0.6333333333333333,1,608.450488130146,369.8904379073655,-238.56005022278055,100.0,99.93307354747412,30.0,30.020998502674885,-7.952001674092685,-7.964998809786629,22.82281137654875,22.795485810210092,24.782545850934355,24.7578935133982,6.05874644998183,18.494521895368276,3497.2609476841367,3477.2752039544102,3477.674449053301,0.0012473185586203252,0.18118296396550812,0.17919911225697358,24.300987920422497,24.264748959916062,0.0,0.0,0.0,0.0,False,none,0.0,0.0,nominal,0.7276592359230265,0.0,41,thermal_anomaly,3.290770054265242,0.7276592359230265,abrupt,0.0,1.1635317437360368,514219979,thermal_anomaly
2340.0,39.0,0.65,1,607.3212595753644,369.0211303259031,-238.3001292494613,100.0,100.0,30.0,29.993698402098154,-7.94333764164871,-7.9487355234668176,22.83803360505992,22.793485368085612,24.80118759715947,24.790492465865086,6.047729031138663,18.451056516295154,3475.5282581475767,3476.401731050993,3474.6442350669085,0.0007054113485461749,0.16763528371365435,0.16002079910341402,24.285971888322834,24.387580387511353,0.0,0.0,0.0,0.0,False,none,0.0,0.0,nominal,0.7276592359230265,0.0,41,thermal_anomaly,3.290770054265242,0.7276592359230265,abrupt,0.0,1.1635317437360368,514219979,thermal_anomaly
2400.0,40.0,0.6666666666666666,1,606.156362579862,367.3205080756888,-238.83585450417326,100.0,99.93392020643942,30.0,29.96028046044491,-7.961195150139108,-8.024653051729597,22.853240237621186,22.918383716690837,24.819510147189764,24.73346515875468,6.0704502574878765,18.36602540378444,3433.0127018922194,3454.7072164716064,3451.4315489911087,0.00016013481239812548,0.15400337030995312,0.15178474227213218,24.27101611011691,24.303960963978984,0.0,0.0,0.0,0.0,False,none,0.0,0.0,nominal,0.7276592359230265,0.0,41,thermal_anomaly,3.290770054265242,0.7276592359230265,abrupt,0.0,1.1635317437360368,514219979,thermal_anomaly
2460.0,41.0,0.6833333333333333,1,604.961472404706,364.8628965095479,-240.0985758951581,100.0,100.0,30.0,30.02413798038024,-8.003285863171936,-8.007322913946277,22.8685348187575,22.875724700257273,24.8374403556632,24.946440721941347,6.1242067686118205,18.243144825477398,3371.5724127386975,3413.1398146051515,3411.110852283751,-0.0003646798486658404,0.15911699621664602,0.17177999766698268,24.256150960607094,24.391419049339355,0.0,0.0,0.0,0.0,False,none,0.0,0.0,nominal,0.7276592359230265,0.0,41,thermal_anomaly,3.290770054265242,0.7276592359230265,abrupt,0.0,1.1635317437360368,514219979,thermal_anomaly
2520.0,42.0,0.7,1,603.7424104347197,361.7557050458495,-241.98670538887018,100.0,99.66100232352991,30.0,29.985956421441983,-8.06622351296234,-8.06112481701932,22.884007332981238,22.87180015732029,24.85491640332248,24.857131779859774,6.205116940885321,18.087785252292473,3293.8926261462366,3353.5162203756936,3348.968868753449,-0.000846095715616464,0.1711523928904116,0.16985963523777423,24.241376261455354,24.2467717834114,0.0,0.0,0.0,0.0,False,none,0.0,0.0,nominal,0.7276592359230265,0.0,41,thermal_anomaly,3.290770054265242,0.7276592359230265,abrupt,0.0,1.1635317437360368,514219979,thermal_anomaly
2580.0,43.0,0.7166666666666667,1,602.5051158172811,358.134732861516,-244.37038295576508,100.0,100.0,30.0,29.98318964059155,-8.145679431858836,-8.148149067719919,22.89973051389178,22.747030330160516,24.87189054538205,24.85513246717629,6.308167472528647,17.9067366430758,3203.3683215379006,3278.442270956797,3279.3515541225142,-0.0012630726049780512,0.18157681512445129,0.181822422585443,24.226671162148925,24.176571920091515,0.0,0.0,0.0,0.0,False,none,0.0,0.0,nominal,0.7276592359230265,0.0,41,thermal_anomaly,3.290770054265242,0.7276592359230265,abrupt,0.0,1.1635317437360368,514219979,thermal_anomaly
2640.0,44.0,0.7333333333333333,1,601.2556165273943,354.1582338163552,-247.09738271103907,100.0,100.0,30.0,30.03277710567384,-8.236579423701302,-8.21315342859864,22.91575646163588,22.98319707448028,24.88833124440063,24.803419982339733,6.427299248235174,17.707911690817763,3103.9558454088806,3191.1990581828386,3177.4009163538494,-0.00159738662580824,0.189934665645206,0.1873069095513508,24.212016761677877,24.320479954503448,0.0,0.0,0.0,0.0,False,none,0.0,0.0,nominal,0.7276592359230265,0.0,41,thermal_anomaly,3.290770054265242,0.7276592359230265,abrupt,0.0,1.1635317437360368,514219979,thermal_anomaly
2700.0,45.0,0.75,1,600.0,350.0,-250.0,100.0,99.9872186415206,30.0,30.009880095366245,-8.333333333333334,-8.37888378648549,22.932113774717916,22.89609937498637,24.904224594445424,25.060784019913477,6.555555555555556,17.5,3000.0,3095.5995290914193,3099.4571886996805,-0.0018344266511800618,0.19586066627950155,0.19729597938779478,24.197396865360076,24.15348451436805,0.0,0.0,0.0,0.0,False,none,0.0,0.0,nominal,0.7276592359230265,0.0,41,thermal_anomaly,3.290770054265242,0.7276592359230265,abrupt,0.0,1.1635317437360368,514219979,thermal_anomaly
2760.0,46.0,0.7666666666666667,1,598.7443834726058,345.8417661836448,-252.90261728896104,100.0,100.0,30.0,30.039177394003495,-8.430087242965367,-8.41328234808109,22.948805457649343,23.217025020796697,24.919574974308226,24.876428012694575,6.685309673920594,17.29208830918224,2896.04415459112,2995.82184184127,2992.7040610664417,-0.001963832894540448,0.1990958223635112,0.203944222112575,24.182798630783033,24.059373265324105,0.0,0.0,0.0,0.0,False,none,0.0,0.0,nominal,0.7276592359230265,0.0,41,thermal_anomaly,3.290770054265242,0.7276592359230265,abrupt,0.0,1.1635317437360368,514219979,thermal_anomaly
2820.0,47.0,0.7833333333333333,1,597.4948841827188,341.865267138484,-255.6296170442348,100.0,100.0,30.0,30.036955822968544,-8.520987234807826,-8.509595985664456,22.96580788449165,23.00690497286158,24.93440490122761,25.00347727619527,6.808577876460634,17.0932633569242,2796.6316784621,2896.226760151685,2890.3712024466436,-0.001979949682094466,0.19949874205236165,0.19793898604895543,24.16821307888662,24.292599703403006,0.0,0.0,0.0,0.0,False,none,0.0,0.0,nominal,0.7276592359230265,0.0,41,thermal_anomaly,3.290770054265242,0.7276592359230265,abrupt,0.0,1.1635317437360368,514219979,thermal_anomaly
2880.0,48.0,0.8,1,596.2575895652803,338.2442949541505,-258.0132946111298,100.0,99.9448408026806,30.0,29.97251980610336,-8.600443153704328,-8.594854065747203,22.983071069835393,22.862283664834916,24.9487540915132,24.815829076933426,6.917409795207972,16.912214747707527,2706.1073738537634,2801.1670670027247,2799.6499105424123,-0.0018820726328891155,0.1970518158222279,0.19803504025458865,24.153635450138335,24.1822847046235,0.0,0.0,0.0,0.0,False,none,0.0,0.0,nominal,0.7276592359230265,0.0,41,thermal_anomaly,3.290770054265242,0.7276592359230265,abrupt,0.0,1.1635317437360368,514219979,thermal_anomaly
2940.0,49.0,0.8166666666666667,1,595.038527595294,335.13710349045215,-259.90142410484185,100.0,100.0,30.0,30.063272529377798,-8.663380803494729,-8.601367418233062,23.000520421268742,23.023880547769295,24.962677769130142,25.03710066932318,7.004333355708877,16.75685517452261,2628.4275872613034,2714.797327132014,2716.577025086871,-0.0016744794436408194,0.19186198609102048,0.19603347460362536,24.139065390160642,24.15872283008672,0.0,0.0,0.0,0.0,False,none,0.0,0.0,nominal,0.7276592359230265,0.0,41,thermal_anomaly,3.290770054265242,0.7276592359230265,abrupt,0.0,1.1635317437360368,514219979,thermal_anomaly
3000.0,50.0,0.8333333333333334,1,593.843637420138,332.6794919243112,-261.16414549582674,100.0,100.0,30.0,29.968206441259014,-8.705471516527558,-8.711509005833772,23.01806002789448,22.907317650935468,24.976244296169533,24.95026607134502,7.06281874600581,16.633974596215563,2566.9872981077806,2640.8923126198974,2649.427372347179,-0.0013662429328623966,0.18415607332155992,0.18402609292708658,24.124506954273727,24.05110224485583,0.0,0.0,0.0,0.0,False,none,0.0,0.0,nominal,0.7276592359230265,0.0,41,thermal_anomaly,3.290770054265242,0.7276592359230265,abrupt,0.0,1.1635317437360368,514219979,thermal_anomaly
3060.0,51.0,0.85,1,592.6787404246356,330.9788696740969,-261.6998707505387,100.0,99.95516843936643,30.0,29.985217829372967,-8.723329025017957,-8.73950402184939,23.035577392868106,23.025910939850338,24.989532228767587,24.932523941060904,7.08771754229766,16.548943483704846,2524.4717418524233,2582.6820272361606,2588.9058698186072,-0.0009708345151577116,0.17427086287894278,0.17370968073752382,24.109968426400112,24.136162748387015,0.0,0.0,0.0,0.0,False,none,0.0,0.0,nominal,0.7276592359230265,0.0,41,thermal_anomaly,3.290770054265242,0.7276592359230265,abrupt,0.0,1.1635317437360368,514219979,thermal_anomaly
3120.0,52.0,0.8666666666666667,1,591.549511869854,330.1095620926345,-261.43994977721945,100.0,99.76254478315838,30.0,30.0456022694424,-8.714664992573981,-8.721643928031463,23.05294936475964,22.87784065630886,25.00262692714671,24.820363991980265,7.075630874623557,16.505478104631727,2502.7390523158633,2542.710539776012,2546.5530644530672,-0.0005055354357605888,0.16263838589401472,0.16636464563648828,24.09546195471232,23.98921589080035,0.0,0.0,0.0,0.0,False,none,0.0,0.0,nominal,0.7276592359230265,0.0,41,thermal_anomaly,3.290770054265242,0.7276592359230265,abrupt,0.0,1.1635317437360368,514219979,thermal_anomaly
3180.0,53.0,0.8833333333333333,1,590.4614532438023,330.1095620926345,-260.3518911511678,100.0,99.88227443728461,30.0,29.992329334782827,-8.678396371705594,-8.69561617650784,23.070048885526933,23.038102170375762,25.0156168679388,25.10875954362552,7.025165086754626,16.505478104631727,2502.7390523158633,2522.724796045938,2513.551664811667,9.318502806628603e-06,0.15023296257016572,0.14980658892747514,24.081004272189787,24.117637420459374,0.0,0.0,0.0,0.0,False,none,0.0,0.0,nominal,0.7276592359230265,0.0,41,thermal_anomaly,3.290770054265242,0.7276592359230265,abrupt,0.0,1.1635317437360368,514219979,thermal_anomaly
3240.0,54.0,0.9,1,589.4198654587356,330.9788696740969,-258.44099578463863,100.0,99.63094030085378,30.0,30.005854197705904,-8.614699859487954,-8.638849680524327,23.086752073192187,23.29598711079962,25.0285898199627,25.242661615657642,6.937044293524942,16.548943483704846,2524.471741852423,2523.5982689491807,2534.5445522437603,0.0005512257128852536,0.16378064282213134,0.1654606839191347,24.06668537863993,24.03448234866577,0.0,0.0,0.0,0.0,False,none,0.0,0.0,nominal,0.7276592359230265,0.0,41,thermal_anomaly,3.290770054265242,0.7276592359230265,abrupt,0.0,1.1635317437360368,514219979,thermal_anomaly
3300.0,55.0,0.9166666666666666,1,588.4298230256423,332.67949192431126,-255.75033110133108,100.0,99.95095335856216,30.0,29.998761077418308,-8.525011036711037,-8.514233428454414,23.102945110933312,23.235551029149555,25.04162905059543,24.939830616731374,6.814065054083598,16.633974596215563,2566.987298107781,2545.292783528481,2542.8994266871837,0.0010965022490355618,0.17741255622588903,0.178724520572777,24.05252510515335,24.0999845128024,0.0,0.0,0.0,0.0,False,none,0.0,0.0,nominal,0.7276592359230265,0.0,41,thermal_anomaly,3.290770054265242,0.7276592359230265,abrupt,0.0,1.1635317437360368,514219979,thermal_anomaly
3360.0,56.0,0.9333333333333333,0,0.0,335.1371034904521,335.1371034904521,99.50128407218682,99.42084952927225,29.980051362887473,29.980779139611236,11.178670090783127,11.162558477809396,23.114984150934,23.170027690573118,25.03880972853971,24.935796871419953,10.99701319988554,16.756855174522606,2628.427587261303,2586.860185394892,2589.190755830716,0.001621316910100646,0.19053292275251615,0.18735211948450067,24.03854096867853,24.164081419850778,0.0,0.0,0.0,0.0,False,none,0.0,0.0,nominal,0.7276592359230265,0.0,41,thermal_anomaly,3.290770054265242,0.7276592359230265,abrupt,0.0,1.1635317437360368,514219979,thermal_anomaly
3420.0,57.0,0.95,0,0.0,338.2442949541505,338.2442949541505,98.99794434755268,99.08432516639739,29.959917773902106,29.940350523579117,11.289893967893095,11.299418002945455,23.127617367576732,23.011371744477703,25.03632368020681,25.02878657870813,11.19693646450151,16.912214747707527,2706.1073738537634,2646.4837796243282,2644.3873835539225,0.0021027327770518148,0.20256831942629536,0.2117360984816942,24.024747352330543,23.968325073351256,0.0,0.0,0.0,0.0,False,none,0.0,0.0,nominal,0.7276592359230265,0.0,41,thermal_anomaly,3.290770054265242,0.7276592359230265,abrupt,0.0,1.1635317437360368,514219979,thermal_anomaly
3480.0,58.0,0.9666666666666667,0,0.0,341.865267138484,341.865267138484,98.48921627145373,98.89403680163163,29.93956865085815,29.974494997593112,11.41851010364123,11.440745933043305,23.140953629501126,22.91758536886641,25.034219617479003,25.18783203003905,11.430589838956548,17.0932633569242,2796.6316784620994,2721.5577290432134,2718.59033393314,0.0025197096664136814,0.21299274166034204,0.21913368711299783,24.011154813725696,23.98876048070387,0.0,0.0,0.0,0.0,False,none,0.0,0.0,nominal,0.7276592359230265,0.0,41,thermal_anomaly,3.290770054265242,0.7276592359230265,abrupt,0.0,1.1635317437360368,514219979,thermal_anomaly
3540.0,59.0,0.9833333333333333,0,0.0,345.84176618364484,345.84176618364484,97.9745707860614,98.18546581513314,29.918982831442456,29.911515985933722,11.55927553192727,11.590812283139362,23.15507240127692,23.14369120272573,25.032530037157535,25.205573315651314,11.689348065840997,17.292088309182244,2896.0441545911203,2808.8009418171673,2807.2523514547306,0.002854023687244039,0.22135059218110098,0.21853763442107935,23.997769556621925,23.99667200024113,0.0,0.0,0.0,0.0,False,none,0.0,0.0,nominal,0.7276592359230265,0.0,41,thermal_anomaly,3.290770054265242,0.7276592359230265,abrupt,0.0,1.1635317437360368,514219979,thermal_anomaly
3600.0,60.0,1.0,0,0.0,350.0,350.0,97.45373745272806,96.95437480822409,29.898149498109124,29.95499491153392,11.706410124885334,11.729013674082552,23.170019310339132,23.427236553130488,25.031269796860276,25.186032749099926,11.96320304096143,17.5,2999.9999999999995,2904.4004709085834,2906.474812297722,0.0030910637126159027,0.22727659281539755,0.2235601717333333,23.984593094723543,23.851290726167736,0.0,0.0,0.0,0.0,False,none,0.0,0.0,nominal,0.7276592359230265,0.0,41,thermal_anomaly,3.290770054265242,0.7276592359230265,abrupt,0.0,1.1635317437360368,514219979,thermal_anomaly
3660.0,61.0,1.0166666666666666,0,0.0,354.15823381635516,354.15823381635516,96.92671627145373,97.08040426404334,29.87706865085815,29.911265358142398,11.853848111909159,11.895503177323818,23.185802851826487,23.254017241054257,25.03043546186703,25.01750077886724,12.241097204816986,17.70791169081776,3103.955845408879,3004.1781581587315,3009.1357644705413,0.003220469955976316,0.2305117488994079,0.23731409124509575,23.971622127828866,23.869447079773025,0.0,0.0,0.0,0.0,False,none,0.0,0.0,nominal,0.7276592359230265,0.0,41,thermal_anomaly,3.290770054265242,0.7276592359230265,abrupt,0.0,1.1635317437360368,514219979,thermal_anomaly
3720.0,62.0,1.0333333333333334,0,0.0,358.134732861516,358.134732861516,96.39377768088599,96.51640303622527,29.85575110723544,29.886424533111462,11.9955023598359,12.034986419309469,23.20239258854615,23.051941682650455,25.030005451458244,24.880154727355794,12.511366149186292,17.9067366430758,3203.368321537899,3103.7732398483154,3109.349629407921,0.0032365867435303623,0.23091466858825904,0.23200260264958167,23.958848639988698,23.992876034617094,0.0,0.0,0.0,0.0,False,none,0.0,0.0,nominal,0.7276592359230265,0.0,41,thermal_anomaly,3.290770054265242,0.7276592359230265,abrupt,0.0,1.1635317437360368,514219979,thermal_anomaly
3780.0,63.0,1.05,0,0.0,361.7557050458495,361.7557050458495,95.85545073885348,95.93059637865701,29.83421802955414,29.85462775782726,12.125529976602365,12.11946299784924,23.2197191602718,23.35278193391463,25.029940978351163,25.017822651816935,12.762278177078606,18.087785252292473,3293.8926261462366,3198.8329329972757,3206.740626809627,0.0031387096943250254,0.22846774235812561,0.23557502664829216,23.946260217674297,23.988600553725902,0.0,0.0,0.0,0.0,False,none,0.0,0.0,nominal,0.7276592359230265,0.0,41,thermal_anomaly,3.290770054265242,0.7276592359230265,abrupt,0.0,1.1635317437360368,514219979,thermal_anomaly
3840.0,64.0,1.0666666666666667,0,0.0,364.86289650954785,364.86289650954785,95.31249999999997,95.14317055515504,29.8125,29.844045250890286,12.238587723590703,12.236187653254683,23.237676319834975,23.225787139121127,25.030187740175307,24.93834177872894,12.982642357442005,18.243144825477394,3371.5724127386966,3285.202672867986,3296.1891750617997,0.0029311165050767297,0.22327791262691823,0.21442278324965436,23.933840573975722,23.881868575114712,0.0,0.0,0.0,0.0,False,none,0.0,0.0,nominal,0.7276592359230265,0.0,41,thermal_anomaly,3.290770054265242,0.7276592359230265,abrupt,0.0,1.1635317437360368,514219979,thermal_anomaly
3900.0,65.0,1.0833333333333333,0,0.0,367.3205080756888,367.3205080756888,94.76589210107781,94.65262733178878,29.790635684043114,29.789952914093575,12.330066131231911,12.302491341602835,23.256125070129446,23.336697566991823,25.030678289061473,25.2269261754719,13.162442464044181,18.36602540378444,3433.0127018922194,3359.107687380103,3352.3378731366656,0.0026228799942983206,0.215571999857458,0.21899963367310038,23.92157025349694,23.909134448666254,0.0,0.0,0.0,0.0,False,none,0.0,0.0,nominal,0.7276592359230265,0.0,41,thermal_anomaly,3.290770054265242,0.7276592359230265,abrupt,0.0,1.1635317437360368,514219979,thermal_anomaly
3960.0,66.0,1.1,0,0.0,369.0211303259031,369.0211303259031,94.21675351428333,94.29836979700642,29.768670140571334,29.76909539899264,12.396292094451642,12.384796433571744,23.27489980175959,23.439185281446235,25.031334975781572,24.960988092515695,13.293444615277142,18.451056516295154,3475.5282581475767,3417.31797276384,3418.4491484480636,0.0022274715765936287,0.2056867894148407,0.2067594980955822,23.909427482785624,23.9872236565343,0.0,0.0,0.0,0.0,False,none,0.0,0.0,nominal,0.7276592359230265,0.0,41,thermal_anomaly,3.290770054265242,0.7276592359230265,abrupt,0.0,1.1635317437360368,514219979,thermal_anomaly
4020.0,67.0,1.1166666666666667,0,0.0,369.8904379073655,369.8904379073655,93.6663213150164,93.21470543008638,29.746652852600654,29.741802867475407,12.434691047097997,12.460577391097932,23.293816147332176,23.131876675664625,25.032073339766058,25.09998535243815,13.369723314942329,18.494521895368276,3497.2609476841367,3457.2894602239876,3460.003673006676,0.001762172497196506,0.19405431242991264,0.19642859997370296,23.897389123596383,23.877923893984985,0.0,0.0,0.0,0.0,False,none,0.0,0.0,nominal,0.7276592359230265,0.0,41,thermal_anomaly,3.290770054265242,0.7276592359230265,abrupt,0.0,1.1635317437360368,514219979,thermal_anomaly
4080.0,68.0,1.1333333333333333,0,0.0,369.8904379073655,369.8904379073655,93.11588911574948,93.1472252779157,29.724635564629978,29.722977664721224,12.443901527509611,12.434522922510546,23.312680099841877,23.41510994334791,25.032805796838666,24.854482456368228,13.388054818108483,18.494521895368276,3497.2609476841367,3477.2752039540624,3480.5117484436764,0.0012473185586292885,0.18118296396573222,0.17187042289598353,23.885431681569983,23.88000402038369,0.0,0.0,0.0,0.0,False,none,0.0,0.0,nominal,0.7276592359230265,0.0,41,thermal_anomaly,3.290770054265242,0.7276592359230265,abrupt,0.0,1.1635317437360368,514219979,thermal_anomaly
4140.0,69.0,1.15,0,0.0,369.0211303259031,369.0211303259031,92.56675052895498,92.47549288452183,29.702670021158198,29.652709173909564,12.42383698378082,12.425003073453405,23.33129781268271,23.28878448569839,25.033445463496548,24.97080715530702,13.348138031964808,18.451056516295154,3475.5282581475767,3476.4017310508193,3479.723256436282,0.0007054113485506565,0.1676352837137664,0.16589433113709148,23.873532321261713,23.887763096175643,0.0,0.0,0.0,0.0,False,none,0.0,0.0,nominal,0.7276592359230265,0.0,41,thermal_anomaly,3.290770054265242,0.7276592359230265,abrupt,0.0,1.1635317437360368,514219979,thermal_anomaly
4200.0,70.0,1.1666666666666667,0,0.0,367.3205080756888,367.3205080756888,92.02014263003282,92.22844596674318,29.680805705201312,29.658849823805063,12.375691944619918,12.348848199676972,23.349485426102113,23.379032683624086,25.033909950596144,25.143640087232054,13.252620088650426,18.36602540378444,3433.0127018922194,3454.7072164715196,3455.4565783121216,0.00016013481240036284,0.15400337031000907,0.15135048575777268,23.861669839808748,23.983740582253986,0.0,0.0,0.0,0.0,False,none,0.0,0.0,nominal,0.7276592359230265,0.0,41,thermal_anomaly,3.290770054265242,0.7276592359230265,abrupt,0.0,1.1635317437360368,514219979,thermal_anomaly
4260.0,71.0,1.1833333333333333,0,0.0,364.8628965095479,364.8628965095479,91.47719189117932,91.48943079524551,29.65908767564717,29.6212957139348,12.301892104696591,12.311298829196463,23.367078260040326,23.693139343035824,25.03412496064233,24.89694200466262,13.106923948447706,18.243144825477398,3371.5724127386975,3413.1398146051083,3420.367755573505,-0.00036467984866472153,0.15911699621661804,0.15411174572726274,23.84987478732624,23.7238417621527,0.0,0.0,0.0,0.0,False,none,0.0,0.0,nominal,0.7276592359230265,0.0,41,thermal_anomaly,3.290770054265242,0.7276592359230265,abrupt,0.0,1.1635317437360368,514219979,thermal_anomaly
4320.0,72.0,1.2,0,0.0,361.7557050458495,361.7557050458495,90.9388649491468,90.97164770705731,29.637554597965874,29.63549801340847,12.205990337363327,12.22928793836366,23.383938777177633,23.418020231267246,25.034027531461778,25.10809526513998,12.918896009264552,18.087785252292473,3293.8926261462366,3353.516220375672,3345.461476235987,-0.0008460957156159048,0.1711523928903976,0.1852170210417606,23.838147159474104,23.835531704042666,0.0,0.0,0.0,0.0,False,none,0.0,0.0,nominal,0.7276592359230265,0.0,41,thermal_anomaly,3.290770054265242,0.7276592359230265,abrupt,0.0,1.1635317437360368,514219979,thermal_anomaly
4380.0,73.0,1.2166666666666666,0,0.0,358.134732861516,358.134732861516,90.40592635857907,90.02869867409574,29.616237054343163,29.595981026258166,12.092513042908543,12.097121799054566,23.39996284363268,23.49330109718175,25.033568784496236,24.97525597758692,12.698309735433059,17.9067366430758,3203.3683215379006,3278.4422709567866,3270.652294480453,-0.001263072604977771,0.18157681512444426,0.18618730537102404,23.826466278432534,23.96718808378573,0.0,0.0,0.0,0.0,False,none,0.0,0.0,nominal,0.7276592359230265,0.0,41,thermal_anomaly,3.290770054265242,0.7276592359230265,abrupt,0.0,1.1635317437360368,514219979,thermal_anomaly
4440.0,74.0,1.2333333333333334,0,0.0,354.15823381635516,354.15823381635516,89.87890517730473,90.34691463402788,29.595156207092188,29.668966917992087,11.966763457443236,11.96151605040848,23.41508398060992,23.356541391100134,25.032716057601903,25.028809425715203,12.456274211711902,17.70791169081776,3103.9558454088797,3191.199058182833,3188.702023338958,-0.0015973866258081216,0.18993466564520303,0.19225147471301435,23.81481341458936,23.91408856603775,0.0,0.0,0.0,0.0,False,none,0.0,0.0,nominal,0.7276592359230265,0.0,41,thermal_anomaly,3.290770054265242,0.7276592359230265,abrupt,0.0,1.1635317437360368,514219979,thermal_anomaly
4500.0,75.0,1.25,0,0.0,350.0,350.0,89.3580718439714,89.21326450295608,29.574322873758856,29.59920877895212,11.834590482223794,11.821114983635539,23.429275485228114,23.407201422243592,25.031454329141088,24.94671491779597,12.20460255055536,17.5,3000.0000000000005,3095.599529091417,3096.025598698567,-0.0018344266511799855,0.19586066627949963,0.19936534940267134,23.80317254337472,23.820621516246035,0.0,0.0,0.0,0.0,False,none,0.0,0.0,nominal,0.7276592359230265,0.0,41,thermal_anomaly,3.290770054265242,0.7276592359230265,abrupt,0.0,1.1635317437360368,514219979,thermal_anomaly
4560.0,76.0,1.2666666666666666,0,0.0,345.8417661836448,345.8417661836448,88.84342635857907,88.60776180067394,29.553737054343163,29.52538597908217,11.702133153168205,11.750791529013664,23.442550477739275,23.420792858317178,25.029786871126323,24.953771780667896,11.955193626758275,17.29208830918224,2896.04415459112,2995.8218418412685,2987.9491259041197,-0.0019638328945404205,0.1990958223635105,0.19372644592498803,23.791530991212568,23.636325768076322,0.0,0.0,0.0,0.0,False,none,0.0,0.0,nominal,0.7276592359230265,0.0,41,thermal_anomaly,3.290770054265242,0.7276592359230265,abrupt,0.0,1.1635317437360368,514219979,thermal_anomaly
4620.0,77.0,1.2833333333333334,0,0.0,341.865267138484,341.865267138484,88.33469828248013,88.9076607924673,29.533387931299206,29.54002553887871,11.575551979804471,11.449712701693306,23.454960082509412,23.40348523816431,25.027735102871162,24.85548181408721,11.719472290972417,17.0932633569242,2796.631678462101,2896.226760151685,2894.806700161049,-0.001979949682094438,0.19949874205236096,0.19956086525126737,23.779879946612933,23.599111321645317,0.0,0.0,0.0,0.0,False,none,0.0,0.0,nominal,0.7276592359230265,0.0,41,thermal_anomaly,3.290770054265242,0.7276592359230265,abrupt,0.0,1.1635317437360368,514219979,thermal_anomaly
4680.0,78.0,1.3,0,0.0,338.2442949541506,338.2442949541506,87.83135855784599,87.36635563722157,29.51325434231384,29.506945978866774,11.46075898750352,11.434471358940105,23.466590054432928,23.401961624094817,25.02533765154361,24.91999193348298,11.507919725571414,16.91221474770753,2706.107373853764,2801.1670670027247,2808.7098798220845,-0.0018820726328891081,0.1970518158222277,0.19328219698629037,23.768214816356704,23.816184161166902,0.0,0.0,0.0,0.0,False,none,0.0,0.0,nominal,0.7276592359230265,0.0,41,thermal_anomaly,3.290770054265242,0.7276592359230265,abrupt,0.0,1.1635317437360368,514219979,thermal_anomaly
4740.0,79.0,1.3166666666666667,0,0.0,335.1371034904521,335.1371034904521,87.33264263003281,87.34262240477301,29.493305705201312,29.527441418828804,11.363158366861153,11.348704444101482,23.477556212258428,23.657216402679623,25.022648660680304,25.002347934015216,11.32970944562933,16.756855174522606,2628.4275872613025,2714.7973271320134,2709.039429480736,-0.0016744794436408268,0.19186198609102068,0.1807777243891056,23.756535411132372,23.90855692212488,0.0,0.0,0.0,0.0,False,none,0.0,0.0,nominal,0.7276592359230265,0.0,41,thermal_anomaly,3.290770054265242,0.7276592359230265,abrupt,0.0,1.1635317437360368,514219979,thermal_anomaly
4800.0,80.0,1.3333333333333333,0,0.0,332.67949192431126,332.67949192431126,86.8375838622883,86.86015349587502,29.473503354491534,29.484657208097815,11.287409166227043,11.292529219041443,23.487999036501098,23.458986050012747,25.019735420587292,24.868231282822666,11.192448454866103,16.633974596215563,2566.987298107781,2640.8923126198974,2636.664694427569,-0.0013662429328623821,0.18415607332155953,0.19138040317996197,23.74484595008817,23.736127970747965,0.0,0.0,0.0,0.0,False,none,0.0,0.0,nominal,0.7276592359230265,0.0,41,thermal_anomaly,3.290770054265242,0.7276592359230265,abrupt,0.0,1.1635317437360368,514219979,thermal_anomaly
4860.0,81.0,1.35,0,0.0,330.9788696740969,330.9788696740969,86.34505578241614,86.88179516728903,29.453802231296645,29.484036031820807,11.237220480906524,11.268997169068367,23.498077742051827,23.59720754675479,25.01667542419,25.261598022832157,11.102009930920405,16.548943483704846,2524.4717418524233,2582.6820272361606,2580.208062769077,-0.0009708345151577116,0.17427086287894278,0.17569690422194045,23.733154879745946,23.59504463217756,0.0,0.0,0.0,0.0,False,none,0.0,0.0,nominal,0.7276592359230265,0.0,41,thermal_anomaly,3.290770054265242,0.7276592359230265,abrupt,0.0,1.1635317437360368,514219979,thermal_anomaly
4920.0,82.0,1.3666666666666667,0,0.0,330.1095620926345,330.1095620926345,85.85382131501638,85.94380772832682,29.434152852600654,29.428564985695875,11.215188143709993,11.211686709795096,23.5079640609592,23.572867228822023,25.013552977005745,24.918895180431438,11.062435607905055,16.505478104631727,2502.7390523158633,2542.710539776012,2543.8713245611616,-0.0005055354357605888,0.16263838589401472,0.1603299192982128,23.721474509658062,23.67937549815024,0.0,0.0,0.0,0.0,False,none,0.0,0.0,nominal,0.7276592359230265,0.0,41,thermal_anomaly,3.290770054265242,0.7276592359230265,abrupt,0.0,1.1635317437360368,514219979,thermal_anomaly
4980.0,83.0,1.3833333333333333,0,0.0,330.1095620926345,330.1095620926345,85.36258684761663,85.08850934009645,29.414503473904666,29.458336793103175,11.222680076360769,11.18766834323176,23.517835889419135,23.252095410644447,25.010455509398962,24.99249030220676,11.075883847707596,16.505478104631727,2502.7390523158633,2522.724796045938,2527.9229184718683,9.318502806628603e-06,0.15023296257016572,0.15338951617340368,23.709821732973435,23.60985227024983,0.0,0.0,0.0,0.0,False,none,0.0,0.0,nominal,0.7276592359230265,0.0,41,thermal_anomaly,3.290770054265242,0.7276592359230265,abrupt,0.0,1.1635317437360368,514219979,thermal_anomaly
5040.0,84.0,1.4,0,0.0,330.9788696740969,330.9788696740969,84.87005876774447,84.8203140940453,29.394802350709778,29.373575592547965,11.259775307388825,11.278545920037805,23.527870884742057,23.551366802473385,25.00746975229118,24.901054538090698,11.142603197830649,16.548943483704846,2524.4717418524233,2523.5982689491807,2520.1227424043987,0.0005512257128852607,0.1637806428221315,0.16564283254805157,23.698286708467702,23.712511509402695,0.0,0.0,0.0,0.0,False,none,0.0,0.0,nominal,0.7276592359230265,0.0,41,thermal_anomaly,3.290770054265242,0.7276592359230265,abrupt,0.0,1.1635317437360368,514219979,thermal_anomaly
5100.0,85.0,1.4166666666666667,0,0.0,332.6794919243112,332.6794919243112,84.37499999999994,84.61675839480893,29.374999999999996,29.333689914373934,11.325259299551021,11.301292405556504,23.538240058954155,23.50287575978626,25.004677943465282,25.09838404802128,11.260919856165351,16.633974596215563,2566.9872981077806,2545.292783528481,2549.4975874142615,0.0010965022490355544,0.17741255622588886,0.18393951201016712,23.686889425007415,23.67266127456436,0.0,0.0,0.0,0.0,False,none,0.0,0.0,nominal,0.7276592359230265,0.0,41,thermal_anomaly,3.290770054265242,0.7276592359230265,abrupt,0.0,1.1635317437360368,514219979,thermal_anomaly
5160.0,86.0,1.4333333333333333,0,0.0,335.1371034904521,335.1371034904521,83.87628407218678,83.87275193226189,29.355051362887473,29.349575158853987,11.416675765526126,11.41709954806537,23.549101414743138,23.702382370640116,25.002154230266605,24.977853961145936,11.427238842812123,16.756855174522606,2628.4275872613025,2586.860185394892,2594.235722725775,0.0016213169101006388,0.19053292275251596,0.18842615416202405,23.67564755613369,23.717450684167808,0.0,0.0,0.0,0.0,False,none,0.0,0.0,nominal,0.7276592359230265,0.0,41,thermal_anomaly,3.290770054265242,0.7276592359230265,abrupt,0.0,1.1635317437360368,514219979,thermal_anomaly
5220.0,87.0,1.45,0,0.0,338.2442949541505,338.2442949541505,83.37294434755262,83.78034921210984,29.334917773902106,29.408653408555843,11.530432693255085,11.544958406311958,23.56059370707966,23.558766981605352,24.99996142591989,24.804147838415965,11.636070247494857,16.912214747707527,2706.107373853763,2646.483779624328,2641.1152631652844,0.002102732777051808,0.2025683194262952,0.20054547747969526,23.66457564037979,23.66742389706115,0.0,0.0,0.0,0.0,False,none,0.0,0.0,nominal,0.7276592359230265,0.0,41,thermal_anomaly,3.290770054265242,0.7276592359230265,abrupt,0.0,1.1635317437360368,514219979,thermal_anomaly
5280.0,88.0,1.4666666666666666,0,0.0,341.86526713848394,341.86526713848394,82.86421627145369,82.8507791141756,29.31456865085815,29.261522296991657,11.66195795715644,11.652910977213736,23.57283048174238,23.736716057122848,24.998148261226376,24.9784472106002,11.880101071558753,17.093263356924197,2796.6316784620985,2721.557729043213,2717.552049538634,0.0025197096664136814,0.21299274166034204,0.2057388686799676,23.653684389614575,23.521604673560926,0.0,0.0,0.0,0.0,False,none,0.0,0.0,nominal,0.7276592359230265,0.0,41,thermal_anomaly,3.290770054265242,0.7276592359230265,abrupt,0.0,1.1635317437360368,514219979,thermal_anomaly
5340.0,89.0,1.4833333333333334,0,0.0,345.8417661836448,345.8417661836448,82.34957078606136,82.03229286187832,29.293982831442456,29.30800255643678,11.80589775632825,11.781579995651386,23.585894624674026,23.365907162472034,24.99674725175493,25.07663488437195,12.150337746630113,17.29208830918224,2896.0441545911194,2808.800941817166,2814.9365028363936,0.002854023687244032,0.22135059218110079,0.22936067478002017,23.64298016069164,23.59671417994349,0.0,0.0,0.0,0.0,False,none,0.0,0.0,nominal,0.7276592359230265,0.0,41,thermal_anomaly,3.290770054265242,0.7276592359230265,abrupt,0.0,1.1635317437360368,514219979,thermal_anomaly
5400.0,90.0,1.5,1,600.0,350.0,-250.0,82.72159459558517,82.61604151997986,29.308863783823405,29.295407089380326,-8.529842775344427,-8.506941443096945,23.599114781665207,23.38490614785159,25.01177327374089,25.04340227305751,6.820657421767642,17.5,2999.9999999999995,2904.400470908583,2898.818340882251,0.003091063712615916,0.22727659281539792,0.23363792668519154,23.632464619262734,23.589446148880032,0.0,0.0,0.0,0.0,False,none,0.0,0.0,nominal,0.7276592359230265,0.0,41,thermal_anomaly,3.290770054265242,0.7276592359230265,abrupt,0.0,1.1635317437360368,514219979,thermal_anomaly
5460.0,91.0,1.5166666666666666,1,601.2556165273943,354.1582338163552,-247.09738271103907,83.08929903414327,83.56589994455919,29.32357196136573,29.346533911123853,-8.426578557230128,-8.393472042710004,23.611788686623527,23.70091919247708,25.027094910932597,25.018701237233863,6.680578094493646,17.707911690817763,3103.9558454088797,3004.1781581587315,3009.6470945455194,0.0032204699559763308,0.23051174889940826,0.23388346651451877,23.622134615934012,23.59562107439466,0.0,0.0,0.0,0.0,False,none,0.0,0.0,nominal,0.7276592359230265,0.0,41,thermal_anomaly,3.290770054265242,0.7276592359230265,abrupt,0.0,1.1635317437360368,514219979,thermal_anomaly
5520.0,92.0,1.5333333333333334,1,602.5051158172811,358.13473286151606,-244.37038295576502,83.45294543735125,83.33628971427886,29.33811781749405,29.32359444418248,-8.32944991481523,-8.339881484733533,23.623952550739364,23.6987929915436,25.042691624931287,25.138025508883228,6.550378870673236,17.906736643075803,3203.368321537901,3103.7732398483167,3106.934713434102,0.0032365867435303836,0.2309146685882596,0.24155286500428566,23.611982284433054,23.600619528910933,0.0,0.0,0.0,0.0,False,none,0.0,0.0,nominal,0.7276592359230265,0.0,41,thermal_anomaly,3.290770054265242,0.7276592359230265,abrupt,0.0,1.1635317437360368,514219979,thermal_anomaly
5580.0,93.0,1.55,1,603.7424104347197,361.7557050458494,-241.98670538887023,83.81304470132278,83.75624123112146,29.35252178805291,29.386962419933845,-8.244153846003238,-8.273901751290584,23.63566645480468,23.895297171811404,25.05852566243642,25.251349108845325,6.437285810925598,18.087785252292473,3293.892626146236,3198.8329329972757,3200.654664480822,0.0031387096943250046,0.22846774235812511,0.22795693063667521,23.60199535978532,23.53939324235955,0.0,0.0,0.0,0.0,False,none,0.0,0.0,nominal,0.7276592359230265,0.0,41,thermal_anomaly,3.290770054265242,0.7276592359230265,abrupt,0.0,1.1635317437360368,514219979,thermal_anomaly
5640.0,94.0,1.5666666666666667,1,604.961472404706,364.8628965095479,-240.0985758951581,84.1703342487858,84.01517674276718,29.366813369951434,29.3426667465893,-8.175847098917126,-8.162418034434078,23.64701098295182,23.685101801220004,25.07454374678788,25.07071379006288,6.3475580627897275,18.243144825477398,3371.572412738697,3285.202672867987,3282.932159504974,0.002931116505076744,0.2232779126269186,0.22112181875331063,23.59215770252091,23.56017966414438,0.0,0.0,0.0,0.0,False,none,0.0,0.0,nominal,0.7276592359230265,0.0,41,thermal_anomaly,3.290770054265242,0.7276592359230265,abrupt,0.0,1.1635317437360368,514219979,thermal_anomaly
5700.0,95.0,1.5833333333333333,1,606.1563625798619,367.32050807568874,-238.8358545041732,84.52574474655987,84.40674252421934,29.381029789862396,29.436395342592082,-8.128913663420365,-8.156559842762311,23.65808338034673,23.77959582979958,25.09067944762115,25.225390583893816,6.286338987787384,18.366025403784437,3433.012701892219,3359.107687380103,3358.8641560277456,0.0026228799942982993,0.21557199985745748,0.20347935485049065,23.582450003578042,23.419638426092124,0.0,0.0,0.0,0.0,False,none,0.0,0.0,nominal,0.7276592359230265,0.0,41,thermal_anomaly,3.290770054265242,0.7276592359230265,abrupt,0.0,1.1635317437360368,514219979,thermal_anomaly
5760.0,96.0,1.6,1,607.3212595753644,369.0211303259031,-238.3001292494613,84.88035803413348,84.93279095375398,29.395214321365337,29.403804886430738,-8.106766177794373,-8.068738420036048,23.668993455494366,23.75625018152088,25.10685612507277,25.118386072865295,6.257572628914463,18.451056516295154,3475.5282581475767,3417.31797276384,3421.21898763625,0.0022274715765936287,0.2056867894148407,0.20491930137346134,23.572850634741116,23.64871262399511,0.0,0.0,0.0,0.0,False,none,0.0,0.0,nominal,0.7276592359230265,0.0,41,thermal_anomaly,3.290770054265242,0.7276592359230265,abrupt,0.0,1.1635317437360368,514219979,thermal_anomaly
5820.0,97.0,1.6166666666666667,1,608.450488130146,369.8904379073655,-238.56005022278055,85.23535810886975,85.61104805914528,29.409414324354792,29.380491544696,-8.111689936824822,-8.123445308276105,23.67985936506305,23.641233901658065,25.122990319862925,25.34652279662603,6.263961090494807,18.494521895368276,3497.260947684136,3457.2894602239876,3460.644755438635,0.001762172497196499,0.19405431242991247,0.19488587198570728,23.56333660191221,23.687381583974545,0.0,0.0,0.0,0.0,False,none,0.0,0.0,nominal,0.7276592359230265,0.0,41,thermal_anomaly,3.290770054265242,0.7276592359230265,abrupt,0.0,1.1635317437360368,514219979,thermal_anomaly
5880.0,98.0,1.6333333333333333,1,609.5385467561977,369.8904379073655,-239.64810884883218,85.59197731846623,85.3969696322784,29.42367909273865,29.389836824382407,-8.1447363565073,-8.103941717309743,23.690803336957206,23.588075838657474,25.138995441094757,25.208114432093243,6.306938425360945,18.494521895368276,3497.2609476841367,3477.2752039540624,3472.514143247966,0.0012473185586292885,0.18118296396573222,0.17843521166513043,23.55388455379844,23.64422096165164,0.0,0.0,0.0,0.0,False,none,0.0,0.0,nominal,0.7276592359230265,0.0,41,thermal_anomaly,3.290770054265242,0.7276592359230265,abrupt,0.0,1.1635317437360368,514219979,thermal_anomaly
5940.0,99.0,1.65,1,610.5801345412646,369.0211303259031,-241.55900421536148,85.95144012235814,85.81389646044491,29.438057604894325,29.455707560457732,-8.205670613783983,-8.23725493139528,23.70194732499464,23.717725372446207,25.15478559059859,25.202066690362532,6.386642417753441,18.451056516295154,3475.5282581475763,3476.4017310508193,3479.008936704809,0.0007054113485506565,0.1676352837137664,0.16842136291920776,23.544471796948457,23.548924004730864,0.0,0.0,0.0,0.0,False,none,0.0,0.0,nominal,0.7276592359230265,0.0,41,thermal_anomaly,3.290770054265242,0.7276592359230265,abrupt,0.0,1.1635317437360368,514219979,thermal_anomaly
6000.0,100.0,1.6666666666666667,1,611.5701769743577,367.3205080756888,-244.24966889866886,86.3149068915526,86.25955570209469,29.452596275662103,29.45294189010936,-8.29297582503796,-8.320791191547766,23.713408560520584,23.551095523109183,25.17027935668137,25.263626983471585,6.5018758427731225,18.36602540378444,3433.0127018922194,3454.7072164715196,3464.6485480290817,0.00016013481240036284,0.15400337031000907,0.14891673100687508,23.53507726942784,23.481559346208066,0.0,0.0,0.0,0.0,False,none,0.0,0.0,nominal,0.7276592359230265,0.0,41,thermal_anomaly,3.290770054265242,0.7276592359230265,abrupt,0.0,1.1635317437360368,514219979,thermal_anomaly
6060.0,101.0,1.6833333333333333,1,612.503850668262,364.86289650954785,-247.64095415871412,86.68342021619354,86.84479800759027,29.46733680864774,29.47027775505069,-8.403913654186736,-8.40771839252043,23.725294979746,23.715358305052266,25.185403411478873,25.120545821843045,6.650061176562101,18.243144825477394,3371.5724127386966,3413.1398146051083,3407.8932293517882,-0.00036467984866473584,0.1591169962166184,0.15685064696432113,23.52573166122319,23.49743962273616,0.0,0.0,0.0,0.0,False,none,0.0,0.0,nominal,0.7276592359230265,0.0,41,thermal_anomaly,3.290770054265242,0.7276592359230265,abrupt,0.0,1.1635317437360368,514219979,thermal_anomaly
6120.0,102.0,1.7,1,613.376606858593,361.7557050458495,-251.62090181274357,87.0578560819863,86.5543051860079,29.482314243279454,29.464108296602443,-8.534638757881803,-8.567322963000406,23.737700558861533,23.812517401421122,25.200095754691628,25.289961041392125,6.827204698203059,18.087785252292473,3293.892626146237,3353.516220375672,3367.8601830909347,-0.0008460957156158976,0.17115239289039744,0.1716757727559193,23.51643510681683,23.648166774921968,0.0,0.0,0.0,0.0,False,none,0.0,0.0,nominal,0.7276592359230265,0.0,41,thermal_anomaly,3.290770054265242,0.7276592359230265,abrupt,0.0,1.1635317437360368,514219979,thermal_anomaly
6180.0,103.0,1.7166666666666666,1,614.184193564921,358.134732861516,-256.049460703405,87.4388820651759,87.6058165257631,29.497555282607035,29.49870606382891,-8.680362092731874,-8.709282464207925,23.75070067179128,23.656241347806237,25.214308461940245,25.232650148037212,7.027894884874919,17.9067366430758,3203.3683215379,3278.4422709567857,3280.748767260758,-0.001263072604977778,0.18157681512444446,0.18312199276869015,23.507167066170187,23.61759877502123,0.0,0.0,0.0,0.0,False,none,0.0,0.0,nominal,0.7276592359230265,0.0,41,thermal_anomaly,3.290770054265242,0.7276592359230265,abrupt,0.0,1.1635317437360368,514219979,thermal_anomaly
6240.0,104.0,1.7333333333333334,1,614.9226763059908,354.1582338163552,-260.76444248963554,87.82692439030927,87.94426501110884,29.51307697561237,29.501709673388408,-8.835555936953433,-8.839796010126783,23.764347680751207,23.97083464022532,25.228009817626358,25.2177472358627,7.245363897202646,17.707911690817763,3103.9558454088806,3191.199058182833,3190.808310446962,-0.0015973866258081003,0.1899346656452025,0.18629046947534864,23.497908946418978,23.468191676417238,0.0,0.0,0.0,0.0,False,none,0.0,0.0,nominal,0.7276592359230265,0.0,41,thermal_anomaly,3.290770054265242,0.7276592359230265,abrupt,0.0,1.1635317437360368,514219979,thermal_anomaly
6300.0,105.0,1.75,1,615.5884572681198,350.0,-265.5884572681198,88.22214530886303,88.29582840233505,29.52888581235452,29.523162859664506,-8.994191618195119,-8.97299795351159,23.778667056763982,23.954874471179178,25.241185739085346,25.251469003881226,7.471638629184906,17.5,3000.0000000000005,3095.599529091417,3087.3396178651524,-0.0018344266511799855,0.19586066627949963,0.20339762459341068,23.48864485871562,23.48743929191807,0.0,0.0,0.0,0.0,False,none,0.0,0.0,nominal,0.7276592359230265,0.0,41,thermal_anomaly,3.290770054265242,0.7276592359230265,abrupt,0.0,1.1635317437360368,514219979,thermal_anomaly
6360.0,106.0,1.7666666666666666,1,616.178292833385,345.8417661836449,-270.33652664974005,88.62443180685372,88.82765241448618,29.54497727227415,29.577838896382108,-9.149999479046192,-9.040757140874161,23.793654385214477,23.76719836288333,25.253840429791026,25.122696859873898,7.697799237323648,17.292088309182244,2896.0441545911217,2995.82184184127,2992.2354229261746,-0.0019638328945403845,0.1990958223635096,0.2075890894922392,23.479362264188413,23.617162083309356,0.0,0.0,0.0,0.0,False,none,0.0,0.0,nominal,0.7276592359230265,0.0,41,thermal_anomaly,3.290770054265242,0.7276592359230265,abrupt,0.0,1.1635317437360368,514219979,thermal_anomaly
6420.0,107.0,1.7833333333333334,1,616.6893093822022,341.86526713848406,-274.8240422437181,89.03339615543068,89.03556453969749,29.561335846217226,29.68125769695971,-9.296739622099507,-9.368915116079256,23.80927362359682,23.897969770622996,25.265996233066545,25.196294520557267,7.9143494080891905,17.093263356924204,2796.631678462101,2896.226760151685,2899.955747370873,-0.0019799496820944516,0.1994987420523613,0.20538817224477549,23.47005248504146,23.410819039600863,0.0,0.0,0.0,0.0,False,none,0.0,0.0,nominal,0.7276592359230265,0.0,41,thermal_anomaly,3.290770054265242,0.7276592359230265,abrupt,0.0,1.1635317437360368,514219979,thermal_anomaly
6480.0,108.0,1.8,1,617.1190172933127,338.24429495415063,-278.8747223391621,89.44838830176872,89.23876411191256,29.57793553207075,29.57766050223583,-9.428471504942728,-9.423728859959601,23.82545693516711,23.952862638656008,25.27769269269743,25.28181963393308,8.111685993561359,16.912214747707534,2706.1073738537652,2801.167067002725,2795.3866700058757,-0.0018820726328890943,0.19705181582222736,0.19792053246892397,23.460711060747016,23.48119033848114,0.0,0.0,0.0,0.0,False,none,0.0,0.0,nominal,0.7276592359230265,0.0,41,thermal_anomaly,3.290770054265242,0.7276592359230265,abrupt,0.0,1.1635317437360368,514219979,thermal_anomaly
6540.0,109.0,1.8166666666666667,1,617.465323072968,335.1371034904521,-282.3282195825159,89.86851958090936,89.80164872536477,29.594740783236375,29.615645458511064,-9.539810524119803,-9.476731133250059,23.842106322845737,23.92808121867531,25.288984861504893,25.335151547599324,8.280638786888556,16.756855174522606,2628.427587261303,2714.7973271320143,2713.4924314576833,-0.0016744794436408268,0.19186198609102068,0.18447033641977148,23.451337933689757,23.394455465900002,0.0,0.0,0.0,0.0,False,none,0.0,0.0,nominal,0.7276592359230265,0.0,41,thermal_anomaly,3.290770054265242,0.7276592359230265,abrupt,0.0,1.1635317437360368,514219979,thermal_anomaly
6600.0,110.0,1.8333333333333333,1,617.7265395542198,332.6794919243112,-285.0470476299086,90.29269673512054,90.0783807770005,29.61170786940482,29.681084800670522,-9.626160331144652,-9.63876029767235,23.859097141634237,23.733567666330227,25.299940931805285,25.30123722252529,8.413037017672233,16.633974596215563,2566.98729810778,2640.8923126198974,2640.560878465814,-0.0013662429328624107,0.18415607332156025,0.18555093330866418,23.441937453726375,23.537179838964825,0.0,0.0,0.0,0.0,False,none,0.0,0.0,nominal,0.7276592359230265,0.0,41,thermal_anomaly,3.290770054265242,0.7276592359230265,abrupt,0.0,1.1635317437360368,514219979,thermal_anomaly
6660.0,111.0,1.85,1,617.9013941166289,330.9788696740969,-286.922524442532,90.71966477744574,90.56165030884719,29.62878659109783,29.631787615209138,-9.683910731894091,-9.696340788812503,23.876283392667975,23.718856085315267,25.310639291318253,25.325765298540592,8.502250165063485,16.548943483704846,2524.4717418524233,2582.6820272361606,2581.387058861565,-0.0009708345151577116,0.17427086287894278,0.17743884785691977,23.432518197106866,23.472152769846456,0.0,0.0,0.0,0.0,False,none,0.0,0.0,nominal,0.7276592359230265,0.0,41,thermal_anomaly,3.290770054265242,0.7276592359230265,abrupt,0.0,1.1635317437360368,514219979,thermal_anomaly
6720.0,112.0,1.8666666666666667,1,617.9890348863438,330.1095620926345,-287.8794727937093,91.14805685005543,91.1512976141849,29.645922274002217,29.596369507284265,-9.710592577724025,-9.69322858790633,23.893504521168115,23.868369516970294,25.32116513319697,25.377765220217537,8.543648656843914,16.505478104631727,2502.7390523158633,2542.710539776012,2543.9736229825235,-0.0005055354357605888,0.16263838589401472,0.16400881305557508,23.423092602138773,23.55301946108024,0.0,0.0,0.0,0.0,False,none,0.0,0.0,nominal,0.7276592359230265,0.0,41,thermal_anomaly,3.290770054265242,0.7276592359230265,abrupt,0.0,1.1635317437360368,514219979,thermal_anomaly
6780.0,113.0,1.8833333333333333,1,617.9890348863438,330.1095620926345,-287.8794727937093,91.57644892266512,91.25086915382236,29.663057956906606,29.64630870957483,-9.704982986310108,-9.7841996928965,23.91059327931166,23.83544382694972,25.33160676834066,25.69606684722233,8.534935581165493,16.505478104631727,2502.7390523158633,2522.724796045938,2524.923880939926,9.318502806628603e-06,0.15023296257016572,0.1522854967252574,23.41367768976054,23.399485360891145,0.0,0.0,0.0,0.0,False,none,0.0,0.0,nominal,0.7276592359230265,0.0,41,thermal_anomaly,3.290770054265242,0.7276592359230265,abrupt,0.0,1.1635317437360368,514219979,thermal_anomaly
6840.0,114.0,1.9,1,617.9013941166289,330.9788696740969,-286.922524442532,92.00341696499031,91.97603734862743,29.680136678599613,29.643132065925204,-9.667156440334484,-9.706815463559545,23.92738409660696,24.116442086237456,25.342051801161343,25.45380663600348,8.47631309135204,16.548943483704846,2524.4717418524233,2523.5982689491807,2521.823851524481,0.0005512257128852607,0.1637806428221315,0.15759268693438752,23.404363745578905,23.430957041175127,0.0,0.0,0.0,0.0,False,none,0.0,0.0,nominal,0.7276592359230265,0.0,41,thermal_anomaly,3.290770054265242,0.7276592359230265,abrupt,0.0,1.1635317437360368,514219979,thermal_anomaly
6900.0,115.0,1.9166666666666667,1,617.7265395542198,332.6794919243112,-285.0470476299086,92.4275941192015,92.36216995411539,29.69710376476806,29.717159638568937,-9.598479699831257,-9.545795188206005,23.94372134204014,24.193276504877804,25.352583335944484,25.29208739338832,8.370465003845819,16.633974596215563,2566.9872981077797,2545.2927835284804,2548.9845312533257,0.0010965022490355475,0.1774125562258887,0.17975675423009382,23.395170884340285,23.56957001425295,0.0,0.0,0.0,0.0,False,none,0.0,0.0,nominal,0.7276592359230265,0.0,41,thermal_anomaly,3.290770054265242,0.7276592359230265,abrupt,0.0,1.1635317437360368,514219979,thermal_anomaly
6960.0,116.0,1.9333333333333333,1,617.465323072968,335.1371034904521,-282.3282195825159,92.84772539834213,93.23108657817268,29.713909015933687,29.69694289072411,-9.501550921190516,-9.461634557291061,23.959466872630024,23.968678083614137,25.363276379605974,25.56640847755656,8.222357592638108,16.756855174522606,2628.427587261302,2586.860185394891,2581.438733774966,0.0016213169101006388,0.19053292275251596,0.19399325784987237,23.38611690452156,23.232699774680373,0.0,0.0,0.0,0.0,False,none,0.0,0.0,nominal,0.7276592359230265,0.0,41,thermal_anomaly,3.290770054265242,0.7276592359230265,abrupt,0.0,1.1635317437360368,514219979,thermal_anomaly
7020.0,117.0,1.95,1,617.1190172933127,338.24429495415046,-278.87472233916225,93.26271754468019,93.78708374128728,29.73050870178721,29.772961401255554,-9.380085794576333,-9.375006437808553,23.974506340597873,23.940196620429145,25.37419459806454,25.279276818690274,8.038880761089018,16.912214747707523,2706.1073738537616,2646.4837796243264,2643.293556880344,0.0021027327770518074,0.20256831942629516,0.2110362972843868,23.37721646865475,23.29394078843012,0.0,0.0,0.0,0.0,False,none,0.0,0.0,nominal,0.7276592359230265,0.0,41,thermal_anomaly,3.290770054265242,0.7276592359230265,abrupt,0.0,1.1635317437360368,514219979,thermal_anomaly
7080.0,118.0,1.9666666666666666,1,616.6893093822022,341.865267138484,-274.82404224371817,93.67168189325714,94.13569005969559,29.746867275730285,29.771881200536903,-9.238755788847055,-9.228872501372033,23.988753864827874,24.159054367999776,25.385387567993874,25.39206776954252,7.8283686820763965,17.0932633569242,2796.6316784621,2721.557729043213,2717.949526091466,0.00251970966641371,0.21299274166034274,0.20914927178253023,23.36848041167747,23.266597984532204,0.0,0.0,0.0,0.0,False,none,0.0,0.0,nominal,0.7276592359230265,0.0,41,thermal_anomaly,3.290770054265242,0.7276592359230265,abrupt,0.0,1.1635317437360368,514219979,thermal_anomaly
7140.0,119.0,1.9833333333333334,1,616.178292833385,345.84176618364484,-270.3365266497401,94.07396839124782,94.10030933061402,29.762958735649914,29.806535036514575,-9.08298563495747,-9.090986800283094,24.002154842450864,23.99581381915764,25.396888644068287,25.580996622555254,7.600050243587502,17.292088309182244,2896.044154591121,2808.8009418171673,2814.8234129276807,0.002854023687244053,0.2213505921811013,0.22810963467706197,23.359915212589062,23.498791059450326,0.0,0.0,0.0,0.0,False,none,0.0,0.0,nominal,0.7276592359230265,0.0,41,thermal_anomaly,3.290770054265242,0.7276592359230265,abrupt,0.0,1.1635317437360368,514219979,thermal_anomaly
7200.0,120.0,2.0,1,615.58845726812,350.0,-265.58845726812,94.46918930980158,94.21003180323098,29.778767572392063,29.798425340410166,-8.918718903409134,-8.90752347292693,24.0146868592303,23.905200930750247,25.40871353491574,25.47859315828847,7.363483750242194,17.5,2999.9999999999995,2904.4004709085834,2911.110184836276,0.0030910637126159027,0.22727659281539755,0.21952304760992575,23.351522658270927,23.237895119770723,0.0,0.0,0.0,0.0,False,none,0.0,0.0,nominal,0.7276592359230265,0.0,41,thermal_anomaly,3.290770054265242,0.7276592359230265,abrupt,0.0,1.1635317437360368,514219979,thermal_anomaly
7260.0,121.0,2.0166666666666666,1,614.9226763059908,354.15823381635516,-260.7644424896356,94.85723163493495,94.69004517028708,29.7942892653974,29.82382640242257,-8.752161871251051,-8.7275033083418,24.026358828053738,24.10726383212378,25.420859650018052,25.590179518796347,7.128026993646456,17.70791169081776,3103.9558454088797,3004.178158158732,3004.2772990877093,0.003220469955976323,0.23051174889940806,0.22653267551354192,23.343299719649647,23.286265857018883,0.0,0.0,0.0,0.0,False,none,0.0,0.0,nominal,0.7276592359230265,0.0,41,thermal_anomaly,3.290770054265242,0.7276592359230265,abrupt,0.0,1.1635317437360368,514219979,thermal_anomaly
7320.0,122.0,2.033333333333333,1,614.184193564921,358.13473286151594,-256.04946070340503,95.23825761812455,95.36023555334731,29.80953030472498,29.86100963752722,-8.589516778223766,-8.584773477592552,24.037208621347652,24.087077452422502,25.43330624610406,25.49318928380005,6.902383878671007,17.9067366430758,3203.368321537899,3103.7732398483154,3097.262626913493,0.0032365867435303554,0.23091466858825888,0.23642501315518114,23.33523864987082,23.16320333710997,0.0,0.0,0.0,0.0,False,none,0.0,0.0,nominal,0.7276592359230265,0.0,41,thermal_anomaly,3.290770054265242,0.7276592359230265,abrupt,0.0,1.1635317437360368,514219979,thermal_anomaly
7380.0,123.0,2.05,1,613.376606858593,361.7557050458494,-251.62090181274363,95.61269348391733,95.72562758943737,29.824507739356694,29.786313562307,-8.436716005900823,-8.464984571837833,24.047299550143357,24.07753210378807,25.446015366639813,25.43799601110072,6.694254157137851,18.087785252292473,3293.892626146236,3198.8329329972757,3194.129457561715,0.0031387096943250184,0.22846774235812545,0.2261475165398501,23.327327302482303,23.38423072766731,0.0,0.0,0.0,0.0,False,none,0.0,0.0,nominal,0.7276592359230265,0.0,41,thermal_anomaly,3.290770054265242,0.7276592359230265,abrupt,0.0,1.1635317437360368,514219979,thermal_anomaly
7440.0,124.0,2.066666666666667,1,612.503850668262,364.86289650954785,-247.64095415871412,95.98120680855826,95.85772985477905,29.83924827234233,29.816692583418956,-8.299168661974965,-8.274359138937458,24.056716072970474,24.075741412123392,25.458933533357648,25.516477444420126,6.510096038392588,18.243144825477394,3371.572412738696,3285.202672867986,3277.9781462614114,0.0029311165050767227,0.22327791262691807,0.22119959868110617,23.319549655647666,23.405641037871952,0.0,0.0,0.0,0.0,False,none,0.0,0.0,nominal,0.7276592359230265,0.0,41,thermal_anomaly,3.290770054265242,0.7276592359230265,abrupt,0.0,1.1635317437360368,514219979,thermal_anomaly
7500.0,125.0,2.0833333333333335,1,611.5701769743577,367.3205080756888,-244.24966889866886,96.3446735777527,96.63355278456713,29.85378694311011,29.784664105211625,-8.181530516182596,-8.198047571003725,24.065559094289245,23.990250136966623,25.471994115898354,25.49659046231404,6.354995326978164,18.36602540378444,3433.0127018922194,3359.107687380103,3366.5531710616237,0.0026228799942983206,0.215571999857458,0.21449627518357497,23.311886517056347,23.305439642055862,0.0,0.0,0.0,0.0,False,none,0.0,0.0,nominal,0.7276592359230265,0.0,41,thermal_anomaly,3.290770054265242,0.7276592359230265,abrupt,0.0,1.1635317437360368,514219979,thermal_anomaly
7560.0,126.0,2.1,1,610.5801345412646,369.0211303259031,-241.55900421536148,96.70413638164462,96.56847737053059,29.868165455265785,29.815029442804068,-8.087507234990705,-8.094660734009672,24.07394114593045,24.043590797483365,25.48512027600376,25.54113124361273,6.232621862082159,18.451056516295154,3475.5282581475767,3417.31797276384,3410.809051890864,0.0022274715765936287,0.2056867894148407,0.21128378406422754,23.304316374368334,23.22281308542048,0.0,0.0,0.0,0.0,False,none,0.0,0.0,nominal,0.7276592359230265,0.0,41,thermal_anomaly,3.290770054265242,0.7276592359230265,abrupt,0.0,1.1635317437360368,514219979,thermal_anomaly
7620.0,127.0,2.1166666666666667,1,609.5385467561977,369.8904379073655,-239.64810884883218,97.0607555912411,96.82805582393176,29.882430223649642,29.886746333222476,-8.019699437268967,-8.011850833814155,24.08198165347197,24.164324288675154,25.498228357586466,25.537240499731052,6.145246325130574,18.494521895368276,3497.2609476841367,3457.2894602239876,3451.7353152647865,0.001762172497196506,0.19405431242991264,0.18612806290636968,23.29681634849222,23.40551359833623,0.0,0.0,0.0,0.0,False,none,0.0,0.0,nominal,0.7276592359230265,0.0,41,thermal_anomaly,3.290770054265242,0.7276592359230265,abrupt,0.0,1.1635317437360368,514219979,thermal_anomaly
7680.0,128.0,2.1333333333333333,1,608.450488130146,369.8904379073655,-238.56005022278055,97.41575566597737,97.63741327718328,29.896630226639097,29.89497934458132,-7.979496298222064,-7.936289936628007,24.089802393197363,24.161536134897087,25.51123157451651,25.675954986752764,6.09378889386717,18.494521895368276,3497.2609476841367,3477.2752039540624,3483.5025684856582,0.0012473185586292885,0.18118296396573222,0.17921789105736188,23.289363202279105,23.18336255242584,0.0,0.0,0.0,0.0,False,none,0.0,0.0,nominal,0.7276592359230265,0.0,41,thermal_anomaly,3.290770054265242,0.7276592359230265,abrupt,0.0,1.1635317437360368,514219979,thermal_anomaly
7740.0,129.0,2.15,1,607.3212595753644,369.0211303259031,-238.3001292494613,97.77036895355099,98.10075229274894,29.91081475814204,29.910447593131753,-7.967022335444523,-7.974850889369383,24.097523164143105,24.240356107388973,25.52404383495297,25.50639921693028,6.077875591477752,18.451056516295154,3475.5282581475767,3476.4017310508193,3471.2526238122346,0.0007054113485506565,0.1676352837137664,0.17115819304730734,23.281934355565518,23.35720159659025,0.0,0.0,0.0,0.0,False,none,0.0,0.0,nominal,0.7276592359230265,0.0,41,thermal_anomaly,3.290770054265242,0.7276592359230265,abrupt,0.0,1.1635317437360368,514219979,thermal_anomaly
7800.0,130.0,2.1666666666666665,1,606.156362579862,367.3205080756888,-238.83585450417326,98.12577945132504,98.23742728826075,29.925031178053,29.89607959158371,-7.981139704854688,-8.018770545732583,24.105257649421823,24.224149076505725,25.536583535080915,25.545022003965673,6.095887279072638,18.36602540378444,3433.0127018922194,3454.7072164715196,3455.387061071565,0.00016013481240036284,0.15400337031000907,0.14762968226520837,23.274508858855274,23.23538433695537,0.0,0.0,0.0,0.0,False,none,0.0,0.0,nominal,0.7276592359230265,0.0,41,thermal_anomaly,3.290770054265242,0.7276592359230265,abrupt,0.0,1.1635317437360368,514219979,thermal_anomaly
7860.0,131.0,2.183333333333333,1,604.961472404706,364.8628965095479,-240.0985758951581,98.4830689987881,98.93672102407118,29.939322759951523,29.88516072565589,-8.019505912683071,-8.090654106146884,24.11310943021424,23.993297571614285,25.548777156451223,25.601473916775017,6.144998006684699,18.243144825477398,3371.572412738698,3413.1398146051088,3413.8581094232222,-0.0003646798486647144,0.15911699621661785,0.15202350102056983,23.267117513729918,23.205767439373304,0.0,0.0,0.0,0.0,False,none,0.0,0.0,nominal,0.7276592359230265,0.0,41,thermal_anomaly,3.290770054265242,0.7276592359230265,abrupt,0.0,1.1635317437360368,514219979,thermal_anomaly
7920.0,132.0,2.2,1,603.7424104347197,361.7557050458495,-241.98670538887018,98.84316826275963,99.13445490540897,29.953726730510386,29.95104255136591,-8.07868441766835,-8.046516749676744,24.121168144811698,23.93039623166718,25.560562509704198,25.721974808518357,6.221211353622193,18.087785252292473,3293.892626146237,3353.516220375673,3359.457922180477,-0.0008460957156159047,0.1711523928903976,0.17405231924143513,23.259760565429755,23.15476383409553,0.0,0.0,0.0,0.0,False,none,0.0,0.0,nominal,0.7276592359230265,0.0,41,thermal_anomaly,3.290770054265242,0.7276592359230265,abrupt,0.0,1.1635317437360368,514219979,thermal_anomaly
7980.0,133.0,2.216666666666667,1,602.5051158172811,358.13473286151606,-244.37038295576502,99.20681466596761,99.12671225537626,29.968272586638705,29.953357570529455,-8.15430326353602,-8.144670976165287,24.129505845733153,24.082309854949962,25.571891482912715,25.555318626380306,6.319412937097135,17.906736643075803,3203.3683215379015,3278.442270956787,3286.05182564549,-0.0012630726049777641,0.1815768151244441,0.17379622369788167,23.252417583843517,23.23828734726078,0.0,0.0,0.0,0.0,False,none,0.0,0.0,nominal,0.7276592359230265,0.0,41,thermal_anomaly,3.290770054265242,0.7276592359230265,abrupt,0.0,1.1635317437360368,514219979,thermal_anomaly
8040.0,134.0,2.2333333333333334,1,601.2556165273943,354.15823381635516,-247.09738271103913,99.5745191045257,100.04618506513059,29.98298076418103,29.981624430860258,-8.24125475230376,-8.208081978767424,24.13817368529672,24.19935508113385,25.582732174431047,25.70522487537732,6.433462391389545,17.70791169081776,3103.955845408879,3191.199058182833,3191.4330178576993,-0.001597386625808136,0.1899346656452034,0.18779374386739914,23.245070085209758,23.358129463667677,0.0,0.0,0.0,0.0,False,none,0.0,0.0,nominal,0.7276592359230265,0.0,41,thermal_anomaly,3.290770054265242,0.7276592359230265,abrupt,0.0,1.1635317437360368,514219979,thermal_anomaly
8100.0,135.0,2.25,1,600.0,350.0,-250.0,99.94654291404952,100.00874193048053,29.99786171656198,29.920272740502377,-8.333927343293727,-8.333779888258364,24.147199135175153,24.265923970515633,25.5930703170356,25.73355805048235,6.556347597063907,17.5,3000.0000000000005,3095.599529091417,3089.124141969965,-0.0018344266511799855,0.19586066627949963,0.20273841621200428,23.23770228896547,23.212032447146196,0.0,0.0,0.0,0.0,False,none,0.0,0.0,nominal,0.7276592359230265,0.0,41,thermal_anomaly,3.290770054265242,0.7276592359230265,abrupt,0.0,1.1635317437360368,514219979,thermal_anomaly
8160.0,136.0,2.2666666666666666,1,598.7443834726057,345.84176618364484,-252.90261728896087,100.0,99.76628724136178,30.0,29.99585148735236,-8.430087242965362,-8.463327593868318,24.156600305943837,24.02160310236813,25.60290993111768,25.491816681647194,6.685309673920586,17.292088309182244,2896.0441545911203,2995.8218418412685,2995.7273370222024,-0.0019638328945404057,0.19909582236351014,0.19945036714707265,23.230301763711388,23.171618785162366,0.0,0.0,0.0,0.0,False,none,0.0,0.0,nominal,0.7276592359230265,0.0,41,thermal_anomaly,3.290770054265242,0.7276592359230265,abrupt,0.0,1.1635317437360368,514219979,thermal_anomaly
8220.0,137.0,2.283333333333333,1,597.4948841827188,341.86526713848406,-255.62961704423475,100.0,99.6309618644385,30.0,30.01793813610966,-8.520987234807825,-8.52895869696353,24.166355963696375,24.308977906084603,25.612273178382587,25.62731773705218,6.808577876460633,17.093263356924204,2796.631678462101,2896.226760151685,2889.5961642198904,-0.001979949682094438,0.19949874205236096,0.19759511490841536,23.222859938318013,23.20585101748951,0.0,0.0,0.0,0.0,False,none,0.0,0.0,nominal,0.7276592359230265,0.0,41,thermal_anomaly,3.290770054265242,0.7276592359230265,abrupt,0.0,1.1635317437360368,514219979,thermal_anomaly
8280.0,138.0,2.3,1,596.2575895652803,338.2442949541506,-258.01329461112977,100.0,100.0,30.0,30.057636406598167,-8.600443153704326,-8.571619411531522,24.17641586056489,24.174141910367357,25.621199422450943,25.673005784670778,6.91740979520797,16.91221474770753,2706.107373853764,2801.1670670027247,2801.5843789003416,-0.0018820726328891081,0.1970518158222277,0.20094321409637744,23.215372458123994,23.30651687450312,0.0,0.0,0.0,0.0,False,none,0.0,0.0,nominal,0.7276592359230265,0.0,41,thermal_anomaly,3.290770054265242,0.7276592359230265,abrupt,0.0,1.1635317437360368,514219979,thermal_anomaly
8340.0,139.0,2.316666666666667,1,595.038527595294,335.1371034904521,-259.9014241048419,100.0,99.89948985036136,30.0,30.072685607170634,-8.66338080349473,-8.595403969695937,24.186705143253864,24.32563025352905,25.62974353742038,25.61986207311831,7.00433335570888,16.756855174522606,2628.427587261303,2714.797327132014,2718.1746733743043,-0.0016744794436408194,0.19186198609102048,0.1882399732877563,23.20783937058641,23.15217649889342,0.0,0.0,0.0,0.0,False,none,0.0,0.0,nominal,0.7276592359230265,0.0,41,thermal_anomaly,3.290770054265242,0.7276592359230265,abrupt,0.0,1.1635317437360368,514219979,thermal_anomaly
8400.0,140.0,2.3333333333333335,1,593.843637420138,332.67949192431126,-261.1641454958267,100.0,100.0,30.0,30.01337588091824,-8.705471516527556,-8.701914388618674,24.197127641547695,24.15736974043431,25.63797353831345,25.77640658522996,7.0628187460058065,16.633974596215563,2566.9872981077815,2640.892312619898,2647.4541727612745,-0.001366242932862382,0.18415607332155953,0.1876903011986882,23.2002651298463,23.179078913539353,0.0,0.0,0.0,0.0,False,none,0.0,0.0,nominal,0.7276592359230265,0.0,41,thermal_anomaly,3.290770054265242,0.7276592359230265,abrupt,0.0,1.1635317437360368,514219979,thermal_anomaly
8460.0,141.0,2.35,1,592.6787404246356,330.9788696740969,-261.6998707505387,100.0,100.0,30.0,29.978780397893612,-8.723329025017957,-8.740984116541082,24.2075706008394,24.09102265935648,25.64596763697435,25.59095488601698,7.08771754229766,16.548943483704846,2524.4717418524233,2582.682027236161,2574.4090642821207,-0.0009708345151577187,0.17427086287894297,0.17784267438549967,23.19265841565589,23.315767905479866,0.0,0.0,0.0,0.0,False,none,0.0,0.0,nominal,0.7276592359230265,0.0,41,thermal_anomaly,3.290770054265242,0.7276592359230265,abrupt,0.0,1.1635317437360368,514219979,thermal_anomaly
8520.0,142.0,2.3666666666666667,1,591.549511869854,330.1095620926345,-261.43994977721945,100.0,99.76550698519407,30.0,29.97440456275554,-8.714664992573981,-8.711275480989501,24.21791061348311,24.304081455075078,25.65381085208782,25.450840339436063,7.075630874623557,16.505478104631727,2502.739052315864,2542.710539776012,2544.3947199757467,-0.0005055354357605887,0.16263838589401472,0.17234595460443464,23.18503176904868,23.17602814578533,0.0,0.0,0.0,0.0,False,none,0.0,0.0,nominal,0.7276592359230265,0.0,41,thermal_anomaly,3.290770054265242,0.7276592359230265,abrupt,0.0,1.1635317437360368,514219979,thermal_anomaly
8580.0,143.0,2.3833333333333333,1,590.4614532438022,330.1095620926345,-260.3518911511677,100.0,100.0,30.0,29.97976860099952,-8.67839637170559,-8.73500138863091,24.22802036675806,24.0484235256063,25.66159132148038,25.711444713670456,7.02516508675462,16.505478104631727,2502.7390523158633,2522.724796045938,2512.2091654247474,9.318502806628603e-06,0.15023296257016572,0.1493399287178455,23.177402312918623,23.232522735035765,0.0,0.0,0.0,0.0,False,none,0.0,0.0,nominal,0.7276592359230265,0.0,41,thermal_anomaly,3.290770054265242,0.7276592359230265,abrupt,0.0,1.1635317437360368,514219979,thermal_anomaly
8640.0,144.0,2.4,1,589.4198654587356,330.9788696740969,-258.44099578463863,100.0,100.0,30.0,29.983377420933525,-8.614699859487954,-8.579819373860596,24.23777572553593,24.347523836669563,25.669396477875946,25.707685224513096,6.937044293524942,16.548943483704846,2524.471741852423,2523.5982689491807,2522.9936302373285,0.0005512257128852536,0.16378064282213134,0.17488118954487625,23.169860434063303,23.222979580707825,0.0,0.0,0.0,0.0,False,none,0.0,0.0,nominal,0.7276592359230265,0.0,41,thermal_anomaly,3.290770054265242,0.7276592359230265,abrupt,0.0,1.1635317437360368,514219979,thermal_anomaly
8700.0,145.0,2.4166666666666665,1,588.4298230256423,332.6794919243112,-255.75033110133114,100.0,100.0,30.0,30.03632930410148,-8.525011036711039,-8.5278983107526,24.247062621362993,24.34837434878624,25.67730925524537,25.701932768558887,6.814065054083602,16.633974596215563,2566.9872981077806,2545.292783528481,2552.4402025289505,0.0010965022490355544,0.17741255622588886,0.1834604285257156,23.162426347661047,23.112965036659695,0.0,0.0,0.0,0.0,False,none,0.0,0.0,nominal,0.7276592359230265,0.0,41,thermal_anomaly,3.290770054265242,0.7276592359230265,abrupt,0.0,1.1635317437360368,514219979,thermal_anomaly
8760.0,146.0,2.433333333333333,0,0.0,335.1371034904521,335.1371034904521,99.50128407218682,99.47527629740664,29.980051362887473,30.0056591899017,11.178670090783127,11.128727346176076,24.2522369563011,24.234902927280398,25.669404491552452,25.76886980402652,10.99701319988554,16.756855174522606,2628.427587261302,2586.8601853948917,2585.928344954017,0.0016213169101006316,0.1905329227525158,0.18974382961290973,23.155117951867418,23.140933615263283,0.0,0.0,0.0,0.0,False,none,0.0,0.0,nominal,0.7276592359230265,0.0,41,thermal_anomaly,3.290770054265242,0.7276592359230265,abrupt,0.0,1.1635317437360368,514219979,thermal_anomaly
8820.0,147.0,2.45,0,0.0,338.2442949541505,338.2442949541505,98.99794434755268,98.79708647610735,29.959917773902106,29.9624707443363,11.289893967893095,11.268689016939788,24.25804665611163,24.286911792467325,25.66187368511545,25.72488467036816,11.19693646450151,16.912214747707527,2706.107373853763,2646.483779624327,2643.5398729649482,0.0021027327770518148,0.20256831942629536,0.19613121333372674,23.147950008145514,23.20188529905609,0.0,0.0,0.0,0.0,False,none,0.0,0.0,nominal,0.7276592359230265,0.0,41,thermal_anomaly,3.290770054265242,0.7276592359230265,abrupt,0.0,1.1635317437360368,514219979,thermal_anomaly
8880.0,148.0,2.466666666666667,0,0.0,341.865267138484,341.865267138484,98.48921627145373,98.32720420298261,29.93956865085815,29.94949551276686,11.41851010364123,11.42084754158006,24.264600342304817,24.347053362932428,25.654765222348374,25.62836732169717,11.430589838956548,17.0932633569242,2796.6316784621,2721.557729043213,2730.6957565572166,0.0025197096664137026,0.21299274166034254,0.21674363142324973,23.140933449622054,23.17889296278917,0.0,0.0,0.0,0.0,False,none,0.0,0.0,nominal,0.7276592359230265,0.0,41,thermal_anomaly,3.290770054265242,0.7276592359230265,abrupt,0.0,1.1635317437360368,514219979,thermal_anomaly
8940.0,149.0,2.4833333333333334,0,0.0,345.8417661836448,345.8417661836448,97.9745707860614,98.01511607634542,29.918982831442456,29.92681345454563,11.559275531927268,11.557644776107331,24.271977233803792,24.1959760407266,25.64811127718795,25.68517836184348,11.689348065840994,17.29208830918224,2896.044154591119,2808.800941817166,2819.3537977739547,0.0028540236872440245,0.2213505921811006,0.23472512660524542,23.134074852749063,23.11521395476097,0.0,0.0,0.0,0.0,False,none,0.0,0.0,nominal,0.7276592359230265,0.0,41,thermal_anomaly,3.290770054265242,0.7276592359230265,abrupt,0.0,1.1635317437360368,514219979,thermal_anomaly
9000.0,150.0,2.5,0,0.0,350.0,350.0,97.45373745272806,97.34682334050768,29.898149498109124,29.89846882483223,11.706410124885334,11.765578291792577,24.28022271387084,24.320877090559254,25.641926386970447,25.452315559672993,11.96320304096143,17.5,2999.9999999999995,2904.400470908583,2899.6453880491977,0.003091063712615916,0.22727659281539792,0.22458859733982486,23.127376101129727,23.0868908497439,0.0,0.0,0.0,0.0,False,none,0.0,0.0,nominal,0.7276592359230265,0.0,41,thermal_anomaly,3.290770054265242,0.7276592359230265,abrupt,0.0,1.1635317437360368,514219979,thermal_anomaly
9060.0,151.0,2.5166666666666666,0,0.0,354.1582338163551,354.1582338163551,96.92671627145373,96.78548369494926,29.87706865085815,29.894700361866164,11.853848111909157,11.86770478456939,24.289345034937007,24.318347666466934,25.636206799256318,25.401167018990126,12.241097204816983,17.707911690817756,3103.955845408878,3004.1781581587306,3009.566334293772,0.003220469955976309,0.23051174889940773,0.23070479225321353,23.120834261687005,23.073581560121998,0.0,0.0,0.0,0.0,False,none,0.0,0.0,nominal,0.7276592359230265,0.0,41,thermal_anomaly,3.290770054265242,0.7276592359230265,abrupt,0.0,1.1635317437360368,514219979,thermal_anomaly
9120.0,152.0,2.533333333333333,0,0.0,358.134732861516,358.134732861516,96.39377768088599,96.10102740873471,29.85575110723544,29.796069290200418,11.9955023598359,12.011530043745083,24.299313518558005,24.27255379945628,25.63093061814842,25.53856079201651,12.511366149186292,17.9067366430758,3203.3683215379006,3103.7732398483154,3112.115058289884,0.0032365867435303836,0.2309146685882596,0.22170456672981897,23.114441682842898,23.0391796549953,0.0,0.0,0.0,0.0,False,none,0.0,0.0,nominal,0.7276592359230265,0.0,41,thermal_anomaly,3.290770054265242,0.7276592359230265,abrupt,0.0,1.1635317437360368,514219979,thermal_anomaly
9180.0,153.0,2.55,0,0.0,361.75570504584937,361.75570504584937,95.85545073885348,95.92914485713176,29.83421802955414,29.80394713522629,12.125529976602362,12.135316767469227,24.310058564703585,24.365565210588162,25.626058743707816,25.604950049094462,12.762278177078597,18.08778525229247,3293.8926261462348,3198.832932997275,3202.568669634985,0.003138709694325004,0.22846774235812511,0.2173802591712869,23.10818631270709,23.21952265524911,0.0,0.0,0.0,0.0,False,none,0.0,0.0,nominal,0.7276592359230265,0.0,41,thermal_anomaly,3.290770054265242,0.7276592359230265,abrupt,0.0,1.1635317437360368,514219979,thermal_anomaly
9240.0,154.0,2.566666666666667,0,0.0,364.86289650954785,364.86289650954785,95.31249999999997,95.51479343986942,29.8125,29.825640690479304,12.238587723590703,12.213135160773307,24.32147368784017,24.320064602409264,25.62153656340911,25.59852839718425,12.982642357442005,18.243144825477394,3371.5724127386957,3285.202672867985,3284.783745398099,0.0029311165050767297,0.22327791262691823,0.22709453546896782,23.102052223295768,23.156610934811276,0.0,0.0,0.0,0.0,False,none,0.0,0.0,nominal,0.7276592359230265,0.0,41,thermal_anomaly,3.290770054265242,0.7276592359230265,abrupt,0.0,1.1635317437360368,514219979,thermal_anomaly
9300.0,155.0,2.5833333333333335,0,0.0,367.32050807568874,367.32050807568874,94.76589210107781,94.90327159285866,29.790635684043114,29.792718711310098,12.33006613123191,12.32910065851272,24.33341965392661,24.413918009555037,25.617296321709404,25.63771160781782,13.162442464044178,18.366025403784437,3433.0127018922185,3359.107687380102,3358.6717736365053,0.0026228799942983206,0.215571999857458,0.21492629333764465,23.096020315447088,23.04590509380741,0.0,0.0,0.0,0.0,False,none,0.0,0.0,nominal,0.7276592359230265,0.0,41,thermal_anomaly,3.290770054265242,0.7276592359230265,abrupt,0.0,1.1635317437360368,514219979,thermal_anomaly
9360.0,156.0,2.6,0,0.0,369.0211303259031,369.0211303259031,94.21675351428333,94.12732036748366,29.768670140571334,29.81705622860348,12.396292094451642,12.430556361474778,24.345730618053977,24.326072136735224,25.61326006416832,25.696909542627385,13.293444615277142,18.451056516295154,3475.5282581475767,3417.3179727638394,3420.837816329545,0.002227471576593643,0.20568678941484106,0.2068591616585662,23.090069169271143,23.04024800398101,0.0,0.0,0.0,0.0,False,none,0.0,0.0,nominal,0.7276592359230265,0.0,41,thermal_anomaly,3.290770054265242,0.7276592359230265,abrupt,0.0,1.1635317437360368,514219979,thermal_anomaly
9420.0,157.0,2.6166666666666667,0,0.0,369.8904379073655,369.8904379073655,93.6663213150164,93.36752326080938,29.746652852600654,29.767058080291136,12.434691047097997,12.471530798979344,24.358221978728796,24.44145578018846,25.60934302744571,25.769297092320915,13.369723314942329,18.494521895368276,3497.2609476841367,3457.2894602239876,3454.2794226778647,0.0017621724971965131,0.19405431242991283,0.20107645693629106,23.08417599743326,23.24240636955273,0.0,0.0,0.0,0.0,False,none,0.0,0.0,nominal,0.7276592359230265,0.0,41,thermal_anomaly,3.290770054265242,0.7276592359230265,abrupt,0.0,1.1635317437360368,514219979,thermal_anomaly
9480.0,158.0,2.6333333333333333,0,0.0,369.8904379073655,369.8904379073655,93.11588911574948,93.07641144947046,29.724635564629978,29.754821443580354,12.443901527509611,12.448836507940845,24.37069949625012,24.412216748886546,25.605457327016882,25.575060221378784,13.388054818108483,18.494521895368276,3497.2609476841367,3477.2752039540624,3477.7709570113884,0.0012473185586292885,0.18118296396573222,0.17721095894837122,23.078317653853084,23.11435321647569,0.0,0.0,0.0,0.0,False,none,0.0,0.0,nominal,0.7276592359230265,0.0,41,thermal_anomaly,3.290770054265242,0.7276592359230265,abrupt,0.0,1.1635317437360368,514219979,thermal_anomaly
9540.0,159.0,2.65,0,0.0,369.0211303259031,369.0211303259031,92.56675052895498,92.30722166795938,29.702670021158198,29.706970223049574,12.42383698378082,12.409508736899507,24.3829690927125,24.33615423752028,25.60151578143334,25.546999963691313,13.348138031964808,18.451056516295154,3475.5282581475763,3476.4017310508193,3481.7087700131647,0.0007054113485506565,0.1676352837137664,0.1648297059003142,23.072471648752693,23.062535423773664,0.0,0.0,0.0,0.0,False,none,0.0,0.0,nominal,0.7276592359230265,0.0,41,thermal_anomaly,3.290770054265242,0.7276592359230265,abrupt,0.0,1.1635317437360368,514219979,thermal_anomaly
9600.0,160.0,2.6666666666666665,0,0.0,367.3205080756888,367.3205080756888,92.02014263003282,91.92392063872961,29.680805705201312,29.645650000917012,12.375691944619918,12.377460194947101,24.394846678451728,24.566371759280123,25.59743570598944,25.535065980327037,13.252620088650426,18.36602540378444,3433.0127018922203,3454.70721647152,3454.1503061985472,0.00016013481240036989,0.15400337031000924,0.14823673581212773,23.066617122343544,23.23121855139815,0.0,0.0,0.0,0.0,False,none,0.0,0.0,nominal,0.7276592359230265,0.0,41,thermal_anomaly,3.290770054265242,0.7276592359230265,abrupt,0.0,1.1635317437360368,514219979,thermal_anomaly
9660.0,161.0,2.683333333333333,0,0.0,364.8628965095479,364.8628965095479,91.47719189117932,91.8183968294149,29.65908767564717,29.670199134269655,12.301892104696591,12.274191865360525,24.406167344875843,24.267404627649306,25.59314250999248,25.47618455824593,13.106923948447706,18.243144825477398,3371.572412738698,3413.139814605109,3411.4915023350136,-0.0003646798486647214,0.15911699621661804,0.15129538560037364,23.060784965242025,23.035022424973292,0.0,0.0,0.0,0.0,False,none,0.0,0.0,nominal,0.7276592359230265,0.0,41,thermal_anomaly,3.290770054265242,0.7276592359230265,abrupt,0.0,1.1635317437360368,514219979,thermal_anomaly
9720.0,162.0,2.7,0,0.0,361.7557050458495,361.7557050458495,90.9388649491468,91.08395548287353,29.637554597965874,29.63221067416442,12.205990337363327,12.252071707867946,24.416793327504138,24.47281733782768,25.588572940417123,25.46007419820436,12.918896009264552,18.087785252292473,3293.892626146237,3353.5162203756736,3351.407562328488,-0.0008460957156159114,0.17115239289039777,0.16663432402696063,23.05497551105552,22.95615197665365,0.0,0.0,0.0,0.0,False,none,0.0,0.0,nominal,0.7276592359230265,0.0,41,thermal_anomaly,3.290770054265242,0.7276592359230265,abrupt,0.0,1.1635317437360368,514219979,thermal_anomaly
9780.0,163.0,2.716666666666667,0,0.0,358.134732861516,358.134732861516,90.40592635857907,90.52581848820823,29.616237054343163,29.660390607345295,12.092513042908543,12.048964717735672,24.426620266657224,24.636090011101643,25.583677830179937,25.45570513159436,12.698309735433059,17.9067366430758,3203.3683215379,3278.4422709567866,3284.449775166011,-0.0012630726049777928,0.18157681512444482,0.1769810852325787,23.04916841737709,22.921238603766575,0.0,0.0,0.0,0.0,False,none,0.0,0.0,nominal,0.7276592359230265,0.0,41,thermal_anomaly,3.290770054265242,0.7276592359230265,abrupt,0.0,1.1635317437360368,514219979,thermal_anomaly
9840.0,164.0,2.7333333333333334,0,0.0,354.1582338163553,354.1582338163553,89.87890517730473,89.76076492605311,29.595156207092188,29.57984776562522,11.96676345744324,11.942623448312549,24.43558145909632,24.331113162095722,25.578424230920135,25.428444818889883,12.456274211711914,17.707911690817763,3103.955845408883,3191.1990581828345,3199.258580084878,-0.001597386625808086,0.18993466564520214,0.19561930838096334,23.043345287491828,23.132459643405358,0.0,0.0,0.0,0.0,False,none,0.0,0.0,nominal,0.7276592359230265,0.0,41,thermal_anomaly,3.290770054265242,0.7276592359230265,abrupt,0.0,1.1635317437360368,514219979,thermal_anomaly
9900.0,165.0,2.75,0,0.0,349.99999999999994,349.99999999999994,89.3580718439714,89.19850741859156,29.574322873758856,29.549522832203845,11.834590482223792,11.797248297570821,24.44364997884359,24.644111395056438,25.572796837072772,25.42125359121676,12.204602550555357,17.499999999999996,2999.999999999999,3095.599529091417,3095.5264662387144,-0.0018344266511800132,0.19586066627950033,0.19478457385498807,23.037490427230424,23.128954751555064,0.0,0.0,0.0,0.0,False,none,0.0,0.0,nominal,0.7276592359230265,0.0,41,thermal_anomaly,3.290770054265242,0.7276592359230265,abrupt,0.0,1.1635317437360368,514219979,thermal_anomaly
9960.0,166.0,2.7666666666666666,0,0.0,345.8417661836449,345.8417661836449,88.84342635857907,88.29126888275457,29.553737054343163,29.554420848031587,11.702133153168209,11.65848614225044,24.45083872439306,24.42575519193967,25.566798638994555,25.33777223609355,11.955193626758282,17.292088309182244,2896.044154591122,2995.82184184127,2996.1209452718485,-0.0019638328945403845,0.1990958223635096,0.18694951815091038,23.031591490939356,23.07398291135072,0.0,0.0,0.0,0.0,False,none,0.0,0.0,nominal,0.7276592359230265,0.0,41,thermal_anomaly,3.290770054265242,0.7276592359230265,abrupt,0.0,1.1635317437360368,514219979,thermal_anomaly
10020.0,167.0,2.783333333333333,0,0.0,341.86526713848406,341.86526713848406,88.33469828248013,88.21250773141873,29.533387931299206,29.52418980327706,11.575551979804473,11.581076396945425,24.457198599683274,24.576888832235028,25.560450776596447,25.32171237285658,11.719472290972421,17.093263356924204,2796.6316784621013,2896.226760151685,2891.3717127730797,-0.0019799496820944516,0.1994987420523613,0.1977096488035894,23.02563999259177,22.908309069185403,0.0,0.0,0.0,0.0,False,none,0.0,0.0,nominal,0.7276592359230265,0.0,41,thermal_anomaly,3.290770054265242,0.7276592359230265,abrupt,0.0,1.1635317437360368,514219979,thermal_anomaly
10080.0,168.0,2.8,0,0.0,338.2442949541506,338.2442949541506,87.83135855784599,87.93162238385021,29.51325434231384,29.501759602100382,11.46075898750352,11.469863115185882,24.462815140503746,24.318268151129757,25.55379159987909,25.57700321050855,11.507919725571414,16.91221474770753,2706.107373853764,2801.1670670027247,2796.5327361356876,-0.0018820726328891081,0.1970518158222277,0.18976532800518908,23.019631661990697,23.036899771826025,0.0,0.0,0.0,0.0,False,none,0.0,0.0,nominal,0.7276592359230265,0.0,41,thermal_anomaly,3.290770054265242,0.7276592359230265,abrupt,0.0,1.1635317437360368,514219979,thermal_anomaly
10140.0,169.0,2.816666666666667,0,0.0,335.1371034904521,335.1371034904521,87.33264263003281,86.96007371553587,29.493305705201312,29.539399350015735,11.363158366861153,11.349106899929373,24.467803947812822,24.546470927030605,25.546874977429102,25.510614016077678,11.32970944562933,16.756855174522606,2628.427587261303,2714.797327132014,2715.597689650298,-0.0016744794436408194,0.19186198609102048,0.2030612364546284,23.013566630424112,22.928624665709226,0.0,0.0,0.0,0.0,False,none,0.0,0.0,nominal,0.7276592359230265,0.0,41,thermal_anomaly,3.290770054265242,0.7276592359230265,abrupt,0.0,1.1635317437360368,514219979,thermal_anomaly
10200.0,170.0,2.8333333333333335,0,0.0,332.6794919243112,332.6794919243112,86.8375838622883,86.54736825392781,29.473503354491534,29.48266322923013,11.287409166227041,11.296443133327331,24.472305285642165,24.52833242222812,25.5397679268021,25.305829419275018,11.1924484548661,16.633974596215563,2566.9872981077806,2640.8923126198974,2635.7153540788654,-0.0013662429328623966,0.18415607332155992,0.17703179393439333,23.00744943523522,22.956412979668034,0.0,0.0,0.0,0.0,False,none,0.0,0.0,nominal,0.7276592359230265,0.0,41,thermal_anomaly,3.290770054265242,0.7276592359230265,abrupt,0.0,1.1635317437360368,514219979,thermal_anomaly
10260.0,171.0,2.85,0,0.0,330.978869674097,330.978869674097,86.34505578241614,86.363963907058,29.453802231296645,29.429976954479574,11.237220480906526,11.21503167601787,24.476478153698046,24.638230808785643,25.532547670355093,25.423710762201196,11.102009930920408,16.54894348370485,2524.471741852424,2582.682027236161,2578.0026075530495,-0.0009708345151577046,0.1742708628789426,0.1624726926073304,23.001288838754395,23.15875472752755,0.0,0.0,0.0,0.0,False,none,0.0,0.0,nominal,0.7276592359230265,0.0,41,thermal_anomaly,3.290770054265242,0.7276592359230265,abrupt,0.0,1.1635317437360368,514219979,thermal_anomaly
10320.0,172.0,2.8666666666666667,0,0.0,330.1095620926345,330.1095620926345,85.85382131501638,86.15182828970036,29.434152852600654,29.399212119597404,11.215188143709993,11.241290602815194,24.480494070135542,24.46943817302344,25.525298245201515,25.717617928487826,11.062435607905055,16.505478104631727,2502.739052315864,2542.710539776012,2550.574338497275,-0.0005055354357605887,0.16263838589401472,0.15942932563060142,22.995097463973945,22.973192820661446,0.0,0.0,0.0,0.0,False,none,0.0,0.0,nominal,0.7276592359230265,0.0,41,thermal_anomaly,3.290770054265242,0.7276592359230265,abrupt,0.0,1.1635317437360368,514219979,thermal_anomaly
10380.0,173.0,2.8833333333333333,0,0.0,330.1095620926345,330.1095620926345,85.36258684761663,85.71058244979618,29.414503473904666,29.42659569295093,11.222680076360769,11.201702664892045,24.48453071854042,24.29318939161766,25.518106815449165,25.534459420748473,11.075883847707596,16.505478104631727,2502.7390523158633,2522.724796045938,2520.557844899597,9.318502806628603e-06,0.15023296257016572,0.14454039374245292,22.988892515131948,22.935400617939685,0.0,0.0,0.0,0.0,False,none,0.0,0.0,nominal,0.7276592359230265,0.0,41,thermal_anomaly,3.290770054265242,0.7276592359230265,abrupt,0.0,1.1635317437360368,514219979,thermal_anomaly
10440.0,174.0,2.9,0,0.0,330.9788696740969,330.9788696740969,84.87005876774447,84.88056853327433,29.394802350709778,29.42726780931452,11.259775307388825,11.288360743332357,24.48876554488861,24.522288231533942,25.51105984789298,25.576680618464877,11.142603197830649,16.548943483704846,2524.471741852423,2523.5982689491807,2517.067153066731,0.0005512257128852536,0.16378064282213134,0.1546925220893973,22.982764459760027,23.144357380928273,0.0,0.0,0.0,0.0,False,none,0.0,0.0,nominal,0.7276592359230265,0.0,41,thermal_anomaly,3.290770054265242,0.7276592359230265,abrupt,0.0,1.1635317437360368,514219979,thermal_anomaly
10500.0,175.0,2.9166666666666665,0,0.0,332.6794919243112,332.6794919243112,84.37499999999994,84.45986059971467,29.374999999999996,29.370218877538566,11.325259299551021,11.338308529736414,24.49336935113983,24.53450218061193,25.504239318302268,25.639158843443923,11.260919856165351,16.633974596215563,2566.9872981077806,2545.292783528481,2540.8950307849354,0.0010965022490355544,0.17741255622588886,0.1878360741923911,22.976733593165047,22.838731693531493,0.0,0.0,0.0,0.0,False,none,0.0,0.0,nominal,0.7276592359230265,0.0,41,thermal_anomaly,3.290770054265242,0.7276592359230265,abrupt,0.0,1.1635317437360368,514219979,thermal_anomaly
10560.0,176.0,2.933333333333333,0,0.0,335.13710349045203,335.13710349045203,83.87628407218678,83.53702608022081,29.355051362887473,29.327578435963442,11.416675765526124,11.410870662801408,24.498499931175697,24.469711194218043,25.497719114104896,25.61741514041641,11.427238842812121,16.756855174522602,2628.4275872613007,2586.860185394891,2589.1373208762875,0.0016213169101006175,0.19053292275251543,0.19029154857127845,22.970817893030137,23.05155547331174,0.0,0.0,0.0,0.0,False,none,0.0,0.0,nominal,0.7276592359230265,0.0,41,thermal_anomaly,3.290770054265242,0.7276592359230265,abrupt,0.0,1.1635317437360368,514219979,thermal_anomaly
10620.0,177.0,2.95,0,0.0,338.2442949541506,338.2442949541506,83.37294434755262,83.2386234021296,29.334917773902106,29.33561479964999,11.530432693255086,11.562312137409911,24.504295832413625,24.515515519982422,25.491561790687474,25.360504012006796,11.63607024749486,16.91221474770753,2706.1073738537643,2646.4837796243282,2637.2070839801804,0.002102732777051843,0.20256831942629605,0.2011353280923074,22.965032199749515,22.895053212237762,0.0,0.0,0.0,0.0,False,none,0.0,0.0,nominal,0.7276592359230265,0.0,41,thermal_anomaly,3.290770054265242,0.7276592359230265,abrupt,0.0,1.1635317437360368,514219979,thermal_anomaly
10680.0,178.0,2.966666666666667,0,0.0,341.86526713848394,341.86526713848394,82.86421627145369,82.55646288479595,29.31456865085815,29.352916998480072,11.66195795715644,11.641925739475479,24.51087039432434,24.50481737776789,25.48581582307582,25.459468989155557,11.880101071558753,17.093263356924197,2796.631678462098,2721.557729043213,2712.030936039786,0.002519709666413667,0.21299274166034166,0.20480871129435227,22.959387524789026,22.911925056506803,0.0,0.0,0.0,0.0,False,none,0.0,0.0,nominal,0.7276592359230265,0.0,41,thermal_anomaly,3.290770054265242,0.7276592359230265,abrupt,0.0,1.1635317437360368,514219979,thermal_anomaly
10740.0,179.0,2.9833333333333334,0,0.0,345.8417661836448,345.8417661836448,82.34957078606136,82.44328943356777,29.293982831442456,29.27642198754438,11.80589775632825,11.839828213767712,24.518306297780494,24.58684204287979,25.48051347310958,25.4982484166308,12.150337746630113,17.29208830918224,2896.044154591119,2808.800941817166,2811.294024566994,0.0028540236872440245,0.2213505921811006,0.2310739848555,22.953890522352282,22.929700627054707,0.0,0.0,0.0,0.0,False,none,0.0,0.0,nominal,0.7276592359230265,0.0,41,thermal_anomaly,3.290770054265242,0.7276592359230265,abrupt,0.0,1.1635317437360368,514219979,thermal_anomaly
10800.0,180.0,3.0,1,600.0,349.99999999999994,-250.00000000000006,82.72159459558517,82.56629746303044,29.308863783823405,29.22354615769963,-8.529842775344429,-8.471977480002288,24.525931984733038,24.40315159787081,25.4916693653247,25.36018596799414,6.820657421767644,17.499999999999996,2999.999999999999,2904.400470908583,2908.1750066852046,0.003091063712615916,0.22727659281539792,0.2275738769411706,22.94854315321092,22.750135177047405,0.0,0.0,0.0,0.0,False,none,0.0,0.0,nominal,0.7276592359230265,0.0,41,thermal_anomaly,3.290770054265242,0.7276592359230265,abrupt,0.0,1.1635317437360368,514219979,thermal_anomaly
10860.0,181.0,3.0166666666666666,1,601.2556165273943,354.15823381635516,-247.09738271103913,83.08929903414327,83.10194084805917,29.32357196136573,29.327483802157538,-8.42657855723013,-8.372197832362527,24.53304498647295,24.494741694035444,25.50315183378374,25.57206093934987,6.680578094493649,17.70791169081776,3103.9558454088797,3004.1781581587315,2994.9879123005912,0.0032204699559763308,0.23051174889940826,0.2214864004759549,22.94334256087759,23.002156797849082,0.0,0.0,0.0,0.0,False,none,0.0,0.0,nominal,0.7276592359230265,0.0,41,thermal_anomaly,3.290770054265242,0.7276592359230265,abrupt,0.0,1.1635317437360368,514219979,thermal_anomaly
10920.0,182.0,3.033333333333333,1,602.5051158172811,358.134732861516,-244.37038295576508,83.45294543735125,83.1047897969014,29.33811781749405,29.28741983045034,-8.329449914815232,-8.32058534514744,24.539681312789693,24.556391621979344,25.51494009239962,25.523306803689536,6.550378870673239,17.9067366430758,3203.3683215379006,3103.773239848316,3109.039157228995,0.0032365867435303767,0.2309146685882594,0.22208061053359096,22.938281169789555,22.893694500748456,0.0,0.0,0.0,0.0,False,none,0.0,0.0,nominal,0.7276592359230265,0.0,41,thermal_anomaly,3.290770054265242,0.7276592359230265,abrupt,0.0,1.1635317437360368,514219979,thermal_anomaly
10980.0,183.0,3.05,1,603.7424104347197,361.75570504584937,-241.9867053888703,83.81304470132278,83.7916535611431,29.35252178805291,29.333756638816833,-8.24415384600324,-8.216474835901675,24.545900844282706,24.634329471528204,25.526996142165007,25.474672866668225,6.437285810925601,18.08778525229247,3293.8926261462348,3198.8329329972753,3190.1242662786985,0.0031387096943249967,0.2284677423581249,0.2343224975740184,22.933347003501645,23.051576003355105,0.0,0.0,0.0,0.0,False,none,0.0,0.0,nominal,0.7276592359230265,0.0,41,thermal_anomaly,3.290770054265242,0.7276592359230265,abrupt,0.0,1.1635317437360368,514219979,thermal_anomaly
11040.0,184.0,3.066666666666667,1,604.961472404706,364.8628965095479,-240.0985758951581,84.1703342487858,83.75275944443398,29.366813369951434,29.315129350519015,-8.175847098917126,-8.207483150130445,24.551783966092977,24.408184977187865,25.539266462678643,25.56198344291837,6.3475580627897275,18.243144825477398,3371.5724127386984,3285.202672867987,3295.3213405011197,0.0029311165050767652,0.22327791262691912,0.2225441417670676,22.928524208909362,22.86529643583688,0.0,0.0,0.0,0.0,False,none,0.0,0.0,nominal,0.7276592359230265,0.0,41,thermal_anomaly,3.290770054265242,0.7276592359230265,abrupt,0.0,1.1635317437360368,514219979,thermal_anomaly
11100.0,185.0,3.0833333333333335,1,606.1563625798619,367.32050807568874,-238.8358545041732,84.52574474655987,84.90837049930904,29.381029789862396,29.369152663326055,-8.128913663420365,-8.148673242279322,24.557427725589044,24.593932975386696,25.55168438178478,25.585629913766297,6.286338987787384,18.366025403784437,3433.0127018922185,3359.1076873801026,3366.797591799769,0.0026228799942982924,0.21557199985745729,0.207787893503378,22.923793761168582,22.94342060625938,0.0,0.0,0.0,0.0,False,none,0.0,0.0,nominal,0.7276592359230265,0.0,41,thermal_anomaly,3.290770054265242,0.7276592359230265,abrupt,0.0,1.1635317437360368,514219979,thermal_anomaly
11160.0,186.0,3.1,1,607.3212595753644,369.0211303259031,-238.3001292494613,84.88035803413348,84.79242207740884,29.395214321365337,29.397057655809427,-8.106766177794373,-8.066140672851569,24.562941734665223,24.417918109228864,25.564173019763093,25.45912604751821,6.257572628914463,18.451056516295154,3475.5282581475767,3417.3179727638394,3410.749133484856,0.002227471576593636,0.2056867894148409,0.2050605201262157,22.919134314149726,22.810206420520615,0.0,0.0,0.0,0.0,False,none,0.0,0.0,nominal,0.7276592359230265,0.0,41,thermal_anomaly,3.290770054265242,0.7276592359230265,abrupt,0.0,1.1635317437360368,514219979,thermal_anomaly
11220.0,187.0,3.1166666666666667,1,608.450488130146,369.8904379073654,-238.5600502227806,85.23535810886976,84.82225557622309,29.409414324354792,29.454130803912527,-8.111689936824824,-8.09287644454154,24.56844395455888,24.452291395731883,25.576648679395724,25.604430294725578,6.26396109049481,18.494521895368273,3497.260947684136,3457.2894602239876,3461.7566815056907,0.001762172497196506,0.19405431242991264,0.19204344897142941,22.914523153725256,22.89530183389105,0.0,0.0,0.0,0.0,False,none,0.0,0.0,nominal,0.7276592359230265,0.0,41,thermal_anomaly,3.290770054265242,0.7276592359230265,abrupt,0.0,1.1635317437360368,514219979,thermal_anomaly
11280.0,188.0,3.1333333333333333,1,609.5385467561977,369.8904379073655,-239.64810884883218,85.59197731846623,85.95881989784078,29.42367909273865,29.417589831079656,-8.1447363565073,-8.132123342051253,24.574056418916065,24.565018472756222,25.589024533751296,25.550993293101573,6.306938425360945,18.494521895368276,3497.2609476841367,3477.2752039540624,3488.5756811711676,0.0012473185586292885,0.18118296396573222,0.18607638340224159,22.90993720647289,23.01945320142279,0.0,0.0,0.0,0.0,False,none,0.0,0.0,nominal,0.7276592359230265,0.0,41,thermal_anomaly,3.290770054265242,0.7276592359230265,abrupt,0.0,1.1635317437360368,514219979,thermal_anomaly
11340.0,189.0,3.15,1,610.5801345412646,369.02113032590313,-241.55900421536143,85.95144012235815,86.39122044528092,29.438057604894325,29.43465075453855,-8.205670613783981,-8.238604491344311,24.579900888461747,24.63770613966253,25.601214450513876,25.63049007271006,6.386642417753438,18.451056516295157,3475.5282581475776,3476.40173105082,3477.596493919649,0.0007054113485506708,0.16763528371376676,0.17310683409807107,22.905354054727848,22.959106348290362,0.0,0.0,0.0,0.0,False,none,0.0,0.0,nominal,0.7276592359230265,0.0,41,thermal_anomaly,3.290770054265242,0.7276592359230265,abrupt,0.0,1.1635317437360368,514219979,thermal_anomaly
11400.0,190.0,3.1666666666666665,1,611.5701769743577,367.3205080756888,-244.24966889866886,86.3149068915526,86.29326443893663,29.452596275662103,29.444934836816127,-8.29297582503796,-8.335958480993348,24.586094402606886,24.408472363009764,25.613136785717334,25.42894549873969,6.5018758427731225,18.36602540378444,3433.0127018922203,3454.7072164715205,3457.6148044041342,0.00016013481240036295,0.15400337031000907,0.14773646172139976,22.900752910273887,23.029161763959394,0.0,0.0,0.0,0.0,False,none,0.0,0.0,nominal,0.7276592359230265,0.0,41,thermal_anomaly,3.290770054265242,0.7276592359230265,abrupt,0.0,1.1635317437360368,514219979,thermal_anomaly
11460.0,191.0,3.183333333333333,1,612.503850668262,364.86289650954785,-247.64095415871412,86.68342021619354,86.69928164824027,29.46733680864774,29.438404672288048,-8.403913654186736,-8.345788799046675,24.592744706779786,24.448463501383877,25.62471798108255,25.662820579409953,6.650061176562101,18.243144825477394,3371.5724127386957,3413.1398146051083,3407.904985062593,-0.00036467984866476403,0.1591169962166191,0.17202847523305215,22.89616473476289,22.842447324220668,0.0,0.0,0.0,0.0,False,none,0.0,0.0,nominal,0.7276592359230265,0.0,41,thermal_anomaly,3.290770054265242,0.7276592359230265,abrupt,0.0,1.1635317437360368,514219979,thermal_anomaly
11520.0,192.0,3.2,1,613.376606858593,361.7557050458495,-251.62090181274357,87.05785608198632,87.42682355838484,29.482314243279454,29.480095391682347,-8.534638757881803,-8.556320290929007,24.599945587533117,24.649361263806597,25.635895807738475,25.661784482558275,6.827204698203059,18.087785252292473,3293.892626146237,3353.516220375672,3350.03121755606,-0.0008460957156158976,0.17115239289039744,0.15937353509041155,22.89158993230498,22.82161315507156,0.0,0.0,0.0,0.0,False,none,0.0,0.0,nominal,0.7276592359230265,0.0,41,thermal_anomaly,3.290770054265242,0.7276592359230265,abrupt,0.0,1.1635317437360368,514219979,thermal_anomaly
11580.0,193.0,3.216666666666667,1,614.184193564921,358.134732861516,-256.049460703405,87.4388820651759,87.25530956137193,29.497555282607035,29.49968721979558,-8.680362092731874,-8.700845323259642,24.607772230290834,24.658678359476784,25.646622114562717,25.694961180523272,7.027894884874919,17.9067366430758,3203.3683215379,3278.4422709567857,3277.768395387686,-0.001263072604977778,0.18157681512444446,0.18793362433001792,22.887008230467178,22.770223597441873,0.0,0.0,0.0,0.0,False,none,0.0,0.0,nominal,0.7276592359230265,0.0,41,thermal_anomaly,3.290770054265242,0.7276592359230265,abrupt,0.0,1.1635317437360368,514219979,thermal_anomaly
11640.0,194.0,3.2333333333333334,1,614.9226763059908,354.15823381635533,-260.7644424896354,87.82692439030929,87.63857103128758,29.51307697561237,29.523261721154796,-8.835555936953428,-8.857573643935751,24.616276809899766,24.54134062870288,25.65686496102785,25.742994498604645,7.245363897202638,17.707911690817767,3103.955845408883,3191.1990581828345,3191.1574659061625,-0.001597386625808079,0.18993466564520198,0.1909225093471575,22.88240130198374,22.85742010393328,0.0,0.0,0.0,0.0,False,none,0.0,0.0,nominal,0.7276592359230265,0.0,41,thermal_anomaly,3.290770054265242,0.7276592359230265,abrupt,0.0,1.1635317437360368,514219979,thermal_anomaly
11700.0,195.0,3.25,1,615.5884572681198,349.99999999999994,-265.58845726811984,88.22214530886305,88.25347519826724,29.52888581235452,29.527184082615822,-8.99419161819512,-8.953643664372903,24.62548461113765,24.772917587282098,25.666610041339627,25.593693185433757,7.47163862918491,17.499999999999996,2999.999999999999,3095.599529091417,3105.0590160376773,-0.0018344266511800132,0.19586066627950033,0.20207673606765547,22.877753521613645,22.801648796118396,0.0,0.0,0.0,0.0,False,none,0.0,0.0,nominal,0.7276592359230265,0.0,41,thermal_anomaly,3.290770054265242,0.7276592359230265,abrupt,0.0,1.1635317437360368,514219979,thermal_anomaly
11760.0,196.0,3.2666666666666666,1,616.178292833385,345.8417661836449,-270.33652664974005,88.62443180685374,88.92134095191746,29.54497727227415,29.57377923308419,-9.149999479046192,-9.187659124039852,24.635391034261904,24.784975504578803,25.675861337627275,25.790502901649013,7.697799237323648,17.292088309182244,2896.044154591122,2995.82184184127,2992.4609425715835,-0.0019638328945403845,0.1990958223635096,0.19653194308465374,22.8730526121147,22.90467280289717,0.0,0.0,0.0,0.0,False,none,0.0,0.0,nominal,0.7276592359230265,0.0,41,thermal_anomaly,3.290770054265242,0.7276592359230265,abrupt,0.0,1.1635317437360368,514219979,thermal_anomaly
11820.0,197.0,3.283333333333333,1,616.6893093822022,341.86526713848406,-274.8240422437181,89.0333961554307,89.17069306619595,29.561335846217226,29.59449503075345,-9.296739622099507,-9.320152826827144,24.645959852749964,24.712670859166394,25.684640973640104,25.679976444259133,7.9143494080891905,17.093263356924204,2796.6316784621013,2896.226760151685,2894.0832058519795,-0.0019799496820944516,0.1994987420523613,0.19612393022784202,22.868290155358302,22.792728371945138,0.0,0.0,0.0,0.0,False,none,0.0,0.0,nominal,0.7276592359230265,0.0,41,thermal_anomaly,3.290770054265242,0.7276592359230265,abrupt,0.0,1.1635317437360368,514219979,thermal_anomaly
11880.0,198.0,3.3,1,617.1190172933127,338.24429495415046,-278.87472233916225,89.44838830176873,89.13231278000715,29.57793553207075,29.528557923442836,-9.428471504942733,-9.440322526676082,24.700437294390532,24.5317883941795,25.741030463533974,25.875074933212463,19.026574532406766,35.37170863933202,2706.107373853761,2801.1670670027233,2793.578528342336,-0.0018820726328891437,0.19705181582222858,0.21370314797137793,22.863461948536482,22.904853504490063,0.0,0.0,0.7276592359230265,0.0,True,thermal_anomaly,1.0,0.7276592359230265,thermal_anomaly,0.7276592359230265,0.7276592359230265,41,thermal_anomaly,3.290770054265242,0.7276592359230265,abrupt,0.0,1.1635317437360368,514219979,thermal_anomaly
11940.0,199.0,3.316666666666667,1,617.465323072968,335.13710349045215,-282.3282195825158,89.86851958090938,90.07911984750812,29.594740783236375,29.5838001878482,-9.539810524119801,-9.616638253740575,24.755293755007827,24.64204377277311,25.7965159270764,25.760025528849845,19.195527325733952,35.04677582367151,2628.427587261303,2714.7973271320134,2703.544029348525,-0.001674479443640806,0.19186198609102015,0.18443223987516807,22.858568189820804,22.94885684567628,0.0,0.0,0.7276592359230265,0.0,True,thermal_anomaly,1.0,0.7276592359230265,thermal_anomaly,0.7276592359230265,0.7276592359230265,41,thermal_anomaly,3.290770054265242,0.7276592359230265,abrupt,0.0,1.1635317437360368,514219979,thermal_anomaly
12000.0,200.0,3.3333333333333335,1,617.7265395542198,332.6794919243112,-285.0470476299086,90.29269673512056,90.3330877604202,29.61170786940482,29.625966382722364,-9.626160331144652,-9.64617743369846,24.81040610481415,24.98696361959962,25.851237297838736,25.95822519788197,19.32792555651763,34.789772463783436,2566.9872981077806,2640.892312619897,2631.606800082146,-0.0013662429328623895,0.18415607332155973,0.1840130665534257,22.85361348293644,22.776401595333983,0.0,0.0,0.7276592359230265,0.0,True,thermal_anomaly,1.0,0.7276592359230265,thermal_anomaly,0.7276592359230265,0.7276592359230265,41,thermal_anomaly,3.290770054265242,0.7276592359230265,abrupt,0.0,1.1635317437360368,514219979,thermal_anomaly
12060.0,201.0,3.35,1,617.9013941166289,330.978869674097,-286.92252444253194,90.71966477744576,90.63945477108311,29.62878659109783,29.61873492471107,-9.68391073189409,-9.702898709217596,24.865629528516866,24.815597941041474,25.905356343238896,25.957535637990176,19.41713870390888,34.61193083973388,2524.471741852424,2582.6820272361606,2575.0233301944863,-0.0009708345151576976,0.17427086287894245,0.1697320251064431,22.848606656097854,22.734979939047015,0.0,0.0,0.7276592359230265,0.0,True,thermal_anomaly,1.0,0.7276592359230265,thermal_anomaly,0.7276592359230265,0.7276592359230265,41,thermal_anomaly,3.290770054265242,0.7276592359230265,abrupt,0.0,1.1635317437360368,514219979,thermal_anomaly
12120.0,202.0,3.3666666666666667,1,617.9890348863438,330.1095620926345,-287.8794727937093,91.14805685005544,91.007222453099,29.645922274002217,29.645201535214177,-9.710592577724025,-9.782361342885444,24.920804268453434,25.044819263982667,25.95904964663561,25.783464513539585,19.458537195689313,34.521023483872575,2502.7390523158633,2542.710539776012,2534.943664926422,-0.0005055354357605888,0.16263838589401472,0.1639119461970538,22.84356039768733,22.885799118559653,0.0,0.0,0.7276592359230265,0.0,True,thermal_anomaly,1.0,0.7276592359230265,thermal_anomaly,0.7276592359230265,0.7276592359230265,41,thermal_anomaly,3.290770054265242,0.7276592359230265,abrupt,0.0,1.1635317437360368,514219979,thermal_anomaly
12180.0,203.0,3.3833333333333333,1,617.9890348863438,330.1095620926345,-287.8794727937093,91.57644892266512,91.42456889259618,29.663057956906606,29.65539605953796,-9.704982986310108,-9.720648827556465,24.975763450637565,24.8584846852302,26.012500941660146,25.988788728598802,19.44982412001089,34.521023483872575,2502.7390523158633,2522.724796045938,2525.810427660892,9.318502806628603e-06,0.15023296257016572,0.14703795228574493,22.838491976842484,22.818669995441542,0.0,0.0,0.7276592359230265,0.0,True,thermal_anomaly,1.0,0.7276592359230265,thermal_anomaly,0.7276592359230265,0.7276592359230265,41,thermal_anomaly,3.290770054265242,0.7276592359230265,abrupt,0.0,1.1635317437360368,514219979,thermal_anomaly
12240.0,204.0,3.4,1,617.9013941166289,330.9788696740969,-286.922524442532,92.00341696499031,92.2018275570608,29.680136678599613,29.674056278739894,-9.667156440334484,-9.651167548723599,25.030341439032668,24.91272438315876,26.065893133812992,26.06574433838559,19.391201630197436,34.61193083973387,2524.471741852423,2523.5982689491807,2518.9845261906876,0.0005512257128852536,0.16378064282213134,0.16240246473409642,22.833491925507733,22.906377531574332,0.0,0.0,0.7276592359230265,0.0,True,thermal_anomaly,1.0,0.7276592359230265,thermal_anomaly,0.7276592359230265,0.7276592359230265,41,thermal_anomaly,3.290770054265242,0.7276592359230265,abrupt,0.0,1.1635317437360368,514219979,thermal_anomaly
12300.0,205.0,3.4166666666666665,1,617.7265395542198,332.67949192431115,-285.04704762990866,92.4275941192015,92.42094358816273,29.69710376476806,29.6920298146014,-9.598479699831259,-9.636237447310918,25.084382103577447,24.963069735390174,26.119400358021096,25.95680869123264,19.28535354269122,34.78977246378343,2566.9872981077788,2545.29278352848,2539.666283176433,0.0010965022490355331,0.1774125562258883,0.17113339797042595,22.828580602919644,22.975627622063097,0.0,0.0,0.7276592359230265,0.0,True,thermal_anomaly,1.0,0.7276592359230265,thermal_anomaly,0.7276592359230265,0.7276592359230265,41,thermal_anomaly,3.290770054265242,0.7276592359230265,abrupt,0.0,1.1635317437360368,514219979,thermal_anomaly
12360.0,206.0,3.433333333333333,1,617.465323072968,335.13710349045215,-282.3282195825158,92.84772539834213,92.94402123681695,29.713909015933687,29.703919938297815,-9.501550921190514,-9.502906768974135,25.137746396243482,25.124941613372595,26.173180419279554,26.042862930635064,19.1372461314835,35.04677582367151,2628.427587261303,2586.8601853948917,2591.012141448252,0.00162131691010066,0.1905329227525165,0.18901244725971666,22.823776050211574,22.81776401125715,0.0,0.0,0.7276592359230265,0.0,True,thermal_anomaly,1.0,0.7276592359230265,thermal_anomaly,0.7276592359230265,0.7276592359230265,41,thermal_anomaly,3.290770054265242,0.7276592359230265,abrupt,0.0,1.1635317437360368,514219979,thermal_anomaly
12420.0,207.0,3.45,1,617.1190172933127,338.24429495415046,-278.87472233916225,93.26271754468019,93.53995232326712,29.73050870178721,29.785816848251542,-9.380085794576333,-9.369180282072072,25.190318705388563,25.018098914108293,26.227367946759024,26.180098269658565,18.953769299934415,35.37170863933202,2706.107373853761,2646.4837796243264,2654.587434213346,0.0021027327770517935,0.20256831942629483,0.19702304667275322,22.81909317075209,23.073939162000265,0.0,0.0,0.7276592359230265,0.0,True,thermal_anomaly,1.0,0.7276592359230265,thermal_anomaly,0.7276592359230265,0.7276592359230265,41,thermal_anomaly,3.290770054265242,0.7276592359230265,abrupt,0.0,1.1635317437360368,514219979,thermal_anomaly
12480.0,208.0,3.466666666666667,1,616.6893093822022,341.86526713848394,-274.8240422437182,93.67168189325714,93.79022469920676,29.746867275730285,29.737576533680674,-9.238755788847056,-9.227956168643411,25.242011590763422,25.325444625975557,26.282068560578278,26.35891686263908,18.743257220921798,35.75036978751999,2796.631678462098,2721.5577290432116,2727.579040238509,0.0025197096664136883,0.2129927416603422,0.20706584178271123,22.814543038509083,22.92216066092305,0.0,0.0,0.7276592359230265,0.0,True,thermal_anomaly,1.0,0.7276592359230265,thermal_anomaly,0.7276592359230265,0.7276592359230265,41,thermal_anomaly,3.290770054265242,0.7276592359230265,abrupt,0.0,1.1635317437360368,514219979,thermal_anomaly
12540.0,209.0,3.4833333333333334,1,616.178292833385,345.8417661836449,-270.33652664974005,94.07396839124782,94.1700511546535,29.762958735649914,29.76376416695634,-9.082985634957469,-9.136388128403397,25.29276867066411,25.28625520064957,26.33735430618293,26.263293527483356,18.514938782432896,36.16620995904182,2896.0441545911226,2808.8009418171673,2808.1440518171034,0.0028540236872440883,0.2213505921811022,0.220350554073641,22.810132369719437,22.81365955976448,0.0,0.0,0.7276592359230265,0.0,True,thermal_anomaly,1.0,0.7276592359230265,thermal_anomaly,0.7276592359230265,0.7276592359230265,41,thermal_anomaly,3.290770054265242,0.7276592359230265,abrupt,0.0,1.1635317437360368,514219979,thermal_anomaly
12600.0,210.0,3.5,1,615.5884572681198,349.99999999999994,-265.58845726811984,94.46918930980158,94.55462937635069,29.778767572392063,29.768065938367414,-8.918718903409127,-8.958707827995266,25.342565614996296,25.359948306818186,26.39326055587096,26.373917588266302,18.27837228908758,36.601054942979445,2999.999999999999,2904.4004709085834,2907.9330768748778,0.0030910637126159027,0.22727659281539755,0.23269356062001886,22.80586318672282,22.800130767786403,0.0,0.0,0.7276592359230265,0.0,True,thermal_anomaly,1.0,0.7276592359230265,thermal_anomaly,0.7276592359230265,0.7276592359230265,41,thermal_anomaly,3.290770054265242,0.7276592359230265,abrupt,0.0,1.1635317437360368,514219979,thermal_anomaly
12660.0,211.0,3.5166666666666666,1,614.9226763059908,354.15823381635516,-260.7644424896356,94.85723163493495,95.36390882310309,29.7942892653974,29.812347851031102,-8.752161871251051,-8.73564339312301,25.39140936855044,25.249967997819653,26.449784512884232,26.533657268216363,18.042915532491854,37.03589992691708,3103.955845408879,3004.1781581587315,3001.9084548712717,0.003220469955976316,0.2305117488994079,0.2338138667280224,22.80173269413815,22.717199689182404,0.0,0.0,0.7276592359230265,0.0,True,thermal_anomaly,1.0,0.7276592359230265,thermal_anomaly,0.7276592359230265,0.7276592359230265,41,thermal_anomaly,3.290770054265242,0.7276592359230265,abrupt,0.0,1.1635317437360368,514219979,thermal_anomaly
12720.0,212.0,3.533333333333333,1,614.184193564921,358.1347328615159,-256.0494607034051,95.23825761812455,95.39778099794489,29.80953030472498,29.803621014203337,-8.589516778223768,-8.616091075865684,25.439335865656883,25.469305144455713,26.506885383445425,26.63835231386346,17.817272417516406,37.45174009843889,3203.3683215378974,3103.773239848314,3099.588925021007,0.003236586743530341,0.23091466858825851,0.24016778793601962,22.797733377050662,22.875463309756924,0.0,0.0,0.7276592359230265,0.0,True,thermal_anomaly,1.0,0.7276592359230265,thermal_anomaly,0.7276592359230265,0.7276592359230265,41,thermal_anomaly,3.290770054265242,0.7276592359230265,abrupt,0.0,1.1635317437360368,514219979,thermal_anomaly
12780.0,213.0,3.55,1,613.376606858593,361.7557050458495,-251.62090181274357,95.61269348391733,95.6485492635409,29.824507739356694,29.80414225879542,-8.436716005900822,-8.442962527398755,25.486406585012,25.275218674065304,26.56448620922255,26.551098989489855,17.609142695983248,37.83040124662687,3293.8926261462375,3198.8329329972757,3195.0574298503575,0.003138709694325054,0.22846774235812634,0.22771077165454995,22.793853319208296,22.889537756630162,0.0,0.0,0.7276592359230265,0.0,True,thermal_anomaly,1.0,0.7276592359230265,thermal_anomaly,0.7276592359230265,0.7276592359230265,41,thermal_anomaly,3.290770054265242,0.7276592359230265,abrupt,0.0,1.1635317437360368,514219979,thermal_anomaly
12840.0,214.0,3.566666666666667,1,612.503850668262,364.86289650954785,-247.64095415871412,95.98120680855826,96.19739470361563,29.83924827234233,29.801067487557077,-8.299168661974965,-8.371769646628358,25.532704324852414,25.507883669296785,26.622477280134575,26.637370271263823,17.424984577237986,38.15533406228739,3371.5724127386957,3285.202672867986,3286.9113883832615,0.0029311165050767154,0.22327791262691787,0.21993184605764127,22.790076727248213,22.84383540272694,0.0,0.0,0.7276592359230265,0.0,True,thermal_anomaly,1.0,0.7276592359230265,thermal_anomaly,0.7276592359230265,0.7276592359230265,41,thermal_anomaly,3.290770054265242,0.7276592359230265,abrupt,0.0,1.1635317437360368,514219979,thermal_anomaly
12900.0,215.0,3.5833333333333335,1,611.5701769743577,367.32050807568874,-244.24966889866892,96.3446735777527,96.32669792799867,29.85378694311011,29.849501827437006,-8.181530516182598,-8.167588482340657,25.578328556203196,25.687037333326234,26.68072097834316,26.746702139889052,17.269883865823566,38.412337422175455,3433.0127018922185,3359.1076873801026,3365.5653940237075,0.0026228799942983067,0.21557199985745767,0.2134215018291679,22.78638463561989,22.659261999855058,0.0,0.0,0.7276592359230265,0.0,True,thermal_anomaly,1.0,0.7276592359230265,thermal_anomaly,0.7276592359230265,0.7276592359230265,41,thermal_anomaly,3.290770054265242,0.7276592359230265,abrupt,0.0,1.1635317437360368,514219979,thermal_anomaly
12960.0,216.0,3.6,1,610.5801345412646,369.021130325903,-241.55900421536154,96.70413638164462,96.86539284315835,29.868165455265785,29.87996642582781,-8.087507234990706,-8.097647974361694,25.62339064663219,25.71632693455614,26.739057841725867,26.593705856643442,17.14751040092756,38.59017904622502,3475.5282581475753,3417.317972763839,3420.276276087999,0.002227471576593615,0.20568678941484037,0.20189136207343733,22.782755757042647,22.780862056492126,0.0,0.0,0.7276592359230265,0.0,True,thermal_anomaly,1.0,0.7276592359230265,thermal_anomaly,0.7276592359230265,0.7276592359230265,41,thermal_anomaly,3.290770054265242,0.7276592359230265,abrupt,0.0,1.1635317437360368,514219979,thermal_anomaly
13020.0,217.0,3.6166666666666667,1,609.5385467561977,369.8904379073655,-239.64810884883218,97.0607555912411,96.99190809404439,29.882430223649642,29.88287021868953,-8.019699437268967,-8.087377088073946,25.668009156175412,25.638747808510573,26.797313581828924,26.817486507674854,17.06013486397597,38.68108640208632,3497.2609476841367,3457.2894602239876,3461.5170892972674,0.0017621724971965198,0.194054312429913,0.19292087392998472,22.779167435796477,22.850477094639537,0.0,0.0,0.7276592359230265,0.0,True,thermal_anomaly,1.0,0.7276592359230265,thermal_anomaly,0.7276592359230265,0.7276592359230265,41,thermal_anomaly,3.290770054265242,0.7276592359230265,abrupt,0.0,1.1635317437360368,514219979,thermal_anomaly
13080.0,218.0,3.6333333333333333,1,608.4504881301461,369.8904379073655,-238.56005022278066,97.41575566597737,97.149749724423,29.896630226639097,29.90350670706695,-7.979496298222068,-8.004822592646248,25.712305311344522,25.55489859371282,26.855306749582347,26.90398579329661,17.008677432712574,38.68108640208632,3497.2609476841367,3477.2752039540624,3475.8733158640775,0.0012473185586292885,0.18118296396573222,0.18661878326124678,22.77559665642858,22.83932017711063,0.0,0.0,0.7276592359230265,0.0,True,thermal_anomaly,1.0,0.7276592359230265,thermal_anomaly,0.7276592359230265,0.7276592359230265,41,thermal_anomaly,3.290770054265242,0.7276592359230265,abrupt,0.0,1.1635317437360368,514219979,thermal_anomaly
13140.0,219.0,3.65,1,607.3212595753644,369.02113032590313,-238.30012924946124,97.77036895355099,97.61039137050658,29.91081475814204,29.96905261331268,-7.967022335444521,-7.940459106999868,25.75639868226445,25.85226236800524,26.912856713749875,26.719786720871564,16.99276413032315,38.59017904622503,3475.5282581475776,3476.40173105082,3479.007129839851,0.0007054113485506708,0.16763528371376676,0.16075976687548615,22.77202105880887,22.72134316692718,0.0,0.0,0.7276592359230265,0.0,True,thermal_anomaly,1.0,0.7276592359230265,thermal_anomaly,0.7276592359230265,0.7276592359230265,41,thermal_anomaly,3.290770054265242,0.7276592359230265,abrupt,0.0,1.1635317437360368,514219979,thermal_anomaly
13200.0,220.0,3.6666666666666665,1,606.156362579862,367.32050807568874,-238.8358545041733,98.12577945132504,98.16984830443104,29.925031178053,29.911858285960857,-7.98113970485469,-7.99647896307795,25.80040303773244,25.78641063360463,26.969791603418138,26.896615727045106,17.010775817918038,38.412337422175455,3433.0127018922185,3454.7072164715196,3447.704772599556,0.0001601348124003416,0.15400337031000855,0.16124691810735695,22.768419911824303,22.669590430941895,0.0,0.0,0.7276592359230265,0.0,True,thermal_anomaly,1.0,0.7276592359230265,thermal_anomaly,0.7276592359230265,0.7276592359230265,41,thermal_anomaly,3.290770054265242,0.7276592359230265,abrupt,0.0,1.1635317437360368,514219979,thermal_anomaly
13260.0,221.0,3.683333333333333,1,604.961472404706,364.8628965095479,-240.0985758951581,98.4830689987881,98.37036562522174,29.939322759951523,29.926111872281435,-8.019505912683071,-7.998719684318749,25.844422342125437,25.585151147213743,27.025955867401183,27.026499763286836,17.059886545530098,38.155334062287395,3371.572412738698,3413.1398146051088,3415.8742711194554,-0.0003646798486647144,0.15911699621661785,0.15384859331871223,22.76482423380168,22.70638344026402,0.0,0.0,0.7276592359230265,0.0,True,thermal_anomaly,1.0,0.7276592359230265,thermal_anomaly,0.7276592359230265,0.7276592359230265,41,thermal_anomaly,3.290770054265242,0.7276592359230265,abrupt,0.0,1.1635317437360368,514219979,thermal_anomaly
13320.0,222.0,3.7,1,603.7424104347197,361.7557050458495,-241.98670538887018,98.84316826275963,98.95954831556426,29.953726730510386,29.93854776195199,-8.07868441766835,-8.051448936938012,25.888546886974108,26.082686182545185,27.08121712017904,27.05567238757616,17.13609989246759,37.83040124662687,3293.8926261462375,3353.5162203756736,3351.014980644435,-0.0008460957156158975,0.17115239289039744,0.17356557402887124,22.761234485100978,22.795399910121645,0.0,0.0,0.7276592359230265,0.0,True,thermal_anomaly,1.0,0.7276592359230265,thermal_anomaly,0.7276592359230265,0.7276592359230265,41,thermal_anomaly,3.290770054265242,0.7276592359230265,abrupt,0.0,1.1635317437360368,514219979,thermal_anomaly
13380.0,223.0,3.716666666666667,1,602.5051158172813,358.13473286151617,-244.37038295576514,99.20681466596761,99.31560597704025,29.968272586638705,29.975113467178417,-8.154303263536024,-8.128780608836722,25.932849610642595,25.961265113225572,27.13547197517097,27.270995650232628,17.234301475942537,37.45174009843892,3203.3683215379037,3278.442270956789,3276.377477139633,-0.0012630726049777355,0.18157681512444337,0.18451201794783556,22.757630449117205,22.704992090410503,0.0,0.0,0.7276592359230265,0.0,True,thermal_anomaly,1.0,0.7276592359230265,thermal_anomaly,0.7276592359230265,0.7276592359230265,41,thermal_anomaly,3.290770054265242,0.7276592359230265,abrupt,0.0,1.1635317437360368,514219979,thermal_anomaly
13440.0,224.0,3.7333333333333334,1,601.2556165273943,354.15823381635516,-247.09738271103913,99.5745191045257,99.54464798813115,29.98298076418103,29.97293143771989,-8.24125475230376,-8.275576378432913,25.977382737046504,25.895638396020413,27.188650610402295,27.245651414887412,17.348350930234943,37.03589992691708,3103.955845408879,3191.1990581828345,3194.491850872495,-0.0015973866258081563,0.1899346656452039,0.18845213594404836,22.753993853993894,22.874508452123493,0.0,0.0,0.7276592359230265,0.0,True,thermal_anomaly,1.0,0.7276592359230265,thermal_anomaly,0.7276592359230265,0.7276592359230265,41,thermal_anomaly,3.290770054265242,0.7276592359230265,abrupt,0.0,1.1635317437360368,514219979,thermal_anomaly
13500.0,225.0,3.75,1,600.0,349.99999999999994,-250.00000000000006,99.94654291404952,100.00874193048053,29.99786171656198,29.99003890730844,-8.333927343293729,-8.360635458059225,26.022174939830876,26.08437109916464,27.24071986702428,27.260741803758865,17.471236135909308,36.601054942979445,2999.999999999999,3095.599529091417,3088.0791451090604,-0.0018344266511800132,0.19586066627950033,0.20548762185516153,22.75030912948372,22.482801640335484,0.0,0.0,0.7276592359230265,0.0,True,thermal_anomaly,1.0,0.7276592359230265,thermal_anomaly,0.7276592359230265,0.7276592359230265,41,thermal_anomaly,3.290770054265242,0.7276592359230265,abrupt,0.0,1.1635317437360368,514219979,thermal_anomaly
13560.0,226.0,3.7666666666666666,1,598.7443834726058,345.8417661836449,-252.90261728896093,100.0,100.0,30.0,29.992849784868373,-8.430087242965364,-8.42338581302686,26.067245599444256,26.156308376947834,27.291684745267755,26.98304512653667,17.60019821276599,36.16620995904182,2896.0441545911226,2995.82184184127,2998.3167031358116,-0.0019638328945403775,0.19909582236350942,0.1994062881631272,22.746564052925752,22.913090571185325,0.0,0.0,0.7276592359230265,0.0,True,thermal_anomaly,1.0,0.7276592359230265,thermal_anomaly,0.7276592359230265,0.7276592359230265,41,thermal_anomaly,3.290770054265242,0.7276592359230265,abrupt,0.0,1.1635317437360368,514219979,thermal_anomaly
13620.0,227.0,3.783333333333333,1,597.4948841827188,341.86526713848394,-255.62961704423486,100.0,100.0,30.0,30.054563034738166,-8.520987234807828,-8.540524849860047,26.112574795002676,26.025200932887085,27.341588232451176,27.424398210384425,17.723466415306035,35.75036978751999,2796.631678462098,2896.226760151684,2905.7059411992523,-0.001979949682094487,0.19949874205236218,0.21220994921685174,22.74275026036327,22.845190237743324,0.0,0.0,0.7276592359230265,0.0,True,thermal_anomaly,1.0,0.7276592359230265,thermal_anomaly,0.7276592359230265,0.7276592359230265,41,thermal_anomaly,3.290770054265242,0.7276592359230265,abrupt,0.0,1.1635317437360368,514219979,thermal_anomaly
13680.0,228.0,3.8,1,596.2575895652803,338.2442949541506,-258.01329461112977,100.0,99.90137805188229,30.0,29.98814147318594,-8.600443153704326,-8.553807663436434,26.15811353159833,26.17408789875432,27.39050947056085,27.50552974202638,17.83229833405337,35.371708639332034,2706.1073738537643,2801.1670670027247,2817.6087957720224,-0.001882072632889087,0.19705181582222717,0.19809842936913707,22.738863602753913,22.635956943859913,0.0,0.0,0.7276592359230265,0.0,True,thermal_anomaly,1.0,0.7276592359230265,thermal_anomaly,0.7276592359230265,0.7276592359230265,41,thermal_anomaly,3.290770054265242,0.7276592359230265,abrupt,0.0,1.1635317437360368,514219979,thermal_anomaly
13740.0,229.0,3.816666666666667,1,595.038527595294,335.13710349045215,-259.90142410484185,100.0,99.5624786672988,30.0,30.07335210360946,-8.663380803494729,-8.699061958553655,26.20378807303228,26.158430917216045,27.438560343489897,27.36217396769088,17.919221894554276,35.04677582367151,2628.427587261303,2714.797327132014,2713.6260175812718,-0.0016744794436408194,0.19186198609102048,0.19174795406908027,22.734904331631604,22.702146087765087,0.0,0.0,0.7276592359230265,0.0,True,thermal_anomaly,1.0,0.7276592359230265,thermal_anomaly,0.7276592359230265,0.7276592359230265,41,thermal_anomaly,3.290770054265242,0.7276592359230265,abrupt,0.0,1.1635317437360368,514219979,thermal_anomaly
13800.0,230.0,3.8333333333333335,1,593.843637420138,332.67949192431126,-261.1641454958267,100.0,100.0,30.0,30.009419936799794,-8.705471516527556,-8.738960423759654,26.24950316632553,26.02100631688698,27.485880633090844,27.42414586471587,17.977707284851206,34.78977246378344,2566.9872981077824,2640.8923126198983,2631.9932436488857,-0.001366242932862375,0.18415607332155937,0.18432383332615077,22.730877103683657,22.7329826954324,0.0,0.0,0.7276592359230265,0.0,True,thermal_anomaly,1.0,0.7276592359230265,thermal_anomaly,0.7276592359230265,0.7276592359230265,41,thermal_anomaly,3.290770054265242,0.7276592359230265,abrupt,0.0,1.1635317437360368,514219979,thermal_anomaly
13860.0,231.0,3.85,1,592.6787404246356,330.9788696740969,-261.6998707505387,100.0,99.54434004791037,30.0,29.970417712274585,-8.723329025017957,-8.755846534672258,26.295146719082137,26.48272458983621,27.532631955746602,27.447743843233724,18.002606081143057,34.61193083973387,2524.471741852423,2582.682027236161,2587.14113525109,-0.0009708345151577327,0.1742708628789433,0.1747841904824523,22.726790799689468,22.87092280086364,0.0,0.0,0.7276592359230265,0.0,True,thermal_anomaly,1.0,0.7276592359230265,thermal_anomaly,0.7276592359230265,0.7276592359230265,41,thermal_anomaly,3.290770054265242,0.7276592359230265,abrupt,0.0,1.1635317437360368,514219979,thermal_anomaly
13920.0,232.0,3.8666666666666667,1,591.549511869854,330.1095620926345,-261.43994977721945,100.0,99.9398595467068,30.0,30.01527637651302,-8.714664992573981,-8.717819403148683,26.340595688259764,26.406139427452377,27.578990744461656,27.526630748729897,17.990519413468956,34.521023483872575,2502.739052315864,2542.710539776012,2543.5825793458616,-0.0005055354357605887,0.16263838589401472,0.157750561053357,22.722658160202005,22.6012610693586,0.0,0.0,0.7276592359230265,0.0,True,thermal_anomaly,1.0,0.7276592359230265,thermal_anomaly,0.7276592359230265,0.7276592359230265,41,thermal_anomaly,3.290770054265242,0.7276592359230265,abrupt,0.0,1.1635317437360368,514219979,thermal_anomaly
13980.0,233.0,3.8833333333333333,1,590.4614532438022,330.1095620926345,-260.3518911511677,100.0,99.85898238035168,30.0,29.975488119160673,-8.67839637170559,-8.662411106477556,26.385722801233296,26.66995112860884,27.62514058319071,27.54150587073349,17.94005362560002,34.521023483872575,2502.7390523158633,2522.724796045938,2517.6157858567517,9.318502806628603e-06,0.15023296257016572,0.1528285090119858,22.718496506138298,22.625237201118132,0.0,0.0,0.7276592359230265,0.0,True,thermal_anomaly,1.0,0.7276592359230265,thermal_anomaly,0.7276592359230265,0.7276592359230265,41,thermal_anomaly,3.290770054265242,0.7276592359230265,abrupt,0.0,1.1635317437360368,514219979,thermal_anomaly
14040.0,234.0,3.9,1,589.4198654587356,330.97886967409687,-258.4409957846387,100.0,99.70412806446252,30.0,29.98863161382529,-8.614699859487956,-8.63063679158202,26.430403629329522,26.51362168894927,27.671264228432314,27.81194736774087,17.851932832370345,34.61193083973387,2524.471741852422,2523.59826894918,2515.2392422218522,0.0005512257128852394,0.16378064282213098,0.16020821394349763,22.71439642083383,22.62663905840197,0.0,0.0,0.7276592359230265,0.0,True,thermal_anomaly,1.0,0.7276592359230265,thermal_anomaly,0.7276592359230265,0.7276592359230265,41,thermal_anomaly,3.290770054265242,0.7276592359230265,abrupt,0.0,1.1635317437360368,514219979,thermal_anomaly
14100.0,235.0,3.9166666666666665,1,588.4298230256423,332.6794919243112,-255.75033110133114,100.0,100.0,30.0,30.041580671428633,-8.525011036711039,-8.448392621793444,26.47452348636107,26.362287716103705,27.717535666783064,27.841153567016175,17.728953592929,34.789772463783436,2566.9872981077806,2545.29278352848,2548.9380623016814,0.0010965022490355685,0.1774125562258892,0.18373502405470363,22.710378314530796,22.622549267964402,0.0,0.0,0.7276592359230265,0.0,True,thermal_anomaly,1.0,0.7276592359230265,thermal_anomaly,0.7276592359230265,0.7276592359230265,41,thermal_anomaly,3.290770054265242,0.7276592359230265,abrupt,0.0,1.1635317437360368,514219979,thermal_anomaly
14160.0,236.0,3.933333333333333,0,0.0,335.13710349045215,335.13710349045215,99.50128407218682,99.83860949016828,29.980051362887473,29.918375086453466,11.178670090783129,11.184428913783844,26.522296079681645,26.560170681113654,27.755098084241126,27.80231658636464,21.91190173873094,35.04677582367151,2628.427587261303,2586.8601853948917,2591.7992453490083,0.00162131691010066,0.1905329227525165,0.1935108591193961,22.706460278985645,22.71809461568313,0.0,0.0,0.7276592359230265,0.0,True,thermal_anomaly,1.0,0.7276592359230265,thermal_anomaly,0.7276592359230265,0.7276592359230265,41,thermal_anomaly,3.290770054265242,0.7276592359230265,abrupt,0.0,1.1635317437360368,514219979,thermal_anomaly
14220.0,237.0,3.95,0,0.0,338.24429495415046,338.24429495415046,98.99794434755268,99.02251662969387,29.959917773902106,29.995937883049933,11.289893967893093,11.297340536520545,26.570573592131865,26.551638368553878,27.793141064662784,27.819952694519934,22.111825003346908,35.37170863933202,2706.107373853761,2646.4837796243264,2649.2032683149346,0.0021027327770517935,0.20256831942629483,0.20551645100408836,22.702657267810356,22.743386051814298,0.0,0.0,0.7276592359230265,0.0,True,thermal_anomaly,1.0,0.7276592359230265,thermal_anomaly,0.7276592359230265,0.7276592359230265,41,thermal_anomaly,3.290770054265242,0.7276592359230265,abrupt,0.0,1.1635317437360368,514219979,thermal_anomaly
14280.0,238.0,3.966666666666667,0,0.0,341.86526713848406,341.86526713848406,98.48921627145373,98.8153709991195,29.93956865085815,29.905234432045628,11.418510103641232,11.404895031695036,26.61946675056906,26.50859472902835,27.83176989870256,27.769504041281646,22.345478377801953,35.75036978752001,2796.6316784621013,2721.5577290432134,2727.058100771438,0.002519709666413724,0.2129927416603431,0.2120637396816415,22.69898040483941,22.69310637929394,0.0,0.0,0.7276592359230265,0.0,True,thermal_anomaly,1.0,0.7276592359230265,thermal_anomaly,0.7276592359230265,0.7276592359230265,41,thermal_anomaly,3.290770054265242,0.7276592359230265,abrupt,0.0,1.1635317437360368,514219979,thermal_anomaly
14340.0,239.0,3.9833333333333334,0,0.0,345.8417661836448,345.8417661836448,97.9745707860614,97.86441512084815,29.918982831442456,29.896313055985026,11.559275531927268,11.557279022212372,26.669057156688496,26.63956781889062,27.8710563038268,27.747151539735857,22.604236604686392,36.166209959041815,2896.044154591119,2808.800941817166,2822.218156412743,0.0028540236872440176,0.22135059218110043,0.22374574387303636,22.695436455802287,22.75157131320217,0.0,0.0,0.7276592359230265,0.0,True,thermal_anomaly,1.0,0.7276592359230265,thermal_anomaly,0.7276592359230265,0.7276592359230265,41,thermal_anomaly,3.290770054265242,0.7276592359230265,abrupt,0.0,1.1635317437360368,514219979,thermal_anomaly
14400.0,240.0,4.0,0,0.0,349.99999999999994,349.99999999999994,97.45373745272806,96.91901427373136,29.898149498109124,29.858872512460213,11.706410124885332,11.726893376576207,26.719392775989576,26.672806731625624,27.91103532583249,28.09701925085376,22.878091579806824,36.601054942979445,2999.999999999999,2904.400470908583,2906.0620919755083,0.003091063712615916,0.22727659281539792,0.21546479766972737,22.69202749216005,22.960072351525465,0.0,0.0,0.7276592359230265,0.0,True,thermal_anomaly,1.0,0.7276592359230265,thermal_anomaly,0.7276592359230265,0.7276592359230265,41,thermal_anomaly,3.290770054265242,0.7276592359230265,abrupt,0.0,1.1635317437360368,514219979,thermal_anomaly
14460.0,241.0,4.016666666666667,0,0.0,354.15823381635505,354.15823381635505,96.92671627145373,96.91390305843736,29.87706865085815,29.869697600007164,11.853848111909155,11.845381860383712,26.77048455329618,26.65392848123915,27.951703842932115,28.124069504613495,23.155985743662377,37.03589992691707,3103.955845408876,3004.1781581587297,2996.429693951502,0.0032204699559762805,0.230511748899407,0.22325342277221744,22.6887507672846,22.55724292733742,0.0,0.0,0.7276592359230265,0.0,True,thermal_anomaly,1.0,0.7276592359230265,thermal_anomaly,0.7276592359230265,0.7276592359230265,41,thermal_anomaly,3.290770054265242,0.7276592359230265,abrupt,0.0,1.1635317437360368,514219979,thermal_anomaly
14520.0,242.0,4.033333333333333,0,0.0,358.134732861516,358.134732861516,96.39377768088599,96.3745881223722,29.85575110723544,29.777479256695894,11.9955023598359,12.031309309681566,26.822304515073267,26.677562992006838,27.993020737783965,27.899545389056904,23.42625468803169,37.4517400984389,3203.3683215379,3103.773239848315,3102.852961128807,0.00323658674353039,0.23091466858825976,0.2254723277855181,22.68559881464851,22.72711576174123,0.0,0.0,0.7276592359230265,0.0,True,thermal_anomaly,1.0,0.7276592359230265,thermal_anomaly,0.7276592359230265,0.7276592359230265,41,thermal_anomaly,3.290770054265242,0.7276592359230265,abrupt,0.0,1.1635317437360368,514219979,thermal_anomaly
14580.0,243.0,4.05,0,0.0,361.7557050458495,361.7557050458495,95.85545073885348,95.9563165294346,29.83421802955414,29.798021171175137,12.125529976602365,12.086626422503906,26.87478567669165,27.050050794211025,28.03490872995004,28.25703537448493,23.677166715924002,37.83040124662687,3293.892626146237,3198.8329329972757,3198.1415333122923,0.0031387096943250397,0.228467742358126,0.22903449699355008,22.68255976602416,22.762923239591625,0.0,0.0,0.7276592359230265,0.0,True,thermal_anomaly,1.0,0.7276592359230265,thermal_anomaly,0.7276592359230265,0.7276592359230265,41,thermal_anomaly,3.290770054265242,0.7276592359230265,abrupt,0.0,1.1635317437360368,514219979,thermal_anomaly
14640.0,244.0,4.066666666666666,0,0.0,364.86289650954785,364.86289650954785,95.31249999999997,95.11643265407453,29.8125,29.741489520691076,12.238587723590703,12.25926217749161,26.927823976855272,26.78933597674871,28.077257788695103,28.081511792191908,23.897530896287403,38.15533406228739,3371.5724127386957,3285.202672867986,3279.1216832664454,0.0029311165050767154,0.22327791262691787,0.2175391381992576,22.67961787571296,22.61928637583672,0.0,0.0,0.7276592359230265,0.0,True,thermal_anomaly,1.0,0.7276592359230265,thermal_anomaly,0.7276592359230265,0.7276592359230265,41,thermal_anomaly,3.290770054265242,0.7276592359230265,abrupt,0.0,1.1635317437360368,514219979,thermal_anomaly
14700.0,245.0,4.083333333333333,0,0.0,367.32050807568874,367.32050807568874,94.76589210107781,94.65221375357507,29.790635684043114,29.77920862509946,12.33006613123191,12.336339026389952,26.981282318618884,26.890253088460458,28.11992997697188,28.068295744521482,24.077331002889576,38.412337422175455,3433.0127018922185,3359.1076873801026,3360.9096793062977,0.0026228799942983067,0.21557199985745767,0.21284842796421372,22.676754225471154,22.568806206069254,0.0,0.0,0.7276592359230265,0.0,True,thermal_anomaly,1.0,0.7276592359230265,thermal_anomaly,0.7276592359230265,0.7276592359230265,41,thermal_anomaly,3.290770054265242,0.7276592359230265,abrupt,0.0,1.1635317437360368,514219979,thermal_anomaly
14760.0,246.0,4.1,0,0.0,369.0211303259031,369.0211303259031,94.21675351428333,94.35771766703421,29.768670140571334,29.78617927719173,12.396292094451642,12.386529858028037,27.034996622211395,27.172320963111265,28.162765514887738,28.10266354561947,24.208333154122542,38.590179046225025,3475.5282581475767,3417.3179727638394,3411.127742571241,0.002227471576593636,0.2056867894148409,0.2011793562579225,22.67394757497003,22.740061933917126,0.0,0.0,0.7276592359230265,0.0,True,thermal_anomaly,1.0,0.7276592359230265,thermal_anomaly,0.7276592359230265,0.7276592359230265,41,thermal_anomaly,3.290770054265242,0.7276592359230265,abrupt,0.0,1.1635317437360368,514219979,thermal_anomaly
14820.0,247.0,4.116666666666666,0,0.0,369.8904379073655,369.8904379073655,93.6663213150164,94.00463386809619,29.746652852600654,29.72677391820952,12.434691047097997,12.49073604788182,27.088783610867363,27.030424037636436,28.205589797650987,28.2587285508329,24.284611853787727,38.68108640208632,3497.2609476841367,3457.2894602239876,3461.2658395075746,0.0017621724971965131,0.19405431242991283,0.19165828232267182,22.671175315089407,22.815221370668052,0.0,0.0,0.7276592359230265,0.0,True,thermal_anomaly,1.0,0.7276592359230265,thermal_anomaly,0.7276592359230265,0.7276592359230265,41,thermal_anomaly,3.290770054265242,0.7276592359230265,abrupt,0.0,1.1635317437360368,514219979,thermal_anomaly
14880.0,248.0,4.133333333333334,0,0.0,369.8904379073655,369.8904379073655,93.11588911574948,92.94667320167056,29.724635564629978,29.657702939588916,12.443901527509611,12.368984470813116,27.142449881558594,27.30452530566275,28.248221061279526,28.20814941745028,24.302943356953882,38.68108640208632,3497.260947684137,3477.2752039540624,3477.954088332567,0.001247318558629296,0.18118296396573239,0.18436580022828514,22.66841447662681,22.577471549538867,0.0,0.0,0.7276592359230265,0.0,True,thermal_anomaly,1.0,0.7276592359230265,thermal_anomaly,0.7276592359230265,0.7276592359230265,41,thermal_anomaly,3.290770054265242,0.7276592359230265,abrupt,0.0,1.1635317437360368,514219979,thermal_anomaly
14940.0,249.0,4.15,0,0.0,369.0211303259031,369.0211303259031,92.56675052895498,92.72295809858116,29.702670021158198,29.6787847836457,12.42383698378082,12.406407099240878,27.19580168139896,27.143210671320098,28.290478361044364,28.17449794215805,24.263026570810204,38.590179046225025,3475.5282581475767,3476.4017310508193,3470.9322998839893,0.0007054113485506565,0.1676352837137664,0.17256695582657677,22.665642745355616,22.742193817222986,0.0,0.0,0.7276592359230265,0.0,True,thermal_anomaly,1.0,0.7276592359230265,thermal_anomaly,0.7276592359230265,0.7276592359230265,41,thermal_anomaly,3.290770054265242,0.7276592359230265,abrupt,0.0,1.1635317437360368,514219979,thermal_anomaly
15000.0,250.0,4.166666666666667,0,0.0,367.32050807568874,367.32050807568874,92.02014263003282,92.2037903720106,29.680805705201312,29.66415889652653,12.375691944619916,12.372475770296441,27.24865473624357,27.176115094647603,28.33218951395239,28.34556790372721,24.16750862749582,38.412337422175455,3433.0127018922185,3454.7072164715196,3446.8201525466516,0.00016013481240034853,0.1540033703100087,0.15591162471171444,22.662839435721946,22.757823398846387,0.0,0.0,0.7276592359230265,0.0,True,thermal_anomaly,1.0,0.7276592359230265,thermal_anomaly,0.7276592359230265,0.7276592359230265,41,thermal_anomaly,3.290770054265242,0.7276592359230265,abrupt,0.0,1.1635317437360368,514219979,thermal_anomaly
15060.0,251.0,4.183333333333334,0,0.0,364.8628965095479,364.8628965095479,91.47719189117932,91.56507464560978,29.65908767564717,29.6131382948908,12.301892104696591,12.317444937650002,27.30084347140705,27.19973434127457,28.373198658144513,28.12098332134151,24.021812487293104,38.155334062287395,3371.5724127386984,3413.139814605109,3407.7590838869332,-0.00036467984866470743,0.15911699621661768,0.1627808290479575,22.66003561127009,22.639561356267496,0.0,0.0,0.7276592359230265,0.0,True,thermal_anomaly,1.0,0.7276592359230265,thermal_anomaly,0.7276592359230265,0.7276592359230265,41,thermal_anomaly,3.290770054265242,0.7276592359230265,abrupt,0.0,1.1635317437360368,514219979,thermal_anomaly
15120.0,252.0,4.2,0,0.0,361.7557050458495,361.7557050458495,90.9388649491468,91.10003930302696,29.637554597965874,29.574127125137583,12.205990337363327,12.21654906456786,27.352229026576822,27.213417279301492,28.41337309882792,28.276393103397883,23.83378454810995,37.83040124662687,3293.8926261462375,3353.5162203756736,3346.171928929098,-0.0008460957156159045,0.1711523928903976,0.16946120179704863,22.657231777238376,22.7151801346968,0.0,0.0,0.7276592359230265,0.0,True,thermal_anomaly,1.0,0.7276592359230265,thermal_anomaly,0.7276592359230265,0.7276592359230265,41,thermal_anomaly,3.290770054265242,0.7276592359230265,abrupt,0.0,1.1635317437360368,514219979,thermal_anomaly
15180.0,253.0,4.216666666666667,0,0.0,358.134732861516,358.134732861516,90.40592635857907,90.79608973700132,29.616237054343163,29.585886132030506,12.092513042908543,12.071666028267353,27.40270558906186,27.480925890456348,28.452609141542975,28.402153721677994,23.613198274278457,37.4517400984389,3203.3683215379006,3278.442270956787,3278.286057457459,-0.0012630726049777854,0.18157681512444462,0.17993729136996112,22.654407761563572,22.695197601564118,0.0,0.0,0.7276592359230265,0.0,True,thermal_anomaly,1.0,0.7276592359230265,thermal_anomaly,0.7276592359230265,0.7276592359230265,41,thermal_anomaly,3.290770054265242,0.7276592359230265,abrupt,0.0,1.1635317437360368,514219979,thermal_anomaly
15240.0,254.0,4.233333333333333,0,0.0,354.15823381635516,354.15823381635516,89.87890517730473,89.6785645667499,29.595156207092188,29.608620751324782,11.966763457443236,11.981631633128776,27.452204734145724,27.48203530585442,28.49083665782381,28.51612811060903,23.3711627505573,37.03589992691708,3103.9558454088797,3191.199058182833,3189.4575601007177,-0.0015973866258081285,0.1899346656452032,0.18431749766937333,22.651545336596914,22.630677109170783,0.0,0.0,0.7276592359230265,0.0,True,thermal_anomaly,1.0,0.7276592359230265,thermal_anomaly,0.7276592359230265,0.7276592359230265,41,thermal_anomaly,3.290770054265242,0.7276592359230265,abrupt,0.0,1.1635317437360368,514219979,thermal_anomaly
15300.0,255.0,4.25,0,0.0,350.0000000000001,350.0000000000001,89.3580718439714,89.10320167204698,29.574322873758856,29.542306254983366,11.834590482223797,11.874077841681457,27.50069764545822,27.327631877790832,28.528022183711904,28.60569662547479,23.119491089400764,36.60105494297946,3000.0000000000027,3095.599529091418,3094.720245204702,-0.0018344266511799569,0.1958606662794989,0.1917644101581999,22.64862897596722,22.656412150844762,0.0,0.0,0.7276592359230265,0.0,True,thermal_anomaly,1.0,0.7276592359230265,thermal_anomaly,0.7276592359230265,0.7276592359230265,41,thermal_anomaly,3.290770054265242,0.7276592359230265,abrupt,0.0,1.1635317437360368,514219979,thermal_anomaly
15360.0,256.0,4.266666666666667,0,0.0,345.8417661836449,345.8417661836449,88.84342635857907,88.52665064631293,29.553737054343163,29.546315073345728,11.702133153168209,11.618703843119544,27.548195266956775,27.37213692115884,28.564170415703522,28.549487558634013,22.87008216560368,36.16620995904182,2896.0441545911226,2995.8218418412703,2989.427294673325,-0.001963832894540392,0.19909582236350978,0.19963149865991317,22.645646500560623,22.632107350552722,0.0,0.0,0.7276592359230265,0.0,True,thermal_anomaly,1.0,0.7276592359230265,thermal_anomaly,0.7276592359230265,0.7276592359230265,41,thermal_anomaly,3.290770054265242,0.7276592359230265,abrupt,0.0,1.1635317437360368,514219979,thermal_anomaly
15420.0,257.0,4.283333333333333,0,0.0,341.86526713848406,341.86526713848406,88.33469828248013,88.76607929975437,29.533387931299206,29.555851262541083,11.575551979804473,11.535529413493835,27.59474658843907,27.66441517272556,28.599324038751543,28.777086670177518,22.63436082981782,35.75036978752001,2796.6316784621013,2896.2267601516864,2898.989982058101,-0.001979949682094466,0.19949874205236165,0.19297772305451225,22.64258958964088,22.637742203045622,0.0,0.0,0.7276592359230265,0.0,True,thermal_anomaly,1.0,0.7276592359230265,thermal_anomaly,0.7276592359230265,0.7276592359230265,41,thermal_anomaly,3.290770054265242,0.7276592359230265,abrupt,0.0,1.1635317437360368,514219979,thermal_anomaly
15480.0,258.0,4.3,0,0.0,338.2442949541506,338.2442949541506,87.83135855784599,87.69251070350415,29.51325434231384,29.513502282606012,11.46075898750352,11.399084337023544,27.64043537137094,27.57653250463645,28.633561893839545,28.627844096289294,22.422808264416812,35.371708639332034,2706.1073738537643,2801.1670670027256,2804.318494579099,-0.0018820726328891153,0.19705181582222786,0.1912818439444197,22.63945413706194,22.55664537341418,0.0,0.0,0.7276592359230265,0.0,True,thermal_anomaly,1.0,0.7276592359230265,thermal_anomaly,0.7276592359230265,0.7276592359230265,41,thermal_anomaly,3.290770054265242,0.7276592359230265,abrupt,0.0,1.1635317437360368,514219979,thermal_anomaly
15540.0,259.0,4.316666666666666,0,0.0,335.1371034904522,335.1371034904522,87.33264263003281,87.34707587979322,29.493305705201312,29.51645948909967,11.363158366861157,11.33146433153347,27.685375672452313,27.713134058183634,28.66699556521459,28.818493279763903,22.244597984474737,35.04677582367152,2628.4275872613057,2714.7973271320157,2705.4706707548253,-0.0016744794436408055,0.19186198609102012,0.1904128181950653,22.63624043693232,22.556509412839088,0.0,0.0,0.7276592359230265,0.0,True,thermal_anomaly,1.0,0.7276592359230265,thermal_anomaly,0.7276592359230265,0.7276592359230265,41,thermal_anomaly,3.290770054265242,0.7276592359230265,abrupt,0.0,1.1635317437360368,514219979,thermal_anomaly
15600.0,260.0,4.333333333333333,0,0.0,332.6794919243112,332.6794919243112,86.8375838622883,86.7390026989742,29.473503354491534,29.500593444849542,11.287409166227041,11.335881944299189,27.729706519501846,27.799231894198904,28.69976453643374,28.702906861975244,22.1073369937115,34.789772463783436,2566.9872981077806,2640.8923126198983,2650.4484367777563,-0.0013662429328624172,0.18415607332156042,0.18701458079184313,22.632953188194616,22.572339979216956,0.0,0.0,0.7276592359230265,0.0,True,thermal_anomaly,1.0,0.7276592359230265,thermal_anomaly,0.7276592359230265,0.7276592359230265,41,thermal_anomaly,3.290770054265242,0.7276592359230265,abrupt,0.0,1.1635317437360368,514219979,thermal_anomaly
15660.0,261.0,4.35,0,0.0,330.9788696740969,330.9788696740969,86.34505578241614,86.12750032580148,29.453802231296645,29.410281588484615,11.237220480906524,11.184238930105925,27.77358604762365,27.878367813880217,28.732030126928922,28.695233405250207,22.016898469765803,34.61193083973387,2524.471741852423,2582.682027236161,2590.5193013835756,-0.0009708345151577327,0.1742708628789433,0.174604126859416,22.629601313566596,22.568901706610387,0.0,0.0,0.7276592359230265,0.0,True,thermal_anomaly,1.0,0.7276592359230265,thermal_anomaly,0.7276592359230265,0.7276592359230265,41,thermal_anomaly,3.290770054265242,0.7276592359230265,abrupt,0.0,1.1635317437360368,514219979,thermal_anomaly
15720.0,262.0,4.366666666666666,0,0.0,330.1095620926345,330.1095620926345,85.85382131501638,85.67314552354352,29.434152852600654,29.461359256170045,11.215188143709993,11.206020902736133,27.81718532980473,27.57969651276663,28.763968474092067,28.824112300404025,21.977324146750455,34.521023483872575,2502.739052315864,2542.710539776012,2556.0080191307648,-0.0005055354357605887,0.16263838589401472,0.16511295104695542,22.626197595225054,22.444320944302948,0.0,0.0,0.7276592359230265,0.0,True,thermal_anomaly,1.0,0.7276592359230265,thermal_anomaly,0.7276592359230265,0.7276592359230265,41,thermal_anomaly,3.290770054265242,0.7276592359230265,abrupt,0.0,1.1635317437360368,514219979,thermal_anomaly
15780.0,263.0,4.383333333333334,0,0.0,330.1095620926345,330.1095620926345,85.36258684761663,85.11547303323418,29.414503473904666,29.446772975388036,11.222680076360769,11.221087004464644,27.860682055272022,27.910749245588654,28.795762867597716,28.726700487197416,21.990772386552994,34.521023483872575,2502.7390523158633,2522.724796045938,2527.2055633138984,9.318502806628603e-06,0.15023296257016572,0.15234862869095858,22.622759395398674,22.56377410539234,0.0,0.0,0.7276592359230265,0.0,True,thermal_anomaly,1.0,0.7276592359230265,thermal_anomaly,0.7276592359230265,0.7276592359230265,41,thermal_anomaly,3.290770054265242,0.7276592359230265,abrupt,0.0,1.1635317437360368,514219979,thermal_anomaly
15840.0,264.0,4.4,0,0.0,330.9788696740969,330.9788696740969,84.87005876774447,85.5095009467592,29.394802350709778,29.456323878865764,11.259775307388825,11.183090057515523,27.904254141078724,27.911891899271122,28.827595770990648,28.843250464008335,22.05749173667605,34.61193083973387,2524.471741852423,2523.5982689491807,2530.9537298261857,0.0005512257128852536,0.16378064282213134,0.16535517273617734,22.61937733842475,22.68087930347248,0.0,0.0,0.7276592359230265,0.0,True,thermal_anomaly,1.0,0.7276592359230265,thermal_anomaly,0.7276592359230265,0.7276592359230265,41,thermal_anomaly,3.290770054265242,0.7276592359230265,abrupt,0.0,1.1635317437360368,514219979,thermal_anomaly
15900.0,265.0,4.416666666666667,0,0.0,332.6794919243112,332.6794919243112,84.37499999999994,84.46303664849917,29.374999999999996,29.3367242360325,11.325259299551021,11.309911599784735,27.948073323502097,27.953287100716416,28.859640879234107,29.040992932565217,22.175808395010748,34.789772463783436,2566.9872981077806,2545.292783528481,2541.866641504755,0.0010965022490355544,0.17741255622588886,0.185567810760369,22.616071875239786,22.729253293678173,0.0,0.0,0.7276592359230265,0.0,True,thermal_anomaly,1.0,0.7276592359230265,thermal_anomaly,0.7276592359230265,0.7276592359230265,41,thermal_anomaly,3.290770054265242,0.7276592359230265,abrupt,0.0,1.1635317437360368,514219979,thermal_anomaly
15960.0,266.0,4.433333333333334,0,0.0,335.13710349045203,335.13710349045203,83.87628407218678,84.06787867192132,29.355051362887473,29.406885626192167,11.416675765526124,11.443420510649142,27.992298775011168,28.083503878778014,28.892055559342495,28.90577251839887,22.34212738165752,35.0467758236715,2628.4275872613007,2586.860185394891,2590.7473773806946,0.0016213169101006175,0.19053292275251543,0.1896236387156341,22.612861137989317,22.656200901722855,0.0,0.0,0.7276592359230265,0.0,True,thermal_anomaly,1.0,0.7276592359230265,thermal_anomaly,0.7276592359230265,0.7276592359230265,41,thermal_anomaly,3.290770054265242,0.7276592359230265,abrupt,0.0,1.1635317437360368,514219979,thermal_anomaly
16020.0,267.0,4.45,0,0.0,338.2442949541506,338.2442949541506,83.37294434755262,82.94123337189953,29.334917773902106,29.277420306136616,11.530432693255086,11.508668279583196,28.037070830303172,27.95233460359643,28.924974004479864,29.043673327152995,22.55095878634026,35.371708639332034,2706.107373853764,2646.483779624328,2638.050632729108,0.002102732777051836,0.20256831942629588,0.19685843195192781,22.6097601203715,22.65973236294681,0.0,0.0,0.7276592359230265,0.0,True,thermal_anomaly,1.0,0.7276592359230265,thermal_anomaly,0.7276592359230265,0.7276592359230265,41,thermal_anomaly,3.290770054265242,0.7276592359230265,abrupt,0.0,1.1635317437360368,514219979,thermal_anomaly
16080.0,268.0,4.466666666666667,0,0.0,341.86526713848406,341.86526713848406,82.86421627145369,83.12881669869714,29.31456865085815,29.27577312180559,11.661957957156444,11.67259075700029,28.082504973021997,28.02400410076836,28.958501400723566,28.81912925766601,22.79498961040416,35.75036978752001,2796.6316784621013,2721.557729043214,2737.854772001406,0.00251970966641371,0.21299274166034274,0.2057916138863105,22.606779986006348,22.635771092545745,0.0,0.0,0.7276592359230265,0.0,True,thermal_anomaly,1.0,0.7276592359230265,thermal_anomaly,0.7276592359230265,0.7276592359230265,41,thermal_anomaly,3.290770054265242,0.7276592359230265,abrupt,0.0,1.1635317437360368,514219979,thermal_anomaly
16140.0,269.0,4.483333333333333,0,0.0,345.8417661836447,345.8417661836447,82.34957078606136,82.42369614976401,29.293982831442456,29.28991297963522,11.805897756328248,11.844336030596569,28.128686317866286,28.087158290143154,28.992709361434123,29.007304373757943,23.065226285475507,36.16620995904181,2896.0441545911185,2808.800941817166,2805.539219358046,0.0028540236872440033,0.2213505921811001,0.22566636635094464,22.603927540110472,22.74040707856362,0.0,0.0,0.7276592359230265,0.0,True,thermal_anomaly,1.0,0.7276592359230265,thermal_anomaly,0.7276592359230265,0.7276592359230265,41,thermal_anomaly,3.290770054265242,0.7276592359230265,abrupt,0.0,1.1635317437360368,514219979,thermal_anomaly
16200.0,270.0,4.5,1,600.0,349.99999999999994,-250.00000000000006,82.72159459558517,82.74335073406192,29.308863783823405,29.353417368807083,-8.529842775344429,-8.58468589802249,28.16708722922624,28.321771670456187,29.036647300107063,29.056309352861486,17.73554596061304,36.601054942979445,2999.999999999999,2904.400470908583,2899.523270133601,0.003091063712615916,0.22727659281539792,0.23552672456662282,22.601204893335925,22.60027951590184,0.0,0.0,0.7276592359230265,0.0,True,thermal_anomaly,1.0,0.7276592359230265,thermal_anomaly,0.7276592359230265,0.7276592359230265,41,thermal_anomaly,3.290770054265242,0.7276592359230265,abrupt,0.0,1.1635317437360368,514219979,thermal_anomaly
16260.0,271.0,4.516666666666667,1,601.2556165273943,354.15823381635516,-247.09738271103913,83.08929903414327,82.8786934403727,29.32357196136573,29.35763701216771,-8.42657855723013,-8.481652397614862,28.204891398027268,28.338307961843345,29.081256890103532,29.2119540579157,17.595466633339047,37.03589992691708,3103.955845408879,3004.1781581587306,3003.8814226029135,0.003220469955976323,0.23051174889940806,0.23249189870257045,22.598609337951657,22.53383594185164,0.0,0.0,0.7276592359230265,0.0,True,thermal_anomaly,1.0,0.7276592359230265,thermal_anomaly,0.7276592359230265,0.7276592359230265,41,thermal_anomaly,3.290770054265242,0.7276592359230265,abrupt,0.0,1.1635317437360368,514219979,thermal_anomaly
16320.0,272.0,4.533333333333333,1,602.5051158172813,358.134732861516,-244.3703829557653,83.45294543735125,83.58690631042042,29.33811781749405,29.312808249071697,-8.32944991481524,-8.27947232437775,28.24213377519206,28.07889219480513,29.126497094507897,29.113480700845106,17.465267409518646,37.4517400984389,3203.3683215379,3103.7732398483154,3094.223122362457,0.0032365867435303767,0.2309146685882594,0.234576244254164,22.596133446035566,22.579589029341065,0.0,0.0,0.7276592359230265,0.0,True,thermal_anomaly,1.0,0.7276592359230265,thermal_anomaly,0.7276592359230265,0.7276592359230265,41,thermal_anomaly,3.290770054265242,0.7276592359230265,abrupt,0.0,1.1635317437360368,514219979,thermal_anomaly
16380.0,273.0,4.55,1,603.7424104347197,361.75570504584937,-241.9867053888703,83.81304470132278,84.12306150471575,29.35252178805291,29.346187504110418,-8.24415384600324,-8.253978553502769,28.278873280362998,28.22018221969766,29.17229071294574,29.11537559198657,17.352174349770998,37.830401246626856,3293.8926261462343,3198.832932997275,3197.1199831178537,0.0031387096943249967,0.2284677423581249,0.22170525317430106,22.593765387675813,22.742740097145422,0.0,0.0,0.7276592359230265,0.0,True,thermal_anomaly,1.0,0.7276592359230265,thermal_anomaly,0.7276592359230265,0.7276592359230265,41,thermal_anomaly,3.290770054265242,0.7276592359230265,abrupt,0.0,1.1635317437360368,514219979,thermal_anomaly
16440.0,274.0,4.566666666666666,1,604.961472404706,364.8628965095478,-240.0985758951582,84.1703342487858,84.21897968735726,29.366813369951434,29.347431964765,-8.17584709891713,-8.214284897740404,28.315189497834066,28.25730621132248,29.21852779438453,29.306385760899182,17.26244660163513,38.15533406228738,3371.5724127386957,3285.202672867985,3289.6693628873127,0.0029311165050767297,0.22327791262691823,0.2193984127036832,22.591489455202225,22.605191991082684,0.0,0.0,0.7276592359230265,0.0,True,thermal_anomaly,1.0,0.7276592359230265,thermal_anomaly,0.7276592359230265,0.7276592359230265,41,thermal_anomaly,3.290770054265242,0.7276592359230265,abrupt,0.0,1.1635317437360368,514219979,thermal_anomaly
16500.0,275.0,4.583333333333333,1,606.1563625798619,367.32050807568874,-238.8358545041732,84.52574474655987,84.58940828432068,29.381029789862396,29.32739328692775,-8.128913663420365,-8.155738583057316,28.351178887408768,28.517399132687437,29.265070481120475,29.35794394901087,17.20122752663278,38.412337422175455,3433.0127018922185,3359.107687380102,3348.825136691974,0.0026228799942983206,0.215571999857458,0.21996325886530568,22.58928676811425,22.478378934672254,0.0,0.0,0.7276592359230265,0.0,True,thermal_anomaly,1.0,0.7276592359230265,thermal_anomaly,0.7276592359230265,0.7276592359230265,41,thermal_anomaly,3.290770054265242,0.7276592359230265,abrupt,0.0,1.1635317437360368,514219979,thermal_anomaly
16560.0,276.0,4.6,1,607.3212595753644,369.0211303259031,-238.3001292494613,84.88035803413348,85.24396500714805,29.395214321365337,29.3058298504579,-8.106766177794373,-8.112251814584251,28.3869507296253,28.580725523168272,29.311759072246797,29.24789371193058,17.172461167759863,38.590179046225025,3475.5282581475763,3417.3179727638394,3423.4073828887513,0.002227471576593643,0.20568678941484106,0.2004600283076424,22.5871361235433,22.548053901089606,0.0,0.0,0.7276592359230265,0.0,True,thermal_anomaly,1.0,0.7276592359230265,thermal_anomaly,0.7276592359230265,0.7276592359230265,41,thermal_anomaly,3.290770054265242,0.7276592359230265,abrupt,0.0,1.1635317437360368,514219979,thermal_anomaly
16620.0,277.0,4.616666666666666,1,608.450488130146,369.8904379073655,-238.56005022278055,85.23535810886975,85.37880561311653,29.409414324354792,29.412892464631536,-8.111689936824822,-8.17784534120291,28.42262294262142,28.323735825754454,29.35841904160165,29.385429673354253,17.178849629340206,38.68108640208632,3497.2609476841367,3457.2894602239876,3454.6618330574433,0.0017621724971965131,0.19405431242991283,0.19510318799460422,22.585014949548377,22.55460428512939,0.0,0.0,0.7276592359230265,0.0,True,thermal_anomaly,1.0,0.7276592359230265,thermal_anomaly,0.7276592359230265,0.7276592359230265,41,thermal_anomaly,3.290770054265242,0.7276592359230265,abrupt,0.0,1.1635317437360368,514219979,thermal_anomaly
16680.0,278.0,4.633333333333334,1,609.5385467561977,369.8904379073655,-239.64810884883218,85.59197731846623,85.4445391298918,29.42367909273865,29.4729042208346,-8.1447363565073,-8.107953243182362,28.458317826097357,28.50894104555493,29.404868703478378,29.41633915892376,17.221826964206343,38.68108640208632,3497.2609476841367,3477.2752039540624,3485.403643626896,0.0012473185586292885,0.18118296396573222,0.19204605716566076,22.582900313827338,22.60684626674569,0.0,0.0,0.7276592359230265,0.0,True,thermal_anomaly,1.0,0.7276592359230265,thermal_anomaly,0.7276592359230265,0.7276592359230265,41,thermal_anomaly,3.290770054265242,0.7276592359230265,abrupt,0.0,1.1635317437360368,514219979,thermal_anomaly
16740.0,279.0,4.65,1,610.5801345412646,369.0211303259031,-241.55900421536148,85.95144012235814,85.7468262279074,29.438057604894325,29.4052619190532,-8.205670613783983,-8.172741093020297,28.49415772560897,28.511808677543215,29.450927191070626,29.3019742795445,17.30153095659884,38.590179046225025,3475.5282581475767,3476.4017310508193,3465.5024267765784,0.0007054113485506565,0.1676352837137664,0.1715600045723094,22.580769938777138,22.64010266525937,0.0,0.0,0.7276592359230265,0.0,True,thermal_anomaly,1.0,0.7276592359230265,thermal_anomaly,0.7276592359230265,0.7276592359230265,41,thermal_anomaly,3.290770054265242,0.7276592359230265,abrupt,0.0,1.1635317437360368,514219979,thermal_anomaly
16800.0,280.0,4.666666666666667,1,611.5701769743577,367.3205080756888,-244.24966889866886,86.3149068915526,86.43863473207544,29.452596275662103,29.433533953685327,-8.29297582503796,-8.302701293872804,28.53026058238227,28.48915665101322,29.496422398956707,29.501399869530342,17.41676438161852,38.41233742217546,3433.0127018922203,3454.70721647152,3449.929678821518,0.00016013481240036989,0.15400337031000924,0.1489947530764682,22.578603175192807,22.623021200506695,0.0,0.0,0.7276592359230265,0.0,True,thermal_anomaly,1.0,0.7276592359230265,thermal_anomaly,0.7276592359230265,0.7276592359230265,41,thermal_anomaly,3.290770054265242,0.7276592359230265,abrupt,0.0,1.1635317437360368,514219979,thermal_anomaly
16860.0,281.0,4.683333333333334,1,612.503850668262,364.8628965095479,-247.64095415871407,86.68342021619354,86.71331292243885,29.46733680864774,29.46176708702711,-8.403913654186734,-8.414419179796484,28.566735347205384,28.412025713497506,29.541198542499323,29.55333266159421,17.564949715407497,38.155334062287395,3371.5724127386984,3413.139814605109,3404.082669510518,-0.00036467984866471426,0.15911699621661785,0.16432915066695705,22.57643112269492,22.569349688667877,0.0,0.0,0.7276592359230265,0.0,True,thermal_anomaly,1.0,0.7276592359230265,thermal_anomaly,0.7276592359230265,0.7276592359230265,41,thermal_anomaly,3.290770054265242,0.7276592359230265,abrupt,0.0,1.1635317437360368,514219979,thermal_anomaly
16920.0,282.0,4.7,1,613.376606858593,361.7557050458495,-251.62090181274357,87.0578560819863,87.58687589940554,29.482314243279454,29.558497082613016,-8.534638757881803,-8.549860151687344,28.603677290163237,28.64559525757029,29.585123003779387,29.612365557701853,17.742093237048458,37.83040124662687,3293.8926261462375,3353.5162203756736,3356.5179883191927,-0.0008460957156159045,0.1711523928903976,0.16334741231004618,22.57425432232752,22.518320586262142,0.0,0.0,0.7276592359230265,0.0,True,thermal_anomaly,1.0,0.7276592359230265,thermal_anomaly,0.7276592359230265,0.7276592359230265,41,thermal_anomaly,3.290770054265242,0.7276592359230265,abrupt,0.0,1.1635317437360368,514219979,thermal_anomaly
16980.0,283.0,4.716666666666667,1,614.184193564921,358.134732861516,-256.049460703405,87.4388820651759,86.8193016441268,29.497555282607035,29.48776316058711,-8.680362092731874,-8.674984102015426,28.641163320877798,28.570815210976505,29.628092164864512,29.712086674471596,17.942783423720318,37.4517400984389,3203.3683215379006,3278.442270956787,3280.9522737233883,-0.0012630726049777854,0.18157681512444462,0.17992152729126923,22.572052637564546,22.686182963079773,0.0,0.0,0.7276592359230265,0.0,True,thermal_anomaly,1.0,0.7276592359230265,thermal_anomaly,0.7276592359230265,0.7276592359230265,41,thermal_anomaly,3.290770054265242,0.7276592359230265,abrupt,0.0,1.1635317437360368,514219979,thermal_anomaly
17040.0,284.0,4.733333333333333,1,614.9226763059908,354.15823381635533,-260.7644424896354,87.82692439030927,87.73390222204404,29.51307697561237,29.52489444806739,-8.835555936953428,-8.81674800878012,28.679247529519113,28.808815274721226,29.670035973471148,29.839674371030803,18.160252436048037,37.0358999269171,3103.9558454088833,3191.199058182836,3194.695840553218,-0.001597386625808086,0.18993466564520214,0.17298940511579583,22.56980787602788,22.605925754847767,0.0,0.0,0.7276592359230265,0.0,True,thermal_anomaly,1.0,0.7276592359230265,thermal_anomaly,0.7276592359230265,0.7276592359230265,41,thermal_anomaly,3.290770054265242,0.7276592359230265,abrupt,0.0,1.1635317437360368,514219979,thermal_anomaly
17100.0,285.0,4.75,1,615.5884572681198,350.0000000000001,-265.58845726811967,88.22214530886303,88.05501120984921,29.52888581235452,29.533389836954452,-8.994191618195115,-8.930088917729366,28.717957246389368,28.719302309514763,29.710921041479722,29.777744276982748,18.386527168030298,36.60105494297946,3000.0000000000027,3095.5995290914193,3088.6457391808126,-0.0018344266511799848,0.1958606662794996,0.19788829434174263,22.567504546352456,22.516792660046736,0.0,0.0,0.7276592359230265,0.0,True,thermal_anomaly,1.0,0.7276592359230265,thermal_anomaly,0.7276592359230265,0.7276592359230265,41,thermal_anomaly,3.290770054265242,0.7276592359230265,abrupt,0.0,1.1635317437360368,514219979,thermal_anomaly
17160.0,286.0,4.766666666666667,1,616.1782928333851,345.8417661836448,-270.3365266497403,88.62443180685372,89.19772409063393,29.54497727227415,29.58164475262778,-9.1499994790462,-9.118764215427122,28.757289976590997,29.018196666407764,29.75075214088362,29.76502860909103,18.612687776169054,36.166209959041815,2896.044154591119,2995.8218418412694,3000.2425235794326,-0.0019638328945404556,0.1990958223635114,0.18507578857811696,22.56513050416797,22.490643501619406,0.0,0.0,0.7276592359230265,0.0,True,thermal_anomaly,1.0,0.7276592359230265,thermal_anomaly,0.7276592359230265,0.7276592359230265,41,thermal_anomaly,3.290770054265242,0.7276592359230265,abrupt,0.0,1.1635317437360368,514219979,thermal_anomaly
17220.0,287.0,4.783333333333333,1,616.6893093822022,341.86526713848406,-274.8240422437181,89.03339615543068,89.17596062446476,29.561335846217226,29.5508677211996,-9.296739622099507,-9.307335561910667,28.79721157928183,28.660104899394387,29.789572031792563,29.914819191235203,18.82923794693459,35.75036978752001,2796.6316784621017,2896.226760151685,2901.482389710252,-0.001979949682094438,0.19949874205236096,0.19795490342762273,22.562677463221174,22.59277930821409,0.0,0.0,0.7276592359230265,0.0,True,thermal_anomaly,1.0,0.7276592359230265,thermal_anomaly,0.7276592359230265,0.7276592359230265,41,thermal_anomaly,3.290770054265242,0.7276592359230265,abrupt,0.0,1.1635317437360368,514219979,thermal_anomaly
17280.0,288.0,4.8,1,617.1190172933127,338.2442949541506,-278.87472233916213,89.44838830176872,89.47422790303686,29.57793553207075,29.5600818518825,-9.42847150494273,-9.389657363008483,28.837656018537235,28.79806757579143,29.827459630008214,29.898329893837573,19.02657453240676,35.371708639332034,2706.1073738537643,2801.1670670027247,2801.1002658843177,-0.0018820726328891012,0.19705181582222753,0.21392098174223184,22.56014135159038,22.622076953132037,0.0,0.0,0.7276592359230265,0.0,True,thermal_anomaly,1.0,0.7276592359230265,thermal_anomaly,0.7276592359230265,0.7276592359230265,41,thermal_anomaly,3.290770054265242,0.7276592359230265,abrupt,0.0,1.1635317437360368,514219979,thermal_anomaly
17340.0,289.0,4.816666666666666,1,617.465323072968,335.13710349045215,-282.3282195825158,89.86851958090936,89.64670877392587,29.594740783236375,29.6070256500464,-9.539810524119801,-9.495339253878056,28.878526914306022,28.862096952606155,29.864526594258507,29.758738820285185,19.195527325733952,35.04677582367151,2628.4275872613034,2714.797327132014,2709.934768140803,-0.0016744794436408194,0.19186198609102048,0.1938234352118033,22.557522497351798,22.513657805655246,0.0,0.0,0.7276592359230265,0.0,True,thermal_anomaly,1.0,0.7276592359230265,thermal_anomaly,0.7276592359230265,0.7276592359230265,41,thermal_anomaly,3.290770054265242,0.7276592359230265,abrupt,0.0,1.1635317437360368,514219979,thermal_anomaly
17400.0,290.0,4.833333333333333,1,617.7265395542198,332.6794919243112,-285.0470476299086,90.29269673512054,90.27352549081711,29.61170786940482,29.603953784207274,-9.626160331144652,-9.625883114733439,28.919700976441376,28.7149127184041,29.90091248224567,30.000976011519068,19.32792555651763,34.789772463783436,2566.9872981077806,2640.8923126198974,2634.4109468014117,-0.0013662429328623966,0.18415607332155992,0.18053375712136419,22.55482563316095,22.623764178226473,0.0,0.0,0.7276592359230265,0.0,True,thermal_anomaly,1.0,0.7276592359230265,thermal_anomaly,0.7276592359230265,0.7276592359230265,41,thermal_anomaly,3.290770054265242,0.7276592359230265,abrupt,0.0,1.1635317437360368,514219979,thermal_anomaly
17460.0,291.0,4.85,1,617.9013941166289,330.978869674097,-286.92252444253194,90.71966477744574,90.73123733661622,29.62878659109783,29.597852379152435,-9.68391073189409,-9.720064755696894,28.961033229833625,28.961633400332953,29.9367786872126,30.00445713154514,19.41713870390888,34.61193083973388,2524.471741852424,2582.682027236161,2574.2544924432873,-0.0009708345151577046,0.1742708628789426,0.1667191335539028,22.552059715195682,22.556869474665532,0.0,0.0,0.7276592359230265,0.0,True,thermal_anomaly,1.0,0.7276592359230265,thermal_anomaly,0.7276592359230265,0.7276592359230265,41,thermal_anomaly,3.290770054265242,0.7276592359230265,abrupt,0.0,1.1635317437360368,514219979,thermal_anomaly
17520.0,292.0,4.866666666666666,1,617.9890348863438,330.1095620926345,-287.8794727937093,91.14805685005543,90.96918092082917,29.645922274002217,29.63806964672008,-9.710592577724025,-9.752189758222245,29.002363757543442,28.995495702528576,29.972301420029517,30.038272637535282,19.458537195689313,34.521023483872575,2502.739052315864,2542.710539776012,2542.0557192522183,-0.0005055354357605887,0.16263838589401472,0.1668496655597242,22.549237558841924,22.467433284718695,0.0,0.0,0.7276592359230265,0.0,True,thermal_anomaly,1.0,0.7276592359230265,thermal_anomaly,0.7276592359230265,0.7276592359230265,41,thermal_anomaly,3.290770054265242,0.7276592359230265,abrupt,0.0,1.1635317437360368,514219979,thermal_anomaly
17580.0,293.0,4.883333333333334,1,617.9890348863438,330.1095620926345,-287.8794727937093,91.57644892266512,91.14853226307856,29.663057956906606,29.677288209812534,-9.704982986310108,-9.677393624579349,29.043525526846175,29.19717371461321,30.007664043518076,29.988368942713045,19.44982412001089,34.521023483872575,2502.739052315864,2522.724796045938,2538.832723778145,9.318502806635758e-06,0.15023296257016588,0.14204780816651863,22.54637655928842,22.527613608435136,0.0,0.0,0.7276592359230265,0.0,True,thermal_anomaly,1.0,0.7276592359230265,thermal_anomaly,0.7276592359230265,0.7276592359230265,41,thermal_anomaly,3.290770054265242,0.7276592359230265,abrupt,0.0,1.1635317437360368,514219979,thermal_anomaly
17640.0,294.0,4.9,1,617.9013941166289,330.9788696740969,-286.922524442532,92.00341696499031,92.171612301659,29.680136678599613,29.74117087237993,-9.667156440334484,-9.642130636896221,29.084352743503473,29.21830488954735,30.04304909404047,30.315600984943636,19.391201630197436,34.61193083973387,2524.471741852423,2523.5982689491807,2514.8526271049336,0.0005512257128852536,0.16378064282213134,0.15212327166138107,22.543567373585326,22.55188618721607,0.0,0.0,0.7276592359230265,0.0,True,thermal_anomaly,1.0,0.7276592359230265,thermal_anomaly,0.7276592359230265,0.7276592359230265,41,thermal_anomaly,3.290770054265242,0.7276592359230265,abrupt,0.0,1.1635317437360368,514219979,thermal_anomaly
17700.0,295.0,4.916666666666667,1,617.7265395542198,332.6794919243112,-285.0470476299086,92.4275941192015,92.2166468340875,29.69710376476806,29.68327546689556,-9.598479699831257,-9.593394502972881,29.12468911978707,29.268111897070177,30.07863033904915,30.028316393921656,19.28535354269122,34.789772463783436,2566.9872981077806,2545.292783528481,2542.899593229432,0.0010965022490355544,0.17741255622588886,0.17656029031038095,22.540830485136656,22.522735320522358,0.0,0.0,0.7276592359230265,0.0,True,thermal_anomaly,1.0,0.7276592359230265,thermal_anomaly,0.7276592359230265,0.7276592359230265,41,thermal_anomaly,3.290770054265242,0.7276592359230265,abrupt,0.0,1.1635317437360368,514219979,thermal_anomaly
17760.0,296.0,4.933333333333334,1,617.465323072968,335.1371034904521,-282.3282195825159,92.84772539834213,93.04164153977442,29.713909015933687,29.687911385761115,-9.501550921190516,-9.469924155640413,29.164395450534563,29.035631084424825,30.114565217721005,30.227364103332174,19.137246131483504,35.0467758236715,2628.427587261303,2586.860185394892,2591.173945034826,0.001621316910100646,0.19053292275251615,0.1881296469723031,22.53818405831196,22.643473876852653,0.0,0.0,0.7276592359230265,0.0,True,thermal_anomaly,1.0,0.7276592359230265,thermal_anomaly,0.7276592359230265,0.7276592359230265,41,thermal_anomaly,3.290770054265242,0.7276592359230265,abrupt,0.0,1.1635317437360368,514219979,thermal_anomaly
17820.0,297.0,4.95,1,617.1190172933127,338.2442949541506,-278.87472233916213,93.26271754468019,93.19282458707688,29.73050870178721,29.753615085735497,-9.38008579457633,-9.42742975255271,29.20335596750093,29.25321490232258,30.150987995057324,30.283819770126804,18.953769299934407,35.371708639332034,2706.107373853764,2646.4837796243282,2639.4065531924953,0.002102732777051822,0.20256831942629555,0.20385929811031173,22.53564311879172,22.397036244703603,0.0,0.0,0.7276592359230265,0.0,True,thermal_anomaly,1.0,0.7276592359230265,thermal_anomaly,0.7276592359230265,0.7276592359230265,41,thermal_anomaly,3.290770054265242,0.7276592359230265,abrupt,0.0,1.1635317437360368,514219979,thermal_anomaly
17880.0,298.0,4.966666666666667,1,616.6893093822022,341.8652671384839,-274.8240422437183,93.67168189325714,93.71525716553664,29.746867275730285,29.751135588184507,-9.238755788847058,-9.316219538754028,29.24148307436348,29.145320464066536,30.188003928648897,30.21452363594711,18.7432572209218,35.750369787519986,2796.6316784620976,2721.557729043213,2723.273835467493,0.00251970966641366,0.2129927416603415,0.21709882219887472,22.533218861938416,22.510120735002754,0.0,0.0,0.7276592359230265,0.0,True,thermal_anomaly,1.0,0.7276592359230265,thermal_anomaly,0.7276592359230265,0.7276592359230265,41,thermal_anomaly,3.290770054265242,0.7276592359230265,abrupt,0.0,1.1635317437360368,514219979,thermal_anomaly
17940.0,299.0,4.983333333333333,1,616.1782928333851,345.8417661836447,-270.33652664974034,94.07396839124782,93.97403662216333,29.762958735649914,29.750597631928425,-9.082985634957478,-8.99765378531918,29.278720233872434,29.297383360938355,30.22568470304736,30.38714013784428,18.51493878243291,36.16620995904181,2896.0441545911185,2808.800941817166,2810.257546820886,0.0028540236872440176,0.22135059218110043,0.22662656867721423,22.53091812447305,22.290182796162796,0.0,0.0,0.7276592359230265,0.0,True,thermal_anomaly,1.0,0.7276592359230265,thermal_anomaly,0.7276592359230265,0.7276592359230265,41,thermal_anomaly,3.290770054265242,0.7276592359230265,abrupt,0.0,1.1635317437360368,514219979,thermal_anomaly
18000.0,300.0,5.0,1,615.5884572681198,349.99999999999994,-265.58845726811984,94.46918930980158,94.41690542149571,29.778767572392063,29.786529944707546,-8.918718903409127,-8.857522002493074,29.31504296091345,29.371509793345954,30.264065331283348,30.33134997472929,18.27837228908758,36.601054942979445,2999.9999999999986,2904.4004709085825,2913.784229616029,0.0030910637126159092,0.22727659281539772,0.22244760272494235,22.528743048315786,22.521798390315592,0.0,0.0,0.7276592359230265,0.0,True,thermal_anomaly,1.0,0.7276592359230265,thermal_anomaly,0.7276592359230265,0.7276592359230265,41,thermal_anomaly,3.290770054265242,0.7276592359230265,abrupt,0.0,1.1635317437360368,514219979,thermal_anomaly
18060.0,301.0,5.016666666666667,1,614.9226763059908,354.15823381635516,-260.7644424896356,94.85723163493495,95.33678948379081,29.7942892653974,29.83415472076179,-8.752161871251051,-8.763600602574948,29.350458045780996,29.250916135957198,30.303142658950684,30.282420772563963,18.042915532491854,37.03589992691708,3103.955845408879,3004.1781581587306,3003.2158815657353,0.0032204699559763303,0.23051174889940823,0.227431369009035,22.52669095676917,22.424471418746805,0.0,0.0,0.7276592359230265,0.0,True,thermal_anomaly,1.0,0.7276592359230265,thermal_anomaly,0.7276592359230265,0.7276592359230265,41,thermal_anomaly,3.290770054265242,0.7276592359230265,abrupt,0.0,1.1635317437360368,514219979,thermal_anomaly
18120.0,302.0,5.033333333333333,1,614.184193564921,358.1347328615159,-256.0494607034051,95.23825761812455,95.47436486972829,29.80953030472498,29.784591941295595,-8.589516778223768,-8.549038559690105,29.385001268831697,29.383251398987518,30.342875536236004,30.38730748006968,17.817272417516406,37.45174009843889,3203.368321537897,3103.773239848314,3094.6560236385853,0.003236586743530341,0.23091466858825851,0.22371149669445572,22.52475445271195,22.521331371241907,0.0,0.0,0.7276592359230265,0.0,True,thermal_anomaly,1.0,0.7276592359230265,thermal_anomaly,0.7276592359230265,0.7276592359230265,41,thermal_anomaly,3.290770054265242,0.7276592359230265,abrupt,0.0,1.1635317437360368,514219979,thermal_anomaly
18180.0,303.0,5.05,1,613.376606858593,361.75570504584937,-251.62090181274368,95.61269348391733,95.51019136528957,29.824507739356694,29.826664329639314,-8.436716005900825,-8.453518631260614,29.4187339553087,29.423171965204727,30.383186650376025,30.438568655721664,17.60914269598325,37.830401246626856,3293.8926261462343,3198.8329329972744,3208.0846328397647,0.0031387096943250115,0.22846774235812528,0.2245523254701456,22.52292173680212,22.597638967547137,0.0,0.0,0.7276592359230265,0.0,True,thermal_anomaly,1.0,0.7276592359230265,thermal_anomaly,0.7276592359230265,0.7276592359230265,41,thermal_anomaly,3.290770054265242,0.7276592359230265,abrupt,0.0,1.1635317437360368,514219979,thermal_anomaly
18240.0,304.0,5.066666666666666,1,612.503850668262,364.8628965095479,-247.64095415871407,95.98120680855826,95.72917102443907,29.83924827234233,29.788227388470546,-8.299168661974964,-8.36732435530968,29.451738750514142,29.542543220868883,30.42396593845592,30.28279612322801,17.424984577237982,38.155334062287395,3371.572412738698,3285.202672867986,3288.4994419022823,0.002931116505076772,0.22327791262691932,0.2232093710842314,22.521177131710086,22.504091662434757,0.0,0.0,0.7276592359230265,0.0,True,thermal_anomaly,1.0,0.7276592359230265,thermal_anomaly,0.7276592359230265,0.7276592359230265,41,thermal_anomaly,3.290770054265242,0.7276592359230265,abrupt,0.0,1.1635317437360368,514219979,thermal_anomaly
18300.0,305.0,5.083333333333333,1,611.5701769743577,367.32050807568874,-244.24966889866892,96.3446735777527,96.51102173659683,29.85378694311011,29.862024461080743,-8.181530516182598,-8.255261698906569,29.484114973055593,29.503428337187678,30.465075431393856,30.64560366353929,17.269883865823566,38.412337422175455,3433.0127018922185,3359.1076873801026,3361.7076065863675,0.0026228799942983067,0.21557199985745767,0.22557648476599146,22.5195017870483,22.51571231650248,0.0,0.0,0.7276592359230265,0.0,True,thermal_anomaly,1.0,0.7276592359230265,thermal_anomaly,0.7276592359230265,0.7276592359230265,41,thermal_anomaly,3.290770054265242,0.7276592359230265,abrupt,0.0,1.1635317437360368,514219979,thermal_anomaly
18360.0,306.0,5.1,1,610.5801345412646,369.021130325903,-241.55900421536154,96.70413638164462,96.57035702272493,29.868165455265785,29.86103217865076,-8.087507234990706,-8.038706736850669,29.515973838598626,29.538642563242988,30.506355317407046,30.488587085004717,17.14751040092756,38.59017904622502,3475.5282581475753,3417.317972763839,3413.9549202792477,0.002227471576593615,0.20568678941484037,0.21245522044899293,22.517874529835343,22.35833558914759,0.0,0.0,0.7276592359230265,0.0,True,thermal_anomaly,1.0,0.7276592359230265,thermal_anomaly,0.7276592359230265,0.7276592359230265,41,thermal_anomaly,3.290770054265242,0.7276592359230265,abrupt,0.0,1.1635317437360368,514219979,thermal_anomaly
18420.0,307.0,5.116666666666666,1,609.5385467561977,369.8904379073655,-239.64810884883218,97.0607555912411,97.13780292667002,29.882430223649642,29.85440804396469,-8.019699437268967,-7.931517929177943,29.54743375579049,29.499131773892515,30.547630959957367,30.526114207918607,17.06013486397597,38.68108640208632,3497.260947684137,3457.2894602239876,3449.161487876672,0.0017621724971965272,0.19405431242991317,0.19460631014959318,22.51627281779323,22.50930475278729,0.0,0.0,0.7276592359230265,0.0,True,thermal_anomaly,1.0,0.7276592359230265,thermal_anomaly,0.7276592359230265,0.7276592359230265,41,thermal_anomaly,3.290770054265242,0.7276592359230265,abrupt,0.0,1.1635317437360368,514219979,thermal_anomaly
18480.0,308.0,5.133333333333334,1,608.450488130146,369.8904379073655,-238.56005022278055,97.41575566597737,97.32821557951664,29.896630226639097,29.866406749535432,-7.979496298222064,-7.95425438281043,29.578615800265826,29.516517992233563,30.588720563459383,30.55266389808057,17.008677432712567,38.68108640208632,3497.260947684137,3477.2752039540624,3473.8430129045037,0.001247318558629296,0.18118296396573239,0.19039219541157165,22.514673748060353,22.521319853531097,0.0,0.0,0.7276592359230265,0.0,True,thermal_anomaly,1.0,0.7276592359230265,thermal_anomaly,0.7276592359230265,0.7276592359230265,41,thermal_anomaly,3.290770054265242,0.7276592359230265,abrupt,0.0,1.1635317437360368,514219979,thermal_anomaly
18540.0,309.0,5.15,1,607.3212595753644,369.02113032590313,-238.30012924946124,97.77036895355099,98.16202484092548,29.91081475814204,29.90767866680029,-7.967022335444521,-7.886317215123303,29.60963939178258,29.639072149754714,30.629443151723205,30.558567534702483,16.99276413032315,38.59017904622503,3475.5282581475776,3476.40173105082,3488.8460809278577,0.0007054113485506708,0.16763528371376676,0.174884982162617,22.513055072253405,22.550167327478334,0.0,0.0,0.7276592359230265,0.0,True,thermal_anomaly,1.0,0.7276592359230265,thermal_anomaly,0.7276592359230265,0.7276592359230265,41,thermal_anomaly,3.290770054265242,0.7276592359230265,abrupt,0.0,1.1635317437360368,514219979,thermal_anomaly
18600.0,310.0,5.166666666666667,1,606.156362579862,367.32050807568885,-238.8358545041732,98.12577945132504,98.12614395573915,29.925031178053,29.930228595154908,-7.9811397048546855,-7.959310486374987,29.64061814927932,29.69328115871445,30.66962651043663,30.778543344689254,17.01077581791803,38.41233742217547,3433.0127018922203,3454.7072164715205,3446.9322577531816,0.00016013481240036295,0.15400337031000907,0.1569485991513418,22.511396170168002,22.406012567945993,0.0,0.0,0.7276592359230265,0.0,True,thermal_anomaly,1.0,0.7276592359230265,thermal_anomaly,0.7276592359230265,0.7276592359230265,41,thermal_anomaly,3.290770054265242,0.7276592359230265,abrupt,0.0,1.1635317437360368,514219979,thermal_anomaly
18660.0,311.0,5.183333333333334,1,604.961472404706,364.8628965095479,-240.0985758951581,98.4830689987881,98.11716784797011,29.939322759951523,29.897891792419102,-8.019505912683071,-7.998815034617513,29.671655887780886,29.77121220223371,30.709114746562644,30.655404935668,17.059886545530098,38.155334062287395,3371.5724127386984,3413.139814605109,3415.395373846055,-0.0003646798486647213,0.15911699621661804,0.1763973616083589,22.5097281702078,22.61898766554453,0.0,0.0,0.7276592359230265,0.0,True,thermal_anomaly,1.0,0.7276592359230265,thermal_anomaly,0.7276592359230265,0.7276592359230265,41,thermal_anomaly,3.290770054265242,0.7276592359230265,abrupt,0.0,1.1635317437360368,514219979,thermal_anomaly
18720.0,312.0,5.2,1,603.7424104347197,361.7557050458495,-241.98670538887018,98.84316826275963,99.04448581968258,29.953726730510386,29.964160708082225,-8.07868441766835,-8.055679832525996,29.702842749970735,29.703384017164275,30.74777513427102,30.833466890850257,17.13609989246759,37.83040124662687,3293.8926261462375,3353.5162203756736,3359.3736114217345,-0.0008460957156159045,0.1711523928903976,0.1749630019320169,22.508051641984054,22.483884068268438,0.0,0.0,0.7276592359230265,0.0,True,thermal_anomaly,1.0,0.7276592359230265,thermal_anomaly,0.7276592359230265,0.7276592359230265,41,thermal_anomaly,3.290770054265242,0.7276592359230265,abrupt,0.0,1.1635317437360368,514219979,thermal_anomaly
18780.0,313.0,5.216666666666667,1,602.5051158172813,358.13473286151606,-244.37038295576525,99.20681466596761,99.39257018617126,29.968272586638705,29.918377785797293,-8.154303263536027,-8.105433835595695,29.73425152586895,29.798232983342984,30.785503948204617,30.91681676495348,17.234301475942544,37.451740098438904,3203.3683215379006,3278.442270956787,3276.9429207459007,-0.0012630726049777854,0.18157681512444462,0.19085764529546032,22.506346477323657,22.51211412464382,0.0,0.0,0.7276592359230265,0.0,True,thermal_anomaly,1.0,0.7276592359230265,thermal_anomaly,0.7276592359230265,0.7276592359230265,41,thermal_anomaly,3.290770054265242,0.7276592359230265,abrupt,0.0,1.1635317437360368,514219979,thermal_anomaly
18840.0,314.0,5.233333333333333,1,601.2556165273943,354.15823381635516,-247.09738271103913,99.5745191045257,99.2125159920364,29.98298076418103,29.896176957186565,-8.24125475230376,-8.217783266599627,29.765934291548554,29.78249813688107,30.822231029139317,30.805254380584504,17.348350930234943,37.03589992691708,3103.9558454088797,3191.199058182833,3188.250017605496,-0.0015973866258081285,0.1899346656452032,0.19041167182726484,22.504594511988795,22.466507882069052,0.0,0.0,0.7276592359230265,0.0,True,thermal_anomaly,1.0,0.7276592359230265,thermal_anomaly,0.7276592359230265,0.7276592359230265,41,thermal_anomaly,3.290770054265242,0.7276592359230265,abrupt,0.0,1.1635317437360368,514219979,thermal_anomaly
18900.0,315.0,5.25,1,600.0,350.0,-250.0,99.94654291404952,99.9629345049942,29.99786171656198,29.95364122710859,-8.333927343293727,-8.259872825945923,29.797919573311766,29.864745779284014,30.857922882496986,30.96532953737541,17.471236135909304,36.60105494297945,2999.9999999999995,3095.5995290914166,3094.3728357508717,-0.0018344266511799994,0.19586066627949997,0.2014206163922427,22.502780282543664,22.528709575913723,0.0,0.0,0.7276592359230265,0.0,True,thermal_anomaly,1.0,0.7276592359230265,thermal_anomaly,0.7276592359230265,0.7276592359230265,41,thermal_anomaly,3.290770054265242,0.7276592359230265,abrupt,0.0,1.1635317437360368,514219979,thermal_anomaly
18960.0,316.0,5.266666666666667,1,598.7443834726058,345.8417661836448,-252.90261728896104,100.0,100.0,30.0,30.033960979208896,-8.430087242965367,-8.422427139625876,29.8302266047624,29.842197847564226,30.892584174292285,30.788869429753802,17.600198212765992,36.166209959041815,2896.0441545911194,2995.821841841268,2996.4624282050804,-0.0019638328945404135,0.19909582236351034,0.1987559132571865,22.500891672337747,22.429824258458638,0.0,0.0,0.7276592359230265,0.0,True,thermal_anomaly,1.0,0.7276592359230265,thermal_anomaly,0.7276592359230265,0.7276592359230265,41,thermal_anomaly,3.290770054265242,0.7276592359230265,abrupt,0.0,1.1635317437360368,514219979,thermal_anomaly
19020.0,317.0,5.283333333333333,1,597.4948841827189,341.86526713848417,-255.62961704423475,100.0,99.52140602179558,30.0,29.981981789592126,-8.520987234807825,-8.506067740865891,29.862835318668154,29.932501294860955,30.926257559133877,30.990370073253096,17.72346641530603,35.750369787520015,2796.631678462105,2896.226760151687,2901.2981835717615,-0.001979949682094374,0.19949874205235935,0.2034591723730304,22.498920422629677,22.640657304815882,0.0,0.0,0.7276592359230265,0.0,True,thermal_anomaly,1.0,0.7276592359230265,thermal_anomaly,0.7276592359230265,0.7276592359230265,41,thermal_anomaly,3.290770054265242,0.7276592359230265,abrupt,0.0,1.1635317437360368,514219979,thermal_anomaly
19080.0,318.0,5.3,1,596.2575895652803,338.24429495415046,-258.0132946111299,100.0,100.0,30.0,30.03794266455404,-8.60044315370433,-8.61689178006277,29.895696574267603,30.02144521259318,30.959021847797885,31.1054338045233,17.832298334053373,35.37170863933202,2706.1073738537616,2801.1670670027247,2798.146300490051,-0.0018820726328891576,0.19705181582222894,0.19663169916451168,22.49686248880332,22.558498942314717,0.0,0.0,0.7276592359230265,0.0,True,thermal_anomaly,1.0,0.7276592359230265,thermal_anomaly,0.7276592359230265,0.7276592359230265,41,thermal_anomaly,3.290770054265242,0.7276592359230265,abrupt,0.0,1.1635317437360368,514219979,thermal_anomaly
19140.0,319.0,5.316666666666666,1,595.038527595294,335.13710349045203,-259.90142410484196,100.0,99.79229563874519,30.0,29.946148720954472,-8.663380803494732,-8.626323964353965,29.928736490001235,30.053967409195145,30.990988594460084,31.146478367370932,17.91922189455428,35.0467758236715,2628.427587261301,2714.7973271320125,2722.0482750045517,-0.001674479443640848,0.1918619860910212,0.1872485641544244,22.49471822603564,22.39912869628777,0.0,0.0,0.7276592359230265,0.0,True,thermal_anomaly,1.0,0.7276592359230265,thermal_anomaly,0.7276592359230265,0.7276592359230265,41,thermal_anomaly,3.290770054265242,0.7276592359230265,abrupt,0.0,1.1635317437360368,514219979,thermal_anomaly
19200.0,320.0,5.333333333333333,1,593.843637420138,332.6794919243113,-261.16414549582663,100.0,99.70355798462569,30.0,30.021873794497715,-8.705471516527554,-8.74716529948973,29.961859668020868,29.987427564901886,31.022297252741776,30.817000572153724,17.977707284851203,34.78977246378345,2566.9872981077824,2640.8923126198974,2638.8857085841078,-0.0013662429328623609,0.184156073321559,0.19158150043843594,22.49249239387966,22.539235274082223,0.0,0.0,0.7276592359230265,0.0,True,thermal_anomaly,1.0,0.7276592359230265,thermal_anomaly,0.7276592359230265,0.7276592359230265,41,thermal_anomaly,3.290770054265242,0.7276592359230265,abrupt,0.0,1.1635317437360368,514219979,thermal_anomaly
19260.0,321.0,5.35,1,592.6787404246356,330.978869674097,-261.69987075053865,100.0,100.0,30.0,30.030961919823866,-8.723329025017955,-8.747757441136791,29.994953871551097,30.023429409492444,31.053109112274058,31.132584048385045,18.002606081143057,34.61193083973388,2524.471741852424,2582.682027236161,2588.6730491983517,-0.0009708345151577046,0.1742708628789426,0.1765364000551779,22.490193975209003,22.37308873928407,0.0,0.0,0.7276592359230265,0.0,True,thermal_anomaly,1.0,0.7276592359230265,thermal_anomaly,0.7276592359230265,0.7276592359230265,41,thermal_anomaly,3.290770054265242,0.7276592359230265,abrupt,0.0,1.1635317437360368,514219979,thermal_anomaly
19320.0,322.0,5.366666666666666,1,591.549511869854,330.1095620926345,-261.43994977721945,100.0,99.85550950070555,30.0,29.9643279203293,-8.714664992573981,-8.768663583821859,30.027895913658174,30.040772740264966,31.08360028078235,31.028066377935513,17.990519413468956,34.521023483872575,2502.739052315864,2542.710539776012,2544.176095861407,-0.0005055354357605887,0.16263838589401472,0.16473124265495762,22.487835811905146,22.44093481328106,0.0,0.0,0.7276592359230265,0.0,True,thermal_anomaly,1.0,0.7276592359230265,thermal_anomaly,0.7276592359230265,0.7276592359230265,41,thermal_anomaly,3.290770054265242,0.7276592359230265,abrupt,0.0,1.1635317437360368,514219979,thermal_anomaly
19380.0,323.0,5.383333333333334,1,590.4614532438022,330.1095620926345,-260.3518911511677,100.0,99.91965651334394,30.0,30.012936464561037,-8.67839637170559,-8.682992387453874,30.060558378311992,30.258604964838714,31.113954018408393,31.182235377655676,17.94005362560002,34.521023483872575,2502.7390523158633,2522.724796045938,2517.6116393697007,9.318502806628603e-06,0.15023296257016572,0.15770717159392145,22.485435325453665,22.490077005227572,0.0,0.0,0.7276592359230265,0.0,True,thermal_anomaly,1.0,0.7276592359230265,thermal_anomaly,0.7276592359230265,0.7276592359230265,41,thermal_anomaly,3.290770054265242,0.7276592359230265,abrupt,0.0,1.1635317437360368,514219979,thermal_anomaly
19440.0,324.0,5.4,1,589.4198654587356,330.9788696740969,-258.44099578463863,100.0,99.97766176032367,30.0,30.00166557830671,-8.614699859487954,-8.572807212865964,30.09281669391912,30.131419155777113,31.144352759297288,31.27785526831647,17.85193283237034,34.61193083973387,2524.471741852423,2523.5982689491807,2525.2307981489876,0.0005512257128852536,0.16378064282213134,0.15912088648447842,22.48308319900433,22.47688971838722,0.0,0.0,0.7276592359230265,0.0,True,thermal_anomaly,1.0,0.7276592359230265,thermal_anomaly,0.7276592359230265,0.7276592359230265,41,thermal_anomaly,3.290770054265242,0.7276592359230265,abrupt,0.0,1.1635317437360368,514219979,thermal_anomaly
19500.0,325.0,5.416666666666667,1,588.4298230256422,332.6794919243112,-255.75033110133103,100.0,100.0,30.0,29.969036525666183,-8.525011036711033,-8.521689577735767,30.124556031855096,30.186890622218883,31.174970169145098,31.109067408370812,17.728953592928992,34.789772463783436,2566.98729810778,2545.2927835284804,2535.6174190657116,0.0010965022490355475,0.1774125562258887,0.17163980229805914,22.480799941865016,22.327747429237828,0.0,0.0,0.7276592359230265,0.0,True,thermal_anomaly,1.0,0.7276592359230265,thermal_anomaly,0.7276592359230265,0.7276592359230265,41,thermal_anomaly,3.290770054265242,0.7276592359230265,abrupt,0.0,1.1635317437360368,514219979,thermal_anomaly
19560.0,326.0,5.433333333333334,0,0.0,335.1371034904521,335.1371034904521,99.50128407218682,99.56250938626604,29.980051362887473,29.92528120669366,11.178670090783127,11.184951373211181,30.159989957518043,29.966274552190214,31.19694911449583,31.34727338650898,21.91190173873094,35.0467758236715,2628.427587261303,2586.860185394892,2592.859433341139,0.001621316910100653,0.19053292275251632,0.1837349135336382,22.478603744114857,22.31861872904986,0.0,0.0,0.7276592359230265,0.0,True,thermal_anomaly,1.0,0.7276592359230265,thermal_anomaly,0.7276592359230265,0.7276592359230265,41,thermal_anomaly,3.290770054265242,0.7276592359230265,abrupt,0.0,1.1635317437360368,514219979,thermal_anomaly
19620.0,327.0,5.45,0,0.0,338.2442949541506,338.2442949541506,98.99794434755268,98.85161742743024,29.959917773902106,29.950020526908222,11.289893967893097,11.295599439940569,30.19597051227285,30.143228178899452,31.21947886119146,31.075889998418827,22.11182500334691,35.371708639332034,2706.107373853764,2646.4837796243282,2645.20017947784,0.002102732777051822,0.20256831942629555,0.20370806326259328,22.476509656951098,22.4920640824968,0.0,0.0,0.7276592359230265,0.0,True,thermal_anomaly,1.0,0.7276592359230265,thermal_anomaly,0.7276592359230265,0.7276592359230265,41,thermal_anomaly,3.290770054265242,0.7276592359230265,abrupt,0.0,1.1635317437360368,514219979,thermal_anomaly
19680.0,328.0,5.466666666666667,0,0.0,341.8652671384838,341.8652671384838,98.48921627145373,98.38381632694134,29.93956865085815,29.972470722531178,11.418510103641223,11.455956685171119,30.232608281979378,30.216399335831355,31.242664383305584,31.15332859255067,22.345478377801932,35.75036978751998,2796.6316784620944,2721.5577290432116,2732.274446011268,0.0025197096664136176,0.21299274166034043,0.20956198109856466,22.474528901061596,22.498307199278702,0.0,0.0,0.7276592359230265,0.0,True,thermal_anomaly,1.0,0.7276592359230265,thermal_anomaly,0.7276592359230265,0.7276592359230265,41,thermal_anomaly,3.290770054265242,0.7276592359230265,abrupt,0.0,1.1635317437360368,514219979,thermal_anomaly
19740.0,329.0,5.483333333333333,0,0.0,345.8417661836449,345.8417661836449,97.9745707860614,97.74235056659994,29.918982831442456,29.899817494004992,11.559275531927272,11.516263955932244,30.26998472781205,30.23081066138858,31.266577083150505,31.51964691576324,22.6042366046864,36.16620995904182,2896.0441545911217,2808.8009418171673,2811.904039304335,0.0028540236872440883,0.2213505921811022,0.21690519977416373,22.472668338302807,22.355040934103812,0.0,0.0,0.7276592359230265,0.0,True,thermal_anomaly,1.0,0.7276592359230265,thermal_anomaly,0.7276592359230265,0.7276592359230265,41,thermal_anomaly,3.290770054265242,0.7276592359230265,abrupt,0.0,1.1635317437360368,514219979,thermal_anomaly
19800.0,330.0,5.5,0,0.0,350.0000000000001,350.0000000000001,97.45373745272806,97.67512063594192,29.898149498109124,29.910682119675876,11.706410124885338,11.76148402244315,30.308147675224458,30.226813508302776,31.29125169278965,31.37334065202895,22.878091579806835,36.60105494297946,3000.0000000000023,2904.4004709085843,2898.573818203424,0.003091063712615938,0.22727659281539844,0.2323946956847308,22.470930135541817,22.325772535179105,0.0,0.0,0.7276592359230265,0.0,True,thermal_anomaly,1.0,0.7276592359230265,thermal_anomaly,0.7276592359230265,0.7276592359230265,41,thermal_anomaly,3.290770054265242,0.7276592359230265,abrupt,0.0,1.1635317437360368,514219979,thermal_anomaly
19860.0,331.0,5.516666666666667,0,0.0,354.158233816355,354.158233816355,96.92671627145373,96.96816884778518,29.87706865085815,29.86232300704641,11.853848111909151,11.85751907554073,30.347107929468063,30.399250883154256,31.316684778116024,31.2842751421096,23.15598574366237,37.03589992691706,3103.9558454088756,3004.1781581587297,3004.932170075101,0.0032204699559762523,0.2305117488994063,0.23321437019397398,22.469311640841003,22.589362590880665,0.0,0.0,0.7276592359230265,0.0,True,thermal_anomaly,1.0,0.7276592359230265,thermal_anomaly,0.7276592359230265,0.7276592359230265,41,thermal_anomaly,3.290770054265242,0.7276592359230265,abrupt,0.0,1.1635317437360368,514219979,thermal_anomaly
19920.0,332.0,5.533333333333333,0,0.0,358.1347328615159,358.1347328615159,96.39377768088599,96.04493367460815,29.85575110723544,29.82939978816341,11.995502359835895,11.986542876048645,30.38683737790724,30.454751793700066,31.34283491087612,31.390975864575918,23.42625468803168,37.45174009843889,3203.368321537897,3103.773239848313,3099.190523577775,0.003236586743530355,0.23091466858825888,0.23898844380760823,22.467805481653244,22.50182717986658,0.0,0.0,0.7276592359230265,0.0,True,thermal_anomaly,1.0,0.7276592359230265,thermal_anomaly,0.7276592359230265,0.7276592359230265,41,thermal_anomaly,3.290770054265242,0.7276592359230265,abrupt,0.0,1.1635317437360368,514219979,thermal_anomaly
19980.0,333.0,5.55,0,0.0,361.75570504584937,361.75570504584937,95.85545073885348,95.69618462015974,29.83421802955414,29.813732471852457,12.125529976602362,12.068770405230698,30.427268897282435,30.376738173406366,31.369624501121507,31.349915906196987,23.677166715923995,37.830401246626856,3293.892626146234,3198.8329329972735,3197.9060106601128,0.003138709694325018,0.22846774235812545,0.22220138271291529,22.466399883026355,22.307895761057615,0.0,0.0,0.7276592359230265,0.0,True,thermal_anomaly,1.0,0.7276592359230265,thermal_anomaly,0.7276592359230265,0.7276592359230265,41,thermal_anomaly,3.290770054265242,0.7276592359230265,abrupt,0.0,1.1635317437360368,514219979,thermal_anomaly
20040.0,334.0,5.566666666666666,0,0.0,364.8628965095478,364.8628965095478,95.31249999999997,95.12988786510826,29.8125,29.769815717867846,12.238587723590701,12.264853000848031,30.468298288135838,30.31874455801045,31.396943210001538,31.4857715825643,23.8975308962874,38.15533406228738,3371.572412738695,3285.2026728679843,3284.8516786570444,0.002931116505076736,0.2232779126269184,0.22498944748036287,22.46507919183764,22.4321711775786,0.0,0.0,0.7276592359230265,0.0,True,thermal_anomaly,1.0,0.7276592359230265,thermal_anomaly,0.7276592359230265,0.7276592359230265,41,thermal_anomaly,3.290770054265242,0.7276592359230265,abrupt,0.0,1.1635317437360368,514219979,thermal_anomaly
20100.0,335.0,5.583333333333333,0,0.0,367.32050807568874,367.32050807568874,94.76589210107781,94.61919311966886,29.790635684043114,29.789498186741575,12.33006613123191,12.305042115542431,30.50978831582751,30.618270756789993,31.42465279374229,31.454082400076302,24.077331002889576,38.412337422175455,3433.0127018922185,3359.107687380101,3362.945116076114,0.0026228799942983275,0.21557199985745817,0.21231115432591807,22.463824581724896,22.45797157074511,0.0,0.0,0.7276592359230265,0.0,True,thermal_anomaly,1.0,0.7276592359230265,thermal_anomaly,0.7276592359230265,0.7276592359230265,41,thermal_anomaly,3.290770054265242,0.7276592359230265,abrupt,0.0,1.1635317437360368,514219979,thermal_anomaly
20160.0,336.0,5.6,0,0.0,369.0211303259031,369.0211303259031,94.21675351428333,93.95909611500886,29.768670140571334,29.796744377388578,12.396292094451642,12.400570090795272,30.55157476335713,30.51762991400932,31.452593167106972,31.500531981399554,24.208333154122542,38.590179046225025,3475.5282581475763,3417.3179727638394,3406.351712575842,0.00222747157659365,0.20568678941484125,0.20640702220798846,22.462614903551867,22.46009201272461,0.0,0.0,0.7276592359230265,0.0,True,thermal_anomaly,1.0,0.7276592359230265,thermal_anomaly,0.7276592359230265,0.7276592359230265,41,thermal_anomaly,3.290770054265242,0.7276592359230265,abrupt,0.0,1.1635317437360368,514219979,thermal_anomaly
20220.0,337.0,5.616666666666666,0,0.0,369.8904379073655,369.8904379073655,93.6663213150164,93.69093103383645,29.746652852600654,29.733273364888404,12.434691047097997,12.440942698294815,30.593474217193926,30.481661629011626,31.48058942133598,31.437164502340305,24.284611853787727,38.68108640208632,3497.2609476841367,3457.2894602239876,3457.6807602429108,0.0017621724971965131,0.19405431242991283,0.1948339319912754,22.46142763870688,22.484515220632222,0.0,0.0,0.7276592359230265,0.0,True,thermal_anomaly,1.0,0.7276592359230265,thermal_anomaly,0.7276592359230265,0.7276592359230265,41,thermal_anomaly,3.290770054265242,0.7276592359230265,abrupt,0.0,1.1635317437360368,514219979,thermal_anomaly
20280.0,338.0,5.633333333333334,0,0.0,369.8904379073655,369.8904379073655,93.11588911574948,93.17336096056391,29.724635564629978,29.721935153259334,12.443901527509611,12.446434019188487,30.635293138006684,30.547170912071536,31.508459489849372,31.48018247172274,24.302943356953882,38.68108640208632,3497.2609476841367,3477.2752039540624,3479.699046587299,0.0012473185586292885,0.18118296396573222,0.181082501253094,22.460239907817154,22.51896689427969,0.0,0.0,0.7276592359230265,0.0,True,thermal_anomaly,1.0,0.7276592359230265,thermal_anomaly,0.7276592359230265,0.7276592359230265,41,thermal_anomaly,3.290770054265242,0.7276592359230265,abrupt,0.0,1.1635317437360368,514219979,thermal_anomaly
20340.0,339.0,5.65,0,0.0,369.0211303259031,369.0211303259031,92.56675052895498,92.82793531844631,29.702670021158198,29.680862102552307,12.42383698378082,12.424255020658286,30.67683763706703,30.684419997677686,31.53602212668418,31.82125165349844,24.263026570810204,38.590179046225025,3475.5282581475767,3476.4017310508193,3482.660306927328,0.0007054113485506565,0.1676352837137664,0.17040155102661683,22.45902948581203,22.429487838447855,0.0,0.0,0.7276592359230265,0.0,True,thermal_anomaly,1.0,0.7276592359230265,thermal_anomaly,0.7276592359230265,0.7276592359230265,41,thermal_anomaly,3.290770054265242,0.7276592359230265,abrupt,0.0,1.1635317437360368,514219979,thermal_anomaly
20400.0,340.0,5.666666666666667,0,0.0,367.32050807568874,367.32050807568874,92.02014263003282,92.21322589386294,29.680805705201312,29.638071666854415,12.375691944619916,12.399652598290503,30.71792330484703,30.619739439355165,31.563104848971054,31.525195654973942,24.16750862749582,38.412337422175455,3433.012701892219,3454.7072164715196,3453.1411502567053,0.00016013481240035557,0.15400337031000888,0.15903521647156102,22.45777577562494,22.481387356643225,0.0,0.0,0.7276592359230265,0.0,True,thermal_anomaly,1.0,0.7276592359230265,thermal_anomaly,0.7276592359230265,0.7276592359230265,41,thermal_anomaly,3.290770054265242,0.7276592359230265,abrupt,0.0,1.1635317437360368,514219979,thermal_anomaly
20460.0,341.0,5.683333333333334,0,0.0,364.86289650954785,364.86289650954785,91.47719189117932,91.08283166052856,29.65908767564717,29.615457949726107,12.30189210469659,12.37083179980526,30.75838443173592,30.861948799733174,31.589551496326287,31.452222209335787,24.0218124872931,38.15533406228739,3371.572412738696,3413.1398146051074,3407.9294893040687,-0.000364679848664743,0.15911699621661857,0.16225854025966985,22.45650992862381,22.424821608083256,0.0,0.0,0.7276592359230265,0.0,True,thermal_anomaly,1.0,0.7276592359230265,thermal_anomaly,0.7276592359230265,0.7276592359230265,41,thermal_anomaly,3.290770054265242,0.7276592359230265,abrupt,0.0,1.1635317437360368,514219979,thermal_anomaly
20520.0,342.0,5.7,0,0.0,361.7557050458496,361.7557050458496,90.9388649491468,91.4533314933923,29.637554597965874,29.617933293006686,12.20599033736333,12.200293276390239,30.798082022951835,30.873914769082862,31.61522907677795,31.79279635219821,23.833784548109957,37.830401246626884,3293.8926261462407,3353.5162203756745,3351.860296109608,-0.0008460957156158409,0.17115239289039602,0.1678487423347488,22.45523253721194,22.400016233452202,0.0,0.0,0.7276592359230265,0.0,True,thermal_anomaly,1.0,0.7276592359230265,thermal_anomaly,0.7276592359230265,0.7276592359230265,41,thermal_anomaly,3.290770054265242,0.7276592359230265,abrupt,0.0,1.1635317437360368,514219979,thermal_anomaly
20580.0,343.0,5.716666666666667,0,0.0,358.13473286151617,358.13473286151617,90.40592635857907,89.96222740385656,29.616237054343163,29.621968837532126,12.09251304290855,12.01856546543912,30.83691013178903,30.874590134745795,31.64003360002677,31.697863210281596,23.61319827427847,37.45174009843892,3203.368321537904,3278.4422709567893,3291.358236070643,-0.0012630726049777494,0.18157681512444374,0.1727589498137618,22.453923515837335,22.511955175445696,0.0,0.0,0.7276592359230265,0.0,True,thermal_anomaly,1.0,0.7276592359230265,thermal_anomaly,0.7276592359230265,0.7276592359230265,41,thermal_anomaly,3.290770054265242,0.7276592359230265,abrupt,0.0,1.1635317437360368,514219979,thermal_anomaly
20640.0,344.0,5.733333333333333,0,0.0,354.15823381635533,354.15823381635533,89.87890517730473,90.14661201071729,29.595156207092188,29.578634346312583,11.966763457443243,11.966403876274253,30.87480019996936,30.657372158378646,31.66389464310064,31.671521843941207,23.371162750557314,37.0358999269171,3103.9558454088833,3191.1990581828363,3189.6110418006856,-0.001597386625808114,0.18993466564520284,0.1953081352639924,22.45256472271362,22.579113824142667,0.0,0.0,0.7276592359230265,0.0,True,thermal_anomaly,1.0,0.7276592359230265,thermal_anomaly,0.7276592359230265,0.7276592359230265,41,thermal_anomaly,3.290770054265242,0.7276592359230265,abrupt,0.0,1.1635317437360368,514219979,thermal_anomaly
20700.0,345.0,5.75,0,0.0,350.0000000000001,350.0000000000001,89.3580718439714,89.28907479916606,29.574322873758856,29.577490884812317,11.834590482223797,11.867093201888872,30.911723278012442,31.007770494434244,31.686778448862228,31.54879626101456,23.119491089400764,36.60105494297946,3000.000000000003,3095.59952909142,3105.58916561579,-0.0018344266511799916,0.19586066627949977,0.20215910201289763,22.45114071668805,22.449510097812876,0.0,0.0,0.7276592359230265,0.0,True,thermal_anomaly,1.0,0.7276592359230265,thermal_anomaly,0.7276592359230265,0.7276592359230265,41,thermal_anomaly,3.290770054265242,0.7276592359230265,abrupt,0.0,1.1635317437360368,514219979,thermal_anomaly
20760.0,346.0,5.766666666666667,0,0.0,345.8417661836449,345.8417661836449,88.84342635857907,88.94820477610881,29.553737054343163,29.56092676874179,11.702133153168209,11.602624859874355,30.947690177215463,31.086315956115538,31.708689421950403,31.808871515569418,22.87008216560368,36.16620995904182,2896.044154591123,2995.8218418412716,3004.73786814446,-0.0019638328945404127,0.1990958223635103,0.20254561073949678,22.44963940322605,22.54313587375453,0.0,0.0,0.7276592359230265,0.0,True,thermal_anomaly,1.0,0.7276592359230265,thermal_anomaly,0.7276592359230265,0.7276592359230265,41,thermal_anomaly,3.290770054265242,0.7276592359230265,abrupt,0.0,1.1635317437360368,514219979,thermal_anomaly
20820.0,347.0,5.783333333333333,0,0.0,341.86526713848406,341.86526713848406,88.33469828248013,87.92716370729575,29.533387931299206,29.523984147665114,11.575551979804473,11.57876829110643,30.982749755164328,30.915363554513775,31.72966995677612,31.772089783235618,22.63436082981782,35.75036978752001,2796.6316784621017,2896.226760151687,2907.966584449318,-0.0019799496820944724,0.1994987420523618,0.19036568948770483,22.448052545536317,22.556693590975904,0.0,0.0,0.7276592359230265,0.0,True,thermal_anomaly,1.0,0.7276592359230265,thermal_anomaly,0.7276592359230265,0.7276592359230265,41,thermal_anomaly,3.290770054265242,0.7276592359230265,abrupt,0.0,1.1635317437360368,514219979,thermal_anomaly
20880.0,348.0,5.8,0,0.0,338.2442949541506,338.2442949541506,87.83135855784599,88.43466152390829,29.51325434231384,29.541217540497726,11.46075898750352,11.435486194408181,31.016985641560023,31.06533764965913,31.74979860509057,31.561633020041686,22.422808264416812,35.371708639332034,2706.107373853765,2801.1670670027256,2818.8813333092726,-0.001882072632889122,0.19705181582222803,0.19239679006008822,22.446376120788162,22.398221617173625,0.0,0.0,0.7276592359230265,0.0,True,thermal_anomaly,1.0,0.7276592359230265,thermal_anomaly,0.7276592359230265,0.7276592359230265,41,thermal_anomaly,3.290770054265242,0.7276592359230265,abrupt,0.0,1.1635317437360368,514219979,thermal_anomaly
20940.0,349.0,5.816666666666666,0,0.0,335.13710349045215,335.13710349045215,87.33264263003281,87.11369943600822,29.493305705201312,29.521816572618093,11.363158366861155,11.347319604464323,31.05051176178304,30.851699682448054,31.76918666321208,31.818863793254412,22.244597984474733,35.04677582367151,2628.4275872613034,2714.7973271320143,2705.0092845251747,-0.0016744794436408337,0.19186198609102084,0.19671706331244215,22.444610505780595,22.34997225872028,0.0,0.0,0.7276592359230265,0.0,True,thermal_anomaly,1.0,0.7276592359230265,thermal_anomaly,0.7276592359230265,0.7276592359230265,41,thermal_anomaly,3.290770054265242,0.7276592359230265,abrupt,0.0,1.1635317437360368,514219979,thermal_anomaly
21000.0,350.0,5.833333333333333,0,0.0,332.6794919243112,332.6794919243112,86.8375838622883,86.49972143451743,29.473503354491534,29.46024722543249,11.287409166227041,11.26263585306717,31.08346701277653,31.033154464401708,31.787973328066716,31.633810834429852,22.1073369937115,34.789772463783436,2566.9872981077806,2640.8923126198974,2645.7464517160925,-0.0013662429328624034,0.1841560733215601,0.18178970107578712,22.44276048152653,22.435650612096353,0.0,0.0,0.7276592359230265,0.0,True,thermal_anomaly,1.0,0.7276592359230265,thermal_anomaly,0.7276592359230265,0.7276592359230265,41,thermal_anomaly,3.290770054265242,0.7276592359230265,abrupt,0.0,1.1635317437360368,514219979,thermal_anomaly
21060.0,351.0,5.85,0,0.0,330.97886967409704,330.97886967409704,86.34505578241614,86.03341113513284,29.453802231296645,29.436916281165264,11.237220480906528,11.24192142702625,31.116009399211503,31.202019544368216,31.80631963374735,31.887595456381195,22.016898469765806,34.61193083973389,2524.471741852425,2582.682027236161,2581.8841928857646,-0.0009708345151576903,0.17427086287894225,0.17623593747833535,22.440835052198523,22.584898294427134,0.0,0.0,0.7276592359230265,0.0,True,thermal_anomaly,1.0,0.7276592359230265,thermal_anomaly,0.7276592359230265,0.7276592359230265,41,thermal_anomaly,3.290770054265242,0.7276592359230265,abrupt,0.0,1.1635317437360368,514219979,thermal_anomaly
21120.0,352.0,5.866666666666666,0,0.0,330.1095620926346,330.1095620926346,85.85382131501638,85.83264932068475,29.434152852600654,29.448168171400415,11.215188143709995,11.22275573004582,31.148309864082787,31.043310188519467,31.82440143359293,31.68422855529088,21.977324146750455,34.52102348387258,2502.739052315864,2542.710539776012,2538.0000986353202,-0.0005055354357605887,0.16263838589401472,0.17528372202712977,22.438847080817244,22.535284765838316,0.0,0.0,0.7276592359230265,0.0,True,thermal_anomaly,1.0,0.7276592359230265,thermal_anomaly,0.7276592359230265,0.7276592359230265,41,thermal_anomaly,3.290770054265242,0.7276592359230265,abrupt,0.0,1.1635317437360368,514219979,thermal_anomaly
21180.0,353.0,5.883333333333334,0,0.0,330.1095620926345,330.1095620926345,85.36258684761663,85.70502610372255,29.414503473904666,29.39319117559174,11.222680076360769,11.218323326493019,31.18054596706457,31.251674248366218,31.84240173450531,31.739034821225406,21.990772386552994,34.521023483872575,2502.7390523158633,2522.724796045938,2529.247063087452,9.318502806628603e-06,0.15023296257016572,0.14172003785115836,22.436814009848923,22.531159114612038,0.0,0.0,0.7276592359230265,0.0,True,thermal_anomaly,1.0,0.7276592359230265,thermal_anomaly,0.7276592359230265,0.7276592359230265,41,thermal_anomaly,3.290770054265242,0.7276592359230265,abrupt,0.0,1.1635317437360368,514219979,thermal_anomaly
21240.0,354.0,5.9,0,0.0,330.9788696740969,330.9788696740969,84.87005876774447,84.57819696056721,29.394802350709778,29.378563989279506,11.259775307388825,11.238421880238501,31.21289549609524,31.12833621720444,31.860502718531112,31.921423684290655,22.05749173667605,34.61193083973387,2524.4717418524237,2523.5982689491807,2524.472536556901,0.0005512257128852607,0.1637806428221315,0.15628273103909673,22.434826543266624,22.46206196787281,0.0,0.0,0.7276592359230265,0.0,True,thermal_anomaly,1.0,0.7276592359230265,thermal_anomaly,0.7276592359230265,0.7276592359230265,41,thermal_anomaly,3.290770054265242,0.7276592359230265,abrupt,0.0,1.1635317437360368,514219979,thermal_anomaly
21300.0,355.0,5.916666666666667,0,0.0,332.67949192431126,332.67949192431126,84.37499999999994,84.3214707081481,29.374999999999996,29.305759433055492,11.325259299551023,11.261720664477592,31.245530058773717,31.01934195598764,31.878877800404197,31.779475146416072,22.17580839501075,34.78977246378344,2566.987298107782,2545.292783528482,2548.5480149958294,0.0010965022490355756,0.1774125562258894,0.17041383663637988,22.432905211045345,22.436422500266946,0.0,0.0,0.7276592359230265,0.0,True,thermal_anomaly,1.0,0.7276592359230265,thermal_anomaly,0.7276592359230265,0.7276592359230265,41,thermal_anomaly,3.290770054265242,0.7276592359230265,abrupt,0.0,1.1635317437360368,514219979,thermal_anomaly
21360.0,356.0,5.933333333333334,0,0.0,335.13710349045203,335.13710349045203,83.87628407218678,83.47029126165575,29.355051362887473,29.340465664916977,11.416675765526124,11.397382670353048,31.278608699325677,31.107781507366138,31.897684068172644,32.02411030849049,22.34212738165752,35.0467758236715,2628.4275872613002,2586.860185394891,2585.6670725951835,0.0016213169101006036,0.1905329227525151,0.20550671617596566,22.431068223776332,22.39937446365422,0.0,0.0,0.7276592359230265,0.0,True,thermal_anomaly,1.0,0.7276592359230265,thermal_anomaly,0.7276592359230265,0.7276592359230265,41,thermal_anomaly,3.290770054265242,0.7276592359230265,abrupt,0.0,1.1635317437360368,514219979,thermal_anomaly
21420.0,357.0,5.95,0,0.0,338.2442949541504,338.2442949541504,83.37294434755262,83.18017347869497,29.334917773902106,29.348707795485247,11.530432693255081,11.564116570454935,31.312271624638512,31.37178793204436,31.917055437291552,31.59581956802546,22.550958786340246,35.37170863933201,2706.1073738537607,2646.483779624326,2640.2600214635836,0.0021027327770517935,0.20256831942629483,0.20577764311971863,22.42933065301511,22.348866194986396,0.0,0.0,0.7276592359230265,0.0,True,thermal_anomaly,1.0,0.7276592359230265,thermal_anomaly,0.7276592359230265,0.7276592359230265,41,thermal_anomaly,3.290770054265242,0.7276592359230265,abrupt,0.0,1.1635317437360368,514219979,thermal_anomaly
21480.0,358.0,5.966666666666667,0,0.0,341.8652671384839,341.8652671384839,82.86421627145369,82.81934386598485,29.31456865085815,29.33566859967635,11.661957957156439,11.68240884113143,31.346634190978328,31.43211866711007,31.937096817381015,31.97566944256065,22.794989610404148,35.750369787519986,2796.6316784620976,2721.5577290432116,2718.784326239836,0.002519709666413688,0.21299274166034218,0.22055498459419823,22.42770373965513,22.373307822170723,0.0,0.0,0.7276592359230265,0.0,True,thermal_anomaly,1.0,0.7276592359230265,thermal_anomaly,0.7276592359230265,0.7276592359230265,41,thermal_anomaly,3.290770054265242,0.7276592359230265,abrupt,0.0,1.1635317437360368,514219979,thermal_anomaly
21540.0,359.0,5.983333333333333,0,0.0,345.8417661836447,345.8417661836447,82.34957078606136,82.37849570267595,29.293982831442456,29.30203162720591,11.805897756328248,11.81020713525037,31.381781386096574,31.211630373913625,31.957879546590352,31.83534868608424,23.065226285475507,36.16620995904181,2896.0441545911185,2808.8009418171646,2810.221989761323,0.0028540236872440384,0.22135059218110095,0.22321836779831508,22.42619436560689,22.627684531678515,0.0,0.0,0.7276592359230265,0.0,True,thermal_anomaly,1.0,0.7276592359230265,thermal_anomaly,0.7276592359230265,0.7276592359230265,41,thermal_anomaly,3.290770054265242,0.7276592359230265,abrupt,0.0,1.1635317437360368,514219979,thermal_anomaly
21600.0,360.0,6.0,1,600.0,349.99999999999994,-250.00000000000006,82.72159459558517,82.41805650695875,29.308863783823405,29.29194296744713,-8.529842775344429,-8.583858655073461,31.409185447865386,31.414880850936385,31.988452764444343,32.02712713112949,17.73554596061304,36.601054942979445,2999.9999999999986,2904.4004709085825,2908.0470892104236,0.0030910637126159235,0.22727659281539808,0.23768736069833618,22.42480471764112,22.585543597495384,0.0,0.0,0.7276592359230265,0.0,True,thermal_anomaly,1.0,0.7276592359230265,thermal_anomaly,0.7276592359230265,0.7276592359230265,41,thermal_anomaly,3.290770054265242,0.7276592359230265,abrupt,0.0,1.1635317437360368,514219979,thermal_anomaly
