time_s,time_min,time_h,in_sunlight,solar_power_w,load_power_w,battery_power_w,battery_soc_true,battery_soc_measured,battery_voltage_true,battery_voltage_measured,battery_current_true,battery_current_measured,battery_temp_true,battery_temp_measured,electronics_temp_true,electronics_temp_measured,battery_heat_w,electronics_heat_w,wheel_target_speed_rpm,wheel_speed_true,wheel_speed_measured,wheel_torque_nm,wheel_current_true,wheel_current_measured,wheel_temp_true,wheel_temp_measured,solar_degradation,battery_degradation,thermal_anomaly,wheel_degradation,fault_active,fault_type,fault_progress,fault_severity,fault_label,fault_requested_severity,fault_effective_severity,scenario_id,scenario_fault_type,scenario_start_time_h,scenario_severity,scenario_profile,scenario_ramp_duration_h,scenario_sensor_noise_scale,scenario_random_seed,scenario_internal_fault_name
0.0,0.0,0.0,1,600.0,350.0,-250.0,90.37202380952381,90.22687420678402,29.61488095238095,29.62570965456254,-8.44170200791912,-8.453368495394896,22.022336622077468,22.18689318272868,24.023,23.941230586796816,6.700986623240457,17.5,3000.0,3000.0,3007.1535756817625,0.0006283185307179586,0.16570796326794895,0.16784402671683527,24.979227572821976,24.876371862517068,0.0,0.0,0.0,0.0,False,none,0.0,0.0,nominal,0.6454905270039444,0.0,59,thermal_anomaly,2.915355795800741,0.6454905270039444,abrupt,0.0,0.7569079934974283,1569720506,thermal_anomaly
60.0,1.0,0.016666666666666666,1,601.2556165273943,354.15823381635516,-247.09738271103913,90.7397282480819,90.61957769897401,29.629589129923275,29.637414469612605,-8.339548065534684,-8.349359026379533,22.0440820855283,22.034534136084556,24.046231823381635,24.083154629840912,6.563844954989063,17.70791169081776,3103.9558454088797,3051.97792270444,3054.7940494643976,0.0019890973650273443,0.1997274341256836,0.19674234280063693,24.95874847619419,24.952152915797328,0.0,0.0,0.0,0.0,False,none,0.0,0.0,nominal,0.6454905270039444,0.0,59,thermal_anomaly,2.915355795800741,0.6454905270039444,abrupt,0.0,0.7569079934974283,1569720506,thermal_anomaly
120.0,2.0,0.03333333333333333,1,602.5051158172811,358.134732861516,-244.37038295576508,91.10337465128988,91.26079167584504,29.644134986051597,29.657089314145132,-8.243464788928678,-8.22029747924957,22.065272182808812,22.159231033970105,24.069675442080733,24.157998544924098,6.436376938104555,17.9067366430758,3203.3683215379,3127.67312212117,3121.521024591328,0.002620900448055877,0.21552251120139693,0.21945293511963904,24.938546098704002,24.953463560870148,0.0,0.0,0.0,0.0,False,none,0.0,0.0,nominal,0.6454905270039444,0.0,59,thermal_anomaly,2.915355795800741,0.6454905270039444,abrupt,0.0,0.7569079934974283,1569720506,thermal_anomaly
180.0,3.0,0.05,1,603.7424104347197,361.7557050458495,-241.98670538887018,91.46347391526143,91.46904645965826,29.658538956610457,29.69389437433657,-8.159090565549752,-8.198660613198637,22.08596608540712,22.08022562177806,24.093293609048672,24.115120006582593,6.325660708547438,18.087785252292473,3293.8926261462366,3210.7828741337034,3212.1056572576017,0.002830866546587775,0.22077166366469436,0.22027833763009885,24.918597552843362,24.95099558950503,0.0,0.0,0.0,0.0,False,none,0.0,0.0,nominal,0.6454905270039444,0.0,59,thermal_anomaly,2.915355795800741,0.6454905270039444,abrupt,0.0,0.7569079934974283,1569720506,thermal_anomaly
240.0,4.0,0.06666666666666667,1,604.961472404706,364.8628965095479,-240.0985758951581,91.82076346272446,91.92715298721699,29.67283053850898,29.68866805299248,-8.091529238626613,-8.088990841656628,22.10624304767322,22.090738574714642,24.117033549827237,24.180385670249684,6.23782763356395,18.243144825477398,3371.572412738697,3291.1776434362005,3295.0471683093697,0.002777194931208119,0.21942987328020297,0.2204588710640925,24.898879660493158,24.80993462803477,0.0,0.0,0.0,0.0,False,none,0.0,0.0,nominal,0.6454905270039444,0.0,59,thermal_anomaly,2.915355795800741,0.6454905270039444,abrupt,0.0,0.7569079934974283,1569720506,thermal_anomaly
300.0,5.0,0.08333333333333333,1,606.156362579862,367.3205080756888,-238.83585450417326,92.17617396049855,91.9447624955985,29.68704695841994,29.67683426786271,-8.045119975681306,-8.010225081979993,22.126198644166678,22.215093049114135,24.140829332236187,24.12342501330624,6.17791643384851,18.36602540378444,3433.0127018922194,3362.0951726642097,3363.0606208896475,0.0025459192073639977,0.21364798018409992,0.21548752922509473,24.879369033248576,24.91710986673757,0.0,0.0,0.0,0.0,False,none,0.0,0.0,nominal,0.6454905270039444,0.0,59,thermal_anomaly,2.915355795800741,0.6454905270039444,abrupt,0.0,0.7569079934974283,1569720506,thermal_anomaly
360.0,6.0,0.1,1,607.3212595753644,369.0211303259031,-238.3001292494613,92.53078724807214,92.55595752382452,29.701231489922886,29.708092567885018,-8.023240697285983,-8.029440840226622,22.145940756644766,22.312190201428855,24.16460481061089,24.10670989126772,6.149791302926885,18.451056516295154,3475.5282581475767,3418.811715405893,3415.733677902783,0.0021889911831264744,0.20472477957816185,0.21232238605585918,24.860041723756545,24.98429738615955,0.0,0.0,0.0,0.0,False,none,0.0,0.0,nominal,0.6454905270039444,0.0,59,thermal_anomaly,2.915355795800741,0.6454905270039444,abrupt,0.0,0.7569079934974283,1569720506,thermal_anomaly
420.0,7.0,0.11666666666666667,1,608.450488130146,369.8904379073655,-238.56005022278055,92.88578732280843,93.025496577944,29.715431492912337,29.72773789677052,-8.028153664188972,-8.004082098692896,22.165585445773118,22.09961068479992,24.18827701591674,24.291707992594066,6.156100100466465,18.494521895368276,3497.2609476841367,3458.036331545015,3459.3682647680653,0.0017429323004629288,0.1935733075115732,0.1894720595979462,24.84087334921582,24.846013495660742,0.0,0.0,0.0,0.0,False,none,0.0,0.0,nominal,0.6454905270039444,0.0,59,thermal_anomaly,2.915355795800741,0.6454905270039444,abrupt,0.0,0.7569079934974283,1569720506,thermal_anomaly
480.0,8.0,0.13333333333333333,1,609.5385467561977,369.8904379073655,-239.64810884883218,93.2424065324049,93.34813146996166,29.729696261296198,29.712455516706648,-8.060900008615953,-8.055215843015155,22.18525276215152,22.330344216696304,24.211759843580143,24.206353569005078,6.198248715912373,18.494521895368276,3497.2609476841367,3477.6486396145756,3473.5701538409116,0.0012376984602625,0.18094246150656249,0.1865508173133592,24.82183963129007,24.907867857154912,0.0,0.0,0.0,0.0,False,none,0.0,0.0,nominal,0.6454905270039444,0.0,59,thermal_anomaly,2.915355795800741,0.6454905270039444,abrupt,0.0,0.7569079934974283,1569720506,thermal_anomaly
540.0,9.0,0.15,1,610.5801345412646,369.0211303259031,-241.55900421536148,93.60186933629682,93.89064963153977,29.74407477345187,29.75243586193249,-8.121247880635556,-8.11926197391529,22.20506249014894,22.247872688260966,24.234967877864094,24.21895720085482,6.2763733710982015,18.451056516295154,3475.5282581475767,3476.588448881076,3478.9754856894215,0.0007006012993672623,0.16751503248418156,0.17138451775228752,24.802917168998125,24.722825720219387,0.0,0.0,0.0,0.0,False,none,0.0,0.0,nominal,0.6454905270039444,0.0,59,thermal_anomaly,2.915355795800741,0.6454905270039444,abrupt,0.0,0.7569079934974283,1569720506,thermal_anomaly
600.0,10.0,0.16666666666666666,1,611.5701769743577,367.3205080756888,-244.24966889866886,93.96533610549126,94.02948855523208,29.75861344421965,29.729573712324143,-8.207696549992056,-8.249712482668018,22.22512979058318,22.224013861630887,24.25782018564875,24.39758481679527,6.38930261254012,18.36602540378444,3433.0127018922194,3454.8005753866473,3459.546914417346,0.00015772978780866564,0.15394324469521664,0.15395205839193093,24.7840842940449,24.84004686243035,0.0,0.0,0.0,0.0,False,none,0.0,0.0,nominal,0.6454905270039444,0.0,59,thermal_anomaly,2.915355795800741,0.6454905270039444,abrupt,0.0,0.7569079934974283,1569720506,thermal_anomaly
660.0,11.0,0.18333333333333332,1,612.503850668262,364.8628965095479,-247.64095415871407,94.33384943013219,94.46812487136091,29.77335397720529,29.771765584793393,-8.317536356445093,-8.305017288785338,22.245560721450556,22.157046055733964,24.280243913814516,24.33759150024607,6.534512883262872,18.243144825477398,3371.572412738697,3413.186494062673,3417.5148646355624,-0.00036588236096057034,0.15914705902401424,0.15480257556758692,24.765371298209715,24.812034310068295,0.0,0.0,0.0,0.0,False,none,0.0,0.0,nominal,0.6454905270039444,0.0,59,thermal_anomaly,2.915355795800741,0.6454905270039444,abrupt,0.0,0.7569079934974283,1569720506,thermal_anomaly
720.0,12.0,0.2,1,613.376606858593,361.7557050458495,-251.62090181274357,94.70828529592498,94.75042581553392,29.788331411837,29.803999697071486,-8.446961944056957,-8.453816666572227,22.266447668077678,22.313771530809763,24.302177533008585,24.21957195688717,6.708093286747719,18.087785252292473,3293.8926261462366,3353.5395601044547,3356.3890758199454,-0.0008466969717638359,0.1711674242940959,0.17265280280726977,24.746777531689744,24.822261861370592,0.0,0.0,0.0,0.0,False,none,0.0,0.0,nominal,0.6454905270039444,0.0,59,thermal_anomaly,2.915355795800741,0.6454905270039444,abrupt,0.0,0.7569079934974283,1569720506,thermal_anomaly
780.0,13.0,0.21666666666666667,1,614.184193564921,358.134732861516,-256.049460703405,95.08931127911457,94.93345861421024,29.803572451164584,29.77689319080369,-8.59123385704722,-8.56814845685919,22.287864795185605,22.33279853657482,24.32357358603067,24.445019142083762,6.904743934917956,17.9067366430758,3203.3683215379,3278.4539408211776,3282.940265751771,-0.001263373233051744,0.1815843308262936,0.17917777666584858,24.72828196644546,24.862846320156788,0.0,0.0,0.0,0.0,False,none,0.0,0.0,nominal,0.6454905270039444,0.0,59,thermal_anomaly,2.915355795800741,0.6454905270039444,abrupt,0.0,0.7569079934974283,1569720506,thermal_anomaly
840.0,14.0,0.23333333333333334,1,614.9226763059908,354.15823381635516,-260.7644424896356,95.47735360424795,95.26473119443921,29.819094144169917,29.82259998695185,-8.744881424931515,-8.788076593420671,22.309863726717456,22.306461070180696,24.344400820724058,24.366469655650384,7.1178360908889795,17.70791169081776,3103.9558454088797,3191.2048931150284,3191.610665326745,-0.0015975369398450977,0.18993842349612744,0.19018458694685217,24.709865507062307,24.67988375017883,0.0,0.0,0.0,0.0,False,none,0.0,0.0,nominal,0.6454905270039444,0.0,59,thermal_anomaly,2.915355795800741,0.6454905270039444,abrupt,0.0,0.7569079934974283,1569720506,thermal_anomaly
900.0,15.0,0.25,1,615.5884572681198,350.0,-265.5884572681198,95.8725745228017,95.88862082551879,29.83490298091207,29.805857008760476,-8.901938023329231,-8.881599851704037,22.33246974450947,22.426475197998535,24.364645614158267,24.468094500311352,7.33956004569558,17.5,3000.0,3095.602446557514,3096.7874399112134,-0.00183450180819848,0.195862545204962,0.1965919050900636,24.691511756280946,24.748542741925416,0.0,0.0,0.0,0.0,False,none,0.0,0.0,nominal,0.6454905270039444,0.0,59,thermal_anomaly,2.915355795800741,0.6454905270039444,abrupt,0.0,0.7569079934974283,1569720506,thermal_anomaly
960.0,16.0,0.26666666666666666,1,616.178292833385,345.84176618364484,-270.3365266497401,96.27486102079239,96.18768672223305,29.850994440831695,29.834423375274017,-9.056198351635487,-9.05414542504961,22.35567885366486,22.261860487884807,24.384312625863366,24.28789594768402,7.561178286733225,17.292088309182244,2896.0441545911203,2995.8233005743177,2990.872728507832,-0.0019638704730496467,0.19909676182624117,0.1990736552632818,24.673207665569283,24.710537961079243,0.0,0.0,0.0,0.0,False,none,0.0,0.0,nominal,0.6454905270039444,0.0,59,thermal_anomaly,2.915355795800741,0.6454905270039444,abrupt,0.0,0.7569079934974283,1569720506,thermal_anomaly
1020.0,17.0,0.2833333333333333,1,616.6893093822022,341.865267138484,-274.82404224371817,96.68382536936933,96.86693898215836,29.867353014774775,29.86733078393238,-9.20148638909408,-9.179497414928772,22.379456074347853,22.3844969341485,24.403424651570308,24.518911980482862,7.7733881414946895,17.0932633569242,2796.6316784621,2896.227489518209,2891.064540976534,-0.0019799684713490795,0.19949921178372698,0.19151145599308114,24.654944048653153,24.60455136199328,0.0,0.0,0.0,0.0,False,none,0.0,0.0,nominal,0.6454905270039444,0.0,59,thermal_anomaly,2.915355795800741,0.6454905270039444,abrupt,0.0,0.7569079934974283,1569720506,thermal_anomaly
1080.0,18.0,0.3,1,617.1190172933127,338.2442949541505,-278.8747223391622,97.09881751570738,97.31060385971203,29.883952700628296,29.9031133534495,-9.331922223705668,-9.343773026610254,22.403735277205577,22.31773723373911,24.42202168385316,24.363253255397183,7.966781791143339,16.912214747707527,2706.1073738537634,2801.1674316859862,2798.7959065852388,-0.001882082027516422,0.19705205068791054,0.2004301261691568,24.636715938974486,24.67825663111766,0.0,0.0,0.0,0.0,False,none,0.0,0.0,nominal,0.6454905270039444,0.0,59,thermal_anomaly,2.915355795800741,0.6454905270039444,abrupt,0.0,0.7569079934974283,1569720506,thermal_anomaly
1140.0,19.0,0.31666666666666665,1,617.465323072968,335.1371034904521,-282.3282195825159,97.51894879484803,97.6913754646201,29.90075795179392,29.906539677230448,-9.44217601566108,-9.461898278681325,22.428420782318536,22.360737910780742,24.44015922073138,24.49311920671273,8.132375032858029,16.756855174522606,2628.427587261303,2714.797509473645,2714.367227406157,-0.0016744841409544729,0.19186210352386182,0.1945563438080882,24.618522775982953,24.642245153435283,0.0,0.0,0.0,0.0,False,none,0.0,0.0,nominal,0.6454905270039444,0.0,59,thermal_anomaly,2.915355795800741,0.6454905270039444,abrupt,0.0,0.7569079934974283,1569720506,thermal_anomaly
1200.0,20.0,0.3333333333333333,1,617.7265395542198,332.6794919243112,-285.0470476299086,97.9431259490592,98.10021437438189,29.917725037962366,29.893149270003338,-9.527697953912426,-9.488306918055818,22.453390798504888,22.37732072268037,24.45790589615796,24.35284794302306,8.262162264078963,16.633974596215563,2566.9872981077806,2640.8924037907127,2641.8032561819487,-0.0013662452815192232,0.18415613203798056,0.18184195791882732,24.60036841001693,24.583454633211463,0.0,0.0,0.0,0.0,False,none,0.0,0.0,nominal,0.6454905270039444,0.0,59,thermal_anomaly,2.915355795800741,0.6454905270039444,abrupt,0.0,0.7569079934974283,1569720506,thermal_anomaly
1260.0,21.0,0.35,1,617.9013941166289,330.9788696740969,-286.922524442532,98.3700939913844,98.28315034663788,29.934803759655377,29.950238882574535,-9.584914160327042,-9.564518372900997,22.47850260823675,22.37347507538632,24.475340535956107,24.44456164119556,8.349646356867026,16.548943483704846,2524.4717418524233,2582.682072821568,2583.2677500022096,-0.0009708356894861285,0.1742708922371532,0.17961884115623153,24.58226092137587,24.570991009692957,0.0,0.0,0.0,0.0,False,none,0.0,0.0,nominal,0.6454905270039444,0.0,59,thermal_anomaly,2.915355795800741,0.6454905270039444,abrupt,0.0,0.7569079934974283,1569720506,thermal_anomaly
1320.0,22.0,0.36666666666666664,1,617.9890348863438,330.1095620926345,-287.8794727937093,98.79848606399409,99.12807228522747,29.951939442559762,29.937515801809678,-9.611380035866768,-9.606683098583414,22.503599226239025,22.617537751212147,24.49254876787772,24.478608050899197,8.39029009550866,16.505478104631727,2502.7390523158633,2542.710562568716,2537.840797663839,-0.0005055360229247973,0.16263840057311993,0.15904743416393113,24.564212256047483,24.44452246209082,0.0,0.0,0.0,0.0,False,none,0.0,0.0,nominal,0.6454905270039444,0.0,59,thermal_anomaly,2.915355795800741,0.6454905270039444,abrupt,0.0,0.7569079934974283,1569720506,thermal_anomaly
1380.0,23.0,0.38333333333333336,1,617.9890348863438,330.1095620926345,-287.8794727937093,99.22687813660377,99.26826261037715,29.96907512546415,29.974603395668087,-9.605884452173287,-9.611179053788053,22.52851710184386,22.421158604553703,24.509619333943963,24.45027141350877,8.38184128868036,16.505478104631727,2502.7390523158633,2522.7248074422896,2529.5950809490096,9.318209224527915e-06,0.1502329552306132,0.15419791945348804,24.54623894625931,24.61375773641105,0.0,0.0,0.0,0.0,False,none,0.0,0.0,nominal,0.6454905270039444,0.0,59,thermal_anomaly,2.915355795800741,0.6454905270039444,abrupt,0.0,0.7569079934974283,1569720506,thermal_anomaly
1440.0,24.0,0.4,1,617.9013941166289,330.9788696740969,-286.922524442532,99.65384617892896,99.75284080348325,29.98615384715716,30.004365827132204,-9.568500378708412,-9.577749275648292,22.553094319098754,22.42453296377075,24.52664026623982,24.38838526551932,8.324495959787441,16.548943483704846,2524.4717418524233,2523.5982746473564,2522.35245371494,0.0005512255660942137,0.16378063915235533,0.16092015578954827,24.528430792650212,24.5681441261943,0.0,0.0,0.0,0.0,False,none,0.0,0.0,nominal,0.6454905270039444,0.0,59,thermal_anomaly,2.915355795800741,0.6454905270039444,abrupt,0.0,0.7569079934974283,1569720506,thermal_anomaly
1500.0,25.0,0.4166666666666667,1,617.7265395542198,332.6794919243112,-285.0470476299086,100.0,100.0,30.0,30.012899831352165,-9.501568254330287,-9.50703095408428,22.577183699661948,22.568133807579834,24.543695093302333,24.42621238850555,8.222383943335767,16.633974596215563,2566.9872981077806,2545.2927863775685,2546.3696362425244,0.0010965021756400308,0.17741255439100076,0.17990290187717203,24.510807428556266,24.50480685788919,0.0,0.0,0.0,0.0,False,none,0.0,0.0,nominal,0.6454905270039444,0.0,59,thermal_anomaly,2.915355795800741,0.6454905270039444,abrupt,0.0,0.7569079934974283,1569720506,thermal_anomaly
1560.0,26.0,0.43333333333333335,1,617.465323072968,335.1371034904521,-282.3282195825159,100.0,100.0,30.0,29.99840966584831,-9.41094065275053,-9.443198087309261,22.600671478522536,22.61869421047347,24.56085924290496,24.585374243555616,8.085264317567404,16.756855174522606,2628.4275872613025,2586.8601868194355,2582.8439035929787,0.0016213168734028807,0.190532921835072,0.1857987226580332,24.493386174654585,24.42600992754469,0.0,0.0,0.0,0.0,False,none,0.0,0.0,nominal,0.6454905270039444,0.0,59,thermal_anomaly,2.915355795800741,0.6454905270039444,abrupt,0.0,0.7569079934974283,1569720506,thermal_anomaly
1620.0,27.0,0.45,1,617.1190172933127,338.2442949541505,-278.8747223391622,100.0,99.94814209497028,30.0,29.974127466527346,-9.295824077972073,-9.289574870415752,22.623444075061695,22.57559036113209,24.578196798457135,24.485593023208867,7.912987623088427,16.912214747707527,2706.107373853763,2646.483780336599,2651.1288078275816,0.002102732758702936,0.20256831896757338,0.20788470755082397,24.47618121926103,24.397729867808692,0.0,0.0,0.0,0.0,False,none,0.0,0.0,nominal,0.6454905270039444,0.0,59,thermal_anomaly,2.915355795800741,0.6454905270039444,abrupt,0.0,0.7569079934974283,1569720506,thermal_anomaly
1680.0,28.0,0.4666666666666667,1,616.6893093822022,341.865267138484,-274.82404224371817,100.0,100.0,30.0,29.97726040862811,-9.16080140812394,-9.139984324983004,22.645415485928414,22.763648847043132,24.595757750783328,24.54608813638926,7.713622595126845,17.0932633569242,2796.6316784621,2721.5577293993497,2720.834672707545,0.0025197096572392597,0.21299274143098149,0.20616096448554094,24.4592029266538,24.53806260021624,0.0,0.0,0.0,0.0,False,none,0.0,0.0,nominal,0.6454905270039444,0.0,59,thermal_anomaly,2.915355795800741,0.6454905270039444,abrupt,0.0,0.7569079934974283,1569720506,thermal_anomaly
1740.0,29.0,0.48333333333333334,1,616.178292833385,345.8417661836448,-270.33652664974016,100.0,99.87783221732454,30.0,30.008469611297475,-9.011217554991338,-9.021384981209316,22.666530204165745,22.716085254361122,24.613575865395426,24.590327196830764,7.496163345870727,17.29208830918224,2896.04415459112,2808.800941995234,2803.6380629928035,0.0028540236826568068,0.22135059206642016,0.22288936737870957,24.442457308702856,24.437958056763602,0.0,0.0,0.0,0.0,False,none,0.0,0.0,nominal,0.6454905270039444,0.0,59,thermal_anomaly,2.915355795800741,0.6454905270039444,abrupt,0.0,0.7569079934974283,1569720506,thermal_anomaly
1800.0,30.0,0.5,1,615.5884572681198,350.0,-265.5884572681198,100.0,100.0,30.0,29.990262077599073,-8.852948575603993,-8.854647925243842,22.68676427586936,22.745030044758376,24.631667258472262,24.672544825221717,7.269975878583101,17.5,3000.0,2904.4004709976166,2908.364897468325,0.003091063710322311,0.22727659275805778,0.22160550717207905,24.42594568866376,24.43011210470551,0.0,0.0,0.0,0.0,False,none,0.0,0.0,nominal,0.6454905270039444,0.0,59,thermal_anomaly,2.915355795800741,0.6454905270039444,abrupt,0.0,0.7569079934974283,1569720506,thermal_anomaly
1860.0,31.0,0.5166666666666667,1,614.9226763059908,354.15823381635516,-260.7644424896356,100.0,100.0,30.0,30.011495477662482,-8.692148082987853,-8.713775985543146,22.706124607093237,22.692720207085625,24.65002974378612,24.699190757723574,7.044275063727152,17.70791169081776,3103.955845408879,3004.178158203248,3006.492194449286,0.0032204699548295168,0.23051174887073791,0.22530415649944643,24.409664577314476,24.329234964844662,0.0,0.0,0.0,0.0,False,none,0.0,0.0,nominal,0.6454905270039444,0.0,59,thermal_anomaly,2.915355795800741,0.6454905270039444,abrupt,0.0,0.7569079934974283,1569720506,thermal_anomaly
1920.0,32.0,0.5333333333333333,1,614.184193564921,358.134732861516,-256.049460703405,100.0,99.97126545622896,30.0,30.037129232344434,-8.534982023446833,-8.542813997749539,22.724646770954827,22.70490521117542,24.668642979121984,24.57729082602689,6.827673451244848,17.9067366430758,3203.3683215378996,3103.773239870574,3101.941740126396,0.0032365867429569625,0.23091466857392406,0.23234966960356487,24.39360577110314,24.397255266398016,0.0,0.0,0.0,0.0,False,none,0.0,0.0,nominal,0.6454905270039444,0.0,59,thermal_anomaly,2.915355795800741,0.6454905270039444,abrupt,0.0,0.7569079934974283,1569720506,thermal_anomaly
1980.0,33.0,0.55,1,613.376606858593,361.7557050458495,-251.62090181274357,100.0,99.92380669160956,30.0,29.96986024294279,-8.387363393758118,-8.404645572143606,22.74239165424882,22.72560033065451,24.687469405793593,24.623976171217787,6.627829175916296,18.087785252292473,3293.8926261462366,3198.832933008405,3198.3415205690576,0.0031387096940383224,0.22846774235095807,0.22818326838509093,24.377756670305367,24.389452775467184,0.0,0.0,0.0,0.0,False,none,0.0,0.0,nominal,0.6454905270039444,0.0,59,thermal_anomaly,2.915355795800741,0.6454905270039444,abrupt,0.0,0.7569079934974283,1569720506,thermal_anomaly
2040.0,34.0,0.5666666666666667,1,612.503850668262,364.8628965095479,-247.64095415871407,100.0,100.0,30.0,29.9690327165441,-8.254698471957136,-8.2522106905583,22.75944131682011,22.702242418247984,24.7064559401982,24.709846931646837,6.4512037490345175,18.243144825477398,3371.572412738697,3285.2026728735514,3281.0348311553826,0.002931116504933392,0.2232779126233348,0.22066973959295655,24.36210080321205,24.31399205268248,0.0,0.0,0.0,0.0,False,none,0.0,0.0,nominal,0.6454905270039444,0.0,59,thermal_anomaly,2.915355795800741,0.6454905270039444,abrupt,0.0,0.7569079934974283,1569720506,thermal_anomaly
2100.0,35.0,0.5833333333333334,1,611.5701769743577,367.3205080756888,-244.24966889866886,100.0,99.83897301401039,30.0,29.96449217593915,-8.141655629955629,-8.167332580977519,22.775894417291664,22.850505032979832,24.725536343484183,24.644055053170007,6.302924511743055,18.36602540378444,3433.0127018922194,3359.1076873828856,3360.744081999264,0.002622879994226634,0.21557199985566583,0.21638579537631228,24.346618531014,24.40285519586131,0.0,0.0,0.0,0.0,False,none,0.0,0.0,nominal,0.6454905270039444,0.0,59,thermal_anomaly,2.915355795800741,0.6454905270039444,abrupt,0.0,0.7569079934974283,1569720506,thermal_anomaly
2160.0,36.0,0.6,1,610.5801345412646,369.0211303259031,-241.55900421536148,100.0,99.94784348660681,30.0,30.00892961423098,-8.051966807178717,-8.0725815824985,22.79186149597829,22.757948382097354,24.7446341657689,24.772536058396188,6.1867335571126265,18.451056516295154,3475.5282581475767,3417.3179727652314,3422.3262715929027,0.0022274715765577893,0.20568678941394472,0.20890846757439416,24.3312878982213,24.33081041239477,0.0,0.0,0.0,0.0,False,none,0.0,0.0,nominal,0.6454905270039444,0.0,59,thermal_anomaly,2.915355795800741,0.6454905270039444,abrupt,0.0,0.7569079934974283,1569720506,thermal_anomaly
2220.0,37.0,0.6166666666666667,1,609.5385467561977,369.8904379073655,-239.64810884883218,100.0,99.98101453719049,30.0,30.000308171606225,-7.988270294961072,-7.9976739383819835,22.807460316950515,22.994213322686647,24.763666136233486,24.887499291809895,6.104996984428596,18.494521895368276,3497.2609476841367,3457.289460224684,3455.0833270641633,0.0017621724971785863,0.19405431242946464,0.19651973216334329,24.316085585916294,24.33390476700231,0.0,0.0,0.0,0.0,False,none,0.0,0.0,nominal,0.6454905270039444,0.0,59,thermal_anomaly,2.915355795800741,0.6454905270039444,abrupt,0.0,0.7569079934974283,1569720506,thermal_anomaly
2280.0,38.0,0.6333333333333333,1,608.450488130146,369.8904379073655,-238.56005022278055,100.0,100.0,30.0,29.96527831816089,-7.952001674092685,-7.969190770577228,22.82281137654875,22.633698225092896,24.782545850934355,24.736253883629075,6.05874644998183,18.494521895368276,3497.2609476841367,3477.2752039544102,3474.122175780587,0.0012473185586203252,0.18118296396550812,0.17437134140269686,24.300987920422497,24.323045016928347,0.0,0.0,0.0,0.0,False,none,0.0,0.0,nominal,0.6454905270039444,0.0,59,thermal_anomaly,2.915355795800741,0.6454905270039444,abrupt,0.0,0.7569079934974283,1569720506,thermal_anomaly
2340.0,39.0,0.65,1,607.3212595753644,369.0211303259031,-238.3001292494613,100.0,100.0,30.0,30.017747304624006,-7.94333764164871,-7.945871414600245,22.83803360505992,22.846079481818716,24.80118759715947,24.9101931113577,6.047729031138663,18.451056516295154,3475.5282581475767,3476.401731050993,3488.1645376313404,0.0007054113485461749,0.16763528371365435,0.16637540141595944,24.285971888322834,24.28491389025796,0.0,0.0,0.0,0.0,False,none,0.0,0.0,nominal,0.6454905270039444,0.0,59,thermal_anomaly,2.915355795800741,0.6454905270039444,abrupt,0.0,0.7569079934974283,1569720506,thermal_anomaly
2400.0,40.0,0.6666666666666666,1,606.156362579862,367.3205080756888,-238.83585450417326,100.0,99.96356128941153,30.0,29.984110475062888,-7.961195150139108,-7.960105853651202,22.853240237621186,22.881539590395526,24.819510147189764,24.84468861465431,6.0704502574878765,18.36602540378444,3433.0127018922194,3454.7072164716064,3451.2456484518843,0.00016013481239812548,0.15400337030995312,0.15935700831583788,24.27101611011691,24.227302003978604,0.0,0.0,0.0,0.0,False,none,0.0,0.0,nominal,0.6454905270039444,0.0,59,thermal_anomaly,2.915355795800741,0.6454905270039444,abrupt,0.0,0.7569079934974283,1569720506,thermal_anomaly
2460.0,41.0,0.6833333333333333,1,604.961472404706,364.8628965095479,-240.0985758951581,100.0,99.97330535023607,30.0,30.023924852522033,-8.003285863171936,-7.957722410005682,22.8685348187575,22.845485949835247,24.8374403556632,24.666788478231332,6.1242067686118205,18.243144825477398,3371.5724127386975,3413.1398146051515,3416.7816159579916,-0.0003646798486658404,0.15911699621664602,0.1569532138605407,24.256150960607094,24.250834938412,0.0,0.0,0.0,0.0,False,none,0.0,0.0,nominal,0.6454905270039444,0.0,59,thermal_anomaly,2.915355795800741,0.6454905270039444,abrupt,0.0,0.7569079934974283,1569720506,thermal_anomaly
2520.0,42.0,0.7,1,603.7424104347197,361.7557050458495,-241.98670538887018,100.0,100.0,30.0,29.980776789420545,-8.06622351296234,-8.031574513102663,22.884007332981238,22.855541477206813,24.85491640332248,24.74423277181412,6.205116940885321,18.087785252292473,3293.8926261462366,3353.5162203756936,3352.464357687156,-0.000846095715616464,0.1711523928904116,0.17385406102069512,24.241376261455354,24.340184335944915,0.0,0.0,0.0,0.0,False,none,0.0,0.0,nominal,0.6454905270039444,0.0,59,thermal_anomaly,2.915355795800741,0.6454905270039444,abrupt,0.0,0.7569079934974283,1569720506,thermal_anomaly
2580.0,43.0,0.7166666666666667,1,602.5051158172811,358.134732861516,-244.37038295576508,100.0,99.77046925230135,30.0,30.026806754198613,-8.145679431858836,-8.143309077060117,22.89973051389178,22.8687829711568,24.87189054538205,24.762844731025197,6.308167472528647,17.9067366430758,3203.3683215379006,3278.442270956797,3278.751314673459,-0.0012630726049780512,0.18157681512445129,0.18587927147076697,24.226671162148925,24.227150751325407,0.0,0.0,0.0,0.0,False,none,0.0,0.0,nominal,0.6454905270039444,0.0,59,thermal_anomaly,2.915355795800741,0.6454905270039444,abrupt,0.0,0.7569079934974283,1569720506,thermal_anomaly
2640.0,44.0,0.7333333333333333,1,601.2556165273943,354.1582338163552,-247.09738271103907,100.0,99.85957396841178,30.0,29.966209340002536,-8.236579423701302,-8.236395014095486,22.91575646163588,22.839226353580145,24.88833124440063,24.982746675039802,6.427299248235174,17.707911690817763,3103.9558454088806,3191.1990581828386,3194.152068262546,-0.00159738662580824,0.189934665645206,0.19358884974891732,24.212016761677877,24.15232365772467,0.0,0.0,0.0,0.0,False,none,0.0,0.0,nominal,0.6454905270039444,0.0,59,thermal_anomaly,2.915355795800741,0.6454905270039444,abrupt,0.0,0.7569079934974283,1569720506,thermal_anomaly
2700.0,45.0,0.75,1,600.0,350.0,-250.0,100.0,99.92609679163046,30.0,30.015985014270907,-8.333333333333334,-8.295287615158873,22.932113774717916,22.965566741172417,24.904224594445424,24.930609628458626,6.555555555555556,17.5,3000.0,3095.5995290914193,3095.324213716105,-0.0018344266511800618,0.19586066627950155,0.1924964826256285,24.197396865360076,24.14443374169169,0.0,0.0,0.0,0.0,False,none,0.0,0.0,nominal,0.6454905270039444,0.0,59,thermal_anomaly,2.915355795800741,0.6454905270039444,abrupt,0.0,0.7569079934974283,1569720506,thermal_anomaly
2760.0,46.0,0.7666666666666667,1,598.7443834726058,345.8417661836448,-252.90261728896104,100.0,99.96229130404039,30.0,29.975213866917148,-8.430087242965367,-8.443782479533098,22.948805457649343,22.999905135033604,24.919574974308226,24.903594281236582,6.685309673920594,17.29208830918224,2896.04415459112,2995.82184184127,2997.3110815036785,-0.001963832894540448,0.1990958223635112,0.19510356413121122,24.182798630783033,24.20234289169723,0.0,0.0,0.0,0.0,False,none,0.0,0.0,nominal,0.6454905270039444,0.0,59,thermal_anomaly,2.915355795800741,0.6454905270039444,abrupt,0.0,0.7569079934974283,1569720506,thermal_anomaly
2820.0,47.0,0.7833333333333333,1,597.4948841827188,341.865267138484,-255.6296170442348,100.0,99.8720282296163,30.0,30.019305852226754,-8.520987234807826,-8.499043235733412,22.96580788449165,23.039348784910988,24.93440490122761,24.962955600083966,6.808577876460634,17.0932633569242,2796.6316784621,2896.226760151685,2894.3718568029326,-0.001979949682094466,0.19949874205236165,0.19470171264401165,24.16821307888662,24.102448770778864,0.0,0.0,0.0,0.0,False,none,0.0,0.0,nominal,0.6454905270039444,0.0,59,thermal_anomaly,2.915355795800741,0.6454905270039444,abrupt,0.0,0.7569079934974283,1569720506,thermal_anomaly
2880.0,48.0,0.8,1,596.2575895652803,338.2442949541505,-258.0132946111298,100.0,99.97989971602175,30.0,30.00589472852631,-8.600443153704328,-8.592234408742883,22.983071069835393,22.9946547764543,24.9487540915132,24.860143368048167,6.917409795207972,16.912214747707527,2706.1073738537634,2801.1670670027247,2800.3389612216206,-0.0018820726328891155,0.1970518158222279,0.20202093028296683,24.153635450138335,24.193626394721324,0.0,0.0,0.0,0.0,False,none,0.0,0.0,nominal,0.6454905270039444,0.0,59,thermal_anomaly,2.915355795800741,0.6454905270039444,abrupt,0.0,0.7569079934974283,1569720506,thermal_anomaly
2940.0,49.0,0.8166666666666667,1,595.038527595294,335.13710349045215,-259.90142410484185,100.0,99.96771780722283,30.0,29.999394291705265,-8.663380803494729,-8.666107183803788,23.000520421268742,23.13092251169511,24.962677769130142,24.930638494619927,7.004333355708877,16.75685517452261,2628.4275872613034,2714.797327132014,2711.366890495805,-0.0016744794436408194,0.19186198609102048,0.18991201530490434,24.139065390160642,24.247416527144516,0.0,0.0,0.0,0.0,False,none,0.0,0.0,nominal,0.6454905270039444,0.0,59,thermal_anomaly,2.915355795800741,0.6454905270039444,abrupt,0.0,0.7569079934974283,1569720506,thermal_anomaly
3000.0,50.0,0.8333333333333334,1,593.843637420138,332.6794919243112,-261.16414549582674,100.0,99.93956279878256,30.0,29.98363742470763,-8.705471516527558,-8.739852143773973,23.01806002789448,23.002807807197094,24.976244296169533,24.962472337587887,7.06281874600581,16.633974596215563,2566.9872981077806,2640.8923126198974,2639.0985780095684,-0.0013662429328623966,0.18415607332155992,0.18354931479486586,24.124506954273727,24.110700291470962,0.0,0.0,0.0,0.0,False,none,0.0,0.0,nominal,0.6454905270039444,0.0,59,thermal_anomaly,2.915355795800741,0.6454905270039444,abrupt,0.0,0.7569079934974283,1569720506,thermal_anomaly
3060.0,51.0,0.85,1,592.6787404246356,330.9788696740969,-261.6998707505387,100.0,99.95444864965728,30.0,29.994337510695555,-8.723329025017957,-8.711654193638312,23.035577392868106,22.973809220707686,24.989532228767587,24.96494539693543,7.08771754229766,16.548943483704846,2524.4717418524233,2582.6820272361606,2580.896366230443,-0.0009708345151577116,0.17427086287894278,0.1772422055750064,24.109968426400112,24.214844619222436,0.0,0.0,0.0,0.0,False,none,0.0,0.0,nominal,0.6454905270039444,0.0,59,thermal_anomaly,2.915355795800741,0.6454905270039444,abrupt,0.0,0.7569079934974283,1569720506,thermal_anomaly
3120.0,52.0,0.8666666666666667,1,591.549511869854,330.1095620926345,-261.43994977721945,100.0,100.0,30.0,30.000707986278442,-8.714664992573981,-8.7177780507614,23.05294936475964,23.09934995654341,25.00262692714671,25.036026676911035,7.075630874623557,16.505478104631727,2502.7390523158633,2542.710539776012,2537.252243886945,-0.0005055354357605888,0.16263838589401472,0.15909173286545936,24.09546195471232,24.015091172633728,0.0,0.0,0.0,0.0,False,none,0.0,0.0,nominal,0.6454905270039444,0.0,59,thermal_anomaly,2.915355795800741,0.6454905270039444,abrupt,0.0,0.7569079934974283,1569720506,thermal_anomaly
3180.0,53.0,0.8833333333333333,1,590.4614532438023,330.1095620926345,-260.3518911511678,100.0,100.0,30.0,30.015709738088756,-8.678396371705594,-8.70708983928314,23.070048885526933,23.17178469097676,25.0156168679388,24.98241796673663,7.025165086754626,16.505478104631727,2502.7390523158633,2522.724796045938,2526.2261766965335,9.318502806628603e-06,0.15023296257016572,0.15615330417241485,24.081004272189787,24.006909604297036,0.0,0.0,0.0,0.0,False,none,0.0,0.0,nominal,0.6454905270039444,0.0,59,thermal_anomaly,2.915355795800741,0.6454905270039444,abrupt,0.0,0.7569079934974283,1569720506,thermal_anomaly
3240.0,54.0,0.9,1,589.4198654587356,330.9788696740969,-258.44099578463863,100.0,100.0,30.0,30.016066310017756,-8.614699859487954,-8.600291441345597,23.086752073192187,23.155563913939964,25.0285898199627,24.96153968216601,6.937044293524942,16.548943483704846,2524.471741852423,2523.5982689491807,2522.4508657913625,0.0005512257128852536,0.16378064282213134,0.1700831096550394,24.06668537863993,24.087602130257682,0.0,0.0,0.0,0.0,False,none,0.0,0.0,nominal,0.6454905270039444,0.0,59,thermal_anomaly,2.915355795800741,0.6454905270039444,abrupt,0.0,0.7569079934974283,1569720506,thermal_anomaly
3300.0,55.0,0.9166666666666666,1,588.4298230256423,332.67949192431126,-255.75033110133108,100.0,100.0,30.0,29.992845495379694,-8.525011036711037,-8.496156533544506,23.102945110933312,23.220180470440653,25.04162905059543,24.971730722823153,6.814065054083598,16.633974596215563,2566.987298107781,2545.292783528481,2545.040610436865,0.0010965022490355618,0.17741255622588903,0.17868696285164598,24.05252510515335,24.012649856047652,0.0,0.0,0.0,0.0,False,none,0.0,0.0,nominal,0.6454905270039444,0.0,59,thermal_anomaly,2.915355795800741,0.6454905270039444,abrupt,0.0,0.7569079934974283,1569720506,thermal_anomaly
3360.0,56.0,0.9333333333333333,0,0.0,335.1371034904521,335.1371034904521,99.50128407218682,99.4623201853348,29.980051362887473,30.00710698788631,11.178670090783127,11.180729608700535,23.114984150934,23.189823310319728,25.03880972853971,25.069749911927303,10.99701319988554,16.756855174522606,2628.427587261303,2586.860185394892,2587.57344245191,0.001621316910100646,0.19053292275251615,0.18704339930481872,24.03854096867853,24.1004000050807,0.0,0.0,0.0,0.0,False,none,0.0,0.0,nominal,0.6454905270039444,0.0,59,thermal_anomaly,2.915355795800741,0.6454905270039444,abrupt,0.0,0.7569079934974283,1569720506,thermal_anomaly
3420.0,57.0,0.95,0,0.0,338.2442949541505,338.2442949541505,98.99794434755268,98.92096364800872,29.959917773902106,29.945342747411587,11.289893967893095,11.280274561070602,23.127617367576732,23.1147991055798,25.03632368020681,24.972231125717798,11.19693646450151,16.912214747707527,2706.1073738537634,2646.4837796243282,2650.9200451329725,0.0021027327770518148,0.20256831942629536,0.20400464402739815,24.024747352330543,24.0705330546518,0.0,0.0,0.0,0.0,False,none,0.0,0.0,nominal,0.6454905270039444,0.0,59,thermal_anomaly,2.915355795800741,0.6454905270039444,abrupt,0.0,0.7569079934974283,1569720506,thermal_anomaly
3480.0,58.0,0.9666666666666667,0,0.0,341.865267138484,341.865267138484,98.48921627145373,98.44293376119695,29.93956865085815,29.928236693995146,11.41851010364123,11.405189791713042,23.140953629501126,23.144651256247624,25.034219617479003,24.994076281560687,11.430589838956548,17.0932633569242,2796.6316784620994,2721.5577290432134,2717.5817338704915,0.0025197096664136814,0.21299274166034204,0.21234224930791554,24.011154813725696,24.09665490318557,0.0,0.0,0.0,0.0,False,none,0.0,0.0,nominal,0.6454905270039444,0.0,59,thermal_anomaly,2.915355795800741,0.6454905270039444,abrupt,0.0,0.7569079934974283,1569720506,thermal_anomaly
3540.0,59.0,0.9833333333333333,0,0.0,345.84176618364484,345.84176618364484,97.9745707860614,97.65431140782785,29.918982831442456,29.91077807440821,11.55927553192727,11.520275844056382,23.15507240127692,23.280187341770244,25.032530037157535,25.120061051219192,11.689348065840997,17.292088309182244,2896.0441545911203,2808.8009418171673,2802.780960973894,0.002854023687244039,0.22135059218110098,0.22729580240152775,23.997769556621925,23.94308176494983,0.0,0.0,0.0,0.0,False,none,0.0,0.0,nominal,0.6454905270039444,0.0,59,thermal_anomaly,2.915355795800741,0.6454905270039444,abrupt,0.0,0.7569079934974283,1569720506,thermal_anomaly
3600.0,60.0,1.0,0,0.0,350.0,350.0,97.45373745272806,97.48146586752436,29.898149498109124,29.90893251871814,11.706410124885334,11.727306559816133,23.170019310339132,23.082837491196827,25.031269796860276,25.128196307327187,11.96320304096143,17.5,2999.9999999999995,2904.4004709085834,2903.7644416376766,0.0030910637126159027,0.22727659281539755,0.2237073756145289,23.984593094723543,23.9915315566677,0.0,0.0,0.0,0.0,False,none,0.0,0.0,nominal,0.6454905270039444,0.0,59,thermal_anomaly,2.915355795800741,0.6454905270039444,abrupt,0.0,0.7569079934974283,1569720506,thermal_anomaly
3660.0,61.0,1.0166666666666666,0,0.0,354.15823381635516,354.15823381635516,96.92671627145373,96.95449198986887,29.87706865085815,29.88307790183459,11.853848111909159,11.875999088690612,23.185802851826487,23.25844471842129,25.03043546186703,25.03905403316796,12.241097204816986,17.70791169081776,3103.955845408879,3004.1781581587315,3007.0478415180824,0.003220469955976316,0.2305117488994079,0.23114776434760254,23.971622127828866,24.03040800873762,0.0,0.0,0.0,0.0,False,none,0.0,0.0,nominal,0.6454905270039444,0.0,59,thermal_anomaly,2.915355795800741,0.6454905270039444,abrupt,0.0,0.7569079934974283,1569720506,thermal_anomaly
3720.0,62.0,1.0333333333333334,0,0.0,358.134732861516,358.134732861516,96.39377768088599,96.29313553603104,29.85575110723544,29.86014911437023,11.9955023598359,12.018850018169312,23.20239258854615,23.241282048328216,25.030005451458244,25.00947447794249,12.511366149186292,17.9067366430758,3203.368321537899,3103.7732398483154,3103.300071173503,0.0032365867435303623,0.23091466858825904,0.23473227260102497,23.958848639988698,23.936496625314383,0.0,0.0,0.0,0.0,False,none,0.0,0.0,nominal,0.6454905270039444,0.0,59,thermal_anomaly,2.915355795800741,0.6454905270039444,abrupt,0.0,0.7569079934974283,1569720506,thermal_anomaly
3780.0,63.0,1.05,0,0.0,361.7557050458495,361.7557050458495,95.85545073885348,95.76692357234496,29.83421802955414,29.79024000073314,12.125529976602365,12.146336462249845,23.2197191602718,23.266312971450002,25.029940978351163,24.987247637546073,12.762278177078606,18.087785252292473,3293.8926261462366,3198.8329329972757,3202.148061513738,0.0031387096943250254,0.22846774235812561,0.23045607265368112,23.946260217674297,23.936355648167336,0.0,0.0,0.0,0.0,False,none,0.0,0.0,nominal,0.6454905270039444,0.0,59,thermal_anomaly,2.915355795800741,0.6454905270039444,abrupt,0.0,0.7569079934974283,1569720506,thermal_anomaly
3840.0,64.0,1.0666666666666667,0,0.0,364.86289650954785,364.86289650954785,95.31249999999997,95.32582042073226,29.8125,29.83814918240394,12.238587723590703,12.213320666756205,23.237676319834975,23.261584037488316,25.030187740175307,25.024522636324797,12.982642357442005,18.243144825477394,3371.5724127386966,3285.202672867986,3282.441703080716,0.0029311165050767297,0.22327791262691823,0.2237328217484377,23.933840573975722,23.913292710154142,0.0,0.0,0.0,0.0,False,none,0.0,0.0,nominal,0.6454905270039444,0.0,59,thermal_anomaly,2.915355795800741,0.6454905270039444,abrupt,0.0,0.7569079934974283,1569720506,thermal_anomaly
3900.0,65.0,1.0833333333333333,0,0.0,367.3205080756888,367.3205080756888,94.76589210107781,94.80078588969889,29.790635684043114,29.78705214721242,12.330066131231911,12.309611319074692,23.256125070129446,23.246349691435412,25.030678289061473,25.06589331764635,13.162442464044181,18.36602540378444,3433.0127018922194,3359.107687380103,3351.813809654608,0.0026228799942983206,0.215571999857458,0.21631813420973448,23.92157025349694,24.023117996949324,0.0,0.0,0.0,0.0,False,none,0.0,0.0,nominal,0.6454905270039444,0.0,59,thermal_anomaly,2.915355795800741,0.6454905270039444,abrupt,0.0,0.7569079934974283,1569720506,thermal_anomaly
3960.0,66.0,1.1,0,0.0,369.0211303259031,369.0211303259031,94.21675351428333,94.21307427237824,29.768670140571334,29.772649850883813,12.396292094451642,12.417914203526541,23.27489980175959,23.167365731186962,25.031334975781572,25.08163700371364,13.293444615277142,18.451056516295154,3475.5282581475767,3417.31797276384,3416.871383664015,0.0022274715765936287,0.2056867894148407,0.2081910009963646,23.909427482785624,23.808326026728334,0.0,0.0,0.0,0.0,False,none,0.0,0.0,nominal,0.6454905270039444,0.0,59,thermal_anomaly,2.915355795800741,0.6454905270039444,abrupt,0.0,0.7569079934974283,1569720506,thermal_anomaly
4020.0,67.0,1.1166666666666667,0,0.0,369.8904379073655,369.8904379073655,93.6663213150164,93.38002593048923,29.746652852600654,29.728705976892346,12.434691047097997,12.445347181212565,23.293816147332176,23.358842384429938,25.032073339766058,25.011434706982282,13.369723314942329,18.494521895368276,3497.2609476841367,3457.2894602239876,3453.5977936820586,0.001762172497196506,0.19405431242991264,0.1966127413470084,23.897389123596383,23.942770901966938,0.0,0.0,0.0,0.0,False,none,0.0,0.0,nominal,0.6454905270039444,0.0,59,thermal_anomaly,2.915355795800741,0.6454905270039444,abrupt,0.0,0.7569079934974283,1569720506,thermal_anomaly
4080.0,68.0,1.1333333333333333,0,0.0,369.8904379073655,369.8904379073655,93.11588911574948,93.07846498586545,29.724635564629978,29.71118887637526,12.443901527509611,12.416011840171711,23.312680099841877,23.330122751098415,25.032805796838666,25.050079717677054,13.388054818108483,18.494521895368276,3497.2609476841367,3477.2752039540624,3481.9055276332597,0.0012473185586292885,0.18118296396573222,0.18009455436103816,23.885431681569983,23.91601974701793,0.0,0.0,0.0,0.0,False,none,0.0,0.0,nominal,0.6454905270039444,0.0,59,thermal_anomaly,2.915355795800741,0.6454905270039444,abrupt,0.0,0.7569079934974283,1569720506,thermal_anomaly
4140.0,69.0,1.15,0,0.0,369.0211303259031,369.0211303259031,92.56675052895498,92.65986492980562,29.702670021158198,29.72116649310357,12.42383698378082,12.410853207501031,23.33129781268271,23.40765112334861,25.033445463496548,25.068555601017678,13.348138031964808,18.451056516295154,3475.5282581475767,3476.4017310508193,3477.3326043834695,0.0007054113485506565,0.1676352837137664,0.16672636726758105,23.873532321261713,23.80118116447745,0.0,0.0,0.0,0.0,False,none,0.0,0.0,nominal,0.6454905270039444,0.0,59,thermal_anomaly,2.915355795800741,0.6454905270039444,abrupt,0.0,0.7569079934974283,1569720506,thermal_anomaly
4200.0,70.0,1.1666666666666667,0,0.0,367.3205080756888,367.3205080756888,92.02014263003282,92.16628818470797,29.680805705201312,29.705413566047906,12.375691944619918,12.403486885895006,23.349485426102113,23.416971970147582,25.033909950596144,25.08679910532886,13.252620088650426,18.36602540378444,3433.0127018922194,3454.7072164715196,3455.3859506009644,0.00016013481240036284,0.15400337031000907,0.15181535370311341,23.861669839808748,23.8757503469436,0.0,0.0,0.0,0.0,False,none,0.0,0.0,nominal,0.6454905270039444,0.0,59,thermal_anomaly,2.915355795800741,0.6454905270039444,abrupt,0.0,0.7569079934974283,1569720506,thermal_anomaly
4260.0,71.0,1.1833333333333333,0,0.0,364.8628965095479,364.8628965095479,91.47719189117932,91.56975579939116,29.65908767564717,29.65983165235988,12.301892104696591,12.333117192450352,23.367078260040326,23.360043126870714,25.03412496064233,25.072432662479045,13.106923948447706,18.243144825477398,3371.5724127386975,3413.1398146051083,3404.1939378443035,-0.00036467984866472153,0.15911699621661804,0.15731733530858516,23.84987478732624,23.897247009060553,0.0,0.0,0.0,0.0,False,none,0.0,0.0,nominal,0.6454905270039444,0.0,59,thermal_anomaly,2.915355795800741,0.6454905270039444,abrupt,0.0,0.7569079934974283,1569720506,thermal_anomaly
4320.0,72.0,1.2,0,0.0,361.7557050458495,361.7557050458495,90.9388649491468,90.82701152059107,29.637554597965874,29.657059151790566,12.205990337363327,12.221025784529338,23.383938777177633,23.446859761471817,25.034027531461778,24.960789498868927,12.918896009264552,18.087785252292473,3293.8926261462366,3353.516220375672,3356.0003845549263,-0.0008460957156159048,0.1711523928903976,0.1676255564307868,23.838147159474104,23.813727752077277,0.0,0.0,0.0,0.0,False,none,0.0,0.0,nominal,0.6454905270039444,0.0,59,thermal_anomaly,2.915355795800741,0.6454905270039444,abrupt,0.0,0.7569079934974283,1569720506,thermal_anomaly
4380.0,73.0,1.2166666666666666,0,0.0,358.134732861516,358.134732861516,90.40592635857907,90.69192752980179,29.616237054343163,29.614658006334903,12.092513042908543,12.090946256082477,23.39996284363268,23.351162086103194,25.033568784496236,24.896997368901562,12.698309735433059,17.9067366430758,3203.3683215379006,3278.4422709567866,3283.6999117468085,-0.001263072604977771,0.18157681512444426,0.17959090494968508,23.826466278432534,23.722777489993472,0.0,0.0,0.0,0.0,False,none,0.0,0.0,nominal,0.6454905270039444,0.0,59,thermal_anomaly,2.915355795800741,0.6454905270039444,abrupt,0.0,0.7569079934974283,1569720506,thermal_anomaly
4440.0,74.0,1.2333333333333334,0,0.0,354.15823381635516,354.15823381635516,89.87890517730473,89.82983339228245,29.595156207092188,29.613796205420638,11.966763457443236,11.98649483386772,23.41508398060992,23.26210805120153,25.032716057601903,25.139988828336964,12.456274211711902,17.70791169081776,3103.9558454088797,3191.199058182833,3193.715639560134,-0.0015973866258081216,0.18993466564520303,0.18526801046523605,23.81481341458936,23.806711578676637,0.0,0.0,0.0,0.0,False,none,0.0,0.0,nominal,0.6454905270039444,0.0,59,thermal_anomaly,2.915355795800741,0.6454905270039444,abrupt,0.0,0.7569079934974283,1569720506,thermal_anomaly
4500.0,75.0,1.25,0,0.0,350.0,350.0,89.3580718439714,89.36167771968213,29.574322873758856,29.543220735766486,11.834590482223794,11.78997656858473,23.429275485228114,23.442848917948222,25.031454329141088,25.026043030997453,12.20460255055536,17.5,3000.0000000000005,3095.599529091417,3100.084293327972,-0.0018344266511799855,0.19586066627949963,0.19632075255486908,23.80317254337472,23.789932203993857,0.0,0.0,0.0,0.0,False,none,0.0,0.0,nominal,0.6454905270039444,0.0,59,thermal_anomaly,2.915355795800741,0.6454905270039444,abrupt,0.0,0.7569079934974283,1569720506,thermal_anomaly
4560.0,76.0,1.2666666666666666,0,0.0,345.8417661836448,345.8417661836448,88.84342635857907,89.16034847078369,29.553737054343163,29.546443123815244,11.702133153168205,11.697918639274606,23.442550477739275,23.496687083290496,25.029786871126323,25.14240492545494,11.955193626758275,17.29208830918224,2896.04415459112,2995.8218418412685,2996.0720712268017,-0.0019638328945404205,0.1990958223635105,0.19872459518470426,23.791530991212568,23.74528483150662,0.0,0.0,0.0,0.0,False,none,0.0,0.0,nominal,0.6454905270039444,0.0,59,thermal_anomaly,2.915355795800741,0.6454905270039444,abrupt,0.0,0.7569079934974283,1569720506,thermal_anomaly
4620.0,77.0,1.2833333333333334,0,0.0,341.865267138484,341.865267138484,88.33469828248013,88.1866473488339,29.533387931299206,29.537474285275348,11.575551979804471,11.547194236721099,23.454960082509412,23.515504733310177,25.027735102871162,24.92041595423222,11.719472290972417,17.0932633569242,2796.631678462101,2896.226760151685,2895.6205261952314,-0.001979949682094438,0.19949874205236096,0.1976863373625117,23.779879946612933,23.826357885456485,0.0,0.0,0.0,0.0,False,none,0.0,0.0,nominal,0.6454905270039444,0.0,59,thermal_anomaly,2.915355795800741,0.6454905270039444,abrupt,0.0,0.7569079934974283,1569720506,thermal_anomaly
4680.0,78.0,1.3,0,0.0,338.2442949541506,338.2442949541506,87.83135855784599,87.59047861170178,29.51325434231384,29.504712315265074,11.46075898750352,11.449291050276168,23.466590054432928,23.3967611485062,25.02533765154361,25.171441002497772,11.507919725571414,16.91221474770753,2706.107373853764,2801.1670670027247,2802.1344698538232,-0.0018820726328891081,0.1970518158222277,0.20008265210403586,23.768214816356704,23.872673014702436,0.0,0.0,0.0,0.0,False,none,0.0,0.0,nominal,0.6454905270039444,0.0,59,thermal_anomaly,2.915355795800741,0.6454905270039444,abrupt,0.0,0.7569079934974283,1569720506,thermal_anomaly
4740.0,79.0,1.3166666666666667,0,0.0,335.1371034904521,335.1371034904521,87.33264263003281,87.25060664720648,29.493305705201312,29.489309859942008,11.363158366861153,11.360677858414533,23.477556212258428,23.568375188351574,25.022648660680304,25.11839254957265,11.32970944562933,16.756855174522606,2628.4275872613025,2714.7973271320134,2712.3899790483383,-0.0016744794436408268,0.19186198609102068,0.18510112960204383,23.756535411132372,23.890597988419227,0.0,0.0,0.0,0.0,False,none,0.0,0.0,nominal,0.6454905270039444,0.0,59,thermal_anomaly,2.915355795800741,0.6454905270039444,abrupt,0.0,0.7569079934974283,1569720506,thermal_anomaly
4800.0,80.0,1.3333333333333333,0,0.0,332.67949192431126,332.67949192431126,86.8375838622883,86.96209298788523,29.473503354491534,29.48683598191346,11.287409166227043,11.321099543387657,23.487999036501098,23.486822887344918,25.019735420587292,25.09358271466053,11.192448454866103,16.633974596215563,2566.987298107781,2640.8923126198974,2640.992902937105,-0.0013662429328623821,0.18415607332155953,0.1861847039584938,23.74484595008817,23.750486275338233,0.0,0.0,0.0,0.0,False,none,0.0,0.0,nominal,0.6454905270039444,0.0,59,thermal_anomaly,2.915355795800741,0.6454905270039444,abrupt,0.0,0.7569079934974283,1569720506,thermal_anomaly
4860.0,81.0,1.35,0,0.0,330.9788696740969,330.9788696740969,86.34505578241614,86.30957021976934,29.453802231296645,29.439919899372498,11.237220480906524,11.230827834930798,23.498077742051827,23.231650552081227,25.01667542419,24.87952533521109,11.102009930920405,16.548943483704846,2524.4717418524233,2582.6820272361606,2579.616363335085,-0.0009708345151577116,0.17427086287894278,0.17915917159847985,23.733154879745946,23.755792732758785,0.0,0.0,0.0,0.0,False,none,0.0,0.0,nominal,0.6454905270039444,0.0,59,thermal_anomaly,2.915355795800741,0.6454905270039444,abrupt,0.0,0.7569079934974283,1569720506,thermal_anomaly
4920.0,82.0,1.3666666666666667,0,0.0,330.1095620926345,330.1095620926345,85.85382131501638,86.07071812499944,29.434152852600654,29.43365740301082,11.215188143709993,11.177688901086238,23.5079640609592,23.5363220850442,25.013552977005745,25.131979169181665,11.062435607905055,16.505478104631727,2502.7390523158633,2542.710539776012,2545.5595366377343,-0.0005055354357605888,0.16263838589401472,0.1722986431028321,23.721474509658062,23.709354602669254,0.0,0.0,0.0,0.0,False,none,0.0,0.0,nominal,0.6454905270039444,0.0,59,thermal_anomaly,2.915355795800741,0.6454905270039444,abrupt,0.0,0.7569079934974283,1569720506,thermal_anomaly
4980.0,83.0,1.3833333333333333,0,0.0,330.1095620926345,330.1095620926345,85.36258684761663,85.51465335326066,29.414503473904666,29.418710018536462,11.222680076360769,11.23202808146762,23.517835889419135,23.461413793305066,25.010455509398962,24.93471037799096,11.075883847707596,16.505478104631727,2502.7390523158633,2522.724796045938,2527.604171991845,9.318502806628603e-06,0.15023296257016572,0.15494976682525552,23.709821732973435,23.70175159293115,0.0,0.0,0.0,0.0,False,none,0.0,0.0,nominal,0.6454905270039444,0.0,59,thermal_anomaly,2.915355795800741,0.6454905270039444,abrupt,0.0,0.7569079934974283,1569720506,thermal_anomaly
5040.0,84.0,1.4,0,0.0,330.9788696740969,330.9788696740969,84.87005876774447,85.11403218370931,29.394802350709778,29.39524925983049,11.259775307388825,11.313747161792685,23.527870884742057,23.385284456289668,25.00746975229118,24.94312831717199,11.142603197830649,16.548943483704846,2524.4717418524233,2523.5982689491807,2520.6606521310614,0.0005512257128852607,0.1637806428221315,0.1618538751525337,23.698286708467702,23.718167437707162,0.0,0.0,0.0,0.0,False,none,0.0,0.0,nominal,0.6454905270039444,0.0,59,thermal_anomaly,2.915355795800741,0.6454905270039444,abrupt,0.0,0.7569079934974283,1569720506,thermal_anomaly
5100.0,85.0,1.4166666666666667,0,0.0,332.6794919243112,332.6794919243112,84.37499999999994,84.5130112563268,29.374999999999996,29.40427577561239,11.325259299551021,11.349214343833589,23.538240058954155,23.62346209619593,25.004677943465282,25.09053427947706,11.260919856165351,16.633974596215563,2566.9872981077806,2545.292783528481,2540.4344205746656,0.0010965022490355544,0.17741255622588886,0.1839913407411839,23.686889425007415,23.64333627996904,0.0,0.0,0.0,0.0,False,none,0.0,0.0,nominal,0.6454905270039444,0.0,59,thermal_anomaly,2.915355795800741,0.6454905270039444,abrupt,0.0,0.7569079934974283,1569720506,thermal_anomaly
5160.0,86.0,1.4333333333333333,0,0.0,335.1371034904521,335.1371034904521,83.87628407218678,83.96083668255315,29.355051362887473,29.352483333556147,11.416675765526126,11.443161790676298,23.549101414743138,23.476827413434894,25.002154230266605,24.9396903244902,11.427238842812123,16.756855174522606,2628.4275872613025,2586.860185394892,2585.3603586733193,0.0016213169101006388,0.19053292275251596,0.18714420039640306,23.67564755613369,23.638677971738836,0.0,0.0,0.0,0.0,False,none,0.0,0.0,nominal,0.6454905270039444,0.0,59,thermal_anomaly,2.915355795800741,0.6454905270039444,abrupt,0.0,0.7569079934974283,1569720506,thermal_anomaly
5220.0,87.0,1.45,0,0.0,338.2442949541505,338.2442949541505,83.37294434755262,83.48406362120828,29.334917773902106,29.317921710250324,11.530432693255085,11.531490719097151,23.56059370707966,23.36053382513868,24.99996142591989,25.080656182124578,11.636070247494857,16.912214747707527,2706.107373853763,2646.483779624328,2650.2201845933782,0.002102732777051808,0.2025683194262952,0.20211638986266456,23.66457564037979,23.73267100589359,0.0,0.0,0.0,0.0,False,none,0.0,0.0,nominal,0.6454905270039444,0.0,59,thermal_anomaly,2.915355795800741,0.6454905270039444,abrupt,0.0,0.7569079934974283,1569720506,thermal_anomaly
5280.0,88.0,1.4666666666666666,0,0.0,341.86526713848394,341.86526713848394,82.86421627145369,82.77472335130642,29.31456865085815,29.34123750578019,11.66195795715644,11.683264647817946,23.57283048174238,23.720867124645363,24.998148261226376,25.056962364061484,11.880101071558753,17.093263356924197,2796.6316784620985,2721.557729043213,2720.789733532383,0.0025197096664136814,0.21299274166034204,0.2116650579442971,23.653684389614575,23.70682815644478,0.0,0.0,0.0,0.0,False,none,0.0,0.0,nominal,0.6454905270039444,0.0,59,thermal_anomaly,2.915355795800741,0.6454905270039444,abrupt,0.0,0.7569079934974283,1569720506,thermal_anomaly
5340.0,89.0,1.4833333333333334,0,0.0,345.8417661836448,345.8417661836448,82.34957078606136,82.34774076384777,29.293982831442456,29.291613905126447,11.80589775632825,11.82245689548962,23.585894624674026,23.491568979197336,24.99674725175493,25.07121792316774,12.150337746630113,17.29208830918224,2896.0441545911194,2808.800941817166,2813.2927030584915,0.002854023687244032,0.22135059218110079,0.22855993603406197,23.64298016069164,23.707266541603474,0.0,0.0,0.0,0.0,False,none,0.0,0.0,nominal,0.6454905270039444,0.0,59,thermal_anomaly,2.915355795800741,0.6454905270039444,abrupt,0.0,0.7569079934974283,1569720506,thermal_anomaly
5400.0,90.0,1.5,1,600.0,350.0,-250.0,82.72159459558517,82.63130240134967,29.308863783823405,29.327896099112163,-8.529842775344427,-8.55534954097801,23.599114781665207,23.4505697814477,25.01177327374089,25.003489832656946,6.820657421767642,17.5,2999.9999999999995,2904.400470908583,2902.2203261276686,0.003091063712615916,0.22727659281539792,0.22507557547802165,23.632464619262734,23.735479381831855,0.0,0.0,0.0,0.0,False,none,0.0,0.0,nominal,0.6454905270039444,0.0,59,thermal_anomaly,2.915355795800741,0.6454905270039444,abrupt,0.0,0.7569079934974283,1569720506,thermal_anomaly
5460.0,91.0,1.5166666666666666,1,601.2556165273943,354.1582338163552,-247.09738271103907,83.08929903414327,83.20403661615578,29.32357196136573,29.29432093545841,-8.426578557230128,-8.462312850802551,23.611788686623527,23.55149883995603,25.027094910932597,24.942808410380813,6.680578094493646,17.707911690817763,3103.9558454088797,3004.1781581587315,3009.430417154211,0.0032204699559763308,0.23051174889940826,0.23253261636030462,23.622134615934012,23.71131467491338,0.0,0.0,0.0,0.0,False,none,0.0,0.0,nominal,0.6454905270039444,0.0,59,thermal_anomaly,2.915355795800741,0.6454905270039444,abrupt,0.0,0.7569079934974283,1569720506,thermal_anomaly
5520.0,92.0,1.5333333333333334,1,602.5051158172811,358.13473286151606,-244.37038295576502,83.45294543735125,83.42241446785877,29.33811781749405,29.333777798411187,-8.32944991481523,-8.350300353570068,23.623952550739364,23.57906232848036,25.042691624931287,25.125173852495106,6.550378870673236,17.906736643075803,3203.368321537901,3103.7732398483167,3099.6893316101696,0.0032365867435303836,0.2309146685882596,0.22927957655174747,23.611982284433054,23.623691156494562,0.0,0.0,0.0,0.0,False,none,0.0,0.0,nominal,0.6454905270039444,0.0,59,thermal_anomaly,2.915355795800741,0.6454905270039444,abrupt,0.0,0.7569079934974283,1569720506,thermal_anomaly
5580.0,93.0,1.55,1,603.7424104347197,361.7557050458494,-241.98670538887023,83.81304470132278,83.72407321959508,29.35252178805291,29.37778938818183,-8.244153846003238,-8.250545101154646,23.63566645480468,23.625359407076857,25.05852566243642,25.079611129555296,6.437285810925598,18.087785252292473,3293.892626146236,3198.8329329972757,3200.4320343718637,0.0031387096943250046,0.22846774235812511,0.228499269328008,23.60199535978532,23.52250884118284,0.0,0.0,0.0,0.0,False,none,0.0,0.0,nominal,0.6454905270039444,0.0,59,thermal_anomaly,2.915355795800741,0.6454905270039444,abrupt,0.0,0.7569079934974283,1569720506,thermal_anomaly
5640.0,94.0,1.5666666666666667,1,604.961472404706,364.8628965095479,-240.0985758951581,84.1703342487858,84.43287443390587,29.366813369951434,29.357058615959986,-8.175847098917126,-8.208970960433993,23.64701098295182,23.68399803839235,25.07454374678788,25.134103538598264,6.3475580627897275,18.243144825477398,3371.572412738697,3285.202672867987,3282.512704123509,0.002931116505076744,0.2232779126269186,0.22759701472021684,23.59215770252091,23.554417302042925,0.0,0.0,0.0,0.0,False,none,0.0,0.0,nominal,0.6454905270039444,0.0,59,thermal_anomaly,2.915355795800741,0.6454905270039444,abrupt,0.0,0.7569079934974283,1569720506,thermal_anomaly
5700.0,95.0,1.5833333333333333,1,606.1563625798619,367.32050807568874,-238.8358545041732,84.52574474655987,84.22719216206106,29.381029789862396,29.371505752092574,-8.128913663420365,-8.150933004506587,23.65808338034673,23.6321302152895,25.09067944762115,25.130066377518823,6.286338987787384,18.366025403784437,3433.012701892219,3359.107687380103,3363.409712288254,0.0026228799942982993,0.21557199985745748,0.21620559701422945,23.582450003578042,23.65793506607729,0.0,0.0,0.0,0.0,False,none,0.0,0.0,nominal,0.6454905270039444,0.0,59,thermal_anomaly,2.915355795800741,0.6454905270039444,abrupt,0.0,0.7569079934974283,1569720506,thermal_anomaly
5760.0,96.0,1.6,1,607.3212595753644,369.0211303259031,-238.3001292494613,84.88035803413348,84.95962304832523,29.395214321365337,29.402630109059704,-8.106766177794373,-8.097265038436266,23.668993455494366,23.65313764360439,25.10685612507277,24.995683921319443,6.257572628914463,18.451056516295154,3475.5282581475767,3417.31797276384,3412.373314058002,0.0022274715765936287,0.2056867894148407,0.20360440977080194,23.572850634741116,23.51785334514976,0.0,0.0,0.0,0.0,False,none,0.0,0.0,nominal,0.6454905270039444,0.0,59,thermal_anomaly,2.915355795800741,0.6454905270039444,abrupt,0.0,0.7569079934974283,1569720506,thermal_anomaly
5820.0,97.0,1.6166666666666667,1,608.450488130146,369.8904379073655,-238.56005022278055,85.23535810886975,85.0461097790072,29.409414324354792,29.394755223615963,-8.111689936824822,-8.110244167190066,23.67985936506305,23.78268468131037,25.122990319862925,25.04083875716492,6.263961090494807,18.494521895368276,3497.260947684136,3457.2894602239876,3459.694721840733,0.001762172497196499,0.19405431242991247,0.19252109414073543,23.56333660191221,23.537323391488524,0.0,0.0,0.0,0.0,False,none,0.0,0.0,nominal,0.6454905270039444,0.0,59,thermal_anomaly,2.915355795800741,0.6454905270039444,abrupt,0.0,0.7569079934974283,1569720506,thermal_anomaly
5880.0,98.0,1.6333333333333333,1,609.5385467561977,369.8904379073655,-239.64810884883218,85.59197731846623,85.98398831895352,29.42367909273865,29.413028736185925,-8.1447363565073,-8.125638300166255,23.690803336957206,23.667642921030776,25.138995441094757,25.1418178152157,6.306938425360945,18.494521895368276,3497.2609476841367,3477.2752039540624,3482.8203293792276,0.0012473185586292885,0.18118296396573222,0.1886629596338142,23.55388455379844,23.626434028061265,0.0,0.0,0.0,0.0,False,none,0.0,0.0,nominal,0.6454905270039444,0.0,59,thermal_anomaly,2.915355795800741,0.6454905270039444,abrupt,0.0,0.7569079934974283,1569720506,thermal_anomaly
5940.0,99.0,1.65,1,610.5801345412646,369.0211303259031,-241.55900421536148,85.95144012235814,85.82911751845889,29.438057604894325,29.423939445484944,-8.205670613783983,-8.20100760623212,23.70194732499464,23.80104850631916,25.15478559059859,25.19166870696852,6.386642417753441,18.451056516295154,3475.5282581475763,3476.4017310508193,3479.375634307218,0.0007054113485506565,0.1676352837137664,0.16802063345612323,23.544471796948457,23.549787576628113,0.0,0.0,0.0,0.0,False,none,0.0,0.0,nominal,0.6454905270039444,0.0,59,thermal_anomaly,2.915355795800741,0.6454905270039444,abrupt,0.0,0.7569079934974283,1569720506,thermal_anomaly
6000.0,100.0,1.6666666666666667,1,611.5701769743577,367.3205080756888,-244.24966889866886,86.3149068915526,86.5318484300975,29.452596275662103,29.46928214733849,-8.29297582503796,-8.261991937608569,23.713408560520584,23.62692118730996,25.17027935668137,25.157550881146346,6.5018758427731225,18.36602540378444,3433.0127018922194,3454.7072164715196,3462.915887091719,0.00016013481240036284,0.15400337031000907,0.16029201783912533,23.53507726942784,23.47029932355372,0.0,0.0,0.0,0.0,False,none,0.0,0.0,nominal,0.6454905270039444,0.0,59,thermal_anomaly,2.915355795800741,0.6454905270039444,abrupt,0.0,0.7569079934974283,1569720506,thermal_anomaly
6060.0,101.0,1.6833333333333333,1,612.503850668262,364.86289650954785,-247.64095415871412,86.68342021619354,86.60687095412968,29.46733680864774,29.48611196456815,-8.403913654186736,-8.408422734913634,23.725294979746,23.72062495108338,25.185403411478873,25.154995286221155,6.650061176562101,18.243144825477394,3371.5724127386966,3413.1398146051083,3419.10675367535,-0.00036467984866473584,0.1591169962166184,0.1592219233193423,23.52573166122319,23.51780154430464,0.0,0.0,0.0,0.0,False,none,0.0,0.0,nominal,0.6454905270039444,0.0,59,thermal_anomaly,2.915355795800741,0.6454905270039444,abrupt,0.0,0.7569079934974283,1569720506,thermal_anomaly
6120.0,102.0,1.7,1,613.376606858593,361.7557050458495,-251.62090181274357,87.0578560819863,87.2352717199277,29.482314243279454,29.50678925614742,-8.534638757881803,-8.528449779877088,23.737700558861533,23.72298289345974,25.200095754691628,25.168238384273078,6.827204698203059,18.087785252292473,3293.892626146237,3353.516220375672,3354.5228246434763,-0.0008460957156158976,0.17115239289039744,0.1698433448169661,23.51643510681683,23.436857589186303,0.0,0.0,0.0,0.0,False,none,0.0,0.0,nominal,0.6454905270039444,0.0,59,thermal_anomaly,2.915355795800741,0.6454905270039444,abrupt,0.0,0.7569079934974283,1569720506,thermal_anomaly
6180.0,103.0,1.7166666666666666,1,614.184193564921,358.134732861516,-256.049460703405,87.4388820651759,87.50216212803066,29.497555282607035,29.52111321929469,-8.680362092731874,-8.684341382761078,23.75070067179128,23.75777273424937,25.214308461940245,25.16607147706667,7.027894884874919,17.9067366430758,3203.3683215379,3278.4422709567857,3276.0207685629875,-0.001263072604977778,0.18157681512444446,0.17750681776879562,23.507167066170187,23.516812472421986,0.0,0.0,0.0,0.0,False,none,0.0,0.0,nominal,0.6454905270039444,0.0,59,thermal_anomaly,2.915355795800741,0.6454905270039444,abrupt,0.0,0.7569079934974283,1569720506,thermal_anomaly
6240.0,104.0,1.7333333333333334,1,614.9226763059908,354.1582338163552,-260.76444248963554,87.82692439030927,88.00984056834913,29.51307697561237,29.49895325520986,-8.835555936953433,-8.865020817749679,23.764347680751207,23.79017049888979,25.228009817626358,25.239931867267813,7.245363897202646,17.707911690817763,3103.9558454088806,3191.199058182833,3187.692578708838,-0.0015973866258081003,0.1899346656452025,0.19186739224369903,23.497908946418978,23.536207826435824,0.0,0.0,0.0,0.0,False,none,0.0,0.0,nominal,0.6454905270039444,0.0,59,thermal_anomaly,2.915355795800741,0.6454905270039444,abrupt,0.0,0.7569079934974283,1569720506,thermal_anomaly
6300.0,105.0,1.75,1,615.5884572681198,350.0,-265.5884572681198,88.22214530886303,88.22453304490107,29.52888581235452,29.535964710323906,-8.994191618195119,-8.998096272823744,23.778667056763982,23.67497696416608,25.241185739085346,25.15210046205038,7.471638629184906,17.5,3000.0000000000005,3095.599529091417,3107.470736677516,-0.0018344266511799855,0.19586066627949963,0.19695983025757696,23.48864485871562,23.4690212306681,0.0,0.0,0.0,0.0,False,none,0.0,0.0,nominal,0.6454905270039444,0.0,59,thermal_anomaly,2.915355795800741,0.6454905270039444,abrupt,0.0,0.7569079934974283,1569720506,thermal_anomaly
6360.0,106.0,1.7666666666666666,1,616.178292833385,345.8417661836449,-270.33652664974005,88.62443180685372,88.74227584012185,29.54497727227415,29.53704020500806,-9.149999479046192,-9.125621572998021,23.793654385214477,23.73401366935649,25.253840429791026,25.17905057583109,7.697799237323648,17.292088309182244,2896.0441545911217,2995.82184184127,2994.563916063696,-0.0019638328945403845,0.1990958223635096,0.200043270773771,23.479362264188413,23.403160163468616,0.0,0.0,0.0,0.0,False,none,0.0,0.0,nominal,0.6454905270039444,0.0,59,thermal_anomaly,2.915355795800741,0.6454905270039444,abrupt,0.0,0.7569079934974283,1569720506,thermal_anomaly
6420.0,107.0,1.7833333333333334,1,616.6893093822022,341.86526713848406,-274.8240422437181,89.03339615543068,88.88847651649988,29.561335846217226,29.563023485537048,-9.296739622099507,-9.306775317318484,23.80927362359682,23.83037015038508,25.265996233066545,25.26689834661022,7.9143494080891905,17.093263356924204,2796.631678462101,2896.226760151685,2887.1509823661013,-0.0019799496820944516,0.1994987420523613,0.2002989596398237,23.47005248504146,23.427410527724927,0.0,0.0,0.0,0.0,False,none,0.0,0.0,nominal,0.6454905270039444,0.0,59,thermal_anomaly,2.915355795800741,0.6454905270039444,abrupt,0.0,0.7569079934974283,1569720506,thermal_anomaly
6480.0,108.0,1.8,1,617.1190172933127,338.24429495415063,-278.8747223391621,89.44838830176872,89.5729533041951,29.57793553207075,29.583373937695388,-9.428471504942728,-9.417511501036294,23.82545693516711,23.918475514808417,25.27769269269743,25.230274283043514,8.111685993561359,16.912214747707534,2706.1073738537652,2801.167067002725,2798.5575843967285,-0.0018820726328890943,0.19705181582222736,0.19262322728348222,23.460711060747016,23.51556664636109,0.0,0.0,0.0,0.0,False,none,0.0,0.0,nominal,0.6454905270039444,0.0,59,thermal_anomaly,2.915355795800741,0.6454905270039444,abrupt,0.0,0.7569079934974283,1569720506,thermal_anomaly
6540.0,109.0,1.8166666666666667,1,617.465323072968,335.1371034904521,-282.3282195825159,89.86851958090936,90.03247012017714,29.594740783236375,29.62067607402135,-9.539810524119803,-9.537784761783955,23.842106322845737,23.7375931190785,25.288984861504893,25.216459919904594,8.280638786888556,16.756855174522606,2628.427587261303,2714.7973271320143,2710.0895067711267,-0.0016744794436408268,0.19186198609102068,0.18973240288235352,23.451337933689757,23.39036861354765,0.0,0.0,0.0,0.0,False,none,0.0,0.0,nominal,0.6454905270039444,0.0,59,thermal_anomaly,2.915355795800741,0.6454905270039444,abrupt,0.0,0.7569079934974283,1569720506,thermal_anomaly
6600.0,110.0,1.8333333333333333,1,617.7265395542198,332.6794919243112,-285.0470476299086,90.29269673512054,90.12258304692931,29.61170786940482,29.614341536570823,-9.626160331144652,-9.583737980281002,23.859097141634237,23.78567907418924,25.299940931805285,25.328601697608978,8.413037017672233,16.633974596215563,2566.98729810778,2640.8923126198974,2643.9027394442933,-0.0013662429328624107,0.18415607332156025,0.184077221293067,23.441937453726375,23.513993204249335,0.0,0.0,0.0,0.0,False,none,0.0,0.0,nominal,0.6454905270039444,0.0,59,thermal_anomaly,2.915355795800741,0.6454905270039444,abrupt,0.0,0.7569079934974283,1569720506,thermal_anomaly
6660.0,111.0,1.85,1,617.9013941166289,330.9788696740969,-286.922524442532,90.71966477744574,90.5980962834941,29.62878659109783,29.612785185205798,-9.683910731894091,-9.683759775186223,23.876283392667975,24.005113031519848,25.310639291318253,25.279317204150978,8.502250165063485,16.548943483704846,2524.4717418524233,2582.6820272361606,2579.562849610595,-0.0009708345151577116,0.17427086287894278,0.16969400353859385,23.432518197106866,23.345052978591333,0.0,0.0,0.0,0.0,False,none,0.0,0.0,nominal,0.6454905270039444,0.0,59,thermal_anomaly,2.915355795800741,0.6454905270039444,abrupt,0.0,0.7569079934974283,1569720506,thermal_anomaly
6720.0,112.0,1.8666666666666667,1,617.9890348863438,330.1095620926345,-287.8794727937093,91.14805685005543,90.83056237261906,29.645922274002217,29.67393239905442,-9.710592577724025,-9.686700631234343,23.893504521168115,23.909073618033048,25.32116513319697,25.451585704470958,8.543648656843914,16.505478104631727,2502.7390523158633,2542.710539776012,2548.3296938123694,-0.0005055354357605888,0.16263838589401472,0.1630663740460502,23.423092602138773,23.449436201903694,0.0,0.0,0.0,0.0,False,none,0.0,0.0,nominal,0.6454905270039444,0.0,59,thermal_anomaly,2.915355795800741,0.6454905270039444,abrupt,0.0,0.7569079934974283,1569720506,thermal_anomaly
6780.0,113.0,1.8833333333333333,1,617.9890348863438,330.1095620926345,-287.8794727937093,91.57644892266512,91.81260281557161,29.663057956906606,29.63275665271261,-9.704982986310108,-9.713091287626153,23.91059327931166,23.808587727688828,25.33160676834066,25.376782334477376,8.534935581165493,16.505478104631727,2502.7390523158633,2522.724796045938,2524.7791987543246,9.318502806628603e-06,0.15023296257016572,0.14359047432508223,23.41367768976054,23.4477776133472,0.0,0.0,0.0,0.0,False,none,0.0,0.0,nominal,0.6454905270039444,0.0,59,thermal_anomaly,2.915355795800741,0.6454905270039444,abrupt,0.0,0.7569079934974283,1569720506,thermal_anomaly
6840.0,114.0,1.9,1,617.9013941166289,330.9788696740969,-286.922524442532,92.00341696499031,91.9578391988896,29.680136678599613,29.69061339361899,-9.667156440334484,-9.697308861877422,23.92738409660696,23.873957012466036,25.342051801161343,25.391074921794516,8.47631309135204,16.548943483704846,2524.4717418524233,2523.5982689491807,2522.4216433443667,0.0005512257128852607,0.1637806428221315,0.1667405650117355,23.404363745578905,23.282815047440547,0.0,0.0,0.0,0.0,False,none,0.0,0.0,nominal,0.6454905270039444,0.0,59,thermal_anomaly,2.915355795800741,0.6454905270039444,abrupt,0.0,0.7569079934974283,1569720506,thermal_anomaly
6900.0,115.0,1.9166666666666667,1,617.7265395542198,332.6794919243112,-285.0470476299086,92.4275941192015,92.50748825702009,29.69710376476806,29.714780226815087,-9.598479699831257,-9.583248619761182,23.94372134204014,23.813261160029676,25.352583335944484,25.37355261060611,8.370465003845819,16.633974596215563,2566.9872981077797,2545.2927835284804,2540.218751195096,0.0010965022490355475,0.1774125562258887,0.17193274239092177,23.395170884340285,23.328922278832653,0.0,0.0,0.0,0.0,False,none,0.0,0.0,nominal,0.6454905270039444,0.0,59,thermal_anomaly,2.915355795800741,0.6454905270039444,abrupt,0.0,0.7569079934974283,1569720506,thermal_anomaly
6960.0,116.0,1.9333333333333333,1,617.465323072968,335.1371034904521,-282.3282195825159,92.84772539834213,92.8954293826549,29.713909015933687,29.701407634659382,-9.501550921190516,-9.496790766232,23.959466872630024,23.856606607023586,25.363276379605974,25.37156964404809,8.222357592638108,16.756855174522606,2628.427587261302,2586.860185394891,2586.126853086343,0.0016213169101006388,0.19053292275251596,0.19592887522833868,23.38611690452156,23.418363832341626,0.0,0.0,0.0,0.0,False,none,0.0,0.0,nominal,0.6454905270039444,0.0,59,thermal_anomaly,2.915355795800741,0.6454905270039444,abrupt,0.0,0.7569079934974283,1569720506,thermal_anomaly
7020.0,117.0,1.95,1,617.1190172933127,338.24429495415046,-278.87472233916225,93.26271754468019,93.41319711846423,29.73050870178721,29.75010158508606,-9.380085794576333,-9.383190512036972,23.974506340597873,24.02175016215289,25.37419459806454,25.261991847436047,8.038880761089018,16.912214747707523,2706.1073738537616,2646.4837796243264,2648.534184939177,0.0021027327770518074,0.20256831942629516,0.2005324920354699,23.37721646865475,23.359317356979926,0.0,0.0,0.0,0.0,False,none,0.0,0.0,nominal,0.6454905270039444,0.0,59,thermal_anomaly,2.915355795800741,0.6454905270039444,abrupt,0.0,0.7569079934974283,1569720506,thermal_anomaly
7080.0,118.0,1.9666666666666666,1,616.6893093822022,341.865267138484,-274.82404224371817,93.67168189325714,93.6386148243507,29.746867275730285,29.742698399263617,-9.238755788847055,-9.228204525397613,23.988753864827874,24.02194392536626,25.385387567993874,25.309944220239018,7.8283686820763965,17.0932633569242,2796.6316784621,2721.557729043213,2726.3765647702908,0.00251970966641371,0.21299274166034274,0.20813097929929747,23.36848041167747,23.43160483478679,0.0,0.0,0.0,0.0,False,none,0.0,0.0,nominal,0.6454905270039444,0.0,59,thermal_anomaly,2.915355795800741,0.6454905270039444,abrupt,0.0,0.7569079934974283,1569720506,thermal_anomaly
7140.0,119.0,1.9833333333333334,1,616.178292833385,345.84176618364484,-270.3365266497401,94.07396839124782,93.98675804345078,29.762958735649914,29.77274215519316,-9.08298563495747,-9.058596314791767,24.002154842450864,24.08026334466149,25.396888644068287,25.274808650237755,7.600050243587502,17.292088309182244,2896.044154591121,2808.8009418171673,2815.4506620219654,0.002854023687244053,0.2213505921811013,0.22688351337062843,23.359915212589062,23.33593110604952,0.0,0.0,0.0,0.0,False,none,0.0,0.0,nominal,0.6454905270039444,0.0,59,thermal_anomaly,2.915355795800741,0.6454905270039444,abrupt,0.0,0.7569079934974283,1569720506,thermal_anomaly
7200.0,120.0,2.0,1,615.58845726812,350.0,-265.58845726812,94.46918930980158,94.32968933291467,29.778767572392063,29.77882709165047,-8.918718903409134,-8.883532519495224,24.0146868592303,23.97903346928003,25.40871353491574,25.48559429106195,7.363483750242194,17.5,2999.9999999999995,2904.4004709085834,2909.392060163721,0.0030910637126159027,0.22727659281539755,0.2271310893948216,23.351522658270927,23.36610696738752,0.0,0.0,0.0,0.0,False,none,0.0,0.0,nominal,0.6454905270039444,0.0,59,thermal_anomaly,2.915355795800741,0.6454905270039444,abrupt,0.0,0.7569079934974283,1569720506,thermal_anomaly
7260.0,121.0,2.0166666666666666,1,614.9226763059908,354.15823381635516,-260.7644424896356,94.85723163493495,95.02382753615713,29.7942892653974,29.826992024713167,-8.752161871251051,-8.722741188514298,24.026358828053738,24.275959680535312,25.420859650018052,25.319069175167492,7.128026993646456,17.70791169081776,3103.9558454088797,3004.178158158732,3007.224827963153,0.003220469955976323,0.23051174889940806,0.2360565239780654,23.343299719649647,23.301072339791563,0.0,0.0,0.0,0.0,False,none,0.0,0.0,nominal,0.6454905270039444,0.0,59,thermal_anomaly,2.915355795800741,0.6454905270039444,abrupt,0.0,0.7569079934974283,1569720506,thermal_anomaly
7320.0,122.0,2.033333333333333,1,614.184193564921,358.13473286151594,-256.04946070340503,95.23825761812455,95.22089993141509,29.80953030472498,29.804845148393756,-8.589516778223766,-8.570271539287628,24.037208621347652,24.072399509675545,25.43330624610406,25.325135338420242,6.902383878671007,17.9067366430758,3203.368321537899,3103.7732398483154,3100.084338034998,0.0032365867435303554,0.23091466858825888,0.23592171162202238,23.33523864987082,23.332252044964868,0.0,0.0,0.0,0.0,False,none,0.0,0.0,nominal,0.6454905270039444,0.0,59,thermal_anomaly,2.915355795800741,0.6454905270039444,abrupt,0.0,0.7569079934974283,1569720506,thermal_anomaly
7380.0,123.0,2.05,1,613.376606858593,361.7557050458494,-251.62090181274363,95.61269348391733,95.47934564239668,29.824507739356694,29.815013764273946,-8.436716005900823,-8.426025534085369,24.047299550143357,24.026067374808076,25.446015366639813,25.356466857458287,6.694254157137851,18.087785252292473,3293.892626146236,3198.8329329972757,3199.908755887247,0.0031387096943250184,0.22846774235812545,0.23037048865948512,23.327327302482303,23.407938344670505,0.0,0.0,0.0,0.0,False,none,0.0,0.0,nominal,0.6454905270039444,0.0,59,thermal_anomaly,2.915355795800741,0.6454905270039444,abrupt,0.0,0.7569079934974283,1569720506,thermal_anomaly
7440.0,124.0,2.066666666666667,1,612.503850668262,364.86289650954785,-247.64095415871412,95.98120680855826,95.94267348485276,29.83924827234233,29.83827786149006,-8.299168661974965,-8.288572291008881,24.056716072970474,24.11944121482672,25.458933533357648,25.522386782329285,6.510096038392588,18.243144825477394,3371.572412738696,3285.202672867986,3282.1042992762054,0.0029311165050767227,0.22327791262691807,0.22480927577555354,23.319549655647666,23.279514186930633,0.0,0.0,0.0,0.0,False,none,0.0,0.0,nominal,0.6454905270039444,0.0,59,thermal_anomaly,2.915355795800741,0.6454905270039444,abrupt,0.0,0.7569079934974283,1569720506,thermal_anomaly
7500.0,125.0,2.0833333333333335,1,611.5701769743577,367.3205080756888,-244.24966889866886,96.3446735777527,96.17523784888873,29.85378694311011,29.828524237506862,-8.181530516182596,-8.170420907179677,24.065559094289245,23.985362542850254,25.471994115898354,25.496942232213332,6.354995326978164,18.36602540378444,3433.0127018922194,3359.107687380103,3358.420439405771,0.0026228799942983206,0.215571999857458,0.21207303947430584,23.311886517056347,23.255105533476137,0.0,0.0,0.0,0.0,False,none,0.0,0.0,nominal,0.6454905270039444,0.0,59,thermal_anomaly,2.915355795800741,0.6454905270039444,abrupt,0.0,0.7569079934974283,1569720506,thermal_anomaly
7560.0,126.0,2.1,1,610.5801345412646,369.0211303259031,-241.55900421536148,96.70413638164462,96.65998177123241,29.868165455265785,29.855904163411925,-8.087507234990705,-8.04140889258467,24.07394114593045,24.104358649203366,25.48512027600376,25.655032494193442,6.232621862082159,18.451056516295154,3475.5282581475767,3417.31797276384,3416.4985838286316,0.0022274715765936287,0.2056867894148407,0.21676114607821476,23.304316374368334,23.287245646063386,0.0,0.0,0.0,0.0,False,none,0.0,0.0,nominal,0.6454905270039444,0.0,59,thermal_anomaly,2.915355795800741,0.6454905270039444,abrupt,0.0,0.7569079934974283,1569720506,thermal_anomaly
7620.0,127.0,2.1166666666666667,1,609.5385467561977,369.8904379073655,-239.64810884883218,97.0607555912411,97.05357392796687,29.882430223649642,29.91918117239002,-8.019699437268967,-8.015152813293907,24.08198165347197,24.16041650878592,25.498228357586466,25.434883945408508,6.145246325130574,18.494521895368276,3497.2609476841367,3457.2894602239876,3458.0515025494747,0.001762172497196506,0.19405431242991264,0.19355960056291502,23.29681634849222,23.32975102202868,0.0,0.0,0.0,0.0,False,none,0.0,0.0,nominal,0.6454905270039444,0.0,59,thermal_anomaly,2.915355795800741,0.6454905270039444,abrupt,0.0,0.7569079934974283,1569720506,thermal_anomaly
7680.0,128.0,2.1333333333333333,1,608.450488130146,369.8904379073655,-238.56005022278055,97.41575566597737,97.59517365455368,29.896630226639097,29.894125367139708,-7.979496298222064,-7.960735245460614,24.089802393197363,24.09258970184318,25.51123157451651,25.46166774150249,6.09378889386717,18.494521895368276,3497.2609476841367,3477.2752039540624,3478.014527002962,0.0012473185586292885,0.18118296396573222,0.18202935207046794,23.289363202279105,23.278985153431865,0.0,0.0,0.0,0.0,False,none,0.0,0.0,nominal,0.6454905270039444,0.0,59,thermal_anomaly,2.915355795800741,0.6454905270039444,abrupt,0.0,0.7569079934974283,1569720506,thermal_anomaly
7740.0,129.0,2.15,1,607.3212595753644,369.0211303259031,-238.3001292494613,97.77036895355099,97.73283969588803,29.91081475814204,29.89996239558736,-7.967022335444523,-8.00272981060374,24.097523164143105,23.970318573508322,25.52404383495297,25.488536492565668,6.077875591477752,18.451056516295154,3475.5282581475767,3476.4017310508193,3479.3192721700575,0.0007054113485506565,0.1676352837137664,0.17324453918348837,23.281934355565518,23.33181585540506,0.0,0.0,0.0,0.0,False,none,0.0,0.0,nominal,0.6454905270039444,0.0,59,thermal_anomaly,2.915355795800741,0.6454905270039444,abrupt,0.0,0.7569079934974283,1569720506,thermal_anomaly
7800.0,130.0,2.1666666666666665,1,606.156362579862,367.3205080756888,-238.83585450417326,98.12577945132504,98.20615582726921,29.925031178053,29.913774729779924,-7.981139704854688,-8.000331126537914,24.105257649421823,24.112863827868335,25.536583535080915,25.508593224284965,6.095887279072638,18.36602540378444,3433.0127018922194,3454.7072164715196,3459.5575422215948,0.00016013481240036284,0.15400337031000907,0.14983219825963656,23.274508858855274,23.313218060270344,0.0,0.0,0.0,0.0,False,none,0.0,0.0,nominal,0.6454905270039444,0.0,59,thermal_anomaly,2.915355795800741,0.6454905270039444,abrupt,0.0,0.7569079934974283,1569720506,thermal_anomaly
7860.0,131.0,2.183333333333333,1,604.961472404706,364.8628965095479,-240.0985758951581,98.4830689987881,98.40768524216774,29.939322759951523,29.95884936178824,-8.019505912683071,-8.036026287633003,24.11310943021424,24.061638395388414,25.548777156451223,25.58895281542589,6.144998006684699,18.243144825477398,3371.572412738698,3413.1398146051088,3418.731873168786,-0.0003646798486647144,0.15911699621661785,0.15419290486936388,23.267117513729918,23.232554775657928,0.0,0.0,0.0,0.0,False,none,0.0,0.0,nominal,0.6454905270039444,0.0,59,thermal_anomaly,2.915355795800741,0.6454905270039444,abrupt,0.0,0.7569079934974283,1569720506,thermal_anomaly
7920.0,132.0,2.2,1,603.7424104347197,361.7557050458495,-241.98670538887018,98.84316826275963,98.8630100886446,29.953726730510386,29.974051288049644,-8.07868441766835,-8.03508845913663,24.121168144811698,24.087600317193516,25.560562509704198,25.53464133379357,6.221211353622193,18.087785252292473,3293.892626146237,3353.516220375673,3356.034478931083,-0.0008460957156159047,0.1711523928903976,0.17522873859042762,23.259760565429755,23.1889532750068,0.0,0.0,0.0,0.0,False,none,0.0,0.0,nominal,0.6454905270039444,0.0,59,thermal_anomaly,2.915355795800741,0.6454905270039444,abrupt,0.0,0.7569079934974283,1569720506,thermal_anomaly
7980.0,133.0,2.216666666666667,1,602.5051158172811,358.13473286151606,-244.37038295576502,99.20681466596761,99.01563802147211,29.968272586638705,29.938538369921986,-8.15430326353602,-8.148111005726053,24.129505845733153,24.010097906664203,25.571891482912715,25.669557509663615,6.319412937097135,17.906736643075803,3203.3683215379015,3278.442270956787,3272.909320888642,-0.0012630726049777641,0.1815768151244441,0.1795611965070192,23.252417583843517,23.27215726780286,0.0,0.0,0.0,0.0,False,none,0.0,0.0,nominal,0.6454905270039444,0.0,59,thermal_anomaly,2.915355795800741,0.6454905270039444,abrupt,0.0,0.7569079934974283,1569720506,thermal_anomaly
8040.0,134.0,2.2333333333333334,1,601.2556165273943,354.15823381635516,-247.09738271103913,99.5745191045257,99.60178496202622,29.98298076418103,29.99452776474281,-8.24125475230376,-8.26436098541118,24.13817368529672,24.12825965834611,25.582732174431047,25.532657803422303,6.433462391389545,17.70791169081776,3103.955845408879,3191.199058182833,3188.659593381106,-0.001597386625808136,0.1899346656452034,0.19186266537395,23.245070085209758,23.24328663125259,0.0,0.0,0.0,0.0,False,none,0.0,0.0,nominal,0.6454905270039444,0.0,59,thermal_anomaly,2.915355795800741,0.6454905270039444,abrupt,0.0,0.7569079934974283,1569720506,thermal_anomaly
8100.0,135.0,2.25,1,600.0,350.0,-250.0,99.94654291404952,99.79667845604567,29.99786171656198,30.01156349154145,-8.333927343293727,-8.34703913534988,24.147199135175153,24.14358351462073,25.5930703170356,25.67384630255755,6.556347597063907,17.5,3000.0000000000005,3095.599529091417,3090.352695531036,-0.0018344266511799855,0.19586066627949963,0.19004010694995135,23.23770228896547,23.23157380883772,0.0,0.0,0.0,0.0,False,none,0.0,0.0,nominal,0.6454905270039444,0.0,59,thermal_anomaly,2.915355795800741,0.6454905270039444,abrupt,0.0,0.7569079934974283,1569720506,thermal_anomaly
8160.0,136.0,2.2666666666666666,1,598.7443834726057,345.84176618364484,-252.90261728896087,100.0,99.93064248728554,30.0,29.9674376897893,-8.430087242965362,-8.452260442093475,24.156600305943837,24.248750102178764,25.60290993111768,25.580135085616867,6.685309673920586,17.292088309182244,2896.0441545911203,2995.8218418412685,2994.3039705584138,-0.0019638328945404057,0.19909582236351014,0.19519803939484687,23.230301763711388,23.31940208464703,0.0,0.0,0.0,0.0,False,none,0.0,0.0,nominal,0.6454905270039444,0.0,59,thermal_anomaly,2.915355795800741,0.6454905270039444,abrupt,0.0,0.7569079934974283,1569720506,thermal_anomaly
8220.0,137.0,2.283333333333333,1,597.4948841827188,341.86526713848406,-255.62961704423475,100.0,100.0,30.0,29.979518500529036,-8.520987234807825,-8.511373719640279,24.166355963696375,24.159455852419157,25.612273178382587,25.590460329074155,6.808577876460633,17.093263356924204,2796.631678462101,2896.226760151685,2892.770984107602,-0.001979949682094438,0.19949874205236096,0.19822443872351517,23.222859938318013,23.193712368412413,0.0,0.0,0.0,0.0,False,none,0.0,0.0,nominal,0.6454905270039444,0.0,59,thermal_anomaly,2.915355795800741,0.6454905270039444,abrupt,0.0,0.7569079934974283,1569720506,thermal_anomaly
8280.0,138.0,2.3,1,596.2575895652803,338.2442949541506,-258.01329461112977,100.0,99.89802447342306,30.0,30.016245231856573,-8.600443153704326,-8.612397006018305,24.17641586056489,24.18751542599796,25.621199422450943,25.72895714320233,6.91740979520797,16.91221474770753,2706.107373853764,2801.1670670027247,2796.852951418516,-0.0018820726328891081,0.1970518158222277,0.19584761469061746,23.215372458123994,23.21513320950467,0.0,0.0,0.0,0.0,False,none,0.0,0.0,nominal,0.6454905270039444,0.0,59,thermal_anomaly,2.915355795800741,0.6454905270039444,abrupt,0.0,0.7569079934974283,1569720506,thermal_anomaly
8340.0,139.0,2.316666666666667,1,595.038527595294,335.1371034904521,-259.9014241048419,100.0,100.0,30.0,30.006799299324765,-8.66338080349473,-8.64749064291022,24.186705143253864,24.106514775644413,25.62974353742038,25.626001822691656,7.00433335570888,16.756855174522606,2628.427587261303,2714.797327132014,2712.663511023398,-0.0016744794436408194,0.19186198609102048,0.1887727798469072,23.20783937058641,23.28371028231617,0.0,0.0,0.0,0.0,False,none,0.0,0.0,nominal,0.6454905270039444,0.0,59,thermal_anomaly,2.915355795800741,0.6454905270039444,abrupt,0.0,0.7569079934974283,1569720506,thermal_anomaly
8400.0,140.0,2.3333333333333335,1,593.843637420138,332.67949192431126,-261.1641454958267,100.0,100.0,30.0,30.021451393785807,-8.705471516527556,-8.695131359617037,24.197127641547695,24.240349845116185,25.63797353831345,25.60325504191197,7.0628187460058065,16.633974596215563,2566.9872981077815,2640.892312619898,2639.4112497850283,-0.001366242932862382,0.18415607332155953,0.1848170008071546,23.2002651298463,23.117197040067925,0.0,0.0,0.0,0.0,False,none,0.0,0.0,nominal,0.6454905270039444,0.0,59,thermal_anomaly,2.915355795800741,0.6454905270039444,abrupt,0.0,0.7569079934974283,1569720506,thermal_anomaly
8460.0,141.0,2.35,1,592.6787404246356,330.9788696740969,-261.6998707505387,100.0,100.0,30.0,29.99713300605838,-8.723329025017957,-8.745615374070645,24.2075706008394,24.294782459740095,25.64596763697435,25.699605653949988,7.08771754229766,16.548943483704846,2524.4717418524233,2582.682027236161,2586.7920469646015,-0.0009708345151577187,0.17427086287894297,0.17846113010642736,23.19265841565589,23.13117967913489,0.0,0.0,0.0,0.0,False,none,0.0,0.0,nominal,0.6454905270039444,0.0,59,thermal_anomaly,2.915355795800741,0.6454905270039444,abrupt,0.0,0.7569079934974283,1569720506,thermal_anomaly
8520.0,142.0,2.3666666666666667,1,591.549511869854,330.1095620926345,-261.43994977721945,100.0,99.90021355761486,30.0,29.99100149992819,-8.714664992573981,-8.732663506458108,24.21791061348311,24.359774040387258,25.65381085208782,25.655339492156354,7.075630874623557,16.505478104631727,2502.739052315864,2542.710539776012,2542.9001882093344,-0.0005055354357605887,0.16263838589401472,0.1533408389498811,23.18503176904868,23.085639562898393,0.0,0.0,0.0,0.0,False,none,0.0,0.0,nominal,0.6454905270039444,0.0,59,thermal_anomaly,2.915355795800741,0.6454905270039444,abrupt,0.0,0.7569079934974283,1569720506,thermal_anomaly
8580.0,143.0,2.3833333333333333,1,590.4614532438022,330.1095620926345,-260.3518911511677,100.0,99.94389314719197,30.0,30.003393915797716,-8.67839637170559,-8.658783070185235,24.22802036675806,24.28412861397099,25.66159132148038,25.569397950855667,7.02516508675462,16.505478104631727,2502.7390523158633,2522.724796045938,2523.049143197544,9.318502806628603e-06,0.15023296257016572,0.14710369389979158,23.177402312918623,23.142519798429703,0.0,0.0,0.0,0.0,False,none,0.0,0.0,nominal,0.6454905270039444,0.0,59,thermal_anomaly,2.915355795800741,0.6454905270039444,abrupt,0.0,0.7569079934974283,1569720506,thermal_anomaly
8640.0,144.0,2.4,1,589.4198654587356,330.9788696740969,-258.44099578463863,100.0,100.0,30.0,30.04894627937023,-8.614699859487954,-8.648225794676124,24.23777572553593,24.318034959025326,25.669396477875946,25.490048367893653,6.937044293524942,16.548943483704846,2524.471741852423,2523.5982689491807,2530.5324581198743,0.0005512257128852536,0.16378064282213134,0.1672745889906766,23.169860434063303,23.153838458650444,0.0,0.0,0.0,0.0,False,none,0.0,0.0,nominal,0.6454905270039444,0.0,59,thermal_anomaly,2.915355795800741,0.6454905270039444,abrupt,0.0,0.7569079934974283,1569720506,thermal_anomaly
8700.0,145.0,2.4166666666666665,1,588.4298230256423,332.6794919243112,-255.75033110133114,100.0,99.88455836867176,30.0,29.980287046965284,-8.525011036711039,-8.558574506577827,24.247062621362993,24.17520234619896,25.67730925524537,25.677682442445466,6.814065054083602,16.633974596215563,2566.9872981077806,2545.292783528481,2545.7154419859467,0.0010965022490355544,0.17741255622588886,0.18063699880916897,23.162426347661047,23.07609977957378,0.0,0.0,0.0,0.0,False,none,0.0,0.0,nominal,0.6454905270039444,0.0,59,thermal_anomaly,2.915355795800741,0.6454905270039444,abrupt,0.0,0.7569079934974283,1569720506,thermal_anomaly
8760.0,146.0,2.433333333333333,0,0.0,335.1371034904521,335.1371034904521,99.50128407218682,99.59769089055796,29.980051362887473,29.948688513951378,11.178670090783127,11.202659570071312,24.2522369563011,24.177402745524745,25.669404491552452,25.649294955234165,10.99701319988554,16.756855174522606,2628.427587261302,2586.8601853948917,2579.6936802999703,0.0016213169101006316,0.1905329227525158,0.19176099751938222,23.155117951867418,23.12318689131896,0.0,0.0,0.0,0.0,False,none,0.0,0.0,nominal,0.6454905270039444,0.0,59,thermal_anomaly,2.915355795800741,0.6454905270039444,abrupt,0.0,0.7569079934974283,1569720506,thermal_anomaly
8820.0,147.0,2.45,0,0.0,338.2442949541505,338.2442949541505,98.99794434755268,98.83489949696693,29.959917773902106,29.96838991040204,11.289893967893095,11.280074613214264,24.25804665611163,24.255739736926866,25.66187368511545,25.618843302359032,11.19693646450151,16.912214747707527,2706.107373853763,2646.483779624327,2646.6957263070262,0.0021027327770518148,0.20256831942629536,0.20149343813003262,23.147950008145514,23.18255745901,0.0,0.0,0.0,0.0,False,none,0.0,0.0,nominal,0.6454905270039444,0.0,59,thermal_anomaly,2.915355795800741,0.6454905270039444,abrupt,0.0,0.7569079934974283,1569720506,thermal_anomaly
8880.0,148.0,2.466666666666667,0,0.0,341.865267138484,341.865267138484,98.48921627145373,98.50935881521836,29.93956865085815,29.91798640438691,11.41851010364123,11.402687685696138,24.264600342304817,24.155000640682612,25.654765222348374,25.689149229469127,11.430589838956548,17.0932633569242,2796.6316784621,2721.557729043213,2728.256600005434,0.0025197096664137026,0.21299274166034254,0.2122383314333786,23.140933449622054,23.274012563556475,0.0,0.0,0.0,0.0,False,none,0.0,0.0,nominal,0.6454905270039444,0.0,59,thermal_anomaly,2.915355795800741,0.6454905270039444,abrupt,0.0,0.7569079934974283,1569720506,thermal_anomaly
8940.0,149.0,2.4833333333333334,0,0.0,345.8417661836448,345.8417661836448,97.9745707860614,97.9156148585008,29.918982831442456,29.90285439888394,11.559275531927268,11.552816073130309,24.271977233803792,24.2028218206831,25.64811127718795,25.706384938940086,11.689348065840994,17.29208830918224,2896.044154591119,2808.800941817166,2810.590253580548,0.0028540236872440245,0.2213505921811006,0.21757730846964238,23.134074852749063,23.086189936171696,0.0,0.0,0.0,0.0,False,none,0.0,0.0,nominal,0.6454905270039444,0.0,59,thermal_anomaly,2.915355795800741,0.6454905270039444,abrupt,0.0,0.7569079934974283,1569720506,thermal_anomaly
9000.0,150.0,2.5,0,0.0,350.0,350.0,97.45373745272806,97.51665333311396,29.898149498109124,29.93145323932543,11.706410124885334,11.704951367441495,24.28022271387084,24.30689673269958,25.641926386970447,25.660219366646096,11.96320304096143,17.5,2999.9999999999995,2904.400470908583,2901.292335272036,0.003091063712615916,0.22727659281539792,0.2313179642368116,23.127376101129727,23.123115036311813,0.0,0.0,0.0,0.0,False,none,0.0,0.0,nominal,0.6454905270039444,0.0,59,thermal_anomaly,2.915355795800741,0.6454905270039444,abrupt,0.0,0.7569079934974283,1569720506,thermal_anomaly
9060.0,151.0,2.5166666666666666,0,0.0,354.1582338163551,354.1582338163551,96.92671627145373,96.84561721912712,29.87706865085815,29.868850016607134,11.853848111909157,11.855561715710033,24.289345034937007,24.41800772482338,25.636206799256318,25.591258538037263,12.241097204816983,17.707911690817756,3103.955845408878,3004.1781581587306,3009.0470498851178,0.003220469955976309,0.23051174889940773,0.2300760898652131,23.120834261687005,23.173200327754856,0.0,0.0,0.0,0.0,False,none,0.0,0.0,nominal,0.6454905270039444,0.0,59,thermal_anomaly,2.915355795800741,0.6454905270039444,abrupt,0.0,0.7569079934974283,1569720506,thermal_anomaly
9120.0,152.0,2.533333333333333,0,0.0,358.134732861516,358.134732861516,96.39377768088599,96.47990803341293,29.85575110723544,29.810327148092245,11.9955023598359,11.965729671046905,24.299313518558005,24.307823201949002,25.63093061814842,25.658243827125816,12.511366149186292,17.9067366430758,3203.3683215379006,3103.7732398483154,3102.7501115686227,0.0032365867435303836,0.2309146685882596,0.23197735859980048,23.114441682842898,23.104064200308503,0.0,0.0,0.0,0.0,False,none,0.0,0.0,nominal,0.6454905270039444,0.0,59,thermal_anomaly,2.915355795800741,0.6454905270039444,abrupt,0.0,0.7569079934974283,1569720506,thermal_anomaly
9180.0,153.0,2.55,0,0.0,361.75570504584937,361.75570504584937,95.85545073885348,95.76447145917074,29.83421802955414,29.846927914806532,12.125529976602362,12.123044293937907,24.310058564703585,24.35748028113439,25.626058743707816,25.646024865406357,12.762278177078597,18.08778525229247,3293.8926261462348,3198.832932997275,3197.3515879040347,0.003138709694325004,0.22846774235812511,0.2255790585422938,23.10818631270709,23.129933498252825,0.0,0.0,0.0,0.0,False,none,0.0,0.0,nominal,0.6454905270039444,0.0,59,thermal_anomaly,2.915355795800741,0.6454905270039444,abrupt,0.0,0.7569079934974283,1569720506,thermal_anomaly
9240.0,154.0,2.566666666666667,0,0.0,364.86289650954785,364.86289650954785,95.31249999999997,95.28658647658948,29.8125,29.782756500872413,12.238587723590703,12.24364095855726,24.32147368784017,24.358657379798558,25.62153656340911,25.707469498676875,12.982642357442005,18.243144825477394,3371.5724127386957,3285.202672867985,3285.013776293601,0.0029311165050767297,0.22327791262691823,0.2272626467644198,23.102052223295768,23.036724879000687,0.0,0.0,0.0,0.0,False,none,0.0,0.0,nominal,0.6454905270039444,0.0,59,thermal_anomaly,2.915355795800741,0.6454905270039444,abrupt,0.0,0.7569079934974283,1569720506,thermal_anomaly
9300.0,155.0,2.5833333333333335,0,0.0,367.32050807568874,367.32050807568874,94.76589210107781,94.81502307648536,29.790635684043114,29.76690898488382,12.33006613123191,12.32291533782475,24.33341965392661,24.30043474731967,25.617296321709404,25.521273320342914,13.162442464044178,18.366025403784437,3433.0127018922185,3359.107687380102,3365.4124081489817,0.0026228799942983206,0.215571999857458,0.2145037293283931,23.096020315447088,23.15571073518605,0.0,0.0,0.0,0.0,False,none,0.0,0.0,nominal,0.6454905270039444,0.0,59,thermal_anomaly,2.915355795800741,0.6454905270039444,abrupt,0.0,0.7569079934974283,1569720506,thermal_anomaly
9360.0,156.0,2.6,0,0.0,369.0211303259031,369.0211303259031,94.21675351428333,94.25504969287495,29.768670140571334,29.72161463682066,12.396292094451642,12.4082188458847,24.345730618053977,24.374321508439465,25.61326006416832,25.654905639305934,13.293444615277142,18.451056516295154,3475.5282581475767,3417.3179727638394,3422.942184286548,0.002227471576593643,0.20568678941484106,0.20572578180312817,23.090069169271143,23.091633831647645,0.0,0.0,0.0,0.0,False,none,0.0,0.0,nominal,0.6454905270039444,0.0,59,thermal_anomaly,2.915355795800741,0.6454905270039444,abrupt,0.0,0.7569079934974283,1569720506,thermal_anomaly
9420.0,157.0,2.6166666666666667,0,0.0,369.8904379073655,369.8904379073655,93.6663213150164,93.63306979493464,29.746652852600654,29.7494983504377,12.434691047097997,12.401685103020366,24.358221978728796,24.40529572531743,25.60934302744571,25.73874240796641,13.369723314942329,18.494521895368276,3497.2609476841367,3457.2894602239876,3452.0044423402323,0.0017621724971965131,0.19405431242991283,0.19967180013701769,23.08417599743326,23.029197940659056,0.0,0.0,0.0,0.0,False,none,0.0,0.0,nominal,0.6454905270039444,0.0,59,thermal_anomaly,2.915355795800741,0.6454905270039444,abrupt,0.0,0.7569079934974283,1569720506,thermal_anomaly
9480.0,158.0,2.6333333333333333,0,0.0,369.8904379073655,369.8904379073655,93.11588911574948,93.11188163054493,29.724635564629978,29.739284840679712,12.443901527509611,12.431318904096667,24.37069949625012,24.43181692114896,25.605457327016882,25.61316464246923,13.388054818108483,18.494521895368276,3497.2609476841367,3477.2752039540624,3472.723137160042,0.0012473185586292885,0.18118296396573222,0.18420369150554747,23.078317653853084,23.11981342172755,0.0,0.0,0.0,0.0,False,none,0.0,0.0,nominal,0.6454905270039444,0.0,59,thermal_anomaly,2.915355795800741,0.6454905270039444,abrupt,0.0,0.7569079934974283,1569720506,thermal_anomaly
9540.0,159.0,2.65,0,0.0,369.0211303259031,369.0211303259031,92.56675052895498,92.56662929331002,29.702670021158198,29.7134360373434,12.42383698378082,12.397798679476404,24.3829690927125,24.320534095473818,25.60151578143334,25.660934666713857,13.348138031964808,18.451056516295154,3475.5282581475763,3476.4017310508193,3479.0683443655284,0.0007054113485506565,0.1676352837137664,0.1669165017575152,23.072471648752693,23.046062683795036,0.0,0.0,0.0,0.0,False,none,0.0,0.0,nominal,0.6454905270039444,0.0,59,thermal_anomaly,2.915355795800741,0.6454905270039444,abrupt,0.0,0.7569079934974283,1569720506,thermal_anomaly
9600.0,160.0,2.6666666666666665,0,0.0,367.3205080756888,367.3205080756888,92.02014263003282,92.23093422214869,29.680805705201312,29.698446930605083,12.375691944619918,12.361037500261002,24.394846678451728,24.412524246046843,25.59743570598944,25.710748655541455,13.252620088650426,18.36602540378444,3433.0127018922203,3454.70721647152,3448.0453170215856,0.00016013481240036989,0.15400337031000924,0.16121412502504306,23.066617122343544,23.080421521231376,0.0,0.0,0.0,0.0,False,none,0.0,0.0,nominal,0.6454905270039444,0.0,59,thermal_anomaly,2.915355795800741,0.6454905270039444,abrupt,0.0,0.7569079934974283,1569720506,thermal_anomaly
9660.0,161.0,2.683333333333333,0,0.0,364.8628965095479,364.8628965095479,91.47719189117932,91.56210114381379,29.65908767564717,29.66007382968671,12.301892104696591,12.298184935806999,24.406167344875843,24.23191294976142,25.59314250999248,25.495688065236855,13.106923948447706,18.243144825477398,3371.572412738698,3413.139814605109,3415.9393383992815,-0.0003646798486647214,0.15911699621661804,0.15561752325539574,23.060784965242025,22.992356674468454,0.0,0.0,0.0,0.0,False,none,0.0,0.0,nominal,0.6454905270039444,0.0,59,thermal_anomaly,2.915355795800741,0.6454905270039444,abrupt,0.0,0.7569079934974283,1569720506,thermal_anomaly
9720.0,162.0,2.7,0,0.0,361.7557050458495,361.7557050458495,90.9388649491468,90.95138199177644,29.637554597965874,29.624347321145507,12.205990337363327,12.198297530162753,24.416793327504138,24.462210032188302,25.588572940417123,25.631694483316714,12.918896009264552,18.087785252292473,3293.892626146237,3353.5162203756736,3353.922182900217,-0.0008460957156159114,0.17115239289039777,0.16709160817186003,23.05497551105552,23.028688719203032,0.0,0.0,0.0,0.0,False,none,0.0,0.0,nominal,0.6454905270039444,0.0,59,thermal_anomaly,2.915355795800741,0.6454905270039444,abrupt,0.0,0.7569079934974283,1569720506,thermal_anomaly
9780.0,163.0,2.716666666666667,0,0.0,358.134732861516,358.134732861516,90.40592635857907,90.49768398729789,29.616237054343163,29.613632259636567,12.092513042908543,12.109851350621685,24.426620266657224,24.40905024229864,25.583677830179937,25.413975029620218,12.698309735433059,17.9067366430758,3203.3683215379,3278.4422709567866,3281.1387348714397,-0.0012630726049777928,0.18157681512444482,0.1798927856532614,23.04916841737709,23.01978370085824,0.0,0.0,0.0,0.0,False,none,0.0,0.0,nominal,0.6454905270039444,0.0,59,thermal_anomaly,2.915355795800741,0.6454905270039444,abrupt,0.0,0.7569079934974283,1569720506,thermal_anomaly
9840.0,164.0,2.7333333333333334,0,0.0,354.1582338163553,354.1582338163553,89.87890517730473,89.77643077154117,29.595156207092188,29.6251764639687,11.96676345744324,11.984666846186812,24.43558145909632,24.496106269072165,25.578424230920135,25.52877099725308,12.456274211711914,17.707911690817763,3103.955845408883,3191.1990581828345,3193.736163033905,-0.001597386625808086,0.18993466564520214,0.18837984721936474,23.043345287491828,23.0430153450716,0.0,0.0,0.0,0.0,False,none,0.0,0.0,nominal,0.6454905270039444,0.0,59,thermal_anomaly,2.915355795800741,0.6454905270039444,abrupt,0.0,0.7569079934974283,1569720506,thermal_anomaly
9900.0,165.0,2.75,0,0.0,349.99999999999994,349.99999999999994,89.3580718439714,89.20081016158288,29.574322873758856,29.594769766843715,11.834590482223792,11.871235582870725,24.44364997884359,24.368491343831497,25.572796837072772,25.70686800349426,12.204602550555357,17.499999999999996,2999.999999999999,3095.599529091417,3094.371883879308,-0.0018344266511800132,0.19586066627950033,0.19568099480427373,23.037490427230424,22.976155379010546,0.0,0.0,0.0,0.0,False,none,0.0,0.0,nominal,0.6454905270039444,0.0,59,thermal_anomaly,2.915355795800741,0.6454905270039444,abrupt,0.0,0.7569079934974283,1569720506,thermal_anomaly
9960.0,166.0,2.7666666666666666,0,0.0,345.8417661836449,345.8417661836449,88.84342635857907,88.94847811035177,29.553737054343163,29.555991023541786,11.702133153168209,11.66676470721358,24.45083872439306,24.474507686315157,25.566798638994555,25.587606342135512,11.955193626758282,17.292088309182244,2896.044154591122,2995.82184184127,2994.8685402091555,-0.0019638328945403845,0.1990958223635096,0.20087246756544397,23.031591490939356,23.097205990532938,0.0,0.0,0.0,0.0,False,none,0.0,0.0,nominal,0.6454905270039444,0.0,59,thermal_anomaly,2.915355795800741,0.6454905270039444,abrupt,0.0,0.7569079934974283,1569720506,thermal_anomaly
10020.0,167.0,2.783333333333333,0,0.0,341.86526713848406,341.86526713848406,88.33469828248013,88.47984837432978,29.533387931299206,29.52336213490175,11.575551979804473,11.571159123456491,24.457198599683274,24.476267504633057,25.560450776596447,25.53637260209472,11.719472290972421,17.093263356924204,2796.6316784621013,2896.226760151685,2895.8017961072346,-0.0019799496820944516,0.1994987420523613,0.19892640767924766,23.02563999259177,22.9923566229829,0.0,0.0,0.0,0.0,False,none,0.0,0.0,nominal,0.6454905270039444,0.0,59,thermal_anomaly,2.915355795800741,0.6454905270039444,abrupt,0.0,0.7569079934974283,1569720506,thermal_anomaly
10080.0,168.0,2.8,0,0.0,338.2442949541506,338.2442949541506,87.83135855784599,87.67080408908383,29.51325434231384,29.52327598870674,11.46075898750352,11.451626633926898,24.462815140503746,24.464081741487075,25.55379159987909,25.633796609603092,11.507919725571414,16.91221474770753,2706.107373853764,2801.1670670027247,2805.4069966860466,-0.0018820726328891081,0.1970518158222277,0.1987763818759528,23.019631661990697,23.095942530216973,0.0,0.0,0.0,0.0,False,none,0.0,0.0,nominal,0.6454905270039444,0.0,59,thermal_anomaly,2.915355795800741,0.6454905270039444,abrupt,0.0,0.7569079934974283,1569720506,thermal_anomaly
10140.0,169.0,2.816666666666667,0,0.0,335.1371034904521,335.1371034904521,87.33264263003281,87.5651376949343,29.493305705201312,29.52565763944376,11.363158366861153,11.394928464696275,24.467803947812822,24.315901747730926,25.546874977429102,25.603057378048767,11.32970944562933,16.756855174522606,2628.427587261303,2714.797327132014,2724.6335638615915,-0.0016744794436408194,0.19186198609102048,0.1947943920089562,23.013566630424112,23.017642491190642,0.0,0.0,0.0,0.0,False,none,0.0,0.0,nominal,0.6454905270039444,0.0,59,thermal_anomaly,2.915355795800741,0.6454905270039444,abrupt,0.0,0.7569079934974283,1569720506,thermal_anomaly
10200.0,170.0,2.8333333333333335,0,0.0,332.6794919243112,332.6794919243112,86.8375838622883,86.4940100707121,29.473503354491534,29.489439476054187,11.287409166227041,11.301221951906706,24.472305285642165,24.40585344459103,25.5397679268021,25.545310408304054,11.1924484548661,16.633974596215563,2566.9872981077806,2640.8923126198974,2642.2240103458985,-0.0013662429328623966,0.18415607332155992,0.19077489787168034,23.00744943523522,23.08263693550757,0.0,0.0,0.0,0.0,False,none,0.0,0.0,nominal,0.6454905270039444,0.0,59,thermal_anomaly,2.915355795800741,0.6454905270039444,abrupt,0.0,0.7569079934974283,1569720506,thermal_anomaly
10260.0,171.0,2.85,0,0.0,330.978869674097,330.978869674097,86.34505578241614,86.50454855531311,29.453802231296645,29.449167832630224,11.237220480906526,11.2064213013506,24.476478153698046,24.46401823821522,25.532547670355093,25.626343037627972,11.102009930920408,16.54894348370485,2524.471741852424,2582.682027236161,2582.4423080847337,-0.0009708345151577046,0.1742708628789426,0.17159451396279235,23.001288838754395,22.935471806395388,0.0,0.0,0.0,0.0,False,none,0.0,0.0,nominal,0.6454905270039444,0.0,59,thermal_anomaly,2.915355795800741,0.6454905270039444,abrupt,0.0,0.7569079934974283,1569720506,thermal_anomaly
10320.0,172.0,2.8666666666666667,0,0.0,330.1095620926345,330.1095620926345,85.85382131501638,85.7819048862101,29.434152852600654,29.404519238627426,11.215188143709993,11.22027425826917,24.480494070135542,24.692782491666016,25.525298245201515,25.49259741316578,11.062435607905055,16.505478104631727,2502.739052315864,2542.710539776012,2549.789402480937,-0.0005055354357605887,0.16263838589401472,0.15968367589010976,22.995097463973945,22.940179855703867,0.0,0.0,0.0,0.0,False,none,0.0,0.0,nominal,0.6454905270039444,0.0,59,thermal_anomaly,2.915355795800741,0.6454905270039444,abrupt,0.0,0.7569079934974283,1569720506,thermal_anomaly
10380.0,173.0,2.8833333333333333,0,0.0,330.1095620926345,330.1095620926345,85.36258684761663,85.07112077862435,29.414503473904666,29.418297702254893,11.222680076360769,11.217920901962232,24.48453071854042,24.533066282363198,25.518106815449165,25.500559220089393,11.075883847707596,16.505478104631727,2502.7390523158633,2522.724796045938,2520.911906114156,9.318502806628603e-06,0.15023296257016572,0.15120549776024822,22.988892515131948,22.970701002748186,0.0,0.0,0.0,0.0,False,none,0.0,0.0,nominal,0.6454905270039444,0.0,59,thermal_anomaly,2.915355795800741,0.6454905270039444,abrupt,0.0,0.7569079934974283,1569720506,thermal_anomaly
10440.0,174.0,2.9,0,0.0,330.9788696740969,330.9788696740969,84.87005876774447,84.88801852245795,29.394802350709778,29.390683023897125,11.259775307388825,11.267744365299741,24.48876554488861,24.339044924927812,25.51105984789298,25.557959657958353,11.142603197830649,16.548943483704846,2524.471741852423,2523.5982689491807,2526.3327283963645,0.0005512257128852536,0.16378064282213134,0.1619941004213387,22.982764459760027,22.991271883743824,0.0,0.0,0.0,0.0,False,none,0.0,0.0,nominal,0.6454905270039444,0.0,59,thermal_anomaly,2.915355795800741,0.6454905270039444,abrupt,0.0,0.7569079934974283,1569720506,thermal_anomaly
10500.0,175.0,2.9166666666666665,0,0.0,332.6794919243112,332.6794919243112,84.37499999999994,84.40793033733831,29.374999999999996,29.401896222613683,11.325259299551021,11.310152480008135,24.538398483681046,24.504211464752025,25.55197657736502,25.524136440223735,20.943277761224515,32.73958413863767,2566.9872981077806,2545.292783528481,2545.9067171735596,0.0010965022490355544,0.17741255622588886,0.17069168161699205,22.976733593165047,22.94330164746982,0.0,0.0,0.6454905270039444,0.0,True,thermal_anomaly,1.0,0.6454905270039444,thermal_anomaly,0.6454905270039444,0.6454905270039444,59,thermal_anomaly,2.915355795800741,0.6454905270039444,abrupt,0.0,0.7569079934974283,1569720506,thermal_anomaly
10560.0,176.0,2.933333333333333,0,0.0,335.13710349045203,335.13710349045203,83.87628407218678,83.91879010548847,29.355051362887473,29.34927428575905,11.416675765526124,11.392144784063477,24.588403356793425,24.694022352294645,25.593176463439747,25.659418352563915,21.109596747871286,32.981442090819655,2628.4275872613007,2586.860185394891,2588.7056831663303,0.0016213169101006175,0.19053292275251543,0.19251896414003705,22.970817893030137,22.92261843663676,0.0,0.0,0.6454905270039444,0.0,True,thermal_anomaly,1.0,0.6454905270039444,thermal_anomaly,0.6454905270039444,0.6454905270039444,59,thermal_anomaly,2.915355795800741,0.6454905270039444,abrupt,0.0,0.7569079934974283,1569720506,thermal_anomaly
10620.0,177.0,2.95,0,0.0,338.2442949541506,338.2442949541506,83.37294434755262,83.4818517430231,29.334917773902106,29.336232844774464,11.530432693255086,11.525969369969907,24.638920504968237,24.66155896411202,25.634785970824197,25.836267928710523,21.318428152554027,33.28722636315995,2706.1073738537643,2646.4837796243282,2646.635084699764,0.002102732777051843,0.20256831942629605,0.20569556786476723,22.965032199749515,23.01165172767244,0.0,0.0,0.6454905270039444,0.0,True,thermal_anomaly,1.0,0.6454905270039444,thermal_anomaly,0.6454905270039444,0.6454905270039444,59,thermal_anomaly,2.915355795800741,0.6454905270039444,abrupt,0.0,0.7569079934974283,1569720506,thermal_anomaly
10680.0,178.0,2.966666666666667,0,0.0,341.86526713848394,341.86526713848394,82.86421627145369,82.83524115409895,29.31456865085815,29.30043942133067,11.66195795715644,11.657741841282142,24.690065376360366,24.650685805089356,25.676904215860212,25.606342975337398,21.56245897661792,33.64357271564152,2796.631678462098,2721.557729043213,2724.482434738558,0.002519709666413667,0.21299274166034166,0.22063483712040058,22.959387524789026,22.926245950365015,0.0,0.0,0.6454905270039444,0.0,True,thermal_anomaly,1.0,0.6454905270039444,thermal_anomaly,0.6454905270039444,0.6454905270039444,59,thermal_anomaly,2.915355795800741,0.6454905270039444,abrupt,0.0,0.7569079934974283,1569720506,thermal_anomaly
10740.0,179.0,2.9833333333333334,0,0.0,345.8417661836448,345.8417661836448,82.34957078606136,82.3929305848456,29.293982831442456,29.286886423810373,11.80589775632825,11.832259802707696,24.741923016149006,24.79204521077671,25.719598680965387,25.81646746770465,21.832695651689278,34.03490710272143,2896.044154591119,2808.800941817166,2809.6756546502993,0.0028540236872440245,0.2213505921811006,0.21795090678695353,22.953890522352282,22.94970314927934,0.0,0.0,0.6454905270039444,0.0,True,thermal_anomaly,1.0,0.6454905270039444,thermal_anomaly,0.6454905270039444,0.6454905270039444,59,thermal_anomaly,2.915355795800741,0.6454905270039444,abrupt,0.0,0.7569079934974283,1569720506,thermal_anomaly
10800.0,180.0,3.0,1,600.0,349.99999999999994,-250.00000000000006,82.72159459558517,82.64229723445068,29.308863783823405,29.32191028988706,-8.529842775344429,-8.52933281529815,24.78685311633925,24.772676712760532,25.772705602342096,25.673754489609237,16.50301532682681,34.44412633385354,2999.999999999999,2904.400470908583,2898.6304403093663,0.003091063712615916,0.22727659281539792,0.22534851587418625,22.94854315321092,22.953514442505682,0.0,0.0,0.6454905270039444,0.0,True,thermal_anomaly,1.0,0.6454905270039444,thermal_anomaly,0.6454905270039444,0.6454905270039444,59,thermal_anomaly,2.915355795800741,0.6454905270039444,abrupt,0.0,0.7569079934974283,1569720506,thermal_anomaly
10860.0,181.0,3.0166666666666666,1,601.2556165273943,354.15823381635516,-247.09738271103913,83.08929903414327,82.98944072365072,29.32357196136573,29.314995714209036,-8.42657855723013,-8.461372258059665,24.831151111872018,24.94604867071524,25.826370650880456,25.89835173320781,16.362935999552814,34.85334556498565,3103.9558454088797,3004.1781581587315,3009.8708130401947,0.0032204699559763308,0.23051174889940826,0.2334507572328467,22.94334256087759,23.02264309998815,0.0,0.0,0.6454905270039444,0.0,True,thermal_anomaly,1.0,0.6454905270039444,thermal_anomaly,0.6454905270039444,0.6454905270039444,59,thermal_anomaly,2.915355795800741,0.6454905270039444,abrupt,0.0,0.7569079934974283,1569720506,thermal_anomaly
10920.0,182.0,3.033333333333333,1,602.5051158172811,358.134732861516,-244.37038295576508,83.45294543735125,83.46542838645529,29.33811781749405,29.321533831494,-8.329449914815232,-8.32486393457826,24.87485226019019,24.895368958624278,25.88055532115089,25.809638907262624,16.232736775732405,35.24467995206556,3203.3683215379006,3103.773239848316,3097.1093809578033,0.0032365867435303767,0.2309146685882594,0.23076705749260615,22.938281169789555,22.86979015278701,0.0,0.0,0.6454905270039444,0.0,True,thermal_anomaly,1.0,0.6454905270039444,thermal_anomaly,0.6454905270039444,0.6454905270039444,59,thermal_anomaly,2.915355795800741,0.6454905270039444,abrupt,0.0,0.7569079934974283,1569720506,thermal_anomaly
10980.0,183.0,3.05,1,603.7424104347197,361.75570504584937,-241.9867053888703,83.81304470132278,83.77032452225095,29.35252178805291,29.34393642090214,-8.24415384600324,-8.28087723436339,24.918015775990757,25.0012292746984,25.935187090082692,25.847718206508823,16.119643715984765,35.601026304547126,3293.8926261462348,3198.8329329972753,3192.769954249875,0.0031387096943249967,0.2284677423581249,0.227061900109923,22.933347003501645,22.931884631332988,0.0,0.0,0.6454905270039444,0.0,True,thermal_anomaly,1.0,0.6454905270039444,thermal_anomaly,0.6454905270039444,0.6454905270039444,59,thermal_anomaly,2.915355795800741,0.6454905270039444,abrupt,0.0,0.7569079934974283,1569720506,thermal_anomaly
11040.0,184.0,3.066666666666667,1,604.961472404706,364.8628965095479,-240.0985758951581,84.1703342487858,84.25193598112455,29.366813369951434,29.366755745602457,-8.175847098917126,-8.110531803836581,24.960721520108756,25.0081953227178,25.990162641996452,26.005571414987838,16.029915967848893,35.90681057688742,3371.5724127386984,3285.202672867987,3282.0422239970003,0.0029311165050767652,0.22327791262691912,0.2204476512411501,22.928524208909362,22.98045510655761,0.0,0.0,0.6454905270039444,0.0,True,thermal_anomaly,1.0,0.6454905270039444,thermal_anomaly,0.6454905270039444,0.6454905270039444,59,thermal_anomaly,2.915355795800741,0.6454905270039444,abrupt,0.0,0.7569079934974283,1569720506,thermal_anomaly
11100.0,185.0,3.0833333333333335,1,606.1563625798619,367.32050807568874,-238.8358545041732,84.52574474655987,84.52128099508064,29.381029789862396,29.37765179805894,-8.128913663420365,-8.105579617235291,25.0030662043305,24.86301473772317,26.045352439149557,25.987505720263723,15.968696892846548,36.14866852906941,3433.0127018922185,3359.1076873801026,3356.3502058103577,0.0026228799942982924,0.21557199985745729,0.20445303135721996,22.923793761168582,22.921766948373232,0.0,0.0,0.6454905270039444,0.0,True,thermal_anomaly,1.0,0.6454905270039444,thermal_anomaly,0.6454905270039444,0.6454905270039444,59,thermal_anomaly,2.915355795800741,0.6454905270039444,abrupt,0.0,0.7569079934974283,1569720506,thermal_anomaly
11160.0,186.0,3.1,1,607.3212595753644,369.0211303259031,-238.3001292494613,84.88035803413348,84.7708520141833,29.395214321365337,29.365873164502126,-8.106766177794373,-8.104290023805154,25.04515933171713,24.95753858075998,26.100606438041336,26.144530406746913,15.939930533973628,36.316029808019536,3475.5282581475767,3417.3179727638394,3419.964908582601,0.002227471576593636,0.2056867894148409,0.20232776694232776,22.919134314149726,22.950314449159368,0.0,0.0,0.6454905270039444,0.0,True,thermal_anomaly,1.0,0.6454905270039444,thermal_anomaly,0.6454905270039444,0.6454905270039444,59,thermal_anomaly,2.915355795800741,0.6454905270039444,abrupt,0.0,0.7569079934974283,1569720506,thermal_anomaly
11220.0,187.0,3.1166666666666667,1,608.450488130146,369.8904379073654,-238.5600502227806,85.23535810886976,85.06910430748691,29.409414324354792,29.439487295904986,-8.111689936824824,-8.077992873997648,25.0871190097853,24.966873273011636,26.155760701649204,26.13601138846991,15.946318995553975,36.401579922759154,3497.260947684136,3457.2894602239876,3453.5848523541626,0.001762172497196506,0.19405431242991264,0.19391662200095938,22.914523153725256,22.812353241747203,0.0,0.0,0.6454905270039444,0.0,True,thermal_anomaly,1.0,0.6454905270039444,thermal_anomaly,0.6454905270039444,0.6454905270039444,59,thermal_anomaly,2.915355795800741,0.6454905270039444,abrupt,0.0,0.7569079934974283,1569720506,thermal_anomaly
11280.0,188.0,3.1333333333333333,1,609.5385467561977,369.8904379073655,-239.64810884883218,85.59197731846623,85.55162429300321,29.42367909273865,29.44188433905337,-8.1447363565073,-8.149918851960813,25.129067692036905,25.04584662772345,26.210644618610687,26.146915806418228,15.98929633042011,36.40157992275916,3497.2609476841367,3477.2752039540624,3482.747386362128,0.0012473185586292885,0.18118296396573222,0.17050611860705917,22.90993720647289,22.90898213092699,0.0,0.0,0.6454905270039444,0.0,True,thermal_anomaly,1.0,0.6454905270039444,thermal_anomaly,0.6454905270039444,0.6454905270039444,59,thermal_anomaly,2.915355795800741,0.6454905270039444,abrupt,0.0,0.7569079934974283,1569720506,thermal_anomaly
11340.0,189.0,3.15,1,610.5801345412646,369.02113032590313,-241.55900421536143,85.95144012235815,85.84380392654387,29.438057604894325,29.466805950637664,-8.205670613783981,-8.191243601738147,25.17112784108689,25.161207249016172,26.26508841383972,26.449058552914725,16.069000322812602,36.31602980801954,3475.5282581475776,3476.40173105082,3480.0005242989964,0.0007054113485506708,0.16763528371376676,0.1649729005262674,22.905354054727848,22.981604681355066,0.0,0.0,0.6454905270039444,0.0,True,thermal_anomaly,1.0,0.6454905270039444,thermal_anomaly,0.6454905270039444,0.6454905270039444,59,thermal_anomaly,2.915355795800741,0.6454905270039444,abrupt,0.0,0.7569079934974283,1569720506,thermal_anomaly
11400.0,190.0,3.1666666666666665,1,611.5701769743577,367.3205080756888,-244.24966889866886,86.3149068915526,86.10599887276537,29.452596275662103,29.47031011153352,-8.29297582503796,-8.314583960998604,25.2134174785993,25.309859107749602,26.318930622328576,26.298181102473794,16.184233747832288,36.14866852906941,3433.0127018922203,3454.7072164715205,3446.9090642670703,0.00016013481240036295,0.15400337031000907,0.15527633831244703,22.900752910273887,22.849217272548923,0.0,0.0,0.6454905270039444,0.0,True,thermal_anomaly,1.0,0.6454905270039444,thermal_anomaly,0.6454905270039444,0.6454905270039444,59,thermal_anomaly,2.915355795800741,0.6454905270039444,abrupt,0.0,0.7569079934974283,1569720506,thermal_anomaly
11460.0,191.0,3.183333333333333,1,612.503850668262,364.86289650954785,-247.64095415871412,86.68342021619354,86.86505192685124,29.46733680864774,29.514517415940908,-8.403913654186736,-8.433005278080113,25.256045600616723,25.268285543179108,26.372025199495713,26.416755525541056,16.332419081621268,35.906810576887416,3371.5724127386957,3413.1398146051083,3415.7404828683225,-0.00036467984866476403,0.1591169962166191,0.1576955165686687,22.89616473476289,22.980794299815,0.0,0.0,0.6454905270039444,0.0,True,thermal_anomaly,1.0,0.6454905270039444,thermal_anomaly,0.6454905270039444,0.6454905270039444,59,thermal_anomaly,2.915355795800741,0.6454905270039444,abrupt,0.0,0.7569079934974283,1569720506,thermal_anomaly
11520.0,192.0,3.2,1,613.376606858593,361.7557050458495,-251.62090181274357,87.05785608198632,86.9297372375171,29.482314243279454,29.414861827221895,-8.534638757881803,-8.531107802607252,25.299107490083717,25.295445847379227,26.424247957324496,26.4598689102098,16.509562603262225,35.60102630454714,3293.892626146237,3353.516220375672,3347.5761791721893,-0.0008460957156158976,0.17115239289039744,0.1620613047285264,22.89158993230498,22.84999588030966,0.0,0.0,0.6454905270039444,0.0,True,thermal_anomaly,1.0,0.6454905270039444,thermal_anomaly,0.6454905270039444,0.6454905270039444,59,thermal_anomaly,2.915355795800741,0.6454905270039444,abrupt,0.0,0.7569079934974283,1569720506,thermal_anomaly
11580.0,193.0,3.216666666666667,1,614.184193564921,358.134732861516,-256.049460703405,87.4388820651759,87.14957419749825,29.497555282607035,29.495616409574506,-8.680362092731874,-8.679443508933856,25.34268004125303,25.33382466343458,26.475502045003957,26.399432326515925,16.710252789934085,35.24467995206556,3203.3683215379,3278.4422709567857,3276.051528792066,-0.001263072604977778,0.18157681512444446,0.17916236323141216,22.887008230467178,22.877244446326973,0.0,0.0,0.6454905270039444,0.0,True,thermal_anomaly,1.0,0.6454905270039444,thermal_anomaly,0.6454905270039444,0.6454905270039444,59,thermal_anomaly,2.915355795800741,0.6454905270039444,abrupt,0.0,0.7569079934974283,1569720506,thermal_anomaly
11640.0,194.0,3.2333333333333334,1,614.9226763059908,354.15823381635533,-260.7644424896354,87.82692439030929,87.66742806101556,29.51307697561237,29.522512885376862,-8.835555936953428,-8.85064143834433,25.386817306231546,25.403357436336606,26.525722234542545,26.503097585577684,16.927721802261804,34.85334556498567,3103.955845408883,3191.1990581828345,3190.5368112180936,-0.001597386625808079,0.18993466564520198,0.18882820609803055,22.88240130198374,22.754217509186905,0.0,0.0,0.6454905270039444,0.0,True,thermal_anomaly,1.0,0.6454905270039444,thermal_anomaly,0.6454905270039444,0.6454905270039444,59,thermal_anomaly,2.915355795800741,0.6454905270039444,abrupt,0.0,0.7569079934974283,1569720506,thermal_anomaly
11700.0,195.0,3.25,1,615.5884572681198,349.99999999999994,-265.58845726811984,88.22214530886305,88.6254835782729,29.52888581235452,29.51514823676273,-8.99419161819512,-9.010891232664763,25.43154656139795,25.49641729157704,26.574877824054294,26.381961558190778,17.153996534244076,34.44412633385354,2999.999999999999,3095.599529091417,3103.094656366845,-0.0018344266511800132,0.19586066627950033,0.20037730834639542,22.877753521613645,22.86353991797459,0.0,0.0,0.6454905270039444,0.0,True,thermal_anomaly,1.0,0.6454905270039444,thermal_anomaly,0.6454905270039444,0.6454905270039444,59,thermal_anomaly,2.915355795800741,0.6454905270039444,abrupt,0.0,0.7569079934974283,1569720506,thermal_anomaly
11760.0,196.0,3.2666666666666666,1,616.178292833385,345.8417661836449,-270.33652664974005,88.62443180685374,88.71781346459478,29.54497727227415,29.51871221031968,-9.149999479046192,-9.095701460763296,25.47686525004492,25.561649862005428,26.622974031831106,26.584237578878703,17.380157142382814,34.034907102721434,2896.044154591122,2995.82184184127,2992.6269075898817,-0.0019638328945403845,0.1990958223635096,0.2130456363510778,22.8730526121147,22.79811813818699,0.0,0.0,0.6454905270039444,0.0,True,thermal_anomaly,1.0,0.6454905270039444,thermal_anomaly,0.6454905270039444,0.6454905270039444,59,thermal_anomaly,2.915355795800741,0.6454905270039444,abrupt,0.0,0.7569079934974283,1569720506,thermal_anomaly
11820.0,197.0,3.283333333333333,1,616.6893093822022,341.86526713848406,-274.8240422437181,89.0333961554307,88.8865784841401,29.561335846217226,29.584996246821955,-9.296739622099507,-9.290935766734481,25.522739170485742,25.580007629204125,26.670051820274765,26.6922211439222,17.596707313148357,33.643572715641525,2796.6316784621013,2896.226760151685,2897.6622736871886,-0.0019799496820944516,0.1994987420523613,0.20275152061280569,22.868290155358302,22.7956734420614,0.0,0.0,0.6454905270039444,0.0,True,thermal_anomaly,1.0,0.6454905270039444,thermal_anomaly,0.6454905270039444,0.6454905270039444,59,thermal_anomaly,2.915355795800741,0.6454905270039444,abrupt,0.0,0.7569079934974283,1569720506,thermal_anomaly
11880.0,198.0,3.3,1,617.1190172933127,338.24429495415046,-278.87472233916225,89.44838830176873,89.59976251040281,29.57793553207075,29.591365664951123,-9.428471504942733,-9.39012612143042,25.569102236274052,25.486762964306028,26.716186157384982,26.820917321931628,17.794043898620533,33.28722636315994,2706.107373853761,2801.1670670027233,2796.4866534769926,-0.0018820726328891437,0.19705181582222858,0.20138095081251423,22.863461948536482,22.821472547078802,0.0,0.0,0.6454905270039444,0.0,True,thermal_anomaly,1.0,0.6454905270039444,thermal_anomaly,0.6454905270039444,0.6454905270039444,59,thermal_anomaly,2.915355795800741,0.6454905270039444,abrupt,0.0,0.7569079934974283,1569720506,thermal_anomaly
11940.0,199.0,3.316666666666667,1,617.465323072968,335.13710349045215,-282.3282195825158,89.86851958090938,89.98410406167734,29.594740783236375,29.595976724346094,-9.539810524119801,-9.542613619713544,25.615858036556556,25.663871129041084,26.76148279178599,26.76034701203295,17.96299669194772,32.98144209081966,2628.427587261303,2714.7973271320134,2712.8190970479036,-0.001674479443640806,0.19186198609102015,0.19197536534777057,22.858568189820804,22.84863334968657,0.0,0.0,0.6454905270039444,0.0,True,thermal_anomaly,1.0,0.6454905270039444,thermal_anomaly,0.6454905270039444,0.6454905270039444,59,thermal_anomaly,2.915355795800741,0.6454905270039444,abrupt,0.0,0.7569079934974283,1569720506,thermal_anomaly
12000.0,200.0,3.3333333333333335,1,617.7265395542198,332.6794919243112,-285.0470476299086,90.29269673512056,90.2677575861277,29.61170786940482,29.605180719146066,-9.626160331144652,-9.636622126561674,25.662883279007506,25.55053061336152,26.806073682239802,26.853924638314695,18.095394922731398,32.73958413863767,2566.9872981077806,2640.892312619897,2642.9549831860736,-0.0013662429328623895,0.18415607332155973,0.18241409547591275,22.85361348293644,22.831797850176724,0.0,0.0,0.6454905270039444,0.0,True,thermal_anomaly,1.0,0.6454905270039444,thermal_anomaly,0.6454905270039444,0.6454905270039444,59,thermal_anomaly,2.915355795800741,0.6454905270039444,abrupt,0.0,0.7569079934974283,1569720506,thermal_anomaly
12060.0,201.0,3.35,1,617.9013941166289,330.978869674097,-286.92252444253194,90.71966477744576,90.7290055861239,29.62878659109783,29.635076806884275,-9.68391073189409,-9.702075182897257,25.710033022816436,25.65385884558445,26.8501112813995,26.716762621339004,18.184608070122646,32.57222285968755,2524.471741852424,2582.6820272361606,2579.87681303271,-0.0009708345151576976,0.17427086287894245,0.17104620338336923,22.848606656097854,22.754883972810994,0.0,0.0,0.6454905270039444,0.0,True,thermal_anomaly,1.0,0.6454905270039444,thermal_anomaly,0.6454905270039444,0.6454905270039444,59,thermal_anomaly,2.915355795800741,0.6454905270039444,abrupt,0.0,0.7569079934974283,1569720506,thermal_anomaly
12120.0,202.0,3.3666666666666667,1,617.9890348863438,330.1095620926345,-287.8794727937093,91.14805685005544,91.35264577130978,29.645922274002217,29.627183121117383,-9.710592577724025,-9.702302879612922,25.75714742810184,25.635777893579682,26.89376192363127,26.75341132752443,18.22600656190308,32.486672744947924,2502.7390523158633,2542.710539776012,2544.8236467912348,-0.0005055354357605888,0.16263838589401472,0.1541596923726996,22.84356039768733,22.760076843258382,0.0,0.0,0.6454905270039444,0.0,True,thermal_anomaly,1.0,0.6454905270039444,thermal_anomaly,0.6454905270039444,0.6454905270039444,59,thermal_anomaly,2.915355795800741,0.6454905270039444,abrupt,0.0,0.7569079934974283,1569720506,thermal_anomaly
12180.0,203.0,3.3833333333333333,1,617.9890348863438,330.1095620926345,-287.8794727937093,91.57644892266512,91.75754951166941,29.663057956906606,29.69948471917757,-9.704982986310108,-9.697166928297452,25.80405958621821,25.88034366042622,26.937198605890266,26.969557599248116,18.21729348622466,32.486672744947924,2502.7390523158633,2522.724796045938,2517.6608698411565,9.318502806628603e-06,0.15023296257016572,0.1469251446133763,22.838491976842484,22.84339585596869,0.0,0.0,0.6454905270039444,0.0,True,thermal_anomaly,1.0,0.6454905270039444,thermal_anomaly,0.6454905270039444,0.6454905270039444,59,thermal_anomaly,2.915355795800741,0.6454905270039444,abrupt,0.0,0.7569079934974283,1569720506,thermal_anomaly
12240.0,204.0,3.4,1,617.9013941166289,330.9788696740969,-286.922524442532,92.00341696499031,92.17305425227964,29.680136678599613,29.66967349339795,-9.667156440334484,-9.666174979196969,25.850603875959695,25.843419772243696,26.980593477161896,27.01964052243114,18.158670996411203,32.57222285968755,2524.471741852423,2523.5982689491807,2524.4654080278888,0.0005512257128852536,0.16378064282213134,0.16444249052581708,22.833491925507733,22.85165986801306,0.0,0.0,0.6454905270039444,0.0,True,thermal_anomaly,1.0,0.6454905270039444,thermal_anomaly,0.6454905270039444,0.6454905270039444,59,thermal_anomaly,2.915355795800741,0.6454905270039444,abrupt,0.0,0.7569079934974283,1569720506,thermal_anomaly
12300.0,205.0,3.4166666666666665,1,617.7265395542198,332.67949192431115,-285.04704762990866,92.4275941192015,92.73339400399193,29.69710376476806,29.68381911693664,-9.598479699831259,-9.59332569747425,25.89662423103759,25.908789474249105,27.024110364717224,26.86670537030712,18.052822908904986,32.73958413863767,2566.9872981077788,2545.29278352848,2552.1480098149327,0.0010965022490355331,0.1774125562258883,0.17315481369959557,22.828580602919644,22.818354893518183,0.0,0.0,0.6454905270039444,0.0,True,thermal_anomaly,1.0,0.6454905270039444,thermal_anomaly,0.6454905270039444,0.6454905270039444,59,thermal_anomaly,2.915355795800741,0.6454905270039444,abrupt,0.0,0.7569079934974283,1569720506,thermal_anomaly
12360.0,206.0,3.433333333333333,1,617.465323072968,335.13710349045215,-282.3282195825158,92.84772539834213,92.93563727384233,29.713909015933687,29.69591081628013,-9.501550921190514,-9.546079021713686,25.94198171314603,25.87381305798335,27.067897663822144,27.263128341214728,17.904715497697268,32.98144209081966,2628.427587261303,2586.8601853948917,2592.7598565255694,0.00162131691010066,0.1905329227525165,0.19387163731193438,22.823776050211574,22.79749137106482,0.0,0.0,0.6454905270039444,0.0,True,thermal_anomaly,1.0,0.6454905270039444,thermal_anomaly,0.6454905270039444,0.6454905270039444,59,thermal_anomaly,2.915355795800741,0.6454905270039444,abrupt,0.0,0.7569079934974283,1569720506,thermal_anomaly
12420.0,207.0,3.45,1,617.1190172933127,338.24429495415046,-278.87472233916225,93.26271754468019,93.578422698565,29.73050870178721,29.741869316495713,-9.380085794576333,-9.402392906994818,25.986560861093434,26.011325536416827,27.112081901655426,27.096386278138137,17.72123866614818,33.28722636315994,2706.107373853761,2646.4837796243264,2644.848182908764,0.0021027327770517935,0.20256831942629483,0.2077370170050042,22.81909317075209,22.836987817888268,0.0,0.0,0.6454905270039444,0.0,True,thermal_anomaly,1.0,0.6454905270039444,thermal_anomaly,0.6454905270039444,0.6454905270039444,59,thermal_anomaly,2.915355795800741,0.6454905270039444,abrupt,0.0,0.7569079934974283,1569720506,thermal_anomaly
12480.0,208.0,3.466666666666667,1,616.6893093822022,341.86526713848394,-274.8240422437182,93.67168189325714,93.6863617480271,29.746867275730285,29.754846981408296,-9.238755788847056,-9.219919211806074,26.030274418726837,25.961385996961436,27.156762256724434,27.108733246057447,17.510726587135565,33.64357271564152,2796.631678462098,2721.5577290432116,2724.5682744979445,0.0025197096664136883,0.2129927416603422,0.21392253400974512,22.814543038509083,22.769197648881104,0.0,0.0,0.6454905270039444,0.0,True,thermal_anomaly,1.0,0.6454905270039444,thermal_anomaly,0.6454905270039444,0.6454905270039444,59,thermal_anomaly,2.915355795800741,0.6454905270039444,abrupt,0.0,0.7569079934974283,1569720506,thermal_anomaly
12540.0,209.0,3.4833333333333334,1,616.178292833385,345.8417661836449,-270.33652664974005,94.07396839124782,94.22333828342292,29.762958735649914,29.798671484463203,-9.082985634957469,-9.112792007824387,26.073066213627282,26.133852314895975,27.20200627330756,27.17135167684557,17.282408148646663,34.034907102721434,2896.0441545911226,2808.8009418171673,2803.1670870748353,0.0028540236872440883,0.2213505921811022,0.220736685885742,22.810132369719437,22.729054968847617,0.0,0.0,0.6454905270039444,0.0,True,thermal_anomaly,1.0,0.6454905270039444,thermal_anomaly,0.6454905270039444,0.6454905270039444,59,thermal_anomaly,2.915355795800741,0.6454905270039444,abrupt,0.0,0.7569079934974283,1569720506,thermal_anomaly
12600.0,210.0,3.5,1,615.5884572681198,349.99999999999994,-265.58845726811984,94.46918930980158,94.5182758710005,29.778767572392063,29.79127681443231,-8.918718903409127,-8.95731975618675,26.11491214089418,26.14514917101051,27.247846958224006,27.29565958785735,17.04584165530135,34.44412633385354,2999.999999999999,2904.4004709085834,2905.8932633177037,0.0030910637126159027,0.22727659281539755,0.22941152144203358,22.80586318672282,22.880333661584874,0.0,0.0,0.6454905270039444,0.0,True,thermal_anomaly,1.0,0.6454905270039444,thermal_anomaly,0.6454905270039444,0.6454905270039444,59,thermal_anomaly,2.915355795800741,0.6454905270039444,abrupt,0.0,0.7569079934974283,1569720506,thermal_anomaly
12660.0,211.0,3.5166666666666666,1,614.9226763059908,354.15823381635516,-260.7644424896356,94.85723163493495,95.2279995117918,29.7942892653974,29.819075264451694,-8.752161871251051,-8.742975761908822,26.155819376880878,26.18596152999926,27.294281386817136,27.383059320622106,16.81038489870562,34.85334556498565,3103.955845408879,3004.1781581587315,3004.716639670019,0.003220469955976316,0.2305117488994079,0.22945246471652395,22.80173269413815,22.80882351271417,0.0,0.0,0.6454905270039444,0.0,True,thermal_anomaly,1.0,0.6454905270039444,thermal_anomaly,0.6454905270039444,0.6454905270039444,59,thermal_anomaly,2.915355795800741,0.6454905270039444,abrupt,0.0,0.7569079934974283,1569720506,thermal_anomaly
12720.0,212.0,3.533333333333333,1,614.184193564921,358.1347328615159,-256.0494607034051,95.23825761812455,95.4460918149363,29.80953030472498,29.811686980516814,-8.589516778223768,-8.569532113469252,26.195824084575005,26.256761087248368,27.341270879077843,27.305213450292186,16.584741783730173,35.24467995206555,3203.3683215378974,3103.773239848314,3103.1973997904465,0.003236586743530341,0.23091466858825851,0.2302600914945342,22.797733377050662,22.775012505355168,0.0,0.0,0.6454905270039444,0.0,True,thermal_anomaly,1.0,0.6454905270039444,thermal_anomaly,0.6454905270039444,0.6454905270039444,59,thermal_anomaly,2.915355795800741,0.6454905270039444,abrupt,0.0,0.7569079934974283,1569720506,thermal_anomaly
12780.0,213.0,3.55,1,613.376606858593,361.7557050458495,-251.62090181274357,95.61269348391733,95.52291560929183,29.824507739356694,29.851190253441857,-8.436716005900822,-8.457091715389064,26.23498795985999,26.19983020740089,27.38874273821162,27.413321022438037,16.376612062197015,35.60102630454714,3293.8926261462375,3198.8329329972757,3203.907967232222,0.003138709694325054,0.22846774235812634,0.22776207331438494,22.793853319208296,22.73936797765599,0.0,0.0,0.6454905270039444,0.0,True,thermal_anomaly,1.0,0.6454905270039444,thermal_anomaly,0.6454905270039444,0.6454905270039444,59,thermal_anomaly,2.915355795800741,0.6454905270039444,abrupt,0.0,0.7569079934974283,1569720506,thermal_anomaly
12840.0,214.0,3.566666666666667,1,612.503850668262,364.86289650954785,-247.64095415871412,95.98120680855826,95.8176981882025,29.83924827234233,29.81640128370816,-8.299168661974965,-8.292894452228524,26.273393999175237,26.45878120164122,27.43659347566678,27.43636556870919,16.192453943451753,35.906810576887416,3371.5724127386957,3285.202672867986,3295.1602245785703,0.0029311165050767154,0.22327791262691787,0.22734742350582554,22.790076727248213,22.78679858431467,0.0,0.0,0.6454905270039444,0.0,True,thermal_anomaly,1.0,0.6454905270039444,thermal_anomaly,0.6454905270039444,0.6454905270039444,59,thermal_anomaly,2.915355795800741,0.6454905270039444,abrupt,0.0,0.7569079934974283,1569720506,thermal_anomaly
12900.0,215.0,3.5833333333333335,1,611.5701769743577,367.32050807568874,-244.24966889866892,96.3446735777527,96.40385323097294,29.85378694311011,29.861148053587417,-8.181530516182598,-8.18006071163377,26.31114184652762,26.234382605990703,27.484693381675804,27.459705288238872,16.037353232037333,36.14866852906941,3433.0127018922185,3359.1076873801026,3357.254235911074,0.0026228799942983067,0.21557199985745767,0.21465004817516742,22.78638463561989,22.706834208999123,0.0,0.0,0.6454905270039444,0.0,True,thermal_anomaly,1.0,0.6454905270039444,thermal_anomaly,0.6454905270039444,0.6454905270039444,59,thermal_anomaly,2.915355795800741,0.6454905270039444,abrupt,0.0,0.7569079934974283,1569720506,thermal_anomaly
12960.0,216.0,3.6,1,610.5801345412646,369.021130325903,-241.55900421536154,96.70413638164462,96.8138560373314,29.868165455265785,29.867469433634824,-8.087507234990706,-8.139822511746223,26.348343012406605,26.304891344050336,27.532892241556315,27.504744609917,15.914979767141325,36.31602980801953,3475.5282581475753,3417.317972763839,3420.014705501472,0.002227471576593615,0.20568678941484037,0.2027518311224708,22.782755757042647,22.77498523713933,0.0,0.0,0.6454905270039444,0.0,True,thermal_anomaly,1.0,0.6454905270039444,thermal_anomaly,0.6454905270039444,0.6454905270039444,59,thermal_anomaly,2.915355795800741,0.6454905270039444,abrupt,0.0,0.7569079934974283,1569720506,thermal_anomaly
13020.0,217.0,3.6166666666666667,1,609.5385467561977,369.8904379073655,-239.64810884883218,97.0607555912411,97.15003280701318,29.882430223649642,29.865417253216457,-8.019699437268967,-8.011197108982298,26.385116166301085,26.39236603484213,27.581025947943093,27.443819239633353,15.827604230189738,36.40157992275916,3497.2609476841367,3457.2894602239876,3457.056798137772,0.0017621724971965198,0.194054312429913,0.1909990561195083,22.779167435796477,22.700930418190616,0.0,0.0,0.6454905270039444,0.0,True,thermal_anomaly,1.0,0.6454905270039444,thermal_anomaly,0.6454905270039444,0.6454905270039444,59,thermal_anomaly,2.915355795800741,0.6454905270039444,abrupt,0.0,0.7569079934974283,1569720506,thermal_anomaly
13080.0,218.0,3.6333333333333333,1,608.4504881301461,369.8904379073655,-238.56005022278066,97.41575566597737,97.38176142635614,29.896630226639097,29.903813138943573,-7.979496298222068,-7.983747586352846,26.421582608702273,26.46758614520473,27.62892371996599,27.463566581190406,15.77614679892634,36.40157992275916,3497.2609476841367,3477.2752039540624,3485.585891232097,0.0012473185586292885,0.18118296396573222,0.17979002673938166,22.77559665642858,22.72503596233485,0.0,0.0,0.6454905270039444,0.0,True,thermal_anomaly,1.0,0.6454905270039444,thermal_anomaly,0.6454905270039444,0.6454905270039444,59,thermal_anomaly,2.915355795800741,0.6454905270039444,abrupt,0.0,0.7569079934974283,1569720506,thermal_anomaly
13140.0,219.0,3.65,1,607.3212595753644,369.02113032590313,-238.30012924946124,97.77036895355099,97.46272676324988,29.91081475814204,29.883804014274997,-7.967022335444521,-8.00104399674011,26.457861947583,26.532972374985356,27.676415613862126,27.804614893952238,15.760233496536916,36.31602980801954,3475.5282581475776,3476.40173105082,3477.207400875808,0.0007054113485506708,0.16763528371376676,0.17088759736511658,22.77202105880887,22.757151010301584,0.0,0.0,0.6454905270039444,0.0,True,thermal_anomaly,1.0,0.6454905270039444,thermal_anomaly,0.6454905270039444,0.6454905270039444,59,thermal_anomaly,2.915355795800741,0.6454905270039444,abrupt,0.0,0.7569079934974283,1569720506,thermal_anomaly
13200.0,220.0,3.6666666666666665,1,606.156362579862,367.32050807568874,-238.8358545041733,98.12577945132504,98.27246330664774,29.925031178053,29.946818344015206,-7.98113970485469,-7.917717339238646,26.494067954079558,26.446507478274423,27.723339996773767,27.824002715438557,15.778245184131805,36.14866852906941,3433.0127018922185,3454.7072164715196,3453.4680836753932,0.0001601348124003416,0.15400337031000855,0.15591642440537473,22.768419911824303,22.76392514738694,0.0,0.0,0.6454905270039444,0.0,True,thermal_anomaly,1.0,0.6454905270039444,thermal_anomaly,0.6454905270039444,0.6454905270039444,59,thermal_anomaly,2.915355795800741,0.6454905270039444,abrupt,0.0,0.7569079934974283,1569720506,thermal_anomaly
13260.0,221.0,3.683333333333333,1,604.961472404706,364.8628965095479,-240.0985758951581,98.4830689987881,98.58019861969647,29.939322759951523,29.909968119494472,-8.019505912683071,-8.015889302035053,26.53030456124568,26.718362652142446,27.769550657092097,27.621255227696174,15.827355911743865,35.90681057688742,3371.572412738698,3413.1398146051088,3409.7008642694323,-0.0003646798486647144,0.15911699621661785,0.159002488204636,22.76482423380168,22.824284219891894,0.0,0.0,0.6454905270039444,0.0,True,thermal_anomaly,1.0,0.6454905270039444,thermal_anomaly,0.6454905270039444,0.6454905270039444,59,thermal_anomaly,2.915355795800741,0.6454905270039444,abrupt,0.0,0.7569079934974283,1569720506,thermal_anomaly
13320.0,222.0,3.7,1,603.7424104347197,361.7557050458495,-241.98670538887018,98.84316826275963,98.73559192051897,29.953726730510386,29.96724398112518,-8.07868441766835,-8.092363623455979,26.56666199865056,26.55756763554502,27.814923240591913,27.852290965505023,15.903569258681358,35.60102630454714,3293.8926261462375,3353.5162203756736,3355.911175512572,-0.0008460957156158975,0.17115239289039744,0.17552165850642043,22.761234485100978,22.736013293217187,0.0,0.0,0.6454905270039444,0.0,True,thermal_anomaly,1.0,0.6454905270039444,thermal_anomaly,0.6454905270039444,0.6454905270039444,59,thermal_anomaly,2.915355795800741,0.6454905270039444,abrupt,0.0,0.7569079934974283,1569720506,thermal_anomaly
13380.0,223.0,3.716666666666667,1,602.5051158172813,358.13473286151617,-244.37038295576514,99.20681466596761,99.24541596537878,29.968272586638705,29.98026452932229,-8.154303263536024,-8.185798497656753,26.603213116215745,26.709461929683904,27.859360731068374,28.0209401971029,16.001770842156304,35.24467995206558,3203.3683215379037,3278.442270956789,3281.5645040171203,-0.0012630726049777355,0.18157681512444337,0.1819293366751145,22.757630449117205,22.756712612467414,0.0,0.0,0.6454905270039444,0.0,True,thermal_anomaly,1.0,0.6454905270039444,thermal_anomaly,0.6454905270039444,0.6454905270039444,59,thermal_anomaly,2.915355795800741,0.6454905270039444,abrupt,0.0,0.7569079934974283,1569720506,thermal_anomaly
13440.0,224.0,3.7333333333333334,1,601.2556165273943,354.15823381635516,-247.09738271103913,99.5745191045257,99.56926311638651,29.98298076418103,30.001540040376373,-8.24125475230376,-8.20563167570665,26.640010028163683,26.80257172537454,27.902797735946766,27.98087104402277,16.11582029644871,34.85334556498565,3103.955845408879,3191.1990581828345,3192.983988004359,-0.0015973866258081563,0.1899346656452039,0.1910388694771056,22.753993853993894,22.731806737618328,0.0,0.0,0.6454905270039444,0.0,True,thermal_anomaly,1.0,0.6454905270039444,thermal_anomaly,0.6454905270039444,0.6454905270039444,59,thermal_anomaly,2.915355795800741,0.6454905270039444,abrupt,0.0,0.7569079934974283,1569720506,thermal_anomaly
13500.0,225.0,3.75,1,600.0,349.99999999999994,-250.00000000000006,99.94654291404952,99.98700500971452,29.99786171656198,29.99963693637626,-8.333927343293729,-8.345383288212567,26.67708128340129,26.742758018355982,27.945203389564686,27.920277232096556,16.238705502123075,34.44412633385354,2999.999999999999,3095.599529091417,3096.3608869408145,-0.0018344266511800132,0.19586066627950033,0.1966606254449023,22.75030912948372,22.738774451029364,0.0,0.0,0.6454905270039444,0.0,True,thermal_anomaly,1.0,0.6454905270039444,thermal_anomaly,0.6454905270039444,0.6454905270039444,59,thermal_anomaly,2.915355795800741,0.6454905270039444,abrupt,0.0,0.7569079934974283,1569720506,thermal_anomaly
13560.0,226.0,3.7666666666666666,1,598.7443834726058,345.8417661836449,-252.90261728896093,100.0,100.0,30.0,29.986043686838638,-8.430087242965364,-8.45935369101487,26.71444612961568,26.62510261960766,27.986582747240366,28.01321735444071,16.367667578979756,34.034907102721434,2896.0441545911226,2995.82184184127,2996.981014669835,-0.0019638328945403775,0.19909582236350942,0.19223172027466245,22.746564052925752,22.660672466382195,0.0,0.0,0.6454905270039444,0.0,True,thermal_anomaly,1.0,0.6454905270039444,thermal_anomaly,0.6454905270039444,0.6454905270039444,59,thermal_anomaly,2.915355795800741,0.6454905270039444,abrupt,0.0,0.7569079934974283,1569720506,thermal_anomaly
13620.0,227.0,3.783333333333333,1,597.4948841827188,341.86526713848394,-255.62961704423486,100.0,99.87903930833683,30.0,30.001690559048022,-8.520987234807828,-8.457520657852514,26.75208450791664,26.693567220013136,28.026976609200766,27.904298393638488,16.490935781519802,33.64357271564152,2796.631678462098,2896.226760151684,2895.1787375259123,-0.001979949682094487,0.19949874205236218,0.19851871396675244,22.74275026036327,22.700237574270716,0.0,0.0,0.6454905270039444,0.0,True,thermal_anomaly,1.0,0.6454905270039444,thermal_anomaly,0.6454905270039444,0.6454905270039444,59,thermal_anomaly,2.915355795800741,0.6454905270039444,abrupt,0.0,0.7569079934974283,1569720506,thermal_anomaly
13680.0,228.0,3.8,1,596.2575895652803,338.2442949541506,-258.01329461112977,100.0,100.0,30.0,29.99770428594592,-8.600443153704326,-8.597141603822275,26.789947291790206,26.799570383155743,28.066459782065696,27.93759927809016,16.599767700267137,33.28722636315995,2706.1073738537643,2801.1670670027247,2804.4623884928133,-0.001882072632889087,0.19705181582222717,0.20244245819272452,22.738863602753913,22.83047607208159,0.0,0.0,0.6454905270039444,0.0,True,thermal_anomaly,1.0,0.6454905270039444,thermal_anomaly,0.6454905270039444,0.6454905270039444,59,thermal_anomaly,2.915355795800741,0.6454905270039444,abrupt,0.0,0.7569079934974283,1569720506,thermal_anomaly
13740.0,229.0,3.816666666666667,1,595.038527595294,335.13710349045215,-259.90142410484185,100.0,100.0,30.0,29.990424021699816,-8.663380803494729,-8.67768503551242,26.82796062840814,26.82682556464458,28.105137853870513,28.18192743907334,16.686691260768043,32.98144209081966,2628.427587261303,2714.797327132014,2715.675879795688,-0.0016744794436408194,0.19186198609102048,0.19360707843101937,22.734904331631604,22.823856608061945,0.0,0.0,0.6454905270039444,0.0,True,thermal_anomaly,1.0,0.6454905270039444,thermal_anomaly,0.6454905270039444,0.6454905270039444,59,thermal_anomaly,2.915355795800741,0.6454905270039444,abrupt,0.0,0.7569079934974283,1569720506,thermal_anomaly
13800.0,230.0,3.8333333333333335,1,593.843637420138,332.67949192431126,-261.1641454958267,100.0,100.0,30.0,30.020000774532686,-8.705471516527556,-8.675925351862535,26.866029170402626,26.946370246034423,28.143142623575503,28.145065029620135,16.745176651064973,32.739584138637674,2566.9872981077824,2640.8923126198983,2641.1706910301446,-0.001366242932862375,0.18415607332155937,0.1877744096575178,22.730877103683657,22.758040280459852,0.0,0.0,0.6454905270039444,0.0,True,thermal_anomaly,1.0,0.6454905270039444,thermal_anomaly,0.6454905270039444,0.6454905270039444,59,thermal_anomaly,2.915355795800741,0.6454905270039444,abrupt,0.0,0.7569079934974283,1569720506,thermal_anomaly
13860.0,231.0,3.85,1,592.6787404246356,330.9788696740969,-261.6998707505387,100.0,100.0,30.0,29.985370688540108,-8.723329025017957,-8.713804884797206,26.90404075951243,26.963726439563647,28.180626384815316,28.301063119587273,16.770075447356824,32.57222285968755,2524.471741852423,2582.682027236161,2581.477184182432,-0.0009708345151577327,0.1742708628789433,0.17362018621243425,22.726790799689468,22.770282593963124,0.0,0.0,0.6454905270039444,0.0,True,thermal_anomaly,1.0,0.6454905270039444,thermal_anomaly,0.6454905270039444,0.6454905270039444,59,thermal_anomaly,2.915355795800741,0.6454905270039444,abrupt,0.0,0.7569079934974283,1569720506,thermal_anomaly
13920.0,232.0,3.8666666666666667,1,591.549511869854,330.1095620926345,-261.43994977721945,100.0,99.98904617865935,30.0,29.988027597047015,-8.714664992573981,-8.689484521331705,26.941872320229802,26.966356903865577,28.217755313717156,28.209648836740158,16.757988779682723,32.486672744947924,2502.739052315864,2542.710539776012,2543.228904935723,-0.0005055354357605887,0.16263838589401472,0.16189619647103018,22.722658160202005,22.657916988237783,0.0,0.0,0.6454905270039444,0.0,True,thermal_anomaly,1.0,0.6454905270039444,thermal_anomaly,0.6454905270039444,0.6454905270039444,59,thermal_anomaly,2.915355795800741,0.6454905270039444,abrupt,0.0,0.7569079934974283,1569720506,thermal_anomaly
13980.0,233.0,3.8833333333333333,1,590.4614532438022,330.1095620926345,-260.3518911511677,100.0,100.0,30.0,29.99848924168374,-8.67839637170559,-8.683251106196408,26.979396583980606,26.949282582648646,28.254702249772823,28.299206800454026,16.707522991813786,32.486672744947924,2502.7390523158633,2522.724796045938,2528.634220249709,9.318502806628603e-06,0.15023296257016572,0.15257894479561265,22.718496506138298,22.708352095689975,0.0,0.0,0.6454905270039444,0.0,True,thermal_anomaly,1.0,0.6454905270039444,thermal_anomaly,0.6454905270039444,0.6454905270039444,59,thermal_anomaly,2.915355795800741,0.6454905270039444,abrupt,0.0,0.7569079934974283,1569720506,thermal_anomaly
14040.0,234.0,3.9,1,589.4198654587356,330.97886967409687,-258.4409957846387,100.0,100.0,30.0,30.03780093903968,-8.614699859487956,-8.603428933297767,27.016489163775894,27.020481784314228,28.291639185276207,28.165898077484357,16.619402198584112,32.57222285968754,2524.471741852422,2523.59826894918,2520.351507718997,0.0005512257128852394,0.16378064282213098,0.16046442525422533,22.71439642083383,22.736473926890497,0.0,0.0,0.6454905270039444,0.0,True,thermal_anomaly,1.0,0.6454905270039444,thermal_anomaly,0.6454905270039444,0.6454905270039444,59,thermal_anomaly,2.915355795800741,0.6454905270039444,abrupt,0.0,0.7569079934974283,1569720506,thermal_anomaly
14100.0,235.0,3.9166666666666665,1,588.4298230256423,332.6794919243112,-255.75033110133114,100.0,100.0,30.0,30.018625109049662,-8.525011036711039,-8.552759342845874,27.05303545176624,27.048472752575265,28.32872979157489,28.318822757868396,16.496422959142766,32.73958413863767,2566.9872981077806,2545.29278352848,2549.724599372308,0.0010965022490355685,0.1774125562258892,0.17480440293161184,22.710378314530796,22.618919610248184,0.0,0.0,0.6454905270039444,0.0,True,thermal_anomaly,1.0,0.6454905270039444,thermal_anomaly,0.6454905270039444,0.6454905270039444,59,thermal_anomaly,2.915355795800741,0.6454905270039444,abrupt,0.0,0.7569079934974283,1569720506,thermal_anomaly
14160.0,236.0,3.933333333333333,0,0.0,335.13710349045215,335.13710349045215,99.50128407218682,99.73007462337658,29.980051362887473,29.976270776025853,11.178670090783129,11.156281152474726,27.092361845223998,27.002472226779208,28.35631901783482,28.34491155176978,20.679371104944707,32.98144209081966,2628.427587261303,2586.8601853948917,2579.8047415697265,0.00162131691010066,0.1905329227525165,0.1846602612450318,22.706460278985645,22.653003553282147,0.0,0.0,0.6454905270039444,0.0,True,thermal_anomaly,1.0,0.6454905270039444,thermal_anomaly,0.6454905270039444,0.6454905270039444,59,thermal_anomaly,2.915355795800741,0.6454905270039444,abrupt,0.0,0.7569079934974283,1569720506,thermal_anomaly
14220.0,237.0,3.95,0,0.0,338.24429495415046,338.24429495415046,98.99794434755268,99.06725714698564,29.959917773902106,29.96783661579213,11.289893967893093,11.28080989094862,27.13221007653504,27.22666058396338,28.3843845800335,28.383998142904925,20.879294369560675,33.28722636315994,2706.107373853761,2646.4837796243264,2651.401208530268,0.0021027327770517935,0.20256831942629483,0.2075137461811911,22.702657267810356,22.620922774307793,0.0,0.0,0.6454905270039444,0.0,True,thermal_anomaly,1.0,0.6454905270039444,thermal_anomaly,0.6454905270039444,0.6454905270039444,59,thermal_anomaly,2.915355795800741,0.6454905270039444,abrupt,0.0,0.7569079934974283,1569720506,thermal_anomaly
14280.0,238.0,3.966666666666667,0,0.0,341.86526713848406,341.86526713848406,98.48921627145373,98.48536076995283,29.93956865085815,29.899849087416765,11.418510103641232,11.436398052175022,27.172690661000715,27.166145532333573,28.41302526750132,28.415359207412653,21.11294774401572,33.643572715641525,2796.6316784621013,2721.5577290432134,2720.078610077399,0.002519709666413724,0.2129927416603431,0.21714397894783263,22.69898040483941,22.630643645873445,0.0,0.0,0.6454905270039444,0.0,True,thermal_anomaly,1.0,0.6454905270039444,thermal_anomaly,0.6454905270039444,0.6454905270039444,59,thermal_anomaly,2.915355795800741,0.6454905270039444,abrupt,0.0,0.7569079934974283,1569720506,thermal_anomaly
14340.0,239.0,3.9833333333333334,0,0.0,345.8417661836448,345.8417661836448,97.9745707860614,98.03053052995521,29.918982831442456,29.911509795075794,11.559275531927268,11.616149476093607,27.213884956784227,27.161735514539803,28.442308237247307,28.5750042866932,21.37170597090016,34.03490710272143,2896.044154591119,2808.800941817166,2808.2292503156586,0.0028540236872440176,0.22135059218110043,0.22078521082848082,22.695436455802287,22.675641960401713,0.0,0.0,0.6454905270039444,0.0,True,thermal_anomaly,1.0,0.6454905270039444,thermal_anomaly,0.6454905270039444,0.6454905270039444,59,thermal_anomaly,2.915355795800741,0.6454905270039444,abrupt,0.0,0.7569079934974283,1569720506,thermal_anomaly
14400.0,240.0,4.0,0,0.0,349.99999999999994,349.99999999999994,97.45373745272806,97.4360286587295,29.898149498109124,29.883394617286804,11.706410124885332,11.689454348124187,27.255840662609806,27.218989108780267,28.47226611071954,28.341226808600496,21.64556094602059,34.44412633385354,2999.999999999999,2904.400470908583,2905.4691058919325,0.003091063712615916,0.22727659281539792,0.22730385937657646,22.69202749216005,22.607277911930932,0.0,0.0,0.6454905270039444,0.0,True,thermal_anomaly,1.0,0.6454905270039444,thermal_anomaly,0.6454905270039444,0.6454905270039444,59,thermal_anomaly,2.915355795800741,0.6454905270039444,abrupt,0.0,0.7569079934974283,1569720506,thermal_anomaly
14460.0,241.0,4.016666666666667,0,0.0,354.15823381635505,354.15823381635505,96.92671627145373,96.86610047343996,29.87706865085815,29.884259737171433,11.853848111909155,11.887040535979713,27.29856844331834,27.419541703997314,28.50289557977923,28.430701789197933,21.923455109876144,34.853345564985645,3103.955845408876,3004.1781581587297,2997.235427801495,0.0032204699559762805,0.230511748899407,0.22718691116482392,22.6887507672846,22.665853186502144,0.0,0.0,0.6454905270039444,0.0,True,thermal_anomaly,1.0,0.6454905270039444,thermal_anomaly,0.6454905270039444,0.6454905270039444,59,thermal_anomaly,2.915355795800741,0.6454905270039444,abrupt,0.0,0.7569079934974283,1569720506,thermal_anomaly
14520.0,242.0,4.033333333333333,0,0.0,358.134732861516,358.134732861516,96.39377768088599,96.34279847138136,29.85575110723544,29.837898867685777,11.9955023598359,12.003476906203689,27.34204004318353,27.464199886202422,28.534157582814807,28.43539678451673,22.193724054245457,35.24467995206556,3203.3683215379,3103.773239848315,3106.7070370848905,0.00323658674353039,0.23091466858825976,0.23022265244698636,22.68559881464851,22.788704118559256,0.0,0.0,0.6454905270039444,0.0,True,thermal_anomaly,1.0,0.6454905270039444,thermal_anomaly,0.6454905270039444,0.6454905270039444,59,thermal_anomaly,2.915355795800741,0.6454905270039444,abrupt,0.0,0.7569079934974283,1569720506,thermal_anomaly
14580.0,243.0,4.05,0,0.0,361.7557050458495,361.7557050458495,95.85545073885348,96.00150538980883,29.83421802955414,29.86267180734053,12.125529976602365,12.102895558307225,27.3861882046971,27.372591849617002,28.56597904329977,28.51272997817073,22.44463608213777,35.60102630454714,3293.892626146237,3198.8329329972757,3184.643276490453,0.0031387096943250397,0.228467742358126,0.233481801633359,22.68255976602416,22.70990589155434,0.0,0.0,0.6454905270039444,0.0,True,thermal_anomaly,1.0,0.6454905270039444,thermal_anomaly,0.6454905270039444,0.6454905270039444,59,thermal_anomaly,2.915355795800741,0.6454905270039444,abrupt,0.0,0.7569079934974283,1569720506,thermal_anomaly
14640.0,244.0,4.066666666666666,0,0.0,364.86289650954785,364.86289650954785,95.31249999999997,95.54790760619757,29.8125,29.85481107064966,12.238587723590703,12.211938821583734,27.430908614501615,27.467590333757123,28.598256094811767,28.728860170575576,22.66500026250117,35.906810576887416,3371.5724127386957,3285.202672867986,3287.6126963589504,0.0029311165050767154,0.22327791262691787,0.22145254963442462,22.67961787571296,22.630662254847287,0.0,0.0,0.6454905270039444,0.0,True,thermal_anomaly,1.0,0.6454905270039444,thermal_anomaly,0.6454905270039444,0.6454905270039444,59,thermal_anomaly,2.915355795800741,0.6454905270039444,abrupt,0.0,0.7569079934974283,1569720506,thermal_anomaly
14700.0,245.0,4.083333333333333,0,0.0,367.32050807568874,367.32050807568874,94.76589210107781,94.8232156604058,29.790635684043114,29.745885781121256,12.33006613123191,12.30670565437883,27.476063955299193,27.603816229636873,28.630858651564786,28.46673955757182,22.844800369103343,36.14866852906941,3433.0127018922185,3359.1076873801026,3359.470497360433,0.0026228799942983067,0.21557199985745767,0.21744506131022473,22.676754225471154,22.721439307136603,0.0,0.0,0.6454905270039444,0.0,True,thermal_anomaly,1.0,0.6454905270039444,thermal_anomaly,0.6454905270039444,0.6454905270039444,59,thermal_anomaly,2.915355795800741,0.6454905270039444,abrupt,0.0,0.7569079934974283,1569720506,thermal_anomaly
14760.0,246.0,4.1,0,0.0,369.0211303259031,369.0211303259031,94.21675351428333,94.26068744079896,29.768670140571334,29.745463665322436,12.396292094451642,12.371012401159655,27.52148996833045,27.523020174384257,28.663636124701075,28.721620436229795,22.97580252033631,36.316029808019536,3475.5282581475767,3417.3179727638394,3420.056061485972,0.002227471576593636,0.2056867894148409,0.20790688856676878,22.67394757497003,22.592828197938157,0.0,0.0,0.6454905270039444,0.0,True,thermal_anomaly,1.0,0.6454905270039444,thermal_anomaly,0.6454905270039444,0.6454905270039444,59,thermal_anomaly,2.915355795800741,0.6454905270039444,abrupt,0.0,0.7569079934974283,1569720506,thermal_anomaly
14820.0,247.0,4.116666666666666,0,0.0,369.8904379073655,369.8904379073655,93.6663213150164,93.72229897466418,29.746652852600654,29.759838731004916,12.434691047097997,12.45904369172524,27.567003247035665,27.546638228996784,28.696424034514113,28.844998872543233,23.052081220001494,36.40157992275916,3497.2609476841367,3457.2894602239876,3457.1589804602863,0.0017621724971965131,0.19405431242991283,0.19288825161637857,22.671175315089407,22.587740408257382,0.0,0.0,0.6454905270039444,0.0,True,thermal_anomaly,1.0,0.6454905270039444,thermal_anomaly,0.6454905270039444,0.6454905270039444,59,thermal_anomaly,2.915355795800741,0.6454905270039444,abrupt,0.0,0.7569079934974283,1569720506,thermal_anomaly
14880.0,248.0,4.133333333333334,0,0.0,369.8904379073655,369.8904379073655,93.11588911574948,93.19138273505847,29.724635564629978,29.71634319009358,12.443901527509611,12.453657733464777,27.612410313284126,27.62902484807448,28.729051229617532,28.809275228806527,23.07041272316765,36.40157992275916,3497.260947684137,3477.2752039540624,3480.2074085941813,0.001247318558629296,0.18118296396573239,0.18292466809677976,22.66841447662681,22.634591893174107,0.0,0.0,0.6454905270039444,0.0,True,thermal_anomaly,1.0,0.6454905270039444,thermal_anomaly,0.6454905270039444,0.6454905270039444,59,thermal_anomaly,2.915355795800741,0.6454905270039444,abrupt,0.0,0.7569079934974283,1569720506,thermal_anomaly
14940.0,249.0,4.15,0,0.0,369.0211303259031,369.0211303259031,92.56675052895498,92.7153104017571,29.702670021158198,29.685367050700794,12.42383698378082,12.398475865948614,27.657517396573326,27.70736708436979,28.761347397548384,28.702114376972194,23.03049593702397,36.316029808019536,3475.5282581475767,3476.4017310508193,3478.927391131035,0.0007054113485506565,0.1676352837137664,0.1669090676502028,22.665642745355616,22.667472661435717,0.0,0.0,0.6454905270039444,0.0,True,thermal_anomaly,1.0,0.6454905270039444,thermal_anomaly,0.6454905270039444,0.6454905270039444,59,thermal_anomaly,2.915355795800741,0.6454905270039444,abrupt,0.0,0.7569079934974283,1569720506,thermal_anomaly
15000.0,250.0,4.166666666666667,0,0.0,367.32050807568874,367.32050807568874,92.02014263003282,92.33794685095499,29.680805705201312,29.663602879787906,12.375691944619916,12.382458496333985,27.70214026252028,27.731652846459177,28.793150538556084,28.858916513936762,22.934977993709587,36.14866852906941,3433.0127018922185,3454.7072164715196,3457.103498119043,0.00016013481240034853,0.1540033703100087,0.15529431812177727,22.662839435721946,22.705608778937936,0.0,0.0,0.6454905270039444,0.0,True,thermal_anomaly,1.0,0.6454905270039444,thermal_anomaly,0.6454905270039444,0.6454905270039444,59,thermal_anomaly,2.915355795800741,0.6454905270039444,abrupt,0.0,0.7569079934974283,1569720506,thermal_anomaly
15060.0,251.0,4.183333333333334,0,0.0,364.8628965095479,364.8628965095479,91.47719189117932,91.52808843797057,29.65908767564717,29.654929582973896,12.301892104696591,12.284043819084033,27.746113430565,27.725342662136004,28.82431407593736,28.803641869804615,22.78928185350687,35.90681057688742,3371.5724127386984,3413.139814605109,3413.29655980652,-0.00036467984866470743,0.15911699621661768,0.1603990017879607,22.66003561127009,22.6178853169811,0.0,0.0,0.6454905270039444,0.0,True,thermal_anomaly,1.0,0.6454905270039444,thermal_anomaly,0.6454905270039444,0.6454905270039444,59,thermal_anomaly,2.915355795800741,0.6454905270039444,abrupt,0.0,0.7569079934974283,1569720506,thermal_anomaly
15120.0,252.0,4.2,0,0.0,361.7557050458495,361.7557050458495,90.9388649491468,90.53502659986368,29.637554597965874,29.613209386922378,12.205990337363327,12.22720302300361,27.789298183152468,27.807276093135645,28.854713292162106,28.874675086741387,22.601253914323717,35.60102630454714,3293.8926261462375,3353.5162203756736,3358.576570400622,-0.0008460957156159045,0.1711523928903976,0.17615329537429003,22.657231777238376,22.619022899187822,0.0,0.0,0.6454905270039444,0.0,True,thermal_anomaly,1.0,0.6454905270039444,thermal_anomaly,0.6454905270039444,0.6454905270039444,59,thermal_anomaly,2.915355795800741,0.6454905270039444,abrupt,0.0,0.7569079934974283,1569720506,thermal_anomaly
15180.0,253.0,4.216666666666667,0,0.0,358.134732861516,358.134732861516,90.40592635857907,90.46424288688284,29.616237054343163,29.57341104311304,12.092513042908543,12.106135562118983,27.831588890900317,27.92152206768017,28.884250809501378,29.057433273008826,22.380667640492224,35.24467995206556,3203.3683215379006,3278.442270956787,3273.9057782638115,-0.0012630726049777854,0.18157681512444462,0.18348548237628462,22.654407761563572,22.61698464468838,0.0,0.0,0.6454905270039444,0.0,True,thermal_anomaly,1.0,0.6454905270039444,thermal_anomaly,0.6454905270039444,0.6454905270039444,59,thermal_anomaly,2.915355795800741,0.6454905270039444,abrupt,0.0,0.7569079934974283,1569720506,thermal_anomaly
15240.0,254.0,4.233333333333333,0,0.0,354.15823381635516,354.15823381635516,89.87890517730473,89.89189199083692,29.595156207092188,29.560878890944988,11.966763457443236,11.96861497649902,27.87291734302704,27.85449575780318,28.912860875628418,28.86096406202002,22.138632116771067,34.85334556498565,3103.9558454088797,3191.199058182833,3187.8003368933223,-0.0015973866258081285,0.1899346656452032,0.18634963307752106,22.651545336596914,22.664109711234236,0.0,0.0,0.6454905270039444,0.0,True,thermal_anomaly,1.0,0.6454905270039444,thermal_anomaly,0.6454905270039444,0.6454905270039444,59,thermal_anomaly,2.915355795800741,0.6454905270039444,abrupt,0.0,0.7569079934974283,1569720506,thermal_anomaly
15300.0,255.0,4.25,0,0.0,350.0000000000001,350.0000000000001,89.3580718439714,89.50619348288444,29.574322873758856,29.55993475853339,11.834590482223797,11.796577993872987,27.913254956551455,27.998501184686617,28.940512266892156,28.964653782457734,21.88696045561453,34.44412633385355,3000.0000000000027,3095.599529091418,3097.083095873834,-0.0018344266511799569,0.1958606662794989,0.2000599838312858,22.64862897596722,22.694902234219565,0.0,0.0,0.6454905270039444,0.0,True,thermal_anomaly,1.0,0.6454905270039444,thermal_anomaly,0.6454905270039444,0.6454905270039444,59,thermal_anomaly,2.915355795800741,0.6454905270039444,abrupt,0.0,0.7569079934974283,1569720506,thermal_anomaly
15360.0,256.0,4.266666666666667,0,0.0,345.8417661836449,345.8417661836449,88.84342635857907,88.74153764691407,29.553737054343163,29.573214148096863,11.702133153168209,11.7386047691977,27.952612916486082,27.92134599009113,28.967209682376893,28.946749146190875,21.637551531817447,34.034907102721434,2896.0441545911226,2995.8218418412703,2993.620818527668,-0.001963832894540392,0.19909582236350978,0.196628988150136,22.645646500560623,22.61093313469368,0.0,0.0,0.6454905270039444,0.0,True,thermal_anomaly,1.0,0.6454905270039444,thermal_anomaly,0.6454905270039444,0.6454905270039444,59,thermal_anomaly,2.915355795800741,0.6454905270039444,abrupt,0.0,0.7569079934974283,1569720506,thermal_anomaly
15420.0,257.0,4.283333333333333,0,0.0,341.86526713848406,341.86526713848406,88.33469828248013,88.34674854590769,29.533387931299206,29.529214789178255,11.575551979804473,11.55843590207977,27.991040449560227,27.98470790780252,28.992993567821788,28.946254744252837,21.401830196031586,33.643572715641525,2796.6316784621013,2896.2267601516864,2890.002308587833,-0.001979949682094466,0.19949874205236165,0.19599525724155747,22.64258958964088,22.596571791576366,0.0,0.0,0.6454905270039444,0.0,True,thermal_anomaly,1.0,0.6454905270039444,thermal_anomaly,0.6454905270039444,0.6454905270039444,59,thermal_anomaly,2.915355795800741,0.6454905270039444,abrupt,0.0,0.7569079934974283,1569720506,thermal_anomaly
15480.0,258.0,4.3,0,0.0,338.2442949541506,338.2442949541506,87.83135855784599,87.86513604695843,29.51325434231384,29.514038395196216,11.46075898750352,11.475297389795294,28.028621538808796,28.11826426238397,29.017938377096417,29.092539261753373,21.19027763063058,33.28722636315995,2706.1073738537643,2801.1670670027256,2800.249441393062,-0.0018820726328891153,0.19705181582222786,0.19735206741930067,22.63945413706194,22.65868128886418,0.0,0.0,0.6454905270039444,0.0,True,thermal_anomaly,1.0,0.6454905270039444,thermal_anomaly,0.6454905270039444,0.6454905270039444,59,thermal_anomaly,2.915355795800741,0.6454905270039444,abrupt,0.0,0.7569079934974283,1569720506,thermal_anomaly
15540.0,259.0,4.316666666666666,0,0.0,335.1371034904522,335.1371034904522,87.33264263003281,87.2030825728269,29.493305705201312,29.484351570024128,11.363158366861157,11.373593902375413,28.065470436908974,28.15523280354959,29.042149347214977,29.0196263595245,21.012067350688504,32.98144209081967,2628.4275872613057,2714.7973271320157,2710.0767357179325,-0.0016744794436408055,0.19186198609102012,0.1898340248773472,22.63624043693232,22.65354923787298,0.0,0.0,0.6454905270039444,0.0,True,thermal_anomaly,1.0,0.6454905270039444,thermal_anomaly,0.6454905270039444,0.6454905270039444,59,thermal_anomaly,2.915355795800741,0.6454905270039444,abrupt,0.0,0.7569079934974283,1569720506,thermal_anomaly
15600.0,260.0,4.333333333333333,0,0.0,332.6794919243112,332.6794919243112,86.8375838622883,86.74228863472568,29.473503354491534,29.48453543228022,11.287409166227041,11.318090069668532,28.10172633319743,28.08320626858235,29.065757927837158,28.906325987426573,20.874806359925266,32.73958413863767,2566.9872981077806,2640.8923126198983,2648.707340558565,-0.0013662429328624172,0.18415607332156042,0.18669859285338403,22.632953188194616,22.634185507807725,0.0,0.0,0.6454905270039444,0.0,True,thermal_anomaly,1.0,0.6454905270039444,thermal_anomaly,0.6454905270039444,0.6454905270039444,59,thermal_anomaly,2.915355795800741,0.6454905270039444,abrupt,0.0,0.7569079934974283,1569720506,thermal_anomaly
15660.0,261.0,4.35,0,0.0,330.9788696740969,330.9788696740969,86.34505578241614,86.01079379663203,29.453802231296645,29.47825089465855,11.237220480906524,11.247205052778538,28.137547482577038,28.24192891655603,29.08891606500917,28.97169460160644,20.78436783597957,32.57222285968755,2524.471741852423,2582.682027236161,2582.076478988875,-0.0009708345151577327,0.1742708628789433,0.17750115668642422,22.629601313566596,22.758023466608368,0.0,0.0,0.6454905270039444,0.0,True,thermal_anomaly,1.0,0.6454905270039444,thermal_anomaly,0.6454905270039444,0.6454905270039444,59,thermal_anomaly,2.915355795800741,0.6454905270039444,abrupt,0.0,0.7569079934974283,1569720506,thermal_anomaly
15720.0,262.0,4.366666666666666,0,0.0,330.1095620926345,330.1095620926345,85.85382131501638,85.65209803920438,29.434152852600654,29.415749747415074,11.215188143709993,11.232900835660352,28.173105030615645,28.10200420416593,29.11178958897353,29.071581130213243,20.744793512964222,32.486672744947924,2502.739052315864,2542.710539776012,2540.221314746749,-0.0005055354357605887,0.16263838589401472,0.16480766859384693,22.626197595225054,22.71474290244565,0.0,0.0,0.6454905270039444,0.0,True,thermal_anomaly,1.0,0.6454905270039444,thermal_anomaly,0.6454905270039444,0.6454905270039444,59,thermal_anomaly,2.915355795800741,0.6454905270039444,abrupt,0.0,0.7569079934974283,1569720506,thermal_anomaly
15780.0,263.0,4.383333333333334,0,0.0,330.1095620926345,330.1095620926345,85.36258684761663,85.38297287524321,29.414503473904666,29.41196210992758,11.222680076360769,11.23169356702443,28.208576688249547,28.3067494747879,29.134550995032757,29.04905283684696,20.75824175276676,32.486672744947924,2502.7390523158633,2522.724796045938,2521.1642183645026,9.318502806628603e-06,0.15023296257016572,0.15276211929481365,22.622759395398674,22.626451037778228,0.0,0.0,0.6454905270039444,0.0,True,thermal_anomaly,1.0,0.6454905270039444,thermal_anomaly,0.6454905270039444,0.6454905270039444,59,thermal_anomaly,2.915355795800741,0.6454905270039444,abrupt,0.0,0.7569079934974283,1569720506,thermal_anomaly
15840.0,264.0,4.4,0,0.0,330.9788696740969,330.9788696740969,84.87005876774447,84.90652047691911,29.394802350709778,29.409549264439228,11.259775307388825,11.248779013104613,28.244140341599717,28.259256392668554,29.157371932978556,29.196487567795167,20.824961102889816,32.57222285968755,2524.471741852423,2523.5982689491807,2515.4254888493433,0.0005512257128852536,0.16378064282213134,0.17004901695339283,22.61937733842475,22.604765607368563,0.0,0.0,0.6454905270039444,0.0,True,thermal_anomaly,1.0,0.6454905270039444,thermal_anomaly,0.6454905270039444,0.6454905270039444,59,thermal_anomaly,2.915355795800741,0.6454905270039444,abrupt,0.0,0.7569079934974283,1569720506,thermal_anomaly
15900.0,265.0,4.416666666666667,0,0.0,332.6794919243112,332.6794919243112,84.37499999999994,84.44964357237154,29.374999999999996,29.37547137717194,11.325259299551021,11.353635486216426,28.279967643495738,28.401243303640427,29.180415733335142,29.187183673811038,20.943277761224515,32.73958413863767,2566.9872981077806,2545.292783528481,2547.3763240862554,0.0010965022490355544,0.17741255622588886,0.18061249635971965,22.616071875239786,22.554417158726185,0.0,0.0,0.6454905270039444,0.0,True,thermal_anomaly,1.0,0.6454905270039444,thermal_anomaly,0.6454905270039444,0.6454905270039444,59,thermal_anomaly,2.915355795800741,0.6454905270039444,abrupt,0.0,0.7569079934974283,1569720506,thermal_anomaly
15960.0,266.0,4.433333333333334,0,0.0,335.13710349045203,335.13710349045203,83.87628407218678,83.84482224135282,29.355051362887473,29.338272595084806,11.416675765526124,11.441112897123316,28.316217632464873,28.372644927445634,29.203830297056456,29.223001290472972,21.109596747871286,32.981442090819655,2628.4275872613007,2586.860185394891,2590.4643769133704,0.0016213169101006175,0.19053292275251543,0.19643650879526214,22.612861137989317,22.56805423595134,0.0,0.0,0.6454905270039444,0.0,True,thermal_anomaly,1.0,0.6454905270039444,thermal_anomaly,0.6454905270039444,0.6454905270039444,59,thermal_anomaly,2.915355795800741,0.6454905270039444,abrupt,0.0,0.7569079934974283,1569720506,thermal_anomaly
16020.0,267.0,4.45,0,0.0,338.2442949541506,338.2442949541506,83.37294434755262,83.14042442105803,29.334917773902106,29.348232167741475,11.530432693255086,11.499288593678628,28.353030462670613,28.45908699560983,29.227741659432244,29.160387396312355,21.318428152554027,33.28722636315995,2706.107373853764,2646.483779624328,2652.946951842618,0.002102732777051836,0.20256831942629588,0.20130385475269022,22.6097601203715,22.555083556405393,0.0,0.0,0.6454905270039444,0.0,True,thermal_anomaly,1.0,0.6454905270039444,thermal_anomaly,0.6454905270039444,0.6454905270039444,59,thermal_anomaly,2.915355795800741,0.6454905270039444,abrupt,0.0,0.7569079934974283,1569720506,thermal_anomaly
16080.0,268.0,4.466666666666667,0,0.0,341.86526713848406,341.86526713848406,82.86421627145369,82.722031778184,29.31456865085815,29.32596086429556,11.661957957156444,11.664867427133885,28.39052139637474,28.490360057896638,29.252248509491913,29.26089442528434,21.562458976617926,33.643572715641525,2796.6316784621013,2721.557729043214,2721.029815665841,0.00251970966641371,0.21299274166034274,0.2090781364490737,22.606779986006348,22.54195205353627,0.0,0.0,0.6454905270039444,0.0,True,thermal_anomaly,1.0,0.6454905270039444,thermal_anomaly,0.6454905270039444,0.6454905270039444,59,thermal_anomaly,2.915355795800741,0.6454905270039444,abrupt,0.0,0.7569079934974283,1569720506,thermal_anomaly
16140.0,269.0,4.483333333333333,0,0.0,345.8417661836447,345.8417661836447,82.34957078606136,82.12271755066095,29.293982831442456,29.285941909606706,11.805897756328248,11.796323189610424,28.428775293546746,28.399099478407212,29.277417904435154,29.167603224249508,21.832695651689274,34.03490710272142,2896.0441545911185,2808.800941817166,2811.7343286598,0.0028540236872440033,0.2213505921811001,0.22061723775325173,22.603927540110472,22.672785003634704,0.0,0.0,0.6454905270039444,0.0,True,thermal_anomaly,1.0,0.6454905270039444,thermal_anomaly,0.6454905270039444,0.6454905270039444,59,thermal_anomaly,2.915355795800741,0.6454905270039444,abrupt,0.0,0.7569079934974283,1569720506,thermal_anomaly
16200.0,270.0,4.5,1,600.0,349.99999999999994,-250.00000000000006,82.72159459558517,82.6604948078048,29.308863783823405,29.261176200267418,-8.529842775344429,-8.521024237313274,28.460151661662884,28.348955103961973,29.313085657330706,29.37006402925107,16.50301532682681,34.44412633385354,2999.999999999999,2904.400470908583,2902.596160554319,0.003091063712615916,0.22727659281539792,0.22772932585614855,22.601204893335925,22.605242252523194,0.0,0.0,0.6454905270039444,0.0,True,thermal_anomaly,1.0,0.6454905270039444,thermal_anomaly,0.6454905270039444,0.6454905270039444,59,thermal_anomaly,2.915355795800741,0.6454905270039444,abrupt,0.0,0.7569079934974283,1569720506,thermal_anomaly
16260.0,271.0,4.516666666666667,1,601.2556165273943,354.15823381635516,-247.09738271103913,83.08929903414327,83.00913468773585,29.32357196136573,29.30812102664755,-8.42657855723013,-8.41834891112149,28.49094575181362,28.441097233382063,29.349397018009103,29.317209226664886,16.362935999552814,34.85334556498565,3103.955845408879,3004.1781581587306,2998.134184470635,0.003220469955976323,0.23051174889940806,0.23135707110479792,22.598609337951657,22.599330264244255,0.0,0.0,0.6454905270039444,0.0,True,thermal_anomaly,1.0,0.6454905270039444,thermal_anomaly,0.6454905270039444,0.6454905270039444,59,thermal_anomaly,2.915355795800741,0.6454905270039444,abrupt,0.0,0.7569079934974283,1569720506,thermal_anomaly
16320.0,272.0,4.533333333333333,1,602.5051158172813,358.134732861516,-244.3703829557653,83.45294543735125,83.64039836456259,29.33811781749405,29.368294394756006,-8.32944991481524,-8.347667887744663,28.521192638267244,28.553699895275177,29.38631306204507,29.423642034930385,16.232736775732413,35.24467995206556,3203.3683215379,3103.7732398483154,3107.089395320191,0.0032365867435303767,0.2309146685882594,0.2353667182011359,22.596133446035566,22.554574298412508,0.0,0.0,0.6454905270039444,0.0,True,thermal_anomaly,1.0,0.6454905270039444,thermal_anomaly,0.6454905270039444,0.6454905270039444,59,thermal_anomaly,2.915355795800741,0.6454905270039444,abrupt,0.0,0.7569079934974283,1569720506,thermal_anomaly
16380.0,273.0,4.55,1,603.7424104347197,361.75570504584937,-241.9867053888703,83.81304470132278,83.95325569575034,29.35252178805291,29.360077178134176,-8.24415384600324,-8.23204737383742,28.55095135321956,28.36219907198792,29.423760849425964,29.443155447839203,16.119643715984765,35.601026304547126,3293.8926261462343,3198.832932997275,3200.8675951708137,0.0031387096943249967,0.2284677423581249,0.23191662552608272,22.593765387675813,22.576857359536177,0.0,0.0,0.6454905270039444,0.0,True,thermal_anomaly,1.0,0.6454905270039444,thermal_anomaly,0.6454905270039444,0.6454905270039444,59,thermal_anomaly,2.915355795800741,0.6454905270039444,abrupt,0.0,0.7569079934974283,1569720506,thermal_anomaly
16440.0,274.0,4.566666666666666,1,604.961472404706,364.8628965095478,-240.0985758951582,84.1703342487858,84.470897664905,29.366813369951434,29.383825041318893,-8.17584709891713,-8.155052067026684,28.580301575675325,28.447082812845178,29.46163664957415,29.545197651109714,16.029915967848897,35.906810576887416,3371.5724127386957,3285.202672867985,3283.493243476375,0.0029311165050767297,0.22327791262691823,0.22180973220024547,22.591489455202225,22.54162356676688,0.0,0.0,0.6454905270039444,0.0,True,thermal_anomaly,1.0,0.6454905270039444,thermal_anomaly,0.6454905270039444,0.6454905270039444,59,thermal_anomaly,2.915355795800741,0.6454905270039444,abrupt,0.0,0.7569079934974283,1569720506,thermal_anomaly
16500.0,275.0,4.583333333333333,1,606.1563625798619,367.32050807568874,-238.8358545041732,84.52574474655987,84.58276019909509,29.381029789862396,29.347889049294473,-8.128913663420365,-8.11150004617037,28.609339836259032,28.678158965391223,29.499810511882465,29.42695676780726,15.968696892846548,36.14866852906941,3433.0127018922185,3359.107687380102,3353.2754398742386,0.0026228799942983206,0.215571999857458,0.2133551135474654,22.58928676811425,22.522089899444698,0.0,0.0,0.6454905270039444,0.0,True,thermal_anomaly,1.0,0.6454905270039444,thermal_anomaly,0.6454905270039444,0.6454905270039444,59,thermal_anomaly,2.915355795800741,0.6454905270039444,abrupt,0.0,0.7569079934974283,1569720506,thermal_anomaly
16560.0,276.0,4.6,1,607.3212595753644,369.0211303259031,-238.3001292494613,84.88035803413348,84.93254008461709,29.395214321365337,29.41859316029011,-8.106766177794373,-8.112908720787388,28.638175457535986,28.653704926878802,29.53813198200941,29.44042645118669,15.939930533973628,36.316029808019536,3475.5282581475763,3417.3179727638394,3419.0639231480905,0.002227471576593643,0.20568678941484106,0.2057564721648159,22.5871361235433,22.65582539951442,0.0,0.0,0.6454905270039444,0.0,True,thermal_anomaly,1.0,0.6454905270039444,thermal_anomaly,0.6454905270039444,0.6454905270039444,59,thermal_anomaly,2.915355795800741,0.6454905270039444,abrupt,0.0,0.7569079934974283,1569720506,thermal_anomaly
16620.0,277.0,4.616666666666666,1,608.450488130146,369.8904379073655,-238.56005022278055,85.23535810886975,85.10932606810341,29.409414324354792,29.416312904091026,-8.111689936824822,-8.095056146412919,28.666926367190563,28.689557697056443,29.57643671410537,29.61211270170308,15.946318995553973,36.40157992275916,3497.2609476841367,3457.2894602239876,3447.892029871824,0.0017621724971965131,0.19405431242991283,0.19252280339315897,22.585014949548377,22.63229845168735,0.0,0.0,0.6454905270039444,0.0,True,thermal_anomaly,1.0,0.6454905270039444,thermal_anomaly,0.6454905270039444,0.6454905270039444,59,thermal_anomaly,2.915355795800741,0.6454905270039444,abrupt,0.0,0.7569079934974283,1569720506,thermal_anomaly
16680.0,278.0,4.633333333333334,1,609.5385467561977,369.8904379073655,-239.64810884883218,85.59197731846623,85.49584116900022,29.42367909273865,29.388521284915782,-8.1447363565073,-8.137574312953285,28.695714839553467,28.902582839578596,29.614553689984756,29.67225856301124,15.98929633042011,36.40157992275916,3497.2609476841367,3477.2752039540624,3475.0639332564333,0.0012473185586292885,0.18118296396573222,0.17721029080923623,22.582900313827338,22.64468841873733,0.0,0.0,0.6454905270039444,0.0,True,thermal_anomaly,1.0,0.6454905270039444,thermal_anomaly,0.6454905270039444,0.6454905270039444,59,thermal_anomaly,2.915355795800741,0.6454905270039444,abrupt,0.0,0.7569079934974283,1569720506,thermal_anomaly
16740.0,279.0,4.65,1,610.5801345412646,369.0211303259031,-241.55900421536148,85.95144012235814,85.8556489156342,29.438057604894325,29.418091413923904,-8.205670613783983,-8.214775281253193,28.724663158727147,28.75682598043527,29.6523127297325,29.523380002392283,16.069000322812606,36.316029808019536,3475.5282581475767,3476.4017310508193,3477.729406881053,0.0007054113485506565,0.1676352837137664,0.1694260168614472,22.580769938777138,22.499419812985145,0.0,0.0,0.6454905270039444,0.0,True,thermal_anomaly,1.0,0.6454905270039444,thermal_anomaly,0.6454905270039444,0.6454905270039444,59,thermal_anomaly,2.915355795800741,0.6454905270039444,abrupt,0.0,0.7569079934974283,1569720506,thermal_anomaly
16800.0,280.0,4.666666666666667,1,611.5701769743577,367.3205080756888,-244.24966889866886,86.3149068915526,86.32609884523643,29.452596275662103,29.449692541983236,-8.29297582503796,-8.270009070083093,28.753889168519393,28.739244870822173,29.689551965496197,29.61357705042553,16.184233747832288,36.14866852906941,3433.0127018922203,3454.70721647152,3458.884323304197,0.00016013481240036989,0.15400337031000924,0.1554371939031652,22.578603175192807,22.682218122915664,0.0,0.0,0.6454905270039444,0.0,True,thermal_anomaly,1.0,0.6454905270039444,thermal_anomaly,0.6454905270039444,0.6454905270039444,59,thermal_anomaly,2.915355795800741,0.6454905270039444,abrupt,0.0,0.7569079934974283,1569720506,thermal_anomaly
16860.0,281.0,4.683333333333334,1,612.503850668262,364.8628965095479,-247.64095415871407,86.68342021619354,86.42332786849272,29.46733680864774,29.46970462048865,-8.403913654186734,-8.422110925966775,28.783501687770386,28.801211392219972,29.72612495182423,29.68213841365819,16.332419081621264,35.90681057688742,3371.5724127386984,3413.139814605109,3414.781442556953,-0.00036467984866471426,0.15911699621661785,0.16164046013772523,22.57643112269492,22.539380157340595,0.0,0.0,0.6454905270039444,0.0,True,thermal_anomaly,1.0,0.6454905270039444,thermal_anomaly,0.6454905270039444,0.6454905270039444,59,thermal_anomaly,2.915355795800741,0.6454905270039444,abrupt,0.0,0.7569079934974283,1569720506,thermal_anomaly
16920.0,282.0,4.7,1,613.376606858593,361.7557050458495,-251.62090181274357,87.0578560819863,87.1248195482859,29.482314243279454,29.474668461898336,-8.534638757881803,-8.53139829189981,28.813595822873708,28.788954081008,29.761907101794804,29.66516523399809,16.509562603262225,35.60102630454714,3293.8926261462375,3353.5162203756736,3354.710113190351,-0.0008460957156159045,0.1711523928903976,0.1615646248983309,22.57425432232752,22.57610407975699,0.0,0.0,0.6454905270039444,0.0,True,thermal_anomaly,1.0,0.6454905270039444,thermal_anomaly,0.6454905270039444,0.6454905270039444,59,thermal_anomaly,2.915355795800741,0.6454905270039444,abrupt,0.0,0.7569079934974283,1569720506,thermal_anomaly
16980.0,283.0,4.716666666666667,1,614.184193564921,358.134732861516,-256.049460703405,87.4388820651759,87.49698073370145,29.497555282607035,29.485754897058772,-8.680362092731874,-8.63529109225097,28.844248292180175,28.983634437912396,29.796801167647097,29.816645171510977,16.710252789934085,35.24467995206556,3203.3683215379006,3278.442270956787,3273.822196186404,-0.0012630726049777854,0.18157681512444462,0.17829983216770667,22.572052637564546,22.516420111606443,0.0,0.0,0.6454905270039444,0.0,True,thermal_anomaly,1.0,0.6454905270039444,thermal_anomaly,0.6454905270039444,0.6454905270039444,59,thermal_anomaly,2.915355795800741,0.6454905270039444,abrupt,0.0,0.7569079934974283,1569720506,thermal_anomaly
17040.0,284.0,4.733333333333333,1,614.9226763059908,354.15823381635533,-260.7644424896354,87.82692439030927,87.82459467074096,29.51307697561237,29.51988817962691,-8.835555936953428,-8.842279281591134,28.8755129725414,28.906010976282253,29.8307415263854,29.804827497591496,16.927721802261804,34.85334556498567,3103.9558454088833,3191.199058182836,3195.215728308532,-0.001597386625808086,0.18993466564520214,0.19168537761512247,22.56980787602788,22.505776811611035,0.0,0.0,0.6454905270039444,0.0,True,thermal_anomaly,1.0,0.6454905270039444,thermal_anomaly,0.6454905270039444,0.6454905270039444,59,thermal_anomaly,2.915355795800741,0.6454905270039444,abrupt,0.0,0.7569079934974283,1569720506,thermal_anomaly
17100.0,285.0,4.75,1,615.5884572681198,350.0000000000001,-265.58845726811967,88.22214530886303,88.14208053844219,29.52888581235452,29.54931081557288,-8.994191618195115,-9.005893817627552,28.90741696572508,28.99882597809298,29.863697083055765,29.801362443285456,17.153996534244065,34.44412633385355,3000.0000000000027,3095.5995290914193,3094.7787656154337,-0.0018344266511799848,0.1958606662794996,0.1992221644622423,22.567504546352456,22.48134462126708,0.0,0.0,0.6454905270039444,0.0,True,thermal_anomaly,1.0,0.6454905270039444,thermal_anomaly,0.6454905270039444,0.6454905270039444,59,thermal_anomaly,2.915355795800741,0.6454905270039444,abrupt,0.0,0.7569079934974283,1569720506,thermal_anomaly
17160.0,286.0,4.766666666666667,1,616.1782928333851,345.8417661836448,-270.3365266497403,88.62443180685372,88.53410611493703,29.54497727227415,29.540724593369003,-9.1499994790462,-9.142381897534685,28.939957541054795,28.96318059830714,29.89567266480879,29.740866340145796,17.38015714238282,34.03490710272143,2896.044154591119,2995.8218418412694,3000.885079219767,-0.0019638328945404556,0.1990958223635114,0.2017556374270767,22.56513050416797,22.54194130706119,0.0,0.0,0.6454905270039444,0.0,True,thermal_anomaly,1.0,0.6454905270039444,thermal_anomaly,0.6454905270039444,0.6454905270039444,59,thermal_anomaly,2.915355795800741,0.6454905270039444,abrupt,0.0,0.7569079934974283,1569720506,thermal_anomaly
17220.0,287.0,4.783333333333333,1,616.6893093822022,341.86526713848406,-274.8240422437181,89.03339615543068,88.86050566957722,29.561335846217226,29.55440781909118,-9.296739622099507,-9.336695252749678,28.973100323514313,28.939081226193956,29.92670884482219,30.06181744031591,17.596707313148357,33.643572715641525,2796.6316784621017,2896.226760151685,2896.0688389780166,-0.001979949682094438,0.19949874205236096,0.19547305505381432,22.562677463221174,22.56840038643762,0.0,0.0,0.6454905270039444,0.0,True,thermal_anomaly,1.0,0.6454905270039444,thermal_anomaly,0.6454905270039444,0.6454905270039444,59,thermal_anomaly,2.915355795800741,0.6454905270039444,abrupt,0.0,0.7569079934974283,1569720506,thermal_anomaly
17280.0,288.0,4.8,1,617.1190172933127,338.2442949541506,-278.87472233916213,89.44838830176872,89.28912758195574,29.57793553207075,29.61479632829699,-9.42847150494273,-9.423573071182162,29.00677905396493,29.128703211531672,29.95688020377945,29.894517210853685,17.794043898620526,33.28722636315995,2706.1073738537643,2801.1670670027247,2801.2838486176415,-0.0018820726328891012,0.19705181582222753,0.19394786779715023,22.56014135159038,22.527270088271823,0.0,0.0,0.6454905270039444,0.0,True,thermal_anomaly,1.0,0.6454905270039444,thermal_anomaly,0.6454905270039444,0.6454905270039444,59,thermal_anomaly,2.915355795800741,0.6454905270039444,abrupt,0.0,0.7569079934974283,1569720506,thermal_anomaly
17340.0,289.0,4.816666666666666,1,617.465323072968,335.13710349045215,-282.3282195825158,89.86851958090936,89.92942820371424,29.594740783236375,29.594921124036233,-9.539810524119801,-9.553214660663127,29.040897149495883,29.027516123881252,29.98629210488706,29.922112638732088,17.96299669194772,32.98144209081966,2628.4275872613034,2714.797327132014,2716.1225000337226,-0.0016744794436408194,0.19186198609102048,0.1903249400760152,22.557522497351798,22.565132617014996,0.0,0.0,0.6454905270039444,0.0,True,thermal_anomaly,1.0,0.6454905270039444,thermal_anomaly,0.6454905270039444,0.6454905270039444,59,thermal_anomaly,2.915355795800741,0.6454905270039444,abrupt,0.0,0.7569079934974283,1569720506,thermal_anomaly
17400.0,290.0,4.833333333333333,1,617.7265395542198,332.6794919243112,-285.0470476299086,90.29269673512054,90.15343207690374,29.61170786940482,29.653328542059313,-9.626160331144652,-9.629127119114893,29.075331146356472,29.07504540400212,30.015076123378467,29.957040021117248,18.095394922731398,32.73958413863767,2566.9872981077806,2640.8923126198974,2632.467683693063,-0.0013662429328623966,0.18415607332155992,0.18161816920486534,22.55482563316095,22.60345975515791,0.0,0.0,0.6454905270039444,0.0,True,thermal_anomaly,1.0,0.6454905270039444,thermal_anomaly,0.6454905270039444,0.6454905270039444,59,thermal_anomaly,2.915355795800741,0.6454905270039444,abrupt,0.0,0.7569079934974283,1569720506,thermal_anomaly
17460.0,291.0,4.85,1,617.9013941166289,330.978869674097,-286.92252444253194,90.71966477744574,90.685520643988,29.62878659109783,29.64193565638844,-9.68391073189409,-9.699108578052373,29.109935932941475,29.082398785052966,30.043384330258114,30.08870551372255,18.184608070122646,32.57222285968755,2524.471741852424,2582.682027236161,2581.8606689772632,-0.0009708345151577046,0.1742708628789426,0.17303336397295352,22.552059715195682,22.55535722084421,0.0,0.0,0.6454905270039444,0.0,True,thermal_anomaly,1.0,0.6454905270039444,thermal_anomaly,0.6454905270039444,0.6454905270039444,59,thermal_anomaly,2.915355795800741,0.6454905270039444,abrupt,0.0,0.7569079934974283,1569720506,thermal_anomaly
17520.0,292.0,4.866666666666666,1,617.9890348863438,330.1095620926345,-287.8794727937093,91.14805685005543,91.1862021298398,29.645922274002217,29.665948424805116,-9.710592577724025,-9.703144350726,29.144551499202517,29.262694196438126,30.071382680114258,30.104171490602848,18.22600656190308,32.486672744947924,2502.739052315864,2542.710539776012,2544.868516390593,-0.0005055354357605887,0.16263838589401472,0.16133912107684828,22.549237558841924,22.637327528197606,0.0,0.0,0.6454905270039444,0.0,True,thermal_anomaly,1.0,0.6454905270039444,thermal_anomaly,0.6454905270039444,0.6454905270039444,59,thermal_anomaly,2.915355795800741,0.6454905270039444,abrupt,0.0,0.7569079934974283,1569720506,thermal_anomaly
17580.0,293.0,4.883333333333334,1,617.9890348863438,330.1095620926345,-287.8794727937093,91.57644892266512,91.76151752732137,29.663057956906606,29.629794613162858,-9.704982986310108,-9.663064029792055,29.17901076695279,29.306483678661262,30.09924379198565,30.20085597772667,18.21729348622466,32.486672744947924,2502.739052315864,2522.724796045938,2520.98979400874,9.318502806635758e-06,0.15023296257016588,0.1562288812670763,22.54637655928842,22.503117791449572,0.0,0.0,0.6454905270039444,0.0,True,thermal_anomaly,1.0,0.6454905270039444,thermal_anomaly,0.6454905270039444,0.6454905270039444,59,thermal_anomaly,2.915355795800741,0.6454905270039444,abrupt,0.0,0.7569079934974283,1569720506,thermal_anomaly
17640.0,294.0,4.9,1,617.9013941166289,330.9788696740969,-286.922524442532,92.00341696499031,91.82945655263127,29.680136678599613,29.685356275623473,-9.667156440334484,-9.646675059173617,29.21314794606842,29.089547891746847,30.127139438793716,30.108693484958348,18.158670996411203,32.57222285968755,2524.471741852423,2523.5982689491807,2525.9115247721556,0.0005512257128852536,0.16378064282213134,0.16142780535752246,22.543567373585326,22.505925510041898,0.0,0.0,0.6454905270039444,0.0,True,thermal_anomaly,1.0,0.6454905270039444,thermal_anomaly,0.6454905270039444,0.6454905270039444,59,thermal_anomaly,2.915355795800741,0.6454905270039444,abrupt,0.0,0.7569079934974283,1569720506,thermal_anomaly
17700.0,295.0,4.916666666666667,1,617.7265395542198,332.6794919243112,-285.0470476299086,92.4275941192015,92.70043442786816,29.69710376476806,29.680855708027458,-9.598479699831257,-9.563457822302581,29.24680680196366,29.115534908099633,30.155233073588864,30.296802285448106,18.052822908904986,32.73958413863767,2566.9872981077806,2545.292783528481,2544.3049028219175,0.0010965022490355544,0.17741255622588886,0.18403627149668852,22.540830485136656,22.541121647424117,0.0,0.0,0.6454905270039444,0.0,True,thermal_anomaly,1.0,0.6454905270039444,thermal_anomaly,0.6454905270039444,0.6454905270039444,59,thermal_anomaly,2.915355795800741,0.6454905270039444,abrupt,0.0,0.7569079934974283,1569720506,thermal_anomaly
17760.0,296.0,4.933333333333334,1,617.465323072968,335.1371034904521,-282.3282195825159,92.84772539834213,92.55821791934531,29.713909015933687,29.738729846521256,-9.501550921190516,-9.493923351590105,29.279848228654306,29.308470808259866,30.183672719250634,30.172110635276525,17.90471549769727,32.98144209081966,2628.427587261303,2586.860185394892,2589.497968471211,0.001621316910100646,0.19053292275251615,0.1903911392329153,22.53818405831196,22.623330981183464,0.0,0.0,0.6454905270039444,0.0,True,thermal_anomaly,1.0,0.6454905270039444,thermal_anomaly,0.6454905270039444,0.6454905270039444,59,thermal_anomaly,2.915355795800741,0.6454905270039444,abrupt,0.0,0.7569079934974283,1569720506,thermal_anomaly
17820.0,297.0,4.95,1,617.1190172933127,338.2442949541506,-278.87472233916213,93.26271754468019,93.13003338767017,29.73050870178721,29.726362853443817,-9.38008579457633,-9.404339134327723,29.312156597886847,29.28007609173067,30.212584532396747,30.13448665644494,17.721238666148174,33.28722636315995,2706.107373853764,2646.4837796243282,2649.9226592592986,0.002102732777051822,0.20256831942629555,0.20922235365659564,22.53564311879172,22.683515079278347,0.0,0.0,0.6454905270039444,0.0,True,thermal_anomaly,1.0,0.6454905270039444,thermal_anomaly,0.6454905270039444,0.6454905270039444,59,thermal_anomaly,2.915355795800741,0.6454905270039444,abrupt,0.0,0.7569079934974283,1569720506,thermal_anomaly
17880.0,298.0,4.966666666666667,1,616.6893093822022,341.8652671384839,-274.8240422437183,93.67168189325714,93.77413571433432,29.746867275730285,29.746474720412714,-9.238755788847058,-9.218474069571682,29.343644487060573,29.391250241695698,30.242067322789875,30.11920785222115,17.51072658713557,33.64357271564151,2796.6316784620976,2721.557729043213,2716.6387810449014,0.00251970966641366,0.2129927416603415,0.2143118116067561,22.533218861938416,22.423868940936497,0.0,0.0,0.6454905270039444,0.0,True,thermal_anomaly,1.0,0.6454905270039444,thermal_anomaly,0.6454905270039444,0.6454905270039444,59,thermal_anomaly,2.915355795800741,0.6454905270039444,abrupt,0.0,0.7569079934974283,1569720506,thermal_anomaly
17940.0,299.0,4.983333333333333,1,616.1782928333851,345.8417661836447,-270.33652664974034,94.07396839124782,94.14205522986796,29.762958735649914,29.745457833143014,-9.082985634957478,-9.065024787529897,29.374255557920662,29.54822176958612,30.27218826777118,30.108871811970456,17.282408148646677,34.03490710272142,2896.0441545911185,2808.800941817166,2809.5426987997894,0.0028540236872440176,0.22135059218110043,0.22242468685465838,22.53091812447305,22.490677162301136,0.0,0.0,0.6454905270039444,0.0,True,thermal_anomaly,1.0,0.6454905270039444,thermal_anomaly,0.6454905270039444,0.6454905270039444,59,thermal_anomaly,2.915355795800741,0.6454905270039444,abrupt,0.0,0.7569079934974283,1569720506,thermal_anomaly
18000.0,300.0,5.0,1,615.5884572681198,349.99999999999994,-265.58845726811984,94.46918930980158,94.39649515622891,29.778767572392063,29.727074254102835,-8.918718903409127,-8.943157640073188,29.403965540340316,29.391610563340198,30.30298000902122,30.3792578680991,17.04584165530135,34.44412633385354,2999.9999999999986,2904.4004709085825,2901.974994095932,0.0030910637126159092,0.22727659281539772,0.2274600209639399,22.528743048315786,22.664941432841392,0.0,0.0,0.6454905270039444,0.0,True,thermal_anomaly,1.0,0.6454905270039444,thermal_anomaly,0.6454905270039444,0.6454905270039444,59,thermal_anomaly,2.915355795800741,0.6454905270039444,abrupt,0.0,0.7569079934974283,1569720506,thermal_anomaly
18060.0,301.0,5.016666666666667,1,614.9226763059908,354.15823381635516,-260.7644424896356,94.85723163493495,94.9715330239036,29.7942892653974,29.821250789512572,-8.752161871251051,-8.762656912912261,29.432781446054086,29.55018491831327,30.3344392585345,30.404656356466507,16.81038489870562,34.85334556498565,3103.955845408879,3004.1781581587306,3010.220048786149,0.0032204699559763303,0.23051174889940823,0.22738390151895732,22.52669095676917,22.50771548624818,0.0,0.0,0.6454905270039444,0.0,True,thermal_anomaly,1.0,0.6454905270039444,thermal_anomaly,0.6454905270039444,0.6454905270039444,59,thermal_anomaly,2.915355795800741,0.6454905270039444,abrupt,0.0,0.7569079934974283,1569720506,thermal_anomaly
18120.0,302.0,5.033333333333333,1,614.184193564921,358.1347328615159,-256.0494607034051,95.23825761812455,95.46089939774484,29.80953030472498,29.784846161844403,-8.589516778223768,-8.577961738326874,29.460739274035983,29.502720155076577,30.366526974734057,30.42109966352301,16.584741783730173,35.24467995206555,3203.368321537897,3103.773239848314,3108.036818342444,0.003236586743530341,0.23091466858825851,0.226223327352048,22.52475445271195,22.469764149180186,0.0,0.0,0.6454905270039444,0.0,True,thermal_anomaly,1.0,0.6454905270039444,thermal_anomaly,0.6454905270039444,0.6454905270039444,59,thermal_anomaly,2.915355795800741,0.6454905270039444,abrupt,0.0,0.7569079934974283,1569720506,thermal_anomaly
18180.0,303.0,5.05,1,613.376606858593,361.75570504584937,-251.62090181274368,95.61269348391733,95.92976027152352,29.824507739356694,29.82830043581943,-8.436716005900825,-8.420630397073886,29.48790055675877,29.39418526870087,30.399170101029817,30.39540332622128,16.37661206219702,35.601026304547126,3293.8926261462343,3198.8329329972744,3196.1559014470035,0.0031387096943250115,0.22846774235812528,0.23601142316211118,22.52292173680212,22.584994632377633,0.0,0.0,0.6454905270039444,0.0,True,thermal_anomaly,1.0,0.6454905270039444,thermal_anomaly,0.6454905270039444,0.6454905270039444,59,thermal_anomaly,2.915355795800741,0.6454905270039444,abrupt,0.0,0.7569079934974283,1569720506,thermal_anomaly
18240.0,304.0,5.066666666666666,1,612.503850668262,364.8628965095479,-247.64095415871407,95.98120680855826,96.04141656288465,29.83924827234233,29.8680963577029,-8.299168661974964,-8.303507610967259,29.514348127851918,29.54173039258614,30.43226479083811,30.543511916244185,16.19245394345175,35.90681057688742,3371.572412738698,3285.202672867986,3280.816922849178,0.002931116505076772,0.22327791262691932,0.22064180151663695,22.521177131710086,22.605965080226447,0.0,0.0,0.6454905270039444,0.0,True,thermal_anomaly,1.0,0.6454905270039444,thermal_anomaly,0.6454905270039444,0.6454905270039444,59,thermal_anomaly,2.915355795800741,0.6454905270039444,abrupt,0.0,0.7569079934974283,1569720506,thermal_anomaly
18300.0,305.0,5.083333333333333,1,611.5701769743577,367.32050807568874,-244.24966889866892,96.3446735777527,96.52283769814767,29.85378694311011,29.896912036526007,-8.181530516182598,-8.177953338805626,29.540181469110895,29.38540229656849,30.465680978114374,30.420862198921863,16.037353232037333,36.14866852906941,3433.0127018922185,3359.1076873801026,3363.063397437624,0.0026228799942983067,0.21557199985745767,0.21411690049816207,22.5195017870483,22.53627481079189,0.0,0.0,0.6454905270039444,0.0,True,thermal_anomaly,1.0,0.6454905270039444,thermal_anomaly,0.6454905270039444,0.6454905270039444,59,thermal_anomaly,2.915355795800741,0.6454905270039444,abrupt,0.0,0.7569079934974283,1569720506,thermal_anomaly
18360.0,306.0,5.1,1,610.5801345412646,369.021130325903,-241.55900421536154,96.70413638164462,96.6817794388654,29.868165455265785,29.854386176410394,-8.087507234990706,-8.093039681684859,29.565511929410093,29.55996353650575,30.49926809364554,30.420763028533738,15.914979767141325,36.31602980801953,3475.5282581475753,3417.317972763839,3420.637143753928,0.002227471576593615,0.20568678941484037,0.20856553113818163,22.517874529835343,22.565612520722876,0.0,0.0,0.6454905270039444,0.0,True,thermal_anomaly,1.0,0.6454905270039444,thermal_anomaly,0.6454905270039444,0.6454905270039444,59,thermal_anomaly,2.915355795800741,0.6454905270039444,abrupt,0.0,0.7569079934974283,1569720506,thermal_anomaly
18420.0,307.0,5.116666666666666,1,609.5385467561977,369.8904379073655,-239.64810884883218,97.0607555912411,96.80885793624104,29.882430223649642,29.887075368824416,-8.019699437268967,-7.991500897739655,29.59045801721746,29.477798611712867,30.532861677273477,30.537603107260534,15.827604230189738,36.40157992275916,3497.260947684137,3457.2894602239876,3457.4096167738658,0.0017621724971965272,0.19405431242991317,0.19740813312619845,22.51627281779323,22.59641010044683,0.0,0.0,0.6454905270039444,0.0,True,thermal_anomaly,1.0,0.6454905270039444,thermal_anomaly,0.6454905270039444,0.6454905270039444,59,thermal_anomaly,2.915355795800741,0.6454905270039444,abrupt,0.0,0.7569079934974283,1569720506,thermal_anomaly
18480.0,308.0,5.133333333333334,1,608.450488130146,369.8904379073655,-238.56005022278055,97.41575566597737,97.32266498681491,29.896630226639097,29.944866063428805,-7.979496298222064,-7.999378653775659,29.615140872595223,29.52924346844627,30.56629059706439,30.544977170922905,15.776146798926334,36.40157992275916,3497.260947684137,3477.2752039540624,3488.848586657001,0.001247318558629296,0.18118296396573239,0.17820952851747532,22.514673748060353,22.527821563397495,0.0,0.0,0.6454905270039444,0.0,True,thermal_anomaly,1.0,0.6454905270039444,thermal_anomaly,0.6454905270039444,0.6454905270039444,59,thermal_anomaly,2.915355795800741,0.6454905270039444,abrupt,0.0,0.7569079934974283,1569720506,thermal_anomaly
18540.0,309.0,5.15,1,607.3212595753644,369.02113032590313,-238.30012924946124,97.77036895355099,97.9869809197987,29.91081475814204,29.96370342416042,-7.967022335444521,-7.999277683099181,29.63967994367699,29.620787751830388,30.59938455991255,30.534172406354852,15.760233496536916,36.31602980801954,3475.5282581475776,3476.40173105082,3482.7514555189528,0.0007054113485506708,0.16763528371376676,0.1712241464116726,22.513055072253405,22.428427409658447,0.0,0.0,0.6454905270039444,0.0,True,thermal_anomaly,1.0,0.6454905270039444,thermal_anomaly,0.6454905270039444,0.6454905270039444,59,thermal_anomaly,2.915355795800741,0.6454905270039444,abrupt,0.0,0.7569079934974283,1569720506,thermal_anomaly
18600.0,310.0,5.166666666666667,1,606.156362579862,367.32050807568885,-238.8358545041732,98.12577945132504,98.15433965164004,29.925031178053,29.933724674391836,-7.9811397048546855,-7.979325634695502,29.66418884234745,29.58561014431941,30.63198158532972,30.625005255527423,15.7782451841318,36.14866852906942,3433.0127018922203,3454.7072164715205,3450.0211083309587,0.00016013481240036295,0.15400337031000907,0.1568832139557612,22.511396170168002,22.45874145485267,0.0,0.0,0.6454905270039444,0.0,True,thermal_anomaly,1.0,0.6454905270039444,thermal_anomaly,0.6454905270039444,0.6454905270039444,59,thermal_anomaly,2.915355795800741,0.6454905270039444,abrupt,0.0,0.7569079934974283,1569720506,thermal_anomaly
18660.0,311.0,5.183333333333334,1,604.961472404706,364.8628965095479,-240.0985758951581,98.4830689987881,98.53726167225223,29.939322759951523,29.951752680218174,-8.019505912683071,-8.04234339478189,29.68877134299417,29.75301830708672,30.66393511578054,30.77524018561257,15.827355911743865,35.90681057688742,3371.5724127386984,3413.139814605109,3410.7089353952665,-0.0003646798486647213,0.15911699621661804,0.15421926781276568,22.5097281702078,22.576685466698606,0.0,0.0,0.6454905270039444,0.0,True,thermal_anomaly,1.0,0.6454905270039444,thermal_anomaly,0.6454905270039444,0.6454905270039444,59,thermal_anomaly,2.915355795800741,0.6454905270039444,abrupt,0.0,0.7569079934974283,1569720506,thermal_anomaly
18720.0,312.0,5.2,1,603.7424104347197,361.7557050458495,-241.98670538887018,98.84316826275963,98.72874959796373,29.953726730510386,29.963965774298952,-8.07868441766835,-8.111587582289914,29.71351751710347,29.720104964863392,30.695120452808883,30.65421019771427,15.903569258681358,35.60102630454714,3293.8926261462375,3353.5162203756736,3356.0471410118207,-0.0008460957156159045,0.1711523928903976,0.17147955616624405,22.508051641984054,22.461468061847548,0.0,0.0,0.6454905270039444,0.0,True,thermal_anomaly,1.0,0.6454905270039444,thermal_anomaly,0.6454905270039444,0.6454905270039444,59,thermal_anomaly,2.915355795800741,0.6454905270039444,abrupt,0.0,0.7569079934974283,1569720506,thermal_anomaly
18780.0,313.0,5.216666666666667,1,602.5051158172813,358.13473286151606,-244.37038295576525,99.20681466596761,99.3108458250035,29.968272586638705,29.96413963662024,-8.154303263536027,-8.161615040812544,29.738500057095177,29.696783210874603,30.725440237666277,30.6137682880968,16.00177084215631,35.24467995206557,3203.3683215379006,3278.442270956787,3287.475638072642,-0.0012630726049777854,0.18157681512444462,0.17797622517953074,22.506346477323657,22.46797019950297,0.0,0.0,0.6454905270039444,0.0,True,thermal_anomaly,1.0,0.6454905270039444,thermal_anomaly,0.6454905270039444,0.6454905270039444,59,thermal_anomaly,2.915355795800741,0.6454905270039444,abrupt,0.0,0.7569079934974283,1569720506,thermal_anomaly
18840.0,314.0,5.233333333333333,1,601.2556165273943,354.15823381635516,-247.09738271103913,99.5745191045257,99.57289110841533,29.98298076418103,29.9689433608783,-8.24125475230376,-8.287238126745613,29.763770920269035,29.74792551022117,30.7548287369134,30.78061134275094,16.11582029644871,34.85334556498565,3103.9558454088797,3191.199058182833,3193.002662348518,-0.0015973866258081285,0.1899346656452032,0.186381595362402,22.504594511988795,22.517017464865138,0.0,0.0,0.6454905270039444,0.0,True,thermal_anomaly,1.0,0.6454905270039444,thermal_anomaly,0.6454905270039444,0.6454905270039444,59,thermal_anomaly,2.915355795800741,0.6454905270039444,abrupt,0.0,0.7569079934974283,1569720506,thermal_anomaly
18900.0,315.0,5.25,1,600.0,350.0,-250.0,99.94654291404952,99.98700500971452,29.99786171656198,30.023243754111785,-8.333927343293727,-8.379125932260928,29.789358499186136,29.665723579433692,30.783254745694045,30.816365279189405,16.23870550212307,34.44412633385354,2999.9999999999995,3095.5995290914166,3088.571925164647,-0.0018344266511799994,0.19586066627949997,0.1972146933408846,22.502780282543664,22.558873029252812,0.0,0.0,0.6454905270039444,0.0,True,thermal_anomaly,1.0,0.6454905270039444,thermal_anomaly,0.6454905270039444,0.6454905270039444,59,thermal_anomaly,2.915355795800741,0.6454905270039444,abrupt,0.0,0.7569079934974283,1569720506,thermal_anomaly
18960.0,316.0,5.266666666666667,1,598.7443834726058,345.8417661836448,-252.90261728896104,100.0,99.99826342240341,30.0,30.002656673289025,-8.430087242965367,-8.42565059686205,29.815281885762538,29.80651643301438,30.810722981795244,30.766267558115118,16.36766757897976,34.03490710272143,2896.0441545911194,2995.821841841268,2992.75128647568,-0.0019638328945404135,0.19909582236351034,0.20541660632500908,22.500891672337747,22.440847618146872,0.0,0.0,0.6454905270039444,0.0,True,thermal_anomaly,1.0,0.6454905270039444,thermal_anomaly,0.6454905270039444,0.6454905270039444,59,thermal_anomaly,2.915355795800741,0.6454905270039444,abrupt,0.0,0.7569079934974283,1569720506,thermal_anomaly
19020.0,317.0,5.283333333333333,1,597.4948841827189,341.86526713848417,-255.62961704423475,100.0,99.95766741360721,30.0,29.97807673530149,-8.520987234807825,-8.52377677988261,29.84152086590961,29.908388937036587,30.83727390956722,30.88288721460537,16.4909357815198,33.64357271564154,2796.631678462105,2896.226760151687,2893.4801274573333,-0.001979949682094374,0.19949874205235935,0.19838169560929786,22.498920422629677,22.472434575678612,0.0,0.0,0.6454905270039444,0.0,True,thermal_anomaly,1.0,0.6454905270039444,thermal_anomaly,0.6454905270039444,0.6454905270039444,59,thermal_anomaly,2.915355795800741,0.6454905270039444,abrupt,0.0,0.7569079934974283,1569720506,thermal_anomaly
19080.0,318.0,5.3,1,596.2575895652803,338.24429495415046,-258.0132946111299,100.0,99.7308454710593,30.0,30.017190371181396,-8.60044315370433,-8.587186710160784,29.868026158485538,29.94985127071978,30.862982001399384,30.816300911239768,16.59976770026714,33.28722636315994,2706.1073738537616,2801.1670670027247,2800.8021474098346,-0.0018820726328891576,0.19705181582222894,0.19808314294097093,22.49686248880332,22.54800986056886,0.0,0.0,0.6454905270039444,0.0,True,thermal_anomaly,1.0,0.6454905270039444,thermal_anomaly,0.6454905270039444,0.6454905270039444,59,thermal_anomaly,2.915355795800741,0.6454905270039444,abrupt,0.0,0.7569079934974283,1569720506,thermal_anomaly
19140.0,319.0,5.316666666666666,1,595.038527595294,335.13710349045203,-259.90142410484196,100.0,99.87342187925321,30.0,30.00784686250753,-8.663380803494732,-8.662235912232068,29.894723756602662,29.91111562730588,30.887952512734987,30.906471638740875,16.686691260768047,32.981442090819655,2628.427587261301,2714.7973271320125,2710.107387082418,-0.001674479443640848,0.1918619860910212,0.1890942878419875,22.49471822603564,22.50405669954555,0.0,0.0,0.6454905270039444,0.0,True,thermal_anomaly,1.0,0.6454905270039444,thermal_anomaly,0.6454905270039444,0.6454905270039444,59,thermal_anomaly,2.915355795800741,0.6454905270039444,abrupt,0.0,0.7569079934974283,1569720506,thermal_anomaly
19200.0,320.0,5.333333333333333,1,593.843637420138,332.6794919243113,-261.16414549582663,100.0,100.0,30.0,30.017576769316296,-8.705471516527554,-8.699965637248786,29.921518159400115,29.98376956648304,30.912316911572443,30.81100586780895,16.74517665106497,32.73958413863768,2566.9872981077824,2640.8923126198974,2638.841062514056,-0.0013662429328623609,0.184156073321559,0.18448269875726125,22.49249239387966,22.488846484826997,0.0,0.0,0.6454905270039444,0.0,True,thermal_anomaly,1.0,0.6454905270039444,thermal_anomaly,0.6454905270039444,0.6454905270039444,59,thermal_anomaly,2.915355795800741,0.6454905270039444,abrupt,0.0,0.7569079934974283,1569720506,thermal_anomaly
19260.0,321.0,5.35,1,592.6787404246356,330.978869674097,-261.69987075053865,100.0,100.0,30.0,30.02490654555263,-8.723329025017955,-8.727936646280591,29.94829705568788,29.90890749398729,30.936227162206798,30.896451450634395,16.770075447356824,32.57222285968755,2524.471741852424,2582.682027236161,2584.3739956308664,-0.0009708345151577046,0.1742708628789426,0.17356136051613483,22.490193975209003,22.469364935095307,0.0,0.0,0.6454905270039444,0.0,True,thermal_anomaly,1.0,0.6454905270039444,thermal_anomaly,0.6454905270039444,0.6454905270039444,59,thermal_anomaly,2.915355795800741,0.6454905270039444,abrupt,0.0,0.7569079934974283,1569720506,thermal_anomaly
19320.0,322.0,5.366666666666666,1,591.549511869854,330.1095620926345,-261.43994977721945,100.0,100.0,30.0,29.969507421708375,-8.714664992573981,-8.72579145948361,29.97493721759163,29.941926504658486,30.959849113039958,30.943567041524176,16.757988779682723,32.486672744947924,2502.739052315864,2542.710539776012,2542.020901403556,-0.0005055354357605887,0.16263838589401472,0.16048054826290895,22.487835811905146,22.579884797529353,0.0,0.0,0.6454905270039444,0.0,True,thermal_anomaly,1.0,0.6454905270039444,thermal_anomaly,0.6454905270039444,0.6454905270039444,59,thermal_anomaly,2.915355795800741,0.6454905270039444,abrupt,0.0,0.7569079934974283,1569720506,thermal_anomaly
19380.0,323.0,5.383333333333334,1,590.4614532438022,330.1095620926345,-260.3518911511677,100.0,99.91857973599912,30.0,29.973470853324475,-8.67839637170559,-8.651573201273504,30.00131122473079,30.01690856463565,30.983355277444815,31.000814418081237,16.707522991813786,32.486672744947924,2502.7390523158633,2522.724796045938,2522.981981270717,9.318502806628603e-06,0.15023296257016572,0.15103799890912434,22.485435325453665,22.445028241018555,0.0,0.0,0.6454905270039444,0.0,True,thermal_anomaly,1.0,0.6454905270039444,thermal_anomaly,0.6454905270039444,0.6454905270039444,59,thermal_anomaly,2.915355795800741,0.6454905270039444,abrupt,0.0,0.7569079934974283,1569720506,thermal_anomaly
19440.0,324.0,5.4,1,589.4198654587356,330.9788696740969,-258.44099578463863,100.0,99.84454317078416,30.0,30.001123244489197,-8.614699859487954,-8.604236447624496,30.02729453886805,29.944120259511063,31.00691732319487,31.013575719914805,16.61940219858411,32.57222285968755,2524.471741852423,2523.5982689491807,2523.6522326216236,0.0005512257128852536,0.16378064282213134,0.15857415137281738,22.48308319900433,22.558664692882942,0.0,0.0,0.6454905270039444,0.0,True,thermal_anomaly,1.0,0.6454905270039444,thermal_anomaly,0.6454905270039444,0.6454905270039444,59,thermal_anomaly,2.915355795800741,0.6454905270039444,abrupt,0.0,0.7569079934974283,1569720506,thermal_anomaly
19500.0,325.0,5.416666666666667,1,588.4298230256422,332.6794919243112,-255.75033110133103,100.0,100.0,30.0,30.00189390280518,-8.525011036711033,-8.528934157620437,30.05277240146163,30.084804348259887,31.030698598708,31.0182142518106,16.49642295914276,32.73958413863767,2566.98729810778,2545.2927835284804,2549.6439243869168,0.0010965022490355475,0.1774125562258887,0.1720460721902162,22.480799941865016,22.575467926906615,0.0,0.0,0.6454905270039444,0.0,True,thermal_anomaly,1.0,0.6454905270039444,thermal_anomaly,0.6454905270039444,0.6454905270039444,59,thermal_anomaly,2.915355795800741,0.6454905270039444,abrupt,0.0,0.7569079934974283,1569720506,thermal_anomaly
19560.0,326.0,5.433333333333334,0,0.0,335.1371034904521,335.1371034904521,99.50128407218682,99.59806132153795,29.980051362887473,29.998152859035397,11.178670090783127,11.181737839403832,30.08107105964553,30.13873601948875,31.045043731803332,31.102484771378844,20.679371104944707,32.98144209081966,2628.427587261303,2586.860185394892,2580.5082168004296,0.001621316910100653,0.19053292275251632,0.1886227446121227,22.478603744114857,22.40673824556683,0.0,0.0,0.6454905270039444,0.0,True,thermal_anomaly,1.0,0.6454905270039444,thermal_anomaly,0.6454905270039444,0.6454905270039444,59,thermal_anomaly,2.915355795800741,0.6454905270039444,abrupt,0.0,0.7569079934974283,1569720506,thermal_anomaly
19620.0,327.0,5.45,0,0.0,338.2442949541506,338.2442949541506,98.99794434755268,99.0362309206987,29.959917773902106,29.967648713823735,11.289893967893097,11.292491393409769,30.109932096219204,30.22178544094485,31.059930118686687,31.16090928316644,20.87929436956068,33.28722636315995,2706.107373853764,2646.4837796243282,2642.9522913242063,0.002102732777051822,0.20256831942629555,0.20032897351177886,22.476509656951098,22.463834933759095,0.0,0.0,0.6454905270039444,0.0,True,thermal_anomaly,1.0,0.6454905270039444,thermal_anomaly,0.6454905270039444,0.6454905270039444,59,thermal_anomaly,2.915355795800741,0.6454905270039444,abrupt,0.0,0.7569079934974283,1569720506,thermal_anomaly
19680.0,328.0,5.466666666666667,0,0.0,341.8652671384838,341.8652671384838,98.48921627145373,98.65806333324092,29.93956865085815,29.884013652528616,11.418510103641223,11.418444154170398,30.1394658774475,30.15500565530333,31.075456230484168,31.168785481206502,21.1129477440157,33.6435727156415,2796.6316784620944,2721.5577290432116,2720.5070877540707,0.0025197096664136176,0.21299274166034043,0.21355881853664244,22.474528901061596,22.44458738592904,0.0,0.0,0.6454905270039444,0.0,True,thermal_anomaly,1.0,0.6454905270039444,thermal_anomaly,0.6454905270039444,0.6454905270039444,59,thermal_anomaly,2.915355795800741,0.6454905270039444,abrupt,0.0,0.7569079934974283,1569720506,thermal_anomaly
19740.0,329.0,5.483333333333333,0,0.0,345.8417661836449,345.8417661836449,97.9745707860614,97.99686912394367,29.918982831442456,29.8896744259289,11.559275531927272,11.545429633175432,30.169753613005007,30.205671326495374,31.091688907560243,31.120616572009137,21.371705970900166,34.034907102721434,2896.0441545911217,2808.8009418171673,2809.128314069355,0.0028540236872440883,0.2213505921811022,0.22188885534525413,22.472668338302807,22.589222533576812,0.0,0.0,0.6454905270039444,0.0,True,thermal_anomaly,1.0,0.6454905270039444,thermal_anomaly,0.6454905270039444,0.6454905270039444,59,thermal_anomaly,2.915355795800741,0.6454905270039444,abrupt,0.0,0.7569079934974283,1569720506,thermal_anomaly
19800.0,330.0,5.5,0,0.0,350.0000000000001,350.0000000000001,97.45373745272806,97.37781736984695,29.898149498109124,29.880449150475442,11.706410124885338,11.719663350301234,30.200842853673233,30.215961272513663,31.108660456270524,31.09341516817319,21.645560946020602,34.44412633385355,3000.0000000000023,2904.4004709085843,2901.863307501621,0.003091063712615938,0.22727659281539844,0.2270447508555003,22.470930135541817,22.42030376620811,0.0,0.0,0.6454905270039444,0.0,True,thermal_anomaly,1.0,0.6454905270039444,thermal_anomaly,0.6454905270039444,0.6454905270039444,59,thermal_anomaly,2.915355795800741,0.6454905270039444,abrupt,0.0,0.7569079934974283,1569720506,thermal_anomaly
19860.0,331.0,5.516666666666667,0,0.0,354.158233816355,354.158233816355,96.92671627145373,97.13388258519484,29.87706865085815,29.859202521913694,11.853848111909151,11.861421591604659,30.232744116894203,30.111479874258766,31.126367254928205,31.0272533460496,21.923455109876137,34.85334556498564,3103.9558454088756,3004.1781581587297,3004.230039647815,0.0032204699559762523,0.2305117488994063,0.23187043493310544,22.469311640841003,22.515724419167086,0.0,0.0,0.6454905270039444,0.0,True,thermal_anomaly,1.0,0.6454905270039444,thermal_anomaly,0.6454905270039444,0.6454905270039444,59,thermal_anomaly,2.915355795800741,0.6454905270039444,abrupt,0.0,0.7569079934974283,1569720506,thermal_anomaly
19920.0,332.0,5.533333333333333,0,0.0,358.1347328615159,358.1347328615159,96.39377768088599,96.38456242254166,29.85575110723544,29.899337886597394,11.995502359835895,11.99651399032115,30.265429000084627,30.2003701530294,31.144769929910613,31.023061517866612,22.193724054245447,35.24467995206555,3203.368321537897,3103.773239848313,3105.3340598633026,0.003236586743530355,0.23091466858825888,0.2382638677966899,22.467805481653244,22.471924444325367,0.0,0.0,0.6454905270039444,0.0,True,thermal_anomaly,1.0,0.6454905270039444,thermal_anomaly,0.6454905270039444,0.6454905270039444,59,thermal_anomaly,2.915355795800741,0.6454905270039444,abrupt,0.0,0.7569079934974283,1569720506,thermal_anomaly
19980.0,333.0,5.55,0,0.0,361.75570504584937,361.75570504584937,95.85545073885348,95.7629342979081,29.83421802955414,29.839850582248733,12.125529976602362,12.105581444302409,30.298830099419128,30.275553798653185,31.16379509420951,31.226822542638782,22.444636082137762,35.601026304547126,3293.892626146234,3198.8329329972735,3199.809264004091,0.003138709694325018,0.22846774235812545,0.22835460124721868,22.466399883026355,22.411481742502698,0.0,0.0,0.6454905270039444,0.0,True,thermal_anomaly,1.0,0.6454905270039444,thermal_anomaly,0.6454905270039444,0.6454905270039444,59,thermal_anomaly,2.915355795800741,0.6454905270039444,abrupt,0.0,0.7569079934974283,1569720506,thermal_anomaly
20040.0,334.0,5.566666666666666,0,0.0,364.8628965095478,364.8628965095478,95.31249999999997,95.33475626625278,29.8125,29.82137767569386,12.238587723590701,12.231960989221124,30.332842955761063,30.41176798642144,31.183338572442683,31.207958785180985,22.665000262501167,35.906810576887416,3371.572412738695,3285.2026728679843,3285.552108571948,0.002931116505076736,0.2232779126269184,0.2239387467902782,22.46507919183764,22.415063064269884,0.0,0.0,0.6454905270039444,0.0,True,thermal_anomaly,1.0,0.6454905270039444,thermal_anomaly,0.6454905270039444,0.6454905270039444,59,thermal_anomaly,2.915355795800741,0.6454905270039444,abrupt,0.0,0.7569079934974283,1569720506,thermal_anomaly
20100.0,335.0,5.583333333333333,0,0.0,367.32050807568874,367.32050807568874,94.76589210107781,95.03545519918119,29.790635684043114,29.81888477155335,12.33006613123191,12.297255108008597,30.367330106569256,30.299203136719107,31.20326997137866,31.23110230091115,22.844800369103343,36.14866852906941,3433.0127018922185,3359.107687380101,3358.1540408155856,0.0026228799942983275,0.21557199985745817,0.217754283085755,22.463824581724896,22.52324089636117,0.0,0.0,0.6454905270039444,0.0,True,thermal_anomaly,1.0,0.6454905270039444,thermal_anomaly,0.6454905270039444,0.6454905270039444,59,thermal_anomaly,2.915355795800741,0.6454905270039444,abrupt,0.0,0.7569079934974283,1569720506,thermal_anomaly
20160.0,336.0,5.6,0,0.0,369.0211303259031,369.0211303259031,94.21675351428333,94.44137732329303,29.768670140571334,29.780160199387616,12.396292094451642,12.418588201961219,30.402127148374984,30.312757564933307,31.223438396221226,31.23069793638086,22.97580252033631,36.316029808019536,3475.5282581475763,3417.3179727638394,3414.1133775873423,0.00222747157659365,0.20568678941484125,0.1999796548940786,22.462614903551867,22.389676947749916,0.0,0.0,0.6454905270039444,0.0,True,thermal_anomaly,1.0,0.6454905270039444,thermal_anomaly,0.6454905270039444,0.6454905270039444,59,thermal_anomaly,2.915355795800741,0.6454905270039444,abrupt,0.0,0.7569079934974283,1569720506,thermal_anomaly
20220.0,337.0,5.616666666666666,0,0.0,369.8904379073655,369.8904379073655,93.6663213150164,93.8599979406656,29.746652852600654,29.735778475623437,12.434691047097997,12.448285116208632,30.437050530441166,30.508873363012565,31.243679062824995,31.329714811535613,23.052081220001494,36.40157992275916,3497.2609476841367,3457.2894602239876,3450.228522218682,0.0017621724971965131,0.19405431242991283,0.19033896535742226,22.46142763870688,22.40985038109284,0.0,0.0,0.6454905270039444,0.0,True,thermal_anomaly,1.0,0.6454905270039444,thermal_anomaly,0.6454905270039444,0.6454905270039444,59,thermal_anomaly,2.915355795800741,0.6454905270039444,abrupt,0.0,0.7569079934974283,1569720506,thermal_anomaly
20280.0,338.0,5.633333333333334,0,0.0,369.8904379073655,369.8904379073655,93.11588911574948,93.2278627809186,29.724635564629978,29.721643970178544,12.443901527509611,12.484684501865422,30.471906630989764,30.505048698178623,31.26382051685699,31.319932483185262,23.07041272316765,36.40157992275916,3497.2609476841367,3477.2752039540624,3477.69049383182,0.0012473185586292885,0.18118296396573222,0.1770118103443778,22.460239907817154,22.469676796490834,0.0,0.0,0.6454905270039444,0.0,True,thermal_anomaly,1.0,0.6454905270039444,thermal_anomaly,0.6454905270039444,0.6454905270039444,59,thermal_anomaly,2.915355795800741,0.6454905270039444,abrupt,0.0,0.7569079934974283,1569720506,thermal_anomaly
20340.0,339.0,5.65,0,0.0,369.0211303259031,369.0211303259031,92.56675052895498,92.42322285227456,29.702670021158198,29.67586967131835,12.42383698378082,12.426438287863594,30.506501536399025,30.462102642780373,31.28369214439258,31.29494730028112,23.03049593702397,36.316029808019536,3475.5282581475767,3476.4017310508193,3480.897077129746,0.0007054113485506565,0.1676352837137664,0.16865791771078023,22.45902948581203,22.450781114023936,0.0,0.0,0.6454905270039444,0.0,True,thermal_anomaly,1.0,0.6454905270039444,thermal_anomaly,0.6454905270039444,0.6454905270039444,59,thermal_anomaly,2.915355795800741,0.6454905270039444,abrupt,0.0,0.7569079934974283,1569720506,thermal_anomaly
20400.0,340.0,5.666666666666667,0,0.0,367.32050807568874,367.32050807568874,92.02014263003282,91.94373062146344,29.680805705201312,29.71648378369633,12.375691944619916,12.331732721173454,30.540650869692858,30.614286539957373,31.303131645697174,31.230697860676326,22.934977993709587,36.14866852906941,3433.012701892219,3454.7072164715196,3459.3267638808784,0.00016013481240035557,0.15400337031000888,0.15274249629716294,22.45777577562494,22.453348215028324,0.0,0.0,0.6454905270039444,0.0,True,thermal_anomaly,1.0,0.6454905270039444,thermal_anomaly,0.6454905270039444,0.6454905270039444,59,thermal_anomaly,2.915355795800741,0.6454905270039444,abrupt,0.0,0.7569079934974283,1569720506,thermal_anomaly
20460.0,341.0,5.683333333333334,0,0.0,364.86289650954785,364.86289650954785,91.47719189117932,91.2406437114427,29.65908767564717,29.60949061831099,12.30189210469659,12.356163265474114,30.57418900824237,30.61288068319451,31.32199214555389,31.34189359155135,22.789281853506868,35.906810576887416,3371.572412738696,3413.1398146051074,3413.795115031126,-0.000364679848664743,0.15911699621661857,0.16210751060387915,22.45650992862381,22.43847088563976,0.0,0.0,0.6454905270039444,0.0,True,thermal_anomaly,1.0,0.6454905270039444,thermal_anomaly,0.6454905270039444,0.6454905270039444,59,thermal_anomaly,2.915355795800741,0.6454905270039444,abrupt,0.0,0.7569079934974283,1569720506,thermal_anomaly
20520.0,342.0,5.7,0,0.0,361.7557050458496,361.7557050458496,90.9388649491468,91.12049794323978,29.637554597965874,29.650322058128957,12.20599033736333,12.173890105769114,30.60697709294593,30.628747954656294,31.34014862938223,31.385864503753886,22.601253914323724,35.60102630454715,3293.8926261462407,3353.5162203756745,3350.888552500938,-0.0008460957156158409,0.17115239289039602,0.16616915143743025,22.45523253721194,22.554200998711867,0.0,0.0,0.6454905270039444,0.0,True,thermal_anomaly,1.0,0.6454905270039444,thermal_anomaly,0.6454905270039444,0.6454905270039444,59,thermal_anomaly,2.915355795800741,0.6454905270039444,abrupt,0.0,0.7569079934974283,1569720506,thermal_anomaly
20580.0,343.0,5.716666666666667,0,0.0,358.13473286151617,358.13473286151617,90.40592635857907,90.2151909331701,29.616237054343163,29.640232507285724,12.09251304290855,12.104728186300921,30.638909353394894,30.67638808915012,31.357503423858894,31.41110116287179,22.380667640492238,35.24467995206558,3203.368321537904,3278.4422709567893,3280.157507034474,-0.0012630726049777494,0.18157681512444374,0.18192887768505644,22.453923515837335,22.37508339300405,0.0,0.0,0.6454905270039444,0.0,True,thermal_anomaly,1.0,0.6454905270039444,thermal_anomaly,0.6454905270039444,0.6454905270039444,59,thermal_anomaly,2.915355795800741,0.6454905270039444,abrupt,0.0,0.7569079934974283,1569720506,thermal_anomaly
20640.0,344.0,5.733333333333333,0,0.0,354.15823381635533,354.15823381635533,89.87890517730473,89.85042823937313,29.595156207092188,29.60535427770377,11.966763457443243,11.980108540909555,30.669917438299947,30.60968113406143,31.373990482511662,31.366467423439587,22.13863211677108,34.85334556498567,3103.9558454088833,3191.1990581828363,3183.8059675534837,-0.001597386625808114,0.18993466564520284,0.19297832358282374,22.45256472271362,22.449569173456627,0.0,0.0,0.6454905270039444,0.0,True,thermal_anomaly,1.0,0.6454905270039444,thermal_anomaly,0.6454905270039444,0.6454905270039444,59,thermal_anomaly,2.915355795800741,0.6454905270039444,abrupt,0.0,0.7569079934974283,1569720506,thermal_anomaly
20700.0,345.0,5.75,0,0.0,350.0000000000001,350.0000000000001,89.3580718439714,89.33445031805682,29.574322873758856,29.583702961253746,11.834590482223797,11.817160225913556,30.699972624688623,30.830037236195267,31.3895782889858,31.354013949860217,21.88696045561453,34.44412633385355,3000.000000000003,3095.59952909142,3096.728524542116,-0.0018344266511799916,0.19586066627949977,0.19385317370774005,22.45114071668805,22.413949182883094,0.0,0.0,0.6454905270039444,0.0,True,thermal_anomaly,1.0,0.6454905270039444,thermal_anomaly,0.6454905270039444,0.6454905270039444,59,thermal_anomaly,2.915355795800741,0.6454905270039444,abrupt,0.0,0.7569079934974283,1569720506,thermal_anomaly
20760.0,346.0,5.766666666666667,0,0.0,345.8417661836449,345.8417661836449,88.84342635857907,88.6095558069059,29.553737054343163,29.50848025760128,11.702133153168209,11.70869943182048,30.729085958096807,30.649461534465498,31.404271251096674,31.424823551296228,21.637551531817447,34.034907102721434,2896.044154591123,2995.8218418412716,2994.295523059192,-0.0019638328945404127,0.1990958223635103,0.20034421763626373,22.44963940322605,22.46589981148654,0.0,0.0,0.6454905270039444,0.0,True,thermal_anomaly,1.0,0.6454905270039444,thermal_anomaly,0.6454905270039444,0.6454905270039444,59,thermal_anomaly,2.915355795800741,0.6454905270039444,abrupt,0.0,0.7569079934974283,1569720506,thermal_anomaly
20820.0,347.0,5.783333333333333,0,0.0,341.86526713848406,341.86526713848406,88.33469828248013,88.45575700366645,29.533387931299206,29.568426556258206,11.575551979804473,11.60278783165787,30.757306526289916,30.803327627585475,31.418109524742214,31.416445124847346,21.401830196031586,33.643572715641525,2796.6316784621017,2896.226760151687,2892.3495077175885,-0.0019799496820944724,0.1994987420523618,0.2043759262009585,22.448052545536317,22.54273718032667,0.0,0.0,0.6454905270039444,0.0,True,thermal_anomaly,1.0,0.6454905270039444,thermal_anomaly,0.6454905270039444,0.6454905270039444,59,thermal_anomaly,2.915355795800741,0.6454905270039444,abrupt,0.0,0.7569079934974283,1569720506,thermal_anomaly
20880.0,348.0,5.8,0,0.0,338.2442949541506,338.2442949541506,87.83135855784599,87.51678552424217,29.51325434231384,29.526583342554265,11.46075898750352,11.43148997670342,30.784718173849832,30.717560699344926,31.431167275371457,31.501353345239927,21.19027763063058,33.28722636315995,2706.107373853765,2801.1670670027256,2798.7666082471865,-0.001882072632889122,0.19705181582222803,0.1938453105825267,22.446376120788162,22.54981031146201,0.0,0.0,0.6454905270039444,0.0,True,thermal_anomaly,1.0,0.6454905270039444,thermal_anomaly,0.6454905270039444,0.6454905270039444,59,thermal_anomaly,2.915355795800741,0.6454905270039444,abrupt,0.0,0.7569079934974283,1569720506,thermal_anomaly
20940.0,349.0,5.816666666666666,0,0.0,335.13710349045215,335.13710349045215,87.33264263003281,87.32726811402614,29.493305705201312,29.468513389454234,11.363158366861155,11.369511128397171,30.8114350155097,30.727786158608268,31.443549452991796,31.378606960544207,21.0120673506885,32.98144209081966,2628.4275872613034,2714.7973271320143,2716.3273023220518,-0.0016744794436408337,0.19186198609102084,0.1982847038777848,22.444610505780595,22.395799986056623,0.0,0.0,0.6454905270039444,0.0,True,thermal_anomaly,1.0,0.6454905270039444,thermal_anomaly,0.6454905270039444,0.6454905270039444,59,thermal_anomaly,2.915355795800741,0.6454905270039444,abrupt,0.0,0.7569079934974283,1569720506,thermal_anomaly
21000.0,350.0,5.833333333333333,0,0.0,332.6794919243112,332.6794919243112,86.8375838622883,87.03559448528117,29.473503354491534,29.475017828622406,11.287409166227041,11.289312015945118,30.837596103169265,30.76000205968262,31.455387221662924,31.651391671539336,20.874806359925266,32.73958413863767,2566.9872981077806,2640.8923126198974,2638.988463713097,-0.0013662429328624034,0.1841560733215601,0.1851390502696226,22.44276048152653,22.33902397736159,0.0,0.0,0.6454905270039444,0.0,True,thermal_anomaly,1.0,0.6454905270039444,thermal_anomaly,0.6454905270039444,0.6454905270039444,59,thermal_anomaly,2.915355795800741,0.6454905270039444,abrupt,0.0,0.7569079934974283,1569720506,thermal_anomaly
21060.0,351.0,5.85,0,0.0,330.97886967409704,330.97886967409704,86.34505578241614,86.65749134477,29.453802231296645,29.45885339750944,11.237220480906528,11.233327622578129,30.86335955479972,30.888849665594808,31.466832243230964,31.55886713171708,20.784367835979573,32.57222285968756,2524.471741852425,2582.682027236161,2578.778506627861,-0.0009708345151576903,0.17427086287894225,0.1740406235418629,22.440835052198523,22.475422745152876,0.0,0.0,0.6454905270039444,0.0,True,thermal_anomaly,1.0,0.6454905270039444,thermal_anomaly,0.6454905270039444,0.6454905270039444,59,thermal_anomaly,2.915355795800741,0.6454905270039444,abrupt,0.0,0.7569079934974283,1569720506,thermal_anomaly
21120.0,352.0,5.866666666666666,0,0.0,330.1095620926346,330.1095620926346,85.85382131501638,85.86150346383451,29.434152852600654,29.423970929629593,11.215188143709995,11.239351363373306,30.888896379540636,30.91322357377895,31.4780500651314,31.6210381719415,20.744793512964222,32.48667274494793,2502.739052315864,2542.710539776012,2541.1992317753356,-0.0005055354357605887,0.16263838589401472,0.16168642937813618,22.438847080817244,22.410851290791477,0.0,0.0,0.6454905270039444,0.0,True,thermal_anomaly,1.0,0.6454905270039444,thermal_anomaly,0.6454905270039444,0.6454905270039444,59,thermal_anomaly,2.915355795800741,0.6454905270039444,abrupt,0.0,0.7569079934974283,1569720506,thermal_anomaly
21180.0,353.0,5.883333333333334,0,0.0,330.1095620926345,330.1095620926345,85.36258684761663,85.2260967777118,29.414503473904666,29.41519833135854,11.222680076360769,11.222922195984442,30.91438415240157,30.892820458470393,31.489212901245928,31.50153196803835,20.75824175276676,32.486672744947924,2502.7390523158633,2522.724796045938,2529.63414553615,9.318502806628603e-06,0.15023296257016572,0.1482270132041801,22.436814009848923,22.40012089561703,0.0,0.0,0.6454905270039444,0.0,True,thermal_anomaly,1.0,0.6454905270039444,thermal_anomaly,0.6454905270039444,0.6454905270039444,59,thermal_anomaly,2.915355795800741,0.6454905270039444,abrupt,0.0,0.7569079934974283,1569720506,thermal_anomaly
21240.0,354.0,5.9,0,0.0,330.9788696740969,330.9788696740969,84.87005876774447,85.12848741119583,29.394802350709778,29.405344214194443,11.259775307388825,11.303560100870929,30.940000624076454,30.908408359945717,31.500492121324857,31.430893416782933,20.824961102889816,32.57222285968755,2524.4717418524237,2523.5982689491807,2521.018698677801,0.0005512257128852607,0.1637806428221315,0.1732990275624819,22.434826543266624,22.34888983981933,0.0,0.0,0.6454905270039444,0.0,True,thermal_anomaly,1.0,0.6454905270039444,thermal_anomaly,0.6454905270039444,0.6454905270039444,59,thermal_anomaly,2.915355795800741,0.6454905270039444,abrupt,0.0,0.7569079934974283,1569720506,thermal_anomaly
21300.0,355.0,5.916666666666667,0,0.0,332.67949192431126,332.67949192431126,84.37499999999994,84.22270130845793,29.374999999999996,29.371826228844395,11.325259299551023,11.345567295371584,30.965917312465688,31.022532344138458,31.512050777223678,31.375846037135762,20.94327776122452,32.739584138637674,2566.987298107782,2545.292783528482,2552.0681512471742,0.0010965022490355756,0.1774125562258894,0.18374897009282903,22.432905211045345,22.434956081408973,0.0,0.0,0.6454905270039444,0.0,True,thermal_anomaly,1.0,0.6454905270039444,thermal_anomaly,0.6454905270039444,0.6454905270039444,59,thermal_anomaly,2.915355795800741,0.6454905270039444,abrupt,0.0,0.7569079934974283,1569720506,thermal_anomaly
21360.0,356.0,5.933333333333334,0,0.0,335.13710349045203,335.13710349045203,83.87628407218678,83.96700252818137,29.355051362887473,29.345051183162603,11.416675765526124,11.392983749593142,30.99229312166339,30.971666113647334,31.52403649259353,31.372583421784583,21.109596747871286,32.981442090819655,2628.4275872613002,2586.860185394891,2588.7624819149887,0.0016213169101006036,0.1905329227525151,0.1906890400820295,22.431068223776332,22.36591460796861,0.0,0.0,0.6454905270039444,0.0,True,thermal_anomaly,1.0,0.6454905270039444,thermal_anomaly,0.6454905270039444,0.6454905270039444,59,thermal_anomaly,2.915355795800741,0.6454905270039444,abrupt,0.0,0.7569079934974283,1569720506,thermal_anomaly
21420.0,357.0,5.95,0,0.0,338.2442949541504,338.2442949541504,83.37294434755262,83.2534398999382,29.334917773902106,29.351770460689394,11.530432693255081,11.488969448481292,31.019268071894107,31.033560555115184,31.536575026780614,31.501048196033555,21.318428152554013,33.28722636315993,2706.1073738537607,2646.483779624326,2643.7297994997243,0.0021027327770517935,0.20256831942629483,0.20838265882460552,22.42933065301511,22.389949472591727,0.0,0.0,0.6454905270039444,0.0,True,thermal_anomaly,1.0,0.6454905270039444,thermal_anomaly,0.6454905270039444,0.6454905270039444,59,thermal_anomaly,2.915355795800741,0.6454905270039444,abrupt,0.0,0.7569079934974283,1569720506,thermal_anomaly
21480.0,358.0,5.966666666666667,0,0.0,341.8652671384839,341.8652671384839,82.86421627145369,82.70099708766132,29.31456865085815,29.339378686393122,11.661957957156439,11.721735151618391,31.04695729197308,30.963714815491105,31.549764794223357,31.52726561875068,21.562458976617915,33.64357271564151,2796.6316784620976,2721.5577290432116,2720.694581585891,0.002519709666413688,0.21299274166034218,0.22140765359902942,22.42770373965513,22.305284447527384,0.0,0.0,0.6454905270039444,0.0,True,thermal_anomaly,1.0,0.6454905270039444,thermal_anomaly,0.6454905270039444,0.6454905270039444,59,thermal_anomaly,2.915355795800741,0.6454905270039444,abrupt,0.0,0.7569079934974283,1569720506,thermal_anomaly
21540.0,359.0,5.983333333333333,0,0.0,345.8417661836447,345.8417661836447,82.34957078606136,82.31895248320619,29.293982831442456,29.326469343780968,11.805897756328248,11.807361986640492,31.07544550891382,31.07193154279402,31.563672578876417,31.641560197989808,21.832695651689274,34.03490710272142,2896.0441545911185,2808.8009418171646,2811.697299209037,0.0028540236872440384,0.22135059218110095,0.2141709190118637,22.42619436560689,22.506954285810075,0.0,0.0,0.6454905270039444,0.0,True,thermal_anomaly,1.0,0.6454905270039444,thermal_anomaly,0.6454905270039444,0.6454905270039444,59,thermal_anomaly,2.915355795800741,0.6454905270039444,abrupt,0.0,0.7569079934974283,1569720506,thermal_anomaly
21600.0,360.0,6.0,1,600.0,349.99999999999994,-250.00000000000006,82.72159459558517,82.66650019412876,29.308863783823405,29.290825695811325,-8.529842775344429,-8.547813136237735,31.097092097725398,30.97070539691781,31.58813392190286,31.58248468732059,16.50301532682681,34.44412633385354,2999.9999999999986,2904.4004709085825,2904.2401963899706,0.0030910637126159235,0.22727659281539808,0.23050002137996678,22.42480471764112,22.394921863009607,0.0,0.0,0.6454905270039444,0.0,True,thermal_anomaly,1.0,0.6454905270039444,thermal_anomaly,0.6454905270039444,0.6454905270039444,59,thermal_anomaly,2.915355795800741,0.6454905270039444,abrupt,0.0,0.7569079934974283,1569720506,thermal_anomaly
