time_s,time_min,time_h,in_sunlight,solar_power_w,load_power_w,battery_power_w,battery_soc_true,battery_soc_measured,battery_voltage_true,battery_voltage_measured,battery_current_true,battery_current_measured,battery_temp_true,battery_temp_measured,electronics_temp_true,electronics_temp_measured,battery_heat_w,electronics_heat_w,wheel_target_speed_rpm,wheel_speed_true,wheel_speed_measured,wheel_torque_nm,wheel_current_true,wheel_current_measured,wheel_temp_true,wheel_temp_measured,solar_degradation,battery_degradation,thermal_anomaly,wheel_degradation,fault_active,fault_type,fault_progress,fault_severity,fault_label,fault_requested_severity,fault_effective_severity,scenario_id,scenario_fault_type,scenario_start_time_h,scenario_severity,scenario_profile,scenario_ramp_duration_h,scenario_sensor_noise_scale,scenario_random_seed,scenario_internal_fault_name
0.0,0.0,0.0,1,600.0,350.0,-250.0,90.37202380952381,90.1029790749109,29.61488095238095,29.579570201928252,-8.44170200791912,-8.420684752031386,22.022336622077468,22.011000873549303,24.023,23.865886942661106,6.700986623240457,17.5,3000.0,3000.0,3004.149763828565,0.0006283185307179586,0.16570796326794895,0.1583903694509974,24.979227572821976,25.001279754936032,0.0,0.0,0.0,0.0,False,none,0.0,0.0,nominal,0.277149723120313,0.0,89,battery_voltage_sensor_drift,2.161798969995353,0.277149723120313,gradual,0.7851811151939005,0.916914114191979,1873548368,postprocessed_sensor_fault
60.0,1.0,0.016666666666666666,1,601.2556165273943,354.15823381635516,-247.09738271103913,90.7397282480819,90.56310742346538,29.629589129923275,29.58254328171192,-8.339548065534684,-8.353468891477023,22.0440820855283,22.053452191124098,24.046231823381635,24.045941375278762,6.563844954989063,17.70791169081776,3103.9558454088797,3051.97792270444,3063.9757052875243,0.0019890973650273443,0.1997274341256836,0.2028614544568706,24.95874847619419,24.931626075476363,0.0,0.0,0.0,0.0,False,none,0.0,0.0,nominal,0.277149723120313,0.0,89,battery_voltage_sensor_drift,2.161798969995353,0.277149723120313,gradual,0.7851811151939005,0.916914114191979,1873548368,postprocessed_sensor_fault
120.0,2.0,0.03333333333333333,1,602.5051158172811,358.134732861516,-244.37038295576508,91.10337465128988,91.44885269196273,29.644134986051597,29.708068935560743,-8.243464788928678,-8.269979618201328,22.065272182808812,22.045239169506424,24.069675442080733,23.97781256562872,6.436376938104555,17.9067366430758,3203.3683215379,3127.67312212117,3132.3366093829336,0.002620900448055877,0.21552251120139693,0.2085442337619484,24.938546098704002,24.953845442907333,0.0,0.0,0.0,0.0,False,none,0.0,0.0,nominal,0.277149723120313,0.0,89,battery_voltage_sensor_drift,2.161798969995353,0.277149723120313,gradual,0.7851811151939005,0.916914114191979,1873548368,postprocessed_sensor_fault
180.0,3.0,0.05,1,603.7424104347197,361.7557050458495,-241.98670538887018,91.46347391526143,91.24733301666298,29.658538956610457,29.663565677988064,-8.159090565549752,-8.148658791657812,22.08596608540712,22.166497934672854,24.093293609048672,24.235906098632345,6.325660708547438,18.087785252292473,3293.8926261462366,3210.7828741337034,3209.053544387515,0.002830866546587775,0.22077166366469436,0.21935762908461923,24.918597552843362,24.982908809941353,0.0,0.0,0.0,0.0,False,none,0.0,0.0,nominal,0.277149723120313,0.0,89,battery_voltage_sensor_drift,2.161798969995353,0.277149723120313,gradual,0.7851811151939005,0.916914114191979,1873548368,postprocessed_sensor_fault
240.0,4.0,0.06666666666666667,1,604.961472404706,364.8628965095479,-240.0985758951581,91.82076346272446,91.8878990114025,29.67283053850898,29.715583928385048,-8.091529238626613,-8.054044279703758,22.10624304767322,22.331098864362495,24.117033549827237,24.175112321839837,6.23782763356395,18.243144825477398,3371.572412738697,3291.1776434362005,3292.766692538042,0.002777194931208119,0.21942987328020297,0.2190014097039523,24.898879660493158,24.861170111676884,0.0,0.0,0.0,0.0,False,none,0.0,0.0,nominal,0.277149723120313,0.0,89,battery_voltage_sensor_drift,2.161798969995353,0.277149723120313,gradual,0.7851811151939005,0.916914114191979,1873548368,postprocessed_sensor_fault
300.0,5.0,0.08333333333333333,1,606.156362579862,367.3205080756888,-238.83585450417326,92.17617396049855,92.10883924080893,29.68704695841994,29.695165143687362,-8.045119975681306,-8.041449550516809,22.126198644166678,22.005489710770245,24.140829332236187,24.162595569722342,6.17791643384851,18.36602540378444,3433.0127018922194,3362.0951726642097,3357.6877335752083,0.0025459192073639977,0.21364798018409992,0.21573166092516688,24.879369033248576,24.92770524879816,0.0,0.0,0.0,0.0,False,none,0.0,0.0,nominal,0.277149723120313,0.0,89,battery_voltage_sensor_drift,2.161798969995353,0.277149723120313,gradual,0.7851811151939005,0.916914114191979,1873548368,postprocessed_sensor_fault
360.0,6.0,0.1,1,607.3212595753644,369.0211303259031,-238.3001292494613,92.53078724807214,92.8580031047436,29.701231489922886,29.68091903626862,-8.023240697285983,-7.988954268734212,22.145940756644766,22.190475009683833,24.16460481061089,24.1981703637108,6.149791302926885,18.451056516295154,3475.5282581475767,3418.811715405893,3414.751402853066,0.0021889911831264744,0.20472477957816185,0.2073615400822195,24.860041723756545,24.886563701548145,0.0,0.0,0.0,0.0,False,none,0.0,0.0,nominal,0.277149723120313,0.0,89,battery_voltage_sensor_drift,2.161798969995353,0.277149723120313,gradual,0.7851811151939005,0.916914114191979,1873548368,postprocessed_sensor_fault
420.0,7.0,0.11666666666666667,1,608.450488130146,369.8904379073655,-238.56005022278055,92.88578732280843,92.89956456199165,29.715431492912337,29.70836596702044,-8.028153664188972,-8.019713280925592,22.165585445773118,22.236285108052897,24.18827701591674,24.173538713419486,6.156100100466465,18.494521895368276,3497.2609476841367,3458.036331545015,3452.5573408658447,0.0017429323004629288,0.1935733075115732,0.18839811211261567,24.84087334921582,24.818368669313546,0.0,0.0,0.0,0.0,False,none,0.0,0.0,nominal,0.277149723120313,0.0,89,battery_voltage_sensor_drift,2.161798969995353,0.277149723120313,gradual,0.7851811151939005,0.916914114191979,1873548368,postprocessed_sensor_fault
480.0,8.0,0.13333333333333333,1,609.5385467561977,369.8904379073655,-239.64810884883218,93.2424065324049,93.34660383364796,29.729696261296198,29.708637823598114,-8.060900008615953,-8.048302205523273,22.18525276215152,22.194673085754328,24.211759843580143,24.376622064013866,6.198248715912373,18.494521895368276,3497.2609476841367,3477.6486396145756,3479.002352253146,0.0012376984602625,0.18094246150656249,0.18314501893888863,24.82183963129007,24.675180151397946,0.0,0.0,0.0,0.0,False,none,0.0,0.0,nominal,0.277149723120313,0.0,89,battery_voltage_sensor_drift,2.161798969995353,0.277149723120313,gradual,0.7851811151939005,0.916914114191979,1873548368,postprocessed_sensor_fault
540.0,9.0,0.15,1,610.5801345412646,369.0211303259031,-241.55900421536148,93.60186933629682,93.74688189673371,29.74407477345187,29.76626188328071,-8.121247880635556,-8.143260981269371,22.20506249014894,22.155403047926157,24.234967877864094,24.175878266858714,6.2763733710982015,18.451056516295154,3475.5282581475767,3476.588448881076,3475.8547146077217,0.0007006012993672623,0.16751503248418156,0.1631788790024719,24.802917168998125,24.823704677384782,0.0,0.0,0.0,0.0,False,none,0.0,0.0,nominal,0.277149723120313,0.0,89,battery_voltage_sensor_drift,2.161798969995353,0.277149723120313,gradual,0.7851811151939005,0.916914114191979,1873548368,postprocessed_sensor_fault
600.0,10.0,0.16666666666666666,1,611.5701769743577,367.3205080756888,-244.24966889866886,93.96533610549126,94.00599038715482,29.75861344421965,29.73798636920433,-8.207696549992056,-8.218568788158432,22.22512979058318,22.162982868067107,24.25782018564875,24.25690002210972,6.38930261254012,18.36602540378444,3433.0127018922194,3454.8005753866473,3458.266658101112,0.00015772978780866564,0.15394324469521664,0.1537466614961522,24.7840842940449,24.63772274043482,0.0,0.0,0.0,0.0,False,none,0.0,0.0,nominal,0.277149723120313,0.0,89,battery_voltage_sensor_drift,2.161798969995353,0.277149723120313,gradual,0.7851811151939005,0.916914114191979,1873548368,postprocessed_sensor_fault
660.0,11.0,0.18333333333333332,1,612.503850668262,364.8628965095479,-247.64095415871407,94.33384943013219,94.53401754123438,29.77335397720529,29.76578301074731,-8.317536356445093,-8.339633417417742,22.245560721450556,22.3535561565354,24.280243913814516,24.208871276678398,6.534512883262872,18.243144825477398,3371.572412738697,3413.186494062673,3416.1924721462633,-0.00036588236096057034,0.15914705902401424,0.16357816602349,24.765371298209715,24.762326045431585,0.0,0.0,0.0,0.0,False,none,0.0,0.0,nominal,0.277149723120313,0.0,89,battery_voltage_sensor_drift,2.161798969995353,0.277149723120313,gradual,0.7851811151939005,0.916914114191979,1873548368,postprocessed_sensor_fault
720.0,12.0,0.2,1,613.376606858593,361.7557050458495,-251.62090181274357,94.70828529592498,94.52860365431188,29.788331411837,29.762781573941844,-8.446961944056957,-8.449697985148479,22.266447668077678,22.279559030004904,24.302177533008585,24.373710223778748,6.708093286747719,18.087785252292473,3293.8926261462366,3353.5395601044547,3358.670086466074,-0.0008466969717638359,0.1711674242940959,0.174168495016723,24.746777531689744,24.679434668879487,0.0,0.0,0.0,0.0,False,none,0.0,0.0,nominal,0.277149723120313,0.0,89,battery_voltage_sensor_drift,2.161798969995353,0.277149723120313,gradual,0.7851811151939005,0.916914114191979,1873548368,postprocessed_sensor_fault
780.0,13.0,0.21666666666666667,1,614.184193564921,358.134732861516,-256.049460703405,95.08931127911457,95.36942059495698,29.803572451164584,29.78142372761642,-8.59123385704722,-8.58714510817083,22.287864795185605,22.24740954865056,24.32357358603067,24.191710191953334,6.904743934917956,17.9067366430758,3203.3683215379,3278.4539408211776,3282.4806399934896,-0.001263373233051744,0.1815843308262936,0.17612706679117077,24.72828196644546,24.73799057948781,0.0,0.0,0.0,0.0,False,none,0.0,0.0,nominal,0.277149723120313,0.0,89,battery_voltage_sensor_drift,2.161798969995353,0.277149723120313,gradual,0.7851811151939005,0.916914114191979,1873548368,postprocessed_sensor_fault
840.0,14.0,0.23333333333333334,1,614.9226763059908,354.15823381635516,-260.7644424896356,95.47735360424795,95.652994215139,29.819094144169917,29.82419469720922,-8.744881424931515,-8.729377187871448,22.309863726717456,22.436015348698856,24.344400820724058,24.292391084379837,7.1178360908889795,17.70791169081776,3103.9558454088797,3191.2048931150284,3194.4546166158366,-0.0015975369398450977,0.18993842349612744,0.19218000543993674,24.709865507062307,24.71024079516498,0.0,0.0,0.0,0.0,False,none,0.0,0.0,nominal,0.277149723120313,0.0,89,battery_voltage_sensor_drift,2.161798969995353,0.277149723120313,gradual,0.7851811151939005,0.916914114191979,1873548368,postprocessed_sensor_fault
900.0,15.0,0.25,1,615.5884572681198,350.0,-265.5884572681198,95.8725745228017,95.59079118973476,29.83490298091207,29.861309492601805,-8.901938023329231,-8.880523401913868,22.33246974450947,22.45383535837989,24.364645614158267,24.368451765877698,7.33956004569558,17.5,3000.0,3095.602446557514,3096.8740772507003,-0.00183450180819848,0.195862545204962,0.20055175185283264,24.691511756280946,24.66957725659646,0.0,0.0,0.0,0.0,False,none,0.0,0.0,nominal,0.277149723120313,0.0,89,battery_voltage_sensor_drift,2.161798969995353,0.277149723120313,gradual,0.7851811151939005,0.916914114191979,1873548368,postprocessed_sensor_fault
960.0,16.0,0.26666666666666666,1,616.178292833385,345.84176618364484,-270.3365266497401,96.27486102079239,96.31174368554852,29.850994440831695,29.88282743523538,-9.056198351635487,-9.068161874665384,22.35567885366486,22.415404958018698,24.384312625863366,24.377061371344688,7.561178286733225,17.292088309182244,2896.0441545911203,2995.8233005743177,2992.801463808682,-0.0019638704730496467,0.19909676182624117,0.19840125388363636,24.673207665569283,24.699868266371315,0.0,0.0,0.0,0.0,False,none,0.0,0.0,nominal,0.277149723120313,0.0,89,battery_voltage_sensor_drift,2.161798969995353,0.277149723120313,gradual,0.7851811151939005,0.916914114191979,1873548368,postprocessed_sensor_fault
1020.0,17.0,0.2833333333333333,1,616.6893093822022,341.865267138484,-274.82404224371817,96.68382536936933,96.43396573892369,29.867353014774775,29.836920146652574,-9.20148638909408,-9.182176331679218,22.379456074347853,22.314835727987493,24.403424651570308,24.320802247440387,7.7733881414946895,17.0932633569242,2796.6316784621,2896.227489518209,2894.3940862073528,-0.0019799684713490795,0.19949921178372698,0.20166094514437588,24.654944048653153,24.55235463520369,0.0,0.0,0.0,0.0,False,none,0.0,0.0,nominal,0.277149723120313,0.0,89,battery_voltage_sensor_drift,2.161798969995353,0.277149723120313,gradual,0.7851811151939005,0.916914114191979,1873548368,postprocessed_sensor_fault
1080.0,18.0,0.3,1,617.1190172933127,338.2442949541505,-278.8747223391622,97.09881751570738,97.16360782027068,29.883952700628296,29.916862053074976,-9.331922223705668,-9.325997141418084,22.403735277205577,22.42564569469118,24.42202168385316,24.338674447185564,7.966781791143339,16.912214747707527,2706.1073738537634,2801.1674316859862,2796.4601085672425,-0.001882082027516422,0.19705205068791054,0.19804623427105558,24.636715938974486,24.48477307464134,0.0,0.0,0.0,0.0,False,none,0.0,0.0,nominal,0.277149723120313,0.0,89,battery_voltage_sensor_drift,2.161798969995353,0.277149723120313,gradual,0.7851811151939005,0.916914114191979,1873548368,postprocessed_sensor_fault
1140.0,19.0,0.31666666666666665,1,617.465323072968,335.1371034904521,-282.3282195825159,97.51894879484803,97.45444246292244,29.90075795179392,29.86916537469763,-9.44217601566108,-9.433503685497362,22.428420782318536,22.298869346574158,24.44015922073138,24.30897522883859,8.132375032858029,16.756855174522606,2628.427587261303,2714.797509473645,2713.939731431891,-0.0016744841409544729,0.19186210352386182,0.188067847677763,24.618522775982953,24.64619760916401,0.0,0.0,0.0,0.0,False,none,0.0,0.0,nominal,0.277149723120313,0.0,89,battery_voltage_sensor_drift,2.161798969995353,0.277149723120313,gradual,0.7851811151939005,0.916914114191979,1873548368,postprocessed_sensor_fault
1200.0,20.0,0.3333333333333333,1,617.7265395542198,332.6794919243112,-285.0470476299086,97.9431259490592,97.78223444772793,29.917725037962366,29.927421632438808,-9.527697953912426,-9.563770580823256,22.453390798504888,22.51594862942876,24.45790589615796,24.48371443009394,8.262162264078963,16.633974596215563,2566.9872981077806,2640.8924037907127,2638.106427730551,-0.0013662452815192232,0.18415613203798056,0.18014480530697985,24.60036841001693,24.560082443045967,0.0,0.0,0.0,0.0,False,none,0.0,0.0,nominal,0.277149723120313,0.0,89,battery_voltage_sensor_drift,2.161798969995353,0.277149723120313,gradual,0.7851811151939005,0.916914114191979,1873548368,postprocessed_sensor_fault
1260.0,21.0,0.35,1,617.9013941166289,330.9788696740969,-286.922524442532,98.3700939913844,98.4759558041221,29.934803759655377,29.935048457247742,-9.584914160327042,-9.529162322899051,22.47850260823675,22.522207061171294,24.475340535956107,24.65041365982202,8.349646356867026,16.548943483704846,2524.4717418524233,2582.682072821568,2592.9461897665888,-0.0009708356894861285,0.1742708922371532,0.18286629179475072,24.58226092137587,24.576818963308398,0.0,0.0,0.0,0.0,False,none,0.0,0.0,nominal,0.277149723120313,0.0,89,battery_voltage_sensor_drift,2.161798969995353,0.277149723120313,gradual,0.7851811151939005,0.916914114191979,1873548368,postprocessed_sensor_fault
1320.0,22.0,0.36666666666666664,1,617.9890348863438,330.1095620926345,-287.8794727937093,98.79848606399409,98.4939690296486,29.951939442559762,29.943824846273525,-9.611380035866768,-9.57286206366806,22.503599226239025,22.468948956493865,24.49254876787772,24.5909221892918,8.39029009550866,16.505478104631727,2502.7390523158633,2542.710562568716,2545.6691788448334,-0.0005055360229247973,0.16263840057311993,0.16706047515455794,24.564212256047483,24.486223562413084,0.0,0.0,0.0,0.0,False,none,0.0,0.0,nominal,0.277149723120313,0.0,89,battery_voltage_sensor_drift,2.161798969995353,0.277149723120313,gradual,0.7851811151939005,0.916914114191979,1873548368,postprocessed_sensor_fault
1380.0,23.0,0.38333333333333336,1,617.9890348863438,330.1095620926345,-287.8794727937093,99.22687813660377,98.9863945290092,29.96907512546415,29.967386470000267,-9.605884452173287,-9.615774476138679,22.52851710184386,22.566919788135078,24.509619333943963,24.584412380693617,8.38184128868036,16.505478104631727,2502.7390523158633,2522.7248074422896,2517.0014977066735,9.318209224527915e-06,0.1502329552306132,0.1507907278384881,24.54623894625931,24.390217604412754,0.0,0.0,0.0,0.0,False,none,0.0,0.0,nominal,0.277149723120313,0.0,89,battery_voltage_sensor_drift,2.161798969995353,0.277149723120313,gradual,0.7851811151939005,0.916914114191979,1873548368,postprocessed_sensor_fault
1440.0,24.0,0.4,1,617.9013941166289,330.9788696740969,-286.922524442532,99.65384617892896,99.76972833385396,29.98615384715716,29.944714767465626,-9.568500378708412,-9.61104638970384,22.553094319098754,22.66136807672563,24.52664026623982,24.463041422579703,8.324495959787441,16.548943483704846,2524.4717418524233,2523.5982746473564,2523.489020913441,0.0005512255660942137,0.16378063915235533,0.1690451185201085,24.528430792650212,24.7612469655357,0.0,0.0,0.0,0.0,False,none,0.0,0.0,nominal,0.277149723120313,0.0,89,battery_voltage_sensor_drift,2.161798969995353,0.277149723120313,gradual,0.7851811151939005,0.916914114191979,1873548368,postprocessed_sensor_fault
1500.0,25.0,0.4166666666666667,1,617.7265395542198,332.6794919243112,-285.0470476299086,100.0,99.6742135860378,30.0,30.00252261195487,-9.501568254330287,-9.499302841394572,22.577183699661948,22.606603922437376,24.543695093302333,24.544440606497318,8.222383943335767,16.633974596215563,2566.9872981077806,2545.2927863775685,2535.1289083715915,0.0010965021756400308,0.17741255439100076,0.16978927545074307,24.510807428556266,24.617075396936933,0.0,0.0,0.0,0.0,False,none,0.0,0.0,nominal,0.277149723120313,0.0,89,battery_voltage_sensor_drift,2.161798969995353,0.277149723120313,gradual,0.7851811151939005,0.916914114191979,1873548368,postprocessed_sensor_fault
1560.0,26.0,0.43333333333333335,1,617.465323072968,335.1371034904521,-282.3282195825159,100.0,99.95750536986051,30.0,30.005017670051025,-9.41094065275053,-9.436260634656023,22.600671478522536,22.500697474171247,24.56085924290496,24.511175893743292,8.085264317567404,16.756855174522606,2628.4275872613025,2586.8601868194355,2586.307890823374,0.0016213168734028807,0.190532921835072,0.18633923736817481,24.493386174654585,24.557181270382255,0.0,0.0,0.0,0.0,False,none,0.0,0.0,nominal,0.277149723120313,0.0,89,battery_voltage_sensor_drift,2.161798969995353,0.277149723120313,gradual,0.7851811151939005,0.916914114191979,1873548368,postprocessed_sensor_fault
1620.0,27.0,0.45,1,617.1190172933127,338.2442949541505,-278.8747223391622,100.0,99.85402484666935,30.0,30.02138988678174,-9.295824077972073,-9.303246202728257,22.623444075061695,22.652650543128253,24.578196798457135,24.354058255410898,7.912987623088427,16.912214747707527,2706.107373853763,2646.483780336599,2635.606071705239,0.002102732758702936,0.20256831896757338,0.20219720984965237,24.47618121926103,24.463823444643833,0.0,0.0,0.0,0.0,False,none,0.0,0.0,nominal,0.277149723120313,0.0,89,battery_voltage_sensor_drift,2.161798969995353,0.277149723120313,gradual,0.7851811151939005,0.916914114191979,1873548368,postprocessed_sensor_fault
1680.0,28.0,0.4666666666666667,1,616.6893093822022,341.865267138484,-274.82404224371817,100.0,99.9481865334589,30.0,29.961844738711076,-9.16080140812394,-9.143577902756672,22.645415485928414,22.604735582791328,24.595757750783328,24.648940241527676,7.713622595126845,17.0932633569242,2796.6316784621,2721.5577293993497,2721.6227461040858,0.0025197096572392597,0.21299274143098149,0.21018759884385776,24.4592029266538,24.495022094477193,0.0,0.0,0.0,0.0,False,none,0.0,0.0,nominal,0.277149723120313,0.0,89,battery_voltage_sensor_drift,2.161798969995353,0.277149723120313,gradual,0.7851811151939005,0.916914114191979,1873548368,postprocessed_sensor_fault
1740.0,29.0,0.48333333333333334,1,616.178292833385,345.8417661836448,-270.33652664974016,100.0,100.0,30.0,30.012546591475374,-9.011217554991338,-9.042824288953218,22.666530204165745,22.661265934557274,24.613575865395426,24.82849851341461,7.496163345870727,17.29208830918224,2896.04415459112,2808.800941995234,2810.8790838904833,0.0028540236826568068,0.22135059206642016,0.21491486178271138,24.442457308702856,24.428039319560867,0.0,0.0,0.0,0.0,False,none,0.0,0.0,nominal,0.277149723120313,0.0,89,battery_voltage_sensor_drift,2.161798969995353,0.277149723120313,gradual,0.7851811151939005,0.916914114191979,1873548368,postprocessed_sensor_fault
1800.0,30.0,0.5,1,615.5884572681198,350.0,-265.5884572681198,100.0,100.0,30.0,29.99277338514201,-8.852948575603993,-8.856869764291828,22.68676427586936,22.778839809213565,24.631667258472262,24.55710444689882,7.269975878583101,17.5,3000.0,2904.4004709976166,2904.5702363477194,0.003091063710322311,0.22727659275805778,0.22480825485994457,24.42594568866376,24.49241876393841,0.0,0.0,0.0,0.0,False,none,0.0,0.0,nominal,0.277149723120313,0.0,89,battery_voltage_sensor_drift,2.161798969995353,0.277149723120313,gradual,0.7851811151939005,0.916914114191979,1873548368,postprocessed_sensor_fault
1860.0,31.0,0.5166666666666667,1,614.9226763059908,354.15823381635516,-260.7644424896356,100.0,99.95223045590556,30.0,29.978398863171552,-8.692148082987853,-8.702862697484154,22.706124607093237,22.62775409205281,24.65002974378612,24.55729175790681,7.044275063727152,17.70791169081776,3103.955845408879,3004.178158203248,3000.818265313691,0.0032204699548295168,0.23051174887073791,0.2329992768677112,24.409664577314476,24.448132206884946,0.0,0.0,0.0,0.0,False,none,0.0,0.0,nominal,0.277149723120313,0.0,89,battery_voltage_sensor_drift,2.161798969995353,0.277149723120313,gradual,0.7851811151939005,0.916914114191979,1873548368,postprocessed_sensor_fault
1920.0,32.0,0.5333333333333333,1,614.184193564921,358.134732861516,-256.049460703405,100.0,99.8504366274109,30.0,29.96981454344904,-8.534982023446833,-8.523266660160205,22.724646770954827,22.753041806874045,24.668642979121984,24.6804769346671,6.827673451244848,17.9067366430758,3203.3683215378996,3103.773239870574,3104.1966817773205,0.0032365867429569625,0.23091466857392406,0.23464188087615767,24.39360577110314,24.40771428455673,0.0,0.0,0.0,0.0,False,none,0.0,0.0,nominal,0.277149723120313,0.0,89,battery_voltage_sensor_drift,2.161798969995353,0.277149723120313,gradual,0.7851811151939005,0.916914114191979,1873548368,postprocessed_sensor_fault
1980.0,33.0,0.55,1,613.376606858593,361.7557050458495,-251.62090181274357,100.0,100.0,30.0,30.033904822997805,-8.387363393758118,-8.447573092538805,22.74239165424882,22.809815348520992,24.687469405793593,24.675066703546694,6.627829175916296,18.087785252292473,3293.8926261462366,3198.832933008405,3198.8678672099763,0.0031387096940383224,0.22846774235095807,0.23498247650672824,24.377756670305367,24.318268654886268,0.0,0.0,0.0,0.0,False,none,0.0,0.0,nominal,0.277149723120313,0.0,89,battery_voltage_sensor_drift,2.161798969995353,0.277149723120313,gradual,0.7851811151939005,0.916914114191979,1873548368,postprocessed_sensor_fault
2040.0,34.0,0.5666666666666667,1,612.503850668262,364.8628965095479,-247.64095415871407,100.0,100.0,30.0,29.998276367487957,-8.254698471957136,-8.283671634184941,22.75944131682011,22.808456685812704,24.7064559401982,24.651422575228782,6.4512037490345175,18.243144825477398,3371.572412738697,3285.2026728735514,3284.694237141142,0.002931116504933392,0.2232779126233348,0.222799332804914,24.36210080321205,24.359836267778483,0.0,0.0,0.0,0.0,False,none,0.0,0.0,nominal,0.277149723120313,0.0,89,battery_voltage_sensor_drift,2.161798969995353,0.277149723120313,gradual,0.7851811151939005,0.916914114191979,1873548368,postprocessed_sensor_fault
2100.0,35.0,0.5833333333333334,1,611.5701769743577,367.3205080756888,-244.24966889866886,100.0,100.0,30.0,29.995337603087577,-8.141655629955629,-8.133427924761278,22.775894417291664,22.73569895474851,24.725536343484183,24.682173930694898,6.302924511743055,18.36602540378444,3433.0127018922194,3359.1076873828856,3362.7950624201517,0.002622879994226634,0.21557199985566583,0.21267617447347553,24.346618531014,24.20069081633508,0.0,0.0,0.0,0.0,False,none,0.0,0.0,nominal,0.277149723120313,0.0,89,battery_voltage_sensor_drift,2.161798969995353,0.277149723120313,gradual,0.7851811151939005,0.916914114191979,1873548368,postprocessed_sensor_fault
2160.0,36.0,0.6,1,610.5801345412646,369.0211303259031,-241.55900421536148,100.0,100.0,30.0,30.02713935400915,-8.051966807178717,-8.061804815516474,22.79186149597829,22.85777516715339,24.7446341657689,24.643439646911148,6.1867335571126265,18.451056516295154,3475.5282581475767,3417.3179727652314,3419.409723009626,0.0022274715765577893,0.20568678941394472,0.20953498681688218,24.3312878982213,24.360382931063207,0.0,0.0,0.0,0.0,False,none,0.0,0.0,nominal,0.277149723120313,0.0,89,battery_voltage_sensor_drift,2.161798969995353,0.277149723120313,gradual,0.7851811151939005,0.916914114191979,1873548368,postprocessed_sensor_fault
2220.0,37.0,0.6166666666666667,1,609.5385467561977,369.8904379073655,-239.64810884883218,100.0,100.0,30.0,29.975557012432926,-7.988270294961072,-7.986940095945806,22.807460316950515,22.814896438911013,24.763666136233486,24.81501698390713,6.104996984428596,18.494521895368276,3497.2609476841367,3457.289460224684,3463.4086485707353,0.0017621724971785863,0.19405431242946464,0.1950139359179725,24.316085585916294,24.333198561074116,0.0,0.0,0.0,0.0,False,none,0.0,0.0,nominal,0.277149723120313,0.0,89,battery_voltage_sensor_drift,2.161798969995353,0.277149723120313,gradual,0.7851811151939005,0.916914114191979,1873548368,postprocessed_sensor_fault
2280.0,38.0,0.6333333333333333,1,608.450488130146,369.8904379073655,-238.56005022278055,100.0,99.76442625692928,30.0,30.017210396702595,-7.952001674092685,-7.945911901166954,22.82281137654875,22.808471484391756,24.782545850934355,24.737236945106503,6.05874644998183,18.494521895368276,3497.2609476841367,3477.2752039544102,3475.737024715441,0.0012473185586203252,0.18118296396550812,0.18594504907684992,24.300987920422497,24.17642745090382,0.0,0.0,0.0,0.0,False,none,0.0,0.0,nominal,0.277149723120313,0.0,89,battery_voltage_sensor_drift,2.161798969995353,0.277149723120313,gradual,0.7851811151939005,0.916914114191979,1873548368,postprocessed_sensor_fault
2340.0,39.0,0.65,1,607.3212595753644,369.0211303259031,-238.3001292494613,100.0,99.9745920186602,30.0,30.003165338343493,-7.94333764164871,-7.926251065328687,22.83803360505992,23.01624455987212,24.80118759715947,24.712032161481076,6.047729031138663,18.451056516295154,3475.5282581475767,3476.401731050993,3474.20637395221,0.0007054113485461749,0.16763528371365435,0.16451824298044138,24.285971888322834,24.293287253242394,0.0,0.0,0.0,0.0,False,none,0.0,0.0,nominal,0.277149723120313,0.0,89,battery_voltage_sensor_drift,2.161798969995353,0.277149723120313,gradual,0.7851811151939005,0.916914114191979,1873548368,postprocessed_sensor_fault
2400.0,40.0,0.6666666666666666,1,606.156362579862,367.3205080756888,-238.83585450417326,100.0,100.0,30.0,29.951114300539253,-7.961195150139108,-7.932181390097882,22.853240237621186,22.85817223796778,24.819510147189764,24.785288681663783,6.0704502574878765,18.36602540378444,3433.0127018922194,3454.7072164716064,3454.91700536467,0.00016013481239812548,0.15400337030995312,0.1485074020932992,24.27101611011691,24.37739250600764,0.0,0.0,0.0,0.0,False,none,0.0,0.0,nominal,0.277149723120313,0.0,89,battery_voltage_sensor_drift,2.161798969995353,0.277149723120313,gradual,0.7851811151939005,0.916914114191979,1873548368,postprocessed_sensor_fault
2460.0,41.0,0.6833333333333333,1,604.961472404706,364.8628965095479,-240.0985758951581,100.0,100.0,30.0,29.956911236625256,-8.003285863171936,-8.023110774044248,22.8685348187575,22.83826570078272,24.8374403556632,24.849309869649908,6.1242067686118205,18.243144825477398,3371.5724127386975,3413.1398146051515,3411.9183098641834,-0.0003646798486658404,0.15911699621664602,0.1664954899968699,24.256150960607094,24.25394482449556,0.0,0.0,0.0,0.0,False,none,0.0,0.0,nominal,0.277149723120313,0.0,89,battery_voltage_sensor_drift,2.161798969995353,0.277149723120313,gradual,0.7851811151939005,0.916914114191979,1873548368,postprocessed_sensor_fault
2520.0,42.0,0.7,1,603.7424104347197,361.7557050458495,-241.98670538887018,100.0,100.0,30.0,29.954679607494132,-8.06622351296234,-8.070411328586335,22.884007332981238,23.044114966543102,24.85491640332248,24.85398565722477,6.205116940885321,18.087785252292473,3293.8926261462366,3353.5162203756936,3362.5491679117445,-0.000846095715616464,0.1711523928904116,0.1649856642506173,24.241376261455354,24.20201531569203,0.0,0.0,0.0,0.0,False,none,0.0,0.0,nominal,0.277149723120313,0.0,89,battery_voltage_sensor_drift,2.161798969995353,0.277149723120313,gradual,0.7851811151939005,0.916914114191979,1873548368,postprocessed_sensor_fault
2580.0,43.0,0.7166666666666667,1,602.5051158172811,358.134732861516,-244.37038295576508,100.0,100.0,30.0,29.97186760974307,-8.145679431858836,-8.154389388292307,22.89973051389178,22.9286629440013,24.87189054538205,24.747059772611703,6.308167472528647,17.9067366430758,3203.3683215379006,3278.442270956797,3284.1117622773922,-0.0012630726049780512,0.18157681512445129,0.1784648800171516,24.226671162148925,24.017121384444913,0.0,0.0,0.0,0.0,False,none,0.0,0.0,nominal,0.277149723120313,0.0,89,battery_voltage_sensor_drift,2.161798969995353,0.277149723120313,gradual,0.7851811151939005,0.916914114191979,1873548368,postprocessed_sensor_fault
2640.0,44.0,0.7333333333333333,1,601.2556165273943,354.1582338163552,-247.09738271103907,100.0,100.0,30.0,30.018479350157307,-8.236579423701302,-8.220452539712335,22.91575646163588,22.869375139030687,24.88833124440063,24.72585086770491,6.427299248235174,17.707911690817763,3103.9558454088806,3191.1990581828386,3190.181259335767,-0.00159738662580824,0.189934665645206,0.19373442160625318,24.212016761677877,24.31760350255245,0.0,0.0,0.0,0.0,False,none,0.0,0.0,nominal,0.277149723120313,0.0,89,battery_voltage_sensor_drift,2.161798969995353,0.277149723120313,gradual,0.7851811151939005,0.916914114191979,1873548368,postprocessed_sensor_fault
2700.0,45.0,0.75,1,600.0,350.0,-250.0,100.0,100.0,30.0,29.979704593266664,-8.333333333333334,-8.314885833385286,22.932113774717916,22.73053379695638,24.904224594445424,24.79692350335887,6.555555555555556,17.5,3000.0,3095.5995290914193,3091.7960248143722,-0.0018344266511800618,0.19586066627950155,0.19571208729075984,24.197396865360076,24.202317354806702,0.0,0.0,0.0,0.0,False,none,0.0,0.0,nominal,0.277149723120313,0.0,89,battery_voltage_sensor_drift,2.161798969995353,0.277149723120313,gradual,0.7851811151939005,0.916914114191979,1873548368,postprocessed_sensor_fault
2760.0,46.0,0.7666666666666667,1,598.7443834726058,345.8417661836448,-252.90261728896104,100.0,100.0,30.0,30.008744398377253,-8.430087242965367,-8.410001677921615,22.948805457649343,23.021357073591115,24.919574974308226,24.916793424037994,6.685309673920594,17.29208830918224,2896.04415459112,2995.82184184127,2992.557135009658,-0.001963832894540448,0.1990958223635112,0.20529436122290487,24.182798630783033,24.0893555225621,0.0,0.0,0.0,0.0,False,none,0.0,0.0,nominal,0.277149723120313,0.0,89,battery_voltage_sensor_drift,2.161798969995353,0.277149723120313,gradual,0.7851811151939005,0.916914114191979,1873548368,postprocessed_sensor_fault
2820.0,47.0,0.7833333333333333,1,597.4948841827188,341.865267138484,-255.6296170442348,100.0,99.84212170022423,30.0,30.003639425013134,-8.520987234807826,-8.55865388653446,22.96580788449165,22.9366069379705,24.93440490122761,24.81535342994306,6.808577876460634,17.0932633569242,2796.6316784621,2896.226760151685,2900.264062056496,-0.001979949682094466,0.19949874205236165,0.20254176276895006,24.16821307888662,24.043349994548894,0.0,0.0,0.0,0.0,False,none,0.0,0.0,nominal,0.277149723120313,0.0,89,battery_voltage_sensor_drift,2.161798969995353,0.277149723120313,gradual,0.7851811151939005,0.916914114191979,1873548368,postprocessed_sensor_fault
2880.0,48.0,0.8,1,596.2575895652803,338.2442949541505,-258.0132946111298,100.0,100.0,30.0,29.97340853988741,-8.600443153704328,-8.582471127237357,22.983071069835393,23.017327893976642,24.9487540915132,24.992247966427115,6.917409795207972,16.912214747707527,2706.1073738537634,2801.1670670027247,2806.0171337014476,-0.0018820726328891155,0.1970518158222279,0.1925803772129093,24.153635450138335,24.127032130966853,0.0,0.0,0.0,0.0,False,none,0.0,0.0,nominal,0.277149723120313,0.0,89,battery_voltage_sensor_drift,2.161798969995353,0.277149723120313,gradual,0.7851811151939005,0.916914114191979,1873548368,postprocessed_sensor_fault
2940.0,49.0,0.8166666666666667,1,595.038527595294,335.13710349045215,-259.90142410484185,100.0,99.93835655764816,30.0,29.98927710706751,-8.663380803494729,-8.630733186990646,23.000520421268742,22.91560376254811,24.962677769130142,25.00267407574952,7.004333355708877,16.75685517452261,2628.4275872613034,2714.797327132014,2715.97170015479,-0.0016744794436408194,0.19186198609102048,0.19159374501366483,24.139065390160642,24.10839832173845,0.0,0.0,0.0,0.0,False,none,0.0,0.0,nominal,0.277149723120313,0.0,89,battery_voltage_sensor_drift,2.161798969995353,0.277149723120313,gradual,0.7851811151939005,0.916914114191979,1873548368,postprocessed_sensor_fault
3000.0,50.0,0.8333333333333334,1,593.843637420138,332.6794919243112,-261.16414549582674,100.0,100.0,30.0,30.03589231094525,-8.705471516527558,-8.69040334243683,23.01806002789448,23.039912354953273,24.976244296169533,25.106085133431268,7.06281874600581,16.633974596215563,2566.9872981077806,2640.8923126198974,2652.407377573995,-0.0013662429328623966,0.18415607332155992,0.1856910510017087,24.124506954273727,24.149488996481058,0.0,0.0,0.0,0.0,False,none,0.0,0.0,nominal,0.277149723120313,0.0,89,battery_voltage_sensor_drift,2.161798969995353,0.277149723120313,gradual,0.7851811151939005,0.916914114191979,1873548368,postprocessed_sensor_fault
3060.0,51.0,0.85,1,592.6787404246356,330.9788696740969,-261.6998707505387,100.0,100.0,30.0,29.993749734025986,-8.723329025017957,-8.732012801808077,23.035577392868106,23.03618779344909,24.989532228767587,25.137052074537777,7.08771754229766,16.548943483704846,2524.4717418524233,2582.6820272361606,2573.1545248716684,-0.0009708345151577116,0.17427086287894278,0.17171539084686357,24.109968426400112,24.211138935136585,0.0,0.0,0.0,0.0,False,none,0.0,0.0,nominal,0.277149723120313,0.0,89,battery_voltage_sensor_drift,2.161798969995353,0.277149723120313,gradual,0.7851811151939005,0.916914114191979,1873548368,postprocessed_sensor_fault
3120.0,52.0,0.8666666666666667,1,591.549511869854,330.1095620926345,-261.43994977721945,100.0,100.0,30.0,29.990961849489235,-8.714664992573981,-8.752310486656315,23.05294936475964,22.802485578293894,25.00262692714671,25.197121118867827,7.075630874623557,16.505478104631727,2502.7390523158633,2542.710539776012,2546.0128884994347,-0.0005055354357605888,0.16263838589401472,0.16695080879980476,24.09546195471232,24.07079909240971,0.0,0.0,0.0,0.0,False,none,0.0,0.0,nominal,0.277149723120313,0.0,89,battery_voltage_sensor_drift,2.161798969995353,0.277149723120313,gradual,0.7851811151939005,0.916914114191979,1873548368,postprocessed_sensor_fault
3180.0,53.0,0.8833333333333333,1,590.4614532438023,330.1095620926345,-260.3518911511678,100.0,100.0,30.0,29.983700994733216,-8.678396371705594,-8.652460877898307,23.070048885526933,22.937251620834818,25.0156168679388,25.092093423051868,7.025165086754626,16.505478104631727,2502.7390523158633,2522.724796045938,2515.19698112972,9.318502806628603e-06,0.15023296257016572,0.1414829916733286,24.081004272189787,24.189000888725026,0.0,0.0,0.0,0.0,False,none,0.0,0.0,nominal,0.277149723120313,0.0,89,battery_voltage_sensor_drift,2.161798969995353,0.277149723120313,gradual,0.7851811151939005,0.916914114191979,1873548368,postprocessed_sensor_fault
3240.0,54.0,0.9,1,589.4198654587356,330.9788696740969,-258.44099578463863,100.0,99.91211040506185,30.0,30.025622800395357,-8.614699859487954,-8.601066487617054,23.086752073192187,23.145352473733908,25.0285898199627,25.087296095078248,6.937044293524942,16.548943483704846,2524.471741852423,2523.5982689491807,2514.401180809886,0.0005512257128852536,0.16378064282213134,0.16518583418886096,24.06668537863993,23.933782470872053,0.0,0.0,0.0,0.0,False,none,0.0,0.0,nominal,0.277149723120313,0.0,89,battery_voltage_sensor_drift,2.161798969995353,0.277149723120313,gradual,0.7851811151939005,0.916914114191979,1873548368,postprocessed_sensor_fault
3300.0,55.0,0.9166666666666666,1,588.4298230256423,332.67949192431126,-255.75033110133108,100.0,99.89963168383397,30.0,30.00447901667598,-8.525011036711037,-8.474675735088443,23.102945110933312,23.165416898324857,25.04162905059543,25.00375625366788,6.814065054083598,16.633974596215563,2566.987298107781,2545.292783528481,2542.9328073600095,0.0010965022490355618,0.17741255622588903,0.17421607764969452,24.05252510515335,24.12856149909071,0.0,0.0,0.0,0.0,False,none,0.0,0.0,nominal,0.277149723120313,0.0,89,battery_voltage_sensor_drift,2.161798969995353,0.277149723120313,gradual,0.7851811151939005,0.916914114191979,1873548368,postprocessed_sensor_fault
3360.0,56.0,0.9333333333333333,0,0.0,335.1371034904521,335.1371034904521,99.50128407218682,99.53739954646534,29.980051362887473,29.94906920869461,11.178670090783127,11.208676265797354,23.114984150934,22.97204571298209,25.03880972853971,24.77679615133527,10.99701319988554,16.756855174522606,2628.427587261303,2586.860185394892,2586.3878624268336,0.001621316910100646,0.19053292275251615,0.1963546740289473,24.03854096867853,23.994053909493584,0.0,0.0,0.0,0.0,False,none,0.0,0.0,nominal,0.277149723120313,0.0,89,battery_voltage_sensor_drift,2.161798969995353,0.277149723120313,gradual,0.7851811151939005,0.916914114191979,1873548368,postprocessed_sensor_fault
3420.0,57.0,0.95,0,0.0,338.2442949541505,338.2442949541505,98.99794434755268,98.96621534439468,29.959917773902106,29.933269489180283,11.289893967893095,11.292367030875315,23.127617367576732,23.077561627111503,25.03632368020681,24.931861458991026,11.19693646450151,16.912214747707527,2706.1073738537634,2646.4837796243282,2648.8055767661663,0.0021027327770518148,0.20256831942629536,0.20158177514340464,24.024747352330543,23.93022143270133,0.0,0.0,0.0,0.0,False,none,0.0,0.0,nominal,0.277149723120313,0.0,89,battery_voltage_sensor_drift,2.161798969995353,0.277149723120313,gradual,0.7851811151939005,0.916914114191979,1873548368,postprocessed_sensor_fault
3480.0,58.0,0.9666666666666667,0,0.0,341.865267138484,341.865267138484,98.48921627145373,98.52467168835237,29.93956865085815,29.953982980980204,11.41851010364123,11.402927876018149,23.140953629501126,23.18261855838268,25.034219617479003,25.152748303871356,11.430589838956548,17.0932633569242,2796.6316784620994,2721.5577290432134,2718.1531599697137,0.0025197096664136814,0.21299274166034204,0.20870925203081447,24.011154813725696,23.983079756777034,0.0,0.0,0.0,0.0,False,none,0.0,0.0,nominal,0.277149723120313,0.0,89,battery_voltage_sensor_drift,2.161798969995353,0.277149723120313,gradual,0.7851811151939005,0.916914114191979,1873548368,postprocessed_sensor_fault
3540.0,59.0,0.9833333333333333,0,0.0,345.84176618364484,345.84176618364484,97.9745707860614,97.79173135877207,29.918982831442456,29.930912339723704,11.55927553192727,11.53492869397611,23.15507240127692,23.100695568078418,25.032530037157535,25.123565454343318,11.689348065840997,17.292088309182244,2896.0441545911203,2808.8009418171673,2816.439421345966,0.002854023687244039,0.22135059218110098,0.21832074973745053,23.997769556621925,24.02033620971381,0.0,0.0,0.0,0.0,False,none,0.0,0.0,nominal,0.277149723120313,0.0,89,battery_voltage_sensor_drift,2.161798969995353,0.277149723120313,gradual,0.7851811151939005,0.916914114191979,1873548368,postprocessed_sensor_fault
3600.0,60.0,1.0,0,0.0,350.0,350.0,97.45373745272806,97.45269842525407,29.898149498109124,29.896421239828527,11.706410124885334,11.694934491093331,23.170019310339132,23.117176246682472,25.031269796860276,25.04872737613274,11.96320304096143,17.5,2999.9999999999995,2904.4004709085834,2906.3372111205513,0.0030910637126159027,0.22727659281539755,0.21919172604592624,23.984593094723543,24.042365573005515,0.0,0.0,0.0,0.0,False,none,0.0,0.0,nominal,0.277149723120313,0.0,89,battery_voltage_sensor_drift,2.161798969995353,0.277149723120313,gradual,0.7851811151939005,0.916914114191979,1873548368,postprocessed_sensor_fault
3660.0,61.0,1.0166666666666666,0,0.0,354.15823381635516,354.15823381635516,96.92671627145373,96.93729858989697,29.87706865085815,29.8434394276262,11.853848111909159,11.868049568558405,23.185802851826487,23.233558544371714,25.03043546186703,25.187894243244234,12.241097204816986,17.70791169081776,3103.955845408879,3004.1781581587315,3008.55725179918,0.003220469955976316,0.2305117488994079,0.23940155114067008,23.971622127828866,23.938569632634486,0.0,0.0,0.0,0.0,False,none,0.0,0.0,nominal,0.277149723120313,0.0,89,battery_voltage_sensor_drift,2.161798969995353,0.277149723120313,gradual,0.7851811151939005,0.916914114191979,1873548368,postprocessed_sensor_fault
3720.0,62.0,1.0333333333333334,0,0.0,358.134732861516,358.134732861516,96.39377768088599,96.50138820507986,29.85575110723544,29.89305295183622,11.9955023598359,11.993260541077808,23.20239258854615,23.132186666298246,25.030005451458244,25.069493688975847,12.511366149186292,17.9067366430758,3203.368321537899,3103.7732398483154,3106.44560274686,0.0032365867435303623,0.23091466858825904,0.2376095733848383,23.958848639988698,23.947875850031334,0.0,0.0,0.0,0.0,False,none,0.0,0.0,nominal,0.277149723120313,0.0,89,battery_voltage_sensor_drift,2.161798969995353,0.277149723120313,gradual,0.7851811151939005,0.916914114191979,1873548368,postprocessed_sensor_fault
3780.0,63.0,1.05,0,0.0,361.7557050458495,361.7557050458495,95.85545073885348,95.80301021460757,29.83421802955414,29.806268542549148,12.125529976602365,12.153626643038864,23.2197191602718,23.254415411494616,25.029940978351163,25.02599073732782,12.762278177078606,18.087785252292473,3293.8926261462366,3198.8329329972757,3191.546715451434,0.0031387096943250254,0.22846774235812561,0.23098010114130332,23.946260217674297,23.907922027303503,0.0,0.0,0.0,0.0,False,none,0.0,0.0,nominal,0.277149723120313,0.0,89,battery_voltage_sensor_drift,2.161798969995353,0.277149723120313,gradual,0.7851811151939005,0.916914114191979,1873548368,postprocessed_sensor_fault
3840.0,64.0,1.0666666666666667,0,0.0,364.86289650954785,364.86289650954785,95.31249999999997,95.12910194537311,29.8125,29.848783117924842,12.238587723590703,12.2424052047439,23.237676319834975,23.05330995626362,25.030187740175307,25.000346188962446,12.982642357442005,18.243144825477394,3371.5724127386966,3285.202672867986,3281.639590844073,0.0029311165050767297,0.22327791262691823,0.22822112614919798,23.933840573975722,23.784229937096654,0.0,0.0,0.0,0.0,False,none,0.0,0.0,nominal,0.277149723120313,0.0,89,battery_voltage_sensor_drift,2.161798969995353,0.277149723120313,gradual,0.7851811151939005,0.916914114191979,1873548368,postprocessed_sensor_fault
3900.0,65.0,1.0833333333333333,0,0.0,367.3205080756888,367.3205080756888,94.76589210107781,94.83526731028435,29.790635684043114,29.76313820405483,12.330066131231911,12.29336306939717,23.256125070129446,23.33728706875859,25.030678289061473,25.00998175045521,13.162442464044181,18.36602540378444,3433.0127018922194,3359.107687380103,3364.4727778896618,0.0026228799942983206,0.215571999857458,0.21414811924407037,23.92157025349694,24.02763157666466,0.0,0.0,0.0,0.0,False,none,0.0,0.0,nominal,0.277149723120313,0.0,89,battery_voltage_sensor_drift,2.161798969995353,0.277149723120313,gradual,0.7851811151939005,0.916914114191979,1873548368,postprocessed_sensor_fault
3960.0,66.0,1.1,0,0.0,369.0211303259031,369.0211303259031,94.21675351428333,94.13236209942336,29.768670140571334,29.734943906505265,12.396292094451642,12.372192720119141,23.27489980175959,23.24057530670194,25.031334975781572,25.12272293712929,13.293444615277142,18.451056516295154,3475.5282581475767,3417.31797276384,3413.5679371883125,0.0022274715765936287,0.2056867894148407,0.21205191892193498,23.909427482785624,23.940914766123107,0.0,0.0,0.0,0.0,False,none,0.0,0.0,nominal,0.277149723120313,0.0,89,battery_voltage_sensor_drift,2.161798969995353,0.277149723120313,gradual,0.7851811151939005,0.916914114191979,1873548368,postprocessed_sensor_fault
4020.0,67.0,1.1166666666666667,0,0.0,369.8904379073655,369.8904379073655,93.6663213150164,93.52806063290825,29.746652852600654,29.675635174369237,12.434691047097997,12.427895997394709,23.293816147332176,23.426885335417914,25.032073339766058,24.977832707498585,13.369723314942329,18.494521895368276,3497.2609476841367,3457.2894602239876,3450.405794658641,0.001762172497196506,0.19405431242991264,0.18664456329173904,23.897389123596383,23.860452360832525,0.0,0.0,0.0,0.0,False,none,0.0,0.0,nominal,0.277149723120313,0.0,89,battery_voltage_sensor_drift,2.161798969995353,0.277149723120313,gradual,0.7851811151939005,0.916914114191979,1873548368,postprocessed_sensor_fault
4080.0,68.0,1.1333333333333333,0,0.0,369.8904379073655,369.8904379073655,93.11588911574948,93.20453716555092,29.724635564629978,29.753177510053806,12.443901527509611,12.475309309123398,23.312680099841877,23.35191739920961,25.032805796838666,25.09502922678333,13.388054818108483,18.494521895368276,3497.2609476841367,3477.2752039540624,3476.4737123808254,0.0012473185586292885,0.18118296396573222,0.17808351556882876,23.885431681569983,23.92900552845773,0.0,0.0,0.0,0.0,False,none,0.0,0.0,nominal,0.277149723120313,0.0,89,battery_voltage_sensor_drift,2.161798969995353,0.277149723120313,gradual,0.7851811151939005,0.916914114191979,1873548368,postprocessed_sensor_fault
4140.0,69.0,1.15,0,0.0,369.0211303259031,369.0211303259031,92.56675052895498,92.76301180815416,29.702670021158198,29.705439494553808,12.42383698378082,12.412897611829232,23.33129781268271,23.382766385234383,25.033445463496548,24.926536909305362,13.348138031964808,18.451056516295154,3475.5282581475767,3476.4017310508193,3473.6498034301953,0.0007054113485506565,0.1676352837137664,0.17353246129581926,23.873532321261713,23.709509077309697,0.0,0.0,0.0,0.0,False,none,0.0,0.0,nominal,0.277149723120313,0.0,89,battery_voltage_sensor_drift,2.161798969995353,0.277149723120313,gradual,0.7851811151939005,0.916914114191979,1873548368,postprocessed_sensor_fault
4200.0,70.0,1.1666666666666667,0,0.0,367.3205080756888,367.3205080756888,92.02014263003282,92.18989036365922,29.680805705201312,29.702808809368086,12.375691944619918,12.36263769905706,23.349485426102113,23.269463164376834,25.033909950596144,25.100051208395158,13.252620088650426,18.36602540378444,3433.0127018922194,3454.7072164715196,3459.31924667027,0.00016013481240036284,0.15400337031000907,0.15342559728033914,23.861669839808748,23.902163403724025,0.0,0.0,0.0,0.0,False,none,0.0,0.0,nominal,0.277149723120313,0.0,89,battery_voltage_sensor_drift,2.161798969995353,0.277149723120313,gradual,0.7851811151939005,0.916914114191979,1873548368,postprocessed_sensor_fault
4260.0,71.0,1.1833333333333333,0,0.0,364.8628965095479,364.8628965095479,91.47719189117932,91.79189020294373,29.65908767564717,29.640526206776904,12.301892104696591,12.289836604358337,23.367078260040326,23.403329464569417,25.03412496064233,25.23894595020565,13.106923948447706,18.243144825477398,3371.5724127386975,3413.1398146051083,3410.406469131397,-0.00036467984866472153,0.15911699621661804,0.16471979870842932,23.84987478732624,23.866880844188472,0.0,0.0,0.0,0.0,False,none,0.0,0.0,nominal,0.277149723120313,0.0,89,battery_voltage_sensor_drift,2.161798969995353,0.277149723120313,gradual,0.7851811151939005,0.916914114191979,1873548368,postprocessed_sensor_fault
4320.0,72.0,1.2,0,0.0,361.7557050458495,361.7557050458495,90.9388649491468,90.76456256186621,29.637554597965874,29.634231615890176,12.205990337363327,12.165276567607949,23.383938777177633,23.40739684400206,25.034027531461778,24.947604165099456,12.918896009264552,18.087785252292473,3293.8926261462366,3353.516220375672,3359.0636700030636,-0.0008460957156159048,0.1711523928903976,0.17386867275452778,23.838147159474104,23.75311753575786,0.0,0.0,0.0,0.0,False,none,0.0,0.0,nominal,0.277149723120313,0.0,89,battery_voltage_sensor_drift,2.161798969995353,0.277149723120313,gradual,0.7851811151939005,0.916914114191979,1873548368,postprocessed_sensor_fault
4380.0,73.0,1.2166666666666666,0,0.0,358.134732861516,358.134732861516,90.40592635857907,90.74568918643087,29.616237054343163,29.628454166420934,12.092513042908543,12.066453881822163,23.39996284363268,23.460698509345324,25.033568784496236,25.04084342996374,12.698309735433059,17.9067366430758,3203.3683215379006,3278.4422709567866,3284.1399014573176,-0.001263072604977771,0.18157681512444426,0.1874778642276381,23.826466278432534,23.80587769236966,0.0,0.0,0.0,0.0,False,none,0.0,0.0,nominal,0.277149723120313,0.0,89,battery_voltage_sensor_drift,2.161798969995353,0.277149723120313,gradual,0.7851811151939005,0.916914114191979,1873548368,postprocessed_sensor_fault
4440.0,74.0,1.2333333333333334,0,0.0,354.15823381635516,354.15823381635516,89.87890517730473,89.38537337930326,29.595156207092188,29.603851502031183,11.966763457443236,11.970783733421554,23.41508398060992,23.416055327922976,25.032716057601903,25.038557958955003,12.456274211711902,17.70791169081776,3103.9558454088797,3191.199058182833,3191.7867685375227,-0.0015973866258081216,0.18993466564520303,0.18661571489504886,23.81481341458936,23.833722036738735,0.0,0.0,0.0,0.0,False,none,0.0,0.0,nominal,0.277149723120313,0.0,89,battery_voltage_sensor_drift,2.161798969995353,0.277149723120313,gradual,0.7851811151939005,0.916914114191979,1873548368,postprocessed_sensor_fault
4500.0,75.0,1.25,0,0.0,350.0,350.0,89.3580718439714,89.36667051255088,29.574322873758856,29.576739293968334,11.834590482223794,11.823265064008156,23.429275485228114,23.273814496495987,25.031454329141088,25.01388028996505,12.20460255055536,17.5,3000.0000000000005,3095.599529091417,3100.0648551665313,-0.0018344266511799855,0.19586066627949963,0.19824244461162704,23.80317254337472,23.830139986396414,0.0,0.0,0.0,0.0,False,none,0.0,0.0,nominal,0.277149723120313,0.0,89,battery_voltage_sensor_drift,2.161798969995353,0.277149723120313,gradual,0.7851811151939005,0.916914114191979,1873548368,postprocessed_sensor_fault
4560.0,76.0,1.2666666666666666,0,0.0,345.8417661836448,345.8417661836448,88.84342635857907,88.26257705897063,29.553737054343163,29.55584572492582,11.702133153168205,11.690475218432214,23.442550477739275,23.291791021415857,25.029786871126323,25.16451699994801,11.955193626758275,17.29208830918224,2896.04415459112,2995.8218418412685,3004.835659533919,-0.0019638328945404205,0.1990958223635105,0.20096665966206578,23.791530991212568,23.77203467620452,0.0,0.0,0.0,0.0,False,none,0.0,0.0,nominal,0.277149723120313,0.0,89,battery_voltage_sensor_drift,2.161798969995353,0.277149723120313,gradual,0.7851811151939005,0.916914114191979,1873548368,postprocessed_sensor_fault
4620.0,77.0,1.2833333333333334,0,0.0,341.865267138484,341.865267138484,88.33469828248013,88.25882076747412,29.533387931299206,29.503097532853893,11.575551979804471,11.571976450474443,23.454960082509412,23.452727453344497,25.027735102871162,25.106082257056283,11.719472290972417,17.0932633569242,2796.631678462101,2896.226760151685,2897.2674623845624,-0.001979949682094438,0.19949874205236096,0.20141251323977158,23.779879946612933,23.80550575690187,0.0,0.0,0.0,0.0,False,none,0.0,0.0,nominal,0.277149723120313,0.0,89,battery_voltage_sensor_drift,2.161798969995353,0.277149723120313,gradual,0.7851811151939005,0.916914114191979,1873548368,postprocessed_sensor_fault
4680.0,78.0,1.3,0,0.0,338.2442949541506,338.2442949541506,87.83135855784599,87.8792451496409,29.51325434231384,29.478442517771523,11.46075898750352,11.448139392743956,23.466590054432928,23.57581677028834,25.02533765154361,25.058977320778457,11.507919725571414,16.91221474770753,2706.107373853764,2801.1670670027247,2791.709104487484,-0.0018820726328891081,0.1970518158222277,0.19948282714859206,23.768214816356704,23.84721888097415,0.0,0.0,0.0,0.0,False,none,0.0,0.0,nominal,0.277149723120313,0.0,89,battery_voltage_sensor_drift,2.161798969995353,0.277149723120313,gradual,0.7851811151939005,0.916914114191979,1873548368,postprocessed_sensor_fault
4740.0,79.0,1.3166666666666667,0,0.0,335.1371034904521,335.1371034904521,87.33264263003281,87.2170640063081,29.493305705201312,29.513300324026588,11.363158366861153,11.355847569722757,23.477556212258428,23.47277108318944,25.022648660680304,24.923295848110442,11.32970944562933,16.756855174522606,2628.4275872613025,2714.7973271320134,2719.8146581572337,-0.0016744794436408268,0.19186198609102068,0.19690797605021745,23.756535411132372,23.636870930502276,0.0,0.0,0.0,0.0,False,none,0.0,0.0,nominal,0.277149723120313,0.0,89,battery_voltage_sensor_drift,2.161798969995353,0.277149723120313,gradual,0.7851811151939005,0.916914114191979,1873548368,postprocessed_sensor_fault
4800.0,80.0,1.3333333333333333,0,0.0,332.67949192431126,332.67949192431126,86.8375838622883,86.89868621893922,29.473503354491534,29.509071026218134,11.287409166227043,11.286984442097234,23.487999036501098,23.323121954339083,25.019735420587292,24.94411567647756,11.192448454866103,16.633974596215563,2566.987298107781,2640.8923126198974,2641.4439151469915,-0.0013662429328623821,0.18415607332155953,0.18313049072632737,23.74484595008817,23.733957550904567,0.0,0.0,0.0,0.0,False,none,0.0,0.0,nominal,0.277149723120313,0.0,89,battery_voltage_sensor_drift,2.161798969995353,0.277149723120313,gradual,0.7851811151939005,0.916914114191979,1873548368,postprocessed_sensor_fault
4860.0,81.0,1.35,0,0.0,330.9788696740969,330.9788696740969,86.34505578241614,86.38266214491024,29.453802231296645,29.457464385469187,11.237220480906524,11.242226007926389,23.498077742051827,23.57200689755672,25.01667542419,24.96771346118393,11.102009930920405,16.548943483704846,2524.4717418524233,2582.6820272361606,2579.8940436112434,-0.0009708345151577116,0.17427086287894278,0.17138254634516448,23.733154879745946,23.766711750263948,0.0,0.0,0.0,0.0,False,none,0.0,0.0,nominal,0.277149723120313,0.0,89,battery_voltage_sensor_drift,2.161798969995353,0.277149723120313,gradual,0.7851811151939005,0.916914114191979,1873548368,postprocessed_sensor_fault
4920.0,82.0,1.3666666666666667,0,0.0,330.1095620926345,330.1095620926345,85.85382131501638,85.77716072209019,29.434152852600654,29.400559942492798,11.215188143709993,11.223750177082493,23.5079640609592,23.375033640236012,25.013552977005745,25.04091364666689,11.062435607905055,16.505478104631727,2502.7390523158633,2542.710539776012,2547.0492438361985,-0.0005055354357605888,0.16263838589401472,0.16809474927956974,23.721474509658062,23.67366244595161,0.0,0.0,0.0,0.0,False,none,0.0,0.0,nominal,0.277149723120313,0.0,89,battery_voltage_sensor_drift,2.161798969995353,0.277149723120313,gradual,0.7851811151939005,0.916914114191979,1873548368,postprocessed_sensor_fault
4980.0,83.0,1.3833333333333333,0,0.0,330.1095620926345,330.1095620926345,85.36258684761663,85.28002540736367,29.414503473904666,29.411729054420494,11.222680076360769,11.25047642745306,23.517835889419135,23.404984908759786,25.010455509398962,25.03235888178221,11.075883847707596,16.505478104631727,2502.7390523158633,2522.724796045938,2516.947975568613,9.318502806628603e-06,0.15023296257016572,0.15307022616721522,23.709821732973435,23.771429568024516,0.0,0.0,0.0,0.0,False,none,0.0,0.0,nominal,0.277149723120313,0.0,89,battery_voltage_sensor_drift,2.161798969995353,0.277149723120313,gradual,0.7851811151939005,0.916914114191979,1873548368,postprocessed_sensor_fault
5040.0,84.0,1.4,0,0.0,330.9788696740969,330.9788696740969,84.87005876774447,84.62967360764985,29.394802350709778,29.39013608247287,11.259775307388825,11.245935238974244,23.527870884742057,23.597351633449826,25.00746975229118,25.136840160746463,11.142603197830649,16.548943483704846,2524.4717418524233,2523.5982689491807,2519.864018560137,0.0005512257128852607,0.1637806428221315,0.16623803087739722,23.698286708467702,23.71338889083749,0.0,0.0,0.0,0.0,False,none,0.0,0.0,nominal,0.277149723120313,0.0,89,battery_voltage_sensor_drift,2.161798969995353,0.277149723120313,gradual,0.7851811151939005,0.916914114191979,1873548368,postprocessed_sensor_fault
5100.0,85.0,1.4166666666666667,0,0.0,332.6794919243112,332.6794919243112,84.37499999999994,84.56414443658805,29.374999999999996,29.37219521203936,11.325259299551021,11.341787631673318,23.538240058954155,23.611548280687202,25.004677943465282,24.97761284897627,11.260919856165351,16.633974596215563,2566.9872981077806,2545.292783528481,2545.048271422446,0.0010965022490355544,0.17741255622588886,0.17673247055086255,23.686889425007415,23.64501136825132,0.0,0.0,0.0,0.0,False,none,0.0,0.0,nominal,0.277149723120313,0.0,89,battery_voltage_sensor_drift,2.161798969995353,0.277149723120313,gradual,0.7851811151939005,0.916914114191979,1873548368,postprocessed_sensor_fault
5160.0,86.0,1.4333333333333333,0,0.0,335.1371034904521,335.1371034904521,83.87628407218678,83.71633417446438,29.355051362887473,29.368662525628398,11.416675765526126,11.44487902828789,23.549101414743138,23.543210049146552,25.002154230266605,24.984761745501523,11.427238842812123,16.756855174522606,2628.4275872613025,2586.860185394892,2583.3255329757026,0.0016213169101006388,0.19053292275251596,0.19581738436007545,23.67564755613369,23.741733680066044,0.0,0.0,0.0,0.0,False,none,0.0,0.0,nominal,0.277149723120313,0.0,89,battery_voltage_sensor_drift,2.161798969995353,0.277149723120313,gradual,0.7851811151939005,0.916914114191979,1873548368,postprocessed_sensor_fault
5220.0,87.0,1.45,0,0.0,338.2442949541505,338.2442949541505,83.37294434755262,83.51062076901144,29.334917773902106,29.329637449880817,11.530432693255085,11.608880125874585,23.56059370707966,23.599726342509932,24.99996142591989,24.942179605969635,11.636070247494857,16.912214747707527,2706.107373853763,2646.483779624328,2645.726346533985,0.002102732777051808,0.2025683194262952,0.19731246493713755,23.66457564037979,23.671800724083063,0.0,0.0,0.0,0.0,False,none,0.0,0.0,nominal,0.277149723120313,0.0,89,battery_voltage_sensor_drift,2.161798969995353,0.277149723120313,gradual,0.7851811151939005,0.916914114191979,1873548368,postprocessed_sensor_fault
5280.0,88.0,1.4666666666666666,0,0.0,341.86526713848394,341.86526713848394,82.86421627145369,82.59610750115928,29.31456865085815,29.324290038931643,11.66195795715644,11.712150225306333,23.57283048174238,23.677220296716055,24.998148261226376,24.987256680655207,11.880101071558753,17.093263356924197,2796.6316784620985,2721.557729043213,2724.220069509032,0.0025197096664136814,0.21299274166034204,0.21625200812488707,23.653684389614575,23.592160685090672,0.0,0.0,0.0,0.0,False,none,0.0,0.0,nominal,0.277149723120313,0.0,89,battery_voltage_sensor_drift,2.161798969995353,0.277149723120313,gradual,0.7851811151939005,0.916914114191979,1873548368,postprocessed_sensor_fault
5340.0,89.0,1.4833333333333334,0,0.0,345.8417661836448,345.8417661836448,82.34957078606136,82.75036245795131,29.293982831442456,29.28271647872501,11.80589775632825,11.79997651511998,23.585894624674026,23.65338304188626,24.99674725175493,24.869739628791702,12.150337746630113,17.29208830918224,2896.0441545911194,2808.800941817166,2811.475694963588,0.002854023687244032,0.22135059218110079,0.22258719429013496,23.64298016069164,23.59511306113784,0.0,0.0,0.0,0.0,False,none,0.0,0.0,nominal,0.277149723120313,0.0,89,battery_voltage_sensor_drift,2.161798969995353,0.277149723120313,gradual,0.7851811151939005,0.916914114191979,1873548368,postprocessed_sensor_fault
5400.0,90.0,1.5,1,600.0,350.0,-250.0,82.72159459558517,83.09069975948496,29.308863783823405,29.266950549831698,-8.529842775344427,-8.517598595317585,23.599114781665207,23.528603479046268,25.01177327374089,24.78023910605278,6.820657421767642,17.5,2999.9999999999995,2904.400470908583,2903.277061059906,0.003091063712615916,0.22727659281539792,0.23155881523931096,23.632464619262734,23.564172135622638,0.0,0.0,0.0,0.0,False,none,0.0,0.0,nominal,0.277149723120313,0.0,89,battery_voltage_sensor_drift,2.161798969995353,0.277149723120313,gradual,0.7851811151939005,0.916914114191979,1873548368,postprocessed_sensor_fault
5460.0,91.0,1.5166666666666666,1,601.2556165273943,354.1582338163552,-247.09738271103907,83.08929903414327,83.21259114913398,29.32357196136573,29.301868626534265,-8.426578557230128,-8.400932460075827,23.611788686623527,23.38492900505522,25.027094910932597,24.971099064174275,6.680578094493646,17.707911690817763,3103.9558454088797,3004.1781581587315,3000.7528781550855,0.0032204699559763308,0.23051174889940826,0.23227643748554364,23.622134615934012,23.51731060704003,0.0,0.0,0.0,0.0,False,none,0.0,0.0,nominal,0.277149723120313,0.0,89,battery_voltage_sensor_drift,2.161798969995353,0.277149723120313,gradual,0.7851811151939005,0.916914114191979,1873548368,postprocessed_sensor_fault
5520.0,92.0,1.5333333333333334,1,602.5051158172811,358.13473286151606,-244.37038295576502,83.45294543735125,83.30663858032632,29.33811781749405,29.33942813066254,-8.32944991481523,-8.331601931572614,23.623952550739364,23.469377415516615,25.042691624931287,25.068479018088816,6.550378870673236,17.906736643075803,3203.368321537901,3103.7732398483167,3098.341556924538,0.0032365867435303836,0.2309146685882596,0.23621651962714948,23.611982284433054,23.69786367263914,0.0,0.0,0.0,0.0,False,none,0.0,0.0,nominal,0.277149723120313,0.0,89,battery_voltage_sensor_drift,2.161798969995353,0.277149723120313,gradual,0.7851811151939005,0.916914114191979,1873548368,postprocessed_sensor_fault
5580.0,93.0,1.55,1,603.7424104347197,361.7557050458494,-241.98670538887023,83.81304470132278,83.670481304869,29.35252178805291,29.38580174501764,-8.244153846003238,-8.212382622584103,23.63566645480468,23.706556034960194,25.05852566243642,25.02842346920974,6.437285810925598,18.087785252292473,3293.892626146236,3198.8329329972757,3195.0194259204636,0.0031387096943250046,0.22846774235812511,0.2334880067768769,23.60199535978532,23.61775179477756,0.0,0.0,0.0,0.0,False,none,0.0,0.0,nominal,0.277149723120313,0.0,89,battery_voltage_sensor_drift,2.161798969995353,0.277149723120313,gradual,0.7851811151939005,0.916914114191979,1873548368,postprocessed_sensor_fault
5640.0,94.0,1.5666666666666667,1,604.961472404706,364.8628965095479,-240.0985758951581,84.1703342487858,84.08025133245232,29.366813369951434,29.338483452822878,-8.175847098917126,-8.240795460965582,23.64701098295182,23.853274786709896,25.07454374678788,24.94901897999215,6.3475580627897275,18.243144825477398,3371.572412738697,3285.202672867987,3295.1560639202507,0.002931116505076744,0.2232779126269186,0.21966579300863645,23.59215770252091,23.670929085733007,0.0,0.0,0.0,0.0,False,none,0.0,0.0,nominal,0.277149723120313,0.0,89,battery_voltage_sensor_drift,2.161798969995353,0.277149723120313,gradual,0.7851811151939005,0.916914114191979,1873548368,postprocessed_sensor_fault
5700.0,95.0,1.5833333333333333,1,606.1563625798619,367.32050807568874,-238.8358545041732,84.52574474655987,84.68099339840596,29.381029789862396,29.338882523839,-8.128913663420365,-8.170147257883826,23.65808338034673,23.559852258776004,25.09067944762115,24.944963389588604,6.286338987787384,18.366025403784437,3433.012701892219,3359.107687380103,3365.331401162712,0.0026228799942982993,0.21557199985745748,0.2122222456604355,23.582450003578042,23.5620808837183,0.0,0.0,0.0,0.0,False,none,0.0,0.0,nominal,0.277149723120313,0.0,89,battery_voltage_sensor_drift,2.161798969995353,0.277149723120313,gradual,0.7851811151939005,0.916914114191979,1873548368,postprocessed_sensor_fault
5760.0,96.0,1.6,1,607.3212595753644,369.0211303259031,-238.3001292494613,84.88035803413348,85.05957797725922,29.395214321365337,29.365536336965853,-8.106766177794373,-8.10232274447551,23.668993455494366,23.673960685242736,25.10685612507277,25.055553561350127,6.257572628914463,18.451056516295154,3475.5282581475767,3417.31797276384,3418.202683081208,0.0022274715765936287,0.2056867894148407,0.20939924248563083,23.572850634741116,23.534555165436977,0.0,0.0,0.0,0.0,False,none,0.0,0.0,nominal,0.277149723120313,0.0,89,battery_voltage_sensor_drift,2.161798969995353,0.277149723120313,gradual,0.7851811151939005,0.916914114191979,1873548368,postprocessed_sensor_fault
5820.0,97.0,1.6166666666666667,1,608.450488130146,369.8904379073655,-238.56005022278055,85.23535810886975,84.903512472611,29.409414324354792,29.415501249682784,-8.111689936824822,-8.148226236560946,23.67985936506305,23.720547349223477,25.122990319862925,25.221890165373956,6.263961090494807,18.494521895368276,3497.260947684136,3457.2894602239876,3457.8277524495666,0.001762172497196499,0.19405431242991247,0.19406283214612838,23.56333660191221,23.63603590656348,0.0,0.0,0.0,0.0,False,none,0.0,0.0,nominal,0.277149723120313,0.0,89,battery_voltage_sensor_drift,2.161798969995353,0.277149723120313,gradual,0.7851811151939005,0.916914114191979,1873548368,postprocessed_sensor_fault
5880.0,98.0,1.6333333333333333,1,609.5385467561977,369.8904379073655,-239.64810884883218,85.59197731846623,85.62215014276629,29.42367909273865,29.43037252444496,-8.1447363565073,-8.144516143739825,23.690803336957206,23.729398859402476,25.138995441094757,25.13685315960066,6.306938425360945,18.494521895368276,3497.2609476841367,3477.2752039540624,3484.7618319575527,0.0012473185586292885,0.18118296396573222,0.182263756765964,23.55388455379844,23.521506744786972,0.0,0.0,0.0,0.0,False,none,0.0,0.0,nominal,0.277149723120313,0.0,89,battery_voltage_sensor_drift,2.161798969995353,0.277149723120313,gradual,0.7851811151939005,0.916914114191979,1873548368,postprocessed_sensor_fault
5940.0,99.0,1.65,1,610.5801345412646,369.0211303259031,-241.55900421536148,85.95144012235814,85.99243546717247,29.438057604894325,29.471391302845547,-8.205670613783983,-8.184918402477171,23.70194732499464,23.68742389154997,25.15478559059859,25.070615334358372,6.386642417753441,18.451056516295154,3475.5282581475763,3476.4017310508193,3474.529103211169,0.0007054113485506565,0.1676352837137664,0.16621583720197056,23.544471796948457,23.48600947536127,0.0,0.0,0.0,0.0,False,none,0.0,0.0,nominal,0.277149723120313,0.0,89,battery_voltage_sensor_drift,2.161798969995353,0.277149723120313,gradual,0.7851811151939005,0.916914114191979,1873548368,postprocessed_sensor_fault
6000.0,100.0,1.6666666666666667,1,611.5701769743577,367.3205080756888,-244.24966889866886,86.3149068915526,86.04037804651507,29.452596275662103,29.494339757928355,-8.29297582503796,-8.2939895889532,23.713408560520584,23.798771452480835,25.17027935668137,25.195895998211167,6.5018758427731225,18.36602540378444,3433.0127018922194,3454.7072164715196,3457.021878592048,0.00016013481240036284,0.15400337031000907,0.14565113090902768,23.53507726942784,23.45094998201149,0.0,0.0,0.0,0.0,False,none,0.0,0.0,nominal,0.277149723120313,0.0,89,battery_voltage_sensor_drift,2.161798969995353,0.277149723120313,gradual,0.7851811151939005,0.916914114191979,1873548368,postprocessed_sensor_fault
6060.0,101.0,1.6833333333333333,1,612.503850668262,364.86289650954785,-247.64095415871412,86.68342021619354,86.8790193307987,29.46733680864774,29.502747825111744,-8.403913654186736,-8.368389527576687,23.725294979746,23.861884512420723,25.185403411478873,25.168975937693308,6.650061176562101,18.243144825477394,3371.5724127386966,3413.1398146051083,3417.9999184693147,-0.00036467984866473584,0.1591169962166184,0.15943024453245683,23.52573166122319,23.482215175639794,0.0,0.0,0.0,0.0,False,none,0.0,0.0,nominal,0.277149723120313,0.0,89,battery_voltage_sensor_drift,2.161798969995353,0.277149723120313,gradual,0.7851811151939005,0.916914114191979,1873548368,postprocessed_sensor_fault
6120.0,102.0,1.7,1,613.376606858593,361.7557050458495,-251.62090181274357,87.0578560819863,86.9650901931398,29.482314243279454,29.469355496503844,-8.534638757881803,-8.527580938052028,23.737700558861533,23.808589909853687,25.200095754691628,25.291536264034658,6.827204698203059,18.087785252292473,3293.892626146237,3353.516220375672,3347.2431447553345,-0.0008460957156158976,0.17115239289039744,0.1784680242335161,23.51643510681683,23.45696615882392,0.0,0.0,0.0,0.0,False,none,0.0,0.0,nominal,0.277149723120313,0.0,89,battery_voltage_sensor_drift,2.161798969995353,0.277149723120313,gradual,0.7851811151939005,0.916914114191979,1873548368,postprocessed_sensor_fault
6180.0,103.0,1.7166666666666666,1,614.184193564921,358.134732861516,-256.049460703405,87.4388820651759,87.72655099582988,29.497555282607035,29.51254892018124,-8.680362092731874,-8.704799282240772,23.75070067179128,23.66211351178589,25.214308461940245,25.32813842591276,7.027894884874919,17.9067366430758,3203.3683215379,3278.4422709567857,3284.3188330332555,-0.001263072604977778,0.18157681512444446,0.18456695563539366,23.507167066170187,23.543394244139034,0.0,0.0,0.0,0.0,False,none,0.0,0.0,nominal,0.277149723120313,0.0,89,battery_voltage_sensor_drift,2.161798969995353,0.277149723120313,gradual,0.7851811151939005,0.916914114191979,1873548368,postprocessed_sensor_fault
6240.0,104.0,1.7333333333333334,1,614.9226763059908,354.1582338163552,-260.76444248963554,87.82692439030927,87.92228020442633,29.51307697561237,29.50759876164416,-8.835555936953433,-8.81638680262358,23.764347680751207,23.676737343283403,25.228009817626358,25.35108691292304,7.245363897202646,17.707911690817763,3103.9558454088806,3191.199058182833,3194.527926576683,-0.0015973866258081003,0.1899346656452025,0.1933068856859475,23.497908946418978,23.41541788462432,0.0,0.0,0.0,0.0,False,none,0.0,0.0,nominal,0.277149723120313,0.0,89,battery_voltage_sensor_drift,2.161798969995353,0.277149723120313,gradual,0.7851811151939005,0.916914114191979,1873548368,postprocessed_sensor_fault
6300.0,105.0,1.75,1,615.5884572681198,350.0,-265.5884572681198,88.22214530886303,88.11174657057224,29.52888581235452,29.585320050695195,-8.994191618195119,-8.99560133702972,23.778667056763982,23.799627276703756,25.241185739085346,25.154279126696096,7.471638629184906,17.5,3000.0000000000005,3095.599529091417,3097.9370018117665,-0.0018344266511799855,0.19586066627949963,0.19370028401923572,23.48864485871562,23.37857593505174,0.0,0.0,0.0,0.0,False,none,0.0,0.0,nominal,0.277149723120313,0.0,89,battery_voltage_sensor_drift,2.161798969995353,0.277149723120313,gradual,0.7851811151939005,0.916914114191979,1873548368,postprocessed_sensor_fault
6360.0,106.0,1.7666666666666666,1,616.178292833385,345.8417661836449,-270.33652664974005,88.62443180685372,88.60106594197762,29.54497727227415,29.53915098902655,-9.149999479046192,-9.14136935105926,23.793654385214477,23.895663164033497,25.253840429791026,25.2033593274712,7.697799237323648,17.292088309182244,2896.0441545911217,2995.82184184127,2988.001785773709,-0.0019638328945403845,0.1990958223635096,0.2018595716710426,23.479362264188413,23.430262178162767,0.0,0.0,0.0,0.0,False,none,0.0,0.0,nominal,0.277149723120313,0.0,89,battery_voltage_sensor_drift,2.161798969995353,0.277149723120313,gradual,0.7851811151939005,0.916914114191979,1873548368,postprocessed_sensor_fault
6420.0,107.0,1.7833333333333334,1,616.6893093822022,341.86526713848406,-274.8240422437181,89.03339615543068,89.02511847404101,29.561335846217226,29.559169918955554,-9.296739622099507,-9.310727220787152,23.80927362359682,23.849727639216628,25.265996233066545,25.204457918595516,7.9143494080891905,17.093263356924204,2796.631678462101,2896.226760151685,2892.7541549561565,-0.0019799496820944516,0.1994987420523613,0.2043738921904261,23.47005248504146,23.501420279335523,0.0,0.0,0.0,0.0,False,none,0.0,0.0,nominal,0.277149723120313,0.0,89,battery_voltage_sensor_drift,2.161798969995353,0.277149723120313,gradual,0.7851811151939005,0.916914114191979,1873548368,postprocessed_sensor_fault
6480.0,108.0,1.8,1,617.1190172933127,338.24429495415063,-278.8747223391621,89.44838830176872,89.75102286638942,29.57793553207075,29.597600848095396,-9.428471504942728,-9.415573519061198,23.82545693516711,23.862353608060403,25.27769269269743,25.36067069683924,8.111685993561359,16.912214747707534,2706.1073738537652,2801.167067002725,2802.4295922888873,-0.0018820726328890943,0.19705181582222736,0.2000213284255581,23.460711060747016,23.492534270245724,0.0,0.0,0.0,0.0,False,none,0.0,0.0,nominal,0.277149723120313,0.0,89,battery_voltage_sensor_drift,2.161798969995353,0.277149723120313,gradual,0.7851811151939005,0.916914114191979,1873548368,postprocessed_sensor_fault
6540.0,109.0,1.8166666666666667,1,617.465323072968,335.1371034904521,-282.3282195825159,89.86851958090936,89.73077704949849,29.594740783236375,29.60272644340452,-9.539810524119803,-9.508665434414574,23.842106322845737,23.92435396344296,25.288984861504893,25.40801377077292,8.280638786888556,16.756855174522606,2628.427587261303,2714.7973271320143,2707.588471905743,-0.0016744794436408268,0.19186198609102068,0.1935510198518173,23.451337933689757,23.445741250982874,0.0,0.0,0.0,0.0,False,none,0.0,0.0,nominal,0.277149723120313,0.0,89,battery_voltage_sensor_drift,2.161798969995353,0.277149723120313,gradual,0.7851811151939005,0.916914114191979,1873548368,postprocessed_sensor_fault
6600.0,110.0,1.8333333333333333,1,617.7265395542198,332.6794919243112,-285.0470476299086,90.29269673512054,90.35550505013687,29.61170786940482,29.60540410602318,-9.626160331144652,-9.602027058519282,23.859097141634237,23.84423725214324,25.299940931805285,25.310813029781002,8.413037017672233,16.633974596215563,2566.98729810778,2640.8923126198974,2642.8289657715777,-0.0013662429328624107,0.18415607332156025,0.18769686364004357,23.441937453726375,23.366922068943836,0.0,0.0,0.0,0.0,False,none,0.0,0.0,nominal,0.277149723120313,0.0,89,battery_voltage_sensor_drift,2.161798969995353,0.277149723120313,gradual,0.7851811151939005,0.916914114191979,1873548368,postprocessed_sensor_fault
6660.0,111.0,1.85,1,617.9013941166289,330.9788696740969,-286.922524442532,90.71966477744574,90.63796809381986,29.62878659109783,29.64093673954094,-9.683910731894091,-9.652044771600877,23.876283392667975,23.842190028510938,25.310639291318253,25.211075458367212,8.502250165063485,16.548943483704846,2524.4717418524233,2582.6820272361606,2577.406390433111,-0.0009708345151577116,0.17427086287894278,0.1704277690046654,23.432518197106866,23.56617232751349,0.0,0.0,0.0,0.0,False,none,0.0,0.0,nominal,0.277149723120313,0.0,89,battery_voltage_sensor_drift,2.161798969995353,0.277149723120313,gradual,0.7851811151939005,0.916914114191979,1873548368,postprocessed_sensor_fault
6720.0,112.0,1.8666666666666667,1,617.9890348863438,330.1095620926345,-287.8794727937093,91.14805685005543,91.14737481060368,29.645922274002217,29.62058526527218,-9.710592577724025,-9.712929575743887,23.893504521168115,24.034820784920555,25.32116513319697,25.33753992305134,8.543648656843914,16.505478104631727,2502.7390523158633,2542.710539776012,2543.4180880564486,-0.0005055354357605888,0.16263838589401472,0.1599594434571005,23.423092602138773,23.445377492590442,0.0,0.0,0.0,0.0,False,none,0.0,0.0,nominal,0.277149723120313,0.0,89,battery_voltage_sensor_drift,2.161798969995353,0.277149723120313,gradual,0.7851811151939005,0.916914114191979,1873548368,postprocessed_sensor_fault
6780.0,113.0,1.8833333333333333,1,617.9890348863438,330.1095620926345,-287.8794727937093,91.57644892266512,91.70657015463055,29.663057956906606,29.637119161858614,-9.704982986310108,-9.696630120694872,23.91059327931166,23.949626343417407,25.33160676834066,25.492372659469574,8.534935581165493,16.505478104631727,2502.7390523158633,2522.724796045938,2525.323562511281,9.318502806628603e-06,0.15023296257016572,0.15272552841643508,23.41367768976054,23.28234829121012,0.0,0.0,0.0,0.0,False,none,0.0,0.0,nominal,0.277149723120313,0.0,89,battery_voltage_sensor_drift,2.161798969995353,0.277149723120313,gradual,0.7851811151939005,0.916914114191979,1873548368,postprocessed_sensor_fault
6840.0,114.0,1.9,1,617.9013941166289,330.9788696740969,-286.922524442532,92.00341696499031,92.11048205167884,29.680136678599613,29.686248480093017,-9.667156440334484,-9.646965029050635,23.92738409660696,24.02723183374845,25.342051801161343,25.387776641002723,8.47631309135204,16.548943483704846,2524.4717418524233,2523.5982689491807,2526.440784767196,0.0005512257128852607,0.1637806428221315,0.16655574499109138,23.404363745578905,23.47006518918122,0.0,0.0,0.0,0.0,False,none,0.0,0.0,nominal,0.277149723120313,0.0,89,battery_voltage_sensor_drift,2.161798969995353,0.277149723120313,gradual,0.7851811151939005,0.916914114191979,1873548368,postprocessed_sensor_fault
6900.0,115.0,1.9166666666666667,1,617.7265395542198,332.6794919243112,-285.0470476299086,92.4275941192015,92.39581941708943,29.69710376476806,29.692507146151033,-9.598479699831257,-9.581152704257846,23.94372134204014,23.82585798403081,25.352583335944484,25.299251610971357,8.370465003845819,16.633974596215563,2566.9872981077797,2545.2927835284804,2543.6125420623193,0.0010965022490355475,0.1774125562258887,0.17409242548113377,23.395170884340285,23.396488084694965,0.0,0.0,0.0,0.0,False,none,0.0,0.0,nominal,0.277149723120313,0.0,89,battery_voltage_sensor_drift,2.161798969995353,0.277149723120313,gradual,0.7851811151939005,0.916914114191979,1873548368,postprocessed_sensor_fault
6960.0,116.0,1.9333333333333333,1,617.465323072968,335.1371034904521,-282.3282195825159,92.84772539834213,92.8055488623815,29.713909015933687,29.695436502416413,-9.501550921190516,-9.492186766404162,23.959466872630024,23.940864171526567,25.363276379605974,25.440766000055227,8.222357592638108,16.756855174522606,2628.427587261302,2586.860185394891,2582.774310494179,0.0016213169101006388,0.19053292275251596,0.19241461268846763,23.38611690452156,23.290573858751706,0.0,0.0,0.0,0.0,False,none,0.0,0.0,nominal,0.277149723120313,0.0,89,battery_voltage_sensor_drift,2.161798969995353,0.277149723120313,gradual,0.7851811151939005,0.916914114191979,1873548368,postprocessed_sensor_fault
7020.0,117.0,1.95,1,617.1190172933127,338.24429495415046,-278.87472233916225,93.26271754468019,93.50392390718358,29.73050870178721,29.712847615731395,-9.380085794576333,-9.396984338287822,23.974506340597873,24.048201365531376,25.37419459806454,25.440785306524415,8.038880761089018,16.912214747707523,2706.1073738537616,2646.4837796243264,2649.59547948801,0.0021027327770518074,0.20256831942629516,0.1951139654805087,23.37721646865475,23.469542412763513,0.0,0.0,0.0,0.0,False,none,0.0,0.0,nominal,0.277149723120313,0.0,89,battery_voltage_sensor_drift,2.161798969995353,0.277149723120313,gradual,0.7851811151939005,0.916914114191979,1873548368,postprocessed_sensor_fault
7080.0,118.0,1.9666666666666666,1,616.6893093822022,341.865267138484,-274.82404224371817,93.67168189325714,93.66310698331932,29.746867275730285,29.769108699785956,-9.238755788847055,-9.256191644946314,23.988753864827874,24.070715228506803,25.385387567993874,25.640897272693703,7.8283686820763965,17.0932633569242,2796.6316784621,2721.557729043213,2721.849055460851,0.00251970966641371,0.21299274166034274,0.2141101566421519,23.36848041167747,23.317581680243535,0.0,0.0,0.0,0.0,False,none,0.0,0.0,nominal,0.277149723120313,0.0,89,battery_voltage_sensor_drift,2.161798969995353,0.277149723120313,gradual,0.7851811151939005,0.916914114191979,1873548368,postprocessed_sensor_fault
7140.0,119.0,1.9833333333333334,1,616.178292833385,345.84176618364484,-270.3365266497401,94.07396839124782,94.31986276230782,29.762958735649914,29.773434257501204,-9.08298563495747,-9.138503495414342,24.002154842450864,24.01643326723384,25.396888644068287,25.324476622018896,7.600050243587502,17.292088309182244,2896.044154591121,2808.8009418171673,2815.208944104851,0.002854023687244053,0.2213505921811013,0.2278262268774887,23.359915212589062,23.33763300366036,0.0,0.0,0.0,0.0,False,none,0.0,0.0,nominal,0.277149723120313,0.0,89,battery_voltage_sensor_drift,2.161798969995353,0.277149723120313,gradual,0.7851811151939005,0.916914114191979,1873548368,postprocessed_sensor_fault
7200.0,120.0,2.0,1,615.58845726812,350.0,-265.58845726812,94.46918930980158,94.67895480974855,29.778767572392063,29.74470437369777,-8.918718903409134,-8.916313894052783,24.0146868592303,24.090547694711233,25.40871353491574,25.236311001165515,7.363483750242194,17.5,2999.9999999999995,2904.4004709085834,2901.9465746446654,0.0030910637126159027,0.22727659281539755,0.2221528216439891,23.351522658270927,23.29478887070633,0.0,0.0,0.0,0.0,False,none,0.0,0.0,nominal,0.277149723120313,0.0,89,battery_voltage_sensor_drift,2.161798969995353,0.277149723120313,gradual,0.7851811151939005,0.916914114191979,1873548368,postprocessed_sensor_fault
7260.0,121.0,2.0166666666666666,1,614.9226763059908,354.15823381635516,-260.7644424896356,94.85723163493495,94.94930273558965,29.7942892653974,29.778683163840007,-8.752161871251051,-8.78174814685597,24.026358828053738,23.938594947447022,25.420859650018052,25.43931151126681,7.128026993646456,17.70791169081776,3103.9558454088797,3004.178158158732,3003.780622362366,0.003220469955976323,0.23051174889940806,0.22832058245303227,23.343299719649647,23.390410531931845,0.0,0.0,0.0,0.0,False,none,0.0,0.0,nominal,0.277149723120313,0.0,89,battery_voltage_sensor_drift,2.161798969995353,0.277149723120313,gradual,0.7851811151939005,0.916914114191979,1873548368,postprocessed_sensor_fault
7320.0,122.0,2.033333333333333,1,614.184193564921,358.13473286151594,-256.04946070340503,95.23825761812455,95.23000127301663,29.80953030472498,29.814263616502846,-8.589516778223766,-8.593564567584277,24.037208621347652,24.087163715014412,25.43330624610406,25.395791042590645,6.902383878671007,17.9067366430758,3203.368321537899,3103.7732398483154,3097.5089000353396,0.0032365867435303554,0.23091466858825888,0.22005686474412256,23.33523864987082,23.31916003769758,0.0,0.0,0.0,0.0,False,none,0.0,0.0,nominal,0.277149723120313,0.0,89,battery_voltage_sensor_drift,2.161798969995353,0.277149723120313,gradual,0.7851811151939005,0.916914114191979,1873548368,postprocessed_sensor_fault
7380.0,123.0,2.05,1,613.376606858593,361.7557050458494,-251.62090181274363,95.61269348391733,95.57792342304114,29.824507739356694,29.802284301120096,-8.436716005900823,-8.395140335713453,24.047299550143357,23.881270616160972,25.446015366639813,25.36786512068354,6.694254157137851,18.087785252292473,3293.892626146236,3198.8329329972757,3199.0409425077073,0.0031387096943250184,0.22846774235812545,0.2197791058671417,23.327327302482303,23.27032931185728,0.0,0.0,0.0,0.0,False,none,0.0,0.0,nominal,0.277149723120313,0.0,89,battery_voltage_sensor_drift,2.161798969995353,0.277149723120313,gradual,0.7851811151939005,0.916914114191979,1873548368,postprocessed_sensor_fault
7440.0,124.0,2.066666666666667,1,612.503850668262,364.86289650954785,-247.64095415871412,95.98120680855826,96.00790576195114,29.83924827234233,29.859580403131897,-8.299168661974965,-8.283217138791278,24.056716072970474,24.060130456243144,25.458933533357648,25.40309848879142,6.510096038392588,18.243144825477394,3371.572412738696,3285.202672867986,3282.1614671407874,0.0029311165050767227,0.22327791262691807,0.22385355491806666,23.319549655647666,23.46197915764868,0.0,0.0,0.0,0.0,False,none,0.0,0.0,nominal,0.277149723120313,0.0,89,battery_voltage_sensor_drift,2.161798969995353,0.277149723120313,gradual,0.7851811151939005,0.916914114191979,1873548368,postprocessed_sensor_fault
7500.0,125.0,2.0833333333333335,1,611.5701769743577,367.3205080756888,-244.24966889866886,96.3446735777527,96.34000270249143,29.85378694311011,29.878263209329816,-8.181530516182596,-8.14289990455492,24.065559094289245,24.125739730250643,25.471994115898354,25.506790271692644,6.354995326978164,18.36602540378444,3433.0127018922194,3359.107687380103,3356.795970462339,0.0026228799942983206,0.215571999857458,0.21170643263853423,23.311886517056347,23.25391576650095,0.0,0.0,0.0,0.0,False,none,0.0,0.0,nominal,0.277149723120313,0.0,89,battery_voltage_sensor_drift,2.161798969995353,0.277149723120313,gradual,0.7851811151939005,0.916914114191979,1873548368,postprocessed_sensor_fault
7560.0,126.0,2.1,1,610.5801345412646,369.0211303259031,-241.55900421536148,96.70413638164462,96.63430532323034,29.868165455265785,29.915082140103934,-8.087507234990705,-8.076841820758085,24.07394114593045,24.091322900580806,25.48512027600376,25.57677432855591,6.232621862082159,18.451056516295154,3475.5282581475767,3417.31797276384,3414.370262914253,0.0022274715765936287,0.2056867894148407,0.20369748206751062,23.304316374368334,23.279424574769507,0.0,0.0,0.0,0.0,False,none,0.0,0.0,nominal,0.277149723120313,0.0,89,battery_voltage_sensor_drift,2.161798969995353,0.277149723120313,gradual,0.7851811151939005,0.916914114191979,1873548368,postprocessed_sensor_fault
7620.0,127.0,2.1166666666666667,1,609.5385467561977,369.8904379073655,-239.64810884883218,97.0607555912411,97.17090655564462,29.882430223649642,29.881573553007886,-8.019699437268967,-8.024439759402583,24.08198165347197,24.229451499297934,25.498228357586466,25.487239578465648,6.145246325130574,18.494521895368276,3497.2609476841367,3457.2894602239876,3458.6957574195876,0.001762172497196506,0.19405431242991264,0.19624116062132216,23.29681634849222,23.226718426479096,0.0,0.0,0.0,0.0,False,none,0.0,0.0,nominal,0.277149723120313,0.0,89,battery_voltage_sensor_drift,2.161798969995353,0.277149723120313,gradual,0.7851811151939005,0.916914114191979,1873548368,postprocessed_sensor_fault
7680.0,128.0,2.1333333333333333,1,608.450488130146,369.8904379073655,-238.56005022278055,97.41575566597737,97.48871512497873,29.896630226639097,29.873826828407022,-7.979496298222064,-7.962215070284874,24.089802393197363,24.03827012098667,25.51123157451651,25.478786742331405,6.09378889386717,18.494521895368276,3497.2609476841367,3477.2752039540624,3483.2318902697143,0.0012473185586292885,0.18118296396573222,0.18000895766279618,23.289363202279105,23.28002872787847,0.0,0.0,0.0,0.0,False,none,0.0,0.0,nominal,0.277149723120313,0.0,89,battery_voltage_sensor_drift,2.161798969995353,0.277149723120313,gradual,0.7851811151939005,0.916914114191979,1873548368,postprocessed_sensor_fault
7740.0,129.0,2.15,1,607.3212595753644,369.0211303259031,-238.3001292494613,97.77036895355099,97.94157501887345,29.91081475814204,29.90162696188932,-7.967022335444523,-7.9601244309023285,24.097523164143105,24.03171838349043,25.52404383495297,25.396110268770272,6.077875591477752,18.451056516295154,3475.5282581475767,3476.4017310508193,3473.032750195689,0.0007054113485506565,0.1676352837137664,0.17037718080632366,23.281934355565518,23.240814124959204,0.0,0.0,0.0,0.0,False,none,0.0,0.0,nominal,0.277149723120313,0.0,89,battery_voltage_sensor_drift,2.161798969995353,0.277149723120313,gradual,0.7851811151939005,0.916914114191979,1873548368,postprocessed_sensor_fault
7800.0,130.0,2.1666666666666665,1,606.156362579862,367.3205080756888,-238.83585450417326,98.12577945132504,98.3341358989066,29.925031178053,29.880887155459156,-7.981139704854688,-8.018009765368415,24.105257649421823,23.991595999099186,25.536583535080915,25.539151060086194,6.095887279072638,18.36602540378444,3433.0127018922194,3454.7072164715196,3454.698888198966,0.00016013481240036284,0.15400337031000907,0.15556359555377816,23.274508858855274,23.297104719249887,0.0,0.0,0.0,0.0,True,none,0.006199457140676904,0.0,battery_voltage_sensor_drift,0.277149723120313,0.0017181778300348514,89,battery_voltage_sensor_drift,2.161798969995353,0.277149723120313,gradual,0.7851811151939005,0.916914114191979,1873548368,postprocessed_sensor_fault
7860.0,131.0,2.183333333333333,1,604.961472404706,364.8628965095479,-240.0985758951581,98.4830689987881,98.69107966290598,29.939322759951523,29.920126567015775,-8.019505912683071,-8.03229217106132,24.11310943021424,24.077952565857903,25.548777156451223,25.580196888461696,6.144998006684699,18.243144825477398,3371.572412738698,3413.1398146051088,3413.330907658416,-0.0003646798486647144,0.15911699621661785,0.15414067260360564,23.267117513729918,23.381645381305923,0.0,0.0,0.0,0.0,True,none,0.02742598226227356,0.0,battery_voltage_sensor_drift,0.277149723120313,0.007601103390291733,89,battery_voltage_sensor_drift,2.161798969995353,0.277149723120313,gradual,0.7851811151939005,0.916914114191979,1873548368,postprocessed_sensor_fault
7920.0,132.0,2.2,1,603.7424104347197,361.7557050458495,-241.98670538887018,98.84316826275963,99.09213424123455,29.953726730510386,29.95126820157288,-8.07868441766835,-8.107009362834665,24.121168144811698,24.17432226035879,25.560562509704198,25.484991994081355,6.221211353622193,18.087785252292473,3293.892626146237,3353.516220375673,3353.0786306548853,-0.0008460957156159047,0.1711523928903976,0.16901028363553777,23.259760565429755,23.281852799543024,0.0,0.0,0.0,0.0,True,none,0.04865250738387078,0.0,battery_voltage_sensor_drift,0.277149723120313,0.01348402895054877,89,battery_voltage_sensor_drift,2.161798969995353,0.277149723120313,gradual,0.7851811151939005,0.916914114191979,1873548368,postprocessed_sensor_fault
7980.0,133.0,2.216666666666667,1,602.5051158172811,358.13473286151606,-244.37038295576502,99.20681466596761,99.36229582314755,29.968272586638705,29.997661958871603,-8.15430326353602,-8.164145417215378,24.129505845733153,24.063059560723197,25.571891482912715,25.614273881427405,6.319412937097135,17.906736643075803,3203.3683215379015,3278.442270956787,3278.9447584959707,-0.0012630726049777641,0.1815768151244441,0.17837867598441698,23.252417583843517,23.218841833836294,0.0,0.0,0.0,0.0,True,none,0.06987903250546744,0.0,battery_voltage_sensor_drift,0.277149723120313,0.019366954510805653,89,battery_voltage_sensor_drift,2.161798969995353,0.277149723120313,gradual,0.7851811151939005,0.916914114191979,1873548368,postprocessed_sensor_fault
8040.0,134.0,2.2333333333333334,1,601.2556165273943,354.15823381635516,-247.09738271103913,99.5745191045257,99.82050332949926,29.98298076418103,30.01561216207532,-8.24125475230376,-8.282237207842295,24.13817368529672,24.31157672155534,25.582732174431047,25.588959594514343,6.433462391389545,17.70791169081776,3103.955845408879,3191.199058182833,3193.40654881258,-0.001597386625808136,0.1899346656452034,0.19136413208122915,23.245070085209758,23.19815993697556,0.0,0.0,0.0,0.0,True,none,0.0911055576270641,0.0,battery_voltage_sensor_drift,0.277149723120313,0.025249880071062533,89,battery_voltage_sensor_drift,2.161798969995353,0.277149723120313,gradual,0.7851811151939005,0.916914114191979,1873548368,postprocessed_sensor_fault
8100.0,135.0,2.25,1,600.0,350.0,-250.0,99.94654291404952,99.8671647407567,29.99786171656198,29.94960661317637,-8.333927343293727,-8.331126608528121,24.147199135175153,24.33648376265202,25.5930703170356,25.6455688750375,6.556347597063907,17.5,3000.0000000000005,3095.599529091417,3095.6717543996247,-0.0018344266511799855,0.19586066627949963,0.19668716656328633,23.23770228896547,23.28762746533745,0.0,0.0,0.0,0.0,True,none,0.11233208274866074,0.0,battery_voltage_sensor_drift,0.277149723120313,0.031132805631319413,89,battery_voltage_sensor_drift,2.161798969995353,0.277149723120313,gradual,0.7851811151939005,0.916914114191979,1873548368,postprocessed_sensor_fault
8160.0,136.0,2.2666666666666666,1,598.7443834726057,345.84176618364484,-252.90261728896087,100.0,100.0,30.0,30.005636413477678,-8.430087242965362,-8.354999251204873,24.156600305943837,24.192552400353485,25.60290993111768,25.605121393828863,6.685309673920586,17.292088309182244,2896.0441545911203,2995.8218418412685,2991.9725061475274,-0.0019638328945404057,0.19909582236351014,0.1994668979761223,23.230301763711388,23.29420616067839,0.0,0.0,0.0,0.0,True,none,0.1335586078702574,0.0,battery_voltage_sensor_drift,0.277149723120313,0.03701573119157629,89,battery_voltage_sensor_drift,2.161798969995353,0.277149723120313,gradual,0.7851811151939005,0.916914114191979,1873548368,postprocessed_sensor_fault
8220.0,137.0,2.283333333333333,1,597.4948841827188,341.86526713848406,-255.62961704423475,100.0,99.99050442141233,30.0,30.001173521137503,-8.520987234807825,-8.505485061305912,24.166355963696375,24.201980615699323,25.612273178382587,25.676643165711994,6.808577876460633,17.093263356924204,2796.631678462101,2896.226760151685,2895.465431798872,-0.001979949682094438,0.19949874205236096,0.19532943412303727,23.222859938318013,23.22389586755948,0.0,0.0,0.0,0.0,True,none,0.15478513299185406,0.0,battery_voltage_sensor_drift,0.277149723120313,0.04289865675183318,89,battery_voltage_sensor_drift,2.161798969995353,0.277149723120313,gradual,0.7851811151939005,0.916914114191979,1873548368,postprocessed_sensor_fault
8280.0,138.0,2.3,1,596.2575895652803,338.2442949541506,-258.01329461112977,100.0,100.0,30.0,30.00389993727045,-8.600443153704326,-8.634007864557477,24.17641586056489,24.28296899177656,25.621199422450943,25.598298597177994,6.91740979520797,16.91221474770753,2706.107373853764,2801.1670670027247,2797.295047730531,-0.0018820726328891081,0.1970518158222277,0.19585783867885279,23.215372458123994,23.29694067161352,0.0,0.0,0.0,0.0,True,none,0.1760116581134507,0.0,battery_voltage_sensor_drift,0.277149723120313,0.04878158231209006,89,battery_voltage_sensor_drift,2.161798969995353,0.277149723120313,gradual,0.7851811151939005,0.916914114191979,1873548368,postprocessed_sensor_fault
8340.0,139.0,2.316666666666667,1,595.038527595294,335.1371034904521,-259.9014241048419,100.0,100.0,30.0,30.061320158260074,-8.66338080349473,-8.667513853264744,24.186705143253864,24.153213910107002,25.62974353742038,25.677039316984455,7.00433335570888,16.756855174522606,2628.427587261303,2714.797327132014,2715.833944855741,-0.0016744794436408194,0.19186198609102048,0.195687330029506,23.20783937058641,23.173499188200218,0.0,0.0,0.0,0.0,True,none,0.19723818323504794,0.0,battery_voltage_sensor_drift,0.277149723120313,0.0546645078723471,89,battery_voltage_sensor_drift,2.161798969995353,0.277149723120313,gradual,0.7851811151939005,0.916914114191979,1873548368,postprocessed_sensor_fault
8400.0,140.0,2.3333333333333335,1,593.843637420138,332.67949192431126,-261.1641454958267,100.0,100.0,30.0,30.038871907333444,-8.705471516527556,-8.716179244314542,24.197127641547695,24.233527473815272,25.63797353831345,25.620081327033894,7.0628187460058065,16.633974596215563,2566.9872981077815,2640.892312619898,2642.0573290985444,-0.001366242932862382,0.18415607332155953,0.18728568685455502,23.2002651298463,23.21517105104777,0.0,0.0,0.0,0.0,True,none,0.21846470835664458,0.0,battery_voltage_sensor_drift,0.277149723120313,0.06054743343260398,89,battery_voltage_sensor_drift,2.161798969995353,0.277149723120313,gradual,0.7851811151939005,0.916914114191979,1873548368,postprocessed_sensor_fault
8460.0,141.0,2.35,1,592.6787404246356,330.9788696740969,-261.6998707505387,100.0,99.9664352796329,30.0,30.04783609629622,-8.723329025017957,-8.715846235488755,24.2075706008394,24.24717161196767,25.64596763697435,25.649968823798226,7.08771754229766,16.548943483704846,2524.4717418524233,2582.682027236161,2580.796272094994,-0.0009708345151577187,0.17427086287894297,0.17686219064620345,23.19265841565589,23.148121331168365,0.0,0.0,0.0,0.0,True,none,0.23969123347824126,0.0,battery_voltage_sensor_drift,0.277149723120313,0.06643035899286086,89,battery_voltage_sensor_drift,2.161798969995353,0.277149723120313,gradual,0.7851811151939005,0.916914114191979,1873548368,postprocessed_sensor_fault
8520.0,142.0,2.3666666666666667,1,591.549511869854,330.1095620926345,-261.43994977721945,100.0,100.0,30.0,30.09710419439168,-8.714664992573981,-8.679848971309513,24.21791061348311,24.134647166011668,25.65381085208782,25.644949389237986,7.075630874623557,16.505478104631727,2502.739052315864,2542.710539776012,2542.090905436086,-0.0005055354357605887,0.16263838589401472,0.16486803461956226,23.18503176904868,23.0037206533027,0.0,0.0,0.0,0.0,True,none,0.2609177585998379,0.0,battery_voltage_sensor_drift,0.277149723120313,0.07231328455311774,89,battery_voltage_sensor_drift,2.161798969995353,0.277149723120313,gradual,0.7851811151939005,0.916914114191979,1873548368,postprocessed_sensor_fault
8580.0,143.0,2.3833333333333333,1,590.4614532438022,330.1095620926345,-260.3518911511677,100.0,100.0,30.0,30.050272787231595,-8.67839637170559,-8.701555573538894,24.22802036675806,24.260256357186858,25.66159132148038,25.790770404005322,7.02516508675462,16.505478104631727,2502.7390523158633,2522.724796045938,2519.903306862515,9.318502806628603e-06,0.15023296257016572,0.153311126641759,23.177402312918623,23.036991282523207,0.0,0.0,0.0,0.0,True,none,0.2821442837214346,0.0,battery_voltage_sensor_drift,0.277149723120313,0.07819621011337463,89,battery_voltage_sensor_drift,2.161798969995353,0.277149723120313,gradual,0.7851811151939005,0.916914114191979,1873548368,postprocessed_sensor_fault
8640.0,144.0,2.4,1,589.4198654587356,330.9788696740969,-258.44099578463863,100.0,100.0,30.0,30.02697093363386,-8.614699859487954,-8.61769401443537,24.23777572553593,24.338228326402557,25.669396477875946,25.66933306640179,6.937044293524942,16.548943483704846,2524.471741852423,2523.5982689491807,2522.060315067481,0.0005512257128852536,0.16378064282213134,0.1656545869272829,23.169860434063303,23.12750606310493,0.0,0.0,0.0,0.0,True,none,0.3033708088430312,0.0,battery_voltage_sensor_drift,0.277149723120313,0.0840791356736315,89,battery_voltage_sensor_drift,2.161798969995353,0.277149723120313,gradual,0.7851811151939005,0.916914114191979,1873548368,postprocessed_sensor_fault
8700.0,145.0,2.4166666666666665,1,588.4298230256423,332.6794919243112,-255.75033110133114,100.0,99.76464100958101,30.0,30.06926616927056,-8.525011036711039,-8.527504383432307,24.247062621362993,24.10643167620347,25.67730925524537,25.712844673520447,6.814065054083602,16.633974596215563,2566.9872981077806,2545.292783528481,2551.302036423157,0.0010965022490355544,0.17741255622588886,0.17884063734396824,23.162426347661047,23.11640347250863,0.0,0.0,0.0,0.0,True,none,0.32459733396462787,0.0,battery_voltage_sensor_drift,0.277149723120313,0.08996206123388838,89,battery_voltage_sensor_drift,2.161798969995353,0.277149723120313,gradual,0.7851811151939005,0.916914114191979,1873548368,postprocessed_sensor_fault
8760.0,146.0,2.433333333333333,0,0.0,335.1371034904521,335.1371034904521,99.50128407218682,99.3125950069596,29.980051362887473,30.04693541072636,11.178670090783127,11.210602275080596,24.2522369563011,24.301000007485243,25.669404491552452,25.73076123881339,10.99701319988554,16.756855174522606,2628.427587261302,2586.8601853948917,2586.566104316268,0.0016213169101006316,0.1905329227525158,0.19749442348816215,23.155117951867418,23.1042961478435,0.0,0.0,0.0,0.0,True,none,0.34582385908622454,0.0,battery_voltage_sensor_drift,0.277149723120313,0.09584498679414527,89,battery_voltage_sensor_drift,2.161798969995353,0.277149723120313,gradual,0.7851811151939005,0.916914114191979,1873548368,postprocessed_sensor_fault
8820.0,147.0,2.45,0,0.0,338.2442949541505,338.2442949541505,98.99794434755268,98.90602406184342,29.959917773902106,29.98282376275454,11.289893967893095,11.309219465676192,24.25804665611163,24.295742084876522,25.66187368511545,25.62128658859844,11.19693646450151,16.912214747707527,2706.107373853763,2646.483779624327,2650.5479035158614,0.0021027327770518148,0.20256831942629536,0.20808474363794316,23.147950008145514,23.20907849937698,0.0,0.0,0.0,0.0,True,none,0.36705038420782177,0.0,battery_voltage_sensor_drift,0.277149723120313,0.1017279123544023,89,battery_voltage_sensor_drift,2.161798969995353,0.277149723120313,gradual,0.7851811151939005,0.916914114191979,1873548368,postprocessed_sensor_fault
8880.0,148.0,2.466666666666667,0,0.0,341.865267138484,341.865267138484,98.48921627145373,98.38342225358565,29.93956865085815,29.94199486670982,11.41851010364123,11.395109264633374,24.264600342304817,24.144218801323472,25.654765222348374,25.58791626704329,11.430589838956548,17.0932633569242,2796.6316784621,2721.557729043213,2716.6826133502727,0.0025197096664137026,0.21299274166034254,0.21197228551366148,23.140933449622054,23.122292878086267,0.0,0.0,0.0,0.0,True,none,0.3882769093294184,0.0,battery_voltage_sensor_drift,0.277149723120313,0.10761083791465918,89,battery_voltage_sensor_drift,2.161798969995353,0.277149723120313,gradual,0.7851811151939005,0.916914114191979,1873548368,postprocessed_sensor_fault
8940.0,149.0,2.4833333333333334,0,0.0,345.8417661836448,345.8417661836448,97.9745707860614,98.21220480093015,29.918982831442456,29.985124161265407,11.559275531927268,11.533472531357027,24.271977233803792,24.29991820252568,25.64811127718795,25.703661831178483,11.689348065840994,17.29208830918224,2896.044154591119,2808.800941817166,2809.511976092152,0.0028540236872440245,0.2213505921811006,0.22514689414292618,23.134074852749063,22.964942026336672,0.0,0.0,0.0,0.0,True,none,0.40950343445101506,0.0,battery_voltage_sensor_drift,0.277149723120313,0.11349376347491606,89,battery_voltage_sensor_drift,2.161798969995353,0.277149723120313,gradual,0.7851811151939005,0.916914114191979,1873548368,postprocessed_sensor_fault
9000.0,150.0,2.5,0,0.0,350.0,350.0,97.45373745272806,97.35854147879799,29.898149498109124,30.00710434869529,11.706410124885334,11.627696834200606,24.28022271387084,24.21893153925532,25.641926386970447,25.540791658858105,11.96320304096143,17.5,2999.9999999999995,2904.400470908583,2903.224674296211,0.003091063712615916,0.22727659281539792,0.22547323000607344,23.127376101129727,23.064325034796628,0.0,0.0,0.0,0.0,True,none,0.43072995957261173,0.0,battery_voltage_sensor_drift,0.277149723120313,0.11937668903517296,89,battery_voltage_sensor_drift,2.161798969995353,0.277149723120313,gradual,0.7851811151939005,0.916914114191979,1873548368,postprocessed_sensor_fault
9060.0,151.0,2.5166666666666666,0,0.0,354.1582338163551,354.1582338163551,96.92671627145373,96.83937395642536,29.87706865085815,29.943273821605917,11.853848111909157,11.868111849523215,24.289345034937007,24.40286037452894,25.636206799256318,25.492561939058028,12.241097204816983,17.707911690817756,3103.955845408878,3004.1781581587306,3006.582247996563,0.003220469955976309,0.23051174889940773,0.23366486620013777,23.120834261687005,23.096535555603758,0.0,0.0,0.0,0.0,True,none,0.45195648469420835,0.0,battery_voltage_sensor_drift,0.277149723120313,0.12525961459542984,89,battery_voltage_sensor_drift,2.161798969995353,0.277149723120313,gradual,0.7851811151939005,0.916914114191979,1873548368,postprocessed_sensor_fault
9120.0,152.0,2.533333333333333,0,0.0,358.134732861516,358.134732861516,96.39377768088599,96.50879418694934,29.85575110723544,29.89059906520199,11.9955023598359,11.994862318522637,24.299313518558005,24.20255459780554,25.63093061814842,25.524624860310784,12.511366149186292,17.9067366430758,3203.3683215379006,3103.7732398483154,3103.119956920601,0.0032365867435303836,0.2309146685882596,0.22945810015318738,23.114441682842898,23.003624051324124,0.0,0.0,0.0,0.0,True,none,0.473183009815805,0.0,battery_voltage_sensor_drift,0.277149723120313,0.13114254015568672,89,battery_voltage_sensor_drift,2.161798969995353,0.277149723120313,gradual,0.7851811151939005,0.916914114191979,1873548368,postprocessed_sensor_fault
9180.0,153.0,2.55,0,0.0,361.75570504584937,361.75570504584937,95.85545073885348,95.58603184289986,29.83421802955414,29.916264370153947,12.125529976602362,12.062489671990624,24.310058564703585,24.236609858904252,25.626058743707816,25.758260078030364,12.762278177078597,18.08778525229247,3293.8926261462348,3198.832932997275,3198.958492958267,0.003138709694325004,0.22846774235812511,0.22516941607418617,23.10818631270709,23.12066401179524,0.0,0.0,0.0,0.0,True,none,0.4944095349374017,0.0,battery_voltage_sensor_drift,0.277149723120313,0.1370254657159436,89,battery_voltage_sensor_drift,2.161798969995353,0.277149723120313,gradual,0.7851811151939005,0.916914114191979,1873548368,postprocessed_sensor_fault
9240.0,154.0,2.566666666666667,0,0.0,364.86289650954785,364.86289650954785,95.31249999999997,95.38710303654575,29.8125,29.852860712296906,12.238587723590703,12.218657357316076,24.32147368784017,24.169186480475354,25.62153656340911,25.62714112986286,12.982642357442005,18.243144825477394,3371.5724127386957,3285.202672867985,3287.475677707877,0.0029311165050767297,0.22327791262691823,0.22942858918954506,23.102052223295768,23.160754417767922,0.0,0.0,0.0,0.0,True,none,0.5156360600589989,0.0,battery_voltage_sensor_drift,0.277149723120313,0.1429083912762006,89,battery_voltage_sensor_drift,2.161798969995353,0.277149723120313,gradual,0.7851811151939005,0.916914114191979,1873548368,postprocessed_sensor_fault
9300.0,155.0,2.5833333333333335,0,0.0,367.32050807568874,367.32050807568874,94.76589210107781,94.57717992805128,29.790635684043114,29.843187104725846,12.33006613123191,12.301157648416076,24.33341965392661,24.512363018238336,25.617296321709404,25.58948307064455,13.162442464044178,18.366025403784437,3433.0127018922185,3359.107687380102,3367.158702874783,0.0026228799942983206,0.215571999857458,0.2076118966757402,23.096020315447088,23.119053515976162,0.0,0.0,0.0,0.0,True,none,0.5368625851805956,0.0,battery_voltage_sensor_drift,0.277149723120313,0.14879131683645752,89,battery_voltage_sensor_drift,2.161798969995353,0.277149723120313,gradual,0.7851811151939005,0.916914114191979,1873548368,postprocessed_sensor_fault
9360.0,156.0,2.6,0,0.0,369.0211303259031,369.0211303259031,94.21675351428333,94.45201249218952,29.768670140571334,29.853182116831274,12.396292094451642,12.441435470301004,24.345730618053977,24.405565681256142,25.61326006416832,25.612242996814274,13.293444615277142,18.451056516295154,3475.5282581475767,3417.3179727638394,3416.936783528916,0.002227471576593643,0.20568678941484106,0.20299141744255192,23.090069169271143,23.137641159675013,0.0,0.0,0.0,0.0,True,none,0.5580891103021922,0.0,battery_voltage_sensor_drift,0.277149723120313,0.1546742423967144,89,battery_voltage_sensor_drift,2.161798969995353,0.277149723120313,gradual,0.7851811151939005,0.916914114191979,1873548368,postprocessed_sensor_fault
9420.0,157.0,2.6166666666666667,0,0.0,369.8904379073655,369.8904379073655,93.6663213150164,93.36758734756707,29.746652852600654,29.8052330975874,12.434691047097997,12.421033442017338,24.358221978728796,24.44068618253798,25.60934302744571,25.551295207522983,13.369723314942329,18.494521895368276,3497.2609476841367,3457.2894602239876,3455.2306506566724,0.0017621724971965131,0.19405431242991283,0.19950892618848762,23.08417599743326,23.155890822348034,0.0,0.0,0.0,0.0,True,none,0.5793156354237888,0.0,battery_voltage_sensor_drift,0.277149723120313,0.16055716795697125,89,battery_voltage_sensor_drift,2.161798969995353,0.277149723120313,gradual,0.7851811151939005,0.916914114191979,1873548368,postprocessed_sensor_fault
9480.0,158.0,2.6333333333333333,0,0.0,369.8904379073655,369.8904379073655,93.11588911574948,93.40020118575839,29.724635564629978,29.8161155061832,12.443901527509611,12.456953634404943,24.37069949625012,24.313071564564268,25.605457327016882,25.601818132973985,13.388054818108483,18.494521895368276,3497.2609476841367,3477.2752039540624,3478.0750242563204,0.0012473185586292885,0.18118296396573222,0.18000572648263796,23.078317653853084,23.031801205792256,0.0,0.0,0.0,0.0,True,none,0.6005421605453856,0.0,battery_voltage_sensor_drift,0.277149723120313,0.16644009351722816,89,battery_voltage_sensor_drift,2.161798969995353,0.277149723120313,gradual,0.7851811151939005,0.916914114191979,1873548368,postprocessed_sensor_fault
9540.0,159.0,2.65,0,0.0,369.0211303259031,369.0211303259031,92.56675052895498,92.75877346927717,29.702670021158198,29.790609322006958,12.42383698378082,12.388452683789996,24.3829690927125,24.32448766936702,25.60151578143334,25.689719315895424,13.348138031964808,18.451056516295154,3475.5282581475763,3476.4017310508193,3478.783407372348,0.0007054113485506565,0.1676352837137664,0.1602527766483597,23.072471648752693,23.192649477401233,0.0,0.0,0.0,0.0,True,none,0.6217686856669822,0.0,battery_voltage_sensor_drift,0.277149723120313,0.17232301907748504,89,battery_voltage_sensor_drift,2.161798969995353,0.277149723120313,gradual,0.7851811151939005,0.916914114191979,1873548368,postprocessed_sensor_fault
9600.0,160.0,2.6666666666666665,0,0.0,367.3205080756888,367.3205080756888,92.02014263003282,91.90586122713547,29.680805705201312,29.77949469814342,12.375691944619918,12.37009594369166,24.394846678451728,24.340050639652652,25.59743570598944,25.432196340248815,13.252620088650426,18.36602540378444,3433.0127018922203,3454.70721647152,3457.552830907147,0.00016013481240036989,0.15400337031000924,0.1672042199684978,23.066617122343544,23.052505681744904,0.0,0.0,0.0,0.0,True,none,0.6429952107885788,0.0,battery_voltage_sensor_drift,0.277149723120313,0.1782059446377419,89,battery_voltage_sensor_drift,2.161798969995353,0.277149723120313,gradual,0.7851811151939005,0.916914114191979,1873548368,postprocessed_sensor_fault
9660.0,161.0,2.683333333333333,0,0.0,364.8628965095479,364.8628965095479,91.47719189117932,91.5946820234368,29.65908767564717,29.755067890964458,12.301892104696591,12.286435589426327,24.406167344875843,24.347987373178185,25.59314250999248,25.713935518717165,13.106923948447706,18.243144825477398,3371.572412738698,3413.139814605109,3413.7406970850993,-0.0003646798486647214,0.15911699621661804,0.16006532811164498,23.060784965242025,22.92415865584829,0.0,0.0,0.0,0.0,True,none,0.6642217359101755,0.0,battery_voltage_sensor_drift,0.277149723120313,0.1840888701979988,89,battery_voltage_sensor_drift,2.161798969995353,0.277149723120313,gradual,0.7851811151939005,0.916914114191979,1873548368,postprocessed_sensor_fault
9720.0,162.0,2.7,0,0.0,361.7557050458495,361.7557050458495,90.9388649491468,91.33888326587119,29.637554597965874,29.72714780549334,12.205990337363327,12.203482472312226,24.416793327504138,24.425344918166477,25.588572940417123,25.636972653962758,12.918896009264552,18.087785252292473,3293.892626146237,3353.5162203756736,3352.3358981608944,-0.0008460957156159114,0.17115239289039777,0.1726133141714395,23.05497551105552,23.119739990661326,0.0,0.0,0.0,0.0,True,none,0.6854482610317727,0.0,battery_voltage_sensor_drift,0.277149723120313,0.18997179575825582,89,battery_voltage_sensor_drift,2.161798969995353,0.277149723120313,gradual,0.7851811151939005,0.916914114191979,1873548368,postprocessed_sensor_fault
9780.0,163.0,2.716666666666667,0,0.0,358.134732861516,358.134732861516,90.40592635857907,90.22095490134737,29.616237054343163,29.67027924935134,12.092513042908543,12.152749183345822,24.426620266657224,24.459588542403914,25.583677830179937,25.63622194032428,12.698309735433059,17.9067366430758,3203.3683215379,3278.4422709567866,3274.869132428478,-0.0012630726049777928,0.18157681512444482,0.18310944187304506,23.04916841737709,23.146975068702634,0.0,0.0,0.0,0.0,True,none,0.7066747861533693,0.0,battery_voltage_sensor_drift,0.277149723120313,0.1958547213185127,89,battery_voltage_sensor_drift,2.161798969995353,0.277149723120313,gradual,0.7851811151939005,0.916914114191979,1873548368,postprocessed_sensor_fault
9840.0,164.0,2.7333333333333334,0,0.0,354.1582338163553,354.1582338163553,89.87890517730473,90.15436015475608,29.595156207092188,29.695748957298502,11.96676345744324,11.96592373887344,24.43558145909632,24.426847335488304,25.578424230920135,25.56602570486419,12.456274211711914,17.707911690817763,3103.955845408883,3191.1990581828345,3189.1526670976973,-0.001597386625808086,0.18993466564520214,0.18886499496834142,23.043345287491828,23.097660829321928,0.0,0.0,0.0,0.0,True,none,0.727901311274966,0.0,battery_voltage_sensor_drift,0.277149723120313,0.2017376468787696,89,battery_voltage_sensor_drift,2.161798969995353,0.277149723120313,gradual,0.7851811151939005,0.916914114191979,1873548368,postprocessed_sensor_fault
9900.0,165.0,2.75,0,0.0,349.99999999999994,349.99999999999994,89.3580718439714,89.33310738903644,29.574322873758856,29.68642255802605,11.834590482223792,11.820325263062202,24.44364997884359,24.551802173614664,25.572796837072772,25.54289609031425,12.204602550555357,17.499999999999996,2999.999999999999,3095.599529091417,3101.1952424598207,-0.0018344266511800132,0.19586066627950033,0.19689815469222433,23.037490427230424,22.987749796350244,0.0,0.0,0.0,0.0,True,none,0.7491278363965627,0.0,battery_voltage_sensor_drift,0.277149723120313,0.20762057243902649,89,battery_voltage_sensor_drift,2.161798969995353,0.277149723120313,gradual,0.7851811151939005,0.916914114191979,1873548368,postprocessed_sensor_fault
9960.0,166.0,2.7666666666666666,0,0.0,345.8417661836449,345.8417661836449,88.84342635857907,89.06258281806001,29.553737054343163,29.667702334749283,11.702133153168209,11.735386919674268,24.45083872439306,24.52850983205307,25.566798638994555,25.589558084044505,11.955193626758282,17.292088309182244,2896.044154591122,2995.82184184127,3002.540225527006,-0.0019638328945403845,0.1990958223635096,0.19852156454739625,23.031591490939356,22.99097466468889,0.0,0.0,0.0,0.0,True,none,0.7703543615181593,0.0,battery_voltage_sensor_drift,0.277149723120313,0.21350349799928334,89,battery_voltage_sensor_drift,2.161798969995353,0.277149723120313,gradual,0.7851811151939005,0.916914114191979,1873548368,postprocessed_sensor_fault
10020.0,167.0,2.783333333333333,0,0.0,341.86526713848406,341.86526713848406,88.33469828248013,88.37986486301769,29.533387931299206,29.660291463695195,11.575551979804473,11.594528236278652,24.457198599683274,24.40242505463873,25.560450776596447,25.590176117437746,11.719472290972421,17.093263356924204,2796.6316784621013,2896.226760151685,2890.783090853858,-0.0019799496820944516,0.1994987420523613,0.1922945317769738,23.02563999259177,23.01606825628501,0.0,0.0,0.0,0.0,True,none,0.791580886639756,0.0,battery_voltage_sensor_drift,0.277149723120313,0.21938642355954024,89,battery_voltage_sensor_drift,2.161798969995353,0.277149723120313,gradual,0.7851811151939005,0.916914114191979,1873548368,postprocessed_sensor_fault
10080.0,168.0,2.8,0,0.0,338.2442949541506,338.2442949541506,87.83135855784599,87.44901818634743,29.51325434231384,29.60345671342652,11.46075898750352,11.47535608372995,24.462815140503746,24.459397108832494,25.55379159987909,25.38877193035377,11.507919725571414,16.91221474770753,2706.107373853764,2801.1670670027247,2796.8602756748264,-0.0018820726328891081,0.1970518158222277,0.19998234102946538,23.019631661990697,22.98907249646861,0.0,0.0,0.0,0.0,True,none,0.8128074117613526,0.0,battery_voltage_sensor_drift,0.277149723120313,0.22526934911979712,89,battery_voltage_sensor_drift,2.161798969995353,0.277149723120313,gradual,0.7851811151939005,0.916914114191979,1873548368,postprocessed_sensor_fault
10140.0,169.0,2.816666666666667,0,0.0,335.1371034904521,335.1371034904521,87.33264263003281,87.21693137868391,29.493305705201312,29.624352819675973,11.363158366861153,11.37627702312638,24.467803947812822,24.480570861476753,25.546874977429102,25.503310427737752,11.32970944562933,16.756855174522606,2628.427587261303,2714.797327132014,2720.2808650165234,-0.0016744794436408194,0.19186198609102048,0.18747743312632276,23.013566630424112,23.052877055630375,0.0,0.0,0.0,0.0,True,none,0.8340339368829499,0.0,battery_voltage_sensor_drift,0.277149723120313,0.23115227468005417,89,battery_voltage_sensor_drift,2.161798969995353,0.277149723120313,gradual,0.7851811151939005,0.916914114191979,1873548368,postprocessed_sensor_fault
10200.0,170.0,2.8333333333333335,0,0.0,332.6794919243112,332.6794919243112,86.8375838622883,86.72784011316993,29.473503354491534,29.564893518973726,11.287409166227041,11.295566956917492,24.472305285642165,24.352302394278862,25.5397679268021,25.658195756520158,11.1924484548661,16.633974596215563,2566.9872981077806,2640.8923126198974,2641.527682173448,-0.0013662429328623966,0.18415607332155992,0.18446777644809384,23.00744943523522,22.94340492016898,0.0,0.0,0.0,0.0,True,none,0.8552604620045465,0.0,battery_voltage_sensor_drift,0.277149723120313,0.23703520024031105,89,battery_voltage_sensor_drift,2.161798969995353,0.277149723120313,gradual,0.7851811151939005,0.916914114191979,1873548368,postprocessed_sensor_fault
10260.0,171.0,2.85,0,0.0,330.978869674097,330.978869674097,86.34505578241614,86.34500074864484,29.453802231296645,29.543309973468453,11.237220480906526,11.229593795161614,24.476478153698046,24.61398962436609,25.532547670355093,25.49917166286439,11.102009930920408,16.54894348370485,2524.471741852424,2582.682027236161,2582.5687102280494,-0.0009708345151577046,0.1742708628789426,0.17536473966081553,23.001288838754395,23.03176847734531,0.0,0.0,0.0,0.0,True,none,0.8764869871261431,0.0,battery_voltage_sensor_drift,0.277149723120313,0.2429181258005679,89,battery_voltage_sensor_drift,2.161798969995353,0.277149723120313,gradual,0.7851811151939005,0.916914114191979,1873548368,postprocessed_sensor_fault
10320.0,172.0,2.8666666666666667,0,0.0,330.1095620926345,330.1095620926345,85.85382131501638,85.83771160870147,29.434152852600654,29.602764979070763,11.215188143709993,11.200706959756166,24.480494070135542,24.45087977581895,25.525298245201515,25.442975164913193,11.062435607905055,16.505478104631727,2502.739052315864,2542.710539776012,2546.029154876,-0.0005055354357605887,0.16263838589401472,0.1622916071638483,22.995097463973945,23.17505881691084,0.0,0.0,0.0,0.0,True,none,0.8977135122477399,0.0,battery_voltage_sensor_drift,0.277149723120313,0.2488010513608248,89,battery_voltage_sensor_drift,2.161798969995353,0.277149723120313,gradual,0.7851811151939005,0.916914114191979,1873548368,postprocessed_sensor_fault
10380.0,173.0,2.8833333333333333,0,0.0,330.1095620926345,330.1095620926345,85.36258684761663,85.3917337182198,29.414503473904666,29.56139065164685,11.222680076360769,11.19826751860049,24.48453071854042,24.319670885242463,25.518106815449165,25.409065303368127,11.075883847707596,16.505478104631727,2502.7390523158633,2522.724796045938,2524.3771422120617,9.318502806628603e-06,0.15023296257016572,0.149020315876164,22.988892515131948,23.110858430952405,0.0,0.0,0.0,0.0,True,none,0.9189400373693365,0.0,battery_voltage_sensor_drift,0.277149723120313,0.2546839769210817,89,battery_voltage_sensor_drift,2.161798969995353,0.277149723120313,gradual,0.7851811151939005,0.916914114191979,1873548368,postprocessed_sensor_fault
10440.0,174.0,2.9,0,0.0,330.9788696740969,330.9788696740969,84.87005876774447,84.91579677379998,29.394802350709778,29.548351597971372,11.259775307388825,11.278269688860817,24.48876554488861,24.35534138118452,25.51105984789298,25.558735306251517,11.142603197830649,16.548943483704846,2524.471741852423,2523.5982689491807,2518.0719942551864,0.0005512257128852536,0.16378064282213134,0.16077287279794839,22.982764459760027,22.989009859239633,0.0,0.0,0.0,0.0,True,none,0.9401665624909331,0.0,battery_voltage_sensor_drift,0.277149723120313,0.26056690248133857,89,battery_voltage_sensor_drift,2.161798969995353,0.277149723120313,gradual,0.7851811151939005,0.916914114191979,1873548368,postprocessed_sensor_fault
10500.0,175.0,2.9166666666666665,0,0.0,332.6794919243112,332.6794919243112,84.37499999999994,84.43981973457835,29.374999999999996,29.521856855013997,11.325259299551021,11.3524959223302,24.49336935113983,24.598767251672253,25.504239318302268,25.479114910236994,11.260919856165351,16.633974596215563,2566.9872981077806,2545.292783528481,2538.9094318567895,0.0010965022490355544,0.17741255622588886,0.17791742237892955,22.976733593165047,23.00374138112433,0.0,0.0,0.0,0.0,True,none,0.9613930876125298,0.0,battery_voltage_sensor_drift,0.277149723120313,0.26644982804159545,89,battery_voltage_sensor_drift,2.161798969995353,0.277149723120313,gradual,0.7851811151939005,0.916914114191979,1873548368,postprocessed_sensor_fault
10560.0,176.0,2.933333333333333,0,0.0,335.13710349045203,335.13710349045203,83.87628407218678,83.98924138074277,29.355051362887473,29.47724063067181,11.416675765526124,11.44182299711494,24.498499931175697,24.669343604295943,25.497719114104896,25.480336489513068,11.427238842812121,16.756855174522602,2628.4275872613007,2586.860185394891,2590.7131328350483,0.0016213169101006175,0.19053292275251543,0.19415256638255185,22.970817893030137,22.96962187713632,0.0,0.0,0.0,0.0,True,none,0.9826196127341265,0.0,battery_voltage_sensor_drift,0.277149723120313,0.27233275360185233,89,battery_voltage_sensor_drift,2.161798969995353,0.277149723120313,gradual,0.7851811151939005,0.916914114191979,1873548368,postprocessed_sensor_fault
10620.0,177.0,2.95,0,0.0,338.2442949541506,338.2442949541506,83.37294434755262,83.07392406530536,29.334917773902106,29.495983319858638,11.530432693255086,11.511287963479774,24.504295832413625,24.49999048197352,25.491561790687474,25.609002094791276,11.63607024749486,16.91221474770753,2706.1073738537643,2646.4837796243282,2647.299391292271,0.002102732777051843,0.20256831942629605,0.2042160377600148,22.965032199749515,22.777423061931703,0.0,0.0,0.0,0.0,True,none,1.0,0.0,battery_voltage_sensor_drift,0.277149723120313,0.277149723120313,89,battery_voltage_sensor_drift,2.161798969995353,0.277149723120313,gradual,0.7851811151939005,0.916914114191979,1873548368,postprocessed_sensor_fault
10680.0,178.0,2.966666666666667,0,0.0,341.86526713848394,341.86526713848394,82.86421627145369,82.82365902688944,29.31456865085815,29.48545011747698,11.66195795715644,11.636481848028819,24.51087039432434,24.69503938572382,25.48581582307582,25.540330414574704,11.880101071558753,17.093263356924197,2796.631678462098,2721.557729043213,2722.396103586189,0.002519709666413667,0.21299274166034166,0.21442968779316465,22.959387524789026,22.893777867927408,0.0,0.0,0.0,0.0,True,none,1.0,0.0,battery_voltage_sensor_drift,0.277149723120313,0.277149723120313,89,battery_voltage_sensor_drift,2.161798969995353,0.277149723120313,gradual,0.7851811151939005,0.916914114191979,1873548368,postprocessed_sensor_fault
10740.0,179.0,2.9833333333333334,0,0.0,345.8417661836448,345.8417661836448,82.34957078606136,82.23853021991754,29.293982831442456,29.439731528599175,11.80589775632825,11.815080891976098,24.518306297780494,24.387549698627307,25.48051347310958,25.524225470890055,12.150337746630113,17.29208830918224,2896.044154591119,2808.800941817166,2804.7478390308074,0.0028540236872440245,0.2213505921811006,0.21725739474324066,22.953890522352282,22.892495102431766,0.0,0.0,0.0,0.0,True,none,1.0,0.0,battery_voltage_sensor_drift,0.277149723120313,0.277149723120313,89,battery_voltage_sensor_drift,2.161798969995353,0.277149723120313,gradual,0.7851811151939005,0.916914114191979,1873548368,postprocessed_sensor_fault
10800.0,180.0,3.0,1,600.0,349.99999999999994,-250.00000000000006,82.72159459558517,82.66031080101516,29.308863783823405,29.430747084222812,-8.529842775344429,-8.521365341598457,24.525931984733038,24.380751497820057,25.4916693653247,25.572777795894797,6.820657421767644,17.499999999999996,2999.999999999999,2904.400470908583,2912.1290505430256,0.003091063712615916,0.22727659281539792,0.22324908625757467,22.94854315321092,22.901380937435967,0.0,0.0,0.0,0.0,True,none,1.0,0.0,battery_voltage_sensor_drift,0.277149723120313,0.277149723120313,89,battery_voltage_sensor_drift,2.161798969995353,0.277149723120313,gradual,0.7851811151939005,0.916914114191979,1873548368,postprocessed_sensor_fault
10860.0,181.0,3.0166666666666666,1,601.2556165273943,354.15823381635516,-247.09738271103913,83.08929903414327,83.23672426171132,29.32357196136573,29.469945376027766,-8.42657855723013,-8.396255142822993,24.53304498647295,24.536195248160347,25.50315183378374,25.432756792130423,6.680578094493649,17.70791169081776,3103.9558454088797,3004.1781581587315,3007.778739106146,0.0032204699559763308,0.23051174889940826,0.22806230678434436,22.94334256087759,22.99435217943745,0.0,0.0,0.0,0.0,True,none,1.0,0.0,battery_voltage_sensor_drift,0.277149723120313,0.277149723120313,89,battery_voltage_sensor_drift,2.161798969995353,0.277149723120313,gradual,0.7851811151939005,0.916914114191979,1873548368,postprocessed_sensor_fault
10920.0,182.0,3.033333333333333,1,602.5051158172811,358.134732861516,-244.37038295576508,83.45294543735125,83.43832916185129,29.33811781749405,29.498493845533737,-8.329449914815232,-8.310059139369658,24.539681312789693,24.469722485548704,25.51494009239962,25.549221558528018,6.550378870673239,17.9067366430758,3203.3683215379006,3103.773239848316,3102.607902770627,0.0032365867435303767,0.2309146685882594,0.23824486896455252,22.938281169789555,22.83289345424583,0.0,0.0,0.0,0.0,True,none,1.0,0.0,battery_voltage_sensor_drift,0.277149723120313,0.277149723120313,89,battery_voltage_sensor_drift,2.161798969995353,0.277149723120313,gradual,0.7851811151939005,0.916914114191979,1873548368,postprocessed_sensor_fault
10980.0,183.0,3.05,1,603.7424104347197,361.75570504584937,-241.9867053888703,83.81304470132278,83.65138819623672,29.35252178805291,29.47409038512221,-8.24415384600324,-8.206992883234955,24.545900844282706,24.65124881121639,25.526996142165007,25.603783117993306,6.437285810925601,18.08778525229247,3293.8926261462348,3198.8329329972753,3192.8302438208484,0.0031387096943249967,0.2284677423581249,0.2322007453889009,22.933347003501645,22.951792362006714,0.0,0.0,0.0,0.0,True,none,1.0,0.0,battery_voltage_sensor_drift,0.277149723120313,0.277149723120313,89,battery_voltage_sensor_drift,2.161798969995353,0.277149723120313,gradual,0.7851811151939005,0.916914114191979,1873548368,postprocessed_sensor_fault
11040.0,184.0,3.066666666666667,1,604.961472404706,364.8628965095479,-240.0985758951581,84.1703342487858,84.31144769341391,29.366813369951434,29.50199632230225,-8.175847098917126,-8.15855683587878,24.551783966092977,24.601347232983777,25.539266462678643,25.71649350568247,6.3475580627897275,18.243144825477398,3371.5724127386984,3285.202672867987,3281.8681081964373,0.0029311165050767652,0.22327791262691912,0.22010841318661745,22.928524208909362,22.985205774408673,0.0,0.0,0.0,0.0,True,none,1.0,0.0,battery_voltage_sensor_drift,0.277149723120313,0.277149723120313,89,battery_voltage_sensor_drift,2.161798969995353,0.277149723120313,gradual,0.7851811151939005,0.916914114191979,1873548368,postprocessed_sensor_fault
11100.0,185.0,3.0833333333333335,1,606.1563625798619,367.32050807568874,-238.8358545041732,84.52574474655987,84.56603932333957,29.381029789862396,29.48624880697149,-8.128913663420365,-8.110794390848872,24.557427725589044,24.59293283751417,25.55168438178478,25.74793579725031,6.286338987787384,18.366025403784437,3433.0127018922185,3359.1076873801026,3351.2411130532846,0.0026228799942982924,0.21557199985745729,0.2150551520445217,22.923793761168582,22.8183315371558,0.0,0.0,0.0,0.0,True,none,1.0,0.0,battery_voltage_sensor_drift,0.277149723120313,0.277149723120313,89,battery_voltage_sensor_drift,2.161798969995353,0.277149723120313,gradual,0.7851811151939005,0.916914114191979,1873548368,postprocessed_sensor_fault
11160.0,186.0,3.1,1,607.3212595753644,369.0211303259031,-238.3001292494613,84.88035803413348,84.9889341406856,29.395214321365337,29.474886985699186,-8.106766177794373,-8.119289591239228,24.562941734665223,24.495998933085037,25.564173019763093,25.56640281840044,6.257572628914463,18.451056516295154,3475.5282581475767,3417.3179727638394,3421.750453474117,0.002227471576593636,0.2056867894148409,0.20610473309645141,22.919134314149726,22.86976082938081,0.0,0.0,0.0,0.0,True,none,1.0,0.0,battery_voltage_sensor_drift,0.277149723120313,0.277149723120313,89,battery_voltage_sensor_drift,2.161798969995353,0.277149723120313,gradual,0.7851811151939005,0.916914114191979,1873548368,postprocessed_sensor_fault
11220.0,187.0,3.1166666666666667,1,608.450488130146,369.8904379073654,-238.5600502227806,85.23535810886976,85.13460913785292,29.409414324354792,29.540083063397276,-8.111689936824824,-8.123200388066738,24.56844395455888,24.683834394222608,25.576648679395724,25.576713245994352,6.26396109049481,18.494521895368273,3497.260947684136,3457.2894602239876,3447.4999242187578,0.001762172497196506,0.19405431242991264,0.19639298713606018,22.914523153725256,22.90247081413461,0.0,0.0,0.0,0.0,True,none,1.0,0.0,battery_voltage_sensor_drift,0.277149723120313,0.277149723120313,89,battery_voltage_sensor_drift,2.161798969995353,0.277149723120313,gradual,0.7851811151939005,0.916914114191979,1873548368,postprocessed_sensor_fault
11280.0,188.0,3.1333333333333333,1,609.5385467561977,369.8904379073655,-239.64810884883218,85.59197731846623,85.34631746056024,29.42367909273865,29.57044520443692,-8.1447363565073,-8.09783803716941,24.574056418916065,24.65616092391683,25.589024533751296,25.582613298190775,6.306938425360945,18.494521895368276,3497.2609476841367,3477.2752039540624,3465.0830473964197,0.0012473185586292885,0.18118296396573222,0.19425261299880292,22.90993720647289,22.911721027696675,0.0,0.0,0.0,0.0,True,none,1.0,0.0,battery_voltage_sensor_drift,0.277149723120313,0.277149723120313,89,battery_voltage_sensor_drift,2.161798969995353,0.277149723120313,gradual,0.7851811151939005,0.916914114191979,1873548368,postprocessed_sensor_fault
11340.0,189.0,3.15,1,610.5801345412646,369.02113032590313,-241.55900421536143,85.95144012235815,85.88687197232512,29.438057604894325,29.59075578565761,-8.205670613783981,-8.20176986578937,24.579900888461747,24.54715571987666,25.601214450513876,25.726280354342872,6.386642417753438,18.451056516295157,3475.5282581475776,3476.40173105082,3482.047154136456,0.0007054113485506708,0.16763528371376676,0.16451347792893084,22.905354054727848,22.883439015214975,0.0,0.0,0.0,0.0,True,none,1.0,0.0,battery_voltage_sensor_drift,0.277149723120313,0.277149723120313,89,battery_voltage_sensor_drift,2.161798969995353,0.277149723120313,gradual,0.7851811151939005,0.916914114191979,1873548368,postprocessed_sensor_fault
11400.0,190.0,3.1666666666666665,1,611.5701769743577,367.3205080756888,-244.24966889866886,86.3149068915526,86.39272326926508,29.452596275662103,29.614447636633443,-8.29297582503796,-8.266879961825355,24.586094402606886,24.5667049959275,25.613136785717334,25.613226907605988,6.5018758427731225,18.36602540378444,3433.0127018922203,3454.7072164715205,3459.892848607081,0.00016013481240036295,0.15400337031000907,0.15034713989450008,22.900752910273887,22.820258341309344,0.0,0.0,0.0,0.0,True,none,1.0,0.0,battery_voltage_sensor_drift,0.277149723120313,0.277149723120313,89,battery_voltage_sensor_drift,2.161798969995353,0.277149723120313,gradual,0.7851811151939005,0.916914114191979,1873548368,postprocessed_sensor_fault
11460.0,191.0,3.183333333333333,1,612.503850668262,364.86289650954785,-247.64095415871412,86.68342021619354,86.7450143948557,29.46733680864774,29.64728343515539,-8.403913654186736,-8.388356679512558,24.592744706779786,24.543814683928105,25.62471798108255,25.602206197390046,6.650061176562101,18.243144825477394,3371.5724127386957,3413.1398146051083,3416.3568255183304,-0.00036467984866476403,0.1591169962166191,0.16092116278564822,22.89616473476289,22.961443454285853,0.0,0.0,0.0,0.0,True,none,1.0,0.0,battery_voltage_sensor_drift,0.277149723120313,0.277149723120313,89,battery_voltage_sensor_drift,2.161798969995353,0.277149723120313,gradual,0.7851811151939005,0.916914114191979,1873548368,postprocessed_sensor_fault
11520.0,192.0,3.2,1,613.376606858593,361.7557050458495,-251.62090181274357,87.05785608198632,86.97202529686516,29.482314243279454,29.63192173312861,-8.534638757881803,-8.55443995646709,24.599945587533117,24.74524332482884,25.635895807738475,25.5851342066817,6.827204698203059,18.087785252292473,3293.892626146237,3353.516220375672,3356.338723879033,-0.0008460957156158976,0.17115239289039744,0.17100353600350782,22.89158993230498,22.836550687397946,0.0,0.0,0.0,0.0,True,none,1.0,0.0,battery_voltage_sensor_drift,0.277149723120313,0.277149723120313,89,battery_voltage_sensor_drift,2.161798969995353,0.277149723120313,gradual,0.7851811151939005,0.916914114191979,1873548368,postprocessed_sensor_fault
11580.0,193.0,3.216666666666667,1,614.184193564921,358.134732861516,-256.049460703405,87.4388820651759,87.80453458694882,29.497555282607035,29.67112325632621,-8.680362092731874,-8.692976512204885,24.607772230290834,24.609553306293726,25.646622114562717,25.62847173370313,7.027894884874919,17.9067366430758,3203.3683215379,3278.4422709567857,3282.1259993475546,-0.001263072604977778,0.18157681512444446,0.18346896226178788,22.887008230467178,22.7498036242763,0.0,0.0,0.0,0.0,True,none,1.0,0.0,battery_voltage_sensor_drift,0.277149723120313,0.277149723120313,89,battery_voltage_sensor_drift,2.161798969995353,0.277149723120313,gradual,0.7851811151939005,0.916914114191979,1873548368,postprocessed_sensor_fault
11640.0,194.0,3.2333333333333334,1,614.9226763059908,354.15823381635533,-260.7644424896354,87.82692439030929,88.06753721522794,29.51307697561237,29.70065104916286,-8.835555936953428,-8.817273476832606,24.616276809899766,24.58661621260295,25.65686496102785,25.780818683417362,7.245363897202638,17.707911690817767,3103.955845408883,3191.1990581828345,3196.3130932035315,-0.001597386625808079,0.18993466564520198,0.19589528416079,22.88240130198374,22.81945280003,0.0,0.0,0.0,0.0,True,none,1.0,0.0,battery_voltage_sensor_drift,0.277149723120313,0.277149723120313,89,battery_voltage_sensor_drift,2.161798969995353,0.277149723120313,gradual,0.7851811151939005,0.916914114191979,1873548368,postprocessed_sensor_fault
11700.0,195.0,3.25,1,615.5884572681198,349.99999999999994,-265.58845726811984,88.22214530886305,88.23984961405299,29.52888581235452,29.63968606103954,-8.99419161819512,-8.985577281649318,24.62548461113765,24.66968232962723,25.666610041339627,25.73312249755779,7.47163862918491,17.499999999999996,2999.999999999999,3095.599529091417,3104.7190755915676,-0.0018344266511800132,0.19586066627950033,0.19105694909190207,22.877753521613645,22.989144455320243,0.0,0.0,0.0,0.0,True,none,1.0,0.0,battery_voltage_sensor_drift,0.277149723120313,0.277149723120313,89,battery_voltage_sensor_drift,2.161798969995353,0.277149723120313,gradual,0.7851811151939005,0.916914114191979,1873548368,postprocessed_sensor_fault
11760.0,196.0,3.2666666666666666,1,616.178292833385,345.8417661836449,-270.33652664974005,88.62443180685374,88.62940030899368,29.54497727227415,29.72880882759634,-9.149999479046192,-9.17047687491578,24.635391034261904,24.598702595562234,25.675861337627275,25.761124246097197,7.697799237323648,17.292088309182244,2896.044154591122,2995.82184184127,2994.0823318529197,-0.0019638328945403845,0.1990958223635096,0.1927158471496755,22.8730526121147,22.974449763240024,0.0,0.0,0.0,0.0,True,none,1.0,0.0,battery_voltage_sensor_drift,0.277149723120313,0.277149723120313,89,battery_voltage_sensor_drift,2.161798969995353,0.277149723120313,gradual,0.7851811151939005,0.916914114191979,1873548368,postprocessed_sensor_fault
11820.0,197.0,3.283333333333333,1,616.6893093822022,341.86526713848406,-274.8240422437181,89.0333961554307,89.29954757769997,29.561335846217226,29.72094711306022,-9.296739622099507,-9.258640672246841,24.645959852749964,24.680475797259756,25.684640973640104,25.875211459592528,7.9143494080891905,17.093263356924204,2796.6316784621013,2896.226760151685,2902.4492339607177,-0.0019799496820944516,0.1994987420523613,0.19516883416533987,22.868290155358302,22.87313085239275,0.0,0.0,0.0,0.0,True,none,1.0,0.0,battery_voltage_sensor_drift,0.277149723120313,0.277149723120313,89,battery_voltage_sensor_drift,2.161798969995353,0.277149723120313,gradual,0.7851811151939005,0.916914114191979,1873548368,postprocessed_sensor_fault
11880.0,198.0,3.3,1,617.1190172933127,338.24429495415046,-278.87472233916225,89.44838830176873,89.51324897173552,29.57793553207075,29.733015610907803,-9.428471504942733,-9.465787886945991,24.657123046945337,24.540902259465728,25.692988275346398,25.59979409739601,8.111685993561366,16.912214747707523,2706.107373853761,2801.1670670027233,2801.4389565608676,-0.0018820726328891437,0.19705181582222858,0.1970367510615432,22.863461948536482,22.881166216890588,0.0,0.0,0.0,0.0,True,none,1.0,0.0,battery_voltage_sensor_drift,0.277149723120313,0.277149723120313,89,battery_voltage_sensor_drift,2.161798969995353,0.277149723120313,gradual,0.7851811151939005,0.916914114191979,1873548368,postprocessed_sensor_fault
11940.0,199.0,3.316666666666667,1,617.465323072968,335.13710349045215,-282.3282195825158,89.86851958090938,89.78348130363507,29.594740783236375,29.75205961852099,-9.539810524119801,-9.552258006113508,24.668782437953293,24.657867716760787,25.700958079492672,25.695242318293587,8.280638786888552,16.75685517452261,2628.427587261303,2714.7973271320134,2713.7632545384363,-0.001674479443640806,0.19186198609102015,0.18980859709635958,22.858568189820804,22.878355109899147,0.0,0.0,0.0,0.0,True,none,1.0,0.0,battery_voltage_sensor_drift,0.277149723120313,0.277149723120313,89,battery_voltage_sensor_drift,2.161798969995353,0.277149723120313,gradual,0.7851811151939005,0.916914114191979,1873548368,postprocessed_sensor_fault
12000.0,200.0,3.3333333333333335,1,617.7265395542198,332.6794919243112,-285.0470476299086,90.29269673512056,90.24460497916695,29.61170786940482,29.77195138216551,-9.626160331144652,-9.63662668439466,24.680813200051148,24.706618051885407,25.708618364049162,25.703866156431552,8.413037017672233,16.633974596215563,2566.9872981077806,2640.892312619897,2639.9655637575947,-0.0013662429328623895,0.18415607332155973,0.18324768487273593,22.85361348293644,22.7965603191929,0.0,0.0,0.0,0.0,True,none,1.0,0.0,battery_voltage_sensor_drift,0.277149723120313,0.277149723120313,89,battery_voltage_sensor_drift,2.161798969995353,0.277149723120313,gradual,0.7851811151939005,0.916914114191979,1873548368,postprocessed_sensor_fault
12060.0,201.0,3.35,1,617.9013941166289,330.978869674097,-286.92252444253194,90.71966477744576,90.71167375472469,29.62878659109783,29.772576826585883,-9.68391073189409,-9.692665500470374,24.693069154734385,24.8120630938796,25.71604730410418,25.709564904693607,8.502250165063481,16.54894348370485,2524.471741852424,2582.6820272361606,2587.2120040180694,-0.0009708345151576976,0.17427086287894245,0.17501859555307756,22.848606656097854,22.780402632063716,0.0,0.0,0.0,0.0,True,none,1.0,0.0,battery_voltage_sensor_drift,0.277149723120313,0.277149723120313,89,battery_voltage_sensor_drift,2.161798969995353,0.277149723120313,gradual,0.7851811151939005,0.916914114191979,1873548368,postprocessed_sensor_fault
12120.0,202.0,3.3666666666666667,1,617.9890348863438,330.1095620926345,-287.8794727937093,91.14805685005544,91.26813095910258,29.645922274002217,29.817232111170977,-9.710592577724025,-9.705309385884973,24.705389568662124,24.697835443375723,25.72332988188061,25.657650713203875,8.543648656843914,16.505478104631727,2502.7390523158633,2542.710539776012,2532.8046603670036,-0.0005055354357605888,0.16263838589401472,0.15861705640691648,22.84356039768733,22.71151776720301,0.0,0.0,0.0,0.0,True,none,1.0,0.0,battery_voltage_sensor_drift,0.277149723120313,0.277149723120313,89,battery_voltage_sensor_drift,2.161798969995353,0.277149723120313,gradual,0.7851811151939005,0.916914114191979,1873548368,postprocessed_sensor_fault
12180.0,203.0,3.3833333333333333,1,617.9890348863438,330.1095620926345,-287.8794727937093,91.57644892266512,91.61365855734788,29.663057956906606,29.83495383137578,-9.704982986310108,-9.712122103155407,24.717607016520702,24.827317273000343,25.730554199034827,25.735868350254183,8.534935581165493,16.505478104631727,2502.7390523158633,2522.724796045938,2526.7573242758417,9.318502806628603e-06,0.15023296257016572,0.14337016079905293,22.838491976842484,22.790494832934666,0.0,0.0,0.0,0.0,True,none,1.0,0.0,battery_voltage_sensor_drift,0.277149723120313,0.277149723120313,89,battery_voltage_sensor_drift,2.161798969995353,0.277149723120313,gradual,0.7851811151939005,0.916914114191979,1873548368,postprocessed_sensor_fault
12240.0,204.0,3.4,1,617.9013941166289,330.9788696740969,-286.922524442532,92.00341696499031,91.90323575031371,29.680136678599613,29.827318604952517,-9.667156440334484,-9.686516187253385,24.729555751392752,24.82914065507008,25.73780765240996,25.626983325629595,8.47631309135204,16.548943483704846,2524.471741852423,2523.5982689491807,2523.437228253523,0.0005512257128852536,0.16378064282213134,0.1597182669566074,22.833491925507733,22.866804251282442,0.0,0.0,0.0,0.0,True,none,1.0,0.0,battery_voltage_sensor_drift,0.277149723120313,0.277149723120313,89,battery_voltage_sensor_drift,2.161798969995353,0.277149723120313,gradual,0.7851811151939005,0.916914114191979,1873548368,postprocessed_sensor_fault
12300.0,205.0,3.4166666666666665,1,617.7265395542198,332.67949192431115,-285.04704762990866,92.4275941192015,92.12515053532778,29.69710376476806,29.840728326827772,-9.598479699831259,-9.602447194419435,24.741079966897214,24.75514597945204,25.74517314038311,25.93707801939897,8.370465003845823,16.63397459621556,2566.9872981077788,2545.29278352848,2538.7460119611997,0.0010965022490355331,0.1774125562258883,0.1844204771201251,22.828580602919644,22.81522584500925,0.0,0.0,0.0,0.0,True,none,1.0,0.0,battery_voltage_sensor_drift,0.277149723120313,0.277149723120313,89,battery_voltage_sensor_drift,2.161798969995353,0.277149723120313,gradual,0.7851811151939005,0.916914114191979,1873548368,postprocessed_sensor_fault
12360.0,206.0,3.433333333333333,1,617.465323072968,335.13710349045215,-282.3282195825158,92.84772539834213,92.93032987680897,29.713909015933687,29.891907394869843,-9.501550921190514,-9.498544229859524,24.752041345737958,24.720747438145203,25.75272546560909,25.796688704394363,8.222357592638105,16.75685517452261,2628.427587261303,2586.8601853948917,2583.9103660605138,0.00162131691010066,0.1905329227525165,0.19162869591118759,22.823776050211574,22.72884267718677,0.0,0.0,0.0,0.0,True,none,1.0,0.0,battery_voltage_sensor_drift,0.277149723120313,0.277149723120313,89,battery_voltage_sensor_drift,2.161798969995353,0.277149723120313,gradual,0.7851811151939005,0.916914114191979,1873548368,postprocessed_sensor_fault
12420.0,207.0,3.45,1,617.1190172933127,338.24429495415046,-278.87472233916225,93.26271754468019,93.24175151840004,29.73050870178721,29.84527485237554,-9.380085794576333,-9.39917708629619,24.76232536686716,24.64052247572859,25.76052809137963,25.599881916256468,8.038880761089018,16.912214747707523,2706.107373853761,2646.4837796243264,2637.2590807830534,0.0021027327770517935,0.20256831942629483,0.19974078513765808,22.81909317075209,22.698163001512043,0.0,0.0,0.0,0.0,True,none,1.0,0.0,battery_voltage_sensor_drift,0.277149723120313,0.277149723120313,89,battery_voltage_sensor_drift,2.161798969995353,0.277149723120313,gradual,0.7851811151939005,0.916914114191979,1873548368,postprocessed_sensor_fault
12480.0,208.0,3.466666666666667,1,616.6893093822022,341.86526713848394,-274.8240422437182,93.67168189325714,93.23292384587155,29.746867275730285,29.853158985844544,-9.238755788847056,-9.218746700699048,24.771845976939545,24.65143173924973,25.768630393362443,25.94023106046524,7.8283686820764,17.093263356924197,2796.631678462098,2721.5577290432116,2723.580822137681,0.0025197096664136883,0.2129927416603422,0.21670206863390556,22.814543038509083,22.81181413145747,0.0,0.0,0.0,0.0,True,none,1.0,0.0,battery_voltage_sensor_drift,0.277149723120313,0.277149723120313,89,battery_voltage_sensor_drift,2.161798969995353,0.277149723120313,gradual,0.7851811151939005,0.916914114191979,1873548368,postprocessed_sensor_fault
12540.0,209.0,3.4833333333333334,1,616.178292833385,345.8417661836449,-270.33652664974005,94.07396839124782,94.13243010035514,29.762958735649914,29.84323603137005,-9.082985634957469,-9.062921837743012,24.780548401889867,24.80372537008954,25.77706552683391,25.84232584124677,7.600050243587499,17.292088309182244,2896.0441545911226,2808.8009418171673,2810.124186859211,0.0028540236872440883,0.2213505921811022,0.22017133013303106,22.810132369719437,22.889209440380412,0.0,0.0,0.0,0.0,True,none,1.0,0.0,battery_voltage_sensor_drift,0.277149723120313,0.277149723120313,89,battery_voltage_sensor_drift,2.161798969995353,0.277149723120313,gradual,0.7851811151939005,0.916914114191979,1873548368,postprocessed_sensor_fault
12600.0,210.0,3.5,1,615.5884572681198,349.99999999999994,-265.58845726811984,94.46918930980158,94.56946570447509,29.778767572392063,29.89240961159451,-8.918718903409127,-8.89088179659561,24.788410057312667,24.581589334370435,25.785849002619237,25.69146576079119,7.363483750242184,17.499999999999996,2999.999999999999,2904.4004709085834,2901.802603688865,0.0030910637126159027,0.22727659281539755,0.23147810300535268,22.80586318672282,22.858814863143543,0.0,0.0,0.0,0.0,True,none,1.0,0.0,battery_voltage_sensor_drift,0.277149723120313,0.277149723120313,89,battery_voltage_sensor_drift,2.161798969995353,0.277149723120313,gradual,0.7851811151939005,0.916914114191979,1873548368,postprocessed_sensor_fault
12660.0,211.0,3.5166666666666666,1,614.9226763059908,354.15823381635516,-260.7644424896356,94.85723163493495,94.99555851607687,29.7942892653974,29.945512102719512,-8.752161871251051,-8.837395844607196,24.795439686947613,24.72155152164048,25.79497803397992,25.78535551524806,7.128026993646456,17.70791169081776,3103.955845408879,3004.1781581587315,3009.111719057905,0.003220469955976316,0.2305117488994079,0.2213814504190317,22.80173269413815,22.922766435475246,0.0,0.0,0.0,0.0,True,none,1.0,0.0,battery_voltage_sensor_drift,0.277149723120313,0.277149723120313,89,battery_voltage_sensor_drift,2.161798969995353,0.277149723120313,gradual,0.7851811151939005,0.916914114191979,1873548368,postprocessed_sensor_fault
12720.0,212.0,3.533333333333333,1,614.184193564921,358.1347328615159,-256.0494607034051,95.23825761812455,95.06012269973832,29.80953030472498,29.951712409338505,-8.589516778223768,-8.626284415679605,24.801674995088163,24.79036429318525,25.80443168299423,25.887698972206238,6.90238387867101,17.906736643075796,3203.3683215378974,3103.773239848314,3112.030791403985,0.003236586743530341,0.23091466858825851,0.233110623402841,22.797733377050662,22.783113533881686,0.0,0.0,0.0,0.0,True,none,1.0,0.0,battery_voltage_sensor_drift,0.277149723120313,0.277149723120313,89,battery_voltage_sensor_drift,2.161798969995353,0.277149723120313,gradual,0.7851811151939005,0.916914114191979,1873548368,postprocessed_sensor_fault
12780.0,213.0,3.55,1,613.376606858593,361.7557050458495,-251.62090181274357,95.61269348391733,95.40229960865491,29.824507739356694,29.968511116640087,-8.436716005900822,-8.436270192472573,24.807179125641426,24.783716592524996,25.814171800034863,25.82110297927344,6.694254157137849,18.087785252292473,3293.8926261462375,3198.8329329972757,3195.100443197208,0.003138709694325054,0.22846774235812634,0.2270615655841366,22.793853319208296,22.774457975187143,0.0,0.0,0.0,0.0,True,none,1.0,0.0,battery_voltage_sensor_drift,0.277149723120313,0.277149723120313,89,battery_voltage_sensor_drift,2.161798969995353,0.277149723120313,gradual,0.7851811151939005,0.916914114191979,1873548368,postprocessed_sensor_fault
12840.0,214.0,3.566666666666667,1,612.503850668262,364.86289650954785,-247.64095415871412,95.98120680855826,95.94977007997501,29.83924827234233,29.90857426208375,-8.299168661974965,-8.280686266752232,24.81203637101555,24.768593476863824,25.824144715285538,25.846180328738548,6.510096038392588,18.243144825477394,3371.5724127386957,3285.202672867986,3287.631753287342,0.0029311165050767154,0.22327791262691787,0.22554983718855506,22.790076727248213,22.68940360763454,0.0,0.0,0.0,0.0,True,none,1.0,0.0,battery_voltage_sensor_drift,0.277149723120313,0.277149723120313,89,battery_voltage_sensor_drift,2.161798969995353,0.277149723120313,gradual,0.7851811151939005,0.916914114191979,1873548368,postprocessed_sensor_fault
12900.0,215.0,3.5833333333333335,1,611.5701769743577,367.32050807568874,-244.24966889866892,96.3446735777527,96.40020760349974,29.85378694311011,30.015206978597202,-8.181530516182598,-8.169583069838021,24.816347470546052,24.693395101840338,25.83428360837082,25.880805558569048,6.354995326978167,18.366025403784437,3433.0127018922185,3359.1076873801026,3361.7041546113323,0.0026228799942983067,0.21557199985745767,0.21883790405345988,22.78638463561989,22.711710826324204,0.0,0.0,0.0,0.0,True,none,1.0,0.0,battery_voltage_sensor_drift,0.277149723120313,0.277149723120313,89,battery_voltage_sensor_drift,2.161798969995353,0.277149723120313,gradual,0.7851811151939005,0.916914114191979,1873548368,postprocessed_sensor_fault
12960.0,216.0,3.6,1,610.5801345412646,369.021130325903,-241.55900421536154,96.70413638164462,96.8608216182161,29.868165455265785,30.025856200860304,-8.087507234990706,-8.094171425855858,24.820224791929718,24.86818744583262,25.844511452536445,25.89618879196055,6.232621862082161,18.45105651629515,3475.5282581475753,3417.317972763839,3412.626104738686,0.002227471576593615,0.20568678941484037,0.1987441544433421,22.782755757042647,22.720004336668854,0.0,0.0,0.0,0.0,True,none,1.0,0.0,battery_voltage_sensor_drift,0.277149723120313,0.277149723120313,89,battery_voltage_sensor_drift,2.161798969995353,0.277149723120313,gradual,0.7851811151939005,0.916914114191979,1873548368,postprocessed_sensor_fault
13020.0,217.0,3.6166666666666667,1,609.5385467561977,369.8904379073655,-239.64810884883218,97.0607555912411,97.35331635869348,29.882430223649642,29.987990912820017,-8.019699437268967,-8.006712106874357,24.823787597595242,25.028657404505765,25.85474440470689,25.91798679577375,6.145246325130574,18.494521895368276,3497.2609476841367,3457.2894602239876,3466.7170199985662,0.0017621724971965198,0.194054312429913,0.18366176566598388,22.779167435796477,22.821383124656922,0.0,0.0,0.0,0.0,True,none,1.0,0.0,battery_voltage_sensor_drift,0.277149723120313,0.277149723120313,89,battery_voltage_sensor_drift,2.161798969995353,0.277149723120313,gradual,0.7851811151939005,0.916914114191979,1873548368,postprocessed_sensor_fault
13080.0,218.0,3.6333333333333333,1,608.4504881301461,369.8904379073655,-238.56005022278066,97.41575566597737,97.30376089069937,29.896630226639097,30.028216165082227,-7.979496298222068,-7.942015810566378,24.827157501655893,24.801265378934367,25.86489549325997,25.996930481435072,6.093788893867175,18.494521895368276,3497.2609476841367,3477.2752039540624,3481.014290618145,0.0012473185586292885,0.18118296396573222,0.179284948494214,22.77559665642858,22.719495809872495,0.0,0.0,0.0,0.0,True,none,1.0,0.0,battery_voltage_sensor_drift,0.277149723120313,0.277149723120313,89,battery_voltage_sensor_drift,2.161798969995353,0.277149723120313,gradual,0.7851811151939005,0.916914114191979,1873548368,postprocessed_sensor_fault
13140.0,219.0,3.65,1,607.3212595753644,369.02113032590313,-238.30012924946124,97.77036895355099,98.01912754088997,29.91081475814204,30.073709915529104,-7.967022335444521,-7.990872408047229,24.830454141950884,24.818458945889027,25.87487844234648,25.77339309103505,6.07787559147775,18.451056516295157,3475.5282581475776,3476.40173105082,3479.415690714045,0.0007054113485506708,0.16763528371376676,0.1670758481827274,22.77202105880887,22.832374461438256,0.0,0.0,0.0,0.0,True,none,1.0,0.0,battery_voltage_sensor_drift,0.277149723120313,0.277149723120313,89,battery_voltage_sensor_drift,2.161798969995353,0.277149723120313,gradual,0.7851811151939005,0.916914114191979,1873548368,postprocessed_sensor_fault
13200.0,220.0,3.6666666666666665,1,606.156362579862,367.32050807568874,-238.8358545041733,98.12577945132504,98.00344714419339,29.925031178053,30.08863495153997,-7.98113970485469,-7.9401957370584,24.833791041362755,24.786928768638745,25.884611465615276,25.947740699882942,6.095887279072641,18.366025403784437,3433.0127018922185,3454.7072164715196,3458.8658035842927,0.0001601348124003416,0.15400337031000855,0.15858818837126865,22.768419911824303,22.739478590897857,0.0,0.0,0.0,0.0,True,none,1.0,0.0,battery_voltage_sensor_drift,0.277149723120313,0.277149723120313,89,battery_voltage_sensor_drift,2.161798969995353,0.277149723120313,gradual,0.7851811151939005,0.916914114191979,1873548368,postprocessed_sensor_fault
13260.0,221.0,3.683333333333333,1,604.961472404706,364.8628965095479,-240.0985758951581,98.4830689987881,98.47975739681253,29.939322759951523,30.057375287123588,-8.019505912683071,-8.026733382049683,24.837271621803527,24.806812519958413,25.894020863541307,25.9202990908686,6.144998006684699,18.243144825477398,3371.572412738698,3413.1398146051088,3413.703581162585,-0.0003646798486647144,0.15911699621661785,0.1679567220894509,22.76482423380168,22.680215152535517,0.0,0.0,0.0,0.0,True,none,1.0,0.0,battery_voltage_sensor_drift,0.277149723120313,0.277149723120313,89,battery_voltage_sensor_drift,2.161798969995353,0.277149723120313,gradual,0.7851811151939005,0.916914114191979,1873548368,postprocessed_sensor_fault
13320.0,222.0,3.7,1,603.7424104347197,361.7557050458495,-241.98670538887018,98.84316826275963,98.76030290668265,29.953726730510386,30.101814043086318,-8.07868441766835,-8.088008470461983,24.84098536325145,24.72925599070147,25.903044267137563,25.920276312427635,6.221211353622193,18.087785252292473,3293.8926261462375,3353.5162203756736,3357.466526279187,-0.0008460957156158975,0.17115239289039744,0.17388211041846524,22.761234485100978,22.822002120827456,0.0,0.0,0.0,0.0,True,none,1.0,0.0,battery_voltage_sensor_drift,0.277149723120313,0.277149723120313,89,battery_voltage_sensor_drift,2.161798969995353,0.277149723120313,gradual,0.7851811151939005,0.916914114191979,1873548368,postprocessed_sensor_fault
13380.0,223.0,3.716666666666667,1,602.5051158172813,358.13473286151617,-244.37038295576514,99.20681466596761,99.62756986959877,29.968272586638705,30.14641068696469,-8.154303263536024,-8.10125802569774,24.845004160862263,24.73507550038309,25.911633386286614,25.978659820396317,6.319412937097139,17.90673664307581,3203.3683215379037,3278.442270956789,3275.2182581438246,-0.0012630726049777355,0.18157681512444337,0.18242804641587043,22.757630449117205,22.671387461662416,0.0,0.0,0.0,0.0,True,none,1.0,0.0,battery_voltage_sensor_drift,0.277149723120313,0.277149723120313,89,battery_voltage_sensor_drift,2.161798969995353,0.277149723120313,gradual,0.7851811151939005,0.916914114191979,1873548368,postprocessed_sensor_fault
13440.0,224.0,3.7333333333333334,1,601.2556165273943,354.15823381635516,-247.09738271103913,99.5745191045257,99.24250208291195,29.98298076418103,30.13455771914119,-8.24125475230376,-8.268548649164384,24.849379010535056,24.85086878800814,25.919756142577956,25.828403817269272,6.433462391389545,17.70791169081776,3103.955845408879,3191.1990581828345,3193.9637750404386,-0.0015973866258081563,0.1899346656452039,0.18838674746985962,22.753993853993894,22.84089465067906,0.0,0.0,0.0,0.0,True,none,1.0,0.0,battery_voltage_sensor_drift,0.277149723120313,0.277149723120313,89,battery_voltage_sensor_drift,2.161798969995353,0.277149723120313,gradual,0.7851811151939005,0.916914114191979,1873548368,postprocessed_sensor_fault
13500.0,225.0,3.75,1,600.0,349.99999999999994,-250.00000000000006,99.94654291404952,99.82314760063345,29.99786171656198,30.153977358619915,-8.333927343293729,-8.350654208415927,24.854137228462058,25.050278543652883,25.927398093437333,25.875133215895723,6.556347597063909,17.499999999999996,2999.999999999999,3095.599529091417,3095.2976306798746,-0.0018344266511800132,0.19586066627950033,0.18850151034821766,22.75030912948372,22.724200760958475,0.0,0.0,0.0,0.0,True,none,1.0,0.0,battery_voltage_sensor_drift,0.277149723120313,0.277149723120313,89,battery_voltage_sensor_drift,2.161798969995353,0.277149723120313,gradual,0.7851811151939005,0.916914114191979,1873548368,postprocessed_sensor_fault
13560.0,226.0,3.7666666666666666,1,598.7443834726058,345.8417661836449,-252.90261728896093,100.0,100.0,30.0,30.126302235671623,-8.430087242965364,-8.453194055985087,24.85929677067102,24.882639217188924,25.9345630853082,25.802403434327278,6.68530967392059,17.292088309182244,2896.0441545911226,2995.82184184127,2999.0727799962474,-0.0019638328945403775,0.19909582236350942,0.2076051499572191,22.746564052925752,22.641205933437785,0.0,0.0,0.0,0.0,True,none,1.0,0.0,battery_voltage_sensor_drift,0.277149723120313,0.277149723120313,89,battery_voltage_sensor_drift,2.161798969995353,0.277149723120313,gradual,0.7851811151939005,0.916914114191979,1873548368,postprocessed_sensor_fault
13620.0,227.0,3.783333333333333,1,597.4948841827188,341.86526713848394,-255.62961704423486,100.0,99.90687301965667,30.0,30.11332339381161,-8.520987234807828,-8.490963451690313,24.864836249635196,24.802160546924952,25.94127310733958,25.852107433026966,6.808577876460637,17.093263356924197,2796.631678462098,2896.226760151684,2889.549339199955,-0.001979949682094487,0.19949874205236218,0.20126489479149265,22.74275026036327,22.78556522967165,0.0,0.0,0.0,0.0,True,none,1.0,0.0,battery_voltage_sensor_drift,0.277149723120313,0.277149723120313,89,battery_voltage_sensor_drift,2.161798969995353,0.277149723120313,gradual,0.7851811151939005,0.916914114191979,1873548368,postprocessed_sensor_fault
13680.0,228.0,3.8,1,596.2575895652803,338.2442949541506,-258.01329461112977,100.0,100.0,30.0,30.155041472899313,-8.600443153704326,-8.570169260257714,24.87070526478808,24.844252222326812,25.94756735197628,25.95519092841465,6.91740979520797,16.91221474770753,2706.1073738537643,2801.1670670027247,2804.1985805304853,-0.001882072632889087,0.19705181582222717,0.19070445833868085,22.738863602753913,22.580978032446477,0.0,0.0,0.0,0.0,True,none,1.0,0.0,battery_voltage_sensor_drift,0.277149723120313,0.277149723120313,89,battery_voltage_sensor_drift,2.161798969995353,0.277149723120313,gradual,0.7851811151939005,0.916914114191979,1873548368,postprocessed_sensor_fault
13740.0,229.0,3.816666666666667,1,595.038527595294,335.13710349045215,-259.90142410484185,100.0,100.0,30.0,30.153385145028526,-8.663380803494729,-8.65557057318216,24.876828811051713,24.77742567164292,25.953500523509515,25.889543399730577,7.004333355708877,16.75685517452261,2628.427587261303,2714.797327132014,2714.024847327807,-0.0016744794436408194,0.19186198609102048,0.1914812404382573,22.734904331631604,22.77726539694087,0.0,0.0,0.0,0.0,True,none,1.0,0.0,battery_voltage_sensor_drift,0.277149723120313,0.277149723120313,89,battery_voltage_sensor_drift,2.161798969995353,0.277149723120313,gradual,0.7851811151939005,0.916914114191979,1873548368,postprocessed_sensor_fault
13800.0,230.0,3.8333333333333335,1,593.843637420138,332.67949192431126,-261.1641454958267,100.0,99.96488230227328,30.0,30.1602275712321,-8.705471516527556,-8.734864978276574,24.883110567338754,24.93455711075422,25.95914046851387,26.07196184618725,7.0628187460058065,16.633974596215563,2566.9872981077824,2640.8923126198983,2643.4568706894356,-0.001366242932862375,0.18415607332155937,0.19210158861289292,22.730877103683657,22.647014315695458,0.0,0.0,0.0,0.0,True,none,1.0,0.0,battery_voltage_sensor_drift,0.277149723120313,0.277149723120313,89,battery_voltage_sensor_drift,2.161798969995353,0.277149723120313,gradual,0.7851811151939005,0.916914114191979,1873548368,postprocessed_sensor_fault
13860.0,231.0,3.85,1,592.6787404246356,330.9788696740969,-261.6998707505387,100.0,99.76761748498852,30.0,30.120855436851595,-8.723329025017957,-8.75373336156652,24.889437629075715,24.90525826773367,25.964565231733168,25.868109956410468,7.08771754229766,16.548943483704846,2524.471741852423,2582.682027236161,2582.832307895121,-0.0009708345151577327,0.1742708628789433,0.17327791777413823,22.726790799689468,22.790025522395617,0.0,0.0,0.0,0.0,True,none,1.0,0.0,battery_voltage_sensor_drift,0.277149723120313,0.277149723120313,89,battery_voltage_sensor_drift,2.161798969995353,0.277149723120313,gradual,0.7851811151939005,0.916914114191979,1873548368,postprocessed_sensor_fault
13920.0,232.0,3.8666666666666667,1,591.549511869854,330.1095620926345,-261.43994977721945,100.0,99.90343885590865,30.0,30.15755497115443,-8.714664992573981,-8.713613269701607,24.895686439550005,25.05801383695879,25.969859666088567,25.87250647372113,7.075630874623557,16.505478104631727,2502.739052315864,2542.710539776012,2542.2243540570294,-0.0005055354357605887,0.16263838589401472,0.16368095513567474,22.722658160202005,22.810647315561692,0.0,0.0,0.0,0.0,True,none,1.0,0.0,battery_voltage_sensor_drift,0.277149723120313,0.277149723120313,89,battery_voltage_sensor_drift,2.161798969995353,0.277149723120313,gradual,0.7851811151939005,0.916914114191979,1873548368,postprocessed_sensor_fault
13980.0,233.0,3.8833333333333333,1,590.4614532438022,330.1095620926345,-260.3518911511677,100.0,99.89531894187637,30.0,30.10385235806826,-8.67839637170559,-8.71741115884643,24.901729537868555,24.809607675211637,25.975111744969123,25.995861625305245,7.02516508675462,16.505478104631727,2502.7390523158633,2522.724796045938,2517.0451370227256,9.318502806628603e-06,0.15023296257016572,0.14340500446391677,22.718496506138298,22.625014978781802,0.0,0.0,0.0,0.0,True,none,1.0,0.0,battery_voltage_sensor_drift,0.277149723120313,0.277149723120313,89,battery_voltage_sensor_drift,2.161798969995353,0.277149723120313,gradual,0.7851811151939005,0.916914114191979,1873548368,postprocessed_sensor_fault
14040.0,234.0,3.9,1,589.4198654587356,330.97886967409687,-258.4409957846387,100.0,99.95027805291234,30.0,30.128303184861856,-8.614699859487956,-8.61132826935238,24.90744264161976,24.84988952085792,25.98040873797678,25.940585015551545,6.937044293524945,16.548943483704843,2524.471741852422,2523.59826894918,2512.17634402659,0.0005512257128852394,0.16378064282213098,0.156023120725807,22.71439642083383,22.696933836731716,0.0,0.0,0.0,0.0,True,none,1.0,0.0,battery_voltage_sensor_drift,0.277149723120313,0.277149723120313,89,battery_voltage_sensor_drift,2.161798969995353,0.277149723120313,gradual,0.7851811151939005,0.916914114191979,1873548368,postprocessed_sensor_fault
14100.0,235.0,3.9166666666666665,1,588.4298230256423,332.6794919243112,-255.75033110133114,100.0,99.96321368084631,30.0,30.18611883352247,-8.525011036711039,-8.562113054427172,24.91271153595032,24.89423383223196,25.985833417265397,25.89052323480468,6.814065054083602,16.633974596215563,2566.9872981077806,2545.29278352848,2545.6403830351314,0.0010965022490355685,0.1774125562258892,0.17414853162966906,22.710378314530796,22.784227884702663,0.0,0.0,0.0,0.0,True,none,1.0,0.0,battery_voltage_sensor_drift,0.277149723120313,0.277149723120313,89,battery_voltage_sensor_drift,2.161798969995353,0.277149723120313,gradual,0.7851811151939005,0.916914114191979,1873548368,postprocessed_sensor_fault
14160.0,236.0,3.933333333333333,0,0.0,335.13710349045215,335.13710349045215,99.50128407218682,99.67443288115705,29.980051362887473,30.114822254569244,11.178670090783129,11.21836684954825,24.9138919774009,24.9269651940939,25.97546046027632,25.949682846579034,10.997013199885542,16.75685517452261,2628.427587261303,2586.8601853948917,2589.4864346923155,0.00162131691010066,0.1905329227525165,0.19091106795453391,22.706460278985645,22.62445534373192,0.0,0.0,0.0,0.0,True,none,1.0,0.0,battery_voltage_sensor_drift,0.277149723120313,0.277149723120313,89,battery_voltage_sensor_drift,2.161798969995353,0.277149723120313,gradual,0.7851811151939005,0.916914114191979,1873548368,postprocessed_sensor_fault
14220.0,237.0,3.95,0,0.0,338.24429495415046,338.24429495415046,98.99794434755268,99.02963017036289,29.959917773902106,30.110549088945906,11.289893967893093,11.29954286248432,24.915731747084834,24.70895785073253,25.965481206089525,25.981852491016863,11.196936464501508,16.912214747707523,2706.107373853761,2646.4837796243264,2642.7984203315605,0.0021027327770517935,0.20256831942629483,0.19842405628678922,22.702657267810356,22.589718845236536,0.0,0.0,0.0,0.0,True,none,1.0,0.0,battery_voltage_sensor_drift,0.277149723120313,0.277149723120313,89,battery_voltage_sensor_drift,2.161798969995353,0.277149723120313,gradual,0.7851811151939005,0.916914114191979,1873548368,postprocessed_sensor_fault
14280.0,238.0,3.966666666666667,0,0.0,341.86526713848406,341.86526713848406,98.48921627145373,98.4223147509738,29.93956865085815,30.118375667282677,11.418510103641232,11.409703566956525,24.91833932273218,24.942317097288665,25.955943883154657,26.011917863728424,11.430589838956553,17.093263356924204,2796.6316784621013,2721.5577290432134,2713.9586759766144,0.002519709666413724,0.2129927416603431,0.20619037558587444,22.69898040483941,22.605760680249766,0.0,0.0,0.0,0.0,True,none,1.0,0.0,battery_voltage_sensor_drift,0.277149723120313,0.277149723120313,89,battery_voltage_sensor_drift,2.161798969995353,0.277149723120313,gradual,0.7851811151939005,0.916914114191979,1873548368,postprocessed_sensor_fault
14340.0,239.0,3.9833333333333334,0,0.0,345.8417661836448,345.8417661836448,97.9745707860614,97.77581710754657,29.918982831442456,30.058773238097906,11.559275531927268,11.542460098981318,24.92179378034859,24.87734654437923,25.946880508707785,25.88690576820162,11.689348065840994,17.29208830918224,2896.044154591119,2808.800941817166,2808.2067912689513,0.0028540236872440176,0.22135059218110043,0.22197196962722635,22.695436455802287,22.628767639703483,0.0,0.0,0.0,0.0,True,none,1.0,0.0,battery_voltage_sensor_drift,0.277149723120313,0.277149723120313,89,battery_voltage_sensor_drift,2.161798969995353,0.277149723120313,gradual,0.7851811151939005,0.916914114191979,1873548368,postprocessed_sensor_fault
14400.0,240.0,4.0,0,0.0,349.99999999999994,349.99999999999994,97.45373745272806,97.50847700497387,29.898149498109124,30.016212198682762,11.706410124885332,11.68493313461757,24.92614036113637,24.86657453088799,25.938305464638123,26.002766061898246,11.963203040961426,17.499999999999996,2999.999999999999,2904.400470908583,2905.316910564454,0.003091063712615916,0.22727659281539792,0.22466137155807353,22.69202749216005,22.7081730871457,0.0,0.0,0.0,0.0,True,none,1.0,0.0,battery_voltage_sensor_drift,0.277149723120313,0.277149723120313,89,battery_voltage_sensor_drift,2.161798969995353,0.277149723120313,gradual,0.7851811151939005,0.916914114191979,1873548368,postprocessed_sensor_fault
14460.0,241.0,4.016666666666667,0,0.0,354.15823381635505,354.15823381635505,96.92671627145373,96.91183474583924,29.87706865085815,30.000475446017322,11.853848111909155,11.82047035068315,24.93138717631894,25.009309086928354,25.930214844302654,25.866079531897952,12.24109720481698,17.707911690817753,3103.955845408876,3004.1781581587297,3002.378629321249,0.0032204699559762805,0.230511748899407,0.22496650815124133,22.6887507672846,22.69993359741202,0.0,0.0,0.0,0.0,True,none,1.0,0.0,battery_voltage_sensor_drift,0.277149723120313,0.277149723120313,89,battery_voltage_sensor_drift,2.161798969995353,0.277149723120313,gradual,0.7851811151939005,0.916914114191979,1873548368,postprocessed_sensor_fault
14520.0,242.0,4.033333333333333,0,0.0,358.134732861516,358.134732861516,96.39377768088599,96.4334367645882,29.85575110723544,29.984503498255467,11.9955023598359,12.005986991620436,24.937503407091647,24.887859718197575,25.922586598834386,25.726638537536612,12.511366149186292,17.9067366430758,3203.3683215379,3103.773239848315,3098.1896230402185,0.00323658674353039,0.23091466858825976,0.23838588717002762,22.68559881464851,22.822048759384046,0.0,0.0,0.0,0.0,True,none,1.0,0.0,battery_voltage_sensor_drift,0.277149723120313,0.277149723120313,89,battery_voltage_sensor_drift,2.161798969995353,0.277149723120313,gradual,0.7851811151939005,0.916914114191979,1873548368,postprocessed_sensor_fault
14580.0,243.0,4.05,0,0.0,361.7557050458495,361.7557050458495,95.85545073885348,95.78824523281443,29.83421802955414,29.976291392222745,12.125529976602365,12.138908671597887,24.944419313906025,25.02002842816689,25.915381476548294,25.858932122968795,12.762278177078606,18.087785252292473,3293.892626146237,3198.8329329972757,3201.3840974530776,0.0031387096943250397,0.228467742358126,0.23041042557537111,22.68255976602416,22.78475226150905,0.0,0.0,0.0,0.0,True,none,1.0,0.0,battery_voltage_sensor_drift,0.277149723120313,0.277149723120313,89,battery_voltage_sensor_drift,2.161798969995353,0.277149723120313,gradual,0.7851811151939005,0.916914114191979,1873548368,postprocessed_sensor_fault
14640.0,244.0,4.066666666666666,0,0.0,364.86289650954785,364.86289650954785,95.31249999999997,95.59653663137212,29.8125,29.921684540352327,12.238587723590703,12.237788154253826,24.952028272547395,24.89386609918158,25.908544714386863,25.936101397468853,12.982642357442005,18.243144825477394,3371.5724127386957,3285.202672867986,3291.5221748567483,0.0029311165050767154,0.22327791262691787,0.22329483242482875,22.67961787571296,22.798730995583092,0.0,0.0,0.0,0.0,True,none,1.0,0.0,battery_voltage_sensor_drift,0.277149723120313,0.277149723120313,89,battery_voltage_sensor_drift,2.161798969995353,0.277149723120313,gradual,0.7851811151939005,0.916914114191979,1873548368,postprocessed_sensor_fault
14700.0,245.0,4.083333333333333,0,0.0,367.32050807568874,367.32050807568874,94.76589210107781,94.86375994023759,29.790635684043114,29.959918053130203,12.33006613123191,12.345651177674144,24.96019091112559,24.921540589553054,25.902008407479336,25.892996007511194,13.162442464044178,18.366025403784437,3433.0127018922185,3359.1076873801026,3358.956454769498,0.0026228799942983067,0.21557199985745767,0.21804329314218482,22.676754225471154,22.752130369455422,0.0,0.0,0.0,0.0,True,none,1.0,0.0,battery_voltage_sensor_drift,0.277149723120313,0.277149723120313,89,battery_voltage_sensor_drift,2.161798969995353,0.277149723120313,gradual,0.7851811151939005,0.916914114191979,1873548368,postprocessed_sensor_fault
14760.0,246.0,4.1,0,0.0,369.0211303259031,369.0211303259031,94.21675351428333,94.16844120062387,29.768670140571334,29.946998949630583,12.396292094451642,12.393410255812789,24.96874124770976,25.008193723894625,25.89569445325209,25.915760165652088,13.293444615277142,18.451056516295154,3475.5282581475767,3417.3179727638394,3412.2039291549045,0.002227471576593636,0.2056867894148409,0.2059607683195101,22.67394757497003,22.671747431683993,0.0,0.0,0.0,0.0,True,none,1.0,0.0,battery_voltage_sensor_drift,0.277149723120313,0.277149723120313,89,battery_voltage_sensor_drift,2.161798969995353,0.277149723120313,gradual,0.7851811151939005,0.916914114191979,1873548368,postprocessed_sensor_fault
14820.0,247.0,4.116666666666666,0,0.0,369.8904379073655,369.8904379073655,93.6663213150164,93.95773265992307,29.746652852600654,29.913106109252677,12.434691047097997,12.436410463782984,24.977494544606643,24.917135740299408,25.88951794141681,25.842438678550888,13.369723314942329,18.494521895368276,3497.2609476841367,3457.2894602239876,3454.0637641524277,0.0017621724971965131,0.19405431242991283,0.19323382592641813,22.671175315089407,22.655167169115632,0.0,0.0,0.0,0.0,True,none,1.0,0.0,battery_voltage_sensor_drift,0.277149723120313,0.277149723120313,89,battery_voltage_sensor_drift,2.161798969995353,0.277149723120313,gradual,0.7851811151939005,0.916914114191979,1873548368,postprocessed_sensor_fault
14880.0,248.0,4.133333333333334,0,0.0,369.8904379073655,369.8904379073655,93.11588911574948,93.27685472407289,29.724635564629978,29.87298656501974,12.443901527509611,12.433985823419532,24.986256426732698,24.967322073397245,25.88339084167621,25.987013967301685,13.388054818108483,18.494521895368276,3497.260947684137,3477.2752039540624,3480.2009469186837,0.001247318558629296,0.18118296396573239,0.17746285988304275,22.66841447662681,22.630978361763358,0.0,0.0,0.0,0.0,True,none,1.0,0.0,battery_voltage_sensor_drift,0.277149723120313,0.277149723120313,89,battery_voltage_sensor_drift,2.161798969995353,0.277149723120313,gradual,0.7851811151939005,0.916914114191979,1873548368,postprocessed_sensor_fault
14940.0,249.0,4.15,0,0.0,369.0211303259031,369.0211303259031,92.56675052895498,92.61458035497118,29.702670021158198,29.852259852377745,12.42383698378082,12.391904386721722,24.994832681612184,25.09890693778116,25.87722582797539,25.840998812182654,13.348138031964808,18.451056516295154,3475.5282581475767,3476.4017310508193,3475.659118086709,0.0007054113485506565,0.1676352837137664,0.16272567263690282,22.665642745355616,22.67095110688699,0.0,0.0,0.0,0.0,True,none,1.0,0.0,battery_voltage_sensor_drift,0.277149723120313,0.277149723120313,89,battery_voltage_sensor_drift,2.161798969995353,0.277149723120313,gradual,0.7851811151939005,0.916914114191979,1873548368,postprocessed_sensor_fault
15000.0,250.0,4.166666666666667,0,0.0,367.32050807568874,367.32050807568874,92.02014263003282,92.02788961593855,29.680805705201312,29.832649239139535,12.375691944619916,12.359759476277663,25.003039085818013,25.030919796845478,25.870940072159158,26.022853479821567,13.252620088650424,18.366025403784437,3433.0127018922185,3454.7072164715196,3452.2295466070473,0.00016013481240034853,0.1540033703100087,0.15457117023473696,22.662839435721946,22.807441682923947,0.0,0.0,0.0,0.0,True,none,1.0,0.0,battery_voltage_sensor_drift,0.277149723120313,0.277149723120313,89,battery_voltage_sensor_drift,2.161798969995353,0.277149723120313,gradual,0.7851811151939005,0.916914114191979,1873548368,postprocessed_sensor_fault
15060.0,251.0,4.183333333333334,0,0.0,364.8628965095479,364.8628965095479,91.47719189117932,91.31345865519803,29.65908767564717,29.825372306044088,12.301892104696591,12.343056389064799,25.01071059779793,25.02604233108402,25.86445884123284,25.817447015865376,13.106923948447706,18.243144825477398,3371.5724127386984,3413.139814605109,3411.4512762277777,-0.00036467984866470743,0.15911699621661768,0.15691421976935283,22.66003561127009,22.739879271236703,0.0,0.0,0.0,0.0,True,none,1.0,0.0,battery_voltage_sensor_drift,0.277149723120313,0.277149723120313,89,battery_voltage_sensor_drift,2.161798969995353,0.277149723120313,gradual,0.7851811151939005,0.916914114191979,1873548368,postprocessed_sensor_fault
15120.0,252.0,4.2,0,0.0,361.7557050458495,361.7557050458495,90.9388649491468,91.08830244752855,29.637554597965874,29.78699645493681,12.205990337363327,12.206313818545276,25.017709320908693,24.943465635610305,25.85771874100756,25.851744808052942,12.918896009264552,18.087785252292473,3293.8926261462375,3353.5162203756736,3348.975969908298,-0.0008460957156159045,0.1711523928903976,0.17134212129058626,22.657231777238376,22.709570800080815,0.0,0.0,0.0,0.0,True,none,1.0,0.0,battery_voltage_sensor_drift,0.277149723120313,0.277149723120313,89,battery_voltage_sensor_drift,2.161798969995353,0.277149723120313,gradual,0.7851811151939005,0.916914114191979,1873548368,postprocessed_sensor_fault
15180.0,253.0,4.216666666666667,0,0.0,358.134732861516,358.134732861516,90.40592635857907,90.18041562797671,29.616237054343163,29.788826765706705,12.092513042908543,12.051930826157356,25.02393076410135,24.861104296426582,25.85067046436565,25.781686106746044,12.698309735433059,17.9067366430758,3203.3683215379006,3278.442270956787,3274.2119051326836,-0.0012630726049777854,0.18157681512444462,0.1832253896251142,22.654407761563572,22.581172957042554,0.0,0.0,0.0,0.0,True,none,1.0,0.0,battery_voltage_sensor_drift,0.277149723120313,0.277149723120313,89,battery_voltage_sensor_drift,2.161798969995353,0.277149723120313,gradual,0.7851811151939005,0.916914114191979,1873548368,postprocessed_sensor_fault
15240.0,254.0,4.233333333333333,0,0.0,354.15823381635516,354.15823381635516,89.87890517730473,89.62821637715531,29.595156207092188,29.74242181990946,11.966763457443236,12.000349231905583,25.029308093555784,25.08572886590453,25.84328092403236,25.83541720300827,12.456274211711902,17.70791169081776,3103.9558454088797,3191.199058182833,3197.889731244162,-0.0015973866258081285,0.1899346656452032,0.18731826166932367,22.651545336596914,22.71133128583441,0.0,0.0,0.0,0.0,True,none,1.0,0.0,battery_voltage_sensor_drift,0.277149723120313,0.277149723120313,89,battery_voltage_sensor_drift,2.161798969995353,0.277149723120313,gradual,0.7851811151939005,0.916914114191979,1873548368,postprocessed_sensor_fault
15300.0,255.0,4.25,0,0.0,350.0000000000001,350.0000000000001,89.3580718439714,89.15223860391814,29.574322873758856,29.705960559963746,11.834590482223797,11.854596498011501,25.0338142534963,24.981056630079664,25.8355346766401,25.845623557952763,12.204602550555366,17.500000000000007,3000.0000000000027,3095.599529091418,3095.552885904065,-0.0018344266511799569,0.1958606662794989,0.18966866032043508,22.64862897596722,22.579823977304965,0.0,0.0,0.0,0.0,True,none,1.0,0.0,battery_voltage_sensor_drift,0.277149723120313,0.277149723120313,89,battery_voltage_sensor_drift,2.161798969995353,0.277149723120313,gradual,0.7851811151939005,0.916914114191979,1873548368,postprocessed_sensor_fault
15360.0,256.0,4.266666666666667,0,0.0,345.8417661836449,345.8417661836449,88.84342635857907,88.80948271397367,29.553737054343163,29.682570255484148,11.702133153168209,11.69952815091343,25.03746201339785,25.09257359833976,25.827434575845345,25.842891655532462,11.955193626758282,17.292088309182244,2896.0441545911226,2995.8218418412703,2995.2212219855273,-0.001963832894540392,0.19909582236350978,0.19553689349535872,22.645646500560623,22.587734114724427,0.0,0.0,0.0,0.0,True,none,1.0,0.0,battery_voltage_sensor_drift,0.277149723120313,0.277149723120313,89,battery_voltage_sensor_drift,2.161798969995353,0.277149723120313,gradual,0.7851811151939005,0.916914114191979,1873548368,postprocessed_sensor_fault
15420.0,257.0,4.283333333333333,0,0.0,341.86526713848406,341.86526713848406,88.33469828248013,88.2685968229254,29.533387931299206,29.69675225824265,11.575551979804473,11.558416299699527,25.040302148954037,25.16973433351122,25.81900162595243,25.854474136531877,11.719472290972421,17.093263356924204,2796.6316784621013,2896.2267601516864,2899.4653090668266,-0.001979949682094466,0.19949874205236165,0.20331222535146465,22.64258958964088,22.593982288120042,0.0,0.0,0.0,0.0,True,none,1.0,0.0,battery_voltage_sensor_drift,0.277149723120313,0.277149723120313,89,battery_voltage_sensor_drift,2.161798969995353,0.277149723120313,gradual,0.7851811151939005,0.916914114191979,1873548368,postprocessed_sensor_fault
15480.0,258.0,4.3,0,0.0,338.2442949541506,338.2442949541506,87.83135855784599,88.21126255809733,29.51325434231384,29.656943377748284,11.46075898750352,11.44034327025391,25.042420068478883,24.99662371562919,25.810274042440227,25.786128729664735,11.507919725571414,16.91221474770753,2706.1073738537643,2801.1670670027256,2800.7513922412595,-0.0018820726328891153,0.19705181582222786,0.19823537784188727,22.63945413706194,22.6116391621704,0.0,0.0,0.0,0.0,True,none,1.0,0.0,battery_voltage_sensor_drift,0.277149723120313,0.277149723120313,89,battery_voltage_sensor_drift,2.161798969995353,0.277149723120313,gradual,0.7851811151939005,0.916914114191979,1873548368,postprocessed_sensor_fault
15540.0,259.0,4.316666666666666,0,0.0,335.1371034904522,335.1371034904522,87.33264263003281,86.99577774717918,29.493305705201312,29.638790743690137,11.363158366861157,11.336956269699462,25.043931246220108,25.06247581015138,25.80130556044975,25.819092521021325,11.329709445629337,16.75685517452261,2628.4275872613057,2714.7973271320157,2714.2626021091664,-0.0016744794436408055,0.19186198609102012,0.2005376850538314,22.63624043693232,22.729790051748285,0.0,0.0,0.0,0.0,True,none,1.0,0.0,battery_voltage_sensor_drift,0.277149723120313,0.277149723120313,89,battery_voltage_sensor_drift,2.161798969995353,0.277149723120313,gradual,0.7851811151939005,0.916914114191979,1873548368,postprocessed_sensor_fault
15600.0,260.0,4.333333333333333,0,0.0,332.6794919243112,332.6794919243112,86.8375838622883,86.6373616857658,29.473503354491534,29.631254336263652,11.287409166227041,11.258859378316872,25.04497582025901,25.114042427958246,25.792163065158586,25.83095040648904,11.1924484548661,16.633974596215563,2566.9872981077806,2640.8923126198983,2648.3488441020368,-0.0013662429328624172,0.18415607332156042,0.1782989390991553,22.632953188194616,22.59731941731369,0.0,0.0,0.0,0.0,True,none,1.0,0.0,battery_voltage_sensor_drift,0.277149723120313,0.277149723120313,89,battery_voltage_sensor_drift,2.161798969995353,0.277149723120313,gradual,0.7851811151939005,0.916914114191979,1873548368,postprocessed_sensor_fault
15660.0,261.0,4.35,0,0.0,330.9788696740969,330.9788696740969,86.34505578241614,86.65407164382597,29.453802231296645,29.59497686638437,11.237220480906524,11.284929190591452,25.04571266510719,24.990809776857972,25.78292364760473,25.697538408079293,11.102009930920405,16.548943483704846,2524.471741852423,2582.682027236161,2584.1063859026294,-0.0009708345151577327,0.1742708628789433,0.16994793169282546,22.629601313566596,22.66465814761955,0.0,0.0,0.0,0.0,True,none,1.0,0.0,battery_voltage_sensor_drift,0.277149723120313,0.277149723120313,89,battery_voltage_sensor_drift,2.161798969995353,0.277149723120313,gradual,0.7851811151939005,0.916914114191979,1873548368,postprocessed_sensor_fault
15720.0,262.0,4.366666666666666,0,0.0,330.1095620926345,330.1095620926345,85.85382131501638,86.17791958764965,29.434152852600654,29.606025048824726,11.215188143709993,11.206829123726038,25.04631317447623,24.932799697314213,25.773671214633154,25.82248257222613,11.062435607905055,16.505478104631727,2502.739052315864,2542.710539776012,2542.2065793975507,-0.0005055354357605887,0.16263838589401472,0.1728850044049183,22.626197595225054,22.619476203336085,0.0,0.0,0.0,0.0,True,none,1.0,0.0,battery_voltage_sensor_drift,0.277149723120313,0.277149723120313,89,battery_voltage_sensor_drift,2.161798969995353,0.277149723120313,gradual,0.7851811151939005,0.916914114191979,1873548368,postprocessed_sensor_fault
15780.0,263.0,4.383333333333334,0,0.0,330.1095620926345,330.1095620926345,85.36258684761663,85.59788069805307,29.414503473904666,29.49147516227561,11.222680076360769,11.254822055725235,25.046954908255064,25.042952958982227,25.764492801125353,25.673885050450387,11.075883847707596,16.505478104631727,2502.7390523158633,2522.724796045938,2525.7014654552986,9.318502806628603e-06,0.15023296257016572,0.14673006598236382,22.622759395398674,22.682201267302094,0.0,0.0,0.0,0.0,True,none,1.0,0.0,battery_voltage_sensor_drift,0.277149723120313,0.277149723120313,89,battery_voltage_sensor_drift,2.161798969995353,0.277149723120313,gradual,0.7851811151939005,0.916914114191979,1873548368,postprocessed_sensor_fault
15840.0,264.0,4.4,0,0.0,330.9788696740969,330.9788696740969,84.87005876774447,84.81884300211793,29.394802350709778,29.527568670593055,11.259775307388825,11.27396822667516,25.04781518946497,24.96347400768097,25.75547474568376,25.56204265610246,11.142603197830649,16.548943483704846,2524.471741852423,2523.5982689491807,2525.6415422532355,0.0005512257128852536,0.16378064282213134,0.1618427322708755,22.61937733842475,22.55028853083369,0.0,0.0,0.0,0.0,True,none,1.0,0.0,battery_voltage_sensor_drift,0.277149723120313,0.277149723120313,89,battery_voltage_sensor_drift,2.161798969995353,0.277149723120313,gradual,0.7851811151939005,0.916914114191979,1873548368,postprocessed_sensor_fault
15900.0,265.0,4.416666666666667,0,0.0,332.6794919243112,332.6794919243112,84.37499999999994,84.18704242772108,29.374999999999996,29.48866917399482,11.325259299551021,11.351102268043043,25.04906469784873,25.230661910580267,25.746698896910722,25.900436483341505,11.260919856165351,16.633974596215563,2566.9872981077806,2545.292783528481,2541.3041598400473,0.0010965022490355544,0.17741255622588886,0.16994157806904664,22.616071875239786,22.726087630189845,0.0,0.0,0.0,0.0,True,none,1.0,0.0,battery_voltage_sensor_drift,0.277149723120313,0.277149723120313,89,battery_voltage_sensor_drift,2.161798969995353,0.277149723120313,gradual,0.7851811151939005,0.916914114191979,1873548368,postprocessed_sensor_fault
15960.0,266.0,4.433333333333334,0,0.0,335.13710349045203,335.13710349045203,83.87628407218678,83.63184670727297,29.355051362887473,29.517070392402815,11.416675765526124,11.38914415408266,25.050861105804344,24.998284737785536,25.73823901608448,25.678824295974323,11.427238842812121,16.756855174522602,2628.4275872613007,2586.860185394891,2583.0211709819396,0.0016213169101006175,0.19053292275251543,0.19480372734712975,22.612861137989317,22.598952921465283,0.0,0.0,0.0,0.0,True,none,1.0,0.0,battery_voltage_sensor_drift,0.277149723120313,0.277149723120313,89,battery_voltage_sensor_drift,2.161798969995353,0.277149723120313,gradual,0.7851811151939005,0.916914114191979,1873548368,postprocessed_sensor_fault
16020.0,267.0,4.45,0,0.0,338.2442949541506,338.2442949541506,83.37294434755262,83.34523978035364,29.334917773902106,29.466906636345403,11.530432693255086,11.500964252508307,25.0533428399945,25.024347963594334,25.73015753345122,25.635499508161278,11.63607024749486,16.91221474770753,2706.107373853764,2646.483779624328,2645.038192127237,0.002102732777051836,0.20256831942629588,0.19777784533259626,22.6097601203715,22.718966216645953,0.0,0.0,0.0,0.0,True,none,1.0,0.0,battery_voltage_sensor_drift,0.277149723120313,0.277149723120313,89,battery_voltage_sensor_drift,2.161798969995353,0.277149723120313,gradual,0.7851811151939005,0.916914114191979,1873548368,postprocessed_sensor_fault
16080.0,268.0,4.466666666666667,0,0.0,341.86526713848406,341.86526713848406,82.86421627145369,82.79307226189938,29.31456865085815,29.430655167384423,11.661957957156444,11.628922244290484,25.05662311985973,25.122429792126642,25.72250279989746,25.75743122397387,11.88010107155876,17.093263356924204,2796.6316784621013,2721.557729043214,2716.765939267522,0.00251970966641371,0.21299274166034274,0.21158406990137094,22.606779986006348,22.76396046330244,0.0,0.0,0.0,0.0,True,none,1.0,0.0,battery_voltage_sensor_drift,0.277149723120313,0.277149723120313,89,battery_voltage_sensor_drift,2.161798969995353,0.277149723120313,gradual,0.7851811151939005,0.916914114191979,1873548368,postprocessed_sensor_fault
16140.0,269.0,4.483333333333333,0,0.0,345.8417661836447,345.8417661836447,82.34957078606136,82.48189681317187,29.293982831442456,29.475387797829928,11.805897756328248,11.766386863076871,25.060784506962673,25.237961610409275,25.715306954116645,25.600411591458148,12.15033774663011,17.292088309182237,2896.0441545911185,2808.800941817166,2804.296923817576,0.0028540236872440033,0.2213505921811001,0.2266949576163718,22.603927540110472,22.521308030564022,0.0,0.0,0.0,0.0,True,none,1.0,0.0,battery_voltage_sensor_drift,0.277149723120313,0.277149723120313,89,battery_voltage_sensor_drift,2.161798969995353,0.277149723120313,gradual,0.7851811151939005,0.916914114191979,1873548368,postprocessed_sensor_fault
16200.0,270.0,4.5,1,600.0,349.99999999999994,-250.00000000000006,82.72159459558517,82.91447952417795,29.308863783823405,29.46795190441017,-8.529842775344429,-8.555239187613068,25.06515532466012,25.08665117574065,25.72458449848371,25.785518549373144,6.820657421767644,17.499999999999996,2999.999999999999,2904.400470908583,2900.584109558623,0.003091063712615916,0.22727659281539792,0.23311754124003292,22.601204893335925,22.649258111074023,0.0,0.0,0.0,0.0,True,none,1.0,0.0,battery_voltage_sensor_drift,0.277149723120313,0.277149723120313,89,battery_voltage_sensor_drift,2.161798969995353,0.277149723120313,gradual,0.7851811151939005,0.916914114191979,1873548368,postprocessed_sensor_fault
16260.0,271.0,4.516666666666667,1,601.2556165273943,354.15823381635516,-247.09738271103913,83.08929903414327,83.22529046103055,29.32357196136573,29.46794731464659,-8.42657855723013,-8.370066428554438,25.069032986360472,25.09402334954484,25.73420364587748,25.587278408661334,6.680578094493649,17.70791169081776,3103.955845408879,3004.1781581587306,3009.7133149401106,0.003220469955976323,0.23051174889940806,0.22927414880333927,22.598609337951657,22.579504330370522,0.0,0.0,0.0,0.0,True,none,1.0,0.0,battery_voltage_sensor_drift,0.277149723120313,0.277149723120313,89,battery_voltage_sensor_drift,2.161798969995353,0.277149723120313,gradual,0.7851811151939005,0.916914114191979,1873548368,postprocessed_sensor_fault
16320.0,272.0,4.533333333333333,1,602.5051158172813,358.134732861516,-244.3703829557653,83.45294543735125,83.20998728452273,29.33811781749405,29.395531075522808,-8.32944991481524,-8.323191788405664,25.072453384677885,25.131885273442155,25.74414348999661,25.7537489716549,6.550378870673249,17.9067366430758,3203.3683215379,3103.7732398483154,3098.6101266008695,0.0032365867435303767,0.2309146685882594,0.22852849349854487,22.596133446035566,22.592246016940283,0.0,0.0,0.0,0.0,True,none,1.0,0.0,battery_voltage_sensor_drift,0.277149723120313,0.277149723120313,89,battery_voltage_sensor_drift,2.161798969995353,0.277149723120313,gradual,0.7851811151939005,0.916914114191979,1873548368,postprocessed_sensor_fault
16380.0,273.0,4.55,1,603.7424104347197,361.75570504584937,-241.9867053888703,83.81304470132278,83.82133685052484,29.35252178805291,29.485024188801965,-8.24415384600324,-8.216722103079562,25.07547628373957,25.15525376068963,25.75436591258122,25.816777430255772,6.437285810925601,18.08778525229247,3293.8926261462343,3198.832932997275,3208.4855016093525,0.0031387096943249967,0.2284677423581249,0.2272304393765144,22.593765387675813,22.52308265993146,0.0,0.0,0.0,0.0,True,none,1.0,0.0,battery_voltage_sensor_drift,0.277149723120313,0.277149723120313,89,battery_voltage_sensor_drift,2.161798969995353,0.277149723120313,gradual,0.7851811151939005,0.916914114191979,1873548368,postprocessed_sensor_fault
16440.0,274.0,4.566666666666666,1,604.961472404706,364.8628965095478,-240.0985758951582,84.1703342487858,84.60613285845291,29.366813369951434,29.52282045799275,-8.17584709891713,-8.193092511315673,25.0781819529131,25.086330601476273,25.764817274931527,25.89891330769565,6.347558062789732,18.24314482547739,3371.5724127386957,3285.202672867985,3289.131611607285,0.0029311165050767297,0.22327791262691823,0.22244395926450383,22.591489455202225,22.56481961922332,0.0,0.0,0.0,0.0,True,none,1.0,0.0,battery_voltage_sensor_drift,0.277149723120313,0.277149723120313,89,battery_voltage_sensor_drift,2.161798969995353,0.277149723120313,gradual,0.7851811151939005,0.916914114191979,1873548368,postprocessed_sensor_fault
16500.0,275.0,4.583333333333333,1,606.1563625798619,367.32050807568874,-238.8358545041732,84.52574474655987,84.26197528858745,29.381029789862396,29.56989144820071,-8.128913663420365,-8.184381487636811,25.080667324488246,24.903950870318067,25.775430787539644,26.02489461768025,6.286338987787384,18.366025403784437,3433.0127018922185,3359.107687380102,3363.513615452166,0.0026228799942983206,0.215571999857458,0.20899701416723887,22.58928676811425,22.64482980937238,0.0,0.0,0.0,0.0,True,none,1.0,0.0,battery_voltage_sensor_drift,0.277149723120313,0.277149723120313,89,battery_voltage_sensor_drift,2.161798969995353,0.277149723120313,gradual,0.7851811151939005,0.916914114191979,1873548368,postprocessed_sensor_fault
16560.0,276.0,4.6,1,607.3212595753644,369.0211303259031,-238.3001292494613,84.88035803413348,84.9193301085653,29.395214321365337,29.536163258171122,-8.106766177794373,-8.124428087851493,25.083041895971032,25.124096079818152,25.78612945427192,25.838799444119655,6.257572628914463,18.451056516295154,3475.5282581475763,3417.3179727638394,3414.1989573857763,0.002227471576593643,0.20568678941484106,0.20695054675299743,22.5871361235433,22.539912570898025,0.0,0.0,0.0,0.0,True,none,1.0,0.0,battery_voltage_sensor_drift,0.277149723120313,0.277149723120313,89,battery_voltage_sensor_drift,2.161798969995353,0.277149723120313,gradual,0.7851811151939005,0.916914114191979,1873548368,postprocessed_sensor_fault
16620.0,277.0,4.616666666666666,1,608.450488130146,369.8904379073655,-238.56005022278055,85.23535810886975,85.07349095336696,29.409414324354792,29.560088317932102,-8.111689936824822,-8.102624035437374,25.085423514896856,25.094730624299824,25.79682946242848,25.72152900041718,6.263961090494807,18.494521895368276,3497.2609476841367,3457.2894602239876,3456.6839796964846,0.0017621724971965131,0.19405431242991283,0.18824504822682478,22.585014949548377,22.603486909298876,0.0,0.0,0.0,0.0,True,none,1.0,0.0,battery_voltage_sensor_drift,0.277149723120313,0.277149723120313,89,battery_voltage_sensor_drift,2.161798969995353,0.277149723120313,gradual,0.7851811151939005,0.916914114191979,1873548368,postprocessed_sensor_fault
16680.0,278.0,4.633333333333334,1,609.5385467561977,369.8904379073655,-239.64810884883218,85.59197731846623,85.71668824143907,29.42367909273865,29.541006965794878,-8.1447363565073,-8.176394218124202,25.08793410189201,25.04115244152846,25.80744387051979,25.915806084009304,6.306938425360945,18.494521895368276,3497.2609476841367,3477.2752039540624,3479.6890182722045,0.0012473185586292885,0.18118296396573222,0.18184882973094102,22.582900313827338,22.473852665226378,0.0,0.0,0.0,0.0,True,none,1.0,0.0,battery_voltage_sensor_drift,0.277149723120313,0.277149723120313,89,battery_voltage_sensor_drift,2.161798969995353,0.277149723120313,gradual,0.7851811151939005,0.916914114191979,1873548368,postprocessed_sensor_fault
16740.0,279.0,4.65,1,610.5801345412646,369.0211303259031,-241.55900421536148,85.95144012235814,86.02439826791888,29.438057604894325,29.56645548262502,-8.205670613783983,-8.191415389166401,25.090695305339835,25.026218669287662,25.81788643258822,25.781018687737255,6.386642417753441,18.451056516295154,3475.5282581475767,3476.4017310508193,3481.9887195196857,0.0007054113485506565,0.1676352837137664,0.1687852832189411,22.580769938777138,22.70325409372739,0.0,0.0,0.0,0.0,True,none,1.0,0.0,battery_voltage_sensor_drift,0.277149723120313,0.277149723120313,89,battery_voltage_sensor_drift,2.161798969995353,0.277149723120313,gradual,0.7851811151939005,0.916914114191979,1873548368,postprocessed_sensor_fault
16800.0,280.0,4.666666666666667,1,611.5701769743577,367.3205080756888,-244.24966889866886,86.3149068915526,86.29691427591618,29.452596275662103,29.60757456778512,-8.29297582503796,-8.293627945188375,25.093824052983706,24.943406397038096,25.828075391935084,25.77510351859275,6.5018758427731225,18.36602540378444,3433.0127018922203,3454.70721647152,3460.855642682284,0.00016013481240036989,0.15400337031000924,0.15671135767575123,22.578603175192807,22.605069703971665,0.0,0.0,0.0,0.0,True,none,1.0,0.0,battery_voltage_sensor_drift,0.277149723120313,0.277149723120313,89,battery_voltage_sensor_drift,2.161798969995353,0.277149723120313,gradual,0.7851811151939005,0.916914114191979,1873548368,postprocessed_sensor_fault
16860.0,281.0,4.683333333333334,1,612.503850668262,364.8628965095479,-247.64095415871407,86.68342021619354,86.81032233100804,29.46733680864774,29.646963821410232,-8.403913654186734,-8.409237743201324,25.097427979254345,25.393302687375463,25.837937078450558,25.86307454895064,6.650061176562099,18.243144825477398,3371.5724127386984,3413.139814605109,3421.046926624027,-0.00036467984866471426,0.15911699621661785,0.1615080044349917,22.57643112269492,22.562254431401424,0.0,0.0,0.0,0.0,True,none,1.0,0.0,battery_voltage_sensor_drift,0.277149723120313,0.277149723120313,89,battery_voltage_sensor_drift,2.161798969995353,0.277149723120313,gradual,0.7851811151939005,0.916914114191979,1873548368,postprocessed_sensor_fault
16920.0,282.0,4.7,1,613.376606858593,361.7557050458495,-251.62090181274357,87.0578560819863,86.85887803246831,29.482314243279454,29.636733349215405,-8.534638757881803,-8.521573804473547,25.10160076037283,25.045408648260494,25.84740915232754,25.84293309469373,6.827204698203059,18.087785252292473,3293.8926261462375,3353.5162203756736,3359.1250522970486,-0.0008460957156159045,0.1711523928903976,0.16347298417040346,22.57425432232752,22.54678658838506,0.0,0.0,0.0,0.0,True,none,1.0,0.0,battery_voltage_sensor_drift,0.277149723120313,0.277149723120313,89,battery_voltage_sensor_drift,2.161798969995353,0.277149723120313,gradual,0.7851811151939005,0.916914114191979,1873548368,postprocessed_sensor_fault
16980.0,283.0,4.716666666666667,1,614.184193564921,358.134732861516,-256.049460703405,87.4388820651759,87.07172412091273,29.497555282607035,29.687828551936498,-8.680362092731874,-8.696874576059665,25.106417472093508,25.196789029302362,25.856443352395072,25.90953392873845,7.027894884874919,17.9067366430758,3203.3683215379006,3278.442270956787,3287.361259695322,-0.0012630726049777854,0.18157681512444462,0.1851225808186548,22.572052637564546,22.513032426393817,0.0,0.0,0.0,0.0,True,none,1.0,0.0,battery_voltage_sensor_drift,0.277149723120313,0.277149723120313,89,battery_voltage_sensor_drift,2.161798969995353,0.277149723120313,gradual,0.7851811151939005,0.916914114191979,1873548368,postprocessed_sensor_fault
17040.0,284.0,4.733333333333333,1,614.9226763059908,354.15823381635533,-260.7644424896354,87.82692439030927,87.3718399698165,29.51307697561237,29.652313587290646,-8.835555936953428,-8.818983961336539,25.111930180251623,25.192737267899563,25.865007628957546,25.865632897696067,7.245363897202638,17.707911690817767,3103.9558454088833,3191.199058182836,3196.697569400176,-0.001597386625808086,0.18993466564520214,0.1903281873437491,22.56980787602788,22.672002181247574,0.0,0.0,0.0,0.0,True,none,1.0,0.0,battery_voltage_sensor_drift,0.277149723120313,0.277149723120313,89,battery_voltage_sensor_drift,2.161798969995353,0.277149723120313,gradual,0.7851811151939005,0.916914114191979,1873548368,postprocessed_sensor_fault
17100.0,285.0,4.75,1,615.5884572681198,350.0000000000001,-265.58845726811967,88.22214530886303,88.42051987903127,29.52888581235452,29.706138328190743,-8.994191618195115,-8.969170913580124,25.118164061267397,24.977038432535196,25.873087567925886,25.884654164804882,7.471638629184902,17.500000000000007,3000.0000000000027,3095.5995290914193,3093.9989489499076,-0.0018344266511799848,0.1958606662794996,0.18790988007846618,22.567504546352456,22.56537277429664,0.0,0.0,0.0,0.0,True,none,1.0,0.0,battery_voltage_sensor_drift,0.277149723120313,0.277149723120313,89,battery_voltage_sensor_drift,2.161798969995353,0.277149723120313,gradual,0.7851811151939005,0.916914114191979,1873548368,postprocessed_sensor_fault
17160.0,286.0,4.766666666666667,1,616.1782928333851,345.8417661836448,-270.3365266497403,88.62443180685372,88.64084910390508,29.54497727227415,29.698663470556294,-9.1499994790462,-9.20263982351692,25.12511440769087,25.186029746191956,25.880687044000844,25.830508000243984,7.6977992373236575,17.29208830918224,2896.044154591119,2995.8218418412694,2996.918922677127,-0.0019638328945404556,0.1990958223635114,0.1939942876079163,22.56513050416797,22.634881601348305,0.0,0.0,0.0,0.0,True,none,1.0,0.0,battery_voltage_sensor_drift,0.277149723120313,0.277149723120313,89,battery_voltage_sensor_drift,2.161798969995353,0.277149723120313,gradual,0.7851811151939005,0.916914114191979,1873548368,postprocessed_sensor_fault
17220.0,287.0,4.783333333333333,1,616.6893093822022,341.86526713848406,-274.8240422437181,89.03339615543068,88.85987374226433,29.561335846217226,29.727298993701424,-9.296739622099507,-9.326862021643345,25.132744885938354,25.084057979893895,25.887828074362684,25.865312688690405,7.9143494080891905,17.093263356924204,2796.6316784621017,2896.226760151685,2894.4185536902955,-0.001979949682094438,0.19949874205236096,0.20639193423308788,22.562677463221174,22.516333081407936,0.0,0.0,0.0,0.0,True,none,1.0,0.0,battery_voltage_sensor_drift,0.277149723120313,0.277149723120313,89,battery_voltage_sensor_drift,2.161798969995353,0.277149723120313,gradual,0.7851811151939005,0.916914114191979,1873548368,postprocessed_sensor_fault
17280.0,288.0,4.8,1,617.1190172933127,338.2442949541506,-278.87472233916213,89.44838830176872,89.14007932257401,29.57793553207075,29.650969308175405,-9.42847150494273,-9.396681683040853,25.140987369934596,25.17015039120957,25.8945498792632,25.80806965922395,8.111685993561363,16.91221474770753,2706.1073738537643,2801.1670670027247,2806.2586609572877,-0.0018820726328891012,0.19705181582222753,0.18411856811724941,22.56014135159038,22.534554849565957,0.0,0.0,0.0,0.0,True,none,1.0,0.0,battery_voltage_sensor_drift,0.277149723120313,0.277149723120313,89,battery_voltage_sensor_drift,2.161798969995353,0.277149723120313,gradual,0.7851811151939005,0.916914114191979,1873548368,postprocessed_sensor_fault
17340.0,289.0,4.816666666666666,1,617.465323072968,335.13710349045215,-282.3282195825158,89.86851958090936,90.05872552317287,29.594740783236375,29.711622725944196,-9.539810524119801,-9.589017344110141,25.149743575004617,25.06661158619479,25.90090719057814,25.83981086011726,8.280638786888552,16.75685517452261,2628.4275872613034,2714.797327132014,2716.2381648995433,-0.0016744794436408194,0.19186198609102048,0.18758907519975682,22.557522497351798,22.620880774967716,0.0,0.0,0.0,0.0,True,none,1.0,0.0,battery_voltage_sensor_drift,0.277149723120313,0.277149723120313,89,battery_voltage_sensor_drift,2.161798969995353,0.277149723120313,gradual,0.7851811151939005,0.916914114191979,1873548368,postprocessed_sensor_fault
17400.0,290.0,4.833333333333333,1,617.7265395542198,332.6794919243112,-285.0470476299086,90.29269673512054,90.64170219340298,29.61170786940482,29.77993559756739,-9.626160331144652,-9.633071381057077,25.158888570280162,25.23271611940484,25.906967882245944,25.90286988669539,8.413037017672233,16.633974596215563,2566.9872981077806,2640.8923126198974,2640.9990127486953,-0.0013662429328623966,0.18415607332155992,0.1843467393066241,22.55482563316095,22.595544454748577,0.0,0.0,0.0,0.0,True,none,1.0,0.0,battery_voltage_sensor_drift,0.277149723120313,0.277149723120313,89,battery_voltage_sensor_drift,2.161798969995353,0.277149723120313,gradual,0.7851811151939005,0.916914114191979,1873548368,postprocessed_sensor_fault
17460.0,291.0,4.85,1,617.9013941166289,330.978869674097,-286.92252444253194,90.71966477744574,90.78993565142895,29.62878659109783,29.775546923024823,-9.68391073189409,-9.702567521112435,25.168276072742024,25.137715289746875,25.912810026155388,25.790442882699725,8.502250165063481,16.54894348370485,2524.471741852424,2582.682027236161,2582.3871347212294,-0.0009708345151577046,0.1742708628789426,0.17628075992693643,22.552059715195682,22.552870138618033,0.0,0.0,0.0,0.0,True,none,1.0,0.0,battery_voltage_sensor_drift,0.277149723120313,0.277149723120313,89,battery_voltage_sensor_drift,2.161798969995353,0.277149723120313,gradual,0.7851811151939005,0.916914114191979,1873548368,postprocessed_sensor_fault
17520.0,292.0,4.866666666666666,1,617.9890348863438,330.1095620926345,-287.8794727937093,91.14805685005543,91.36820570594756,29.645922274002217,29.77806731829501,-9.710592577724025,-9.74332992860444,25.17774524516172,25.187934918325187,25.918518502155408,25.824772915837713,8.543648656843914,16.505478104631727,2502.739052315864,2542.710539776012,2537.7820943205497,-0.0005055354357605887,0.16263838589401472,0.1575752099942465,22.549237558841924,22.654866378722062,0.0,0.0,0.0,0.0,True,none,1.0,0.0,battery_voltage_sensor_drift,0.277149723120313,0.277149723120313,89,battery_voltage_sensor_drift,2.161798969995353,0.277149723120313,gradual,0.7851811151939005,0.916914114191979,1873548368,postprocessed_sensor_fault
17580.0,293.0,4.883333333333334,1,617.9890348863438,330.1095620926345,-287.8794727937093,91.57644892266512,91.32354850565545,29.663057956906606,29.805313777342764,-9.704982986310108,-9.693921702234714,25.1871285589613,25.130750375466423,25.92418131034743,25.95057399933116,8.534935581165493,16.505478104631727,2502.739052315864,2522.724796045938,2522.445040196152,9.318502806635758e-06,0.15023296257016588,0.14217118715986157,22.54637655928842,22.607117687813258,0.0,0.0,0.0,0.0,True,none,1.0,0.0,battery_voltage_sensor_drift,0.277149723120313,0.277149723120313,89,battery_voltage_sensor_drift,2.161798969995353,0.277149723120313,gradual,0.7851811151939005,0.916914114191979,1873548368,postprocessed_sensor_fault
17640.0,294.0,4.9,1,617.9013941166289,330.9788696740969,-286.922524442532,92.00341696499031,92.05790783779065,29.680136678599613,29.802235931636215,-9.667156440334484,-9.638419218483127,25.196260164578707,25.206135215175124,25.92988574683206,25.891769848459177,8.47631309135204,16.548943483704846,2524.471741852423,2523.5982689491807,2521.348752149921,0.0005512257128852536,0.16378064282213134,0.1587198680788502,22.543567373585326,22.712312019317114,0.0,0.0,0.0,0.0,True,none,1.0,0.0,battery_voltage_sensor_drift,0.277149723120313,0.277149723120313,89,battery_voltage_sensor_drift,2.161798969995353,0.277149723120313,gradual,0.7851811151939005,0.916914114191979,1873548368,postprocessed_sensor_fault
17700.0,295.0,4.916666666666667,1,617.7265395542198,332.6794919243112,-285.0470476299086,92.4275941192015,92.24063119780988,29.69710376476806,29.81658986863506,-9.598479699831257,-9.585509880476451,25.204984153604055,25.13189146650562,25.935714610049835,25.936233982121426,8.370465003845819,16.633974596215563,2566.9872981077806,2545.292783528481,2548.5023417777165,0.0010965022490355544,0.17741255622588886,0.17692731270533363,22.540830485136656,22.480945856717682,0.0,0.0,0.0,0.0,True,none,1.0,0.0,battery_voltage_sensor_drift,0.277149723120313,0.277149723120313,89,battery_voltage_sensor_drift,2.161798969995353,0.277149723120313,gradual,0.7851811151939005,0.916914114191979,1873548368,postprocessed_sensor_fault
17760.0,296.0,4.933333333333334,1,617.465323072968,335.1371034904521,-282.3282195825159,92.84772539834213,92.413247969424,29.713909015933687,29.839032939991096,-9.501550921190516,-9.571749081407214,25.213162107324557,25.214444858248267,25.94174260351848,25.99729025404668,8.222357592638108,16.756855174522606,2628.427587261303,2586.860185394892,2584.3801639210324,0.001621316910100646,0.19053292275251615,0.19049635118831934,22.53818405831196,22.604921891914767,0.0,0.0,0.0,0.0,True,none,1.0,0.0,battery_voltage_sensor_drift,0.277149723120313,0.277149723120313,89,battery_voltage_sensor_drift,2.161798969995353,0.277149723120313,gradual,0.7851811151939005,0.916914114191979,1873548368,postprocessed_sensor_fault
17820.0,297.0,4.95,1,617.1190172933127,338.2442949541506,-278.87472233916213,93.26271754468019,93.1105379130146,29.73050870178721,29.846408770192543,-9.38008579457633,-9.35824833334997,25.22067940388424,25.365800833350196,25.94803309218575,26.019200609931126,8.038880761089011,16.91221474770753,2706.107373853764,2646.4837796243282,2654.5374893135913,0.002102732777051822,0.20256831942629555,0.19499599560082487,22.53564311879172,22.487293713219987,0.0,0.0,0.0,0.0,True,none,1.0,0.0,battery_voltage_sensor_drift,0.277149723120313,0.277149723120313,89,battery_voltage_sensor_drift,2.161798969995353,0.277149723120313,gradual,0.7851811151939005,0.916914114191979,1873548368,postprocessed_sensor_fault
17880.0,298.0,4.966666666666667,1,616.6893093822022,341.8652671384839,-274.8240422437183,93.67168189325714,93.652653686887,29.746867275730285,29.920842924864836,-9.238755788847058,-9.17246475844527,25.227449889734523,25.192529881218842,25.95463535416211,25.909120072714646,7.828368682076403,17.093263356924194,2796.6316784620976,2721.557729043213,2725.0082077630227,0.00251970966641366,0.2129927416603415,0.21662524511608075,22.533218861938416,22.54957362612539,0.0,0.0,0.0,0.0,True,none,1.0,0.0,battery_voltage_sensor_drift,0.277149723120313,0.277149723120313,89,battery_voltage_sensor_drift,2.161798969995353,0.277149723120313,gradual,0.7851811151939005,0.916914114191979,1873548368,postprocessed_sensor_fault
17940.0,299.0,4.983333333333333,1,616.1782928333851,345.8417661836447,-270.33652664974034,94.07396839124782,94.09769179443899,29.762958735649914,29.906052269267402,-9.082985634957478,-9.127253463028326,25.233418691208072,25.356611366782538,25.96158244794718,26.060298288954463,7.6000502435875115,17.292088309182237,2896.0441545911185,2808.800941817166,2815.4225843230906,0.0028540236872440176,0.22135059218110043,0.22170537028931825,22.53091812447305,22.56477570314428,0.0,0.0,0.0,0.0,True,none,1.0,0.0,battery_voltage_sensor_drift,0.277149723120313,0.277149723120313,89,battery_voltage_sensor_drift,2.161798969995353,0.277149723120313,gradual,0.7851811151939005,0.916914114191979,1873548368,postprocessed_sensor_fault
18000.0,300.0,5.0,1,615.5884572681198,349.99999999999994,-265.58845726811984,94.46918930980158,94.43595071755718,29.778767572392063,29.905277264483868,-8.918718903409127,-8.912847363397468,25.238563124894963,25.21777960442959,25.9688897883636,26.152821444675457,7.363483750242184,17.499999999999996,2999.9999999999986,2904.4004709085825,2898.649269176598,0.0030910637126159092,0.22727659281539772,0.23168635665171264,22.528743048315786,22.384634295679117,0.0,0.0,0.0,0.0,True,none,1.0,0.0,battery_voltage_sensor_drift,0.277149723120313,0.277149723120313,89,battery_voltage_sensor_drift,2.161798969995353,0.277149723120313,gradual,0.7851811151939005,0.916914114191979,1873548368,postprocessed_sensor_fault
18060.0,301.0,5.016666666666667,1,614.9226763059908,354.15823381635516,-260.7644424896356,94.85723163493495,94.94713064391122,29.7942892653974,29.91709439134992,-8.752161871251051,-8.745005323510698,25.242891836124414,25.316966376076447,25.97655449343833,25.73373574862074,7.128026993646456,17.70791169081776,3103.955845408879,3004.1781581587306,3008.198183826255,0.0032204699559763303,0.23051174889940823,0.23214037947489743,22.52669095676917,22.43278795926929,0.0,0.0,0.0,0.0,True,none,1.0,0.0,battery_voltage_sensor_drift,0.277149723120313,0.277149723120313,89,battery_voltage_sensor_drift,2.161798969995353,0.277149723120313,gradual,0.7851811151939005,0.916914114191979,1873548368,postprocessed_sensor_fault
18120.0,302.0,5.033333333333333,1,614.184193564921,358.1347328615159,-256.0494607034051,95.23825761812455,95.30599307469089,29.80953030472498,29.90900424732905,-8.589516778223768,-8.590599061880217,25.246442431369903,25.32667801808571,25.984555530776973,25.990072730948075,6.90238387867101,17.906736643075796,3203.368321537897,3103.773239848314,3104.122011905109,0.003236586743530341,0.23091466858825851,0.23398206799026816,22.52475445271195,22.47907845151417,0.0,0.0,0.0,0.0,True,none,1.0,0.0,battery_voltage_sensor_drift,0.277149723120313,0.277149723120313,89,battery_voltage_sensor_drift,2.161798969995353,0.277149723120313,gradual,0.7851811151939005,0.916914114191979,1873548368,postprocessed_sensor_fault
18180.0,303.0,5.05,1,613.376606858593,361.75570504584937,-251.62090181274368,95.61269348391733,95.21617500976907,29.824507739356694,29.971130174084692,-8.436716005900825,-8.390061194512416,25.249277957305477,25.264497973350455,25.99285465703534,25.812597238425884,6.694254157137854,18.08778525229247,3293.8926261462343,3198.8329329972744,3207.493683085661,0.0031387096943250115,0.22846774235812528,0.22742581113078225,22.52292173680212,22.629148694514903,0.0,0.0,0.0,0.0,True,none,1.0,0.0,battery_voltage_sensor_drift,0.277149723120313,0.277149723120313,89,battery_voltage_sensor_drift,2.161798969995353,0.277149723120313,gradual,0.7851811151939005,0.916914114191979,1873548368,postprocessed_sensor_fault
18240.0,304.0,5.066666666666666,1,612.503850668262,364.8628965095479,-247.64095415871407,95.98120680855826,96.06378373811502,29.83924827234233,29.9918314036272,-8.299168661974964,-8.33666294489508,25.25148260968962,25.453875861796558,26.001398109430014,26.14742011269887,6.510096038392585,18.243144825477398,3371.572412738698,3285.202672867986,3282.543391670975,0.002931116505076772,0.22327791262691932,0.2216594653299439,22.521177131710086,22.421086851111326,0.0,0.0,0.0,0.0,True,none,1.0,0.0,battery_voltage_sensor_drift,0.277149723120313,0.277149723120313,89,battery_voltage_sensor_drift,2.161798969995353,0.277149723120313,gradual,0.7851811151939005,0.916914114191979,1873548368,postprocessed_sensor_fault
18300.0,305.0,5.083333333333333,1,611.5701769743577,367.32050807568874,-244.24966889866892,96.3446735777527,96.55282357718353,29.85378694311011,29.983838548716285,-8.181530516182598,-8.17876355153976,25.253157031788078,25.266544345831676,26.010118975362143,25.944134220289065,6.354995326978167,18.366025403784437,3433.0127018922185,3359.1076873801026,3368.8566177353573,0.0026228799942983067,0.21557199985745767,0.21243672851788398,22.5195017870483,22.484014699861948,0.0,0.0,0.0,0.0,True,none,1.0,0.0,battery_voltage_sensor_drift,0.277149723120313,0.277149723120313,89,battery_voltage_sensor_drift,2.161798969995353,0.277149723120313,gradual,0.7851811151939005,0.916914114191979,1873548368,postprocessed_sensor_fault
18360.0,306.0,5.1,1,610.5801345412646,369.021130325903,-241.55900421536154,96.70413638164462,96.99577497915637,29.868165455265785,30.03215135322436,-8.087507234990706,-8.030182919730255,25.25441349580429,25.352062083669963,26.018940136591837,25.863443207837616,6.232621862082161,18.45105651629515,3475.5282581475753,3417.317972763839,3409.3624492232275,0.002227471576593615,0.20568678941484037,0.2089667031516808,22.517874529835343,22.442035189587617,0.0,0.0,0.0,0.0,True,none,1.0,0.0,battery_voltage_sensor_drift,0.277149723120313,0.277149723120313,89,battery_voltage_sensor_drift,2.161798969995353,0.277149723120313,gradual,0.7851811151939005,0.916914114191979,1873548368,postprocessed_sensor_fault
18420.0,307.0,5.116666666666666,1,609.5385467561977,369.8904379073655,-239.64810884883218,97.0607555912411,96.84248008113576,29.882430223649642,30.030830657167794,-8.019699437268967,-8.013270489800584,25.255371169246565,25.411903932615868,26.02777765928984,25.884869064674522,6.145246325130574,18.494521895368276,3497.260947684137,3457.2894602239876,3457.0694519262647,0.0017621724971965272,0.19405431242991317,0.18106097532524096,22.51627281779323,22.491465000534422,0.0,0.0,0.0,0.0,True,none,1.0,0.0,battery_voltage_sensor_drift,0.277149723120313,0.277149723120313,89,battery_voltage_sensor_drift,2.161798969995353,0.277149723120313,gradual,0.7851811151939005,0.916914114191979,1873548368,postprocessed_sensor_fault
18480.0,308.0,5.133333333333334,1,608.450488130146,369.8904379073655,-238.56005022278055,97.41575566597737,97.29548639164096,29.896630226639097,30.001070044699155,-7.979496298222064,-7.977767633529399,25.25615157187731,25.349600312183156,26.036544481806256,25.87559790000023,6.09378889386717,18.494521895368276,3497.260947684137,3477.2752039540624,3477.7224350490615,0.001247318558629296,0.18118296396573239,0.17601814979899874,22.514673748060353,22.435398633555142,0.0,0.0,0.0,0.0,True,none,1.0,0.0,battery_voltage_sensor_drift,0.277149723120313,0.277149723120313,89,battery_voltage_sensor_drift,2.161798969995353,0.277149723120313,gradual,0.7851811151939005,0.916914114191979,1873548368,postprocessed_sensor_fault
18540.0,309.0,5.15,1,607.3212595753644,369.02113032590313,-238.30012924946124,97.77036895355099,97.77612498128127,29.91081475814204,30.031266710967607,-7.967022335444521,-7.956773106756523,25.25687424775097,25.288468479041068,26.045154238984395,26.006772349667227,6.07787559147775,18.451056516295157,3475.5282581475776,3476.40173105082,3466.617440759961,0.0007054113485506708,0.16763528371376676,0.17184506556128928,22.513055072253405,22.375237281721173,0.0,0.0,0.0,0.0,True,none,1.0,0.0,battery_voltage_sensor_drift,0.277149723120313,0.277149723120313,89,battery_voltage_sensor_drift,2.161798969995353,0.277149723120313,gradual,0.7851811151939005,0.916914114191979,1873548368,postprocessed_sensor_fault
18600.0,310.0,5.166666666666667,1,606.156362579862,367.32050807568885,-238.8358545041732,98.12577945132504,98.31716928613363,29.925031178053,30.016750961870933,-7.9811397048546855,-7.991805838225112,25.257652626528042,25.245718183036217,26.05352505588009,26.130191391704315,6.095887279072635,18.366025403784445,3433.0127018922203,3454.7072164715205,3449.7345646694553,0.00016013481240036295,0.15400337031000907,0.15129499373652003,22.511396170168002,22.429728083355545,0.0,0.0,0.0,0.0,True,none,1.0,0.0,battery_voltage_sensor_drift,0.277149723120313,0.277149723120313,89,battery_voltage_sensor_drift,2.161798969995353,0.277149723120313,gradual,0.7851811151939005,0.916914114191979,1873548368,postprocessed_sensor_fault
18660.0,311.0,5.183333333333334,1,604.961472404706,364.8628965095479,-240.0985758951581,98.4830689987881,98.508721407709,29.939322759951523,30.120944897079692,-8.019505912683071,-7.972315009268107,25.25859003745782,25.31513862629994,26.061583145084004,25.971678013196946,6.144998006684699,18.243144825477398,3371.5724127386984,3413.139814605109,3413.626063715173,-0.0003646798486647213,0.15911699621661804,0.16379850929297093,22.5097281702078,22.625646747178664,0.0,0.0,0.0,0.0,True,none,1.0,0.0,battery_voltage_sensor_drift,0.277149723120313,0.277149723120313,89,battery_voltage_sensor_drift,2.161798969995353,0.277149723120313,gradual,0.7851811151939005,0.916914114191979,1873548368,postprocessed_sensor_fault
18720.0,312.0,5.2,1,603.7424104347197,361.7557050458495,-241.98670538887018,98.84316826275963,98.98303117169566,29.953726730510386,30.08211806974526,-8.07868441766835,-8.115759736530197,25.259775868411815,25.223588346331216,26.069266050427917,26.095086185673814,6.221211353622193,18.087785252292473,3293.8926261462375,3353.5162203756736,3355.2874274095516,-0.0008460957156159045,0.1711523928903976,0.17350030209438314,22.508051641984054,22.58055832944358,0.0,0.0,0.0,0.0,True,none,1.0,0.0,battery_voltage_sensor_drift,0.277149723120313,0.277149723120313,89,battery_voltage_sensor_drift,2.161798969995353,0.277149723120313,gradual,0.7851811151939005,0.916914114191979,1873548368,postprocessed_sensor_fault
18780.0,313.0,5.216666666666667,1,602.5051158172813,358.13473286151606,-244.37038295576525,99.20681466596761,99.35540840068063,29.968272586638705,30.11192146510748,-8.154303263536027,-8.169538395061991,25.261281922991667,25.31350699853421,26.076525395310647,26.2168940718474,6.3194129370971455,17.906736643075803,3203.3683215379006,3278.442270956787,3285.716056710485,-0.0012630726049777854,0.18157681512444462,0.1838579436390101,22.506346477323657,22.59279961572537,0.0,0.0,0.0,0.0,True,none,1.0,0.0,battery_voltage_sensor_drift,0.277149723120313,0.277149723120313,89,battery_voltage_sensor_drift,2.161798969995353,0.277149723120313,gradual,0.7851811151939005,0.916914114191979,1873548368,postprocessed_sensor_fault
18840.0,314.0,5.233333333333333,1,601.2556165273943,354.15823381635516,-247.09738271103913,99.5745191045257,99.50362837567471,29.98298076418103,30.12270965248263,-8.24125475230376,-8.229557520964228,25.26315910609168,25.32581404670009,26.083329015529795,26.12037126077592,6.433462391389545,17.70791169081776,3103.9558454088797,3191.199058182833,3195.746895432913,-0.0015973866258081285,0.1899346656452032,0.18878332409937096,22.504594511988795,22.519098235592594,0.0,0.0,0.0,0.0,True,none,1.0,0.0,battery_voltage_sensor_drift,0.277149723120313,0.277149723120313,89,battery_voltage_sensor_drift,2.161798969995353,0.277149723120313,gradual,0.7851811151939005,0.916914114191979,1873548368,postprocessed_sensor_fault
18900.0,315.0,5.25,1,600.0,350.0,-250.0,99.94654291404952,99.81936339860201,29.99786171656198,30.18648931504276,-8.333927343293727,-8.382028599403798,25.265434643445346,25.217295475116355,26.089662383405557,25.952327381938225,6.556347597063907,17.5,2999.9999999999995,3095.5995290914166,3087.7849721140456,-0.0018344266511799994,0.19586066627949997,0.19666002958513223,22.502780282543664,22.53161406155768,0.0,0.0,0.0,0.0,True,none,1.0,0.0,battery_voltage_sensor_drift,0.277149723120313,0.277149723120313,89,battery_voltage_sensor_drift,2.161798969995353,0.277149723120313,gradual,0.7851811151939005,0.916914114191979,1873548368,postprocessed_sensor_fault
18960.0,316.0,5.266666666666667,1,598.7443834726058,345.8417661836448,-252.90261728896104,100.0,100.0,30.0,30.15378208313148,-8.430087242965367,-8.432432092225985,25.26812640116441,25.2395045963466,26.095529260956678,26.145067994727523,6.685309673920594,17.29208830918224,2896.0441545911194,2995.821841841268,3003.4896638489404,-0.0019638328945404135,0.19909582236351034,0.19927777699185914,22.500891672337747,22.420324438171605,0.0,0.0,0.0,0.0,True,none,1.0,0.0,battery_voltage_sensor_drift,0.277149723120313,0.277149723120313,89,battery_voltage_sensor_drift,2.161798969995353,0.277149723120313,gradual,0.7851811151939005,0.916914114191979,1873548368,postprocessed_sensor_fault
19020.0,317.0,5.283333333333333,1,597.4948841827189,341.86526713848417,-255.62961704423475,100.0,99.82872003457167,30.0,30.087636135020052,-8.520987234807825,-8.564794807159492,25.271212902345624,25.244193010849102,26.100951553582874,26.095691181153107,6.808577876460633,17.093263356924208,2796.631678462105,2896.226760151687,2901.0679981504386,-0.001979949682094374,0.19949874205235935,0.20287861651639444,22.498920422629677,22.41681870811522,0.0,0.0,0.0,0.0,True,none,1.0,0.0,battery_voltage_sensor_drift,0.277149723120313,0.277149723120313,89,battery_voltage_sensor_drift,2.161798969995353,0.277149723120313,gradual,0.7851811151939005,0.916914114191979,1873548368,postprocessed_sensor_fault
19080.0,318.0,5.3,1,596.2575895652803,338.24429495415046,-258.0132946111299,100.0,100.0,30.0,30.102307640506215,-8.60044315370433,-8.570837226285361,25.274643657582242,25.067293611379547,26.105968370649627,26.02560146951467,6.917409795207974,16.912214747707523,2706.1073738537616,2801.1670670027247,2802.8034252895563,-0.0018820726328891576,0.19705181582222894,0.19026629819910115,22.49686248880332,22.483682951236467,0.0,0.0,0.0,0.0,True,none,1.0,0.0,battery_voltage_sensor_drift,0.277149723120313,0.277149723120313,89,battery_voltage_sensor_drift,2.161798969995353,0.277149723120313,gradual,0.7851811151939005,0.916914114191979,1873548368,postprocessed_sensor_fault
19140.0,319.0,5.316666666666666,1,595.038527595294,335.13710349045203,-259.90142410484196,100.0,99.99618462074343,30.0,30.170961909661607,-8.663380803494732,-8.663232243680017,25.27834357348911,25.376771012765257,26.110634334033474,26.2892427948772,7.004333355708883,16.756855174522602,2628.427587261301,2714.7973271320125,2720.4790432606037,-0.001674479443640848,0.1918619860910212,0.19949456986429043,22.49471822603564,22.384404756028758,0.0,0.0,0.0,0.0,True,none,1.0,0.0,battery_voltage_sensor_drift,0.277149723120313,0.277149723120313,89,battery_voltage_sensor_drift,2.161798969995353,0.277149723120313,gradual,0.7851811151939005,0.916914114191979,1873548368,postprocessed_sensor_fault
19200.0,320.0,5.333333333333333,1,593.843637420138,332.6794919243113,-261.16414549582663,100.0,100.0,30.0,30.139230017442294,-8.705471516527554,-8.726810511459403,25.282216241201528,25.26911410381784,26.11501720855364,26.090698559804487,7.062818746005804,16.633974596215566,2566.9872981077824,2640.8923126198974,2641.263160740356,-0.0013662429328623609,0.184156073321559,0.17713051263373047,22.49249239387966,22.41523558695323,0.0,0.0,0.0,0.0,True,none,1.0,0.0,battery_voltage_sensor_drift,0.277149723120313,0.277149723120313,89,battery_voltage_sensor_drift,2.161798969995353,0.277149723120313,gradual,0.7851811151939005,0.916914114191979,1873548368,postprocessed_sensor_fault
19260.0,321.0,5.35,1,592.6787404246356,330.978869674097,-261.69987075053865,100.0,99.73013092430006,30.0,30.12380063203671,-8.723329025017955,-8.684163887643493,25.28614866889531,25.447065641704796,26.11919495785262,26.109634556992724,7.087717542297658,16.54894348370485,2524.471741852424,2582.682027236161,2586.1526337100117,-0.0009708345151577046,0.1742708628789426,0.17728001257771264,22.490193975209003,22.62164949935128,0.0,0.0,0.0,0.0,True,none,1.0,0.0,battery_voltage_sensor_drift,0.277149723120313,0.277149723120313,89,battery_voltage_sensor_drift,2.161798969995353,0.277149723120313,gradual,0.7851811151939005,0.916914114191979,1873548368,postprocessed_sensor_fault
19320.0,322.0,5.366666666666666,1,591.549511869854,330.1095620926345,-261.43994977721945,100.0,100.0,30.0,30.13133095105678,-8.714664992573981,-8.700904491671377,25.290017213130685,25.232671273251334,26.123252354399064,26.004713592627294,7.075630874623557,16.505478104631727,2502.739052315864,2542.710539776012,2541.0024343814357,-0.0005055354357605887,0.16263838589401472,0.15046852197801064,22.487835811905146,22.38117968954208,0.0,0.0,0.0,0.0,True,none,1.0,0.0,battery_voltage_sensor_drift,0.277149723120313,0.277149723120313,89,battery_voltage_sensor_drift,2.161798969995353,0.277149723120313,gradual,0.7851811151939005,0.916914114191979,1873548368,postprocessed_sensor_fault
19380.0,323.0,5.383333333333334,1,590.4614532438022,330.1095620926345,-260.3518911511677,100.0,100.0,30.0,30.185378050578013,-8.67839637170559,-8.64218289916856,25.29369432680775,25.293442187246665,26.127277291773133,26.260427310043053,7.02516508675462,16.505478104631727,2502.7390523158633,2522.724796045938,2520.0438741033054,9.318502806628603e-06,0.15023296257016572,0.15187547255822062,22.485435325453665,22.591749957630856,0.0,0.0,0.0,0.0,True,none,1.0,0.0,battery_voltage_sensor_drift,0.277149723120313,0.277149723120313,89,battery_voltage_sensor_drift,2.161798969995353,0.277149723120313,gradual,0.7851811151939005,0.916914114191979,1873548368,postprocessed_sensor_fault
19440.0,324.0,5.4,1,589.4198654587356,330.9788696740969,-258.44099578463863,100.0,99.68872904584798,30.0,30.1212843892726,-8.614699859487954,-8.595152832009367,25.29705564182532,25.232049474530275,26.131356960406357,26.030822726408566,6.937044293524942,16.548943483704846,2524.471741852423,2523.5982689491807,2513.7892656741815,0.0005512257128852536,0.16378064282213134,0.1595984601981331,22.48308319900433,22.37516414849347,0.0,0.0,0.0,0.0,True,none,1.0,0.0,battery_voltage_sensor_drift,0.277149723120313,0.277149723120313,89,battery_voltage_sensor_drift,2.161798969995353,0.277149723120313,gradual,0.7851811151939005,0.916914114191979,1873548368,postprocessed_sensor_fault
19500.0,325.0,5.416666666666667,1,588.4298230256422,332.6794919243112,-255.75033110133103,100.0,99.89143632726534,30.0,30.139679662841402,-8.525011036711033,-8.537235401609111,25.299986858154647,25.171664378858022,26.135574053915537,26.179312560402337,6.814065054083594,16.633974596215563,2566.98729810778,2545.2927835284804,2549.690687025331,0.0010965022490355475,0.1774125562258887,0.17326934757748974,22.480799941865016,22.483228878434762,0.0,0.0,0.0,0.0,True,none,1.0,0.0,battery_voltage_sensor_drift,0.277149723120313,0.277149723120313,89,battery_voltage_sensor_drift,2.161798969995353,0.277149723120313,gradual,0.7851811151939005,0.916914114191979,1873548368,postprocessed_sensor_fault
19560.0,326.0,5.433333333333334,0,0.0,335.1371034904521,335.1371034904521,99.50128407218682,99.17845389235073,29.980051362887473,30.119133156203233,11.178670090783127,11.179102412551813,25.298843647672005,25.289389341353928,26.12400317183326,26.14029503213567,10.99701319988554,16.756855174522606,2628.427587261303,2586.860185394892,2588.7223531451746,0.001621316910100653,0.19053292275251632,0.1869494064853794,22.478603744114857,22.42223016785398,0.0,0.0,0.0,0.0,True,none,1.0,0.0,battery_voltage_sensor_drift,0.277149723120313,0.277149723120313,89,battery_voltage_sensor_drift,2.161798969995353,0.277149723120313,gradual,0.7851811151939005,0.916914114191979,1873548368,postprocessed_sensor_fault
19620.0,327.0,5.45,0,0.0,338.2442949541506,338.2442949541506,98.99794434755268,99.19801932622919,29.959917773902106,30.105550229733748,11.289893967893097,11.297814233285212,25.29837370733431,25.29826732929733,26.11283557595401,25.922341490233357,11.196936464501514,16.91221474770753,2706.107373853764,2646.4837796243282,2644.2973704612427,0.002102732777051822,0.20256831942629555,0.2068518862086504,22.476509656951098,22.591424602042846,0.0,0.0,0.0,0.0,True,none,1.0,0.0,battery_voltage_sensor_drift,0.277149723120313,0.277149723120313,89,battery_voltage_sensor_drift,2.161798969995353,0.277149723120313,gradual,0.7851811151939005,0.916914114191979,1873548368,postprocessed_sensor_fault
19680.0,328.0,5.466666666666667,0,0.0,341.8652671384838,341.8652671384838,98.48921627145373,98.73889952237697,29.93956865085815,30.11092628758938,11.418510103641223,11.441797946846743,25.29868543122016,25.310818379116654,26.102119418060227,26.258210963651155,11.430589838956534,17.09326335692419,2796.6316784620944,2721.5577290432116,2721.134228672226,0.0025197096664136176,0.21299274166034043,0.21862153814500998,22.474528901061596,22.379852298703,0.0,0.0,0.0,0.0,True,none,1.0,0.0,battery_voltage_sensor_drift,0.277149723120313,0.277149723120313,89,battery_voltage_sensor_drift,2.161798969995353,0.277149723120313,gradual,0.7851811151939005,0.916914114191979,1873548368,postprocessed_sensor_fault
19740.0,329.0,5.483333333333333,0,0.0,345.8417661836449,345.8417661836449,97.9745707860614,98.1241987593191,29.918982831442456,30.08763921142406,11.559275531927272,11.544739831273056,25.299857812185643,25.32924939350453,26.09188663933411,25.89684119615083,11.689348065841001,17.292088309182244,2896.0441545911217,2808.8009418171673,2804.7308000271073,0.0028540236872440883,0.2213505921811022,0.22176880415811423,22.472668338302807,22.480869058152813,0.0,0.0,0.0,0.0,True,none,1.0,0.0,battery_voltage_sensor_drift,0.277149723120313,0.277149723120313,89,battery_voltage_sensor_drift,2.161798969995353,0.277149723120313,gradual,0.7851811151939005,0.916914114191979,1873548368,postprocessed_sensor_fault
19800.0,330.0,5.5,0,0.0,350.0000000000001,350.0000000000001,97.45373745272806,97.40303358012008,29.898149498109124,30.033321983168648,11.706410124885338,11.711604055274103,25.301936008782402,25.321370273961584,26.082151546219436,26.082102145630497,11.963203040961437,17.500000000000007,3000.0000000000023,2904.4004709085843,2902.592271751378,0.003091063712615938,0.22727659281539844,0.23257014013635433,22.470930135541817,22.538811340495727,0.0,0.0,0.0,0.0,True,none,1.0,0.0,battery_voltage_sensor_drift,0.277149723120313,0.277149723120313,89,battery_voltage_sensor_drift,2.161798969995353,0.277149723120313,gradual,0.7851811151939005,0.916914114191979,1873548368,postprocessed_sensor_fault
19860.0,331.0,5.516666666666667,0,0.0,354.158233816355,354.158233816355,96.92671627145373,97.46996066951714,29.87706865085815,30.00129139547643,11.853848111909151,11.848253009356082,25.3049280500791,25.366309056281274,26.072910157231316,26.28665035370033,12.241097204816972,17.70791169081775,3103.9558454088756,3004.1781581587297,3005.0410799766087,0.0032204699559762523,0.2305117488994063,0.23108227539978857,22.469311640841003,22.450986659711518,0.0,0.0,0.0,0.0,True,none,1.0,0.0,battery_voltage_sensor_drift,0.277149723120313,0.277149723120313,89,battery_voltage_sensor_drift,2.161798969995353,0.277149723120313,gradual,0.7851811151939005,0.916914114191979,1873548368,postprocessed_sensor_fault
19920.0,332.0,5.533333333333333,0,0.0,358.1347328615159,358.1347328615159,96.39377768088599,96.46731639234916,29.85575110723544,29.983404308268238,11.995502359835895,12.016981487431751,25.308803035609245,25.282919496047423,26.064140349259617,25.944838760735408,12.511366149186282,17.906736643075796,3203.368321537897,3103.773239848313,3104.026508835053,0.003236586743530355,0.23091466858825888,0.23263798463738164,22.467805481653244,22.537742930607084,0.0,0.0,0.0,0.0,True,none,1.0,0.0,battery_voltage_sensor_drift,0.277149723120313,0.277149723120313,89,battery_voltage_sensor_drift,2.161798969995353,0.277149723120313,gradual,0.7851811151939005,0.916914114191979,1873548368,postprocessed_sensor_fault
19980.0,333.0,5.55,0,0.0,361.75570504584937,361.75570504584937,95.85545073885348,95.53217832747772,29.83421802955414,29.98859382237689,12.125529976602362,12.053769890523997,25.313491144652517,25.237269849443646,26.055802796970124,26.066526441190263,12.762278177078597,18.08778525229247,3293.892626146234,3198.8329329972735,3198.5664753587007,0.003138709694325018,0.22846774235812545,0.22832845181478728,22.466399883026355,22.51241956099611,0.0,0.0,0.0,0.0,True,none,1.0,0.0,battery_voltage_sensor_drift,0.277149723120313,0.277149723120313,89,battery_voltage_sensor_drift,2.161798969995353,0.277149723120313,gradual,0.7851811151939005,0.916914114191979,1873548368,postprocessed_sensor_fault
20040.0,334.0,5.566666666666666,0,0.0,364.8628965095478,364.8628965095478,95.31249999999997,95.34397733784854,29.8125,29.929088683205855,12.238587723590701,12.213499318619428,25.31888567230941,25.478843638975057,26.047842664245316,25.98742373986241,12.982642357442002,18.24314482547739,3371.572412738695,3285.2026728679843,3275.0853411881835,0.002931116505076736,0.2232779126269184,0.23205526530532186,22.46507919183764,22.371336152431763,0.0,0.0,0.0,0.0,True,none,1.0,0.0,battery_voltage_sensor_drift,0.277149723120313,0.277149723120313,89,battery_voltage_sensor_drift,2.161798969995353,0.277149723120313,gradual,0.7851811151939005,0.916914114191979,1873548368,postprocessed_sensor_fault
20100.0,335.0,5.583333333333333,0,0.0,367.32050807568874,367.32050807568874,94.76589210107781,94.63857947725084,29.790635684043114,29.970299439958612,12.33006613123191,12.265733150735494,25.324847166489032,25.475547174614913,26.04019197373892,25.93549922408644,13.162442464044178,18.366025403784437,3433.0127018922185,3359.107687380101,3362.5244634777064,0.0026228799942983275,0.21557199985745817,0.21662722666136783,22.463824581724896,22.535872053019038,0.0,0.0,0.0,0.0,True,none,1.0,0.0,battery_voltage_sensor_drift,0.277149723120313,0.277149723120313,89,battery_voltage_sensor_drift,2.161798969995353,0.277149723120313,gradual,0.7851811151939005,0.916914114191979,1873548368,postprocessed_sensor_fault
20160.0,336.0,5.6,0,0.0,369.0211303259031,369.0211303259031,94.21675351428333,94.25821626603381,29.768670140571334,29.903405067461396,12.396292094451642,12.389531707250772,25.331209565541023,25.311773018560697,26.0327725509816,26.083159782407314,13.293444615277142,18.451056516295154,3475.5282581475763,3417.3179727638394,3416.211696033449,0.00222747157659365,0.20568678941484125,0.2041700878379076,22.462614903551867,22.514721851292762,0.0,0.0,0.0,0.0,True,none,1.0,0.0,battery_voltage_sensor_drift,0.277149723120313,0.277149723120313,89,battery_voltage_sensor_drift,2.161798969995353,0.277149723120313,gradual,0.7851811151939005,0.916914114191979,1873548368,postprocessed_sensor_fault
20220.0,337.0,5.616666666666666,0,0.0,369.8904379073655,369.8904379073655,93.6663213150164,93.8014034994917,29.746652852600654,29.864902223279998,12.434691047097997,12.445782975069289,25.337788052530918,25.363993134829986,26.025499414364486,25.868626118980565,13.369723314942329,18.494521895368276,3497.2609476841367,3457.2894602239876,3451.2505106245394,0.0017621724971965131,0.19405431242991283,0.18929407755569114,22.46142763870688,22.609816097382986,0.0,0.0,0.0,0.0,True,none,1.0,0.0,battery_voltage_sensor_drift,0.277149723120313,0.277149723120313,89,battery_voltage_sensor_drift,2.161798969995353,0.277149723120313,gradual,0.7851811151939005,0.916914114191979,1873548368,postprocessed_sensor_fault
20280.0,338.0,5.633333333333334,0,0.0,369.8904379073655,369.8904379073655,93.11588911574948,93.35610677976217,29.724635564629978,29.861621681608206,12.443901527509611,12.492704773204142,25.344388173609428,25.447819268985093,26.018284462840306,26.017101720961254,13.388054818108483,18.494521895368276,3497.2609476841367,3477.2752039540624,3476.8759203005707,0.0012473185586292885,0.18118296396573222,0.17400494752524978,22.460239907817154,22.374025599533073,0.0,0.0,0.0,0.0,True,none,1.0,0.0,battery_voltage_sensor_drift,0.277149723120313,0.277149723120313,89,battery_voltage_sensor_drift,2.161798969995353,0.277149723120313,gradual,0.7851811151939005,0.916914114191979,1873548368,postprocessed_sensor_fault
20340.0,339.0,5.65,0,0.0,369.0211303259031,369.0211303259031,92.56675052895498,92.33235085289971,29.702670021158198,29.8146730136079,12.42383698378082,12.455264044836381,25.350815638007653,25.309890446527596,26.011040300170173,25.938692790007153,13.348138031964808,18.451056516295154,3475.5282581475767,3476.4017310508193,3474.0759957624928,0.0007054113485506565,0.1676352837137664,0.1731117277821292,22.45902948581203,22.43085983529141,0.0,0.0,0.0,0.0,True,none,1.0,0.0,battery_voltage_sensor_drift,0.277149723120313,0.277149723120313,89,battery_voltage_sensor_drift,2.161798969995353,0.277149723120313,gradual,0.7851811151939005,0.916914114191979,1873548368,postprocessed_sensor_fault
20400.0,340.0,5.666666666666667,0,0.0,367.32050807568874,367.32050807568874,92.02014263003282,92.25100038407653,29.680805705201312,29.824185686780435,12.375691944619916,12.410203534726195,25.35688614447511,25.24733843864729,26.00368402857638,26.042330325221037,13.252620088650424,18.366025403784437,3433.012701892219,3454.7072164715196,3453.086290220448,0.00016013481240035557,0.15400337031000888,0.15592391267815506,22.45777577562494,22.34902012326132,0.0,0.0,0.0,0.0,True,none,1.0,0.0,battery_voltage_sensor_drift,0.277149723120313,0.277149723120313,89,battery_voltage_sensor_drift,2.161798969995353,0.277149723120313,gradual,0.7851811151939005,0.916914114191979,1873548368,postprocessed_sensor_fault
20460.0,341.0,5.683333333333334,0,0.0,364.86289650954785,364.86289650954785,91.47719189117932,91.4670091628281,29.65908767564717,29.77162298134308,12.30189210469659,12.299229533395055,25.362434574103084,25.483169093250652,25.996140845998724,26.12590662937085,13.106923948447703,18.243144825477394,3371.572412738696,3413.1398146051074,3412.6505810101826,-0.000364679848664743,0.15911699621661857,0.16375522082294944,22.45650992862381,22.49147347234686,0.0,0.0,0.0,0.0,True,none,1.0,0.0,battery_voltage_sensor_drift,0.277149723120313,0.277149723120313,89,battery_voltage_sensor_drift,2.161798969995353,0.277149723120313,gradual,0.7851811151939005,0.916914114191979,1873548368,postprocessed_sensor_fault
20520.0,342.0,5.7,0,0.0,361.7557050458496,361.7557050458496,90.9388649491468,90.93865964612597,29.637554597965874,29.800555303961772,12.20599033736333,12.19518507126164,25.367322953356013,25.45767153891555,25.98834728973532,25.836035841079198,12.918896009264559,18.08778525229248,3293.8926261462407,3353.5162203756745,3349.6613839918527,-0.0008460957156158409,0.17115239289039602,0.16484361863825403,22.45523253721194,22.447911322232198,0.0,0.0,0.0,0.0,True,none,1.0,0.0,battery_voltage_sensor_drift,0.277149723120313,0.277149723120313,89,battery_voltage_sensor_drift,2.161798969995353,0.277149723120313,gradual,0.7851811151939005,0.916914114191979,1873548368,postprocessed_sensor_fault
20580.0,343.0,5.716666666666667,0,0.0,358.13473286151617,358.13473286151617,90.40592635857907,90.36069224970463,29.616237054343163,29.795170970794782,12.09251304290855,12.046234151173062,25.371446714753986,25.31112940270456,25.980253984703587,26.073937703833728,12.698309735433073,17.90673664307581,3203.368321537904,3278.4422709567893,3271.6949479925265,-0.0012630726049777494,0.18157681512444374,0.1846340675616772,22.453923515837335,22.34273992521763,0.0,0.0,0.0,0.0,True,none,1.0,0.0,battery_voltage_sensor_drift,0.277149723120313,0.277149723120313,89,battery_voltage_sensor_drift,2.161798969995353,0.277149723120313,gradual,0.7851811151939005,0.916914114191979,1873548368,postprocessed_sensor_fault
20640.0,344.0,5.733333333333333,0,0.0,354.15823381635533,354.15823381635533,89.87890517730473,89.98896555570343,29.595156207092188,29.73802871342995,11.966763457443243,11.967145509781778,25.3747389485045,25.30564691548586,25.971827776207594,25.691662114804487,12.456274211711916,17.707911690817767,3103.9558454088833,3191.1990581828363,3190.8657886221317,-0.001597386625808114,0.18993466564520284,0.1847572826807494,22.45256472271362,22.3712141692936,0.0,0.0,0.0,0.0,True,none,1.0,0.0,battery_voltage_sensor_drift,0.277149723120313,0.277149723120313,89,battery_voltage_sensor_drift,2.161798969995353,0.277149723120313,gradual,0.7851811151939005,0.916914114191979,1873548368,postprocessed_sensor_fault
20700.0,345.0,5.75,0,0.0,350.0000000000001,350.0000000000001,89.3580718439714,89.3382914098958,29.574322873758856,29.72696271812498,11.834590482223797,11.848744781430408,25.377172523315323,25.380043817404268,25.963053153997933,26.069437859030703,12.204602550555366,17.500000000000007,3000.000000000003,3095.59952909142,3101.480070994416,-0.0018344266511799916,0.19586066627949977,0.1986950753249883,22.45114071668805,22.523016336209153,0.0,0.0,0.0,0.0,True,none,1.0,0.0,battery_voltage_sensor_drift,0.277149723120313,0.277149723120313,89,battery_voltage_sensor_drift,2.161798969995353,0.277149723120313,gradual,0.7851811151939005,0.916914114191979,1873548368,postprocessed_sensor_fault
20760.0,346.0,5.766666666666667,0,0.0,345.8417661836449,345.8417661836449,88.84342635857907,88.94846198210065,29.553737054343163,29.686940821797844,11.702133153168209,11.685768778021735,25.378760133597957,25.40409780396586,25.953932905384313,25.83805611701699,11.955193626758282,17.292088309182244,2896.044154591123,2995.8218418412716,2991.100972591162,-0.0019638328945404127,0.1990958223635103,0.20299682262713495,22.44963940322605,22.39449595953113,0.0,0.0,0.0,0.0,True,none,1.0,0.0,battery_voltage_sensor_drift,0.277149723120313,0.277149723120313,89,battery_voltage_sensor_drift,2.161798969995353,0.277149723120313,gradual,0.7851811151939005,0.916914114191979,1873548368,postprocessed_sensor_fault
20820.0,347.0,5.783333333333333,0,0.0,341.86526713848406,341.86526713848406,88.33469828248013,88.50573185017134,29.533387931299206,29.710193600745335,11.575551979804473,11.589928254306699,25.379552480432945,25.476212077225252,25.944487968855086,25.854325971488375,11.719472290972421,17.093263356924204,2796.6316784621017,2896.226760151687,2892.1964996838883,-0.0019799496820944724,0.1994987420523618,0.20476131472979814,22.448052545536317,22.644780789346775,0.0,0.0,0.0,0.0,True,none,1.0,0.0,battery_voltage_sensor_drift,0.277149723120313,0.277149723120313,89,battery_voltage_sensor_drift,2.161798969995353,0.277149723120313,gradual,0.7851811151939005,0.916914114191979,1873548368,postprocessed_sensor_fault
20880.0,348.0,5.8,0,0.0,338.2442949541506,338.2442949541506,87.83135855784599,87.98000930698167,29.51325434231384,29.565173389198495,11.46075898750352,11.453224450549142,25.37963489796892,25.347715839141443,25.93475649459966,26.06344759794204,11.507919725571414,16.91221474770753,2706.107373853765,2801.1670670027256,2800.714066956933,-0.001882072632889122,0.19705181582222803,0.19563159748685185,22.446376120788162,22.505930411960705,0.0,0.0,0.0,0.0,True,none,1.0,0.0,battery_voltage_sensor_drift,0.277149723120313,0.277149723120313,89,battery_voltage_sensor_drift,2.161798969995353,0.277149723120313,gradual,0.7851811151939005,0.916914114191979,1873548368,postprocessed_sensor_fault
20940.0,349.0,5.816666666666666,0,0.0,335.13710349045215,335.13710349045215,87.33264263003281,87.39917349109291,29.493305705201312,29.66608025826692,11.363158366861155,11.364384435088233,25.379122786733205,25.17999228689495,25.92479215299191,25.901438504092678,11.329709445629335,16.75685517452261,2628.4275872613034,2714.7973271320143,2718.3618635505863,-0.0016744794436408337,0.19186198609102084,0.18786069930252075,22.444610505780595,22.468752565075118,0.0,0.0,0.0,0.0,True,none,1.0,0.0,battery_voltage_sensor_drift,0.277149723120313,0.277149723120313,89,battery_voltage_sensor_drift,2.161798969995353,0.277149723120313,gradual,0.7851811151939005,0.916914114191979,1873548368,postprocessed_sensor_fault
21000.0,350.0,5.833333333333333,0,0.0,332.6794919243112,332.6794919243112,86.8375838622883,86.80382538887432,29.473503354491534,29.60323065099389,11.287409166227041,11.30848473397921,25.378156211529028,25.341311566294138,25.914661764960403,25.89759050078909,11.1924484548661,16.633974596215563,2566.9872981077806,2640.8923126198974,2639.70351873813,-0.0013662429328624034,0.1841560733215601,0.18999291983760352,22.44276048152653,22.409942895518007,0.0,0.0,0.0,0.0,True,none,1.0,0.0,battery_voltage_sensor_drift,0.277149723120313,0.277149723120313,89,battery_voltage_sensor_drift,2.161798969995353,0.277149723120313,gradual,0.7851811151939005,0.916914114191979,1873548368,postprocessed_sensor_fault
21060.0,351.0,5.85,0,0.0,330.97886967409704,330.97886967409704,86.34505578241614,86.76849672698742,29.453802231296645,29.55894187215109,11.237220480906528,11.204636206368864,25.37689397402959,25.49381094958573,25.90444235780813,25.894301961456534,11.10200993092041,16.548943483704853,2524.471741852425,2582.682027236161,2582.5645243721387,-0.0009708345151576903,0.17427086287894225,0.17548895709933485,22.440835052198523,22.561488957034364,0.0,0.0,0.0,0.0,True,none,1.0,0.0,battery_voltage_sensor_drift,0.277149723120313,0.277149723120313,89,battery_voltage_sensor_drift,2.161798969995353,0.277149723120313,gradual,0.7851811151939005,0.916914114191979,1873548368,postprocessed_sensor_fault
21120.0,352.0,5.866666666666666,0,0.0,330.1095620926346,330.1095620926346,85.85382131501638,85.69358485789772,29.434152852600654,29.654341332800243,11.215188143709995,11.172530130616835,25.375507395545096,25.265977895534387,25.894217775154928,26.042437442026497,11.062435607905059,16.50547810463173,2502.739052315864,2542.710539776012,2544.412167468329,-0.0005055354357605887,0.16263838589401472,0.1665441954527794,22.438847080817244,22.458969063175807,0.0,0.0,0.0,0.0,True,none,1.0,0.0,battery_voltage_sensor_drift,0.277149723120313,0.277149723120313,89,battery_voltage_sensor_drift,2.161798969995353,0.277149723120313,gradual,0.7851811151939005,0.916914114191979,1873548368,postprocessed_sensor_fault
21180.0,353.0,5.883333333333334,0,0.0,330.1095620926345,330.1095620926345,85.36258684761663,85.41742413748074,29.414503473904666,29.539948921116125,11.222680076360769,11.183428782982658,25.374173963997517,25.502630217503167,25.88407498916295,25.864104012912794,11.075883847707596,16.505478104631727,2502.7390523158633,2522.724796045938,2522.1244120480887,9.318502806628603e-06,0.15023296257016572,0.15090023266980943,22.436814009848923,22.44614757199698,0.0,0.0,0.0,0.0,True,none,1.0,0.0,battery_voltage_sensor_drift,0.277149723120313,0.277149723120313,89,battery_voltage_sensor_drift,2.161798969995353,0.277149723120313,gradual,0.7851811151939005,0.916914114191979,1873548368,postprocessed_sensor_fault
21240.0,354.0,5.9,0,0.0,330.9788696740969,330.9788696740969,84.87005876774447,85.10038209204922,29.394802350709778,29.50509123948111,11.259775307388825,11.241650132130786,25.373070930872966,25.425609360811343,25.874100276217057,25.906468063102984,11.142603197830649,16.548943483704846,2524.4717418524237,2523.5982689491807,2522.9926665846046,0.0005512257128852607,0.1637806428221315,0.16292588051494533,22.434826543266624,22.340790932200388,0.0,0.0,0.0,0.0,True,none,1.0,0.0,battery_voltage_sensor_drift,0.277149723120313,0.277149723120313,89,battery_voltage_sensor_drift,2.161798969995353,0.277149723120313,gradual,0.7851811151939005,0.916914114191979,1873548368,postprocessed_sensor_fault
21300.0,355.0,5.916666666666667,0,0.0,332.67949192431126,332.67949192431126,84.37499999999994,84.28591867547335,29.374999999999996,29.506366606739743,11.325259299551023,11.361026843373734,25.37236890480828,25.35377269656317,25.86437542319975,25.837761910175093,11.260919856165353,16.633974596215563,2566.987298107782,2545.292783528482,2545.78944444126,0.0010965022490355756,0.1774125562258894,0.17009900517543733,22.432905211045345,22.43250283787806,0.0,0.0,0.0,0.0,True,none,1.0,0.0,battery_voltage_sensor_drift,0.277149723120313,0.277149723120313,89,battery_voltage_sensor_drift,2.161798969995353,0.277149723120313,gradual,0.7851811151939005,0.916914114191979,1873548368,postprocessed_sensor_fault
21360.0,356.0,5.933333333333334,0,0.0,335.13710349045203,335.13710349045203,83.87628407218678,83.85421655580483,29.355051362887473,29.467518857067002,11.416675765526124,11.438275047113832,25.372225487522137,25.35216384721711,25.854974130163196,25.87686219928398,11.427238842812121,16.756855174522602,2628.4275872613002,2586.860185394891,2589.737004283116,0.0016213169101006036,0.1905329227525151,0.19607213051250164,22.431068223776332,22.49104291006024,0.0,0.0,0.0,0.0,True,none,1.0,0.0,battery_voltage_sensor_drift,0.277149723120313,0.277149723120313,89,battery_voltage_sensor_drift,2.161798969995353,0.277149723120313,gradual,0.7851811151939005,0.916914114191979,1873548368,postprocessed_sensor_fault
21420.0,357.0,5.95,0,0.0,338.2442949541504,338.2442949541504,83.37294434755262,83.56230464774904,29.334917773902106,29.442539388825306,11.530432693255081,11.54163057373179,25.37277903542199,25.32229438458775,25.845958766617304,25.771042657674982,11.63607024749485,16.91221474770752,2706.1073738537607,2646.483779624326,2642.589069391163,0.0021027327770517935,0.20256831942629483,0.2080070851025411,22.42933065301511,22.530091189433673,0.0,0.0,0.0,0.0,True,none,1.0,0.0,battery_voltage_sensor_drift,0.277149723120313,0.277149723120313,89,battery_voltage_sensor_drift,2.161798969995353,0.277149723120313,gradual,0.7851811151939005,0.916914114191979,1873548368,postprocessed_sensor_fault
21480.0,358.0,5.966666666666667,0,0.0,341.8652671384839,341.8652671384839,82.86421627145369,83.0331036704066,29.31456865085815,29.439906071656264,11.661957957156439,11.629608477611368,25.374142698114653,25.312458146668227,25.837377623198215,26.034952363217016,11.88010107155875,17.093263356924194,2796.6316784620976,2721.5577290432116,2719.876830226815,0.002519709666413688,0.21299274166034218,0.21377972753488367,22.42770373965513,22.46290757723816,0.0,0.0,0.0,0.0,True,none,1.0,0.0,battery_voltage_sensor_drift,0.277149723120313,0.277149723120313,89,battery_voltage_sensor_drift,2.161798969995353,0.277149723120313,gradual,0.7851811151939005,0.916914114191979,1873548368,postprocessed_sensor_fault
21540.0,359.0,5.983333333333333,0,0.0,345.8417661836447,345.8417661836447,82.34957078606136,82.36866332105423,29.293982831442456,29.477172508675864,11.805897756328248,11.863124320744467,25.376398967748067,25.279781223897857,25.829262778830994,25.86617424033744,12.15033774663011,17.292088309182237,2896.0441545911185,2808.8009418171646,2819.0525558184854,0.0028540236872440384,0.22135059218110095,0.2220451050872013,22.42619436560689,22.28561940468455,0.0,0.0,0.0,0.0,True,none,1.0,0.0,battery_voltage_sensor_drift,0.277149723120313,0.277149723120313,89,battery_voltage_sensor_drift,2.161798969995353,0.277149723120313,gradual,0.7851811151939005,0.916914114191979,1873548368,postprocessed_sensor_fault
21600.0,360.0,6.0,1,600.0,349.99999999999994,-250.00000000000006,82.72159459558517,82.82022930371177,29.308863783823405,29.421653378183105,-8.529842775344429,-8.53226854547673,25.378876098680802,25.341125968974975,25.837628676600346,25.96019873969247,6.820657421767644,17.499999999999996,2999.9999999999986,2904.4004709085825,2910.202254636834,0.0030910637126159235,0.22727659281539808,0.2242433102746821,22.42480471764112,22.274737450939956,0.0,0.0,0.0,0.0,True,none,1.0,0.0,battery_voltage_sensor_drift,0.277149723120313,0.277149723120313,89,battery_voltage_sensor_drift,2.161798969995353,0.277149723120313,gradual,0.7851811151939005,0.916914114191979,1873548368,postprocessed_sensor_fault
