time_s,time_min,time_h,in_sunlight,solar_power_w,load_power_w,battery_power_w,battery_soc_true,battery_soc_measured,battery_voltage_true,battery_voltage_measured,battery_current_true,battery_current_measured,battery_temp_true,battery_temp_measured,electronics_temp_true,electronics_temp_measured,battery_heat_w,electronics_heat_w,wheel_target_speed_rpm,wheel_speed_true,wheel_speed_measured,wheel_torque_nm,wheel_current_true,wheel_current_measured,wheel_temp_true,wheel_temp_measured,solar_degradation,battery_degradation,thermal_anomaly,wheel_degradation,fault_active,fault_type,fault_progress,fault_severity,fault_label,fault_requested_severity,fault_effective_severity,scenario_id,scenario_fault_type,scenario_start_time_h,scenario_severity,scenario_profile,scenario_ramp_duration_h,scenario_sensor_noise_scale,scenario_random_seed,scenario_internal_fault_name
0.0,0.0,0.0,1,600.0,350.0,-250.0,90.37202380952381,90.04540743228891,29.61488095238095,29.637126235009593,-8.44170200791912,-8.340579201717578,22.022336622077468,22.115257244274346,24.023,24.019382464907387,6.700986623240457,17.5,3000.0,3000.0,3000.5035112119417,0.0006283185307179586,0.16570796326794895,0.1662294877275584,24.979227572821976,24.950175844484228,0.0,0.0,0.0,0.0,False,none,0.0,0.0,nominal,0.7402697594025334,0.0,8,solar_array_degradation,2.365525479239904,0.7402697594025334,abrupt,0.0,1.2719961526003374,1209571223,solar_array_degradation
60.0,1.0,0.016666666666666666,1,601.2556165273943,354.15823381635516,-247.09738271103913,90.7397282480819,90.77872700035957,29.629589129923275,29.713799939347098,-8.339548065534684,-8.33596665897827,22.0440820855283,22.08914269827553,24.046231823381635,24.051954106349797,6.563844954989063,17.70791169081776,3103.9558454088797,3051.97792270444,3060.66014745666,0.0019890973650273443,0.1997274341256836,0.1999143397344958,24.95874847619419,24.88818316793171,0.0,0.0,0.0,0.0,False,none,0.0,0.0,nominal,0.7402697594025334,0.0,8,solar_array_degradation,2.365525479239904,0.7402697594025334,abrupt,0.0,1.2719961526003374,1209571223,solar_array_degradation
120.0,2.0,0.03333333333333333,1,602.5051158172811,358.134732861516,-244.37038295576508,91.10337465128988,91.16909920930378,29.644134986051597,29.643586097847408,-8.243464788928678,-8.266773264387206,22.065272182808812,21.994291696742007,24.069675442080733,24.180208539503695,6.436376938104555,17.9067366430758,3203.3683215379,3127.67312212117,3130.3115363684606,0.002620900448055877,0.21552251120139693,0.22240477247343818,24.938546098704002,24.727554214227748,0.0,0.0,0.0,0.0,False,none,0.0,0.0,nominal,0.7402697594025334,0.0,8,solar_array_degradation,2.365525479239904,0.7402697594025334,abrupt,0.0,1.2719961526003374,1209571223,solar_array_degradation
180.0,3.0,0.05,1,603.7424104347197,361.7557050458495,-241.98670538887018,91.46347391526143,91.63368837441115,29.658538956610457,29.69798691834003,-8.159090565549752,-8.137720969253408,22.08596608540712,22.092651886645392,24.093293609048672,24.09224728920083,6.325660708547438,18.087785252292473,3293.8926261462366,3210.7828741337034,3205.865491598003,0.002830866546587775,0.22077166366469436,0.21312193290704018,24.918597552843362,24.901506406994784,0.0,0.0,0.0,0.0,False,none,0.0,0.0,nominal,0.7402697594025334,0.0,8,solar_array_degradation,2.365525479239904,0.7402697594025334,abrupt,0.0,1.2719961526003374,1209571223,solar_array_degradation
240.0,4.0,0.06666666666666667,1,604.961472404706,364.8628965095479,-240.0985758951581,91.82076346272446,91.82539974725127,29.67283053850898,29.689961260461345,-8.091529238626613,-8.077119270739304,22.10624304767322,22.093149897172992,24.117033549827237,24.07172890918978,6.23782763356395,18.243144825477398,3371.572412738697,3291.1776434362005,3285.492133230823,0.002777194931208119,0.21942987328020297,0.2172569149000694,24.898879660493158,24.90110701612564,0.0,0.0,0.0,0.0,False,none,0.0,0.0,nominal,0.7402697594025334,0.0,8,solar_array_degradation,2.365525479239904,0.7402697594025334,abrupt,0.0,1.2719961526003374,1209571223,solar_array_degradation
300.0,5.0,0.08333333333333333,1,606.156362579862,367.3205080756888,-238.83585450417326,92.17617396049855,92.2103460560138,29.68704695841994,29.68858210666973,-8.045119975681306,-8.036975491800472,22.126198644166678,22.045507474595205,24.140829332236187,24.24221985784425,6.17791643384851,18.36602540378444,3433.0127018922194,3362.0951726642097,3359.661578468442,0.0025459192073639977,0.21364798018409992,0.21564105807915657,24.879369033248576,24.73582727464206,0.0,0.0,0.0,0.0,False,none,0.0,0.0,nominal,0.7402697594025334,0.0,8,solar_array_degradation,2.365525479239904,0.7402697594025334,abrupt,0.0,1.2719961526003374,1209571223,solar_array_degradation
360.0,6.0,0.1,1,607.3212595753644,369.0211303259031,-238.3001292494613,92.53078724807214,92.32045677350989,29.701231489922886,29.693797711242368,-8.023240697285983,-8.061617647773396,22.145940756644766,22.268802682056805,24.16460481061089,24.065885476911056,6.149791302926885,18.451056516295154,3475.5282581475767,3418.811715405893,3415.6353900489835,0.0021889911831264744,0.20472477957816185,0.2030885537147512,24.860041723756545,24.97168720224091,0.0,0.0,0.0,0.0,False,none,0.0,0.0,nominal,0.7402697594025334,0.0,8,solar_array_degradation,2.365525479239904,0.7402697594025334,abrupt,0.0,1.2719961526003374,1209571223,solar_array_degradation
420.0,7.0,0.11666666666666667,1,608.450488130146,369.8904379073655,-238.56005022278055,92.88578732280843,92.59161659389116,29.715431492912337,29.753929885849832,-8.028153664188972,-7.9680814841894625,22.165585445773118,22.32513341154255,24.18827701591674,24.30315026070596,6.156100100466465,18.494521895368276,3497.2609476841367,3458.036331545015,3449.8456683741556,0.0017429323004629288,0.1935733075115732,0.19322493570827928,24.84087334921582,24.894756464373494,0.0,0.0,0.0,0.0,False,none,0.0,0.0,nominal,0.7402697594025334,0.0,8,solar_array_degradation,2.365525479239904,0.7402697594025334,abrupt,0.0,1.2719961526003374,1209571223,solar_array_degradation
480.0,8.0,0.13333333333333333,1,609.5385467561977,369.8904379073655,-239.64810884883218,93.2424065324049,93.34654835777657,29.729696261296198,29.717419032873273,-8.060900008615953,-8.047365276575547,22.18525276215152,22.04331131748162,24.211759843580143,24.27157850688679,6.198248715912373,18.494521895368276,3497.2609476841367,3477.6486396145756,3483.877681097225,0.0012376984602625,0.18094246150656249,0.1756353170449912,24.82183963129007,24.764257720759804,0.0,0.0,0.0,0.0,False,none,0.0,0.0,nominal,0.7402697594025334,0.0,8,solar_array_degradation,2.365525479239904,0.7402697594025334,abrupt,0.0,1.2719961526003374,1209571223,solar_array_degradation
540.0,9.0,0.15,1,610.5801345412646,369.0211303259031,-241.55900421536148,93.60186933629682,93.88243152836965,29.74407477345187,29.808544307892014,-8.121247880635556,-8.098648228510529,22.20506249014894,21.984506621781,24.234967877864094,24.187617993469054,6.2763733710982015,18.451056516295154,3475.5282581475767,3476.588448881076,3475.242592410996,0.0007006012993672623,0.16751503248418156,0.16192258813050722,24.802917168998125,24.735626916050787,0.0,0.0,0.0,0.0,False,none,0.0,0.0,nominal,0.7402697594025334,0.0,8,solar_array_degradation,2.365525479239904,0.7402697594025334,abrupt,0.0,1.2719961526003374,1209571223,solar_array_degradation
600.0,10.0,0.16666666666666666,1,611.5701769743577,367.3205080756888,-244.24966889866886,93.96533610549126,93.75392663714679,29.75861344421965,29.689120771329318,-8.207696549992056,-8.19660325958248,22.22512979058318,22.451442892907753,24.25782018564875,24.513187916238127,6.38930261254012,18.36602540378444,3433.0127018922194,3454.8005753866473,3446.1914594616433,0.00015772978780866564,0.15394324469521664,0.15553515385110608,24.7840842940449,24.566156210842554,0.0,0.0,0.0,0.0,False,none,0.0,0.0,nominal,0.7402697594025334,0.0,8,solar_array_degradation,2.365525479239904,0.7402697594025334,abrupt,0.0,1.2719961526003374,1209571223,solar_array_degradation
660.0,11.0,0.18333333333333332,1,612.503850668262,364.8628965095479,-247.64095415871407,94.33384943013219,94.10481140130362,29.77335397720529,29.72641508046994,-8.317536356445093,-8.260419713829805,22.245560721450556,22.324202811488867,24.280243913814516,24.356826315855887,6.534512883262872,18.243144825477398,3371.572412738697,3413.186494062673,3413.0542110850893,-0.00036588236096057034,0.15914705902401424,0.16336432565581585,24.765371298209715,24.71273182516378,0.0,0.0,0.0,0.0,False,none,0.0,0.0,nominal,0.7402697594025334,0.0,8,solar_array_degradation,2.365525479239904,0.7402697594025334,abrupt,0.0,1.2719961526003374,1209571223,solar_array_degradation
720.0,12.0,0.2,1,613.376606858593,361.7557050458495,-251.62090181274357,94.70828529592498,94.48539828943696,29.788331411837,29.75711904347235,-8.446961944056957,-8.471703606348346,22.266447668077678,22.315085402293526,24.302177533008585,24.21669393726528,6.708093286747719,18.087785252292473,3293.8926261462366,3353.5395601044547,3350.1065765768412,-0.0008466969717638359,0.1711674242940959,0.16727156733588366,24.746777531689744,24.695923496404856,0.0,0.0,0.0,0.0,False,none,0.0,0.0,nominal,0.7402697594025334,0.0,8,solar_array_degradation,2.365525479239904,0.7402697594025334,abrupt,0.0,1.2719961526003374,1209571223,solar_array_degradation
780.0,13.0,0.21666666666666667,1,614.184193564921,358.134732861516,-256.049460703405,95.08931127911457,94.83983618267798,29.803572451164584,29.76674455288541,-8.59123385704722,-8.570212490709489,22.287864795185605,22.185119668198745,24.32357358603067,24.146059605785997,6.904743934917956,17.9067366430758,3203.3683215379,3278.4539408211776,3288.388767155149,-0.001263373233051744,0.1815843308262936,0.19001676910222703,24.72828196644546,24.693271099123844,0.0,0.0,0.0,0.0,False,none,0.0,0.0,nominal,0.7402697594025334,0.0,8,solar_array_degradation,2.365525479239904,0.7402697594025334,abrupt,0.0,1.2719961526003374,1209571223,solar_array_degradation
840.0,14.0,0.23333333333333334,1,614.9226763059908,354.15823381635516,-260.7644424896356,95.47735360424795,95.59670944357899,29.819094144169917,29.822653214253826,-8.744881424931515,-8.736952121159035,22.309863726717456,22.432575053319756,24.344400820724058,24.389922075435884,7.1178360908889795,17.70791169081776,3103.9558454088797,3191.2048931150284,3195.120642057622,-0.0015975369398450977,0.18993842349612744,0.18656790569657805,24.709865507062307,24.759945776049605,0.0,0.0,0.0,0.0,False,none,0.0,0.0,nominal,0.7402697594025334,0.0,8,solar_array_degradation,2.365525479239904,0.7402697594025334,abrupt,0.0,1.2719961526003374,1209571223,solar_array_degradation
900.0,15.0,0.25,1,615.5884572681198,350.0,-265.5884572681198,95.8725745228017,96.18346672357579,29.83490298091207,29.784468034448324,-8.901938023329231,-8.911963042021176,22.33246974450947,22.664295855602614,24.364645614158267,24.366529323744754,7.33956004569558,17.5,3000.0,3095.602446557514,3081.0979006350035,-0.00183450180819848,0.195862545204962,0.19792585432730697,24.691511756280946,24.78838289937571,0.0,0.0,0.0,0.0,False,none,0.0,0.0,nominal,0.7402697594025334,0.0,8,solar_array_degradation,2.365525479239904,0.7402697594025334,abrupt,0.0,1.2719961526003374,1209571223,solar_array_degradation
960.0,16.0,0.26666666666666666,1,616.178292833385,345.84176618364484,-270.3365266497401,96.27486102079239,96.31475674016106,29.850994440831695,29.86638233304692,-9.056198351635487,-9.081463115526857,22.35567885366486,22.41484898254018,24.384312625863366,24.556741505458373,7.561178286733225,17.292088309182244,2896.0441545911203,2995.8233005743177,2997.4222469358942,-0.0019638704730496467,0.19909676182624117,0.20011790360295295,24.673207665569283,24.49758074579301,0.0,0.0,0.0,0.0,False,none,0.0,0.0,nominal,0.7402697594025334,0.0,8,solar_array_degradation,2.365525479239904,0.7402697594025334,abrupt,0.0,1.2719961526003374,1209571223,solar_array_degradation
1020.0,17.0,0.2833333333333333,1,616.6893093822022,341.865267138484,-274.82404224371817,96.68382536936933,96.82246963177346,29.867353014774775,29.856527692723144,-9.20148638909408,-9.148834918149008,22.379456074347853,22.16463238181573,24.403424651570308,24.540954409852834,7.7733881414946895,17.0932633569242,2796.6316784621,2896.227489518209,2892.561518860884,-0.0019799684713490795,0.19949921178372698,0.19721009677712464,24.654944048653153,24.742384224134987,0.0,0.0,0.0,0.0,False,none,0.0,0.0,nominal,0.7402697594025334,0.0,8,solar_array_degradation,2.365525479239904,0.7402697594025334,abrupt,0.0,1.2719961526003374,1209571223,solar_array_degradation
1080.0,18.0,0.3,1,617.1190172933127,338.2442949541505,-278.8747223391622,97.09881751570738,97.42951447682573,29.883952700628296,29.797669555107646,-9.331922223705668,-9.317125010376953,22.403735277205577,22.288498590802014,24.42202168385316,24.243806206854362,7.966781791143339,16.912214747707527,2706.1073738537634,2801.1674316859862,2805.1367804657634,-0.001882082027516422,0.19705205068791054,0.1928149587080537,24.636715938974486,24.779496650193032,0.0,0.0,0.0,0.0,False,none,0.0,0.0,nominal,0.7402697594025334,0.0,8,solar_array_degradation,2.365525479239904,0.7402697594025334,abrupt,0.0,1.2719961526003374,1209571223,solar_array_degradation
1140.0,19.0,0.31666666666666665,1,617.465323072968,335.1371034904521,-282.3282195825159,97.51894879484803,97.91338151031708,29.90075795179392,29.905190789510787,-9.44217601566108,-9.44272601511435,22.428420782318536,22.490019312771185,24.44015922073138,24.46405159394273,8.132375032858029,16.756855174522606,2628.427587261303,2714.797509473645,2713.9771925415207,-0.0016744841409544729,0.19186210352386182,0.18159334987605755,24.618522775982953,24.557562889926952,0.0,0.0,0.0,0.0,False,none,0.0,0.0,nominal,0.7402697594025334,0.0,8,solar_array_degradation,2.365525479239904,0.7402697594025334,abrupt,0.0,1.2719961526003374,1209571223,solar_array_degradation
1200.0,20.0,0.3333333333333333,1,617.7265395542198,332.6794919243112,-285.0470476299086,97.9431259490592,98.12265607259548,29.917725037962366,29.903707119590496,-9.527697953912426,-9.501842205470668,22.453390798504888,22.31266346637075,24.45790589615796,24.618259400340555,8.262162264078963,16.633974596215563,2566.9872981077806,2640.8924037907127,2642.7390644624047,-0.0013662452815192232,0.18415613203798056,0.18532347302818084,24.60036841001693,24.654438514965275,0.0,0.0,0.0,0.0,False,none,0.0,0.0,nominal,0.7402697594025334,0.0,8,solar_array_degradation,2.365525479239904,0.7402697594025334,abrupt,0.0,1.2719961526003374,1209571223,solar_array_degradation
1260.0,21.0,0.35,1,617.9013941166289,330.9788696740969,-286.922524442532,98.3700939913844,98.26487573717547,29.934803759655377,29.838355762357242,-9.584914160327042,-9.62619423943088,22.47850260823675,22.4012756694867,24.475340535956107,24.35653421104762,8.349646356867026,16.548943483704846,2524.4717418524233,2582.682072821568,2571.0550683208066,-0.0009708356894861285,0.1742708922371532,0.1712879486986069,24.58226092137587,24.65242036177256,0.0,0.0,0.0,0.0,False,none,0.0,0.0,nominal,0.7402697594025334,0.0,8,solar_array_degradation,2.365525479239904,0.7402697594025334,abrupt,0.0,1.2719961526003374,1209571223,solar_array_degradation
1320.0,22.0,0.36666666666666664,1,617.9890348863438,330.1095620926345,-287.8794727937093,98.79848606399409,99.17948249555296,29.951939442559762,29.952490563410834,-9.611380035866768,-9.696790247526994,22.503599226239025,22.47538903627508,24.49254876787772,24.179450277149545,8.39029009550866,16.505478104631727,2502.7390523158633,2542.710562568716,2539.1758387344485,-0.0005055360229247973,0.16263840057311993,0.15871865897651655,24.564212256047483,24.606585811717046,0.0,0.0,0.0,0.0,False,none,0.0,0.0,nominal,0.7402697594025334,0.0,8,solar_array_degradation,2.365525479239904,0.7402697594025334,abrupt,0.0,1.2719961526003374,1209571223,solar_array_degradation
1380.0,23.0,0.38333333333333336,1,617.9890348863438,330.1095620926345,-287.8794727937093,99.22687813660377,98.9096969768824,29.96907512546415,29.951887734746148,-9.605884452173287,-9.690080856632843,22.52851710184386,22.402919920055325,24.509619333943963,24.346707201555255,8.38184128868036,16.505478104631727,2502.7390523158633,2522.7248074422896,2530.8395636568125,9.318209224527915e-06,0.1502329552306132,0.1409546631980503,24.54623894625931,24.433968435343576,0.0,0.0,0.0,0.0,False,none,0.0,0.0,nominal,0.7402697594025334,0.0,8,solar_array_degradation,2.365525479239904,0.7402697594025334,abrupt,0.0,1.2719961526003374,1209571223,solar_array_degradation
1440.0,24.0,0.4,1,617.9013941166289,330.9788696740969,-286.922524442532,99.65384617892896,99.34777277158635,29.98615384715716,30.0266490601052,-9.568500378708412,-9.563672082992968,22.553094319098754,22.42328766922511,24.52664026623982,24.510926271311284,8.324495959787441,16.548943483704846,2524.4717418524233,2523.5982746473564,2527.3086834911746,0.0005512255660942137,0.16378063915235533,0.1570716646172596,24.528430792650212,24.62757511245698,0.0,0.0,0.0,0.0,False,none,0.0,0.0,nominal,0.7402697594025334,0.0,8,solar_array_degradation,2.365525479239904,0.7402697594025334,abrupt,0.0,1.2719961526003374,1209571223,solar_array_degradation
1500.0,25.0,0.4166666666666667,1,617.7265395542198,332.6794919243112,-285.0470476299086,100.0,100.0,30.0,30.028997692904937,-9.501568254330287,-9.553895080155025,22.577183699661948,22.454445387289205,24.543695093302333,24.797885762896986,8.222383943335767,16.633974596215563,2566.9872981077806,2545.2927863775685,2550.1645873756006,0.0010965021756400308,0.17741255439100076,0.17929483336500865,24.510807428556266,24.621071238764543,0.0,0.0,0.0,0.0,False,none,0.0,0.0,nominal,0.7402697594025334,0.0,8,solar_array_degradation,2.365525479239904,0.7402697594025334,abrupt,0.0,1.2719961526003374,1209571223,solar_array_degradation
1560.0,26.0,0.43333333333333335,1,617.465323072968,335.1371034904521,-282.3282195825159,100.0,100.0,30.0,30.08569461574917,-9.41094065275053,-9.381595973673043,22.600671478522536,22.668508097862027,24.56085924290496,24.7088819952366,8.085264317567404,16.756855174522606,2628.4275872613025,2586.8601868194355,2590.3454585101945,0.0016213168734028807,0.190532921835072,0.18996244556913325,24.493386174654585,24.471279761980803,0.0,0.0,0.0,0.0,False,none,0.0,0.0,nominal,0.7402697594025334,0.0,8,solar_array_degradation,2.365525479239904,0.7402697594025334,abrupt,0.0,1.2719961526003374,1209571223,solar_array_degradation
1620.0,27.0,0.45,1,617.1190172933127,338.2442949541505,-278.8747223391622,100.0,100.0,30.0,30.102500849597547,-9.295824077972073,-9.32568278248352,22.623444075061695,22.716532910907652,24.578196798457135,24.521262340645137,7.912987623088427,16.912214747707527,2706.107373853763,2646.483780336599,2645.8669281816433,0.002102732758702936,0.20256831896757338,0.20832839550915275,24.47618121926103,24.582818518267793,0.0,0.0,0.0,0.0,False,none,0.0,0.0,nominal,0.7402697594025334,0.0,8,solar_array_degradation,2.365525479239904,0.7402697594025334,abrupt,0.0,1.2719961526003374,1209571223,solar_array_degradation
1680.0,28.0,0.4666666666666667,1,616.6893093822022,341.865267138484,-274.82404224371817,100.0,100.0,30.0,29.943151696081465,-9.16080140812394,-9.14936270406026,22.645415485928414,22.748301305634648,24.595757750783328,24.532596725837294,7.713622595126845,17.0932633569242,2796.6316784621,2721.5577293993497,2716.8430941869938,0.0025197096572392597,0.21299274143098149,0.2135554860102408,24.4592029266538,24.49762510775813,0.0,0.0,0.0,0.0,False,none,0.0,0.0,nominal,0.7402697594025334,0.0,8,solar_array_degradation,2.365525479239904,0.7402697594025334,abrupt,0.0,1.2719961526003374,1209571223,solar_array_degradation
1740.0,29.0,0.48333333333333334,1,616.178292833385,345.8417661836448,-270.33652664974016,100.0,99.80088349045289,30.0,29.95687942452493,-9.011217554991338,-8.93585859644898,22.666530204165745,22.83539314812194,24.613575865395426,24.519962726291833,7.496163345870727,17.29208830918224,2896.04415459112,2808.800941995234,2817.708679166694,0.0028540236826568068,0.22135059206642016,0.22525367855346487,24.442457308702856,24.33555500010554,0.0,0.0,0.0,0.0,False,none,0.0,0.0,nominal,0.7402697594025334,0.0,8,solar_array_degradation,2.365525479239904,0.7402697594025334,abrupt,0.0,1.2719961526003374,1209571223,solar_array_degradation
1800.0,30.0,0.5,1,615.5884572681198,350.0,-265.5884572681198,100.0,99.8978377266049,30.0,30.00590259791423,-8.852948575603993,-8.836874458734224,22.68676427586936,22.761987259720875,24.631667258472262,24.870183471126886,7.269975878583101,17.5,3000.0,2904.4004709976166,2904.003634867846,0.003091063710322311,0.22727659275805778,0.2224859312960153,24.42594568866376,24.475904708701336,0.0,0.0,0.0,0.0,False,none,0.0,0.0,nominal,0.7402697594025334,0.0,8,solar_array_degradation,2.365525479239904,0.7402697594025334,abrupt,0.0,1.2719961526003374,1209571223,solar_array_degradation
1860.0,31.0,0.5166666666666667,1,614.9226763059908,354.15823381635516,-260.7644424896356,100.0,100.0,30.0,29.977155099258397,-8.692148082987853,-8.663030579754125,22.706124607093237,22.64531050142924,24.65002974378612,24.62257858502424,7.044275063727152,17.70791169081776,3103.955845408879,3004.178158203248,3001.9820195584775,0.0032204699548295168,0.23051174887073791,0.24204340047196765,24.409664577314476,24.312770346346895,0.0,0.0,0.0,0.0,False,none,0.0,0.0,nominal,0.7402697594025334,0.0,8,solar_array_degradation,2.365525479239904,0.7402697594025334,abrupt,0.0,1.2719961526003374,1209571223,solar_array_degradation
1920.0,32.0,0.5333333333333333,1,614.184193564921,358.134732861516,-256.049460703405,100.0,100.0,30.0,30.00620025833483,-8.534982023446833,-8.562328805836511,22.724646770954827,22.62457412513338,24.668642979121984,24.68625583305784,6.827673451244848,17.9067366430758,3203.3683215378996,3103.773239870574,3118.340622547857,0.0032365867429569625,0.23091466857392406,0.2198652079210396,24.39360577110314,24.423714443325746,0.0,0.0,0.0,0.0,False,none,0.0,0.0,nominal,0.7402697594025334,0.0,8,solar_array_degradation,2.365525479239904,0.7402697594025334,abrupt,0.0,1.2719961526003374,1209571223,solar_array_degradation
1980.0,33.0,0.55,1,613.376606858593,361.7557050458495,-251.62090181274357,100.0,100.0,30.0,29.968944556828024,-8.387363393758118,-8.41177158988099,22.74239165424882,23.119313785172544,24.687469405793593,24.733997283089668,6.627829175916296,18.087785252292473,3293.8926261462366,3198.832933008405,3197.093207629636,0.0031387096940383224,0.22846774235095807,0.22075939236570105,24.377756670305367,24.28226714051961,0.0,0.0,0.0,0.0,False,none,0.0,0.0,nominal,0.7402697594025334,0.0,8,solar_array_degradation,2.365525479239904,0.7402697594025334,abrupt,0.0,1.2719961526003374,1209571223,solar_array_degradation
2040.0,34.0,0.5666666666666667,1,612.503850668262,364.8628965095479,-247.64095415871407,100.0,100.0,30.0,30.06174376813049,-8.254698471957136,-8.185535585701395,22.75944131682011,22.63316034558254,24.7064559401982,24.654097497642088,6.4512037490345175,18.243144825477398,3371.572412738697,3285.2026728735514,3285.0107648008047,0.002931116504933392,0.2232779126233348,0.22430597095732943,24.36210080321205,24.563131549973974,0.0,0.0,0.0,0.0,False,none,0.0,0.0,nominal,0.7402697594025334,0.0,8,solar_array_degradation,2.365525479239904,0.7402697594025334,abrupt,0.0,1.2719961526003374,1209571223,solar_array_degradation
2100.0,35.0,0.5833333333333334,1,611.5701769743577,367.3205080756888,-244.24966889866886,100.0,99.9071675239438,30.0,30.02294726669909,-8.141655629955629,-8.179664537975507,22.775894417291664,22.753681238194865,24.725536343484183,24.979959480441632,6.302924511743055,18.36602540378444,3433.0127018922194,3359.1076873828856,3367.1290089685112,0.002622879994226634,0.21557199985566583,0.20889476445145486,24.346618531014,24.253593918654488,0.0,0.0,0.0,0.0,False,none,0.0,0.0,nominal,0.7402697594025334,0.0,8,solar_array_degradation,2.365525479239904,0.7402697594025334,abrupt,0.0,1.2719961526003374,1209571223,solar_array_degradation
2160.0,36.0,0.6,1,610.5801345412646,369.0211303259031,-241.55900421536148,100.0,99.82482866511172,30.0,29.99811197339722,-8.051966807178717,-8.00646184610866,22.79186149597829,22.761827612895633,24.7446341657689,24.782259274300838,6.1867335571126265,18.451056516295154,3475.5282581475767,3417.3179727652314,3420.7450049970707,0.0022274715765577893,0.20568678941394472,0.20420191389006276,24.3312878982213,24.37965242133316,0.0,0.0,0.0,0.0,False,none,0.0,0.0,nominal,0.7402697594025334,0.0,8,solar_array_degradation,2.365525479239904,0.7402697594025334,abrupt,0.0,1.2719961526003374,1209571223,solar_array_degradation
2220.0,37.0,0.6166666666666667,1,609.5385467561977,369.8904379073655,-239.64810884883218,100.0,99.95732960061603,30.0,29.98637690788488,-7.988270294961072,-8.00861512255814,22.807460316950515,22.827697628267916,24.763666136233486,24.764720881787806,6.104996984428596,18.494521895368276,3497.2609476841367,3457.289460224684,3454.676894814182,0.0017621724971785863,0.19405431242946464,0.19481481931767664,24.316085585916294,24.286366112567382,0.0,0.0,0.0,0.0,False,none,0.0,0.0,nominal,0.7402697594025334,0.0,8,solar_array_degradation,2.365525479239904,0.7402697594025334,abrupt,0.0,1.2719961526003374,1209571223,solar_array_degradation
2280.0,38.0,0.6333333333333333,1,608.450488130146,369.8904379073655,-238.56005022278055,100.0,100.0,30.0,29.995025071283795,-7.952001674092685,-7.982221788502518,22.82281137654875,23.047711422981052,24.782545850934355,24.514282980223918,6.05874644998183,18.494521895368276,3497.2609476841367,3477.2752039544102,3468.8519958096967,0.0012473185586203252,0.18118296396550812,0.17352973789859594,24.300987920422497,24.355629278431877,0.0,0.0,0.0,0.0,False,none,0.0,0.0,nominal,0.7402697594025334,0.0,8,solar_array_degradation,2.365525479239904,0.7402697594025334,abrupt,0.0,1.2719961526003374,1209571223,solar_array_degradation
2340.0,39.0,0.65,1,607.3212595753644,369.0211303259031,-238.3001292494613,100.0,100.0,30.0,29.99586946161255,-7.94333764164871,-7.9008473945564335,22.83803360505992,22.85882601662938,24.80118759715947,24.662098805637434,6.047729031138663,18.451056516295154,3475.5282581475767,3476.401731050993,3477.4684252407137,0.0007054113485461749,0.16763528371365435,0.16926200475333936,24.285971888322834,24.071521427134254,0.0,0.0,0.0,0.0,False,none,0.0,0.0,nominal,0.7402697594025334,0.0,8,solar_array_degradation,2.365525479239904,0.7402697594025334,abrupt,0.0,1.2719961526003374,1209571223,solar_array_degradation
2400.0,40.0,0.6666666666666666,1,606.156362579862,367.3205080756888,-238.83585450417326,100.0,99.83470679424485,30.0,30.017025237758308,-7.961195150139108,-7.974666820228174,22.853240237621186,22.84905771286309,24.819510147189764,24.723007024695598,6.0704502574878765,18.36602540378444,3433.0127018922194,3454.7072164716064,3463.277122206801,0.00016013481239812548,0.15400337030995312,0.14696670425023914,24.27101611011691,24.380848564672213,0.0,0.0,0.0,0.0,False,none,0.0,0.0,nominal,0.7402697594025334,0.0,8,solar_array_degradation,2.365525479239904,0.7402697594025334,abrupt,0.0,1.2719961526003374,1209571223,solar_array_degradation
2460.0,41.0,0.6833333333333333,1,604.961472404706,364.8628965095479,-240.0985758951581,100.0,100.0,30.0,30.014877170015627,-8.003285863171936,-7.956388153302763,22.8685348187575,22.86279602191039,24.8374403556632,24.9078060906909,6.1242067686118205,18.243144825477398,3371.5724127386975,3413.1398146051515,3410.6028657553993,-0.0003646798486658404,0.15911699621664602,0.15907279290086077,24.256150960607094,24.232225924585844,0.0,0.0,0.0,0.0,False,none,0.0,0.0,nominal,0.7402697594025334,0.0,8,solar_array_degradation,2.365525479239904,0.7402697594025334,abrupt,0.0,1.2719961526003374,1209571223,solar_array_degradation
2520.0,42.0,0.7,1,603.7424104347197,361.7557050458495,-241.98670538887018,100.0,100.0,30.0,30.00424104631135,-8.06622351296234,-8.044137940078045,22.884007332981238,22.957013441324346,24.85491640332248,24.767863363101547,6.205116940885321,18.087785252292473,3293.8926261462366,3353.5162203756936,3358.7739833410533,-0.000846095715616464,0.1711523928904116,0.166539706665495,24.241376261455354,24.294091799893753,0.0,0.0,0.0,0.0,False,none,0.0,0.0,nominal,0.7402697594025334,0.0,8,solar_array_degradation,2.365525479239904,0.7402697594025334,abrupt,0.0,1.2719961526003374,1209571223,solar_array_degradation
2580.0,43.0,0.7166666666666667,1,602.5051158172811,358.134732861516,-244.37038295576508,100.0,100.0,30.0,30.022903611732797,-8.145679431858836,-8.097066588630641,22.89973051389178,22.964008145045057,24.87189054538205,24.89277002784916,6.308167472528647,17.9067366430758,3203.3683215379006,3278.442270956797,3277.621725067572,-0.0012630726049780512,0.18157681512445129,0.17915502348583198,24.226671162148925,24.324842555529496,0.0,0.0,0.0,0.0,False,none,0.0,0.0,nominal,0.7402697594025334,0.0,8,solar_array_degradation,2.365525479239904,0.7402697594025334,abrupt,0.0,1.2719961526003374,1209571223,solar_array_degradation
2640.0,44.0,0.7333333333333333,1,601.2556165273943,354.1582338163552,-247.09738271103907,100.0,100.0,30.0,29.976099119366328,-8.236579423701302,-8.14280488152059,22.91575646163588,23.015269136417388,24.88833124440063,24.955924488963163,6.427299248235174,17.707911690817763,3103.9558454088806,3191.1990581828386,3196.8114729021013,-0.00159738662580824,0.189934665645206,0.20184142441761196,24.212016761677877,24.102283662148395,0.0,0.0,0.0,0.0,False,none,0.0,0.0,nominal,0.7402697594025334,0.0,8,solar_array_degradation,2.365525479239904,0.7402697594025334,abrupt,0.0,1.2719961526003374,1209571223,solar_array_degradation
2700.0,45.0,0.75,1,600.0,350.0,-250.0,100.0,100.0,30.0,29.952271641522202,-8.333333333333334,-8.36808745322742,22.932113774717916,23.069244566814074,24.904224594445424,24.87973279254729,6.555555555555556,17.5,3000.0,3095.5995290914193,3097.7800306728095,-0.0018344266511800618,0.19586066627950155,0.2051445972942787,24.197396865360076,24.098094540461073,0.0,0.0,0.0,0.0,False,none,0.0,0.0,nominal,0.7402697594025334,0.0,8,solar_array_degradation,2.365525479239904,0.7402697594025334,abrupt,0.0,1.2719961526003374,1209571223,solar_array_degradation
2760.0,46.0,0.7666666666666667,1,598.7443834726058,345.8417661836448,-252.90261728896104,100.0,100.0,30.0,30.02560178669145,-8.430087242965367,-8.401324863756027,22.948805457649343,22.951029302425695,24.919574974308226,24.94290089850044,6.685309673920594,17.29208830918224,2896.04415459112,2995.82184184127,3003.1991131861673,-0.001963832894540448,0.1990958223635112,0.20750580542429886,24.182798630783033,24.127208304296047,0.0,0.0,0.0,0.0,False,none,0.0,0.0,nominal,0.7402697594025334,0.0,8,solar_array_degradation,2.365525479239904,0.7402697594025334,abrupt,0.0,1.2719961526003374,1209571223,solar_array_degradation
2820.0,47.0,0.7833333333333333,1,597.4948841827188,341.865267138484,-255.6296170442348,100.0,99.7914790025893,30.0,29.979291896423586,-8.520987234807826,-8.479067688119978,22.96580788449165,22.66538376651379,24.93440490122761,24.80571885891779,6.808577876460634,17.0932633569242,2796.6316784621,2896.226760151685,2895.929362968621,-0.001979949682094466,0.19949874205236165,0.20963638026099687,24.16821307888662,24.142681874581474,0.0,0.0,0.0,0.0,False,none,0.0,0.0,nominal,0.7402697594025334,0.0,8,solar_array_degradation,2.365525479239904,0.7402697594025334,abrupt,0.0,1.2719961526003374,1209571223,solar_array_degradation
2880.0,48.0,0.8,1,596.2575895652803,338.2442949541505,-258.0132946111298,100.0,99.94750976655318,30.0,29.987130262237535,-8.600443153704328,-8.636086816249755,22.983071069835393,23.239695422056215,24.9487540915132,24.91207721862123,6.917409795207972,16.912214747707527,2706.1073738537634,2801.1670670027247,2798.6305466349527,-0.0018820726328891155,0.1970518158222279,0.1930752438696175,24.153635450138335,24.155124733138674,0.0,0.0,0.0,0.0,False,none,0.0,0.0,nominal,0.7402697594025334,0.0,8,solar_array_degradation,2.365525479239904,0.7402697594025334,abrupt,0.0,1.2719961526003374,1209571223,solar_array_degradation
2940.0,49.0,0.8166666666666667,1,595.038527595294,335.13710349045215,-259.90142410484185,100.0,100.0,30.0,29.95685160962348,-8.663380803494729,-8.672050515923916,23.000520421268742,22.908591233051656,24.962677769130142,24.593212529809318,7.004333355708877,16.75685517452261,2628.4275872613034,2714.797327132014,2723.9258207580583,-0.0016744794436408194,0.19186198609102048,0.19560768453994942,24.139065390160642,24.20324417060096,0.0,0.0,0.0,0.0,False,none,0.0,0.0,nominal,0.7402697594025334,0.0,8,solar_array_degradation,2.365525479239904,0.7402697594025334,abrupt,0.0,1.2719961526003374,1209571223,solar_array_degradation
3000.0,50.0,0.8333333333333334,1,593.843637420138,332.6794919243112,-261.16414549582674,100.0,99.73303625693748,30.0,29.94655962050804,-8.705471516527558,-8.687805774877459,23.01806002789448,23.003553977347362,24.976244296169533,24.864689018028812,7.06281874600581,16.633974596215563,2566.9872981077806,2640.8923126198974,2635.531196780181,-0.0013662429328623966,0.18415607332155992,0.1822672653647785,24.124506954273727,24.09418601938996,0.0,0.0,0.0,0.0,False,none,0.0,0.0,nominal,0.7402697594025334,0.0,8,solar_array_degradation,2.365525479239904,0.7402697594025334,abrupt,0.0,1.2719961526003374,1209571223,solar_array_degradation
3060.0,51.0,0.85,1,592.6787404246356,330.9788696740969,-261.6998707505387,100.0,100.0,30.0,29.987031290917738,-8.723329025017957,-8.707778036597922,23.035577392868106,23.020722139483333,24.989532228767587,25.281901999633295,7.08771754229766,16.548943483704846,2524.4717418524233,2582.6820272361606,2589.5499383229485,-0.0009708345151577116,0.17427086287894278,0.1816168769114237,24.109968426400112,23.98861498995396,0.0,0.0,0.0,0.0,False,none,0.0,0.0,nominal,0.7402697594025334,0.0,8,solar_array_degradation,2.365525479239904,0.7402697594025334,abrupt,0.0,1.2719961526003374,1209571223,solar_array_degradation
3120.0,52.0,0.8666666666666667,1,591.549511869854,330.1095620926345,-261.43994977721945,100.0,100.0,30.0,29.988222340478686,-8.714664992573981,-8.768255893938562,23.05294936475964,23.207124022189497,25.00262692714671,25.234841781515723,7.075630874623557,16.505478104631727,2502.7390523158633,2542.710539776012,2542.913878314511,-0.0005055354357605888,0.16263838589401472,0.15761821541432863,24.09546195471232,24.132323520238653,0.0,0.0,0.0,0.0,False,none,0.0,0.0,nominal,0.7402697594025334,0.0,8,solar_array_degradation,2.365525479239904,0.7402697594025334,abrupt,0.0,1.2719961526003374,1209571223,solar_array_degradation
3180.0,53.0,0.8833333333333333,1,590.4614532438023,330.1095620926345,-260.3518911511678,100.0,99.64534527062591,30.0,29.95813566221208,-8.678396371705594,-8.672404953670194,23.070048885526933,23.0894382846479,25.0156168679388,25.111966613544237,7.025165086754626,16.505478104631727,2502.7390523158633,2522.724796045938,2527.055703336081,9.318502806628603e-06,0.15023296257016572,0.14492204637249176,24.081004272189787,24.105974156110925,0.0,0.0,0.0,0.0,False,none,0.0,0.0,nominal,0.7402697594025334,0.0,8,solar_array_degradation,2.365525479239904,0.7402697594025334,abrupt,0.0,1.2719961526003374,1209571223,solar_array_degradation
3240.0,54.0,0.9,1,589.4198654587356,330.9788696740969,-258.44099578463863,100.0,100.0,30.0,29.951312083524442,-8.614699859487954,-8.65742665500704,23.086752073192187,23.240448391555905,25.0285898199627,24.91230836161517,6.937044293524942,16.548943483704846,2524.471741852423,2523.5982689491807,2532.704694656556,0.0005512257128852536,0.16378064282213134,0.15904308103437423,24.06668537863993,23.889426465975866,0.0,0.0,0.0,0.0,False,none,0.0,0.0,nominal,0.7402697594025334,0.0,8,solar_array_degradation,2.365525479239904,0.7402697594025334,abrupt,0.0,1.2719961526003374,1209571223,solar_array_degradation
3300.0,55.0,0.9166666666666666,1,588.4298230256423,332.67949192431126,-255.75033110133108,100.0,100.0,30.0,30.008651952736415,-8.525011036711037,-8.558972362368621,23.102945110933312,23.084048417997433,25.04162905059543,24.932536394832354,6.814065054083598,16.633974596215563,2566.987298107781,2545.292783528481,2551.5900151136457,0.0010965022490355618,0.17741255622588903,0.1847695426601012,24.05252510515335,23.971419094697985,0.0,0.0,0.0,0.0,False,none,0.0,0.0,nominal,0.7402697594025334,0.0,8,solar_array_degradation,2.365525479239904,0.7402697594025334,abrupt,0.0,1.2719961526003374,1209571223,solar_array_degradation
3360.0,56.0,0.9333333333333333,0,0.0,335.1371034904521,335.1371034904521,99.50128407218682,99.74682567098802,29.980051362887473,29.954512477450447,11.178670090783127,11.202427607595567,23.114984150934,23.175672483283655,25.03880972853971,24.990142699714887,10.99701319988554,16.756855174522606,2628.427587261303,2586.860185394892,2583.8207112816317,0.001621316910100646,0.19053292275251615,0.19075096696368757,24.03854096867853,24.119951631445236,0.0,0.0,0.0,0.0,False,none,0.0,0.0,nominal,0.7402697594025334,0.0,8,solar_array_degradation,2.365525479239904,0.7402697594025334,abrupt,0.0,1.2719961526003374,1209571223,solar_array_degradation
3420.0,57.0,0.95,0,0.0,338.2442949541505,338.2442949541505,98.99794434755268,98.80286038979514,29.959917773902106,29.929248271204788,11.289893967893095,11.295719543401585,23.127617367576732,23.039623165837426,25.03632368020681,25.162614437653392,11.19693646450151,16.912214747707527,2706.1073738537634,2646.4837796243282,2652.1810561764964,0.0021027327770518148,0.20256831942629536,0.20414756368808634,24.024747352330543,24.094262238624577,0.0,0.0,0.0,0.0,False,none,0.0,0.0,nominal,0.7402697594025334,0.0,8,solar_array_degradation,2.365525479239904,0.7402697594025334,abrupt,0.0,1.2719961526003374,1209571223,solar_array_degradation
3480.0,58.0,0.9666666666666667,0,0.0,341.865267138484,341.865267138484,98.48921627145373,98.39386273764723,29.93956865085815,29.891762961861087,11.41851010364123,11.451531594252462,23.140953629501126,23.07570487570773,25.034219617479003,25.11194256032008,11.430589838956548,17.0932633569242,2796.6316784620994,2721.5577290432134,2716.839760390612,0.0025197096664136814,0.21299274166034204,0.2195210867563602,24.011154813725696,24.030996607759675,0.0,0.0,0.0,0.0,False,none,0.0,0.0,nominal,0.7402697594025334,0.0,8,solar_array_degradation,2.365525479239904,0.7402697594025334,abrupt,0.0,1.2719961526003374,1209571223,solar_array_degradation
3540.0,59.0,0.9833333333333333,0,0.0,345.84176618364484,345.84176618364484,97.9745707860614,98.12113235964736,29.918982831442456,29.94972627272444,11.55927553192727,11.588616459303037,23.15507240127692,23.17693845480678,25.032530037157535,24.97279793102108,11.689348065840997,17.292088309182244,2896.0441545911203,2808.8009418171673,2812.4261585614577,0.002854023687244039,0.22135059218110098,0.21285306939454268,23.997769556621925,23.769151447902615,0.0,0.0,0.0,0.0,False,none,0.0,0.0,nominal,0.7402697594025334,0.0,8,solar_array_degradation,2.365525479239904,0.7402697594025334,abrupt,0.0,1.2719961526003374,1209571223,solar_array_degradation
3600.0,60.0,1.0,0,0.0,350.0,350.0,97.45373745272806,97.50681099424848,29.898149498109124,29.86568772898071,11.706410124885334,11.661544230937482,23.170019310339132,23.1573577702123,25.031269796860276,25.19970456432534,11.96320304096143,17.5,2999.9999999999995,2904.4004709085834,2900.2402357425044,0.0030910637126159027,0.22727659281539755,0.2303782548326111,23.984593094723543,24.057040029355548,0.0,0.0,0.0,0.0,False,none,0.0,0.0,nominal,0.7402697594025334,0.0,8,solar_array_degradation,2.365525479239904,0.7402697594025334,abrupt,0.0,1.2719961526003374,1209571223,solar_array_degradation
3660.0,61.0,1.0166666666666666,0,0.0,354.15823381635516,354.15823381635516,96.92671627145373,96.72566606009637,29.87706865085815,29.888692390316436,11.853848111909159,11.88411483558654,23.185802851826487,23.224115258745922,25.03043546186703,25.107302830022768,12.241097204816986,17.70791169081776,3103.955845408879,3004.1781581587315,3006.343054969711,0.003220469955976316,0.2305117488994079,0.238682223614097,23.971622127828866,23.88460980349029,0.0,0.0,0.0,0.0,False,none,0.0,0.0,nominal,0.7402697594025334,0.0,8,solar_array_degradation,2.365525479239904,0.7402697594025334,abrupt,0.0,1.2719961526003374,1209571223,solar_array_degradation
3720.0,62.0,1.0333333333333334,0,0.0,358.134732861516,358.134732861516,96.39377768088599,96.14530308893906,29.85575110723544,29.824729277047634,11.9955023598359,12.029186583350327,23.20239258854615,23.21143259649314,25.030005451458244,24.89335100090554,12.511366149186292,17.9067366430758,3203.368321537899,3103.7732398483154,3100.1984538928587,0.0032365867435303623,0.23091466858825904,0.23060869677592075,23.958848639988698,23.76248878975879,0.0,0.0,0.0,0.0,False,none,0.0,0.0,nominal,0.7402697594025334,0.0,8,solar_array_degradation,2.365525479239904,0.7402697594025334,abrupt,0.0,1.2719961526003374,1209571223,solar_array_degradation
3780.0,63.0,1.05,0,0.0,361.7557050458495,361.7557050458495,95.85545073885348,95.44327763489208,29.83421802955414,29.878166923720688,12.125529976602365,12.129499342826598,23.2197191602718,23.269604213635226,25.029940978351163,25.26329435218309,12.762278177078606,18.087785252292473,3293.8926261462366,3198.8329329972757,3200.3614336688056,0.0031387096943250254,0.22846774235812561,0.23839519298540723,23.946260217674297,23.895272674570503,0.0,0.0,0.0,0.0,False,none,0.0,0.0,nominal,0.7402697594025334,0.0,8,solar_array_degradation,2.365525479239904,0.7402697594025334,abrupt,0.0,1.2719961526003374,1209571223,solar_array_degradation
3840.0,64.0,1.0666666666666667,0,0.0,364.86289650954785,364.86289650954785,95.31249999999997,95.63662463546346,29.8125,29.7831344387652,12.238587723590703,12.233133330233503,23.237676319834975,23.263910288518595,25.030187740175307,24.936513153028898,12.982642357442005,18.243144825477394,3371.5724127386966,3285.202672867986,3289.265549362721,0.0029311165050767297,0.22327791262691823,0.2188617386050685,23.933840573975722,24.18401831777013,0.0,0.0,0.0,0.0,False,none,0.0,0.0,nominal,0.7402697594025334,0.0,8,solar_array_degradation,2.365525479239904,0.7402697594025334,abrupt,0.0,1.2719961526003374,1209571223,solar_array_degradation
3900.0,65.0,1.0833333333333333,0,0.0,367.3205080756888,367.3205080756888,94.76589210107781,95.20796369829718,29.790635684043114,29.797402654689254,12.330066131231911,12.293069450056304,23.256125070129446,23.507131481990253,25.030678289061473,24.951883444657568,13.162442464044181,18.36602540378444,3433.0127018922194,3359.107687380103,3361.3179168576585,0.0026228799942983206,0.215571999857458,0.20611862353726332,23.92157025349694,23.873561039373996,0.0,0.0,0.0,0.0,False,none,0.0,0.0,nominal,0.7402697594025334,0.0,8,solar_array_degradation,2.365525479239904,0.7402697594025334,abrupt,0.0,1.2719961526003374,1209571223,solar_array_degradation
3960.0,66.0,1.1,0,0.0,369.0211303259031,369.0211303259031,94.21675351428333,94.43541228790488,29.768670140571334,29.762158446047707,12.396292094451642,12.334386045882585,23.27489980175959,23.249509603797748,25.031334975781572,24.959974825694214,13.293444615277142,18.451056516295154,3475.5282581475767,3417.31797276384,3418.8251149260445,0.0022274715765936287,0.2056867894148407,0.1994166347521146,23.909427482785624,23.939682639137974,0.0,0.0,0.0,0.0,False,none,0.0,0.0,nominal,0.7402697594025334,0.0,8,solar_array_degradation,2.365525479239904,0.7402697594025334,abrupt,0.0,1.2719961526003374,1209571223,solar_array_degradation
4020.0,67.0,1.1166666666666667,0,0.0,369.8904379073655,369.8904379073655,93.6663213150164,93.25409604627026,29.746652852600654,29.67506420357617,12.434691047097997,12.423856098337767,23.293816147332176,23.32660202905343,25.032073339766058,25.07317924614185,13.369723314942329,18.494521895368276,3497.2609476841367,3457.2894602239876,3457.880384970405,0.001762172497196506,0.19405431242991264,0.198925917272372,23.897389123596383,24.083363349620782,0.0,0.0,0.0,0.0,False,none,0.0,0.0,nominal,0.7402697594025334,0.0,8,solar_array_degradation,2.365525479239904,0.7402697594025334,abrupt,0.0,1.2719961526003374,1209571223,solar_array_degradation
4080.0,68.0,1.1333333333333333,0,0.0,369.8904379073655,369.8904379073655,93.11588911574948,93.15234334645733,29.724635564629978,29.724788260629726,12.443901527509611,12.44594615982756,23.312680099841877,23.57899738539099,25.032805796838666,25.05887073088356,13.388054818108483,18.494521895368276,3497.2609476841367,3477.2752039540624,3474.8873698550387,0.0012473185586292885,0.18118296396573222,0.18968006608472776,23.885431681569983,23.91558071653047,0.0,0.0,0.0,0.0,False,none,0.0,0.0,nominal,0.7402697594025334,0.0,8,solar_array_degradation,2.365525479239904,0.7402697594025334,abrupt,0.0,1.2719961526003374,1209571223,solar_array_degradation
4140.0,69.0,1.15,0,0.0,369.0211303259031,369.0211303259031,92.56675052895498,92.7620648391809,29.702670021158198,29.718223463042843,12.42383698378082,12.357284446917479,23.33129781268271,23.55243634544934,25.033445463496548,25.189997392117498,13.348138031964808,18.451056516295154,3475.5282581475767,3476.4017310508193,3485.445461736956,0.0007054113485506565,0.1676352837137664,0.1654278750838257,23.873532321261713,23.846530614966643,0.0,0.0,0.0,0.0,False,none,0.0,0.0,nominal,0.7402697594025334,0.0,8,solar_array_degradation,2.365525479239904,0.7402697594025334,abrupt,0.0,1.2719961526003374,1209571223,solar_array_degradation
4200.0,70.0,1.1666666666666667,0,0.0,367.3205080756888,367.3205080756888,92.02014263003282,91.78645597173305,29.680805705201312,29.619921543919286,12.375691944619918,12.42995702837347,23.349485426102113,23.524502706286523,25.033909950596144,25.00122572672996,13.252620088650426,18.36602540378444,3433.0127018922194,3454.7072164715196,3449.876475448168,0.00016013481240036284,0.15400337031000907,0.16543148892670473,23.861669839808748,23.809660805967866,0.0,0.0,0.0,0.0,False,none,0.0,0.0,nominal,0.7402697594025334,0.0,8,solar_array_degradation,2.365525479239904,0.7402697594025334,abrupt,0.0,1.2719961526003374,1209571223,solar_array_degradation
4260.0,71.0,1.1833333333333333,0,0.0,364.8628965095479,364.8628965095479,91.47719189117932,91.35264741891362,29.65908767564717,29.572935717422226,12.301892104696591,12.288633901418352,23.367078260040326,23.27815479002029,25.03412496064233,24.87957436697338,13.106923948447706,18.243144825477398,3371.5724127386975,3413.1398146051083,3417.7807907071774,-0.00036467984866472153,0.15911699621661804,0.17728764670246513,23.84987478732624,24.025271119142896,0.0,0.0,0.0,0.0,False,none,0.0,0.0,nominal,0.7402697594025334,0.0,8,solar_array_degradation,2.365525479239904,0.7402697594025334,abrupt,0.0,1.2719961526003374,1209571223,solar_array_degradation
4320.0,72.0,1.2,0,0.0,361.7557050458495,361.7557050458495,90.9388649491468,91.33629999886885,29.637554597965874,29.6178480358771,12.205990337363327,12.160428668440707,23.383938777177633,23.11420482312119,25.034027531461778,25.044372227959016,12.918896009264552,18.087785252292473,3293.8926261462366,3353.516220375672,3355.098536065249,-0.0008460957156159048,0.1711523928903976,0.1698492309011254,23.838147159474104,23.855237234709502,0.0,0.0,0.0,0.0,False,none,0.0,0.0,nominal,0.7402697594025334,0.0,8,solar_array_degradation,2.365525479239904,0.7402697594025334,abrupt,0.0,1.2719961526003374,1209571223,solar_array_degradation
4380.0,73.0,1.2166666666666666,0,0.0,358.134732861516,358.134732861516,90.40592635857907,90.34906660092021,29.616237054343163,29.612074004456083,12.092513042908543,12.143337343591744,23.39996284363268,23.568581249349958,25.033568784496236,24.9955791389398,12.698309735433059,17.9067366430758,3203.3683215379006,3278.4422709567866,3270.561528693294,-0.001263072604977771,0.18157681512444426,0.17526935612950822,23.826466278432534,23.899228884258292,0.0,0.0,0.0,0.0,False,none,0.0,0.0,nominal,0.7402697594025334,0.0,8,solar_array_degradation,2.365525479239904,0.7402697594025334,abrupt,0.0,1.2719961526003374,1209571223,solar_array_degradation
4440.0,74.0,1.2333333333333334,0,0.0,354.15823381635516,354.15823381635516,89.87890517730473,89.91259862196208,29.595156207092188,29.5416980982713,11.966763457443236,11.989423154586639,23.41508398060992,23.47332073333631,25.032716057601903,24.90689105352023,12.456274211711902,17.70791169081776,3103.9558454088797,3191.199058182833,3201.1585180589627,-0.0015973866258081216,0.18993466564520303,0.19563823401622937,23.81481341458936,23.816075358231583,0.0,0.0,0.0,0.0,False,none,0.0,0.0,nominal,0.7402697594025334,0.0,8,solar_array_degradation,2.365525479239904,0.7402697594025334,abrupt,0.0,1.2719961526003374,1209571223,solar_array_degradation
4500.0,75.0,1.25,0,0.0,350.0,350.0,89.3580718439714,89.75083824940288,29.574322873758856,29.606514584080074,11.834590482223794,11.813964876132546,23.429275485228114,23.564975948209526,25.031454329141088,25.2347362410222,12.20460255055536,17.5,3000.0000000000005,3095.599529091417,3094.013641899607,-0.0018344266511799855,0.19586066627949963,0.19853801756693215,23.80317254337472,23.9748138690438,0.0,0.0,0.0,0.0,False,none,0.0,0.0,nominal,0.7402697594025334,0.0,8,solar_array_degradation,2.365525479239904,0.7402697594025334,abrupt,0.0,1.2719961526003374,1209571223,solar_array_degradation
4560.0,76.0,1.2666666666666666,0,0.0,345.8417661836448,345.8417661836448,88.84342635857907,88.7235033135473,29.553737054343163,29.493306810489024,11.702133153168205,11.73042586117671,23.442550477739275,23.560591325929735,25.029786871126323,25.141095250032024,11.955193626758275,17.29208830918224,2896.04415459112,2995.8218418412685,2990.7166660719877,-0.0019638328945404205,0.1990958223635105,0.20042271353829105,23.791530991212568,23.823309777632385,0.0,0.0,0.0,0.0,False,none,0.0,0.0,nominal,0.7402697594025334,0.0,8,solar_array_degradation,2.365525479239904,0.7402697594025334,abrupt,0.0,1.2719961526003374,1209571223,solar_array_degradation
4620.0,77.0,1.2833333333333334,0,0.0,341.865267138484,341.865267138484,88.33469828248013,88.82108560000026,29.533387931299206,29.4883696589871,11.575551979804471,11.59420959531964,23.454960082509412,23.27627589632701,25.027735102871162,25.240843616788112,11.719472290972417,17.0932633569242,2796.631678462101,2896.226760151685,2909.345006118057,-0.001979949682094438,0.19949874205236096,0.20369556903028177,23.779879946612933,23.810438142001857,0.0,0.0,0.0,0.0,False,none,0.0,0.0,nominal,0.7402697594025334,0.0,8,solar_array_degradation,2.365525479239904,0.7402697594025334,abrupt,0.0,1.2719961526003374,1209571223,solar_array_degradation
4680.0,78.0,1.3,0,0.0,338.2442949541506,338.2442949541506,87.83135855784599,87.38929061451354,29.51325434231384,29.58330687969389,11.46075898750352,11.404311785978159,23.466590054432928,23.607696516749215,25.02533765154361,24.73781270092692,11.507919725571414,16.91221474770753,2706.107373853764,2801.1670670027247,2793.7988548263675,-0.0018820726328891081,0.1970518158222277,0.19178834148114327,23.768214816356704,23.816338969115083,0.0,0.0,0.0,0.0,False,none,0.0,0.0,nominal,0.7402697594025334,0.0,8,solar_array_degradation,2.365525479239904,0.7402697594025334,abrupt,0.0,1.2719961526003374,1209571223,solar_array_degradation
4740.0,79.0,1.3166666666666667,0,0.0,335.1371034904521,335.1371034904521,87.33264263003281,87.41222916991319,29.493305705201312,29.506288405629117,11.363158366861153,11.388166387664894,23.477556212258428,23.51685557602924,25.022648660680304,25.04620875885799,11.32970944562933,16.756855174522606,2628.4275872613025,2714.7973271320134,2710.737853322346,-0.0016744794436408268,0.19186198609102068,0.19164089343560253,23.756535411132372,23.759464723137278,0.0,0.0,0.0,0.0,False,none,0.0,0.0,nominal,0.7402697594025334,0.0,8,solar_array_degradation,2.365525479239904,0.7402697594025334,abrupt,0.0,1.2719961526003374,1209571223,solar_array_degradation
4800.0,80.0,1.3333333333333333,0,0.0,332.67949192431126,332.67949192431126,86.8375838622883,86.81503971506793,29.473503354491534,29.4891265538885,11.287409166227043,11.29947236931536,23.487999036501098,23.64770521824313,25.019735420587292,24.946789309573262,11.192448454866103,16.633974596215563,2566.987298107781,2640.8923126198974,2649.4449808017216,-0.0013662429328623821,0.18415607332155953,0.1786632722826817,23.74484595008817,23.622698384154997,0.0,0.0,0.0,0.0,False,none,0.0,0.0,nominal,0.7402697594025334,0.0,8,solar_array_degradation,2.365525479239904,0.7402697594025334,abrupt,0.0,1.2719961526003374,1209571223,solar_array_degradation
4860.0,81.0,1.35,0,0.0,330.9788696740969,330.9788696740969,86.34505578241614,86.04683543136923,29.453802231296645,29.436892631419525,11.237220480906524,11.285810699819052,23.498077742051827,23.55182649185515,25.01667542419,25.02191312180798,11.102009930920405,16.548943483704846,2524.4717418524233,2582.6820272361606,2589.2762031049124,-0.0009708345151577116,0.17427086287894278,0.15792477714405784,23.733154879745946,23.7429657122897,0.0,0.0,0.0,0.0,False,none,0.0,0.0,nominal,0.7402697594025334,0.0,8,solar_array_degradation,2.365525479239904,0.7402697594025334,abrupt,0.0,1.2719961526003374,1209571223,solar_array_degradation
4920.0,82.0,1.3666666666666667,0,0.0,330.1095620926345,330.1095620926345,85.85382131501638,85.97585640941419,29.434152852600654,29.39311312815896,11.215188143709993,11.21900397283301,23.5079640609592,23.28986338845746,25.013552977005745,25.181048349761127,11.062435607905055,16.505478104631727,2502.7390523158633,2542.710539776012,2549.828576571461,-0.0005055354357605888,0.16263838589401472,0.1603405428195305,23.721474509658062,23.76009897888205,0.0,0.0,0.0,0.0,False,none,0.0,0.0,nominal,0.7402697594025334,0.0,8,solar_array_degradation,2.365525479239904,0.7402697594025334,abrupt,0.0,1.2719961526003374,1209571223,solar_array_degradation
4980.0,83.0,1.3833333333333333,0,0.0,330.1095620926345,330.1095620926345,85.36258684761663,85.63443507563635,29.414503473904666,29.417630537905254,11.222680076360769,11.16369372459785,23.517835889419135,23.62712564466987,25.010455509398962,25.062865745603553,11.075883847707596,16.505478104631727,2502.7390523158633,2522.724796045938,2511.736036517013,9.318502806628603e-06,0.15023296257016572,0.14836852545740797,23.709821732973435,23.758594127044365,0.0,0.0,0.0,0.0,False,none,0.0,0.0,nominal,0.7402697594025334,0.0,8,solar_array_degradation,2.365525479239904,0.7402697594025334,abrupt,0.0,1.2719961526003374,1209571223,solar_array_degradation
5040.0,84.0,1.4,0,0.0,330.9788696740969,330.9788696740969,84.87005876774447,85.24112707200061,29.394802350709778,29.38130044194326,11.259775307388825,11.24162039905877,23.527870884742057,23.5396270191576,25.00746975229118,25.106391316994028,11.142603197830649,16.548943483704846,2524.4717418524233,2523.5982689491807,2532.992643234924,0.0005512257128852607,0.1637806428221315,0.17561891361848184,23.698286708467702,23.83162203574923,0.0,0.0,0.0,0.0,False,none,0.0,0.0,nominal,0.7402697594025334,0.0,8,solar_array_degradation,2.365525479239904,0.7402697594025334,abrupt,0.0,1.2719961526003374,1209571223,solar_array_degradation
5100.0,85.0,1.4166666666666667,0,0.0,332.6794919243112,332.6794919243112,84.37499999999994,84.37988623166753,29.374999999999996,29.415272042985276,11.325259299551021,11.282950604698875,23.538240058954155,23.49648635318804,25.004677943465282,25.081013352191942,11.260919856165351,16.633974596215563,2566.9872981077806,2545.292783528481,2550.0339226779224,0.0010965022490355544,0.17741255622588886,0.1741796517053753,23.686889425007415,23.80499888395606,0.0,0.0,0.0,0.0,False,none,0.0,0.0,nominal,0.7402697594025334,0.0,8,solar_array_degradation,2.365525479239904,0.7402697594025334,abrupt,0.0,1.2719961526003374,1209571223,solar_array_degradation
5160.0,86.0,1.4333333333333333,0,0.0,335.1371034904521,335.1371034904521,83.87628407218678,84.26829286163229,29.355051362887473,29.39313383074885,11.416675765526126,11.358914231333587,23.549101414743138,23.33286047235974,25.002154230266605,25.036780721479673,11.427238842812123,16.756855174522606,2628.4275872613025,2586.860185394892,2574.42870325091,0.0016213169101006388,0.19053292275251596,0.2002207471423769,23.67564755613369,23.588146050732092,0.0,0.0,0.0,0.0,False,none,0.0,0.0,nominal,0.7402697594025334,0.0,8,solar_array_degradation,2.365525479239904,0.7402697594025334,abrupt,0.0,1.2719961526003374,1209571223,solar_array_degradation
5220.0,87.0,1.45,0,0.0,338.2442949541505,338.2442949541505,83.37294434755262,84.0111942861975,29.334917773902106,29.40444749151509,11.530432693255085,11.536253532563716,23.56059370707966,23.551596305579526,24.99996142591989,25.108042071716923,11.636070247494857,16.912214747707527,2706.107373853763,2646.483779624328,2645.1228529094965,0.002102732777051808,0.2025683194262952,0.19630017122373064,23.66457564037979,23.629070833895756,0.0,0.0,0.0,0.0,False,none,0.0,0.0,nominal,0.7402697594025334,0.0,8,solar_array_degradation,2.365525479239904,0.7402697594025334,abrupt,0.0,1.2719961526003374,1209571223,solar_array_degradation
5280.0,88.0,1.4666666666666666,0,0.0,341.86526713848394,341.86526713848394,82.86421627145369,82.64131117185823,29.31456865085815,29.285920701586242,11.66195795715644,11.68011991134331,23.57283048174238,23.447739077765984,24.998148261226376,24.888188042427377,11.880101071558753,17.093263356924197,2796.6316784620985,2721.557729043213,2711.3702917010432,0.0025197096664136814,0.21299274166034204,0.20306839309229707,23.653684389614575,23.578922539332595,0.0,0.0,0.0,0.0,False,none,0.0,0.0,nominal,0.7402697594025334,0.0,8,solar_array_degradation,2.365525479239904,0.7402697594025334,abrupt,0.0,1.2719961526003374,1209571223,solar_array_degradation
5340.0,89.0,1.4833333333333334,0,0.0,345.8417661836448,345.8417661836448,82.34957078606136,82.40791980854586,29.293982831442456,29.296100629224167,11.80589775632825,11.837774765395855,23.585894624674026,23.620133624940202,24.99674725175493,24.83627968423976,12.150337746630113,17.29208830918224,2896.0441545911194,2808.800941817166,2808.6478985392864,0.002854023687244032,0.22135059218110079,0.22444456533348625,23.64298016069164,23.580893686107416,0.0,0.0,0.0,0.0,False,none,0.0,0.0,nominal,0.7402697594025334,0.0,8,solar_array_degradation,2.365525479239904,0.7402697594025334,abrupt,0.0,1.2719961526003374,1209571223,solar_array_degradation
5400.0,90.0,1.5,1,600.0,350.0,-250.0,82.72159459558517,82.95721565159825,29.308863783823405,29.266665131081268,-8.529842775344427,-8.541297707074863,23.599114781665207,23.59871042264617,25.01177327374089,24.76529066695021,6.820657421767642,17.5,2999.9999999999995,2904.400470908583,2910.1449753251354,0.003091063712615916,0.22727659281539792,0.22080333468731525,23.632464619262734,23.827587533661166,0.0,0.0,0.0,0.0,False,none,0.0,0.0,nominal,0.7402697594025334,0.0,8,solar_array_degradation,2.365525479239904,0.7402697594025334,abrupt,0.0,1.2719961526003374,1209571223,solar_array_degradation
5460.0,91.0,1.5166666666666666,1,601.2556165273943,354.1582338163552,-247.09738271103907,83.08929903414327,83.4458159460475,29.32357196136573,29.33789511646112,-8.426578557230128,-8.407548864201793,23.611788686623527,23.641701234547007,25.027094910932597,25.29981463199712,6.680578094493646,17.707911690817763,3103.9558454088797,3004.1781581587315,3010.9041552974827,0.0032204699559763308,0.23051174889940826,0.22812771053989933,23.622134615934012,23.551786654311154,0.0,0.0,0.0,0.0,False,none,0.0,0.0,nominal,0.7402697594025334,0.0,8,solar_array_degradation,2.365525479239904,0.7402697594025334,abrupt,0.0,1.2719961526003374,1209571223,solar_array_degradation
5520.0,92.0,1.5333333333333334,1,602.5051158172811,358.13473286151606,-244.37038295576502,83.45294543735125,83.2900505165731,29.33811781749405,29.327367982673472,-8.32944991481523,-8.320153767494897,23.623952550739364,23.571819008378927,25.042691624931287,24.881636137064344,6.550378870673236,17.906736643075803,3203.368321537901,3103.7732398483167,3106.8500150272284,0.0032365867435303836,0.2309146685882596,0.22429739199511547,23.611982284433054,23.709743771951295,0.0,0.0,0.0,0.0,False,none,0.0,0.0,nominal,0.7402697594025334,0.0,8,solar_array_degradation,2.365525479239904,0.7402697594025334,abrupt,0.0,1.2719961526003374,1209571223,solar_array_degradation
5580.0,93.0,1.55,1,603.7424104347197,361.7557050458494,-241.98670538887023,83.81304470132278,83.90496078172615,29.35252178805291,29.31369116639704,-8.244153846003238,-8.270155677557412,23.63566645480468,23.87716977619298,25.05852566243642,24.939310588211043,6.437285810925598,18.087785252292473,3293.892626146236,3198.8329329972757,3202.074357499032,0.0031387096943250046,0.22846774235812511,0.23110498625533174,23.60199535978532,23.642548596975896,0.0,0.0,0.0,0.0,False,none,0.0,0.0,nominal,0.7402697594025334,0.0,8,solar_array_degradation,2.365525479239904,0.7402697594025334,abrupt,0.0,1.2719961526003374,1209571223,solar_array_degradation
5640.0,94.0,1.5666666666666667,1,604.961472404706,364.8628965095479,-240.0985758951581,84.1703342487858,84.52992714271043,29.366813369951434,29.361576046410068,-8.175847098917126,-8.207920897858214,23.64701098295182,23.593958027313437,25.07454374678788,25.09821911292326,6.3475580627897275,18.243144825477398,3371.572412738697,3285.202672867987,3282.144460389057,0.002931116505076744,0.2232779126269186,0.22563748864860128,23.59215770252091,23.46158517963691,0.0,0.0,0.0,0.0,False,none,0.0,0.0,nominal,0.7402697594025334,0.0,8,solar_array_degradation,2.365525479239904,0.7402697594025334,abrupt,0.0,1.2719961526003374,1209571223,solar_array_degradation
5700.0,95.0,1.5833333333333333,1,606.1563625798619,367.32050807568874,-238.8358545041732,84.52574474655987,84.26686367271354,29.381029789862396,29.363858346562207,-8.128913663420365,-8.193460830406938,23.65808338034673,23.696298254255314,25.09067944762115,25.174228098556892,6.286338987787384,18.366025403784437,3433.012701892219,3359.107687380103,3360.209253525255,0.0026228799942982993,0.21557199985745748,0.21484732202185783,23.582450003578042,23.59631864990814,0.0,0.0,0.0,0.0,False,none,0.0,0.0,nominal,0.7402697594025334,0.0,8,solar_array_degradation,2.365525479239904,0.7402697594025334,abrupt,0.0,1.2719961526003374,1209571223,solar_array_degradation
5760.0,96.0,1.6,1,607.3212595753644,369.0211303259031,-238.3001292494613,84.88035803413348,84.45900890166608,29.395214321365337,29.390786896408628,-8.106766177794373,-8.119538546696612,23.668993455494366,23.503373254860993,25.10685612507277,25.153912481427056,6.257572628914463,18.451056516295154,3475.5282581475767,3417.31797276384,3416.0201990396295,0.0022274715765936287,0.2056867894148407,0.20291836202479285,23.572850634741116,23.37253842200486,0.0,0.0,0.0,0.0,False,none,0.0,0.0,nominal,0.7402697594025334,0.0,8,solar_array_degradation,2.365525479239904,0.7402697594025334,abrupt,0.0,1.2719961526003374,1209571223,solar_array_degradation
5820.0,97.0,1.6166666666666667,1,608.450488130146,369.8904379073655,-238.56005022278055,85.23535810886975,85.30448929080323,29.409414324354792,29.343463294944648,-8.111689936824822,-8.088287961574203,23.67985936506305,23.36329832426259,25.122990319862925,25.055946329980877,6.263961090494807,18.494521895368276,3497.260947684136,3457.2894602239876,3447.6080348298437,0.001762172497196499,0.19405431242991247,0.20177111754233254,23.56333660191221,23.67707631374659,0.0,0.0,0.0,0.0,False,none,0.0,0.0,nominal,0.7402697594025334,0.0,8,solar_array_degradation,2.365525479239904,0.7402697594025334,abrupt,0.0,1.2719961526003374,1209571223,solar_array_degradation
5880.0,98.0,1.6333333333333333,1,609.5385467561977,369.8904379073655,-239.64810884883218,85.59197731846623,85.39688334057526,29.42367909273865,29.403016115753395,-8.1447363565073,-8.215106978720787,23.690803336957206,23.70044616880375,25.138995441094757,25.21394112273054,6.306938425360945,18.494521895368276,3497.2609476841367,3477.2752039540624,3482.6190297356648,0.0012473185586292885,0.18118296396573222,0.18655082690059563,23.55388455379844,23.447220802187132,0.0,0.0,0.0,0.0,False,none,0.0,0.0,nominal,0.7402697594025334,0.0,8,solar_array_degradation,2.365525479239904,0.7402697594025334,abrupt,0.0,1.2719961526003374,1209571223,solar_array_degradation
5940.0,99.0,1.65,1,610.5801345412646,369.0211303259031,-241.55900421536148,85.95144012235814,86.35420867396877,29.438057604894325,29.464570409572463,-8.205670613783983,-8.162886255609395,23.70194732499464,23.725761185412882,25.15478559059859,25.29250627751064,6.386642417753441,18.451056516295154,3475.5282581475763,3476.4017310508193,3482.884959477992,0.0007054113485506565,0.1676352837137664,0.1620111417473417,23.544471796948457,23.39691997308229,0.0,0.0,0.0,0.0,False,none,0.0,0.0,nominal,0.7402697594025334,0.0,8,solar_array_degradation,2.365525479239904,0.7402697594025334,abrupt,0.0,1.2719961526003374,1209571223,solar_array_degradation
6000.0,100.0,1.6666666666666667,1,611.5701769743577,367.3205080756888,-244.24966889866886,86.3149068915526,86.52299450323754,29.452596275662103,29.405272699276278,-8.29297582503796,-8.296570587397746,23.713408560520584,23.55518239611051,25.17027935668137,25.2386311787509,6.5018758427731225,18.36602540378444,3433.0127018922194,3454.7072164715196,3460.8309441033475,0.00016013481240036284,0.15400337031000907,0.16569171954841452,23.53507726942784,23.74202263297201,0.0,0.0,0.0,0.0,False,none,0.0,0.0,nominal,0.7402697594025334,0.0,8,solar_array_degradation,2.365525479239904,0.7402697594025334,abrupt,0.0,1.2719961526003374,1209571223,solar_array_degradation
6060.0,101.0,1.6833333333333333,1,612.503850668262,364.86289650954785,-247.64095415871412,86.68342021619354,86.21162242424238,29.46733680864774,29.424090577773555,-8.403913654186736,-8.411337650636149,23.725294979746,23.623578820593483,25.185403411478873,25.229976199699735,6.650061176562101,18.243144825477394,3371.5724127386966,3413.1398146051083,3417.9395282139344,-0.00036467984866473584,0.1591169962166184,0.1668989101368624,23.52573166122319,23.6541145900964,0.0,0.0,0.0,0.0,False,none,0.0,0.0,nominal,0.7402697594025334,0.0,8,solar_array_degradation,2.365525479239904,0.7402697594025334,abrupt,0.0,1.2719961526003374,1209571223,solar_array_degradation
6120.0,102.0,1.7,1,613.376606858593,361.7557050458495,-251.62090181274357,87.0578560819863,86.8726101401127,29.482314243279454,29.43451210805193,-8.534638757881803,-8.545358820431128,23.737700558861533,23.80667969774044,25.200095754691628,25.10385069756217,6.827204698203059,18.087785252292473,3293.892626146237,3353.516220375672,3347.7289562291026,-0.0008460957156158976,0.17115239289039744,0.1793751807610612,23.51643510681683,23.45113114903662,0.0,0.0,0.0,0.0,False,none,0.0,0.0,nominal,0.7402697594025334,0.0,8,solar_array_degradation,2.365525479239904,0.7402697594025334,abrupt,0.0,1.2719961526003374,1209571223,solar_array_degradation
6180.0,103.0,1.7166666666666666,1,614.184193564921,358.134732861516,-256.049460703405,87.4388820651759,87.67504319611957,29.497555282607035,29.479942280930597,-8.680362092731874,-8.6773938722799,23.75070067179128,23.673821922728596,25.214308461940245,25.22729139107269,7.027894884874919,17.9067366430758,3203.3683215379,3278.4422709567857,3280.923756363589,-0.001263072604977778,0.18157681512444446,0.18007037360353886,23.507167066170187,23.53079876762887,0.0,0.0,0.0,0.0,False,none,0.0,0.0,nominal,0.7402697594025334,0.0,8,solar_array_degradation,2.365525479239904,0.7402697594025334,abrupt,0.0,1.2719961526003374,1209571223,solar_array_degradation
6240.0,104.0,1.7333333333333334,1,614.9226763059908,354.1582338163552,-260.76444248963554,87.82692439030927,88.345463942455,29.51307697561237,29.495910815428275,-8.835555936953433,-8.855807501713057,23.764347680751207,23.82140367674973,25.228009817626358,25.373585884235226,7.245363897202646,17.707911690817763,3103.9558454088806,3191.199058182833,3191.3372079069813,-0.0015973866258081003,0.1899346656452025,0.18968801380780084,23.497908946418978,23.50041826972813,0.0,0.0,0.0,0.0,False,none,0.0,0.0,nominal,0.7402697594025334,0.0,8,solar_array_degradation,2.365525479239904,0.7402697594025334,abrupt,0.0,1.2719961526003374,1209571223,solar_array_degradation
6300.0,105.0,1.75,1,615.5884572681198,350.0,-265.5884572681198,88.22214530886303,88.13016421624,29.52888581235452,29.55292692302522,-8.994191618195119,-9.012308948904833,23.778667056763982,23.667938119366134,25.241185739085346,24.8771572165197,7.471638629184906,17.5,3000.0000000000005,3095.599529091417,3080.4161290776965,-0.0018344266511799855,0.19586066627949963,0.19023766154005067,23.48864485871562,23.485204236292144,0.0,0.0,0.0,0.0,False,none,0.0,0.0,nominal,0.7402697594025334,0.0,8,solar_array_degradation,2.365525479239904,0.7402697594025334,abrupt,0.0,1.2719961526003374,1209571223,solar_array_degradation
6360.0,106.0,1.7666666666666666,1,616.178292833385,345.8417661836449,-270.33652664974005,88.62443180685372,88.60171133345386,29.54497727227415,29.493613383929606,-9.149999479046192,-9.150620596060966,23.793654385214477,23.92686621598958,25.253840429791026,25.20262941196987,7.697799237323648,17.292088309182244,2896.0441545911217,2995.82184184127,2988.9797569937814,-0.0019638328945403845,0.1990958223635096,0.2033706761590352,23.479362264188413,23.317867325810223,0.0,0.0,0.0,0.0,False,none,0.0,0.0,nominal,0.7402697594025334,0.0,8,solar_array_degradation,2.365525479239904,0.7402697594025334,abrupt,0.0,1.2719961526003374,1209571223,solar_array_degradation
6420.0,107.0,1.7833333333333334,1,616.6893093822022,341.86526713848406,-274.8240422437181,89.03339615543068,88.89963608943357,29.561335846217226,29.61906564976592,-9.296739622099507,-9.326505759496646,23.80927362359682,23.913118197604547,25.265996233066545,25.095646824998656,7.9143494080891905,17.093263356924204,2796.631678462101,2896.226760151685,2896.7697632348722,-0.0019799496820944516,0.1994987420523613,0.19587706052683268,23.47005248504146,23.472332676331796,0.0,0.0,0.0,0.0,False,none,0.0,0.0,nominal,0.7402697594025334,0.0,8,solar_array_degradation,2.365525479239904,0.7402697594025334,abrupt,0.0,1.2719961526003374,1209571223,solar_array_degradation
6480.0,108.0,1.8,1,617.1190172933127,338.24429495415063,-278.8747223391621,89.44838830176872,89.72771272090144,29.57793553207075,29.58348444438742,-9.428471504942728,-9.47517254430537,23.82545693516711,23.8693749706905,25.27769269269743,25.341594011411377,8.111685993561359,16.912214747707534,2706.1073738537652,2801.167067002725,2793.6496860769175,-0.0018820726328890943,0.19705181582222736,0.1937776336735808,23.460711060747016,23.483914517626587,0.0,0.0,0.0,0.0,False,none,0.0,0.0,nominal,0.7402697594025334,0.0,8,solar_array_degradation,2.365525479239904,0.7402697594025334,abrupt,0.0,1.2719961526003374,1209571223,solar_array_degradation
6540.0,109.0,1.8166666666666667,1,617.465323072968,335.1371034904521,-282.3282195825159,89.86851958090936,90.01039101496517,29.594740783236375,29.590284747767384,-9.539810524119803,-9.571489311442216,23.842106322845737,23.93515874861138,25.288984861504893,25.122048671563846,8.280638786888556,16.756855174522606,2628.427587261303,2714.7973271320143,2711.5169895827926,-0.0016744794436408268,0.19186198609102068,0.18861135028299084,23.451337933689757,23.4496264603717,0.0,0.0,0.0,0.0,False,none,0.0,0.0,nominal,0.7402697594025334,0.0,8,solar_array_degradation,2.365525479239904,0.7402697594025334,abrupt,0.0,1.2719961526003374,1209571223,solar_array_degradation
6600.0,110.0,1.8333333333333333,1,617.7265395542198,332.6794919243112,-285.0470476299086,90.29269673512054,90.42262220341989,29.61170786940482,29.594842352028028,-9.626160331144652,-9.607575589394056,23.859097141634237,23.90026247864957,25.299940931805285,25.410756889933275,8.413037017672233,16.633974596215563,2566.98729810778,2640.8923126198974,2635.980298928651,-0.0013662429328624107,0.18415607332156025,0.19153241669820714,23.441937453726375,23.42556222538104,0.0,0.0,0.0,0.0,False,none,0.0,0.0,nominal,0.7402697594025334,0.0,8,solar_array_degradation,2.365525479239904,0.7402697594025334,abrupt,0.0,1.2719961526003374,1209571223,solar_array_degradation
6660.0,111.0,1.85,1,617.9013941166289,330.9788696740969,-286.922524442532,90.71966477744574,90.79895115772582,29.62878659109783,29.616863247227887,-9.683910731894091,-9.6741350938876,23.876283392667975,23.67667335371999,25.310639291318253,25.463412095432226,8.502250165063485,16.548943483704846,2524.4717418524233,2582.6820272361606,2580.1073595957605,-0.0009708345151577116,0.17427086287894278,0.1693057787504009,23.432518197106866,23.430166792870068,0.0,0.0,0.0,0.0,False,none,0.0,0.0,nominal,0.7402697594025334,0.0,8,solar_array_degradation,2.365525479239904,0.7402697594025334,abrupt,0.0,1.2719961526003374,1209571223,solar_array_degradation
6720.0,112.0,1.8666666666666667,1,617.9890348863438,330.1095620926345,-287.8794727937093,91.14805685005543,91.61209847105692,29.645922274002217,29.577104992512727,-9.710592577724025,-9.722419195382768,23.893504521168115,23.80982356514617,25.32116513319697,25.35789504984277,8.543648656843914,16.505478104631727,2502.7390523158633,2542.710539776012,2532.596570831798,-0.0005055354357605888,0.16263838589401472,0.16107445614802923,23.423092602138773,23.470792886840545,0.0,0.0,0.0,0.0,False,none,0.0,0.0,nominal,0.7402697594025334,0.0,8,solar_array_degradation,2.365525479239904,0.7402697594025334,abrupt,0.0,1.2719961526003374,1209571223,solar_array_degradation
6780.0,113.0,1.8833333333333333,1,617.9890348863438,330.1095620926345,-287.8794727937093,91.57644892266512,91.7712036029679,29.663057956906606,29.675440319258712,-9.704982986310108,-9.693853951358854,23.91059327931166,23.767428868568484,25.33160676834066,25.273774931809054,8.534935581165493,16.505478104631727,2502.7390523158633,2522.724796045938,2514.366206476528,9.318502806628603e-06,0.15023296257016572,0.14977907275636193,23.41367768976054,23.451273967227074,0.0,0.0,0.0,0.0,False,none,0.0,0.0,nominal,0.7402697594025334,0.0,8,solar_array_degradation,2.365525479239904,0.7402697594025334,abrupt,0.0,1.2719961526003374,1209571223,solar_array_degradation
6840.0,114.0,1.9,1,617.9013941166289,330.9788696740969,-286.922524442532,92.00341696499031,92.05201990506941,29.680136678599613,29.70921733920008,-9.667156440334484,-9.67070747364127,23.92738409660696,23.86078360915605,25.342051801161343,25.195220426957977,8.47631309135204,16.548943483704846,2524.4717418524233,2523.5982689491807,2523.9688085742437,0.0005512257128852607,0.1637806428221315,0.1714941626328992,23.404363745578905,23.239522638332044,0.0,0.0,0.0,0.0,False,none,0.0,0.0,nominal,0.7402697594025334,0.0,8,solar_array_degradation,2.365525479239904,0.7402697594025334,abrupt,0.0,1.2719961526003374,1209571223,solar_array_degradation
6900.0,115.0,1.9166666666666667,1,617.7265395542198,332.6794919243112,-285.0470476299086,92.4275941192015,92.44137790672079,29.69710376476806,29.771278280235695,-9.598479699831257,-9.591101070652215,23.94372134204014,24.032239665804035,25.352583335944484,25.422925350407553,8.370465003845819,16.633974596215563,2566.9872981077797,2545.2927835284804,2541.4675863406583,0.0010965022490355475,0.1774125562258887,0.17269594806112507,23.395170884340285,23.54564657163631,0.0,0.0,0.0,0.0,False,none,0.0,0.0,nominal,0.7402697594025334,0.0,8,solar_array_degradation,2.365525479239904,0.7402697594025334,abrupt,0.0,1.2719961526003374,1209571223,solar_array_degradation
6960.0,116.0,1.9333333333333333,1,617.465323072968,335.1371034904521,-282.3282195825159,92.84772539834213,92.69477034228807,29.713909015933687,29.704839794143165,-9.501550921190516,-9.499206350010164,23.959466872630024,23.8751636533927,25.363276379605974,25.27280513652135,8.222357592638108,16.756855174522606,2628.427587261302,2586.860185394891,2587.526989512058,0.0016213169101006388,0.19053292275251596,0.18421319253971924,23.38611690452156,23.217095160992614,0.0,0.0,0.0,0.0,False,none,0.0,0.0,nominal,0.7402697594025334,0.0,8,solar_array_degradation,2.365525479239904,0.7402697594025334,abrupt,0.0,1.2719961526003374,1209571223,solar_array_degradation
7020.0,117.0,1.95,1,617.1190172933127,338.24429495415046,-278.87472233916225,93.26271754468019,93.35198446843593,29.73050870178721,29.7573914296462,-9.380085794576333,-9.415950608100266,23.974506340597873,23.869388500616953,25.37419459806454,25.258147717726235,8.038880761089018,16.912214747707523,2706.1073738537616,2646.4837796243264,2647.7596008989003,0.0021027327770518074,0.20256831942629516,0.19593713405975177,23.37721646865475,23.190680450990463,0.0,0.0,0.0,0.0,False,none,0.0,0.0,nominal,0.7402697594025334,0.0,8,solar_array_degradation,2.365525479239904,0.7402697594025334,abrupt,0.0,1.2719961526003374,1209571223,solar_array_degradation
7080.0,118.0,1.9666666666666666,1,616.6893093822022,341.865267138484,-274.82404224371817,93.67168189325714,93.99695093389259,29.746867275730285,29.81070177855479,-9.238755788847055,-9.265556697962822,23.988753864827874,24.047060724436623,25.385387567993874,25.40067866168554,7.8283686820763965,17.0932633569242,2796.6316784621,2721.557729043213,2728.3508366579917,0.00251970966641371,0.21299274166034274,0.20067500674056787,23.36848041167747,23.270600916798035,0.0,0.0,0.0,0.0,False,none,0.0,0.0,nominal,0.7402697594025334,0.0,8,solar_array_degradation,2.365525479239904,0.7402697594025334,abrupt,0.0,1.2719961526003374,1209571223,solar_array_degradation
7140.0,119.0,1.9833333333333334,1,616.178292833385,345.84176618364484,-270.3365266497401,94.07396839124782,94.2341899244268,29.762958735649914,29.76473845582921,-9.08298563495747,-9.09501703483339,24.002154842450864,24.041310607144,25.396888644068287,25.446908203683336,7.600050243587502,17.292088309182244,2896.044154591121,2808.8009418171673,2798.162232287964,0.002854023687244053,0.2213505921811013,0.22505850428695315,23.359915212589062,23.17467582416689,0.0,0.0,0.0,0.0,False,none,0.0,0.0,nominal,0.7402697594025334,0.0,8,solar_array_degradation,2.365525479239904,0.7402697594025334,abrupt,0.0,1.2719961526003374,1209571223,solar_array_degradation
7200.0,120.0,2.0,1,615.58845726812,350.0,-265.58845726812,94.46918930980158,94.65025048594106,29.778767572392063,29.792434045045024,-8.918718903409134,-8.951794164300274,24.0146868592303,24.113399787073,25.40871353491574,25.49219522229572,7.363483750242194,17.5,2999.9999999999995,2904.4004709085834,2903.4689423997443,0.0030910637126159027,0.22727659281539755,0.22656286948125445,23.351522658270927,23.45586482539105,0.0,0.0,0.0,0.0,False,none,0.0,0.0,nominal,0.7402697594025334,0.0,8,solar_array_degradation,2.365525479239904,0.7402697594025334,abrupt,0.0,1.2719961526003374,1209571223,solar_array_degradation
7260.0,121.0,2.0166666666666666,1,614.9226763059908,354.15823381635516,-260.7644424896356,94.85723163493495,94.56719591071653,29.7942892653974,29.738773947093442,-8.752161871251051,-8.759428995225555,24.026358828053738,24.224190858640714,25.420859650018052,25.693156521215034,7.128026993646456,17.70791169081776,3103.9558454088797,3004.178158158732,3004.9468556990605,0.003220469955976323,0.23051174889940806,0.23850947955621946,23.343299719649647,23.360440676785306,0.0,0.0,0.0,0.0,False,none,0.0,0.0,nominal,0.7402697594025334,0.0,8,solar_array_degradation,2.365525479239904,0.7402697594025334,abrupt,0.0,1.2719961526003374,1209571223,solar_array_degradation
7320.0,122.0,2.033333333333333,1,614.184193564921,358.13473286151594,-256.04946070340503,95.23825761812455,95.06255011242365,29.80953030472498,29.826432715413695,-8.589516778223766,-8.610085316785549,24.037208621347652,24.105784298880643,25.43330624610406,25.381198611054455,6.902383878671007,17.9067366430758,3203.368321537899,3103.7732398483154,3104.502459125531,0.0032365867435303554,0.23091466858825888,0.2341141018074685,23.33523864987082,23.282764658932155,0.0,0.0,0.0,0.0,False,none,0.0,0.0,nominal,0.7402697594025334,0.0,8,solar_array_degradation,2.365525479239904,0.7402697594025334,abrupt,0.0,1.2719961526003374,1209571223,solar_array_degradation
7380.0,123.0,2.05,1,613.376606858593,361.7557050458494,-251.62090181274363,95.61269348391733,95.60125220062493,29.824507739356694,29.871268090761852,-8.436716005900823,-8.40454549778852,24.047299550143357,24.131637867433586,25.446015366639813,25.671686609691466,6.694254157137851,18.087785252292473,3293.892626146236,3198.8329329972757,3190.657786589217,0.0031387096943250184,0.22846774235812545,0.22232011893083237,23.327327302482303,23.420234595100926,0.0,0.0,0.0,0.0,False,none,0.0,0.0,nominal,0.7402697594025334,0.0,8,solar_array_degradation,2.365525479239904,0.7402697594025334,abrupt,0.0,1.2719961526003374,1209571223,solar_array_degradation
7440.0,124.0,2.066666666666667,1,612.503850668262,364.86289650954785,-247.64095415871412,95.98120680855826,95.99711137050407,29.83924827234233,29.8639415190711,-8.299168661974965,-8.267714758776261,24.056716072970474,23.9673784504363,25.458933533357648,25.530605765883706,6.510096038392588,18.243144825477394,3371.572412738696,3285.202672867986,3288.325937040033,0.0029311165050767227,0.22327791262691807,0.21614194568058986,23.319549655647666,23.38751964622028,0.0,0.0,0.0,0.0,False,none,0.0,0.0,nominal,0.7402697594025334,0.0,8,solar_array_degradation,2.365525479239904,0.7402697594025334,abrupt,0.0,1.2719961526003374,1209571223,solar_array_degradation
7500.0,125.0,2.0833333333333335,1,611.5701769743577,367.3205080756888,-244.24966889866886,96.3446735777527,96.22727670164352,29.85378694311011,29.94593114737677,-8.181530516182596,-8.20208121154383,24.065559094289245,24.057534418549036,25.471994115898354,25.475161572349066,6.354995326978164,18.36602540378444,3433.0127018922194,3359.107687380103,3358.5577624793527,0.0026228799942983206,0.215571999857458,0.217535256112266,23.311886517056347,23.33107704264225,0.0,0.0,0.0,0.0,False,none,0.0,0.0,nominal,0.7402697594025334,0.0,8,solar_array_degradation,2.365525479239904,0.7402697594025334,abrupt,0.0,1.2719961526003374,1209571223,solar_array_degradation
7560.0,126.0,2.1,1,610.5801345412646,369.0211303259031,-241.55900421536148,96.70413638164462,96.56705032273155,29.868165455265785,29.90402347800357,-8.087507234990705,-8.099685696920906,24.07394114593045,24.17941791578961,25.48512027600376,25.535542565994433,6.232621862082159,18.451056516295154,3475.5282581475767,3417.31797276384,3420.81333108484,0.0022274715765936287,0.2056867894148407,0.20959481547847278,23.304316374368334,23.242703349477576,0.0,0.0,0.0,0.0,False,none,0.0,0.0,nominal,0.7402697594025334,0.0,8,solar_array_degradation,2.365525479239904,0.7402697594025334,abrupt,0.0,1.2719961526003374,1209571223,solar_array_degradation
7620.0,127.0,2.1166666666666667,1,609.5385467561977,369.8904379073655,-239.64810884883218,97.0607555912411,96.96965829255583,29.882430223649642,29.83719161617882,-8.019699437268967,-8.013530632363285,24.08198165347197,24.143447696494338,25.498228357586466,25.31988143378079,6.145246325130574,18.494521895368276,3497.2609476841367,3457.2894602239876,3456.1487243244287,0.001762172497196506,0.19405431242991264,0.19460316391578644,23.29681634849222,23.399262507136037,0.0,0.0,0.0,0.0,False,none,0.0,0.0,nominal,0.7402697594025334,0.0,8,solar_array_degradation,2.365525479239904,0.7402697594025334,abrupt,0.0,1.2719961526003374,1209571223,solar_array_degradation
7680.0,128.0,2.1333333333333333,1,608.450488130146,369.8904379073655,-238.56005022278055,97.41575566597737,97.4365780153752,29.896630226639097,29.91275637187025,-7.979496298222064,-7.97150850899343,24.089802393197363,24.089160157435206,25.51123157451651,25.55137846855804,6.09378889386717,18.494521895368276,3497.2609476841367,3477.2752039540624,3480.2559265263376,0.0012473185586292885,0.18118296396573222,0.18117504558797523,23.289363202279105,23.251587580075476,0.0,0.0,0.0,0.0,False,none,0.0,0.0,nominal,0.7402697594025334,0.0,8,solar_array_degradation,2.365525479239904,0.7402697594025334,abrupt,0.0,1.2719961526003374,1209571223,solar_array_degradation
7740.0,129.0,2.15,1,607.3212595753644,369.0211303259031,-238.3001292494613,97.77036895355099,97.70758476107306,29.91081475814204,29.92282517434741,-7.967022335444523,-8.00694619365065,24.097523164143105,24.048102161447883,25.52404383495297,25.155492571302332,6.077875591477752,18.451056516295154,3475.5282581475767,3476.4017310508193,3468.711136198043,0.0007054113485506565,0.1676352837137664,0.1750772555481972,23.281934355565518,23.097233790935036,0.0,0.0,0.0,0.0,False,none,0.0,0.0,nominal,0.7402697594025334,0.0,8,solar_array_degradation,2.365525479239904,0.7402697594025334,abrupt,0.0,1.2719961526003374,1209571223,solar_array_degradation
7800.0,130.0,2.1666666666666665,1,606.156362579862,367.3205080756888,-238.83585450417326,98.12577945132504,97.77860524368866,29.925031178053,29.981750145029427,-7.981139704854688,-7.906681612344206,24.105257649421823,24.09900800392836,25.536583535080915,25.402536253251206,6.095887279072638,18.36602540378444,3433.0127018922194,3454.7072164715196,3452.356709137649,0.00016013481240036284,0.15400337031000907,0.1559843543346956,23.274508858855274,23.07794694228938,0.0,0.0,0.0,0.0,False,none,0.0,0.0,nominal,0.7402697594025334,0.0,8,solar_array_degradation,2.365525479239904,0.7402697594025334,abrupt,0.0,1.2719961526003374,1209571223,solar_array_degradation
7860.0,131.0,2.183333333333333,1,604.961472404706,364.8628965095479,-240.0985758951581,98.4830689987881,98.46337568423498,29.939322759951523,29.928226334747762,-8.019505912683071,-8.075335460978366,24.11310943021424,24.165433698736514,25.548777156451223,25.575757023985968,6.144998006684699,18.243144825477398,3371.572412738698,3413.1398146051088,3407.6291867063487,-0.0003646798486647144,0.15911699621661785,0.1659329707462949,23.267117513729918,23.072716987335625,0.0,0.0,0.0,0.0,False,none,0.0,0.0,nominal,0.7402697594025334,0.0,8,solar_array_degradation,2.365525479239904,0.7402697594025334,abrupt,0.0,1.2719961526003374,1209571223,solar_array_degradation
7920.0,132.0,2.2,1,603.7424104347197,361.7557050458495,-241.98670538887018,98.84316826275963,98.54731536776522,29.953726730510386,29.93867106392748,-8.07868441766835,-8.166560864155892,24.121168144811698,24.172311260898937,25.560562509704198,25.79699538113995,6.221211353622193,18.087785252292473,3293.892626146237,3353.516220375673,3356.6720170327726,-0.0008460957156159047,0.1711523928903976,0.16420261802615424,23.259760565429755,23.354031226063977,0.0,0.0,0.0,0.0,False,none,0.0,0.0,nominal,0.7402697594025334,0.0,8,solar_array_degradation,2.365525479239904,0.7402697594025334,abrupt,0.0,1.2719961526003374,1209571223,solar_array_degradation
7980.0,133.0,2.216666666666667,1,602.5051158172811,358.13473286151606,-244.37038295576502,99.20681466596761,99.19065723410095,29.968272586638705,29.97200062433286,-8.15430326353602,-8.172406810649754,24.129505845733153,24.372613735903325,25.571891482912715,25.404638773146047,6.319412937097135,17.906736643075803,3203.3683215379015,3278.442270956787,3276.160779421681,-0.0012630726049777641,0.1815768151244441,0.1782082238467906,23.252417583843517,23.156330378739145,0.0,0.0,0.0,0.0,False,none,0.0,0.0,nominal,0.7402697594025334,0.0,8,solar_array_degradation,2.365525479239904,0.7402697594025334,abrupt,0.0,1.2719961526003374,1209571223,solar_array_degradation
8040.0,134.0,2.2333333333333334,1,601.2556165273943,354.15823381635516,-247.09738271103913,99.5745191045257,99.6997731180648,29.98298076418103,29.978933356043335,-8.24125475230376,-8.24612206232008,24.13817368529672,24.020754081722462,25.582732174431047,25.395766796178037,6.433462391389545,17.70791169081776,3103.955845408879,3191.199058182833,3190.701909378581,-0.001597386625808136,0.1899346656452034,0.19117892771367487,23.245070085209758,23.284037691305127,0.0,0.0,0.0,0.0,False,none,0.0,0.0,nominal,0.7402697594025334,0.0,8,solar_array_degradation,2.365525479239904,0.7402697594025334,abrupt,0.0,1.2719961526003374,1209571223,solar_array_degradation
8100.0,135.0,2.25,1,600.0,350.0,-250.0,99.94654291404952,100.01049240556564,29.99786171656198,30.00063040219682,-8.333927343293727,-8.371562919382406,24.147199135175153,24.02131813499157,25.5930703170356,25.554103964062598,6.556347597063907,17.5,3000.0000000000005,3095.599529091417,3108.4293200716816,-0.0018344266511799855,0.19586066627949963,0.19961501788786387,23.23770228896547,23.31071077475609,0.0,0.0,0.0,0.0,False,none,0.0,0.0,nominal,0.7402697594025334,0.0,8,solar_array_degradation,2.365525479239904,0.7402697594025334,abrupt,0.0,1.2719961526003374,1209571223,solar_array_degradation
8160.0,136.0,2.2666666666666666,1,598.7443834726057,345.84176618364484,-252.90261728896087,100.0,99.8569299918928,30.0,30.0068129301929,-8.430087242965362,-8.394925354905375,24.156600305943837,24.311397143633673,25.60290993111768,25.65753408123965,6.685309673920586,17.292088309182244,2896.0441545911203,2995.8218418412685,2999.861474876147,-0.0019638328945404057,0.19909582236351014,0.20447296935503817,23.230301763711388,23.092031027484268,0.0,0.0,0.0,0.0,False,none,0.0,0.0,nominal,0.7402697594025334,0.0,8,solar_array_degradation,2.365525479239904,0.7402697594025334,abrupt,0.0,1.2719961526003374,1209571223,solar_array_degradation
8220.0,137.0,2.283333333333333,1,597.4948841827188,341.86526713848406,-255.62961704423475,100.0,100.0,30.0,29.98183120292832,-8.520987234807825,-8.459825079866881,24.166355963696375,24.011640641573106,25.612273178382587,25.38284067606446,6.808577876460633,17.093263356924204,2796.631678462101,2896.226760151685,2897.2105549672447,-0.001979949682094438,0.19949874205236096,0.20762329387734413,23.222859938318013,23.13509869022959,0.0,0.0,0.0,0.0,False,none,0.0,0.0,nominal,0.7402697594025334,0.0,8,solar_array_degradation,2.365525479239904,0.7402697594025334,abrupt,0.0,1.2719961526003374,1209571223,solar_array_degradation
8280.0,138.0,2.3,1,596.2575895652803,338.2442949541506,-258.01329461112977,100.0,100.0,30.0,29.96141189389265,-8.600443153704326,-8.620254066499086,24.17641586056489,24.162766253361738,25.621199422450943,25.650581974980092,6.91740979520797,16.91221474770753,2706.107373853764,2801.1670670027247,2808.2634658865336,-0.0018820726328891081,0.1970518158222277,0.19690348024536644,23.215372458123994,23.20323315781511,0.0,0.0,0.0,0.0,False,none,0.0,0.0,nominal,0.7402697594025334,0.0,8,solar_array_degradation,2.365525479239904,0.7402697594025334,abrupt,0.0,1.2719961526003374,1209571223,solar_array_degradation
8340.0,139.0,2.316666666666667,1,595.038527595294,335.1371034904521,-259.9014241048419,100.0,99.9769919791031,30.0,30.053843037752912,-8.66338080349473,-8.623655005573744,24.186705143253864,24.056926044982575,25.62974353742038,25.65466051339245,7.00433335570888,16.756855174522606,2628.427587261303,2714.797327132014,2704.809846016009,-0.0016744794436408194,0.19186198609102048,0.19055394818689642,23.20783937058641,23.148733874911247,0.0,0.0,0.0,0.0,False,none,0.0,0.0,nominal,0.7402697594025334,0.0,8,solar_array_degradation,2.365525479239904,0.7402697594025334,abrupt,0.0,1.2719961526003374,1209571223,solar_array_degradation
8400.0,140.0,2.3333333333333335,1,593.843637420138,332.67949192431126,-261.1641454958267,100.0,99.71997622032009,30.0,29.99811351917703,-8.705471516527556,-8.681072370018407,24.197127641547695,24.082298646513387,25.63797353831345,25.663852743492054,7.0628187460058065,16.633974596215563,2566.9872981077815,2640.892312619898,2640.98155644609,-0.001366242932862382,0.18415607332155953,0.1753415461010065,23.2002651298463,23.16649641586788,0.0,0.0,0.0,0.0,False,none,0.0,0.0,nominal,0.7402697594025334,0.0,8,solar_array_degradation,2.365525479239904,0.7402697594025334,abrupt,0.0,1.2719961526003374,1209571223,solar_array_degradation
8460.0,141.0,2.35,1,592.6787404246356,330.9788696740969,-261.6998707505387,100.0,99.89982846345912,30.0,30.03590259471397,-8.723329025017957,-8.730796056684088,24.2075706008394,24.206862895614382,25.64596763697435,25.621550700980045,7.08771754229766,16.548943483704846,2524.4717418524233,2582.682027236161,2578.953664707251,-0.0009708345151577187,0.17427086287894297,0.1630711077882549,23.19265841565589,23.466454897813033,0.0,0.0,0.0,0.0,False,none,0.0,0.0,nominal,0.7402697594025334,0.0,8,solar_array_degradation,2.365525479239904,0.7402697594025334,abrupt,0.0,1.2719961526003374,1209571223,solar_array_degradation
8520.0,142.0,2.3666666666666667,1,153.6432970432711,330.1095620926345,176.46626504936341,99.73740139129559,100.0714258112458,29.989496055651824,30.01187256991684,5.884269102818304,5.92769935540656,24.2068917433342,24.34864886811111,25.65381085208782,25.533581159365998,3.76996982995057,16.505478104631727,2502.739052315864,2542.710539776012,2550.935601720709,-0.0005055354357605887,0.16263838589401472,0.15874790764387722,23.18503176904868,23.25812298368015,0.7402697594025334,0.0,0.0,0.0,True,solar_array_degradation,1.0,0.7402697594025334,solar_array_degradation,0.7402697594025334,0.7402697594025334,8,solar_array_degradation,2.365525479239904,0.7402697594025334,abrupt,0.0,1.2719961526003374,1209571223,solar_array_degradation
8580.0,143.0,2.3833333333333333,1,153.36069531454254,330.1095620926345,176.74886677809198,99.47438224430438,99.7358220277836,29.978975289772176,29.94602536003977,5.895760781336405,5.917590799437815,24.206253058258394,24.141302624853367,25.66159132148038,25.517848890095348,3.7807996152595567,16.505478104631727,2502.7390523158633,2522.724796045938,2524.1048747861832,9.318502806628603e-06,0.15023296257016572,0.1446832444608716,23.177402312918623,23.119808670327572,0.7402697594025334,0.0,0.0,0.0,True,solar_array_degradation,1.0,0.7402697594025334,solar_array_degradation,0.7402697594025334,0.7402697594025334,8,solar_array_degradation,2.365525479239904,0.7402697594025334,abrupt,0.0,1.2719961526003374,1209571223,solar_array_degradation
8640.0,144.0,2.4,1,153.0901634685238,330.9788696740969,177.88870620557313,99.20966690768894,99.19496880010036,29.968386676307556,29.95002006733756,5.935878635275639,5.939182596915473,24.205744781288235,24.30687394659512,25.669396477875946,25.2862276311003,3.8187724138177424,16.548943483704846,2524.471741852423,2523.5982689491807,2515.3656245536886,0.0005512257128852536,0.16378064282213134,0.16588336479061536,23.169860434063303,23.14746291455237,0.7402697594025334,0.0,0.0,0.0,True,solar_array_degradation,1.0,0.7402697594025334,solar_array_degradation,0.7402697594025334,0.7402697594025334,8,solar_array_degradation,2.365525479239904,0.7402697594025334,abrupt,0.0,1.2719961526003374,1209571223,solar_array_degradation
8700.0,145.0,2.4166666666666665,1,152.8330195091748,332.6794919243112,179.84647241513642,98.94203822849977,98.56384205031638,29.95768152913999,30.01937603353173,6.003350834749973,5.9975523001801925,24.2054543715992,24.162354808716564,25.67730925524537,25.596883450724157,3.883217699607456,16.633974596215563,2566.9872981077806,2545.292783528481,2545.0216197271193,0.0010965022490355544,0.17741255622588886,0.17972991825053442,23.162426347661047,23.083644942178186,0.7402697594025334,0.0,0.0,0.0,True,solar_array_degradation,1.0,0.7402697594025334,solar_array_degradation,0.7402697594025334,0.7402697594025334,8,solar_array_degradation,2.365525479239904,0.7402697594025334,abrupt,0.0,1.2719961526003374,1209571223,solar_array_degradation
8760.0,146.0,2.433333333333333,0,0.0,335.1371034904521,335.1371034904521,98.44332230068659,98.33570648943446,29.937732892027462,30.015463641739345,11.194471695607266,11.280210923535705,24.210972631114604,24.19751597734034,25.669404491552452,25.58587423652147,11.025295723500177,16.756855174522606,2628.427587261302,2586.8601853948917,2583.603480045616,0.0016213169101006316,0.1905329227525158,0.18877606331210836,23.155117951867418,23.34248417314853,0.7402697594025334,0.0,0.0,0.0,True,solar_array_degradation,1.0,0.7402697594025334,solar_array_degradation,0.7402697594025334,0.7402697594025334,8,solar_array_degradation,2.365525479239904,0.7402697594025334,abrupt,0.0,1.2719961526003374,1209571223,solar_array_degradation
8820.0,147.0,2.45,0,0.0,338.2442949541505,338.2442949541505,97.93998257605243,97.9249759301887,29.917599303042095,29.930895910085543,11.30586353296593,11.27614795895769,24.217126142054862,24.261828607568642,25.66187368511545,25.790269618144375,11.225804018083908,16.912214747707527,2706.107373853763,2646.483779624327,2630.371145538489,0.0021027327770518148,0.20256831942629536,0.20397218907458387,23.147950008145514,23.21479049998618,0.7402697594025334,0.0,0.0,0.0,True,solar_array_degradation,1.0,0.7402697594025334,solar_array_degradation,0.7402697594025334,0.7402697594025334,8,solar_array_degradation,2.365525479239904,0.7402697594025334,abrupt,0.0,1.2719961526003374,1209571223,solar_array_degradation
8880.0,148.0,2.466666666666667,0,0.0,341.865267138484,341.865267138484,97.4312544999535,97.59234420174138,29.89725017999814,29.876839367064864,11.434672589628285,11.489427590031024,24.224023848464398,24.125313518100032,25.654765222348374,25.703284738745094,11.460138978559714,17.0932633569242,2796.6316784621,2721.557729043213,2708.360016275093,0.0025197096664137026,0.21299274166034254,0.20555656792552954,23.140933449622054,23.14232027469564,0.7402697594025334,0.0,0.0,0.0,True,solar_array_degradation,1.0,0.7402697594025334,solar_array_degradation,0.7402697594025334,0.7402697594025334,8,solar_array_degradation,2.365525479239904,0.7402697594025334,abrupt,0.0,1.2719961526003374,1209571223,solar_array_degradation
8940.0,149.0,2.4833333333333334,0,0.0,345.8417661836448,345.8417661836448,96.91660901456115,96.95884779415961,29.876664360582446,29.825239784948142,11.57564853993301,11.59469131537305,24.23174520913896,24.101784656809727,25.64811127718795,25.51827885557127,11.719651129604259,17.29208830918224,2896.044154591119,2808.800941817166,2821.150029953834,0.0028540236872440245,0.2213505921811006,0.22230690629033634,23.134074852749063,23.092601731943223,0.7402697594025334,0.0,0.0,0.0,True,solar_array_degradation,1.0,0.7402697594025334,solar_array_degradation,0.7402697594025334,0.7402697594025334,8,solar_array_degradation,2.365525479239904,0.7402697594025334,abrupt,0.0,1.2719961526003374,1209571223,solar_array_degradation
9000.0,150.0,2.5,0,0.0,350.0,350.0,96.39577568122782,96.48542778151648,29.855831027249113,29.841337413732628,11.723003110533368,11.695645086278088,24.24033575173201,24.021440452567493,25.641926386970447,25.56134907312864,11.994304154366,17.5,2999.9999999999995,2904.400470908583,2913.357374144839,0.003091063712615916,0.22727659281539792,0.23155310906236864,23.127376101129727,23.14766998297668,0.7402697594025334,0.0,0.0,0.0,True,solar_array_degradation,1.0,0.7402697594025334,solar_array_degradation,0.7402697594025334,0.7402697594025334,8,solar_array_degradation,2.365525479239904,0.7402697594025334,abrupt,0.0,1.2719961526003374,1209571223,solar_array_degradation
9060.0,151.0,2.5166666666666666,0,0.0,354.1582338163551,354.1582338163551,95.8687544999535,95.88501600480974,29.83475017999814,29.88578033390722,11.870661952242202,11.856219407083222,24.24980376793746,24.4224587772983,25.636206799256318,25.575863137775137,12.273009214752852,17.707911690817756,3103.955845408878,3004.1781581587306,3000.5405883463823,0.003220469955976309,0.23051174889940773,0.22529414089358069,23.120834261687005,23.060471400140454,0.7402697594025334,0.0,0.0,0.0,True,solar_array_degradation,1.0,0.7402697594025334,solar_array_degradation,0.7402697594025334,0.7402697594025334,8,solar_array_degradation,2.365525479239904,0.7402697594025334,abrupt,0.0,1.2719961526003374,1209571223,solar_array_degradation
9120.0,152.0,2.533333333333333,0,0.0,358.134732861516,358.134732861516,95.33581590938576,95.04629116373489,29.81343263637543,29.833139307054825,12.012529292737497,12.021443111751841,24.26011850799887,24.307002036023576,25.63093061814842,25.552437451341614,12.544068800710116,17.9067366430758,3203.3683215379006,3103.7732398483154,3096.6117431728203,0.0032365867435303836,0.2309146685882596,0.23838289166362098,23.114441682842898,23.396899276085204,0.7402697594025334,0.0,0.0,0.0,True,solar_array_degradation,1.0,0.7402697594025334,solar_array_degradation,0.7402697594025334,0.7402697594025334,8,solar_array_degradation,2.365525479239904,0.7402697594025334,abrupt,0.0,1.2719961526003374,1209571223,solar_array_degradation
9180.0,153.0,2.55,0,0.0,361.75570504584937,361.75570504584937,94.79748896735323,95.00762181823387,29.79189955869413,29.80067424546599,12.142753916484613,12.12752002351484,24.271210189664558,24.497790398744446,25.626058743707816,25.5469304905503,12.795717814104194,18.08778525229247,3293.8926261462348,3198.832932997275,3193.7257194471713,0.003138709694325004,0.22846774235812511,0.24756580303124548,23.10818631270709,22.87942123120031,0.7402697594025334,0.0,0.0,0.0,True,solar_array_degradation,1.0,0.7402697594025334,solar_array_degradation,0.7402697594025334,0.7402697594025334,8,solar_array_degradation,2.365525479239904,0.7402697594025334,abrupt,0.0,1.2719961526003374,1209571223,solar_array_degradation
9240.0,154.0,2.566666666666667,0,0.0,364.86289650954785,364.86289650954785,94.25453822849974,94.19921452690387,29.77018152913999,29.841368523183398,12.255984940918434,12.225324901355986,24.282972039692442,24.236858990434126,25.62153656340911,25.515397715492217,13.016733349761555,18.243144825477394,3371.5724127386957,3285.202672867985,3282.668685619152,0.0029311165050767297,0.22327791262691823,0.23238471826797255,23.102052223295768,23.044152289539017,0.7402697594025334,0.0,0.0,0.0,True,solar_array_degradation,1.0,0.7402697594025334,solar_array_degradation,0.7402697594025334,0.7402697594025334,8,solar_array_degradation,2.365525479239904,0.7402697594025334,abrupt,0.0,1.2719961526003374,1209571223,solar_array_degradation
9300.0,155.0,2.5833333333333335,0,0.0,367.32050807568874,367.32050807568874,93.70793032957756,93.82297864155889,29.748317213183103,29.748056962870145,12.347606267722227,12.398225070685008,24.295264442265672,24.579170114303587,25.617296321709404,25.91093514288818,13.197070443415459,18.366025403784437,3433.0127018922185,3359.107687380102,3368.6152462075265,0.0026228799942983206,0.215571999857458,0.2083681034162594,23.096020315447088,23.04932515569072,0.7402697594025334,0.0,0.0,0.0,True,solar_array_degradation,1.0,0.7402697594025334,solar_array_degradation,0.7402697594025334,0.7402697594025334,8,solar_array_degradation,2.365525479239904,0.7402697594025334,abrupt,0.0,1.2719961526003374,1209571223,solar_array_degradation
9360.0,156.0,2.6,0,0.0,369.0211303259031,369.0211303259031,93.15879174278308,93.16454112622456,29.726351669711324,29.793335421047328,12.413939471149595,12.39810654370151,24.307921093796978,24.116126202512643,25.61326006416832,25.62308349891398,13.328471455469272,18.451056516295154,3475.5282581475767,3417.3179727638394,3411.4571732400736,0.002227471576593643,0.20568678941484106,0.2129816714317147,23.090069169271143,22.942741046114843,0.7402697594025334,0.0,0.0,0.0,True,solar_array_degradation,1.0,0.7402697594025334,solar_array_degradation,0.7402697594025334,0.7402697594025334,8,solar_array_degradation,2.365525479239904,0.7402697594025334,abrupt,0.0,1.2719961526003374,1209571223,solar_array_degradation
9420.0,157.0,2.6166666666666667,0,0.0,369.8904379073655,369.8904379073655,92.60835954351616,92.25212437455353,29.704334381740647,29.63993218238496,12.45240620960483,12.397193310012174,24.320756879343264,24.557650222224833,25.60934302744571,25.562416867783096,13.404993632720393,18.494521895368276,3497.2609476841367,3457.2894602239876,3459.1297994996503,0.0017621724971965131,0.19405431242991283,0.2001797284846109,23.08417599743326,23.047962193575625,0.7402697594025334,0.0,0.0,0.0,True,solar_array_degradation,1.0,0.7402697594025334,solar_array_degradation,0.7402697594025334,0.7402697594025334,8,solar_array_degradation,2.365525479239904,0.7402697594025334,abrupt,0.0,1.2719961526003374,1209571223,solar_array_degradation
9480.0,158.0,2.6333333333333333,0,0.0,369.8904379073655,369.8904379073655,92.05792734424924,92.26734943281097,29.68231709376997,29.720624925399115,12.461642961997798,12.43997626672849,24.333577016817152,24.083247711759018,25.605457327016882,25.52919292415172,13.42340362498474,18.494521895368276,3497.2609476841367,3477.2752039540624,3479.2259853054597,0.0012473185586292885,0.18118296396573222,0.183126494047032,23.078317653853084,23.163207042988972,0.7402697594025334,0.0,0.0,0.0,True,solar_array_degradation,1.0,0.7402697594025334,solar_array_degradation,0.7402697594025334,0.7402697594025334,8,solar_array_degradation,2.365525479239904,0.7402697594025334,abrupt,0.0,1.2719961526003374,1209571223,solar_array_degradation
9540.0,159.0,2.65,0,0.0,369.0211303259031,369.0211303259031,91.50878875745475,91.60671747071316,29.66035155029819,29.635490742297687,12.441562929559852,12.41612792175156,24.3461868848843,24.45636971865907,25.60151578143334,25.651056734150007,13.383399050415836,18.451056516295154,3475.5282581475763,3476.4017310508193,3484.4594019970878,0.0007054113485506565,0.1676352837137664,0.17452007448021672,23.072471648752693,23.06325643888545,0.7402697594025334,0.0,0.0,0.0,True,solar_array_degradation,1.0,0.7402697594025334,solar_array_degradation,0.7402697594025334,0.7402697594025334,8,solar_array_degradation,2.365525479239904,0.7402697594025334,abrupt,0.0,1.2719961526003374,1209571223,solar_array_degradation
9600.0,160.0,2.6666666666666665,0,0.0,367.3205080756888,367.3205080756888,90.96218085853259,91.221007558203,29.638487234341305,29.669097059320297,12.393362224306934,12.380317529413418,24.358401877501095,24.24443764265874,25.59743570598944,25.47220312882666,13.287634177830249,18.36602540378444,3433.0127018922203,3454.70721647152,3467.7137781592037,0.00016013481240036989,0.15400337031000924,0.14659267050455058,23.066617122343544,23.077627086689173,0.7402697594025334,0.0,0.0,0.0,True,solar_array_degradation,1.0,0.7402697594025334,solar_array_degradation,0.7402697594025334,0.7402697594025334,8,solar_array_degradation,2.365525479239904,0.7402697594025334,abrupt,0.0,1.2719961526003374,1209571223,solar_array_degradation
9660.0,161.0,2.683333333333333,0,0.0,364.8628965095479,364.8628965095479,90.4192301196791,90.73280969923957,29.616769204787165,29.624706385434497,12.319469891758908,12.29528465764264,24.370056623146475,24.455917109502664,25.59314250999248,25.55002710083951,13.14154707311634,18.243144825477398,3371.572412738698,3413.139814605109,3408.49004878278,-0.0003646798486647214,0.15911699621661804,0.1729195448024401,23.060784965242025,23.055488163800558,0.7402697594025334,0.0,0.0,0.0,True,solar_array_degradation,1.0,0.7402697594025334,solar_array_degradation,0.7402697594025334,0.7402697594025334,8,solar_array_degradation,2.365525479239904,0.7402697594025334,abrupt,0.0,1.2719961526003374,1209571223,solar_array_degradation
9720.0,162.0,2.7,0,0.0,361.7557050458495,361.7557050458495,89.88090317764659,89.84683037192534,29.595236127105863,29.556941469174962,12.223443783052723,12.245425827083766,24.38101297085225,24.237246783853085,25.588572940417123,25.730752779199168,12.953006233396021,18.087785252292473,3293.892626146237,3353.5162203756736,3362.699713537918,-0.0008460957156159114,0.17115239289039777,0.17009094080931464,23.05497551105552,22.905411995286705,0.7402697594025334,0.0,0.0,0.0,True,solar_array_degradation,1.0,0.7402697594025334,solar_array_degradation,0.7402697594025334,0.7402697594025334,8,solar_array_degradation,2.365525479239904,0.7402697594025334,abrupt,0.0,1.2719961526003374,1209571223,solar_array_degradation
9780.0,163.0,2.716666666666667,0,0.0,358.134732861516,358.134732861516,89.34796458707885,89.0157403740258,29.573918583483156,29.601938645563795,12.109816690356752,12.0275671569121,24.391166269100214,24.38515982360514,25.583677830179937,25.773265915492132,12.731812821923436,17.9067366430758,3203.3683215379,3278.4422709567866,3281.6425221324166,-0.0012630726049777928,0.18157681512444482,0.1750449907330185,23.04916841737709,22.826643821849554,0.7402697594025334,0.0,0.0,0.0,True,solar_array_degradation,1.0,0.7402697594025334,solar_array_degradation,0.7402697594025334,0.7402697594025334,8,solar_array_degradation,2.365525479239904,0.7402697594025334,abrupt,0.0,1.2719961526003374,1209571223,solar_array_degradation
9840.0,164.0,2.7333333333333334,0,0.0,354.1582338163553,354.1582338163553,88.82094340580451,88.98377744085741,29.55283773623218,29.531782451551976,11.9838993797253,11.990509926452482,24.40044962997718,24.097807304422393,25.578424230920135,25.564342718837043,12.489107547470432,17.707911690817763,3103.955845408883,3191.1990581828345,3188.004643499695,-0.001597386625808086,0.18993466564520214,0.1838041094252366,23.043345287491828,22.983486668906014,0.7402697594025334,0.0,0.0,0.0,True,solar_array_degradation,1.0,0.7402697594025334,solar_array_degradation,0.7402697594025334,0.7402697594025334,8,solar_array_degradation,2.365525479239904,0.7402697594025334,abrupt,0.0,1.2719961526003374,1209571223,solar_array_degradation
9900.0,165.0,2.75,0,0.0,349.99999999999994,349.99999999999994,88.30011007247117,88.4055326420277,29.532004402898846,29.539177845815036,11.85154909314737,11.851395128261363,24.40883605643926,24.26586253119291,25.572796837072772,25.71222871723707,12.23673727258258,17.499999999999996,2999.999999999999,3095.599529091417,3089.7279668816777,-0.0018344266511800132,0.19586066627950033,0.20213100687094387,23.037490427230424,22.997581590178118,0.7402697594025334,0.0,0.0,0.0,True,solar_array_degradation,1.0,0.7402697594025334,solar_array_degradation,0.7402697594025334,0.7402697594025334,8,solar_array_degradation,2.365525479239904,0.7402697594025334,abrupt,0.0,1.2719961526003374,1209571223,solar_array_degradation
9960.0,166.0,2.7666666666666666,0,0.0,345.8417661836449,345.8417661836449,87.78546458707885,87.83170731764841,29.511418583483156,29.48612144333856,11.718913653890036,11.71680073026751,24.41633849002791,24.383508841311333,25.566798638994555,25.632985312417013,11.986634978186427,17.292088309182244,2896.044154591122,2995.82184184127,2987.365126584666,-0.0019638328945403845,0.1990958223635096,0.21207655042341936,23.031591490939356,22.86041361629926,0.7402697594025334,0.0,0.0,0.0,True,solar_array_degradation,1.0,0.7402697594025334,solar_array_degradation,0.7402697594025334,0.7402697594025334,8,solar_array_degradation,2.365525479239904,0.7402697594025334,abrupt,0.0,1.2719961526003374,1209571223,solar_array_degradation
10020.0,167.0,2.783333333333333,0,0.0,341.86526713848406,341.86526713848406,87.27673651097992,87.15793847586754,29.491069460439196,29.543251317588947,11.592162420460177,11.58577184052123,24.423007986976366,24.257711570003355,25.560450776596447,25.46871267258189,11.750258366586332,17.093263356924204,2796.6316784621013,2896.226760151685,2888.8943750963035,-0.0019799496820944516,0.1994987420523613,0.19798401981090766,23.02563999259177,23.109805109966278,0.7402697594025334,0.0,0.0,0.0,True,solar_array_degradation,1.0,0.7402697594025334,solar_array_degradation,0.7402697594025334,0.7402697594025334,8,solar_array_degradation,2.365525479239904,0.7402697594025334,abrupt,0.0,1.2719961526003374,1209571223,solar_array_degradation
10080.0,168.0,2.8,0,0.0,338.2442949541506,338.2442949541506,86.77339678634576,86.80323940092869,29.47093587145383,29.442238501718357,11.477215940121575,11.451331144891503,24.428930335250822,24.481070324990515,25.55379159987909,25.536589160244855,11.538118858894462,16.91221474770753,2706.107373853764,2801.1670670027247,2798.1799582982426,-0.0018820726328891081,0.1970518158222277,0.19740964481708126,23.019631661990697,23.030548397051117,0.7402697594025334,0.0,0.0,0.0,True,solar_array_degradation,1.0,0.7402697594025334,solar_array_degradation,0.7402697594025334,0.7402697594025334,8,solar_array_degradation,2.365525479239904,0.7402697594025334,abrupt,0.0,1.2719961526003374,1209571223,solar_array_degradation
10140.0,169.0,2.816666666666667,0,0.0,335.1371034904521,335.1371034904521,86.27468085853259,86.07621376762772,29.450987234341305,29.482216395299403,11.379486223119397,11.427634902692871,24.43422147502656,24.775244804783306,25.546874977429102,25.59059297680001,11.359416536173132,16.756855174522606,2628.427587261303,2714.797327132014,2728.482531276083,-0.0016744794436408194,0.19186198609102048,0.19706050249229598,23.013566630424112,23.032819352907804,0.7402697594025334,0.0,0.0,0.0,True,solar_array_degradation,1.0,0.7402697594025334,solar_array_degradation,0.7402697594025334,0.7402697594025334,8,solar_array_degradation,2.365525479239904,0.7402697594025334,abrupt,0.0,1.2719961526003374,1209571223,solar_array_degradation
10200.0,170.0,2.8333333333333335,0,0.0,332.6794919243112,332.6794919243112,85.77962209078808,85.6104007799608,29.431184883631524,29.45381005364708,11.303639090294817,11.302463201656947,24.43902208129204,24.416951252117673,25.5397679268021,25.36528476807281,11.221780534691284,16.633974596215563,2566.9872981077806,2640.8923126198974,2628.3490987141267,-0.0013662429328623966,0.18415607332155992,0.17709877472902663,23.00744943523522,22.920273904068907,0.7402697594025334,0.0,0.0,0.0,True,solar_array_degradation,1.0,0.7402697594025334,solar_array_degradation,0.7402697594025334,0.7402697594025334,8,solar_array_degradation,2.365525479239904,0.7402697594025334,abrupt,0.0,1.2719961526003374,1209571223,solar_array_degradation
10260.0,171.0,2.85,0,0.0,330.978869674097,330.978869674097,85.28709401091591,84.83816144848838,29.411483760436635,29.41302734657343,11.253389062925105,11.244878207771958,24.44349161957804,24.4216611414026,25.532547670355093,25.651981161552754,11.13110123212499,16.54894348370485,2524.471741852424,2582.682027236161,2575.3609368572857,-0.0009708345151577046,0.1742708628789426,0.18311479178040235,23.001288838754395,22.927670080456558,0.7402697594025334,0.0,0.0,0.0,True,solar_array_degradation,1.0,0.7402697594025334,solar_array_degradation,0.7402697594025334,0.7402697594025334,8,solar_array_degradation,2.365525479239904,0.7402697594025334,abrupt,0.0,1.2719961526003374,1209571223,solar_array_degradation
10320.0,172.0,2.8666666666666667,0,0.0,330.1095620926345,330.1095620926345,84.79585954351616,84.47626235640992,29.391834381740647,29.401047869449187,11.231335812701484,11.235086720684734,24.447802110963952,24.150583066781113,25.525298245201515,25.62863936328521,11.091432331013673,16.505478104631727,2502.739052315864,2542.710539776012,2547.9788641992996,-0.0005055354357605887,0.16263838589401472,0.16999955789184718,22.995097463973945,23.034065630728307,0.7402697594025334,0.0,0.0,0.0,True,solar_array_degradation,1.0,0.7402697594025334,solar_array_degradation,0.7402697594025334,0.7402697594025334,8,solar_array_degradation,2.365525479239904,0.7402697594025334,abrupt,0.0,1.2719961526003374,1209571223,solar_array_degradation
10380.0,173.0,2.8833333333333333,0,0.0,330.1095620926345,330.1095620926345,84.3046250761164,84.36338381083556,29.372185003044656,29.36385436511359,11.238849341934081,11.227494057154853,24.452131760839688,24.457997949630208,25.518106815449165,25.522957327468113,11.10493876245537,16.505478104631727,2502.7390523158633,2522.724796045938,2526.39776827471,9.318502806628603e-06,0.15023296257016572,0.1522231536368495,22.988892515131948,22.802229052704135,0.7402697594025334,0.0,0.0,0.0,True,solar_array_degradation,1.0,0.7402697594025334,solar_array_degradation,0.7402697594025334,0.7402697594025334,8,solar_array_degradation,2.365525479239904,0.7402697594025334,abrupt,0.0,1.2719961526003374,1209571223,solar_array_degradation
10440.0,174.0,2.9,0,0.0,330.9788696740969,330.9788696740969,83.81209699624424,83.38477253748465,29.35248387984977,29.303676055790195,11.276008907079618,11.288424468802097,24.45665853744066,24.389175427885494,25.51105984789298,25.42946442463723,11.17187014980311,16.548943483704846,2524.471741852423,2523.5982689491807,2532.5399711018904,0.0005512257128852536,0.16378064282213134,0.15595880684379315,22.982764459760027,22.912390244145314,0.7402697594025334,0.0,0.0,0.0,True,solar_array_degradation,1.0,0.7402697594025334,solar_array_degradation,0.7402697594025334,0.7402697594025334,8,solar_array_degradation,2.365525479239904,0.7402697594025334,abrupt,0.0,1.2719961526003374,1209571223,solar_array_degradation
10500.0,175.0,2.9166666666666665,0,0.0,332.6794919243112,332.6794919243112,83.31703822849973,83.2695353340141,29.33268152913999,29.31659225264959,11.34159833269308,11.287090787346141,24.461553746946723,24.204089234066387,25.504239318302268,25.722163426325757,11.290548219211717,16.633974596215563,2566.9872981077806,2545.292783528481,2544.2767427463086,0.0010965022490355544,0.17741255622588886,0.17555702076581214,22.976733593165047,23.0283716330379,0.7402697594025334,0.0,0.0,0.0,True,solar_array_degradation,1.0,0.7402697594025334,solar_array_degradation,0.7402697594025334,0.7402697594025334,8,solar_array_degradation,2.365525479239904,0.7402697594025334,abrupt,0.0,1.2719961526003374,1209571223,solar_array_degradation
10560.0,176.0,2.933333333333333,0,0.0,335.13710349045203,335.13710349045203,82.81832230068656,82.94470247347505,29.312732892027462,29.28479814998767,11.433157895066254,11.467250236353273,24.46697565098598,24.4565903739516,25.497719114104896,25.550853311610187,11.457367956281264,16.756855174522602,2628.4275872613007,2586.860185394891,2595.9831241547545,0.0016213169101006175,0.19053292275251543,0.1888877301580639,22.970817893030137,23.045870733240847,0.7402697594025334,0.0,0.0,0.0,True,solar_array_degradation,1.0,0.7402697594025334,solar_array_degradation,0.7402697594025334,0.7402697594025334,8,solar_array_degradation,2.365525479239904,0.7402697594025334,abrupt,0.0,1.2719961526003374,1209571223,solar_array_degradation
10620.0,177.0,2.95,0,0.0,338.2442949541506,338.2442949541506,82.31498257605242,82.55353118484021,29.292599303042095,29.28656847436743,11.54709049391268,11.487450377208642,24.473063210113292,24.34701388365528,25.491561790687474,25.5272142893513,11.666823909968686,16.91221474770753,2706.1073738537643,2646.4837796243282,2645.568043650397,0.002102732777051843,0.20256831942629605,0.2054187613876658,22.965032199749515,22.999024347097752,0.7402697594025334,0.0,0.0,0.0,True,solar_array_degradation,1.0,0.7402697594025334,solar_array_degradation,0.7402697594025334,0.7402697594025334,8,solar_array_degradation,2.365525479239904,0.7402697594025334,abrupt,0.0,1.2719961526003374,1209571223,solar_array_degradation
10680.0,178.0,2.966666666666667,0,0.0,341.86526713848394,341.86526713848394,81.80625449995347,81.81409632106634,29.27225017999814,29.267387269295757,11.67881748196051,11.69129880275405,24.479930104926463,24.52797102396269,25.48581582307582,25.54751718963549,11.911582222155712,17.093263356924197,2796.631678462098,2721.557729043213,2733.5919972827232,0.002519709666413667,0.21299274166034166,0.2158933952109049,22.959387524789026,22.83121092158866,0.7402697594025334,0.0,0.0,0.0,True,solar_array_degradation,1.0,0.7402697594025334,solar_array_degradation,0.7402697594025334,0.7402697594025334,8,solar_array_degradation,2.365525479239904,0.7402697594025334,abrupt,0.0,1.2719961526003374,1209571223,solar_array_degradation
10740.0,179.0,2.9833333333333334,0,0.0,345.8417661836448,345.8417661836448,81.29160901456115,81.21583499274797,29.251664360582446,29.25022786394731,11.822977384140836,11.865884346939993,24.487659269423812,24.43630126762723,25.48051347310958,25.446826027917762,12.182623538072455,17.29208830918224,2896.044154591119,2808.800941817166,2815.864097727973,0.0028540236872440245,0.2213505921811006,0.21038481253795802,22.953890522352282,23.011677344989668,0.7402697594025334,0.0,0.0,0.0,True,solar_array_degradation,1.0,0.7402697594025334,solar_array_degradation,0.7402697594025334,0.7402697594025334,8,solar_array_degradation,2.365525479239904,0.7402697594025334,abrupt,0.0,1.2719961526003374,1209571223,solar_array_degradation
10800.0,180.0,3.0,1,155.83814435847998,349.99999999999994,194.16185564151996,81.00267768176126,80.67992034992848,29.24010710727045,29.317135260614574,6.640258017154879,6.612303948822103,24.487824787549773,24.58651523156986,25.4916693653247,25.474754051078655,4.527442122751172,17.499999999999996,2999.999999999999,2904.400470908583,2905.760923883744,0.003091063712615916,0.22727659281539792,0.22648354223971368,22.94854315321092,23.05769722240286,0.7402697594025334,0.0,0.0,0.0,True,solar_array_degradation,1.0,0.7402697594025334,solar_array_degradation,0.7402697594025334,0.7402697594025334,8,solar_array_degradation,2.365525479239904,0.7402697594025334,abrupt,0.0,1.2719961526003374,1209571223,solar_array_degradation
10860.0,181.0,3.0166666666666666,1,156.16426594123826,354.15823381635516,197.9939678751169,80.70804380099472,80.8515449916771,29.22832175203979,29.18671574320684,6.774045036003454,6.843673918480713,24.48846788846442,24.46695836523996,25.50315183378374,25.589541720870333,4.6710148919842425,17.70791169081776,3103.9558454088797,3004.1781581587315,3015.319758211279,0.0032204699559763308,0.23051174889940826,0.23474960526634045,22.94334256087759,23.008866201556437,0.7402697594025334,0.0,0.0,0.0,True,solar_array_degradation,1.0,0.7402697594025334,solar_array_degradation,0.7402697594025334,0.7402697594025334,8,solar_array_degradation,2.365525479239904,0.7402697594025334,abrupt,0.0,1.2719961526003374,1209571223,solar_array_degradation
10920.0,182.0,3.033333333333333,1,156.4887986924269,358.134732861516,201.6459341690891,80.40797544657643,79.92514829118056,29.216319017863057,29.241778907678658,6.90182545055732,6.906910712976543,24.48957313301362,24.515464222800002,25.51494009239962,25.453972989546102,4.81081556399686,17.9067366430758,3203.3683215379006,3103.773239848316,3110.184513557758,0.0032365867435303767,0.2309146685882594,0.23244865579147272,22.938281169789555,22.87261304864094,0.7402697594025334,0.0,0.0,0.0,True,solar_array_degradation,1.0,0.7402697594025334,solar_array_degradation,0.7402697594025334,0.7402697594025334,8,solar_array_degradation,2.365525479239904,0.7402697594025334,abrupt,0.0,1.2719961526003374,1209571223,solar_array_degradation
10980.0,183.0,3.05,1,156.8101615211042,361.75570504584937,204.94554352474518,80.10299695918842,79.97118947502274,29.204119878367536,29.228944697594173,7.017692859032371,7.07004601187506,24.49110183103253,24.32562719146417,25.526996142165007,25.528458743337488,4.939841045097115,18.08778525229247,3293.8926261462348,3198.8329329972753,3204.8697907676246,0.0031387096943249967,0.2284677423581249,0.22515572177189452,22.933347003501645,22.977835131431647,0.7402697594025334,0.0,0.0,0.0,True,solar_array_degradation,1.0,0.7402697594025334,solar_array_degradation,0.7402697594025334,0.7402697594025334,8,solar_array_degradation,2.365525479239904,0.7402697594025334,abrupt,0.0,1.2719961526003374,1209571223,solar_array_degradation
11040.0,184.0,3.066666666666667,1,157.12678877987196,364.8628965095479,207.73610772967595,79.79386584649545,79.83488547633706,29.19175463385982,29.194662398360684,7.116259722487551,7.104423575397464,24.492992860696443,24.549105722244224,25.539266462678643,25.47491717176653,5.051292195031888,18.243144825477398,3371.5724127386984,3285.202672867987,3290.380645280045,0.0029311165050767652,0.22327791262691912,0.22701056060311187,22.928524208909362,22.978201572596628,0.7402697594025334,0.0,0.0,0.0,True,solar_array_degradation,1.0,0.7402697594025334,solar_array_degradation,0.7402697594025334,0.7402697594025334,8,solar_array_degradation,2.365525479239904,0.7402697594025334,abrupt,0.0,1.2719961526003374,1209571223,solar_array_degradation
11100.0,185.0,3.0833333333333335,1,157.43713789255276,367.32050807568874,209.88337018313598,79.48153940277054,79.22141579742066,29.17926157611082,29.234655478841827,7.19289518810059,7.173869171898266,24.495164967848797,24.34296699419536,25.55168438178478,25.365280148362288,5.1390192949600495,18.366025403784437,3433.0127018922185,3359.1076873801026,3370.888516828961,0.0026228799942982924,0.21557199985745729,0.2117975887225239,22.923793761168582,22.897316578257232,0.7402697594025334,0.0,0.0,0.0,True,solar_array_degradation,1.0,0.7402697594025334,solar_array_degradation,0.7402697594025334,0.7402697594025334,8,solar_array_degradation,2.365525479239904,0.7402697594025334,abrupt,0.0,1.2719961526003374,1209571223,solar_array_degradation
11160.0,186.0,3.1,1,157.73969686946586,369.0211303259031,211.2814334564372,79.16713250774609,78.9209799232327,29.166685300309844,29.060073119271866,7.243930233450036,7.260318053895541,24.497520518102263,24.67586159877277,25.564173019763093,25.36850976240213,5.19796201816732,18.451056516295154,3475.5282581475767,3417.3179727638394,3415.962053434154,0.002227471576593636,0.2056867894148409,0.1990430321245344,22.919134314149726,22.905066461813867,0.7402697594025334,0.0,0.0,0.0,True,solar_array_degradation,1.0,0.7402697594025334,solar_array_degradation,0.7402697594025334,0.7402697594025334,8,solar_array_degradation,2.365525479239904,0.7402697594025334,abrupt,0.0,1.2719961526003374,1209571223,solar_array_degradation
11220.0,187.0,3.1166666666666667,1,158.03299167368885,369.8904379073654,211.85744623367657,78.85186845085073,78.93190805941458,29.15407473803403,29.139142378088867,7.2668211266293445,7.319409667414714,24.499950512136696,24.43408873174489,25.576648679395724,25.24934420809045,5.224535142914126,18.494521895368273,3497.260947684136,3457.2894602239876,3455.0760532035406,0.001762172497196506,0.19405431242991264,0.17696426395477055,22.914523153725256,22.994828179285133,0.7402697594025334,0.0,0.0,0.0,True,solar_array_degradation,1.0,0.7402697594025334,solar_array_degradation,0.7402697594025334,0.7402697594025334,8,solar_array_degradation,2.365525479239904,0.7402697594025334,abrupt,0.0,1.2719961526003374,1209571223,solar_array_degradation
11280.0,188.0,3.1333333333333333,1,158.3155934024174,369.8904379073655,211.5748445049481,78.53702493224219,78.71202524798427,29.141480997289687,29.15970963208011,7.260263969584307,7.309246372342928,24.50234052450602,24.298564754183253,25.589024533751296,25.55125799371632,5.216914632643527,18.494521895368276,3497.2609476841367,3477.2752039540624,3477.3389826263297,0.0012473185586292885,0.18118296396573222,0.17103182908286285,22.90993720647289,22.96481526427742,0.7402697594025334,0.0,0.0,0.0,True,solar_array_degradation,1.0,0.7402697594025334,solar_array_degradation,0.7402697594025334,0.7402697594025334,8,solar_array_degradation,2.365525479239904,0.7402697594025334,abrupt,0.0,1.2719961526003374,1209571223,solar_array_degradation
11340.0,189.0,3.15,1,158.5861252484362,369.02113032590313,210.43500507746694,78.22387760325785,78.45258134655529,29.128955104130313,29.14557154447775,7.224255189559769,7.222390026159491,24.50457711150402,24.551475925900036,25.601214450513876,25.499077473424848,5.175189043510501,18.451056516295157,3475.5282581475776,3476.40173105082,3475.426635067142,0.0007054113485506708,0.16763528371376676,0.17405383042201175,22.905354054727848,22.890391833499542,0.7402697594025334,0.0,0.0,0.0,True,solar_array_degradation,1.0,0.7402697594025334,solar_array_degradation,0.7402697594025334,0.7402697594025334,8,solar_array_degradation,2.365525479239904,0.7402697594025334,abrupt,0.0,1.2719961526003374,1209571223,solar_array_degradation
11400.0,190.0,3.1666666666666665,1,158.84326920778517,367.3205080756888,208.47723886790362,77.91364361684728,77.70429316017933,29.116545744673893,29.10404331121926,7.160095180797298,7.170023296743767,24.50655417230115,24.577617375145863,25.613136785717334,25.330417130169426,5.101357039846135,18.36602540378444,3433.0127018922203,3454.7072164715205,3453.0608901104256,0.00016013481240036295,0.15400337031000907,0.15520086683621495,22.900752910273887,22.829134914075038,0.7402697594025334,0.0,0.0,0.0,True,solar_array_degradation,1.0,0.7402697594025334,solar_array_degradation,0.7402697594025334,0.7402697594025334,8,solar_array_degradation,2.365525479239904,0.7402697594025334,abrupt,0.0,1.2719961526003374,1209571223,solar_array_degradation
11460.0,191.0,3.183333333333333,1,159.08577250094245,364.86289650954785,205.7771240086054,77.60742765850114,77.83524034080499,29.104297106340045,29.00411153128392,7.070334777601592,7.050685896027045,24.508178749631973,24.532409283349537,25.62471798108255,25.4681239561511,4.999170709389004,18.243144825477394,3371.5724127386957,3413.1398146051083,3410.7491054597876,-0.00036467984866476403,0.1591169962166191,0.16147829506485814,22.89616473476289,22.904635104141242,0.7402697594025334,0.0,0.0,0.0,True,solar_array_degradation,1.0,0.7402697594025334,solar_array_degradation,0.7402697594025334,0.7402697594025334,8,solar_array_degradation,2.365525479239904,0.7402697594025334,abrupt,0.0,1.2719961526003374,1209571223,solar_array_degradation
11520.0,192.0,3.2,1,159.31245367624007,361.7557050458495,202.4432513696094,77.3061728201535,77.38631262189463,29.09224691280614,29.0246382509153,6.95866675325431,6.94243838886627,24.509375821929606,24.524330184602057,25.635895807738475,25.55829989842083,4.87384343862775,18.087785252292473,3293.892626146237,3353.516220375672,3357.621927358571,-0.0008460957156158976,0.17115239289039744,0.17472110923306716,22.89158993230498,22.96562566325167,0.7402697594025334,0.0,0.0,0.0,True,solar_array_degradation,1.0,0.7402697594025334,solar_array_degradation,0.7402697594025334,0.7402697594025334,8,solar_array_degradation,2.365525479239904,0.7402697594025334,abrupt,0.0,1.2719961526003374,1209571223,solar_array_degradation
11580.0,193.0,3.216666666666667,1,159.52220836577794,358.134732861516,198.61252449573806,77.01061846822533,76.8794043297092,29.080424738729015,29.10686837073231,6.829766974869109,6.821318647214085,24.51009175817963,24.403569739971342,25.646622114562717,25.822180900559374,4.731657354481019,17.9067366430758,3203.3683215379,3278.4422709567857,3272.702349589043,-0.001263072604977778,0.18157681512444446,0.18302179089973314,22.887008230467178,22.980443182243967,0.7402697594025334,0.0,0.0,0.0,True,solar_array_degradation,1.0,0.7402697594025334,solar_array_degradation,0.7402697594025334,0.7402697594025334,8,solar_array_degradation,2.365525479239904,0.7402697594025334,abrupt,0.0,1.2719961526003374,1209571223,solar_array_degradation
11640.0,194.0,3.2333333333333334,1,159.7140146657931,354.15823381635533,194.44421915056225,76.72126695163224,76.46298230004395,29.06885067806529,29.039396698761017,6.689092090499662,6.594800978207783,24.5102962617626,24.43952978671351,25.65686496102785,25.538120221591242,4.579516239614811,17.707911690817767,3103.955845408883,3191.1990581828345,3206.014003066712,-0.001597386625808079,0.18993466564520198,0.19436433977941323,22.88240130198374,23.09955095737355,0.7402697594025334,0.0,0.0,0.0,True,solar_array_degradation,1.0,0.7402697594025334,solar_array_degradation,0.7402697594025334,0.7402697594025334,8,solar_array_degradation,2.365525479239904,0.7402697594025334,abrupt,0.0,1.2719961526003374,1209571223,solar_array_degradation
11700.0,195.0,3.25,1,159.88693811527205,349.99999999999994,190.1130618847279,76.43836060954186,76.53475592976555,29.057534424381675,29.071972195600083,6.542642576212774,6.541648954381937,24.50998279669338,24.319474514427487,25.666610041339627,25.543679992555038,4.42449375040577,17.499999999999996,2999.999999999999,3095.599529091417,3090.545237958895,-0.0018344266511800132,0.19586066627950033,0.20244687535819536,22.877753521613645,22.736309490511424,0.7402697594025334,0.0,0.0,0.0,True,solar_array_degradation,1.0,0.7402697594025334,solar_array_degradation,0.7402697594025334,0.7402697594025334,8,solar_array_degradation,2.365525479239904,0.7402697594025334,abrupt,0.0,1.2719961526003374,1209571223,solar_array_degradation
11760.0,196.0,3.2666666666666666,1,160.04013624855133,345.8417661836449,185.80162993509356,76.16187008880513,76.08221440719429,29.046474803552204,29.071856891104947,6.396701534066061,6.423364320667893,24.509167644050798,24.774307994598157,25.675861337627275,25.553698452080084,4.273423241273848,17.292088309182244,2896.044154591122,2995.82184184127,2999.209161965305,-0.0019638328945403845,0.1990958223635096,0.20549502732345948,22.8730526121147,22.93132661630287,0.7402697594025334,0.0,0.0,0.0,True,solar_array_degradation,1.0,0.7402697594025334,solar_array_degradation,0.7402697594025334,0.7402697594025334,8,solar_array_degradation,2.365525479239904,0.7402697594025334,abrupt,0.0,1.2719961526003374,1209571223,solar_array_degradation
11820.0,197.0,3.283333333333333,1,160.1728626997249,341.86526713848406,181.69240443875916,75.89149448696175,76.03107325940688,29.03565977947847,29.019253911101202,6.257560731138401,6.309944535941576,24.50788785586753,24.627883148659613,25.684640973640104,25.527573009372865,4.1325653043108295,17.093263356924204,2796.6316784621013,2896.226760151685,2903.117533711319,-0.0019799496820944516,0.1994987420523613,0.1918297931478865,22.868290155358302,23.005630142086886,0.7402697594025334,0.0,0.0,0.0,True,solar_array_degradation,1.0,0.7402697594025334,solar_array_degradation,0.7402697594025334,0.7402697594025334,8,solar_array_degradation,2.365525479239904,0.7402697594025334,abrupt,0.0,1.2719961526003374,1209571223,solar_array_degradation
11880.0,198.0,3.3,1,160.28447083886428,338.24429495415046,177.95982411528618,75.62667332012352,75.27296081558306,29.02506693280494,28.983378203357965,6.131245951207473,6.096174650202143,24.50619844257611,24.58682222493632,25.692988275346398,25.65323574870303,4.007374153135842,16.912214747707523,2706.107373853761,2801.1670670027233,2794.904673925743,-0.0018820726328891437,0.19705181582222858,0.19626106069576113,22.863461948536482,22.910745111765248,0.7402697594025334,0.0,0.0,0.0,True,solar_array_degradation,1.0,0.7402697594025334,solar_array_degradation,0.7402697594025334,0.7402697594025334,8,solar_array_degradation,2.365525479239904,0.7402697594025334,abrupt,0.0,1.2719961526003374,1209571223,solar_array_degradation
11940.0,199.0,3.316666666666667,1,160.37441692233443,335.13710349045215,174.76268656811772,75.36660979844477,75.48794782492476,29.014664391937792,29.01552851110318,6.023253766005249,6.0632215709856805,24.504169141501905,24.33354076090956,25.700958079492672,25.741791462140586,3.9023668743757134,16.75685517452261,2628.427587261303,2714.7973271320134,2721.149020977127,-0.001674479443640806,0.19186198609102015,0.19445342433925447,22.858568189820804,22.790626118538416,0.7402697594025334,0.0,0.0,0.0,True,solar_array_degradation,1.0,0.7402697594025334,solar_array_degradation,0.7402697594025334,0.7402697594025334,8,solar_array_degradation,2.365525479239904,0.7402697594025334,abrupt,0.0,1.2719961526003374,1209571223,solar_array_degradation
12000.0,200.0,3.3333333333333335,1,160.442262741858,332.6794919243112,172.2372291824532,75.11030439787564,75.34921016801184,29.004412175915025,28.917083866760898,5.93831132097472,5.876195954982934,24.50188107101151,24.417776603024972,25.708618364049162,25.84915098339322,3.821083307585322,16.633974596215563,2566.9872981077806,2640.892312619897,2654.2190310413266,-0.0013662429328623895,0.18415607332155973,0.1922920651004638,22.85361348293644,22.672930655238506,0.7402697594025334,0.0,0.0,0.0,True,solar_array_degradation,1.0,0.7402697594025334,solar_array_degradation,0.7402697594025334,0.7402697594025334,8,solar_array_degradation,2.365525479239904,0.7402697594025334,abrupt,0.0,1.2719961526003374,1209571223,solar_array_degradation
12060.0,201.0,3.35,1,160.48767775942207,330.978869674097,170.4911919146749,74.85659726705023,74.8895530428674,28.99426389068201,29.04910664632981,5.880169696926373,5.844069928815541,24.499423490096014,24.43667944172781,25.71604730410418,25.846750025433515,3.7661116531720955,16.54894348370485,2524.471741852424,2582.6820272361606,2584.904986709331,-0.0009708345151576976,0.17427086287894245,0.18286384126209815,22.848606656097854,22.851615030356903,0.7402697594025334,0.0,0.0,0.0,True,solar_array_degradation,1.0,0.7402697594025334,solar_array_degradation,0.7402697594025334,0.7402697594025334,8,solar_array_degradation,2.365525479239904,0.7402697594025334,abrupt,0.0,1.2719961526003374,1209571223,solar_array_degradation
12120.0,202.0,3.3666666666666667,1,160.51044071762627,330.1095620926345,169.59912137500825,74.60421762214693,74.3028069308032,28.984168704885878,29.013898903700145,5.85143990506855,5.8671501133032855,24.496890775545474,24.532456801777094,25.72332988188061,25.787152673835713,3.7391479170102913,16.505478104631727,2502.7390523158633,2542.710539776012,2535.799118620471,-0.0005055354357605888,0.16263838589401472,0.16028168171453144,22.84356039768733,22.88284220212755,0.7402697594025334,0.0,0.0,0.0,True,solar_array_degradation,1.0,0.7402697594025334,solar_array_degradation,0.7402697594025334,0.7402697594025334,8,solar_array_degradation,2.365525479239904,0.7402697594025334,abrupt,0.0,1.2719961526003374,1209571223,solar_array_degradation
12180.0,203.0,3.3833333333333333,1,160.51044071762627,330.1095620926345,169.59912137500825,74.35183797724365,74.31891378762558,28.974073519089746,28.966237758210784,5.853478671656812,5.847818995717397,24.494379620908077,24.501654166797252,25.730554199034827,25.656533308550596,3.7410570047632956,16.505478104631727,2502.7390523158633,2522.724796045938,2527.305226121354,9.318502806628603e-06,0.15023296257016572,0.15142280939761876,22.838491976842484,22.913301937624293,0.7402697594025334,0.0,0.0,0.0,True,solar_array_degradation,1.0,0.7402697594025334,solar_array_degradation,0.7402697594025334,0.7402697594025334,8,solar_array_degradation,2.365525479239904,0.7402697594025334,abrupt,0.0,1.2719961526003374,1209571223,solar_array_degradation
12240.0,204.0,3.4,1,160.48767775942207,330.9788696740969,170.49119191467486,74.09813084641824,74.07827857343487,28.96392523385673,28.95416792148502,5.8863289605299425,5.920889466841408,24.491986374817714,24.47341019010951,25.73780765240996,25.765696359369226,3.771909490525881,16.548943483704846,2524.471741852423,2523.5982689491807,2526.41122640122,0.0005512257128852536,0.16378064282213134,0.1589460515749147,22.833491925507733,22.88929972436982,0.7402697594025334,0.0,0.0,0.0,True,solar_array_degradation,1.0,0.7402697594025334,solar_array_degradation,0.7402697594025334,0.7402697594025334,8,solar_array_degradation,2.365525479239904,0.7402697594025334,abrupt,0.0,1.2719961526003374,1209571223,solar_array_degradation
12300.0,205.0,3.4166666666666665,1,160.442262741858,332.67949192431115,172.23722918245315,73.84182544584912,73.98591412066254,28.953673017833964,28.971646825109897,5.948717769809859,6.002687077115849,24.489804388063433,24.46715577681305,25.74517314038311,25.79974134999203,3.8309794483881263,16.63397459621556,2566.9872981077788,2545.29278352848,2549.000754660506,0.0010965022490355331,0.1774125562258883,0.17651651167638166,22.828580602919644,22.620789010413088,0.7402697594025334,0.0,0.0,0.0,True,solar_array_degradation,1.0,0.7402697594025334,solar_array_degradation,0.7402697594025334,0.7402697594025334,8,solar_array_degradation,2.365525479239904,0.7402697594025334,abrupt,0.0,1.2719961526003374,1209571223,solar_array_degradation
12360.0,206.0,3.433333333333333,1,160.37441692233443,335.13710349045215,174.76268656811772,73.58176192417037,73.73507521233499,28.943270476966816,28.95772782532176,6.038111232356918,6.086449152853821,24.487921238336202,24.448805933790986,25.75272546560909,25.757925724955484,3.9167029803451827,16.75685517452261,2628.427587261303,2586.8601853948917,2592.0690609608246,0.00162131691010066,0.1905329227525165,0.1937616231642129,22.823776050211574,22.775512170036762,0.7402697594025334,0.0,0.0,0.0,True,solar_array_degradation,1.0,0.7402697594025334,solar_array_degradation,0.7402697594025334,0.7402697594025334,8,solar_array_degradation,2.365525479239904,0.7402697594025334,abrupt,0.0,1.2719961526003374,1209571223,solar_array_degradation
12420.0,207.0,3.45,1,160.28447083886428,338.24429495415046,177.95982411528618,73.31694075733215,73.54379674694701,28.932677630293284,28.95100303258582,6.15082455862839,6.107966582016255,24.486415748973126,24.57465747004855,25.76052809137963,25.724675141646085,4.026611420082091,16.912214747707523,2706.107373853761,2646.4837796243264,2641.0898563026976,0.0021027327770517935,0.20256831942629483,0.21003769536358746,22.81909317075209,22.919353804259792,0.7402697594025334,0.0,0.0,0.0,True,solar_array_degradation,1.0,0.7402697594025334,solar_array_degradation,0.7402697594025334,0.7402697594025334,8,solar_array_degradation,2.365525479239904,0.7402697594025334,abrupt,0.0,1.2719961526003374,1209571223,solar_array_degradation
12480.0,208.0,3.466666666666667,1,160.1728626997249,341.86526713848394,181.69240443875904,73.04656515548876,73.00543538516513,28.921862606219552,28.88267623013139,6.282181991960873,6.282457695605643,24.48535480396732,24.451096042623043,25.768630393362443,25.8690752584313,4.157264846409399,17.093263356924197,2796.631678462098,2721.5577290432116,2719.232259267672,0.0025197096664136883,0.2129927416603422,0.2043507596785187,22.814543038509083,22.85627625439498,0.7402697594025334,0.0,0.0,0.0,True,solar_array_degradation,1.0,0.7402697594025334,solar_array_degradation,0.7402697594025334,0.7402697594025334,8,solar_array_degradation,2.365525479239904,0.7402697594025334,abrupt,0.0,1.2719961526003374,1209571223,solar_array_degradation
12540.0,209.0,3.4833333333333334,1,160.04013624855133,345.8417661836449,185.80162993509356,72.770074634752,72.29892977543128,28.91080298539008,28.82916433635952,6.426719798443074,6.426301166768517,24.484790069108236,24.476060005841287,25.77706552683391,25.966367305770863,4.304218189416014,17.292088309182244,2896.0441545911226,2808.8009418171673,2812.526877697307,0.0028540236872440883,0.2213505921811022,0.2119755112182152,22.810132369719437,22.78600589134323,0.7402697594025334,0.0,0.0,0.0,True,solar_array_degradation,1.0,0.7402697594025334,solar_array_degradation,0.7402697594025334,0.7402697594025334,8,solar_array_degradation,2.365525479239904,0.7402697594025334,abrupt,0.0,1.2719961526003374,1209571223,solar_array_degradation
12600.0,210.0,3.5,1,159.88693811527205,349.99999999999994,190.1130618847279,72.48716829266165,72.34721077208806,28.899486731706467,28.865492376963456,6.578423473388174,6.5078991110511915,24.48475483679898,24.267367847284778,25.785849002619237,25.754486674098324,4.462052431617963,17.499999999999996,2999.999999999999,2904.4004709085834,2897.487237148182,0.0030910637126159027,0.22727659281539755,0.21619701685212783,22.80586318672282,22.847624744807614,0.7402697594025334,0.0,0.0,0.0,True,solar_array_degradation,1.0,0.7402697594025334,solar_array_degradation,0.7402697594025334,0.7402697594025334,8,solar_array_degradation,2.365525479239904,0.7402697594025334,abrupt,0.0,1.2719961526003374,1209571223,solar_array_degradation
12660.0,211.0,3.5166666666666666,1,159.7140146657931,354.15823381635516,194.44421915056208,72.19781677606856,72.07641952639877,28.88791267104274,28.92653401013289,6.730988886762769,6.7130674727200645,24.48526129748318,24.514667605411123,25.79497803397992,25.513720198059044,4.624496911497912,17.70791169081776,3103.955845408879,3004.1781581587315,3019.674403488701,0.003220469955976316,0.2305117488994079,0.23459236815096998,22.80173269413815,22.883412572994523,0.7402697594025334,0.0,0.0,0.0,True,solar_array_degradation,1.0,0.7402697594025334,solar_array_degradation,0.7402697594025334,0.7402697594025334,8,solar_array_degradation,2.365525479239904,0.7402697594025334,abrupt,0.0,1.2719961526003374,1209571223,solar_array_degradation
12720.0,212.0,3.533333333333333,1,159.52220836577794,358.1347328615159,198.61252449573794,71.90226242414037,71.78642661762557,28.876090496965617,28.93165443506383,6.878096067631064,6.851233057647941,24.486298584502432,24.515521207676635,25.80443168299423,25.866507652470624,4.784656441244952,17.906736643075796,3203.3683215378974,3103.773239848314,3108.3353610981817,0.003236586743530341,0.23091466858825851,0.2209417128517213,22.797733377050662,22.689858015294195,0.7402697594025334,0.0,0.0,0.0,True,solar_array_degradation,1.0,0.7402697594025334,solar_array_degradation,0.7402697594025334,0.7402697594025334,8,solar_array_degradation,2.365525479239904,0.7402697594025334,abrupt,0.0,1.2719961526003374,1209571223,solar_array_degradation
12780.0,213.0,3.55,1,159.31245367624007,361.7557050458495,202.4432513696094,71.60100758579274,71.31277286850228,28.86404030343171,28.869673250176767,7.013683782361559,6.983285066450781,24.487831929048475,24.54235284940079,25.814171800034863,25.701260844348003,4.935340815916923,18.087785252292473,3293.8926261462375,3198.8329329972757,3178.293940933594,0.003138709694325054,0.22846774235812634,0.2215249604638361,22.793853319208296,22.79311838847667,0.7402697594025334,0.0,0.0,0.0,True,solar_array_degradation,1.0,0.7402697594025334,solar_array_degradation,0.7402697594025334,0.7402697594025334,8,solar_array_degradation,2.365525479239904,0.7402697594025334,abrupt,0.0,1.2719961526003374,1209571223,solar_array_degradation
12840.0,214.0,3.566666666666667,1,159.08577250094245,364.86289650954785,205.7771240086054,71.29479162744661,71.36515556080275,28.851791665097863,28.817760095467992,7.132213014609241,7.112947123870927,24.489803194137053,24.521094964210747,25.824144715285538,25.865475221825477,5.069476998860916,18.243144825477394,3371.5724127386957,3285.202672867986,3282.971004128793,0.0029311165050767154,0.22327791262691787,0.22510784492751892,22.790076727248213,22.776502579378345,0.7402697594025334,0.0,0.0,0.0,True,solar_array_degradation,1.0,0.7402697594025334,solar_array_degradation,0.7402697594025334,0.7402697594025334,8,solar_array_degradation,2.365525479239904,0.7402697594025334,abrupt,0.0,1.2719961526003374,1209571223,solar_array_degradation
12900.0,215.0,3.5833333333333335,1,158.84326920778517,367.32050807568874,208.47723886790357,70.98455764103603,70.87232421046373,28.839382305641443,28.875717016876894,7.228907909970114,7.186008388635099,24.492132937524453,24.413795991211853,25.83428360837082,26.042265473379828,5.180568765666279,18.366025403784437,3433.0127018922185,3359.1076873801026,3361.372605610153,0.0026228799942983067,0.21557199985745767,0.21932698223223607,22.78638463561989,22.72120474268026,0.7402697594025334,0.0,0.0,0.0,True,solar_array_degradation,1.0,0.7402697594025334,solar_array_degradation,0.7402697594025334,0.7402697594025334,8,solar_array_degradation,2.365525479239904,0.7402697594025334,abrupt,0.0,1.2719961526003374,1209571223,solar_array_degradation
12960.0,216.0,3.6,1,158.5861252484362,369.021130325903,210.43500507746683,70.6714103120517,70.69914164696134,28.82685641248207,28.821050091635694,7.2999636889421,7.252131540317911,24.494723998528606,24.654403770059748,25.844511452536445,25.611206463627642,5.263157588789852,18.45105651629515,3475.5282581475753,3417.317972763839,3425.127822464717,0.002227471576593615,0.20568678941484037,0.21136164681593417,22.782755757042647,22.786857187970735,0.7402697594025334,0.0,0.0,0.0,True,solar_array_degradation,1.0,0.7402697594025334,solar_array_degradation,0.7402697594025334,0.7402697594025334,8,solar_array_degradation,2.365525479239904,0.7402697594025334,abrupt,0.0,1.2719961526003374,1209571223,solar_array_degradation
13020.0,217.0,3.6166666666666667,1,158.3155934024174,369.8904379073655,211.5748445049481,70.35656679344315,70.29244101255861,28.814262671737726,28.81088700905283,7.342712423888251,7.309990759657383,24.497466434734747,24.59422442535879,25.85474440470689,25.72454183098217,5.313234059193831,18.494521895368276,3497.2609476841367,3457.2894602239876,3448.1042758794324,0.0017621724971965198,0.194054312429913,0.19652855930217805,22.779167435796477,22.745728537376216,0.7402697594025334,0.0,0.0,0.0,True,solar_array_degradation,1.0,0.7402697594025334,solar_array_degradation,0.7402697594025334,0.7402697594025334,8,solar_array_degradation,2.365525479239904,0.7402697594025334,abrupt,0.0,1.2719961526003374,1209571223,solar_array_degradation
13080.0,218.0,3.6333333333333333,1,158.03299167368888,369.8904379073655,211.8574462336766,70.0413027365478,70.02610554894986,28.801652109461912,28.777707912369674,7.355739366217719,7.298432656948118,24.500243476559334,24.460850364508055,25.86489549325997,25.901479308145404,5.3285521298980045,18.494521895368276,3497.2609476841367,3477.2752039540624,3471.8269738948916,0.0012473185586292885,0.18118296396573222,0.1977593893015995,22.77559665642858,22.686775391399628,0.7402697594025334,0.0,0.0,0.0,True,solar_array_degradation,1.0,0.7402697594025334,solar_array_degradation,0.7402697594025334,0.7402697594025334,8,solar_array_degradation,2.365525479239904,0.7402697594025334,abrupt,0.0,1.2719961526003374,1209571223,solar_array_degradation
13140.0,219.0,3.65,1,157.73969686946586,369.02113032590313,211.28143345643727,69.72689584152334,69.60609769263783,28.789075833660934,28.75328428762365,7.338944628760939,7.373969678485514,24.50293804457038,24.415030697990865,25.87487844234648,25.68718924347917,5.308808661121524,18.451056516295157,3475.5282581475776,3476.40173105082,3476.608279797171,0.0007054113485506708,0.16763528371376676,0.16366261330559861,22.77202105880887,22.682365963850533,0.7402697594025334,0.0,0.0,0.0,True,solar_array_degradation,1.0,0.7402697594025334,solar_array_degradation,0.7402697594025334,0.7402697594025334,8,solar_array_degradation,2.365525479239904,0.7402697594025334,abrupt,0.0,1.2719961526003374,1209571223,solar_array_degradation
13200.0,220.0,3.6666666666666665,1,157.43713789255278,367.32050807568874,209.88337018313595,69.41456939779845,69.53643137519204,28.776582775911937,28.763004622948962,7.293547389470559,7.335870169178997,24.50543930524228,24.343364280116003,25.884611465615276,25.898168126561867,5.2556666817962245,18.366025403784437,3433.0127018922185,3454.7072164715196,3453.0991998651375,0.0001601348124003416,0.15400337031000855,0.1558690068185523,22.768419911824303,22.676490838891624,0.7402697594025334,0.0,0.0,0.0,True,solar_array_degradation,1.0,0.7402697594025334,solar_array_degradation,0.7402697594025334,0.7402697594025334,8,solar_array_degradation,2.365525479239904,0.7402697594025334,abrupt,0.0,1.2719961526003374,1209571223,solar_array_degradation
13260.0,221.0,3.683333333333333,1,157.12678877987196,364.8628965095479,207.73610772967595,69.10543828510546,69.15190994732144,28.76421753140422,28.746811757595744,7.222032287263635,7.162047505407633,24.507648736173035,24.771093669444685,25.894020863541307,25.848721342865147,5.172620028662273,18.243144825477398,3371.572412738698,3413.1398146051088,3409.68158856711,-0.0003646798486647144,0.15911699621661785,0.1662305401987255,22.76482423380168,22.649971517729316,0.7402697594025334,0.0,0.0,0.0,True,solar_array_degradation,1.0,0.7402697594025334,solar_array_degradation,0.7402697594025334,0.7402697594025334,8,solar_array_degradation,2.365525479239904,0.7402697594025334,abrupt,0.0,1.2719961526003374,1209571223,solar_array_degradation
13320.0,222.0,3.7,1,156.8101615211042,361.7557050458495,204.9455435247453,68.80045979771747,69.09132056314006,28.7520183919087,28.742877548984307,7.128040220731787,7.211158138078929,24.509485232392894,24.346161518638947,25.903044267137563,26.12762640236286,5.064716591069605,18.087785252292473,3293.8926261462375,3353.5162203756736,3349.260233160189,-0.0008460957156158975,0.17115239289039744,0.1784927652865063,22.761234485100978,22.852269599603424,0.7402697594025334,0.0,0.0,0.0,True,solar_array_degradation,1.0,0.7402697594025334,solar_array_degradation,0.7402697594025334,0.7402697594025334,8,solar_array_degradation,2.365525479239904,0.7402697594025334,abrupt,0.0,1.2719961526003374,1209571223,solar_array_degradation
13380.0,223.0,3.716666666666667,1,156.48879869242697,358.13473286151617,201.6459341690892,68.50039144329916,68.60630372218053,28.740015657731966,28.717784324732165,7.016208222379312,7.007883594733582,24.51088890175048,24.534068872695407,25.911633386286614,26.051436099216506,4.938174225582646,17.90673664307581,3203.3683215379037,3278.442270956789,3269.633222942079,-0.0012630726049777355,0.18157681512444337,0.16676623888323203,22.757630449117205,22.718185052950066,0.7402697594025334,0.0,0.0,0.0,True,solar_array_degradation,1.0,0.7402697594025334,solar_array_degradation,0.7402697594025334,0.7402697594025334,8,solar_array_degradation,2.365525479239904,0.7402697594025334,abrupt,0.0,1.2719961526003374,1209571223,solar_array_degradation
13440.0,224.0,3.7333333333333334,1,156.16426594123826,354.15823381635516,197.9939678751169,68.20575756253263,68.03268118165978,28.728230302501306,28.71388243524038,6.891965352208904,6.920383551012255,24.51182335138426,24.43732001956793,25.919756142577956,25.910912444657164,4.79993491328384,17.70791169081776,3103.955845408879,3191.1990581828345,3198.773421243898,-0.0015973866258081563,0.1899346656452039,0.18999908476031183,22.753993853993894,22.62421418973608,0.7402697594025334,0.0,0.0,0.0,True,solar_array_degradation,1.0,0.7402697594025334,solar_array_degradation,0.7402697594025334,0.7402697594025334,8,solar_array_degradation,2.365525479239904,0.7402697594025334,abrupt,0.0,1.2719961526003374,1209571223,solar_array_degradation
13500.0,225.0,3.75,1,155.83814435847998,349.99999999999994,194.16185564151996,67.91682622973273,67.85500368331546,28.71667304918931,28.65650834792072,6.7612935282905715,6.779636574669599,24.512276435322807,24.414566890833285,25.927398093437333,26.235299459965987,4.657207214056317,17.499999999999996,2999.999999999999,3095.599529091417,3091.906724570114,-0.0018344266511800132,0.19586066627950033,0.19442465379428142,22.75030912948372,22.826716962999363,0.7402697594025334,0.0,0.0,0.0,True,solar_array_degradation,1.0,0.7402697594025334,solar_array_degradation,0.7402697594025334,0.7402697594025334,8,solar_array_degradation,2.365525479239904,0.7402697594025334,abrupt,0.0,1.2719961526003374,1209571223,solar_array_degradation
13560.0,226.0,3.7666666666666666,1,155.51202277572173,345.8417661836449,190.32974340792316,67.63359744489954,67.91590367195892,28.70534389779598,28.732563798806737,6.630463793974502,6.641843057683586,24.512259590077058,24.832395907793448,25.9345630853082,26.166006372450706,4.51704400985654,17.292088309182244,2896.0441545911226,2995.82184184127,3007.0508613563957,-0.0019638328945403775,0.19909582236350942,0.19508071882332603,22.746564052925752,22.79661464876345,0.7402697594025334,0.0,0.0,0.0,True,solar_array_degradation,1.0,0.7402697594025334,solar_array_degradation,0.7402697594025334,0.7402697594025334,8,solar_array_degradation,2.365525479239904,0.7402697594025334,abrupt,0.0,1.2719961526003374,1209571223,solar_array_degradation
13620.0,227.0,3.783333333333333,1,155.18749002453302,341.86526713848394,186.67777711395092,67.35580313371806,67.15635566490072,28.694232125348723,28.679841993368214,6.505759634844462,6.438576599655091,24.51180600811696,24.443376939757847,25.94127310733958,26.01190025122343,4.3859926741097235,17.093263356924197,2796.631678462098,2896.226760151684,2891.9881721208476,-0.001979949682094487,0.19949874205236218,0.20492145086795363,22.74275026036327,22.69162715543545,0.7402697594025334,0.0,0.0,0.0,True,solar_array_degradation,1.0,0.7402697594025334,solar_array_degradation,0.7402697594025334,0.7402697594025334,8,solar_array_degradation,2.365525479239904,0.7402697594025334,abrupt,0.0,1.2719961526003374,1209571223,solar_array_degradation
13680.0,228.0,3.8,1,154.86612719585577,338.2442949541506,183.3781677582948,67.08291895550632,66.76141838975339,28.68331675822025,28.593737588479495,6.393199548854165,6.332818252225321,24.51096797219398,24.485197129275313,25.94756735197628,25.880158756403294,4.269840037717528,16.91221474770753,2706.1073738537643,2801.1670670027247,2798.905367076988,-0.001882072632889087,0.19705181582222717,0.1968703994727525,22.738863602753913,22.66554642938318,0.7402697594025334,0.0,0.0,0.0,True,solar_array_degradation,1.0,0.7402697594025334,solar_array_degradation,0.7402697594025334,0.7402697594025334,8,solar_array_degradation,2.365525479239904,0.7402697594025334,abrupt,0.0,1.2719961526003374,1209571223,solar_array_degradation
13740.0,229.0,3.816666666666667,1,154.549499937088,335.13710349045215,180.58760355336415,66.81418740259953,66.83606009204516,28.67256749610398,28.630507694994712,6.298271111504135,6.325231768370881,24.509813689425886,24.195781039740645,25.953500523509515,25.86062650933329,4.173457519520603,16.75685517452261,2628.427587261303,2714.797327132014,2705.569289613835,-0.0016744794436408194,0.19186198609102048,0.18758791222343302,22.734904331631604,22.662743022914512,0.7402697594025334,0.0,0.0,0.0,True,solar_array_degradation,1.0,0.7402697594025334,solar_array_degradation,0.7402697594025334,0.7402697594025334,8,solar_array_degradation,2.365525479239904,0.7402697594025334,abrupt,0.0,1.2719961526003374,1209571223,solar_array_degradation
13800.0,230.0,3.8333333333333335,1,154.23915082440718,332.67949192431126,178.4403410999041,66.54865118072468,66.4221841639161,28.661946047228987,28.58202762413769,6.225688262962715,6.249796145690102,24.508423925782022,24.589817564199436,25.95914046851387,25.70213106328164,4.100735547807336,16.633974596215563,2566.9872981077824,2640.8923126198983,2640.816807139048,-0.001366242932862375,0.18415607332155937,0.18204533737596273,22.730877103683657,22.79074272278178,0.7402697594025334,0.0,0.0,0.0,True,solar_array_degradation,1.0,0.7402697594025334,solar_array_degradation,0.7402697594025334,0.7402697594025334,8,solar_array_degradation,2.365525479239904,0.7402697594025334,abrupt,0.0,1.2719961526003374,1209571223,solar_array_degradation
13860.0,231.0,3.85,1,153.9365918474941,330.9788696740969,177.04227782660283,66.28519541014937,66.39074939070936,28.651407816405975,28.659546833432326,6.179182501644031,6.125667480474609,24.506888661264295,24.56198092742968,25.964565231733168,25.97354498339431,4.0545837110899035,16.548943483704846,2524.471741852423,2582.682027236161,2587.7240846241375,-0.0009708345151577327,0.1742708628789433,0.18218645925526902,22.726790799689468,22.744640533599465,0.7402697594025334,0.0,0.0,0.0,True,solar_array_degradation,1.0,0.7402697594025334,solar_array_degradation,0.7402697594025334,0.7402697594025334,8,solar_array_degradation,2.365525479239904,0.7402697594025334,abrupt,0.0,1.2719961526003374,1209571223,solar_array_degradation
13920.0,232.0,3.8666666666666667,1,153.6432970432711,330.1095620926345,176.46626504936341,66.02259680144496,65.77575839762638,28.640903872057798,28.638913476338576,6.161337150449527,6.130621476099517,24.505303882758444,24.321929067753914,25.969859666088567,25.87055042720876,4.0369660385207595,16.505478104631727,2502.739052315864,2542.710539776012,2542.9187394883324,-0.0005055354357605887,0.16263838589401472,0.1649185086437566,22.722658160202005,22.809545653710018,0.7402697594025334,0.0,0.0,0.0,True,solar_array_degradation,1.0,0.7402697594025334,solar_array_degradation,0.7402697594025334,0.7402697594025334,8,solar_array_degradation,2.365525479239904,0.7402697594025334,abrupt,0.0,1.2719961526003374,1209571223,solar_array_degradation
13980.0,233.0,3.8833333333333333,1,153.36069531454254,330.1095620926345,176.74886677809198,65.75957765445375,65.90869545110097,28.63038310617815,28.655955896501965,6.1734719414198596,6.1886181927905035,24.503768527678293,24.2873490570198,25.975111744969123,25.9800292014514,4.0489404649198635,16.505478104631727,2502.7390523158633,2522.724796045938,2530.7818641484405,9.318502806628603e-06,0.15023296257016572,0.15539528512724934,22.718496506138298,22.70532655238694,0.7402697594025334,0.0,0.0,0.0,True,solar_array_degradation,1.0,0.7402697594025334,solar_array_degradation,0.7402697594025334,0.7402697594025334,8,solar_array_degradation,2.365525479239904,0.7402697594025334,abrupt,0.0,1.2719961526003374,1209571223,solar_array_degradation
14040.0,234.0,3.9,1,153.0901634685238,330.97886967409687,177.88870620557307,65.49486231783831,65.82043687817614,28.61979449271353,28.597112274320484,6.2155829333737085,6.231092360591925,24.502381508832663,24.486289605894882,25.98040873797678,25.97407347850999,4.090677696131721,16.548943483704843,2524.471741852422,2523.59826894918,2515.2941396704364,0.0005512257128852394,0.16378064282213098,0.16673741583827345,22.71439642083383,22.66830660151982,0.7402697594025334,0.0,0.0,0.0,True,solar_array_degradation,1.0,0.7402697594025334,solar_array_degradation,0.7402697594025334,0.7402697594025334,8,solar_array_degradation,2.365525479239904,0.7402697594025334,abrupt,0.0,1.2719961526003374,1209571223,solar_array_degradation
14100.0,235.0,3.9166666666666665,1,152.8330195091748,332.6794919243112,179.84647241513642,65.22723363864912,65.1014127674819,28.609089345545964,28.62176210051395,6.286340339006141,6.285673068186853,24.50123870640842,24.57054067311714,25.985833417265397,25.76355833250723,4.1614459886252675,16.633974596215563,2566.9872981077806,2545.29278352848,2542.8543617870314,0.0010965022490355685,0.1774125562258892,0.17959466448432337,22.710378314530796,22.578984375452336,0.7402697594025334,0.0,0.0,0.0,True,solar_array_degradation,1.0,0.7402697594025334,solar_array_degradation,0.7402697594025334,0.7402697594025334,8,solar_array_degradation,2.365525479239904,0.7402697594025334,abrupt,0.0,1.2719961526003374,1209571223,solar_array_degradation
14160.0,236.0,3.933333333333333,0,0.0,335.13710349045215,335.13710349045215,64.72851771083596,64.74406784993386,28.589140708433437,28.58863614811035,11.722531534205606,11.691586549659386,24.50820933965542,24.454847169867758,25.97546046027632,26.09423132083389,11.993419645635589,16.75685517452261,2628.427587261303,2586.8601853948917,2594.245212213881,0.00162131691010066,0.1905329227525165,0.18289604171988463,22.706460278985645,22.642868737157876,0.7402697594025334,0.0,0.0,0.0,True,solar_array_degradation,1.0,0.7402697594025334,solar_array_degradation,0.7402697594025334,0.7402697594025334,8,solar_array_degradation,2.365525479239904,0.7402697594025334,abrupt,0.0,1.2719961526003374,1209571223,solar_array_degradation
14220.0,237.0,3.95,0,0.0,338.24429495415046,338.24429495415046,64.2251779862018,64.22200808267569,28.569007119448074,28.632395814050035,11.839553735274682,11.808260391675606,24.51587342565761,24.731736009975076,25.965481206089525,26.05296900880433,12.214002612036536,16.912214747707523,2706.107373853761,2646.4837796243264,2658.002810131131,0.0021027327770517935,0.20256831942629483,0.20703768824351287,22.702657267810356,22.652597201289172,0.7402697594025334,0.0,0.0,0.0,True,solar_array_degradation,1.0,0.7402697594025334,solar_array_degradation,0.7402697594025334,0.7402697594025334,8,solar_array_degradation,2.365525479239904,0.7402697594025334,abrupt,0.0,1.2719961526003374,1209571223,solar_array_degradation
14280.0,238.0,3.966666666666667,0,0.0,341.86526713848406,341.86526713848406,63.71644991010287,63.88268938760553,28.548657996404113,28.600947526585028,11.974827929969393,11.919194327149016,24.52435058615763,24.58506169367774,25.955943883154657,25.955235401256427,12.471720316190005,17.093263356924204,2796.6316784621013,2721.5577290432134,2724.5590545562386,0.002519709666413724,0.2129927416603431,0.21483683687045807,22.69898040483941,22.617564688245697,0.7402697594025334,0.0,0.0,0.0,True,solar_array_degradation,1.0,0.7402697594025334,solar_array_degradation,0.7402697594025334,0.7402697594025334,8,solar_array_degradation,2.365525479239904,0.7402697594025334,abrupt,0.0,1.2719961526003374,1209571223,solar_array_degradation
14340.0,239.0,3.9833333333333334,0,0.0,345.8417661836448,345.8417661836448,63.20180442471054,62.56572786140174,28.52807217698842,28.4991916520517,12.122857935791782,12.04008009000322,24.533728131849056,24.500337970955652,25.946880508707785,25.90325964348032,12.757094762511183,17.29208830918224,2896.044154591119,2808.800941817166,2809.9005629439825,0.0028540236872440176,0.22135059218110043,0.21901813328573702,22.695436455802287,22.939434928735846,0.7402697594025334,0.0,0.0,0.0,True,solar_array_degradation,1.0,0.7402697594025334,solar_array_degradation,0.7402697594025334,0.7402697594025334,8,solar_array_degradation,2.365525479239904,0.7402697594025334,abrupt,0.0,1.2719961526003374,1209571223,solar_array_degradation
14400.0,240.0,4.0,0,0.0,349.99999999999994,349.99999999999994,62.6809710913772,62.78855851639742,28.507238843655088,28.46375194493801,12.277583315576006,12.234619681622185,24.54405617694354,24.510213651001767,25.938305464638123,25.938842112547103,13.059124165672825,17.499999999999996,2999.999999999999,2904.400470908583,2904.077049199676,0.003091063712615916,0.22727659281539792,0.22076728910958943,22.69202749216005,22.788965990229887,0.7402697594025334,0.0,0.0,0.0,True,solar_array_degradation,1.0,0.7402697594025334,solar_array_degradation,0.7402697594025334,0.7402697594025334,8,solar_array_degradation,2.365525479239904,0.7402697594025334,abrupt,0.0,1.2719961526003374,1209571223,solar_array_degradation
14460.0,241.0,4.016666666666667,0,0.0,354.15823381635505,354.15823381635505,62.15394991010287,62.09786837612014,28.486157996404113,28.49353167984808,12.432643035296701,12.357262673158118,24.555344003306708,24.606485007297,25.930214844302654,25.672268580249625,13.365649027448926,17.707911690817753,3103.955845408876,3004.1781581587297,3001.628007655269,0.0032204699559762805,0.230511748899407,0.23357118821912864,22.6887507672846,22.880923505466097,0.7402697594025334,0.0,0.0,0.0,True,solar_array_degradation,1.0,0.7402697594025334,solar_array_degradation,0.7402697594025334,0.7402697594025334,8,solar_array_degradation,2.365525479239904,0.7402697594025334,abrupt,0.0,1.2719961526003374,1209571223,solar_array_degradation
14520.0,242.0,4.033333333333333,0,0.0,358.134732861516,358.134732861516,61.62101131953512,61.53624192777845,28.464840452781406,28.537009727584504,12.581652563821812,12.566871258011078,24.56755806761666,24.634991626442265,25.922586598834386,26.024051602187495,13.663838498937919,17.9067366430758,3203.3683215379,3103.773239848315,3103.443028312524,0.00323658674353039,0.23091466858825976,0.2343206029697672,22.68559881464851,22.70982506301189,0.7402697594025334,0.0,0.0,0.0,True,solar_array_degradation,1.0,0.7402697594025334,solar_array_degradation,0.7402697594025334,0.7402697594025334,8,solar_array_degradation,2.365525479239904,0.7402697594025334,abrupt,0.0,1.2719961526003374,1209571223,solar_array_degradation
14580.0,243.0,4.05,0,0.0,361.7557050458495,361.7557050458495,61.082684377502616,61.25231945154377,28.443307375100105,28.40745880310286,12.718482428050486,12.679337042660208,24.580621997950328,24.465517374499747,25.915381476548294,25.812369633536672,13.940783621810317,18.087785252292473,3293.892626146237,3198.8329329972757,3191.8335501242823,0.0031387096943250397,0.228467742358126,0.22143143998191325,22.68255976602416,22.601996696517443,0.7402697594025334,0.0,0.0,0.0,True,solar_array_degradation,1.0,0.7402697594025334,solar_array_degradation,0.7402697594025334,0.7402697594025334,8,solar_array_degradation,2.365525479239904,0.7402697594025334,abrupt,0.0,1.2719961526003374,1209571223,solar_array_degradation
14640.0,244.0,4.066666666666666,0,0.0,364.86289650954785,364.86289650954785,60.53973363864913,60.694755831064846,28.421589345545964,28.488492078276266,12.83752615216526,12.828565829071398,24.594418820017967,24.533115553537325,25.908544714386863,25.875142176973277,14.18416621660216,18.243144825477394,3371.5724127386957,3285.202672867986,3292.2471062276977,0.0029311165050767154,0.22327791262691787,0.22076634464985181,22.67961787571296,22.643911773605506,0.7402697594025334,0.0,0.0,0.0,True,solar_array_degradation,1.0,0.7402697594025334,solar_array_degradation,0.7402697594025334,0.7402697594025334,8,solar_array_degradation,2.365525479239904,0.7402697594025334,abrupt,0.0,1.2719961526003374,1209571223,solar_array_degradation
14700.0,245.0,4.083333333333333,0,0.0,367.32050807568874,367.32050807568874,59.99312573972697,60.76534450490689,28.399725029589078,28.42293542882567,12.93394593408863,12.979698712395745,24.608795495744772,24.468787886638395,25.902008407479336,25.749391498247466,14.382956594074225,18.366025403784437,3433.0127018922185,3359.1076873801026,3354.305032726323,0.0026228799942983067,0.21557199985745767,0.22324116144609882,22.676754225471154,22.853388784933326,0.7402697594025334,0.0,0.0,0.0,True,solar_array_degradation,1.0,0.7402697594025334,solar_array_degradation,0.7402697594025334,0.7402697594025334,8,solar_array_degradation,2.365525479239904,0.7402697594025334,abrupt,0.0,1.2719961526003374,1209571223,solar_array_degradation
14760.0,246.0,4.1,0,0.0,369.0211303259031,369.0211303259031,59.44398715293248,59.43674405902446,28.3777594861173,28.384721197202126,13.003885331625005,12.960099291033634,24.62356966509512,24.572426578082304,25.89569445325209,26.036071147877163,14.528082697444159,18.451056516295154,3475.5282581475767,3417.3179727638394,3424.5775913371394,0.002227471576593636,0.2056867894148409,0.19725306513492952,22.67394757497003,22.601823408325743,0.7402697594025334,0.0,0.0,0.0,True,solar_array_degradation,1.0,0.7402697594025334,solar_array_degradation,0.7402697594025334,0.7402697594025334,8,solar_array_degradation,2.365525479239904,0.7402697594025334,abrupt,0.0,1.2719961526003374,1209571223,solar_array_degradation
14820.0,247.0,4.116666666666666,0,0.0,369.8904379073655,369.8904379073655,58.893554953665564,58.86331395661172,28.355742198146622,28.464268911854266,13.044639612062143,13.141857981717708,24.63853827980017,24.66128856401213,25.88951794141681,25.872696610605075,14.613009808686463,18.494521895368276,3497.2609476841367,3457.2894602239876,3454.538390559428,0.0017621724971965131,0.19405431242991283,0.19654112660212267,22.671175315089407,22.693773552815095,0.7402697594025334,0.0,0.0,0.0,True,solar_array_degradation,1.0,0.7402697594025334,solar_array_degradation,0.7402697594025334,0.7402697594025334,8,solar_array_degradation,2.365525479239904,0.7402697594025334,abrupt,0.0,1.2719961526003374,1209571223,solar_array_degradation
14880.0,248.0,4.133333333333334,0,0.0,369.8904379073655,369.8904379073655,58.34312275439866,58.5581043357576,28.333724910175945,28.28762841746595,13.054776210328802,13.04776466477125,24.653487631961838,24.532210193109332,25.88339084167621,25.824486169299213,14.634174552141346,18.494521895368276,3497.260947684137,3477.2752039540624,3485.7882163292397,0.001247318558629296,0.18118296396573239,0.18490417705331902,22.66841447662681,22.609407663836976,0.7402697594025334,0.0,0.0,0.0,True,solar_array_degradation,1.0,0.7402697594025334,solar_array_degradation,0.7402697594025334,0.7402697594025334,8,solar_array_degradation,2.365525479239904,0.7402697594025334,abrupt,0.0,1.2719961526003374,1209571223,solar_array_degradation
14940.0,249.0,4.15,0,0.0,369.0211303259031,369.0211303259031,57.793984167604165,57.28184837439558,28.311759366704166,28.355062733718103,13.034199872434902,13.021428858894033,24.66820413718729,24.519276486465614,25.87722582797539,25.998746449272062,14.591229305166562,18.451056516295154,3475.5282581475767,3476.4017310508193,3469.4515607850103,0.0007054113485506565,0.1676352837137664,0.17038504446404001,22.665642745355616,22.700109541826862,0.7402697594025334,0.0,0.0,0.0,True,solar_array_degradation,1.0,0.7402697594025334,solar_array_degradation,0.7402697594025334,0.7402697594025334,8,solar_array_degradation,2.365525479239904,0.7402697594025334,abrupt,0.0,1.2719961526003374,1209571223,solar_array_degradation
15000.0,250.0,4.166666666666667,0,0.0,367.32050807568874,367.32050807568874,57.247376268682004,57.394373778763736,28.28989505074728,28.29756403248136,12.984159446925412,12.920571102566166,24.682485151442346,24.659476801344073,25.870940072159158,25.904257386902422,14.487071723454594,18.366025403784437,3433.0127018922185,3454.7072164715196,3453.95780085183,0.00016013481240034853,0.1540033703100087,0.15447139967944595,22.662839435721946,22.680665254320495,0.7402697594025334,0.0,0.0,0.0,True,solar_array_degradation,1.0,0.7402697594025334,solar_array_degradation,0.7402697594025334,0.7402697594025334,8,solar_array_degradation,2.365525479239904,0.7402697594025334,abrupt,0.0,1.2719961526003374,1209571223,solar_array_degradation
15060.0,251.0,4.183333333333334,0,0.0,364.8628965095479,364.8628965095479,56.70442552982852,56.531359787086,28.26817702119314,28.282127124521573,12.907195827874006,12.98249255788123,24.69614909497078,24.86977520193724,25.86445884123284,25.863794032020728,14.32765633112705,18.243144825477398,3371.5724127386984,3413.139814605109,3413.351275726223,-0.00036467984866470743,0.15911699621661768,0.1590351950302952,22.66003561127009,22.5134411990182,0.7402697594025334,0.0,0.0,0.0,True,solar_array_degradation,1.0,0.7402697594025334,solar_array_degradation,0.7402697594025334,0.7402697594025334,8,solar_array_degradation,2.365525479239904,0.7402697594025334,abrupt,0.0,1.2719961526003374,1209571223,solar_array_degradation
15120.0,252.0,4.2,0,0.0,361.7557050458495,361.7557050458495,56.166098587796,55.73368625546571,28.24664394351184,28.198925229854712,12.807033138849881,12.797934181320176,24.709044226486185,24.708865029932404,25.85771874100756,25.873089284366788,14.121607825567924,18.087785252292473,3293.8926261462375,3353.5162203756736,3342.641319201058,-0.0008460957156159045,0.1711523928903976,0.16921723590633483,22.657231777238376,22.631504010842065,0.7402697594025334,0.0,0.0,0.0,True,solar_array_degradation,1.0,0.7402697594025334,solar_array_degradation,0.7402697594025334,0.7402697594025334,8,solar_array_degradation,2.365525479239904,0.7402697594025334,abrupt,0.0,1.2719961526003374,1209571223,solar_array_degradation
15180.0,253.0,4.216666666666667,0,0.0,358.134732861516,358.134732861516,55.63315999722826,56.01238400031607,28.22532639988913,28.23522746126424,12.688417763095302,12.699033597061781,24.721055546548822,24.805078001374294,25.85067046436565,26.10719720391188,13.879675626466593,17.9067366430758,3203.3683215379006,3278.442270956787,3278.287935009358,-0.0012630726049777854,0.18157681512444462,0.19357512830630497,22.654407761563572,22.643882209210275,0.7402697594025334,0.0,0.0,0.0,True,solar_array_degradation,1.0,0.7402697594025334,solar_array_degradation,0.7402697594025334,0.7402697594025334,8,solar_array_degradation,2.365525479239904,0.7402697594025334,abrupt,0.0,1.2719961526003374,1209571223,solar_array_degradation
15240.0,254.0,4.233333333333333,0,0.0,354.15823381635516,354.15823381635516,55.10613881595393,54.877949229025624,28.204245552638156,28.149518404507003,12.556912155490295,12.579648746219233,24.732109491371048,24.7856860300462,25.84328092403236,25.973029058933797,13.614083430455993,17.70791169081776,3103.9558454088797,3191.199058182833,3182.971517391353,-0.0015973866258081285,0.1899346656452032,0.20009690325470803,22.651545336596914,22.596710793726118,0.7402697594025334,0.0,0.0,0.0,True,solar_array_degradation,1.0,0.7402697594025334,solar_array_degradation,0.7402697594025334,0.7402697594025334,8,solar_array_degradation,2.365525479239904,0.7402697594025334,abrupt,0.0,1.2719961526003374,1209571223,solar_array_degradation
15300.0,255.0,4.25,0,0.0,350.0000000000001,350.0000000000001,54.5853054826206,54.38023945772993,28.183412219304824,28.255844634107376,12.41865240718653,12.407262426476539,24.74217628178563,24.71598593182862,25.8355346766401,26.046749136786165,13.337834208841583,17.500000000000007,3000.0000000000027,3095.599529091418,3100.1387936951683,-0.0018344266511799569,0.1958606662794989,0.19660070761156828,22.64862897596722,22.592205702495114,0.7402697594025334,0.0,0.0,0.0,True,solar_array_degradation,1.0,0.7402697594025334,solar_array_degradation,0.7402697594025334,0.7402697594025334,8,solar_array_degradation,2.365525479239904,0.7402697594025334,abrupt,0.0,1.2719961526003374,1209571223,solar_array_degradation
15360.0,256.0,4.266666666666667,0,0.0,345.8417661836449,345.8417661836449,54.07065999722826,53.78494439015079,28.16282639988913,28.141753851600544,12.28008017636349,12.284039337699648,24.75126998919836,24.86546078185278,25.827434575845345,25.693238175854827,13.064029531033247,17.292088309182244,2896.0441545911226,2995.8218418412703,2992.451521694188,-0.001963832894540392,0.19909582236350978,0.1944564768364774,22.645646500560623,22.63772741448978,0.7402697594025334,0.0,0.0,0.0,True,solar_array_degradation,1.0,0.7402697594025334,solar_array_degradation,0.7402697594025334,0.7402697594025334,8,solar_array_degradation,2.365525479239904,0.7402697594025334,abrupt,0.0,1.2719961526003374,1209571223,solar_array_degradation
15420.0,257.0,4.283333333333333,0,0.0,341.86526713848406,341.86526713848406,53.56193192112932,53.61243406624063,28.142477276845174,28.120252641988728,12.147660768292102,12.15118518951404,24.759446545834237,24.895342404145875,25.81900162595243,25.743240112845637,12.805252971320245,17.093263356924204,2796.6316784621013,2896.2267601516864,2891.030768306962,-0.001979949682094466,0.19949874205236165,0.1947859002351005,22.64258958964088,22.70578744215669,0.7402697594025334,0.0,0.0,0.0,True,solar_array_degradation,1.0,0.7402697594025334,solar_array_degradation,0.7402697594025334,0.7402697594025334,8,solar_array_degradation,2.365525479239904,0.7402697594025334,abrupt,0.0,1.2719961526003374,1209571223,solar_array_degradation
15480.0,258.0,4.3,0,0.0,338.2442949541506,338.2442949541506,53.058592196495184,52.59788605407748,28.122343687859807,28.102341647515686,12.027599787146046,11.991610115170396,24.766800041663167,24.89120303574761,25.810274042440227,25.73904062445342,12.57305253118045,16.91221474770753,2706.1073738537643,2801.1670670027256,2799.0247553882273,-0.0018820726328891153,0.19705181582222786,0.19694838330657163,22.63945413706194,22.547191983596033,0.7402697594025334,0.0,0.0,0.0,True,solar_array_degradation,1.0,0.7402697594025334,solar_array_degradation,0.7402697594025334,0.7402697594025334,8,solar_array_degradation,2.365525479239904,0.7402697594025334,abrupt,0.0,1.2719961526003374,1209571223,solar_array_degradation
15540.0,259.0,4.316666666666666,0,0.0,335.1371034904522,335.1371034904522,52.559876268682004,52.56827561437746,28.10239505074728,28.124955164870833,11.925570859183424,11.873510480586754,24.77345770549783,24.813419585377417,25.80130556044975,25.819581001994273,12.377539225392388,16.75685517452261,2628.4275872613057,2714.7973271320157,2715.5860426895274,-0.0016744794436408055,0.19186198609102012,0.18903644677667614,22.63624043693232,22.573935632668057,0.7402697594025334,0.0,0.0,0.0,True,solar_array_degradation,1.0,0.7402697594025334,solar_array_degradation,0.7402697594025334,0.7402697594025334,8,solar_array_degradation,2.365525479239904,0.7402697594025334,abrupt,0.0,1.2719961526003374,1209571223,solar_array_degradation
15600.0,260.0,4.333333333333333,0,0.0,332.6794919243112,332.6794919243112,52.0648175009375,52.13262206982294,28.0825927000375,28.108069534717387,11.84646643840214,11.837537210992645,24.779573963818493,24.864303186791997,25.792163065158586,25.790356179322387,12.227101366095065,16.633974596215563,2566.9872981077806,2640.8923126198983,2647.77009079288,-0.0013662429328624172,0.18415607332156042,0.17956391313871575,22.632953188194616,22.853298170137432,0.7402697594025334,0.0,0.0,0.0,True,solar_array_degradation,1.0,0.7402697594025334,solar_array_degradation,0.7402697594025334,0.7402697594025334,8,solar_array_degradation,2.365525479239904,0.7402697594025334,abrupt,0.0,1.2719961526003374,1209571223,solar_array_degradation
15660.0,261.0,4.35,0,0.0,330.9788696740969,330.9788696740969,51.572289421065335,51.47465528131803,28.062891576842613,28.039443888700898,11.794182676001192,11.771134791675582,24.785323918700886,24.656524665360518,25.78292364760473,25.69318968372628,12.128219599590933,16.548943483704846,2524.471741852423,2582.682027236161,2581.4505377775154,-0.0009708345151577327,0.1742708628789433,0.1838391583187646,22.629601313566596,22.712585345205515,0.7402697594025334,0.0,0.0,0.0,True,solar_array_degradation,1.0,0.7402697594025334,solar_array_degradation,0.7402697594025334,0.7402697594025334,8,solar_array_degradation,2.365525479239904,0.7402697594025334,abrupt,0.0,1.2719961526003374,1209571223,solar_array_degradation
15720.0,262.0,4.366666666666666,0,0.0,330.1095620926345,330.1095620926345,51.08105495366557,50.7926181342468,28.043242198146622,28.067578809283415,11.771447814776975,11.731314210979857,24.79089650416362,24.578377469877942,25.773671214633154,25.710544158806965,12.085358692481408,16.505478104631727,2502.739052315864,2542.710539776012,2542.966159568856,-0.0005055354357605887,0.16263838589401472,0.1608845854015995,22.626197595225054,22.646013968624757,0.7402697594025334,0.0,0.0,0.0,True,solar_array_degradation,1.0,0.7402697594025334,solar_array_degradation,0.7402697594025334,0.7402697594025334,8,solar_array_degradation,2.365525479239904,0.7402697594025334,abrupt,0.0,1.2719961526003374,1209571223,solar_array_degradation
15780.0,263.0,4.383333333333334,0,0.0,330.1095620926345,330.1095620926345,50.58982048626582,50.30304889092434,28.023592819450634,28.060078646017942,11.779701632815327,11.79539080139198,24.796487490620812,24.50896945713255,25.764492801125353,25.656682050055956,12.100909644652166,16.505478104631727,2502.7390523158633,2522.724796045938,2517.3111137504234,9.318502806628603e-06,0.15023296257016572,0.15192622141904932,22.622759395398674,22.50572391108043,0.7402697594025334,0.0,0.0,0.0,True,solar_array_degradation,1.0,0.7402697594025334,solar_array_degradation,0.7402697594025334,0.7402697594025334,8,solar_array_degradation,2.365525479239904,0.7402697594025334,abrupt,0.0,1.2719961526003374,1209571223,solar_array_degradation
15840.0,264.0,4.4,0,0.0,330.9788696740969,330.9788696740969,50.097292406393656,49.8525032689463,28.003891696255746,27.970534041490293,11.819031199808217,11.7523727909621,24.8022924319443,24.810525355854253,25.75547474568376,25.7859982221755,12.175159880163205,16.548943483704846,2524.471741852423,2523.5982689491807,2519.590758458374,0.0005512257128852536,0.16378064282213134,0.16431545508017065,22.61937733842475,22.695988472171294,0.7402697594025334,0.0,0.0,0.0,True,solar_array_degradation,1.0,0.7402697594025334,solar_array_degradation,0.7402697594025334,0.7402697594025334,8,solar_array_degradation,2.365525479239904,0.7402697594025334,abrupt,0.0,1.2719961526003374,1209571223,solar_array_degradation
15900.0,265.0,4.416666666666667,0,0.0,332.6794919243112,332.6794919243112,49.602233638649146,49.73281700672573,27.984089345545964,28.068582005717285,11.888165729332963,11.890375822237433,24.808499606528123,24.953989030822278,25.746698896910722,25.64010365007296,12.306278752646937,16.633974596215563,2566.9872981077806,2545.292783528481,2552.8829527661355,0.0010965022490355544,0.17741255622588886,0.17831009453458543,22.616071875239786,22.506446861708348,0.7402697594025334,0.0,0.0,0.0,True,solar_array_degradation,1.0,0.7402697594025334,solar_array_degradation,0.7402697594025334,0.7402697594025334,8,solar_array_degradation,2.365525479239904,0.7402697594025334,abrupt,0.0,1.2719961526003374,1209571223,solar_array_degradation
15960.0,266.0,4.433333333333334,0,0.0,335.13710349045203,335.13710349045203,49.10351771083597,48.8830303590972,27.96414070843344,27.90152246378827,11.984530723999011,11.980443689481316,24.815283002668814,24.857470632479103,25.73823901608448,25.617865989212955,12.490318133958102,16.756855174522602,2628.4275872613007,2586.860185394891,2584.7866723205775,0.0016213169101006175,0.19053292275251543,0.19421082028843734,22.612861137989317,22.494947729365553,0.7402697594025334,0.0,0.0,0.0,True,solar_array_degradation,1.0,0.7402697594025334,solar_array_degradation,0.7402697594025334,0.7402697594025334,8,solar_array_degradation,2.365525479239904,0.7402697594025334,abrupt,0.0,1.2719961526003374,1209571223,solar_array_degradation
16020.0,267.0,4.45,0,0.0,338.2442949541506,338.2442949541506,48.60017798620182,48.63962672489295,27.944007119448074,27.92429210582822,12.10435903155579,12.055853085653881,24.822795440003414,24.77498897452295,25.73015753345122,25.941210192388535,12.721240605184496,16.91221474770753,2706.107373853764,2646.483779624328,2644.2733423369014,0.002102732777051836,0.20256831942629588,0.20794446767941063,22.6097601203715,22.59056212592366,0.7402697594025334,0.0,0.0,0.0,True,solar_array_degradation,1.0,0.7402697594025334,solar_array_degradation,0.7402697594025334,0.7402697594025334,8,solar_array_degradation,2.365525479239904,0.7402697594025334,abrupt,0.0,1.2719961526003374,1209571223,solar_array_degradation
16080.0,268.0,4.466666666666667,0,0.0,341.86526713848406,341.86526713848406,48.09144991010289,48.60562504284589,27.923657996404117,27.927554337078618,12.242853969293991,12.23519805423707,24.831161993580317,24.864130840793226,25.72250279989746,25.876738626338536,12.990997865076611,17.093263356924204,2796.6316784621013,2721.557729043214,2730.926435350796,0.00251970966641371,0.21299274166034274,0.21536281200415927,22.606779986006348,22.316450741087017,0.7402697594025334,0.0,0.0,0.0,True,solar_array_degradation,1.0,0.7402697594025334,solar_array_degradation,0.7402697594025334,0.7402697594025334,8,solar_array_degradation,2.365525479239904,0.7402697594025334,abrupt,0.0,1.2719961526003374,1209571223,solar_array_degradation
16140.0,269.0,4.483333333333333,0,0.0,345.8417661836447,345.8417661836447,47.57680442471056,47.601845525562524,27.903072176988424,27.85331230168808,12.394397433729873,12.31416705252351,24.8404739783509,24.801585530765653,25.715306954116645,25.90103428844173,13.289687019619974,17.292088309182237,2896.0441545911185,2808.800941817166,2815.103281938074,0.0028540236872440033,0.2213505921811001,0.23240903588750753,22.603927540110472,22.55441443879658,0.7402697594025334,0.0,0.0,0.0,True,solar_array_degradation,1.0,0.7402697594025334,solar_array_degradation,0.7402697594025334,0.7402697594025334,8,solar_array_degradation,2.365525479239904,0.7402697594025334,abrupt,0.0,1.2719961526003374,1209571223,solar_array_degradation
16200.0,270.0,4.5,1,155.83814435847998,349.99999999999994,194.16185564151996,47.287873091910676,47.24712717547868,27.89151492367643,27.916234846962396,6.961323405086924,6.9651896356796,24.83968714076085,24.90646058280601,25.72458449848371,25.851868869293888,4.8768018840168805,17.499999999999996,2999.999999999999,2904.400470908583,2910.0860113652716,0.003091063712615916,0.22727659281539792,0.24216838250024905,22.601204893335925,22.58955075246107,0.7402697594025334,0.0,0.0,0.0,True,solar_array_degradation,1.0,0.7402697594025334,solar_array_degradation,0.7402697594025334,0.7402697594025334,8,solar_array_degradation,2.365525479239904,0.7402697594025334,abrupt,0.0,1.2719961526003374,1209571223,solar_array_degradation
16260.0,271.0,4.516666666666667,1,156.16426594123826,354.15823381635516,197.9939678751169,46.99323921114413,47.204443736088535,27.879729568445764,27.87369961739558,7.10171766153737,7.057371933316873,24.839431522914737,24.848369073872085,25.73420364587748,25.995989544902336,5.034751499535345,17.70791169081776,3103.955845408879,3004.1781581587306,3006.0919775188972,0.003220469955976323,0.23051174889940806,0.23305740404822817,22.598609337951657,22.715535726241185,0.7402697594025334,0.0,0.0,0.0,True,solar_array_degradation,1.0,0.7402697594025334,solar_array_degradation,0.7402697594025334,0.7402697594025334,8,solar_array_degradation,2.365525479239904,0.7402697594025334,abrupt,0.0,1.2719961526003374,1209571223,solar_array_degradation
16320.0,272.0,4.533333333333333,1,156.48879869242697,358.134732861516,201.64593416908903,46.69317085672585,46.52584418010605,27.867726834269035,27.875991011124324,7.235822834359219,7.311735725541184,24.83969016900131,24.85165175482822,25.74414348999661,25.52668710151726,5.1885705672187425,17.9067366430758,3203.3683215379,3103.7732398483154,3119.0412328214065,0.0032365867435303767,0.2309146685882594,0.21792500057176684,22.596133446035566,22.484301818489463,0.7402697594025334,0.0,0.0,0.0,True,solar_array_degradation,1.0,0.7402697594025334,solar_array_degradation,0.7402697594025334,0.7402697594025334,8,solar_array_degradation,2.365525479239904,0.7402697594025334,abrupt,0.0,1.2719961526003374,1209571223,solar_array_degradation
16380.0,273.0,4.55,1,156.8101615211042,361.75570504584937,204.94554352474518,46.38819236933783,46.43365647063822,27.855527694773514,27.827988746354723,7.357446097249802,7.354245359222773,24.84042056480702,24.855729295608008,25.75436591258122,25.647996349771315,5.330561045914908,18.08778525229247,3293.8926261462343,3198.832932997275,3201.9435704526522,0.0031387096943249967,0.2284677423581249,0.22645457927094437,22.593765387675813,22.412282510785037,0.7402697594025334,0.0,0.0,0.0,True,solar_array_degradation,1.0,0.7402697594025334,solar_array_degradation,0.7402697594025334,0.7402697594025334,8,solar_array_degradation,2.365525479239904,0.7402697594025334,abrupt,0.0,1.2719961526003374,1209571223,solar_array_degradation
16440.0,274.0,4.566666666666666,1,157.12678877987196,364.8628965095478,207.73610772967584,46.07906125664486,45.84421512399443,27.843162450265794,27.829750443616618,7.460937962802884,7.438607736122785,24.841555533494123,25.080986872647394,25.764817274931527,25.728399228257498,5.45324762278346,18.24314482547739,3371.5724127386957,3285.202672867985,3284.8496114245645,0.0029311165050767297,0.22327791262691823,0.22940379753942064,22.591489455202225,22.614589063042647,0.7402697594025334,0.0,0.0,0.0,True,solar_array_degradation,1.0,0.7402697594025334,solar_array_degradation,0.7402697594025334,0.7402697594025334,8,solar_array_degradation,2.365525479239904,0.7402697594025334,abrupt,0.0,1.2719961526003374,1209571223,solar_array_degradation
16500.0,275.0,4.583333333333333,1,157.43713789255276,367.32050807568874,209.88337018313598,45.76673481291996,45.36156920074506,27.8306693925168,27.787335626441926,7.541441681584924,7.583768379740542,24.843005758329625,24.94395211515318,25.775430787539644,25.867776260300793,5.549867410939716,18.366025403784437,3433.0127018922185,3359.107687380102,3356.54686334699,0.0026228799942983206,0.215571999857458,0.21861383869528417,22.58928676811425,22.500718469508893,0.7402697594025334,0.0,0.0,0.0,True,solar_array_degradation,1.0,0.7402697594025334,solar_array_degradation,0.7402697594025334,0.7402697594025334,8,solar_array_degradation,2.365525479239904,0.7402697594025334,abrupt,0.0,1.2719961526003374,1209571223,solar_array_degradation
16560.0,276.0,4.6,1,157.73969686946586,369.0211303259031,211.2814334564372,45.452327917895495,45.45882753074633,27.81809311671582,27.828248763215072,7.5951084270933995,7.585457258284857,24.844663902984795,24.88860726087219,25.78612945427192,25.812929356678488,5.614853761544414,18.451056516295154,3475.5282581475763,3417.3179727638394,3409.1571092953463,0.002227471576593643,0.20568678941484106,0.20398193622688854,22.5871361235433,22.62374296177151,0.7402697594025334,0.0,0.0,0.0,True,solar_array_degradation,1.0,0.7402697594025334,solar_array_degradation,0.7402697594025334,0.7402697594025334,8,solar_array_degradation,2.365525479239904,0.7402697594025334,abrupt,0.0,1.2719961526003374,1209571223,solar_array_degradation
16620.0,277.0,4.616666666666666,1,158.03299167368885,369.8904379073655,211.85744623367663,45.137063861000144,45.413520337188984,27.805482554440005,27.826586976782114,7.619268819337467,7.623099551987202,24.846410121524574,24.75030130598916,25.79682946242848,25.94850921905478,5.6442605873062535,18.494521895368276,3497.2609476841367,3457.2894602239876,3462.8557808468486,0.0017621724971965131,0.19405431242991283,0.18998137005385718,22.585014949548377,22.43884824485181,0.7402697594025334,0.0,0.0,0.0,True,solar_array_degradation,1.0,0.7402697594025334,solar_array_degradation,0.7402697594025334,0.7402697594025334,8,solar_array_degradation,2.365525479239904,0.7402697594025334,abrupt,0.0,1.2719961526003374,1209571223,solar_array_degradation
16680.0,278.0,4.633333333333334,1,158.3155934024174,369.8904379073655,211.5748445049481,44.82222034239159,44.42504132898889,27.792888813695665,27.876575109838267,7.612553193847525,7.660485538466349,24.848118585096536,24.79908279409829,25.80744387051979,25.726884071213824,5.636077290332652,18.494521895368276,3497.2609476841367,3477.2752039540624,3474.85137718497,0.0012473185586292885,0.18118296396573222,0.18779361660813865,22.582900313827338,22.664080849106643,0.7402697594025334,0.0,0.0,0.0,True,solar_array_degradation,1.0,0.7402697594025334,solar_array_degradation,0.7402697594025334,0.7402697594025334,8,solar_array_degradation,2.365525479239904,0.7402697594025334,abrupt,0.0,1.2719961526003374,1209571223,solar_array_degradation
16740.0,279.0,4.65,1,158.5861252484362,369.0211303259031,210.43500507746688,44.50907301340726,44.735235818812086,27.78036292053629,27.868117355008454,7.5749552185261555,7.625505841674731,24.84966452600267,24.970653415369206,25.81788643258822,25.657061736876532,5.590395725014131,18.451056516295154,3475.5282581475767,3476.4017310508193,3480.923070953813,0.0007054113485506565,0.1676352837137664,0.1610105462408998,22.580769938777138,22.459526597025924,0.7402697594025334,0.0,0.0,0.0,True,solar_array_degradation,1.0,0.7402697594025334,solar_array_degradation,0.7402697594025334,0.7402697594025334,8,solar_array_degradation,2.365525479239904,0.7402697594025334,abrupt,0.0,1.2719961526003374,1209571223,solar_array_degradation
16800.0,280.0,4.666666666666667,1,158.84326920778517,367.3205080756888,208.47723886790362,44.19883902699669,44.27194012781006,27.767953561079867,27.690927413901473,7.507835909093049,7.515471289314117,24.850931232190085,24.835617377913852,25.828075391935084,25.785730081023107,5.509408003029364,18.36602540378444,3433.0127018922203,3454.70721647152,3466.6316603345626,0.00016013481240036989,0.15400337031000924,0.14665037812750298,22.578603175192807,22.56174318519547,0.7402697594025334,0.0,0.0,0.0,True,solar_array_degradation,1.0,0.7402697594025334,solar_array_degradation,0.7402697594025334,0.7402697594025334,8,solar_array_degradation,2.365525479239904,0.7402697594025334,abrupt,0.0,1.2719961526003374,1209571223,solar_array_degradation
16860.0,281.0,4.683333333333334,1,159.08577250094245,364.8628965095479,205.77712400860545,43.89262306865056,43.73651303202612,27.755704922746023,27.730355355367017,7.413867692474618,7.454133407447406,24.851816427240017,24.618379455088682,25.837937078450558,26.153985469892532,5.397234732921513,18.243144825477398,3371.5724127386984,3413.139814605109,3408.1602534500753,-0.00036467984866471426,0.15911699621661785,0.16463957019296815,22.57643112269492,22.464361976948098,0.7402697594025334,0.0,0.0,0.0,True,solar_array_degradation,1.0,0.7402697594025334,solar_array_degradation,0.7402697594025334,0.7402697594025334,8,solar_array_degradation,2.365525479239904,0.7402697594025334,abrupt,0.0,1.2719961526003374,1209571223,solar_array_degradation
16920.0,282.0,4.7,1,159.31245367624007,361.7557050458495,202.4432513696094,43.59136823030292,43.90452862052187,27.743654729212118,27.700920777723514,7.296920803892895,7.290448663764167,24.85223754286812,24.9626742185103,25.84740915232754,25.88353857267278,5.2596042574627955,18.087785252292473,3293.8926261462375,3353.5162203756736,3353.864809073433,-0.0008460957156159045,0.1711523928903976,0.16903846767524885,22.57425432232752,22.45546390076193,0.7402697594025334,0.0,0.0,0.0,True,solar_array_degradation,1.0,0.7402697594025334,solar_array_degradation,0.7402697594025334,0.7402697594025334,8,solar_array_degradation,2.365525479239904,0.7402697594025334,abrupt,0.0,1.2719961526003374,1209571223,solar_array_degradation
16980.0,283.0,4.716666666666667,1,159.52220836577794,358.134732861516,198.61252449573806,43.29581387837473,43.083759374747046,27.73183255513499,27.74030791098712,7.161896859894381,7.172299653015538,24.852135522046048,24.89121931830172,25.856443352395072,25.57372433322353,5.1034213305412,17.9067366430758,3203.3683215379006,3278.442270956787,3270.450260720828,-0.0012630726049777854,0.18157681512444462,0.19145634344693865,22.572052637564546,22.5996762685587,0.7402697594025334,0.0,0.0,0.0,True,solar_array_degradation,1.0,0.7402697594025334,solar_array_degradation,0.7402697594025334,0.7402697594025334,8,solar_array_degradation,2.365525479239904,0.7402697594025334,abrupt,0.0,1.2719961526003374,1209571223,solar_array_degradation
17040.0,284.0,4.733333333333333,1,159.7140146657931,354.15823381635533,194.44421915056225,43.00646236178164,42.68722138651251,27.720258494471267,27.673594279422147,7.0145168086850145,6.910674657527529,24.85147696119626,24.813547054687195,25.865007628957546,26.08326519601581,4.936275684745969,17.707911690817767,3103.9558454088833,3191.199058182836,3182.6473436584615,-0.001597386625808086,0.18993466564520214,0.18350141220861013,22.56980787602788,22.477832134412605,0.7402697594025334,0.0,0.0,0.0,True,solar_array_degradation,1.0,0.7402697594025334,solar_array_degradation,0.7402697594025334,0.7402697594025334,8,solar_array_degradation,2.365525479239904,0.7402697594025334,abrupt,0.0,1.2719961526003374,1209571223,solar_array_degradation
17100.0,285.0,4.75,1,159.88693811527205,350.0000000000001,190.11306188472807,42.72355601969127,42.44247397135799,27.70894224078765,27.748854086485167,6.861072509829735,6.844030510905009,24.850254583691786,24.82431778190155,25.873087567925886,26.06068178173426,4.765945278811303,17.500000000000007,3000.0000000000027,3095.5995290914193,3090.7912050472933,-0.0018344266511799848,0.1958606662794996,0.19436324935386562,22.567504546352456,22.568321714963652,0.7402697594025334,0.0,0.0,0.0,True,solar_array_degradation,1.0,0.7402697594025334,solar_array_degradation,0.7402697594025334,0.7402697594025334,8,solar_array_degradation,2.365525479239904,0.7402697594025334,abrupt,0.0,1.2719961526003374,1209571223,solar_array_degradation
17160.0,286.0,4.766666666666667,1,160.04013624855136,345.8417661836448,185.80162993509342,42.44706549895452,42.34970047444182,27.697882619958182,27.688088500077555,6.708152839134746,6.691726534254201,24.848486206726488,24.876576147903855,25.880687044000844,26.018136091921065,4.599945161055324,17.29208830918224,2896.044154591119,2995.8218418412694,2994.065621557266,-0.0019638328945404556,0.1990958223635114,0.2046662838838216,22.56513050416797,22.61842508155914,0.7402697594025334,0.0,0.0,0.0,True,solar_array_degradation,1.0,0.7402697594025334,solar_array_degradation,0.7402697594025334,0.7402697594025334,8,solar_array_degradation,2.365525479239904,0.7402697594025334,abrupt,0.0,1.2719961526003374,1209571223,solar_array_degradation
17220.0,287.0,4.783333333333333,1,160.1728626997249,341.86526713848406,181.69240443875916,42.17668989711113,41.8817487148916,27.687067595884447,27.69609903606916,6.56235637123835,6.584040410933916,24.8462124951243,24.851810307668902,25.887828074362684,25.99987844853236,4.445161691450605,17.093263356924204,2796.6316784621017,2896.226760151685,2881.377828840596,-0.001979949682094438,0.19949874205236096,0.21395127406318665,22.562677463221174,22.36801437264314,0.7402697594025334,0.0,0.0,0.0,True,solar_array_degradation,1.0,0.7402697594025334,solar_array_degradation,0.7402697594025334,0.7402697594025334,8,solar_array_degradation,2.365525479239904,0.7402697594025334,abrupt,0.0,1.2719961526003374,1209571223,solar_array_degradation
17280.0,288.0,4.8,1,160.28447083886428,338.2442949541506,177.9598241152863,41.911868730272914,41.875754202569325,27.676474749210918,27.673781209965586,6.4300033052569345,6.386438731821698,24.843493871488384,25.231261544263567,25.8945498792632,25.816405394356735,4.307595400449208,16.91221474770753,2706.1073738537643,2801.1670670027247,2800.2519879972215,-0.0018820726328891012,0.19705181582222753,0.19730824814052864,22.56014135159038,22.732595428913342,0.7402697594025334,0.0,0.0,0.0,True,solar_array_degradation,1.0,0.7402697594025334,solar_array_degradation,0.7402697594025334,0.7402697594025334,8,solar_array_degradation,2.365525479239904,0.7402697594025334,abrupt,0.0,1.2719961526003374,1209571223,solar_array_degradation
17340.0,289.0,4.816666666666666,1,160.37441692233443,335.13710349045215,174.76268656811772,41.65180520859417,40.913258321379104,27.666072208343767,27.661531474133323,6.316859337749119,6.335332210538341,24.84040696476423,24.98094904315833,25.90090719057814,25.798388029195863,4.192216951432659,16.75685517452261,2628.4275872613034,2714.797327132014,2717.839465662996,-0.0016744794436408194,0.19186198609102048,0.19493505839046765,22.557522497351798,22.631582074975253,0.7402697594025334,0.0,0.0,0.0,True,solar_array_degradation,1.0,0.7402697594025334,solar_array_degradation,0.7402697594025334,0.7402697594025334,8,solar_array_degradation,2.365525479239904,0.7402697594025334,abrupt,0.0,1.2719961526003374,1209571223,solar_array_degradation
17400.0,290.0,4.833333333333333,1,160.442262741858,332.6794919243112,172.2372291824532,41.395499808025036,40.98669391880992,27.655819992321,27.703623915685956,6.227883650901587,6.296121263212146,24.837040932247422,24.830702742565325,25.906967882245944,26.074071606112852,4.102922781533383,16.633974596215563,2566.9872981077806,2640.8923126198974,2651.213703380818,-0.0013662429328623966,0.18415607332155992,0.18215851226387436,22.55482563316095,22.57651067374972,0.7402697594025334,0.0,0.0,0.0,True,solar_array_degradation,1.0,0.7402697594025334,solar_array_degradation,0.7402697594025334,0.7402697594025334,8,solar_array_degradation,2.365525479239904,0.7402697594025334,abrupt,0.0,1.2719961526003374,1209571223,solar_array_degradation
17460.0,291.0,4.85,1,160.48767775942207,330.978869674097,170.4911919146749,41.14179267719963,41.21686783176173,27.645671707087985,27.58096697788852,6.167012099437006,6.1916552808361285,24.83349389684983,24.827725594661942,25.912810026155388,25.915493894175842,4.042563058768194,16.54894348370485,2524.471741852424,2582.682027236161,2587.9202709490637,-0.0009708345151577046,0.1742708628789426,0.17619736848758175,22.552059715195682,22.489805758887382,0.7402697594025334,0.0,0.0,0.0,True,solar_array_degradation,1.0,0.7402697594025334,solar_array_degradation,0.7402697594025334,0.7402697594025334,8,solar_array_degradation,2.365525479239904,0.7402697594025334,abrupt,0.0,1.2719961526003374,1209571223,solar_array_degradation
17520.0,292.0,4.866666666666666,1,160.51044071762627,330.1095620926345,169.59912137500825,40.889413032296346,40.68708931291238,27.635576521291853,27.642810511167966,6.1369851012277765,6.129184813964003,24.829869623104116,24.707715070516713,25.918518502155408,25.8808080970189,4.013006890615336,16.505478104631727,2502.739052315864,2542.710539776012,2542.269832760055,-0.0005055354357605887,0.16263838589401472,0.1599551336678882,22.549237558841924,22.608028616906,0.7402697594025334,0.0,0.0,0.0,True,solar_array_degradation,1.0,0.7402697594025334,solar_array_degradation,0.7402697594025334,0.7402697594025334,8,solar_array_degradation,2.365525479239904,0.7402697594025334,abrupt,0.0,1.2719961526003374,1209571223,solar_array_degradation
17580.0,293.0,4.883333333333334,1,160.51044071762627,330.1095620926345,169.59912137500825,40.63703338739305,40.33859403843296,27.62548133549572,27.563849217161195,6.139227741059916,6.165946088276524,24.82627443663392,24.973448410827686,25.92418131034743,25.765642973584004,4.0152093805279705,16.505478104631727,2502.739052315864,2522.724796045938,2528.308787396913,9.318502806635758e-06,0.15023296257016588,0.1512938160288959,22.54637655928842,22.50557627449236,0.7402697594025334,0.0,0.0,0.0,True,solar_array_degradation,1.0,0.7402697594025334,solar_array_degradation,0.7402697594025334,0.7402697594025334,8,solar_array_degradation,2.365525479239904,0.7402697594025334,abrupt,0.0,1.2719961526003374,1209571223,solar_array_degradation
17640.0,294.0,4.9,1,160.48767775942207,330.9788696740969,170.49119191467486,40.38332625656765,40.43006974473411,27.615333050262706,27.689552478092132,6.17378727985513,6.085753347014418,24.822814296514622,24.95450099678297,25.92988574683206,25.68293628748966,4.0492519501520805,16.548943483704846,2524.471741852423,2523.5982689491807,2523.124358838645,0.0005512257128852536,0.16378064282213134,0.16249365031758145,22.543567373585326,22.663642522658836,0.7402697594025334,0.0,0.0,0.0,True,solar_array_degradation,1.0,0.7402697594025334,solar_array_degradation,0.7402697594025334,0.7402697594025334,8,solar_array_degradation,2.365525479239904,0.7402697594025334,abrupt,0.0,1.2719961526003374,1209571223,solar_array_degradation
17700.0,295.0,4.916666666666667,1,160.442262741858,332.6794919243112,172.2372291824532,40.12702085599852,40.1683902624228,27.605080834239942,27.54954475544142,6.239330731059439,6.265569570513148,24.819591876861278,24.745443568873572,25.935714610049835,25.758598034427564,4.114339837723417,16.633974596215563,2566.9872981077806,2545.292783528481,2546.7362280030493,0.0010965022490355544,0.17741255622588886,0.18449970513775588,22.540830485136656,22.221059600871335,0.7402697594025334,0.0,0.0,0.0,True,solar_array_degradation,1.0,0.7402697594025334,solar_array_degradation,0.7402697594025334,0.7402697594025334,8,solar_array_degradation,2.365525479239904,0.7402697594025334,abrupt,0.0,1.2719961526003374,1209571223,solar_array_degradation
17760.0,296.0,4.933333333333334,1,160.37441692233443,335.1371034904521,174.76268656811766,39.86695733431978,39.99801969273286,27.59467829337279,27.669039810269616,6.333202536740177,6.378976245887299,24.816703513432476,24.93443804709639,25.94174260351848,25.860495834320695,4.208756349709777,16.756855174522606,2628.427587261303,2586.860185394892,2586.759138611404,0.001621316910100646,0.19053292275251615,0.19614142613557972,22.53818405831196,22.618141092842873,0.7402697594025334,0.0,0.0,0.0,True,solar_array_degradation,1.0,0.7402697594025334,solar_array_degradation,0.7402697594025334,0.7402697594025334,8,solar_array_degradation,2.365525479239904,0.7402697594025334,abrupt,0.0,1.2719961526003374,1209571223,solar_array_degradation
17820.0,297.0,4.95,1,160.28447083886428,338.2442949541506,177.9598241152863,39.602136167481554,39.6525062796215,27.584085446699262,27.555910176355045,6.451539764084552,6.459840328974542,24.814235923105898,24.706934486209892,25.94803309218575,25.856428951792477,4.329789226205133,16.91221474770753,2706.107373853764,2646.4837796243282,2642.74361865414,0.002102732777051822,0.20256831942629555,0.21194983913956297,22.53564311879172,22.454119919742347,0.7402697594025334,0.0,0.0,0.0,True,solar_array_degradation,1.0,0.7402697594025334,solar_array_degradation,0.7402697594025334,0.7402697594025334,8,solar_array_degradation,2.365525479239904,0.7402697594025334,abrupt,0.0,1.2719961526003374,1209571223,solar_array_degradation
17880.0,298.0,4.966666666666667,1,160.1728626997249,341.8652671384839,181.69240443875898,39.33176056563816,39.21650025761648,27.573270422625527,27.469099429810854,6.589439760097135,6.542319300934771,24.81226269859445,24.783136630159056,25.95463535416211,26.116013605625746,4.47365730815592,17.093263356924194,2796.6316784620976,2721.557729043213,2726.7945716100717,0.00251970966641366,0.2129927416603415,0.2101430402396098,22.533218861938416,22.574360209520897,0.7402697594025334,0.0,0.0,0.0,True,solar_array_degradation,1.0,0.7402697594025334,solar_array_degradation,0.7402697594025334,0.7402697594025334,8,solar_array_degradation,2.365525479239904,0.7402697594025334,abrupt,0.0,1.2719961526003374,1209571223,solar_array_degradation
17940.0,299.0,4.983333333333333,1,160.04013624855136,345.8417661836447,185.80162993509336,39.05527004490142,39.05421301169263,27.562210801796056,27.62886943895111,6.741172951299895,6.76603107912454,24.810840699138705,24.754576959368578,25.96158244794718,26.138226058322655,4.635473020746986,17.292088309182237,2896.0441545911185,2808.800941817166,2819.2769651924195,0.0028540236872440176,0.22135059218110043,0.21698028353070284,22.53091812447305,22.580594902402925,0.7402697594025334,0.0,0.0,0.0,True,solar_array_degradation,1.0,0.7402697594025334,solar_array_degradation,0.7402697594025334,0.7402697594025334,8,solar_array_degradation,2.365525479239904,0.7402697594025334,abrupt,0.0,1.2719961526003374,1209571223,solar_array_degradation
18000.0,300.0,5.0,1,159.88693811527205,349.99999999999994,190.1130618847279,38.77236370281105,38.85817353144322,27.550894548112442,27.51885334464376,6.90043154688612,6.870879656160086,24.810006576419408,24.871355027658907,25.9688897883636,25.881022502007376,4.809276442660893,17.499999999999996,2999.9999999999986,2904.4004709085825,2910.474780996934,0.0030910637126159092,0.22727659281539772,0.22423226195869228,22.528743048315786,22.54035582838832,0.7402697594025334,0.0,0.0,0.0,True,solar_array_degradation,1.0,0.7402697594025334,solar_array_degradation,0.7402697594025334,0.7402697594025334,8,solar_array_degradation,2.365525479239904,0.7402697594025334,abrupt,0.0,1.2719961526003374,1209571223,solar_array_degradation
18060.0,301.0,5.016666666666667,1,159.7140146657931,354.15823381635516,194.44421915056208,38.483012186217955,38.39738810092856,27.53932048744872,27.562434097250513,7.060603373971471,7.082479710686408,24.809773768962103,24.816627802041594,25.97655449343833,25.882993702542024,4.988169600362985,17.70791169081776,3103.955845408879,3004.1781581587306,3002.7182637710757,0.0032204699559763303,0.23051174889940823,0.2294554655451073,22.52669095676917,22.56233493056288,0.7402697594025334,0.0,0.0,0.0,True,solar_array_degradation,1.0,0.7402697594025334,solar_array_degradation,0.7402697594025334,0.7402697594025334,8,solar_array_degradation,2.365525479239904,0.7402697594025334,abrupt,0.0,1.2719961526003374,1209571223,solar_array_degradation
18120.0,302.0,5.033333333333333,1,159.52220836577794,358.1347328615159,198.61252449573794,38.187457834289766,38.47051952818982,27.52749831337159,27.510667980850556,7.215059001538877,7.295235138367609,24.810130346720513,24.951178741944886,25.984555530776973,25.84313836701463,5.164566111654974,17.906736643075796,3203.368321537897,3103.773239848314,3103.16965240869,0.003236586743530341,0.23091466858825851,0.23938850995289934,22.52475445271195,22.579235526123835,0.7402697594025334,0.0,0.0,0.0,True,solar_array_degradation,1.0,0.7402697594025334,solar_array_degradation,0.7402697594025334,0.7402697594025334,8,solar_array_degradation,2.365525479239904,0.7402697594025334,abrupt,0.0,1.2719961526003374,1209571223,solar_array_degradation
18180.0,303.0,5.05,1,159.31245367624007,361.75570504584937,202.4432513696093,37.88620299594213,37.60529782261125,27.515448119837686,27.540403485739777,7.357439736685761,7.374864097999362,24.811038076501248,24.90774811638961,25.99285465703534,25.913928743589693,5.330553558317011,18.08778525229247,3293.8926261462343,3198.8329329972744,3195.3284304867357,0.0031387096943250115,0.22846774235812528,0.2249724630064308,22.52292173680212,22.59847982568303,0.7402697594025334,0.0,0.0,0.0,True,solar_array_degradation,1.0,0.7402697594025334,solar_array_degradation,0.7402697594025334,0.7402697594025334,8,solar_array_degradation,2.365525479239904,0.7402697594025334,abrupt,0.0,1.2719961526003374,1209571223,solar_array_degradation
18240.0,304.0,5.066666666666666,1,159.08577250094245,364.8628965095479,205.77712400860545,37.579987037596,37.819374883191884,27.50319948150384,27.54827257650507,7.481934025421024,7.533271331648962,24.812433004511774,24.718010530035873,26.001398109430014,25.744847858458474,5.478346940860228,18.243144825477398,3371.572412738698,3285.202672867986,3285.452169840595,0.002931116505076772,0.22327791262691932,0.2189393747821479,22.521177131710086,22.57596620858831,0.7402697594025334,0.0,0.0,0.0,True,solar_array_degradation,1.0,0.7402697594025334,solar_array_degradation,0.7402697594025334,0.7402697594025334,8,solar_array_degradation,2.365525479239904,0.7402697594025334,abrupt,0.0,1.2719961526003374,1209571223,solar_array_degradation
18300.0,305.0,5.083333333333333,1,158.84326920778517,367.32050807568874,208.47723886790357,37.269753051185425,37.354631783148285,27.490790122047418,27.47533998177646,7.583530263857578,7.527312343356429,24.81422772148813,24.89492439669154,26.010118975362143,25.951101679217334,5.600794501027503,18.366025403784437,3433.0127018922185,3359.1076873801026,3358.0479031447303,0.0026228799942983067,0.21557199985745767,0.20350000679077257,22.5195017870483,22.640043820365236,0.7402697594025334,0.0,0.0,0.0,True,solar_array_degradation,1.0,0.7402697594025334,solar_array_degradation,0.7402697594025334,0.7402697594025334,8,solar_array_degradation,2.365525479239904,0.7402697594025334,abrupt,0.0,1.2719961526003374,1209571223,solar_array_degradation
18360.0,306.0,5.1,1,158.5861252484362,369.021130325903,210.43500507746683,36.9566057222011,36.61060692741695,27.478264228888044,27.46602077269042,7.658235008026286,7.666515333766416,24.81631530540938,24.78712476802646,26.018940136591837,26.238931313285025,5.691885075052749,18.45105651629515,3475.5282581475753,3417.317972763839,3416.37489519101,0.002227471576593615,0.20568678941484037,0.1943169123239897,22.517874529835343,22.62741302171516,0.7402697594025334,0.0,0.0,0.0,True,solar_array_degradation,1.0,0.7402697594025334,solar_array_degradation,0.7402697594025334,0.7402697594025334,8,solar_array_degradation,2.365525479239904,0.7402697594025334,abrupt,0.0,1.2719961526003374,1209571223,solar_array_degradation
18420.0,307.0,5.116666666666666,1,158.3155934024174,369.8904379073655,211.5748445049481,36.64176220359254,37.024113842978586,27.4656704881437,27.464332741640582,7.7032470260021535,7.710360165479049,24.818574750841886,24.859013366898274,26.02777765928984,25.745759812321797,5.747201179488882,18.494521895368276,3497.260947684137,3457.2894602239876,3457.574394670373,0.0017621724971965272,0.19405431242991317,0.1941609737386462,22.51627281779323,22.558342102319592,0.7402697594025334,0.0,0.0,0.0,True,solar_array_degradation,1.0,0.7402697594025334,solar_array_degradation,0.7402697594025334,0.7402697594025334,8,solar_array_degradation,2.365525479239904,0.7402697594025334,abrupt,0.0,1.2719961526003374,1209571223,solar_array_degradation
18480.0,308.0,5.133333333333334,1,158.03299167368885,369.8904379073655,211.85744623367663,36.32649814669719,36.29095378684326,27.453059925867887,27.4347773572821,7.717079509743542,7.703552815037017,24.820877519979422,24.785738963446445,26.036544481806256,25.88699349602859,5.764265292776289,18.494521895368276,3497.260947684137,3477.2752039540624,3469.086630407942,0.001247318558629296,0.18118296396573239,0.17463330795549278,22.514673748060353,22.432154496337578,0.7402697594025334,0.0,0.0,0.0,True,solar_array_degradation,1.0,0.7402697594025334,solar_array_degradation,0.7402697594025334,0.7402697594025334,8,solar_array_degradation,2.365525479239904,0.7402697594025334,abrupt,0.0,1.2719961526003374,1209571223,solar_array_degradation
18540.0,309.0,5.15,1,157.73969686946586,369.02113032590313,211.28143345643727,36.01209125167273,36.01984502637434,27.44048365006691,27.411354917070984,7.699624982955506,7.7371916087907975,24.823094714827054,24.487876392440857,26.045154238984395,25.784290572940133,5.742737990252206,18.451056516295157,3475.5282581475776,3476.40173105082,3483.3244958522555,0.0007054113485506708,0.16763528371376676,0.1683093443476947,22.513055072253405,22.61141540107156,0.7402697594025334,0.0,0.0,0.0,True,solar_array_degradation,1.0,0.7402697594025334,solar_array_degradation,0.7402697594025334,0.7402697594025334,8,solar_array_degradation,2.365525479239904,0.7402697594025334,abrupt,0.0,1.2719961526003374,1209571223,solar_array_degradation
18600.0,310.0,5.166666666666667,1,157.43713789255278,367.32050807568885,209.88337018313607,35.69976480794782,35.4736446004234,27.42799059231791,27.43053101102435,7.652159915860575,7.615020635275643,24.8251042935722,24.687623840729504,26.05352505588009,26.14570671691527,5.684444110232266,18.366025403784445,3433.0127018922203,3454.7072164715205,3453.5578453273233,0.00016013481240036295,0.15400337031000907,0.1615001224331214,22.511396170168002,22.508887136640215,0.7402697594025334,0.0,0.0,0.0,True,solar_array_degradation,1.0,0.7402697594025334,solar_array_degradation,0.7402697594025334,0.7402697594025334,8,solar_array_degradation,2.365525479239904,0.7402697594025334,abrupt,0.0,1.2719961526003374,1209571223,solar_array_degradation
18660.0,311.0,5.183333333333334,1,157.12678877987196,364.8628965095479,207.73610772967595,35.390633695254856,35.17104472052481,27.415625347810195,27.401839260216946,7.577288684617538,7.574350811765227,24.826797748826774,24.943714235632243,26.061583145084004,26.065842392005727,5.593224304802638,18.243144825477398,3371.5724127386984,3413.139814605109,3417.5243310896494,-0.0003646798486647213,0.15911699621661804,0.15488384683506445,22.5097281702078,22.55442251416579,0.7402697594025334,0.0,0.0,0.0,True,solar_array_degradation,1.0,0.7402697594025334,solar_array_degradation,0.7402697594025334,0.7402697594025334,8,solar_array_degradation,2.365525479239904,0.7402697594025334,abrupt,0.0,1.2719961526003374,1209571223,solar_array_degradation
18720.0,312.0,5.2,1,156.8101615211042,361.7557050458495,204.9455435247453,35.085655207866836,35.4410622764824,27.403426208314674,27.422164401111598,7.478829178760183,7.478274037554183,24.828085731903165,24.87882644150394,26.069266050427917,25.96293071594284,5.474630870805977,18.087785252292473,3293.8926261462375,3353.5162203756736,3356.7649303151825,-0.0008460957156159045,0.1711523928903976,0.18568285571999432,22.508051641984054,22.537722659671697,0.7402697594025334,0.0,0.0,0.0,True,solar_array_degradation,1.0,0.7402697594025334,solar_array_degradation,0.7402697594025334,0.7402697594025334,8,solar_array_degradation,2.365525479239904,0.7402697594025334,abrupt,0.0,1.2719961526003374,1209571223,solar_array_degradation
18780.0,313.0,5.216666666666667,1,156.48879869242697,358.13473286151606,201.6459341690891,34.78558685344855,35.10420444771281,27.39142347413794,27.402853025762358,7.361644945523784,7.39392294699705,24.8289022351928,24.777340039301563,26.076525395310647,26.144928095679127,5.335505304316469,17.906736643075803,3203.3683215379006,3278.442270956787,3279.0603365060324,-0.0012630726049777854,0.18157681512444462,0.16763586980440376,22.506346477323657,22.462751724514558,0.7402697594025334,0.0,0.0,0.0,True,solar_array_degradation,1.0,0.7402697594025334,solar_array_degradation,0.7402697594025334,0.7402697594025334,8,solar_array_degradation,2.365525479239904,0.7402697594025334,abrupt,0.0,1.2719961526003374,1209571223,solar_array_degradation
18840.0,314.0,5.233333333333333,1,156.16426594123826,354.15823381635516,197.9939678751169,34.490952972682,34.498575465928866,27.37963811890728,27.375954340256577,7.231431146578603,7.2219228792635,24.829207114162365,24.79960353173767,26.083329015529795,26.21145996727499,5.183487714216571,17.70791169081776,3103.9558454088797,3191.199058182833,3186.4943571736903,-0.0015973866258081285,0.1899346656452032,0.19080844427592236,22.504594511988795,22.429303261122474,0.7402697594025334,0.0,0.0,0.0,True,solar_array_degradation,1.0,0.7402697594025334,solar_array_degradation,0.7402697594025334,0.7402697594025334,8,solar_array_degradation,2.365525479239904,0.7402697594025334,abrupt,0.0,1.2719961526003374,1209571223,solar_array_degradation
18900.0,315.0,5.25,1,155.83814435847998,350.0,194.16185564152002,34.202021639882126,34.275868987641026,27.368080865595285,27.394176923750607,7.094463678145698,7.186552593543624,24.828986915445533,24.94144677746081,26.089662383405557,26.228875037482723,5.026513190442286,17.5,2999.9999999999995,3095.5995290914166,3095.5283295104573,-0.0018344266511799994,0.19586066627949997,0.19410192311621743,22.502780282543664,22.607408897424367,0.7402697594025334,0.0,0.0,0.0,True,solar_array_degradation,1.0,0.7402697594025334,solar_array_degradation,0.7402697594025334,0.7402697594025334,8,solar_array_degradation,2.365525479239904,0.7402697594025334,abrupt,0.0,1.2719961526003374,1209571223,solar_array_degradation
18960.0,316.0,5.266666666666667,1,155.51202277572173,345.8417661836448,190.32974340792305,33.918792855048906,33.619238513505714,27.356751714201955,27.373853644250218,6.957322470018085,6.953648295805511,24.82825415020668,24.83447985788085,26.095529260956678,25.860588884260487,4.8723468761454845,17.29208830918224,2896.0441545911194,2995.821841841268,2987.4756108818738,-0.0019638328945404135,0.19909582236351034,0.2023406441651954,22.500891672337747,22.644222332641075,0.7402697594025334,0.0,0.0,0.0,True,solar_array_degradation,1.0,0.7402697594025334,solar_array_degradation,0.7402697594025334,0.7402697594025334,8,solar_array_degradation,2.365525479239904,0.7402697594025334,abrupt,0.0,1.2719961526003374,1209571223,solar_array_degradation
19020.0,317.0,5.283333333333333,1,155.18749002453305,341.86526713848417,186.67777711395112,33.640998543867425,34.007272498381646,27.345639941754698,27.254253619790298,6.826601151465775,6.784724691338506,24.827045287513755,24.820670039556006,26.100951553582874,26.19622962283601,4.728198662495508,17.093263356924208,2796.631678462105,2896.226760151687,2904.9270896248418,-0.001979949682094374,0.19949874205235935,0.19420197978994172,22.498920422629677,22.41870428008841,0.7402697594025334,0.0,0.0,0.0,True,solar_array_degradation,1.0,0.7402697594025334,solar_array_degradation,0.7402697594025334,0.7402697594025334,8,solar_array_degradation,2.365525479239904,0.7402697594025334,abrupt,0.0,1.2719961526003374,1209571223,solar_array_degradation
19080.0,318.0,5.3,1,154.86612719585577,338.24429495415046,183.3781677582947,33.368114365655686,33.13375374085254,27.33472457462623,27.385685209278098,6.708615894689408,6.710692715160783,24.825417823048,24.95502820234407,26.105968370649627,26.419476677052703,4.6004421777983495,16.912214747707523,2706.1073738537616,2801.1670670027247,2801.7669131369576,-0.0018820726328891576,0.19705181582222894,0.19147903368473684,22.49686248880332,22.373008023066564,0.7402697594025334,0.0,0.0,0.0,True,solar_array_degradation,1.0,0.7402697594025334,solar_array_degradation,0.7402697594025334,0.7402697594025334,8,solar_array_degradation,2.365525479239904,0.7402697594025334,abrupt,0.0,1.2719961526003374,1209571223,solar_array_degradation
19140.0,319.0,5.316666666666666,1,154.549499937088,335.13710349045203,180.58760355336403,33.09938281274889,33.32313702682153,27.323975312509955,27.31467782203245,6.60912628883412,6.58282478707949,24.82344679619018,24.797238925334547,26.110634334033474,26.17092791989671,4.494444024140662,16.756855174522602,2628.427587261301,2714.7973271320125,2712.1689759393676,-0.001674479443640848,0.1918619860910212,0.19293509169435205,22.49471822603564,22.56034592552794,0.7402697594025334,0.0,0.0,0.0,True,solar_array_degradation,1.0,0.7402697594025334,solar_array_degradation,0.7402697594025334,0.7402697594025334,8,solar_array_degradation,2.365525479239904,0.7402697594025334,abrupt,0.0,1.2719961526003374,1209571223,solar_array_degradation
19200.0,320.0,5.333333333333333,1,154.23915082440718,332.6794919243113,178.44034109990415,32.83384659087403,33.03253240294591,27.313353863634962,27.334493360734403,6.533080557985955,6.525028697484702,24.821221086500273,24.889564711988395,26.11501720855364,26.16955807943663,4.414491326170726,16.633974596215566,2566.9872981077824,2640.8923126198974,2656.653318475808,-0.0013662429328623609,0.184156073321559,0.18371088160448829,22.49249239387966,22.543130698729065,0.7402697594025334,0.0,0.0,0.0,True,solar_array_degradation,1.0,0.7402697594025334,solar_array_degradation,0.7402697594025334,0.7402697594025334,8,solar_array_degradation,2.365525479239904,0.7402697594025334,abrupt,0.0,1.2719961526003374,1209571223,solar_array_degradation
19260.0,321.0,5.35,1,153.9365918474941,330.978869674097,177.04227782660288,32.57039082029873,32.57148806401799,27.30281563281195,27.326744189882657,6.484396342399104,6.492505296942137,24.818839732228025,24.8795209021888,26.11919495785262,25.77913330720945,4.36379167402551,16.54894348370485,2524.471741852424,2582.682027236161,2587.6059346386814,-0.0009708345151577046,0.1742708628789426,0.1741753397173023,22.490193975209003,22.461658229452674,0.7402697594025334,0.0,0.0,0.0,True,solar_array_degradation,1.0,0.7402697594025334,solar_array_degradation,0.7402697594025334,0.7402697594025334,8,solar_array_degradation,2.365525479239904,0.7402697594025334,abrupt,0.0,1.2719961526003374,1209571223,solar_array_degradation
19320.0,322.0,5.366666666666666,1,153.6432970432711,330.1095620926345,176.46626504936341,32.30779221159432,31.801434143301183,27.292311688463773,27.271032981729235,6.465786667823899,6.445070919442303,24.816408399763674,24.891401388727147,26.123252354399064,26.091679297448632,4.344511778704742,16.505478104631727,2502.739052315864,2542.710539776012,2552.299753736191,-0.0005055354357605887,0.16263838589401472,0.1672619756444084,22.487835811905146,22.49022502525107,0.7402697594025334,0.0,0.0,0.0,True,solar_array_degradation,1.0,0.7402697594025334,solar_array_degradation,0.7402697594025334,0.7402697594025334,8,solar_array_degradation,2.365525479239904,0.7402697594025334,abrupt,0.0,1.2719961526003374,1209571223,solar_array_degradation
19380.0,323.0,5.383333333333334,1,153.36069531454254,330.1095620926345,176.74886677809198,32.04477306460311,31.684753370670858,27.281790922584126,27.302658465568843,6.478638711059749,6.465402069518018,24.81403601857801,24.616484882164457,26.127277291773133,26.18962482504232,4.357820763875354,16.505478104631727,2502.7390523158633,2522.724796045938,2522.823351091904,9.318502806628603e-06,0.15023296257016572,0.14984801960860483,22.485435325453665,22.477194322137763,0.7402697594025334,0.0,0.0,0.0,True,solar_array_degradation,1.0,0.7402697594025334,solar_array_degradation,0.7402697594025334,0.7402697594025334,8,solar_array_degradation,2.365525479239904,0.7402697594025334,abrupt,0.0,1.2719961526003374,1209571223,solar_array_degradation
19440.0,324.0,5.4,1,153.0901634685238,330.9788696740969,177.88870620557313,31.780057727987675,31.762960095450016,27.271202309119506,27.32014417403737,6.522950627156143,6.543233153287631,24.811831505102358,24.86055909704825,26.131356960406357,26.21190809317352,4.403910790745337,16.548943483704846,2524.471741852423,2523.5982689491807,2533.5687792213894,0.0005512257128852536,0.16378064282213134,0.15896807343045094,22.48308319900433,22.489617827008594,0.7402697594025334,0.0,0.0,0.0,True,solar_array_degradation,1.0,0.7402697594025334,solar_array_degradation,0.7402697594025334,0.7402697594025334,8,solar_array_degradation,2.365525479239904,0.7402697594025334,abrupt,0.0,1.2719961526003374,1209571223,solar_array_degradation
19500.0,325.0,5.416666666666667,1,152.83301950917476,332.6794919243112,179.84647241513645,31.512429048798484,31.175836550185508,27.26049716195194,27.32348414178494,6.597329144317736,6.520020012508899,24.809900449895334,24.92489934205102,26.135574053915537,26.230777317056837,4.481980147077135,16.633974596215563,2566.98729810778,2545.2927835284804,2548.3563429666297,0.0010965022490355475,0.1774125562258887,0.18539912844355713,22.480799941865016,22.44309032774996,0.7402697594025334,0.0,0.0,0.0,True,solar_array_degradation,1.0,0.7402697594025334,solar_array_degradation,0.7402697594025334,0.7402697594025334,8,solar_array_degradation,2.365525479239904,0.7402697594025334,abrupt,0.0,1.2719961526003374,1209571223,solar_array_degradation
19560.0,326.0,5.433333333333334,0,0.0,335.1371034904521,335.1371034904521,31.013713120985315,30.889606736791794,27.24054852483941,27.244416005058646,12.302876470525396,12.304568362079339,24.818737252382363,24.96909602602312,26.12400317183326,26.23641488465161,13.108861555920594,16.756855174522606,2628.427587261303,2586.860185394892,2576.5306193615306,0.001621316910100653,0.19053292275251632,0.1930251525279226,22.478603744114857,22.504131302417434,0.7402697594025334,0.0,0.0,0.0,True,solar_array_degradation,1.0,0.7402697594025334,solar_array_degradation,0.7402697594025334,0.7402697594025334,8,solar_array_degradation,2.365525479239904,0.7402697594025334,abrupt,0.0,1.2719961526003374,1209571223,solar_array_degradation
19620.0,327.0,5.45,0,0.0,338.2442949541506,338.2442949541506,30.51037339635116,30.34229148833317,27.220414935854045,27.231006725260233,12.426125602832883,12.43069148376229,24.828333788200702,24.607288151992623,26.11283557595401,26.35986079079655,13.35268779979031,16.91221474770753,2706.107373853764,2646.4837796243282,2657.864055240577,0.002102732777051822,0.20256831942629555,0.19560664466241415,22.476509656951098,22.65225741802848,0.7402697594025334,0.0,0.0,0.0,True,solar_array_degradation,1.0,0.7402697594025334,solar_array_degradation,0.7402697594025334,0.7402697594025334,8,solar_array_degradation,2.365525479239904,0.7402697594025334,abrupt,0.0,1.2719961526003374,1209571223,solar_array_degradation
19680.0,328.0,5.466666666666667,0,0.0,341.8652671384838,341.8652671384838,30.00164532025223,29.93780994247436,27.200065812810088,27.219865282738294,12.568545587028675,12.612402733674426,24.838822008984355,24.662026595375092,26.102119418060227,26.081072852172397,13.637467053857439,17.09326335692419,2796.6316784620944,2721.5577290432116,2727.721209330123,0.0025197096664136176,0.21299274166034043,0.20185607238605688,22.474528901061596,22.54665386536278,0.7402697594025334,0.0,0.0,0.0,True,solar_array_degradation,1.0,0.7402697594025334,solar_array_degradation,0.7402697594025334,0.7402697594025334,8,solar_array_degradation,2.365525479239904,0.7402697594025334,abrupt,0.0,1.2719961526003374,1209571223,solar_array_degradation
19740.0,329.0,5.483333333333333,0,0.0,345.8417661836449,345.8417661836449,29.4869998348599,29.63031336844996,27.179479993394395,27.11252196541311,12.724370233267784,12.780917195097516,24.850298303019322,25.013600985661224,26.09188663933411,25.94724862858404,13.9527678266617,17.292088309182244,2896.0441545911217,2808.8009418171673,2803.8453411694513,0.0028540236872440883,0.2213505921811022,0.20745768054432964,22.472668338302807,22.34752021215436,0.7402697594025334,0.0,0.0,0.0,True,solar_array_degradation,1.0,0.7402697594025334,solar_array_degradation,0.7402697594025334,0.7402697594025334,8,solar_array_degradation,2.365525479239904,0.7402697594025334,abrupt,0.0,1.2719961526003374,1209571223,solar_array_degradation
19800.0,330.0,5.5,0,0.0,350.0000000000001,350.0000000000001,28.96616650152657,29.125752008433334,27.158646660061063,27.20771518949675,12.887240088980677,12.891096452056047,24.862818101764148,24.55787664364799,26.082151546219436,25.979928120311033,14.286476568882456,17.500000000000007,3000.0000000000023,2904.4004709085843,2893.751076780096,0.003091063712615938,0.22727659281539844,0.23149275396107072,22.470930135541817,22.501853663774906,0.7402697594025334,0.0,0.0,0.0,True,solar_array_degradation,1.0,0.7402697594025334,solar_array_degradation,0.7402697594025334,0.7402697594025334,8,solar_array_degradation,2.365525479239904,0.7402697594025334,abrupt,0.0,1.2719961526003374,1209571223,solar_array_degradation
19860.0,331.0,5.516666666666667,0,0.0,354.158233816355,354.158233816355,28.43914532025223,28.20196587150092,27.137565812810088,27.11386061588111,13.050479039250352,13.063457598344456,24.876391860661272,24.91966800346053,26.072910157231316,26.03444916781437,14.625200252313023,17.70791169081775,3103.9558454088756,3004.1781581587297,3003.3192002234737,0.0032204699559762523,0.2305117488994063,0.23286973067281544,22.469311640841003,22.51008139105272,0.7402697594025334,0.0,0.0,0.0,True,solar_array_degradation,1.0,0.7402697594025334,solar_array_degradation,0.7402697594025334,0.7402697594025334,8,solar_array_degradation,2.365525479239904,0.7402697594025334,abrupt,0.0,1.2719961526003374,1209571223,solar_array_degradation
19920.0,332.0,5.533333333333333,0,0.0,358.1347328615159,358.1347328615159,27.90620672968449,27.819139672525147,27.11624826918738,27.165125347528175,13.207385081677026,13.144293168488293,24.89098284834949,25.1259250096688,26.064140349259617,26.263199249597807,14.954801655656391,17.906736643075796,3203.368321537897,3103.773239848313,3088.686076141635,0.003236586743530355,0.23091466858825888,0.2334198965613564,22.467805481653244,22.451408360523487,0.7402697594025334,0.0,0.0,0.0,True,solar_array_degradation,1.0,0.7402697594025334,solar_array_degradation,0.7402697594025334,0.7402697594025334,8,solar_array_degradation,2.365525479239904,0.7402697594025334,abrupt,0.0,1.2719961526003374,1209571223,solar_array_degradation
19980.0,333.0,5.55,0,0.0,361.75570504584937,361.75570504584937,27.367879787651983,27.27598309773197,27.09471519150608,27.082446451776345,13.35152270429682,13.322373062880889,24.906507126865623,24.65806547680173,26.055802796970124,25.94348818383676,15.261052681868275,18.08778525229247,3293.892626146234,3198.8329329972735,3193.6995627555516,0.003138709694325018,0.22846774235812545,0.23626932253605507,22.466399883026355,22.44015602727176,0.7402697594025334,0.0,0.0,0.0,True,solar_array_degradation,1.0,0.7402697594025334,solar_array_degradation,0.7402697594025334,0.7402697594025334,8,solar_array_degradation,2.365525479239904,0.7402697594025334,abrupt,0.0,1.2719961526003374,1209571223,solar_array_degradation
20040.0,334.0,5.566666666666666,0,0.0,364.8628965095478,364.8628965095478,26.82492904879849,26.781969951759393,27.07299716195194,27.104020964275236,13.477004201896111,13.443647640666367,24.92283598870654,24.822844225087067,26.047842664245316,26.117474707766263,15.530371380634035,18.24314482547739,3371.572412738695,3285.2026728679843,3288.78964049545,0.002931116505076736,0.2232779126269184,0.22021223373674223,22.46507919183764,22.480850131203574,0.7402697594025334,0.0,0.0,0.0,True,solar_array_degradation,1.0,0.7402697594025334,solar_array_degradation,0.7402697594025334,0.7402697594025334,8,solar_array_degradation,2.365525479239904,0.7402697594025334,abrupt,0.0,1.2719961526003374,1209571223,solar_array_degradation
20100.0,335.0,5.583333333333333,0,0.0,367.32050807568874,367.32050807568874,26.278321149876334,26.009962937803905,27.051132845995053,27.04622345733483,13.578747705942043,13.60665279721309,24.93980094324407,24.782704899425752,26.04019197373892,26.1622396555419,15.750591140930103,18.366025403784437,3433.0127018922185,3359.107687380101,3356.648209877249,0.0026228799942983275,0.21557199985745817,0.2173015873779235,22.463824581724896,22.411010250967177,0.7402697594025334,0.0,0.0,0.0,True,solar_array_degradation,1.0,0.7402697594025334,solar_array_degradation,0.7402697594025334,0.7402697594025334,8,solar_array_degradation,2.365525479239904,0.7402697594025334,abrupt,0.0,1.2719961526003374,1209571223,solar_array_degradation
20160.0,336.0,5.6,0,0.0,369.0211303259031,369.0211303259031,25.72918256308183,26.271283335741924,27.029167302523273,27.046994199154607,13.652700662053084,13.66104686635894,24.957201133682638,25.087869570873153,26.0327725509816,26.115863446657226,15.911698829409977,18.451056516295154,3475.5282581475763,3417.3179727638394,3409.757914692839,0.00222747157659365,0.20568678941484125,0.21717595773736806,22.462614903551867,22.609684806768104,0.7402697594025334,0.0,0.0,0.0,True,solar_array_degradation,1.0,0.7402697594025334,solar_array_degradation,0.7402697594025334,0.7402697594025334,8,solar_array_degradation,2.365525479239904,0.7402697594025334,abrupt,0.0,1.2719961526003374,1209571223,solar_array_degradation
20220.0,337.0,5.616666666666666,0,0.0,369.8904379073655,369.8904379073655,25.178750363814917,25.646093029179244,27.007150014552597,27.02411366789102,13.696018932321731,13.643468161769468,24.974812842772412,25.041198416284896,26.025499414364486,25.946747653759036,16.006474767561222,18.494521895368276,3497.2609476841367,3457.2894602239876,3460.5787124782387,0.0017621724971965131,0.19405431242991283,0.18615335295892038,22.46142763870688,22.563695522297877,0.7402697594025334,0.0,0.0,0.0,True,solar_array_degradation,1.0,0.7402697594025334,solar_array_degradation,0.7402697594025334,0.7402697594025334,8,solar_array_degradation,2.365525479239904,0.7402697594025334,abrupt,0.0,1.2719961526003374,1209571223,solar_array_degradation
20280.0,338.0,5.633333333333334,0,0.0,369.8904379073655,369.8904379073655,24.628318164548006,24.529272762787905,26.98513272658192,27.01939641170112,13.707193574149144,13.637159630407616,24.992400540563562,25.198493182498417,26.018284462840306,26.18075938590099,16.030972454335647,18.494521895368276,3497.2609476841367,3477.2752039540624,3483.189849096291,0.0012473185586292885,0.18118296396573222,0.19341206707643668,22.460239907817154,22.64107913103138,0.7402697594025334,0.0,0.0,0.0,True,solar_array_degradation,1.0,0.7402697594025334,solar_array_degradation,0.7402697594025334,0.7402697594025334,8,solar_array_degradation,2.365525479239904,0.7402697594025334,abrupt,0.0,1.2719961526003374,1209571223,solar_array_degradation
20340.0,339.0,5.65,0,0.0,369.0211303259031,369.0211303259031,24.079179577753504,24.45201350373861,26.96316718311014,26.962902314921244,13.686119580086263,13.687772181697873,25.00972876909629,25.080098693480473,26.011040300170173,25.941078145546115,15.984789532833647,18.451056516295154,3475.5282581475767,3476.4017310508193,3477.9615728191425,0.0007054113485506565,0.1676352837137664,0.17263027627709596,22.45902948581203,22.308839001904577,0.7402697594025334,0.0,0.0,0.0,True,solar_array_degradation,1.0,0.7402697594025334,solar_array_degradation,0.7402697594025334,0.7402697594025334,8,solar_array_degradation,2.365525479239904,0.7402697594025334,abrupt,0.0,1.2719961526003374,1209571223,solar_array_degradation
20400.0,340.0,5.666666666666667,0,0.0,367.32050807568874,367.32050807568874,23.53257167883135,23.651811275656105,26.941302867153254,26.946590739952274,13.63410336489423,13.650936827483893,25.026574069698945,24.992305041582508,26.00368402857638,25.816098182816592,15.871101965169615,18.366025403784437,3433.012701892219,3454.7072164715196,3457.185591967833,0.00016013481240035557,0.15400337031000888,0.14801029915271624,22.45777577562494,22.428651807112637,0.7402697594025334,0.0,0.0,0.0,True,solar_array_degradation,1.0,0.7402697594025334,solar_array_degradation,0.7402697594025334,0.7402697594025334,8,solar_array_degradation,2.365525479239904,0.7402697594025334,abrupt,0.0,1.2719961526003374,1209571223,solar_array_degradation
20460.0,341.0,5.683333333333334,0,0.0,364.86289650954785,364.86289650954785,22.989620939977858,22.84025290231923,26.919584837599114,26.960121528568706,13.553808452496513,13.554973687265626,25.042736151565276,25.007733887975938,25.996140845998724,25.99307766394113,15.696457885357274,18.243144825477394,3371.572412738696,3413.1398146051074,3416.809615247772,-0.000364679848664743,0.15911699621661857,0.15548887970143477,22.45650992862381,22.58940929995512,0.7402697594025334,0.0,0.0,0.0,True,solar_array_degradation,1.0,0.7402697594025334,solar_array_degradation,0.7402697594025334,0.7402697594025334,8,solar_array_degradation,2.365525479239904,0.7402697594025334,abrupt,0.0,1.2719961526003374,1209571223,solar_array_degradation
20520.0,342.0,5.7,0,0.0,361.7557050458496,361.7557050458496,22.451293997945342,22.117183183221226,26.898051759917813,26.951719190735187,13.449141531689689,13.475253859035744,25.058047576773063,25.265616761469715,25.98834728973532,26.00947159449297,15.470352635153638,18.08778525229248,3293.8926261462407,3353.5162203756745,3353.1951230206423,-0.0008460957156158409,0.17115239289039602,0.1736088227829761,22.45523253721194,22.398106949597498,0.7402697594025334,0.0,0.0,0.0,True,solar_array_degradation,1.0,0.7402697594025334,solar_array_degradation,0.7402697594025334,0.7402697594025334,8,solar_array_degradation,2.365525479239904,0.7402697594025334,abrupt,0.0,1.2719961526003374,1209571223,solar_array_degradation
20580.0,343.0,5.716666666666667,0,0.0,358.13473286151617,358.13473286151617,21.918355407377614,21.64561336504339,26.876734216295105,26.846855055130685,13.325083694297298,13.26195776416875,25.072381386101764,25.13391626836587,25.980253984703587,25.98684558270485,15.204628436802219,17.90673664307581,3203.368321537904,3278.4422709567893,3273.891645784541,-0.0012630726049777494,0.18157681512444374,0.18336186916704503,22.453923515837335,22.5790286446293,0.7402697594025334,0.0,0.0,0.0,True,solar_array_degradation,1.0,0.7402697594025334,solar_array_degradation,0.7402697594025334,0.7402697594025334,8,solar_array_degradation,2.365525479239904,0.7402697594025334,abrupt,0.0,1.2719961526003374,1209571223,solar_array_degradation
20640.0,344.0,5.733333333333333,0,0.0,354.15823381635533,354.15823381635533,21.39133422610327,21.480964850918728,26.85565336904413,26.88864220652613,13.18747412135521,13.138042887400065,25.085656290772196,24.897984148628606,25.971827776207594,26.111645377281953,14.91275789611307,17.707911690817767,3103.9558454088833,3191.1990581828363,3188.6654297828,-0.001597386625808114,0.18993466564520284,0.19340340645231083,22.45256472271362,22.41760645617839,0.7402697594025334,0.0,0.0,0.0,True,solar_array_degradation,1.0,0.7402697594025334,solar_array_degradation,0.7402697594025334,0.7402697594025334,8,solar_array_degradation,2.365525479239904,0.7402697594025334,abrupt,0.0,1.2719961526003374,1209571223,solar_array_degradation
20700.0,345.0,5.75,0,0.0,350.0000000000001,350.0000000000001,20.87050089276994,20.621828142787557,26.8348200357108,26.8407491986884,13.04275562624355,13.07543898815454,25.09783927951447,24.84851954984656,25.963053153997933,26.059150200018518,14.60907794607262,17.500000000000007,3000.000000000003,3095.59952909142,3097.9694034762483,-0.0018344266511799916,0.19586066627949977,0.18625386857471282,22.45114071668805,22.341389856310016,0.7402697594025334,0.0,0.0,0.0,True,solar_array_degradation,1.0,0.7402697594025334,solar_array_degradation,0.7402697594025334,0.7402697594025334,8,solar_array_degradation,2.365525479239904,0.7402697594025334,abrupt,0.0,1.2719961526003374,1209571223,solar_array_degradation
20760.0,346.0,5.766666666666667,0,0.0,345.8417661836449,345.8417661836449,20.35585540737761,20.177129838790364,26.814234216295105,26.839958504925267,12.897693195111858,12.87557932299537,25.10894570777211,24.887635198538973,25.953932905384313,25.99632245223137,14.308039180418778,17.292088309182244,2896.044154591123,2995.8218418412716,2998.4957145180742,-0.0019638328945404127,0.1990958223635103,0.1997195163623926,22.44963940322605,22.528593634711232,0.7402697594025334,0.0,0.0,0.0,True,solar_array_degradation,1.0,0.7402697594025334,solar_array_degradation,0.7402697594025334,0.7402697594025334,8,solar_array_degradation,2.365525479239904,0.7402697594025334,abrupt,0.0,1.2719961526003374,1209571223,solar_array_degradation
20820.0,347.0,5.783333333333333,0,0.0,341.86526713848406,341.86526713848406,19.847127331278674,20.02660578775072,26.79388509325115,26.749019131439233,12.75907789962842,12.785808749478633,25.119037118551823,24.898536559765986,25.944487968855086,25.769765287202087,14.02352550790291,17.093263356924204,2796.6316784621017,2896.226760151687,2902.0099381249174,-0.0019799496820944724,0.1994987420523618,0.2071071889026114,22.448052545536317,22.46825869370699,0.7402697594025334,0.0,0.0,0.0,True,solar_array_degradation,1.0,0.7402697594025334,solar_array_degradation,0.7402697594025334,0.7402697594025334,8,solar_array_degradation,2.365525479239904,0.7402697594025334,abrupt,0.0,1.2719961526003374,1209571223,solar_array_degradation
20880.0,348.0,5.8,0,0.0,338.2442949541506,338.2442949541506,19.343787606644522,19.49069440557006,26.773751504265782,26.807375991758192,12.633429233862095,12.592503475628888,25.128217171629046,25.181400511785696,25.93475649459966,25.74365350588621,13.768282736560113,16.91221474770753,2706.107373853765,2801.1670670027256,2788.7031827880105,-0.001882072632889122,0.19705181582222803,0.20678769022899265,22.446376120788162,22.417819396008117,0.7402697594025334,0.0,0.0,0.0,True,solar_array_degradation,1.0,0.7402697594025334,solar_array_degradation,0.7402697594025334,0.7402697594025334,8,solar_array_degradation,2.365525479239904,0.7402697594025334,abrupt,0.0,1.2719961526003374,1209571223,solar_array_degradation
20940.0,349.0,5.816666666666666,0,0.0,335.13710349045215,335.13710349045215,18.84507167883135,19.293995859306246,26.753802867153254,26.695918391545284,12.526709012344327,12.565003260421946,25.136626118913924,25.315968004648425,25.92479215299191,25.91736795100169,13.553475094395885,16.75685517452261,2628.4275872613034,2714.7973271320143,2727.185236536523,-0.0016744794436408337,0.19186198609102084,0.19898883729874892,22.444610505780595,22.262000786398758,0.7402697594025334,0.0,0.0,0.0,True,solar_array_degradation,1.0,0.7402697594025334,solar_array_degradation,0.7402697594025334,0.7402697594025334,8,solar_array_degradation,2.365525479239904,0.7402697594025334,abrupt,0.0,1.2719961526003374,1209571223,solar_array_degradation
21000.0,350.0,5.833333333333333,0,0.0,332.6794919243112,332.6794919243112,18.35001291108684,18.10058818467517,26.734000516443473,26.739664579206707,12.444059456035681,12.495855715062373,25.144434259732535,25.071985666549487,25.914661764960403,26.09151335962665,13.388369259628085,16.633974596215563,2566.9872981077806,2640.8923126198974,2636.699698753925,-0.0013662429328624034,0.1841560733215601,0.18988521611281398,22.44276048152653,22.45278799377329,0.7402697594025334,0.0,0.0,0.0,True,solar_array_degradation,1.0,0.7402697594025334,solar_array_degradation,0.7402697594025334,0.7402697594025334,8,solar_array_degradation,2.365525479239904,0.7402697594025334,abrupt,0.0,1.2719961526003374,1209571223,solar_array_degradation
21060.0,351.0,5.85,0,0.0,330.97886967409704,330.97886967409704,17.85748483121467,17.76391302464327,26.714299393248588,26.70428953053568,12.38957701274188,12.460559447439456,25.151834752455382,24.973016322872944,25.90444235780813,25.94649267601771,13.28012948437296,16.548943483704853,2524.471741852425,2582.682027236161,2587.087907402759,-0.0009708345151576903,0.17427086287894225,0.17846567305030886,22.440835052198523,22.52395642159432,0.7402697594025334,0.0,0.0,0.0,True,solar_array_degradation,1.0,0.7402697594025334,solar_array_degradation,0.7402697594025334,0.7402697594025334,8,solar_array_degradation,2.365525479239904,0.7402697594025334,abrupt,0.0,1.2719961526003374,1209571223,solar_array_degradation
21120.0,352.0,5.866666666666666,0,0.0,330.1095620926346,330.1095620926346,17.366250363814917,16.918530683523816,26.694650014552597,26.597425013493528,12.366131862102527,12.389079359766557,25.15903606853556,25.30887511161685,25.894217775154928,25.716786064981008,13.233697378472586,16.50547810463173,2502.739052315864,2542.710539776012,2548.485914737807,-0.0005055354357605887,0.16263838589401472,0.16826211217759218,22.438847080817244,22.480377722948543,0.7402697594025334,0.0,0.0,0.0,True,solar_array_degradation,1.0,0.7402697594025334,solar_array_degradation,0.7402697594025334,0.7402697594025334,8,solar_array_degradation,2.365525479239904,0.7402697594025334,abrupt,0.0,1.2719961526003374,1209571223,solar_array_degradation
21180.0,353.0,5.883333333333334,0,0.0,330.1095620926345,330.1095620926345,16.875015896415164,16.639774054484697,26.675000635856605,26.618710627500416,12.375241020571913,12.374152097161721,25.166254276208946,25.166664058256664,25.88407498916295,25.77521791035286,13.251727225379662,16.505478104631727,2502.7390523158633,2522.724796045938,2517.6012864320815,9.318502806628603e-06,0.15023296257016572,0.1551321946638396,22.436814009848923,22.431629207325113,0.7402697594025334,0.0,0.0,0.0,True,solar_array_degradation,1.0,0.7402697594025334,solar_array_degradation,0.7402697594025334,0.7402697594025334,8,solar_array_degradation,2.365525479239904,0.7402697594025334,abrupt,0.0,1.2719961526003374,1209571223,solar_array_degradation
21240.0,354.0,5.9,0,0.0,330.9788696740969,330.9788696740969,16.382487816542994,16.387834037955873,26.65529951266172,26.61499787379727,12.417000586201492,12.46519665429415,25.173705258167086,25.260974677230035,25.874100276217057,25.918141231434323,13.334552284618258,16.548943483704846,2524.4717418524237,2523.5982689491807,2522.1740718230217,0.0005512257128852607,0.1637806428221315,0.15284392650215856,22.434826543266624,22.53896750089134,0.7402697594025334,0.0,0.0,0.0,True,solar_array_degradation,1.0,0.7402697594025334,solar_array_degradation,0.7402697594025334,0.7402697594025334,8,solar_array_degradation,2.365525479239904,0.7402697594025334,abrupt,0.0,1.2719961526003374,1209571223,solar_array_degradation
21300.0,355.0,5.916666666666667,0,0.0,332.67949192431126,332.67949192431126,15.887429048798484,15.554213829122281,26.63549716195194,26.62199278514839,12.490080057508166,12.449581585795254,25.18159691990954,25.040781383347696,25.86437542319975,25.84176884828466,13.480167987437056,16.633974596215563,2566.987298107782,2545.292783528482,2536.6669402570096,0.0010965022490355756,0.1774125562258894,0.18208801610299152,22.432905211045345,22.537639264264683,0.7402697594025334,0.0,0.0,0.0,True,solar_array_degradation,1.0,0.7402697594025334,solar_array_degradation,0.7402697594025334,0.7402697594025334,8,solar_array_degradation,2.365525479239904,0.7402697594025334,abrupt,0.0,1.2719961526003374,1209571223,solar_array_degradation
21360.0,356.0,5.933333333333334,0,0.0,335.13710349045203,335.13710349045203,15.388713120985312,15.985721181286795,26.61554852483941,26.605426803078846,12.591778943713283,12.631583107362479,25.190121444248042,25.362567984077145,25.854974130163196,25.95374038295981,13.684231757387296,16.756855174522602,2628.4275872613002,2586.860185394891,2585.300013441911,0.0016213169101006036,0.1905329227525151,0.1840592073907047,22.431068223776332,22.34750830784358,0.7402697594025334,0.0,0.0,0.0,True,solar_array_degradation,1.0,0.7402697594025334,solar_array_degradation,0.7402697594025334,0.7402697594025334,8,solar_array_degradation,2.365525479239904,0.7402697594025334,abrupt,0.0,1.2719961526003374,1209571223,solar_array_degradation
21420.0,357.0,5.95,0,0.0,338.2442949541504,338.2442949541504,14.885373396351161,15.116856430052517,26.595414935854045,26.551632834612533,12.718143175053589,12.64800381701816,25.199447693134864,25.33016351007999,25.845958766617304,25.651213731020004,13.940093265692974,16.91221474770752,2706.1073738537607,2646.483779624326,2640.5710106940023,0.0021027327770517935,0.20256831942629483,0.19673540705790687,22.42933065301511,22.45478848698333,0.7402697594025334,0.0,0.0,0.0,True,solar_array_degradation,1.0,0.7402697594025334,solar_array_degradation,0.7402697594025334,0.7402697594025334,8,solar_array_degradation,2.365525479239904,0.7402697594025334,abrupt,0.0,1.2719961526003374,1209571223,solar_array_degradation
21480.0,358.0,5.966666666666667,0,0.0,341.8652671384839,341.8652671384839,14.376645320252226,14.16944092941041,26.575065812810088,26.621446008341753,12.864136237573987,12.803588544559739,25.209713940613085,25.21604904508965,25.837377623198215,25.860792996173608,14.238880091109138,17.093263356924194,2796.6316784620976,2721.5577290432116,2714.7478644649445,0.002519709666413688,0.21299274166034218,0.20785963766612325,22.42770373965513,22.575383703629175,0.7402697594025334,0.0,0.0,0.0,True,solar_array_degradation,1.0,0.7402697594025334,solar_array_degradation,0.7402697594025334,0.7402697594025334,8,solar_array_degradation,2.365525479239904,0.7402697594025334,abrupt,0.0,1.2719961526003374,1209571223,solar_array_degradation
21540.0,359.0,5.983333333333333,0,0.0,345.8417661836447,345.8417661836447,13.861999834859898,13.775110253494308,26.554479993394395,26.5843838042751,13.02385760405307,12.991895127378243,25.22102122147358,25.407935024225914,25.829262778830994,25.805875775081557,14.569669351252077,17.292088309182237,2896.0441545911185,2808.8009418171646,2816.449090107908,0.0028540236872440384,0.22135059218110095,0.22528560700496048,22.42619436560689,22.473574282964083,0.7402697594025334,0.0,0.0,0.0,True,solar_array_degradation,1.0,0.7402697594025334,solar_array_degradation,0.7402697594025334,0.7402697594025334,8,solar_array_degradation,2.365525479239904,0.7402697594025334,abrupt,0.0,1.2719961526003374,1209571223,solar_array_degradation
21600.0,360.0,6.0,1,155.83814435847998,349.99999999999994,194.16185564151996,13.573068502060018,13.651784105874977,26.5429227400824,26.543958950417608,7.315014158117434,7.243960879818666,25.21929760938033,25.224196305618015,25.837628676600346,25.66438722626765,5.280754570676682,17.499999999999996,2999.9999999999986,2904.4004709085825,2897.76648345617,0.0030910637126159235,0.22727659281539808,0.2254440852019276,22.42480471764112,22.494460176233947,0.7402697594025334,0.0,0.0,0.0,True,solar_array_degradation,1.0,0.7402697594025334,solar_array_degradation,0.7402697594025334,0.7402697594025334,8,solar_array_degradation,2.365525479239904,0.7402697594025334,abrupt,0.0,1.2719961526003374,1209571223,solar_array_degradation
