time_s,time_min,time_h,in_sunlight,solar_power_w,load_power_w,battery_power_w,battery_soc_true,battery_soc_measured,battery_voltage_true,battery_voltage_measured,battery_current_true,battery_current_measured,battery_temp_true,battery_temp_measured,electronics_temp_true,electronics_temp_measured,battery_heat_w,electronics_heat_w,wheel_target_speed_rpm,wheel_speed_true,wheel_speed_measured,wheel_torque_nm,wheel_current_true,wheel_current_measured,wheel_temp_true,wheel_temp_measured,solar_degradation,battery_degradation,thermal_anomaly,wheel_degradation,fault_active,fault_type,fault_progress,fault_severity,fault_label,fault_requested_severity,fault_effective_severity,scenario_id,scenario_fault_type,scenario_start_time_h,scenario_severity,scenario_profile,scenario_ramp_duration_h,scenario_sensor_noise_scale,scenario_random_seed,scenario_internal_fault_name
0.0,0.0,0.0,1,600.0,350.0,-250.0,90.37202380952381,90.34405369734712,29.61488095238095,29.58863773253656,-8.44170200791912,-8.436439687230163,22.022336622077468,21.813166497245685,24.023,23.74147094695457,6.700986623240457,17.5,3000.0,3000.0,3002.5777682647563,0.0006283185307179586,0.16570796326794895,0.16478479033641177,24.979227572821976,24.902853688821473,0.0,0.0,0.0,0.0,False,none,0.0,0.0,nominal,0.7309280582601319,0.0,93,battery_voltage_sensor_drift,3.155245246436821,0.7309280582601319,abrupt,0.0,1.3798993306988288,190197263,postprocessed_sensor_fault
60.0,1.0,0.016666666666666666,1,601.2556165273943,354.15823381635516,-247.09738271103913,90.7397282480819,90.76696199014837,29.629589129923275,29.660405399701066,-8.339548065534684,-8.302823499680478,22.0440820855283,21.955546905537737,24.046231823381635,23.778217521927015,6.563844954989063,17.70791169081776,3103.9558454088797,3051.97792270444,3038.163730361355,0.0019890973650273443,0.1997274341256836,0.20397699793810545,24.95874847619419,25.002193699140232,0.0,0.0,0.0,0.0,False,none,0.0,0.0,nominal,0.7309280582601319,0.0,93,battery_voltage_sensor_drift,3.155245246436821,0.7309280582601319,abrupt,0.0,1.3798993306988288,190197263,postprocessed_sensor_fault
120.0,2.0,0.03333333333333333,1,602.5051158172811,358.134732861516,-244.37038295576508,91.10337465128988,91.53789943110658,29.644134986051597,29.650798629307765,-8.243464788928678,-8.274276441107965,22.065272182808812,22.13168553169795,24.069675442080733,24.181426408701086,6.436376938104555,17.9067366430758,3203.3683215379,3127.67312212117,3131.443228858998,0.002620900448055877,0.21552251120139693,0.21192665869734184,24.938546098704002,24.94832042942567,0.0,0.0,0.0,0.0,False,none,0.0,0.0,nominal,0.7309280582601319,0.0,93,battery_voltage_sensor_drift,3.155245246436821,0.7309280582601319,abrupt,0.0,1.3798993306988288,190197263,postprocessed_sensor_fault
180.0,3.0,0.05,1,603.7424104347197,361.7557050458495,-241.98670538887018,91.46347391526143,91.39342141658524,29.658538956610457,29.672966947489495,-8.159090565549752,-8.179983976396274,22.08596608540712,22.0083492665999,24.093293609048672,24.184463529758148,6.325660708547438,18.087785252292473,3293.8926261462366,3210.7828741337034,3205.109163132305,0.002830866546587775,0.22077166366469436,0.21673210448470817,24.918597552843362,24.837064034961198,0.0,0.0,0.0,0.0,False,none,0.0,0.0,nominal,0.7309280582601319,0.0,93,battery_voltage_sensor_drift,3.155245246436821,0.7309280582601319,abrupt,0.0,1.3798993306988288,190197263,postprocessed_sensor_fault
240.0,4.0,0.06666666666666667,1,604.961472404706,364.8628965095479,-240.0985758951581,91.82076346272446,91.62718348064863,29.67283053850898,29.705508656309526,-8.091529238626613,-8.06287159813369,22.10624304767322,22.23595708830606,24.117033549827237,24.08161857610043,6.23782763356395,18.243144825477398,3371.572412738697,3291.1776434362005,3300.081109570642,0.002777194931208119,0.21942987328020297,0.22297640499636032,24.898879660493158,24.724361756136314,0.0,0.0,0.0,0.0,False,none,0.0,0.0,nominal,0.7309280582601319,0.0,93,battery_voltage_sensor_drift,3.155245246436821,0.7309280582601319,abrupt,0.0,1.3798993306988288,190197263,postprocessed_sensor_fault
300.0,5.0,0.08333333333333333,1,606.156362579862,367.3205080756888,-238.83585450417326,92.17617396049855,92.25991789980036,29.68704695841994,29.67099157826517,-8.045119975681306,-7.932481952736564,22.126198644166678,22.18284089107584,24.140829332236187,24.176513108635152,6.17791643384851,18.36602540378444,3433.0127018922194,3362.0951726642097,3356.4662623218614,0.0025459192073639977,0.21364798018409992,0.21353667517718541,24.879369033248576,24.727730140356474,0.0,0.0,0.0,0.0,False,none,0.0,0.0,nominal,0.7309280582601319,0.0,93,battery_voltage_sensor_drift,3.155245246436821,0.7309280582601319,abrupt,0.0,1.3798993306988288,190197263,postprocessed_sensor_fault
360.0,6.0,0.1,1,607.3212595753644,369.0211303259031,-238.3001292494613,92.53078724807214,92.3175547316158,29.701231489922886,29.6693326446452,-8.023240697285983,-8.052550927746287,22.145940756644766,22.30603009268952,24.16460481061089,23.905949955004548,6.149791302926885,18.451056516295154,3475.5282581475767,3418.811715405893,3403.8083835948482,0.0021889911831264744,0.20472477957816185,0.20907535410271352,24.860041723756545,24.732052486984518,0.0,0.0,0.0,0.0,False,none,0.0,0.0,nominal,0.7309280582601319,0.0,93,battery_voltage_sensor_drift,3.155245246436821,0.7309280582601319,abrupt,0.0,1.3798993306988288,190197263,postprocessed_sensor_fault
420.0,7.0,0.11666666666666667,1,608.450488130146,369.8904379073655,-238.56005022278055,92.88578732280843,93.09983661947585,29.715431492912337,29.719048791839118,-8.028153664188972,-8.033861375900885,22.165585445773118,22.369610815156918,24.18827701591674,24.054539964952735,6.156100100466465,18.494521895368276,3497.2609476841367,3458.036331545015,3459.4406006192207,0.0017429323004629288,0.1935733075115732,0.18757971289801392,24.84087334921582,24.891222516432745,0.0,0.0,0.0,0.0,False,none,0.0,0.0,nominal,0.7309280582601319,0.0,93,battery_voltage_sensor_drift,3.155245246436821,0.7309280582601319,abrupt,0.0,1.3798993306988288,190197263,postprocessed_sensor_fault
480.0,8.0,0.13333333333333333,1,609.5385467561977,369.8904379073655,-239.64810884883218,93.2424065324049,93.11265550445283,29.729696261296198,29.786392940807605,-8.060900008615953,-8.035412385053046,22.18525276215152,22.413929676338945,24.211759843580143,24.07747484355331,6.198248715912373,18.494521895368276,3497.2609476841367,3477.6486396145756,3483.8692728841943,0.0012376984602625,0.18094246150656249,0.1889285444110574,24.82183963129007,24.83942069072505,0.0,0.0,0.0,0.0,False,none,0.0,0.0,nominal,0.7309280582601319,0.0,93,battery_voltage_sensor_drift,3.155245246436821,0.7309280582601319,abrupt,0.0,1.3798993306988288,190197263,postprocessed_sensor_fault
540.0,9.0,0.15,1,610.5801345412646,369.0211303259031,-241.55900421536148,93.60186933629682,93.83621034119314,29.74407477345187,29.75029051798627,-8.121247880635556,-8.080334203294543,22.20506249014894,22.13331275290694,24.234967877864094,24.032705152740238,6.2763733710982015,18.451056516295154,3475.5282581475767,3476.588448881076,3466.9406092916456,0.0007006012993672623,0.16751503248418156,0.16040272847301712,24.802917168998125,24.9158978561964,0.0,0.0,0.0,0.0,False,none,0.0,0.0,nominal,0.7309280582601319,0.0,93,battery_voltage_sensor_drift,3.155245246436821,0.7309280582601319,abrupt,0.0,1.3798993306988288,190197263,postprocessed_sensor_fault
600.0,10.0,0.16666666666666666,1,611.5701769743577,367.3205080756888,-244.24966889866886,93.96533610549126,94.13165863358985,29.75861344421965,29.71392057784345,-8.207696549992056,-8.178523601624695,22.22512979058318,22.266844570923613,24.25782018564875,24.327028321077407,6.38930261254012,18.36602540378444,3433.0127018922194,3454.8005753866473,3469.0648123552883,0.00015772978780866564,0.15394324469521664,0.14627547197397328,24.7840842940449,24.853284589824874,0.0,0.0,0.0,0.0,False,none,0.0,0.0,nominal,0.7309280582601319,0.0,93,battery_voltage_sensor_drift,3.155245246436821,0.7309280582601319,abrupt,0.0,1.3798993306988288,190197263,postprocessed_sensor_fault
660.0,11.0,0.18333333333333332,1,612.503850668262,364.8628965095479,-247.64095415871407,94.33384943013219,94.21071221611314,29.77335397720529,29.800125284119805,-8.317536356445093,-8.316609774019735,22.245560721450556,22.45496230561684,24.280243913814516,24.364716700391064,6.534512883262872,18.243144825477398,3371.572412738697,3413.186494062673,3406.29322535964,-0.00036588236096057034,0.15914705902401424,0.17302922711072816,24.765371298209715,24.86752272395048,0.0,0.0,0.0,0.0,False,none,0.0,0.0,nominal,0.7309280582601319,0.0,93,battery_voltage_sensor_drift,3.155245246436821,0.7309280582601319,abrupt,0.0,1.3798993306988288,190197263,postprocessed_sensor_fault
720.0,12.0,0.2,1,613.376606858593,361.7557050458495,-251.62090181274357,94.70828529592498,94.56864328073885,29.788331411837,29.80527093427451,-8.446961944056957,-8.477507847355215,22.266447668077678,22.505336731239186,24.302177533008585,24.27289247077518,6.708093286747719,18.087785252292473,3293.8926261462366,3353.5395601044547,3358.156811139239,-0.0008466969717638359,0.1711674242940959,0.17209050045081473,24.746777531689744,24.792966348856268,0.0,0.0,0.0,0.0,False,none,0.0,0.0,nominal,0.7309280582601319,0.0,93,battery_voltage_sensor_drift,3.155245246436821,0.7309280582601319,abrupt,0.0,1.3798993306988288,190197263,postprocessed_sensor_fault
780.0,13.0,0.21666666666666667,1,614.184193564921,358.134732861516,-256.049460703405,95.08931127911457,95.29871464643892,29.803572451164584,29.75779438972768,-8.59123385704722,-8.655418495537157,22.287864795185605,22.43730181897229,24.32357358603067,24.28254485372404,6.904743934917956,17.9067366430758,3203.3683215379,3278.4539408211776,3275.0421699562066,-0.001263373233051744,0.1815843308262936,0.19100214531407883,24.72828196644546,24.68002092195953,0.0,0.0,0.0,0.0,False,none,0.0,0.0,nominal,0.7309280582601319,0.0,93,battery_voltage_sensor_drift,3.155245246436821,0.7309280582601319,abrupt,0.0,1.3798993306988288,190197263,postprocessed_sensor_fault
840.0,14.0,0.23333333333333334,1,614.9226763059908,354.15823381635516,-260.7644424896356,95.47735360424795,95.95641217923551,29.819094144169917,29.782810248331593,-8.744881424931515,-8.777897137709115,22.309863726717456,22.057727256244846,24.344400820724058,24.36065718775444,7.1178360908889795,17.70791169081776,3103.9558454088797,3191.2048931150284,3189.797892869484,-0.0015975369398450977,0.18993842349612744,0.19429204553891938,24.709865507062307,24.713680242290486,0.0,0.0,0.0,0.0,False,none,0.0,0.0,nominal,0.7309280582601319,0.0,93,battery_voltage_sensor_drift,3.155245246436821,0.7309280582601319,abrupt,0.0,1.3798993306988288,190197263,postprocessed_sensor_fault
900.0,15.0,0.25,1,615.5884572681198,350.0,-265.5884572681198,95.8725745228017,95.94451973526351,29.83490298091207,29.878759719653964,-8.901938023329231,-8.917510343218797,22.33246974450947,22.254938084290067,24.364645614158267,24.360657626399153,7.33956004569558,17.5,3000.0,3095.602446557514,3101.9215747449684,-0.00183450180819848,0.195862545204962,0.1970099431112557,24.691511756280946,24.537388615335168,0.0,0.0,0.0,0.0,False,none,0.0,0.0,nominal,0.7309280582601319,0.0,93,battery_voltage_sensor_drift,3.155245246436821,0.7309280582601319,abrupt,0.0,1.3798993306988288,190197263,postprocessed_sensor_fault
960.0,16.0,0.26666666666666666,1,616.178292833385,345.84176618364484,-270.3365266497401,96.27486102079239,96.08641314987378,29.850994440831695,29.90061238511363,-9.056198351635487,-9.064292411425011,22.35567885366486,22.429479825757742,24.384312625863366,24.511661818751005,7.561178286733225,17.292088309182244,2896.0441545911203,2995.8233005743177,2999.327393131885,-0.0019638704730496467,0.19909676182624117,0.20019110759717829,24.673207665569283,24.703718885890858,0.0,0.0,0.0,0.0,False,none,0.0,0.0,nominal,0.7309280582601319,0.0,93,battery_voltage_sensor_drift,3.155245246436821,0.7309280582601319,abrupt,0.0,1.3798993306988288,190197263,postprocessed_sensor_fault
1020.0,17.0,0.2833333333333333,1,616.6893093822022,341.865267138484,-274.82404224371817,96.68382536936933,96.94055392906338,29.867353014774775,29.852606531088103,-9.20148638909408,-9.160021826112217,22.379456074347853,22.320031056592423,24.403424651570308,24.384338531597272,7.7733881414946895,17.0932633569242,2796.6316784621,2896.227489518209,2895.220375050618,-0.0019799684713490795,0.19949921178372698,0.19682755896725787,24.654944048653153,24.676666734581154,0.0,0.0,0.0,0.0,False,none,0.0,0.0,nominal,0.7309280582601319,0.0,93,battery_voltage_sensor_drift,3.155245246436821,0.7309280582601319,abrupt,0.0,1.3798993306988288,190197263,postprocessed_sensor_fault
1080.0,18.0,0.3,1,617.1190172933127,338.2442949541505,-278.8747223391622,97.09881751570738,96.90035067481547,29.883952700628296,29.923273264233316,-9.331922223705668,-9.267967933496134,22.403735277205577,22.430046920939898,24.42202168385316,24.565849364381734,7.966781791143339,16.912214747707527,2706.1073738537634,2801.1674316859862,2803.0426936295894,-0.001882082027516422,0.19705205068791054,0.18775240854027836,24.636715938974486,24.539753038486612,0.0,0.0,0.0,0.0,False,none,0.0,0.0,nominal,0.7309280582601319,0.0,93,battery_voltage_sensor_drift,3.155245246436821,0.7309280582601319,abrupt,0.0,1.3798993306988288,190197263,postprocessed_sensor_fault
1140.0,19.0,0.31666666666666665,1,617.465323072968,335.1371034904521,-282.3282195825159,97.51894879484803,97.68554456162913,29.90075795179392,29.881024359416088,-9.44217601566108,-9.454673280549125,22.428420782318536,22.427875091313805,24.44015922073138,24.40553811060024,8.132375032858029,16.756855174522606,2628.427587261303,2714.797509473645,2711.679784492173,-0.0016744841409544729,0.19186210352386182,0.18019802198802462,24.618522775982953,24.463169546361517,0.0,0.0,0.0,0.0,False,none,0.0,0.0,nominal,0.7309280582601319,0.0,93,battery_voltage_sensor_drift,3.155245246436821,0.7309280582601319,abrupt,0.0,1.3798993306988288,190197263,postprocessed_sensor_fault
1200.0,20.0,0.3333333333333333,1,617.7265395542198,332.6794919243112,-285.0470476299086,97.9431259490592,97.75857380112717,29.917725037962366,29.88978688729537,-9.527697953912426,-9.517928572978315,22.453390798504888,22.59157318299829,24.45790589615796,24.419986633219338,8.262162264078963,16.633974596215563,2566.9872981077806,2640.8924037907127,2650.4510147337805,-0.0013662452815192232,0.18415613203798056,0.1956680907925265,24.60036841001693,24.69680817809318,0.0,0.0,0.0,0.0,False,none,0.0,0.0,nominal,0.7309280582601319,0.0,93,battery_voltage_sensor_drift,3.155245246436821,0.7309280582601319,abrupt,0.0,1.3798993306988288,190197263,postprocessed_sensor_fault
1260.0,21.0,0.35,1,617.9013941166289,330.9788696740969,-286.922524442532,98.3700939913844,98.57964002748996,29.934803759655377,29.926541489792275,-9.584914160327042,-9.56963733605393,22.47850260823675,22.479349828573316,24.475340535956107,24.79946189445227,8.349646356867026,16.548943483704846,2524.4717418524233,2582.682072821568,2575.298613901221,-0.0009708356894861285,0.1742708922371532,0.1866499339092599,24.58226092137587,24.45412490184438,0.0,0.0,0.0,0.0,False,none,0.0,0.0,nominal,0.7309280582601319,0.0,93,battery_voltage_sensor_drift,3.155245246436821,0.7309280582601319,abrupt,0.0,1.3798993306988288,190197263,postprocessed_sensor_fault
1320.0,22.0,0.36666666666666664,1,617.9890348863438,330.1095620926345,-287.8794727937093,98.79848606399409,99.08199857724313,29.951939442559762,29.930305549235342,-9.611380035866768,-9.58550261418928,22.503599226239025,22.46568714511939,24.49254876787772,24.436802160874244,8.39029009550866,16.505478104631727,2502.7390523158633,2542.710562568716,2551.6750617925077,-0.0005055360229247973,0.16263840057311993,0.16126377944340212,24.564212256047483,24.695131541672946,0.0,0.0,0.0,0.0,False,none,0.0,0.0,nominal,0.7309280582601319,0.0,93,battery_voltage_sensor_drift,3.155245246436821,0.7309280582601319,abrupt,0.0,1.3798993306988288,190197263,postprocessed_sensor_fault
1380.0,23.0,0.38333333333333336,1,617.9890348863438,330.1095620926345,-287.8794727937093,99.22687813660377,99.63079741563031,29.96907512546415,29.929846049359007,-9.605884452173287,-9.591905426057934,22.52851710184386,22.654118427085756,24.509619333943963,24.710097834697176,8.38184128868036,16.505478104631727,2502.7390523158633,2522.7248074422896,2521.1554871725552,9.318209224527915e-06,0.1502329552306132,0.14970150992637704,24.54623894625931,24.654102333997532,0.0,0.0,0.0,0.0,False,none,0.0,0.0,nominal,0.7309280582601319,0.0,93,battery_voltage_sensor_drift,3.155245246436821,0.7309280582601319,abrupt,0.0,1.3798993306988288,190197263,postprocessed_sensor_fault
1440.0,24.0,0.4,1,617.9013941166289,330.9788696740969,-286.922524442532,99.65384617892896,99.85830909820801,29.98615384715716,30.014622139812264,-9.568500378708412,-9.514099992205294,22.553094319098754,22.202919339425062,24.52664026623982,24.466375525631587,8.324495959787441,16.548943483704846,2524.4717418524233,2523.5982746473564,2510.069441286269,0.0005512255660942137,0.16378063915235533,0.16683013219955375,24.528430792650212,24.556700550909802,0.0,0.0,0.0,0.0,False,none,0.0,0.0,nominal,0.7309280582601319,0.0,93,battery_voltage_sensor_drift,3.155245246436821,0.7309280582601319,abrupt,0.0,1.3798993306988288,190197263,postprocessed_sensor_fault
1500.0,25.0,0.4166666666666667,1,617.7265395542198,332.6794919243112,-285.0470476299086,100.0,100.0,30.0,30.040681647220566,-9.501568254330287,-9.423020157400837,22.577183699661948,22.7397713652932,24.543695093302333,24.66030511809048,8.222383943335767,16.633974596215563,2566.9872981077806,2545.2927863775685,2543.240223383985,0.0010965021756400308,0.17741255439100076,0.16393239875949933,24.510807428556266,24.570255308189118,0.0,0.0,0.0,0.0,False,none,0.0,0.0,nominal,0.7309280582601319,0.0,93,battery_voltage_sensor_drift,3.155245246436821,0.7309280582601319,abrupt,0.0,1.3798993306988288,190197263,postprocessed_sensor_fault
1560.0,26.0,0.43333333333333335,1,617.465323072968,335.1371034904521,-282.3282195825159,100.0,99.63343484431415,30.0,29.954469984244284,-9.41094065275053,-9.376662806494913,22.600671478522536,22.580659981444185,24.56085924290496,24.69863915551835,8.085264317567404,16.756855174522606,2628.4275872613025,2586.8601868194355,2586.3316875606083,0.0016213168734028807,0.190532921835072,0.19481925030335462,24.493386174654585,24.328524001181858,0.0,0.0,0.0,0.0,False,none,0.0,0.0,nominal,0.7309280582601319,0.0,93,battery_voltage_sensor_drift,3.155245246436821,0.7309280582601319,abrupt,0.0,1.3798993306988288,190197263,postprocessed_sensor_fault
1620.0,27.0,0.45,1,617.1190172933127,338.2442949541505,-278.8747223391622,100.0,99.66713094387883,30.0,30.01903062362994,-9.295824077972073,-9.335963995814435,22.623444075061695,22.60188981556878,24.578196798457135,24.619590470378867,7.912987623088427,16.912214747707527,2706.107373853763,2646.483780336599,2653.2479251333207,0.002102732758702936,0.20256831896757338,0.20419668288160434,24.47618121926103,24.343279478982087,0.0,0.0,0.0,0.0,False,none,0.0,0.0,nominal,0.7309280582601319,0.0,93,battery_voltage_sensor_drift,3.155245246436821,0.7309280582601319,abrupt,0.0,1.3798993306988288,190197263,postprocessed_sensor_fault
1680.0,28.0,0.4666666666666667,1,616.6893093822022,341.865267138484,-274.82404224371817,100.0,100.0,30.0,30.012203930097233,-9.16080140812394,-9.036074713883691,22.645415485928414,22.725657078862863,24.595757750783328,24.655652601703242,7.713622595126845,17.0932633569242,2796.6316784621,2721.5577293993497,2730.1370560158866,0.0025197096572392597,0.21299274143098149,0.21020505353000787,24.4592029266538,24.377204380791703,0.0,0.0,0.0,0.0,False,none,0.0,0.0,nominal,0.7309280582601319,0.0,93,battery_voltage_sensor_drift,3.155245246436821,0.7309280582601319,abrupt,0.0,1.3798993306988288,190197263,postprocessed_sensor_fault
1740.0,29.0,0.48333333333333334,1,616.178292833385,345.8417661836448,-270.33652664974016,100.0,100.0,30.0,30.087105427608893,-9.011217554991338,-8.97517713312949,22.666530204165745,22.743319540331868,24.613575865395426,24.58442181641246,7.496163345870727,17.29208830918224,2896.04415459112,2808.800941995234,2816.9418315669545,0.0028540236826568068,0.22135059206642016,0.22051690519910036,24.442457308702856,24.316958311439237,0.0,0.0,0.0,0.0,False,none,0.0,0.0,nominal,0.7309280582601319,0.0,93,battery_voltage_sensor_drift,3.155245246436821,0.7309280582601319,abrupt,0.0,1.3798993306988288,190197263,postprocessed_sensor_fault
1800.0,30.0,0.5,1,615.5884572681198,350.0,-265.5884572681198,100.0,99.94507687068001,30.0,30.052555094022686,-8.852948575603993,-8.808232727248274,22.68676427586936,22.576144240399266,24.631667258472262,24.799571948224866,7.269975878583101,17.5,3000.0,2904.4004709976166,2906.2610562867508,0.003091063710322311,0.22727659275805778,0.2300939223055104,24.42594568866376,24.44289875318939,0.0,0.0,0.0,0.0,False,none,0.0,0.0,nominal,0.7309280582601319,0.0,93,battery_voltage_sensor_drift,3.155245246436821,0.7309280582601319,abrupt,0.0,1.3798993306988288,190197263,postprocessed_sensor_fault
1860.0,31.0,0.5166666666666667,1,614.9226763059908,354.15823381635516,-260.7644424896356,100.0,99.8477528570372,30.0,30.048546012987458,-8.692148082987853,-8.636515921154274,22.706124607093237,22.830003631275613,24.65002974378612,24.359012065243565,7.044275063727152,17.70791169081776,3103.955845408879,3004.178158203248,3006.3136085147153,0.0032204699548295168,0.23051174887073791,0.2214234218538365,24.409664577314476,24.324542471504262,0.0,0.0,0.0,0.0,False,none,0.0,0.0,nominal,0.7309280582601319,0.0,93,battery_voltage_sensor_drift,3.155245246436821,0.7309280582601319,abrupt,0.0,1.3798993306988288,190197263,postprocessed_sensor_fault
1920.0,32.0,0.5333333333333333,1,614.184193564921,358.134732861516,-256.049460703405,100.0,100.0,30.0,30.043628000178074,-8.534982023446833,-8.51318308576425,22.724646770954827,22.878122924393015,24.668642979121984,24.655391721002477,6.827673451244848,17.9067366430758,3203.3683215378996,3103.773239870574,3105.879750458128,0.0032365867429569625,0.23091466857392406,0.2465317855813659,24.39360577110314,24.26409982217331,0.0,0.0,0.0,0.0,False,none,0.0,0.0,nominal,0.7309280582601319,0.0,93,battery_voltage_sensor_drift,3.155245246436821,0.7309280582601319,abrupt,0.0,1.3798993306988288,190197263,postprocessed_sensor_fault
1980.0,33.0,0.55,1,613.376606858593,361.7557050458495,-251.62090181274357,100.0,100.0,30.0,30.077009977962657,-8.387363393758118,-8.420538350065124,22.74239165424882,22.984631470706617,24.687469405793593,24.97776893658621,6.627829175916296,18.087785252292473,3293.8926261462366,3198.832933008405,3194.4140006244124,0.0031387096940383224,0.22846774235095807,0.2249109040823404,24.377756670305367,24.24283228208656,0.0,0.0,0.0,0.0,False,none,0.0,0.0,nominal,0.7309280582601319,0.0,93,battery_voltage_sensor_drift,3.155245246436821,0.7309280582601319,abrupt,0.0,1.3798993306988288,190197263,postprocessed_sensor_fault
2040.0,34.0,0.5666666666666667,1,612.503850668262,364.8628965095479,-247.64095415871407,100.0,99.4837779710269,30.0,30.033349324068332,-8.254698471957136,-8.280042031943013,22.75944131682011,22.776870647115967,24.7064559401982,24.71112788619346,6.4512037490345175,18.243144825477398,3371.572412738697,3285.2026728735514,3286.9552508557895,0.002931116504933392,0.2232779126233348,0.21793536361305718,24.36210080321205,24.417550431450962,0.0,0.0,0.0,0.0,False,none,0.0,0.0,nominal,0.7309280582601319,0.0,93,battery_voltage_sensor_drift,3.155245246436821,0.7309280582601319,abrupt,0.0,1.3798993306988288,190197263,postprocessed_sensor_fault
2100.0,35.0,0.5833333333333334,1,611.5701769743577,367.3205080756888,-244.24966889866886,100.0,99.74538769267625,30.0,30.059188408782134,-8.141655629955629,-8.150048833561867,22.775894417291664,22.80402493270509,24.725536343484183,24.959026207190433,6.302924511743055,18.36602540378444,3433.0127018922194,3359.1076873828856,3358.2101537091376,0.002622879994226634,0.21557199985566583,0.214815437428873,24.346618531014,24.327192132561567,0.0,0.0,0.0,0.0,False,none,0.0,0.0,nominal,0.7309280582601319,0.0,93,battery_voltage_sensor_drift,3.155245246436821,0.7309280582601319,abrupt,0.0,1.3798993306988288,190197263,postprocessed_sensor_fault
2160.0,36.0,0.6,1,610.5801345412646,369.0211303259031,-241.55900421536148,100.0,99.73741959646048,30.0,30.01610071407619,-8.051966807178717,-8.089737259764547,22.79186149597829,22.71121776957878,24.7446341657689,24.68377810298558,6.1867335571126265,18.451056516295154,3475.5282581475767,3417.3179727652314,3410.303305551087,0.0022274715765577893,0.20568678941394472,0.2010600557833608,24.3312878982213,24.35194566917662,0.0,0.0,0.0,0.0,False,none,0.0,0.0,nominal,0.7309280582601319,0.0,93,battery_voltage_sensor_drift,3.155245246436821,0.7309280582601319,abrupt,0.0,1.3798993306988288,190197263,postprocessed_sensor_fault
2220.0,37.0,0.6166666666666667,1,609.5385467561977,369.8904379073655,-239.64810884883218,100.0,99.8577621009155,30.0,30.000158718772873,-7.988270294961072,-7.985896756743384,22.807460316950515,22.729612628072793,24.763666136233486,24.8800358574899,6.104996984428596,18.494521895368276,3497.2609476841367,3457.289460224684,3460.9809528526707,0.0017621724971785863,0.19405431242946464,0.19837661344402965,24.316085585916294,24.197412879881956,0.0,0.0,0.0,0.0,False,none,0.0,0.0,nominal,0.7309280582601319,0.0,93,battery_voltage_sensor_drift,3.155245246436821,0.7309280582601319,abrupt,0.0,1.3798993306988288,190197263,postprocessed_sensor_fault
2280.0,38.0,0.6333333333333333,1,608.450488130146,369.8904379073655,-238.56005022278055,100.0,99.7274938023472,30.0,29.995303050586344,-7.952001674092685,-7.898815808652967,22.82281137654875,22.81833338021371,24.782545850934355,24.65184208343051,6.05874644998183,18.494521895368276,3497.2609476841367,3477.2752039544102,3474.382225553823,0.0012473185586203252,0.18118296396550812,0.17290571266163546,24.300987920422497,24.2497638022804,0.0,0.0,0.0,0.0,False,none,0.0,0.0,nominal,0.7309280582601319,0.0,93,battery_voltage_sensor_drift,3.155245246436821,0.7309280582601319,abrupt,0.0,1.3798993306988288,190197263,postprocessed_sensor_fault
2340.0,39.0,0.65,1,607.3212595753644,369.0211303259031,-238.3001292494613,100.0,100.0,30.0,29.995005270047336,-7.94333764164871,-8.004422935298008,22.83803360505992,22.753278343463627,24.80118759715947,24.986745213214725,6.047729031138663,18.451056516295154,3475.5282581475767,3476.401731050993,3482.94934699411,0.0007054113485461749,0.16763528371365435,0.17371726097516532,24.285971888322834,24.19379407834823,0.0,0.0,0.0,0.0,False,none,0.0,0.0,nominal,0.7309280582601319,0.0,93,battery_voltage_sensor_drift,3.155245246436821,0.7309280582601319,abrupt,0.0,1.3798993306988288,190197263,postprocessed_sensor_fault
2400.0,40.0,0.6666666666666666,1,606.156362579862,367.3205080756888,-238.83585450417326,100.0,100.0,30.0,29.955500949020333,-7.961195150139108,-7.915622084009118,22.853240237621186,23.03685839937091,24.819510147189764,24.766999350300523,6.0704502574878765,18.36602540378444,3433.0127018922194,3454.7072164716064,3448.2146892462197,0.00016013481239812548,0.15400337030995312,0.1614073102405852,24.27101611011691,24.455782946838656,0.0,0.0,0.0,0.0,False,none,0.0,0.0,nominal,0.7309280582601319,0.0,93,battery_voltage_sensor_drift,3.155245246436821,0.7309280582601319,abrupt,0.0,1.3798993306988288,190197263,postprocessed_sensor_fault
2460.0,41.0,0.6833333333333333,1,604.961472404706,364.8628965095479,-240.0985758951581,100.0,99.83600340316269,30.0,30.050914927593503,-8.003285863171936,-7.96213133879107,22.8685348187575,22.696174206225816,24.8374403556632,24.69557574757145,6.1242067686118205,18.243144825477398,3371.5724127386975,3413.1398146051515,3412.813533491314,-0.0003646798486658404,0.15911699621664602,0.16356962502914296,24.256150960607094,24.257359099676258,0.0,0.0,0.0,0.0,False,none,0.0,0.0,nominal,0.7309280582601319,0.0,93,battery_voltage_sensor_drift,3.155245246436821,0.7309280582601319,abrupt,0.0,1.3798993306988288,190197263,postprocessed_sensor_fault
2520.0,42.0,0.7,1,603.7424104347197,361.7557050458495,-241.98670538887018,100.0,99.89769783475798,30.0,29.93846941322399,-8.06622351296234,-8.180915407602932,22.884007332981238,22.97531375926667,24.85491640332248,24.841327604010864,6.205116940885321,18.087785252292473,3293.8926261462366,3353.5162203756936,3350.410580366222,-0.000846095715616464,0.1711523928904116,0.17411258584128161,24.241376261455354,24.18570243960737,0.0,0.0,0.0,0.0,False,none,0.0,0.0,nominal,0.7309280582601319,0.0,93,battery_voltage_sensor_drift,3.155245246436821,0.7309280582601319,abrupt,0.0,1.3798993306988288,190197263,postprocessed_sensor_fault
2580.0,43.0,0.7166666666666667,1,602.5051158172811,358.134732861516,-244.37038295576508,100.0,100.0,30.0,30.035982857378883,-8.145679431858836,-8.125008535484662,22.89973051389178,22.688622642398933,24.87189054538205,24.887636823987737,6.308167472528647,17.9067366430758,3203.3683215379006,3278.442270956797,3282.43423158666,-0.0012630726049780512,0.18157681512445129,0.18410487672395787,24.226671162148925,24.329256942716995,0.0,0.0,0.0,0.0,False,none,0.0,0.0,nominal,0.7309280582601319,0.0,93,battery_voltage_sensor_drift,3.155245246436821,0.7309280582601319,abrupt,0.0,1.3798993306988288,190197263,postprocessed_sensor_fault
2640.0,44.0,0.7333333333333333,1,601.2556165273943,354.1582338163552,-247.09738271103907,100.0,99.88603505160233,30.0,29.98676534506161,-8.236579423701302,-8.184791514035014,22.91575646163588,22.958425241326104,24.88833124440063,24.884266610587918,6.427299248235174,17.707911690817763,3103.9558454088806,3191.1990581828386,3201.966456515455,-0.00159738662580824,0.189934665645206,0.19555558555994154,24.212016761677877,24.430886143599196,0.0,0.0,0.0,0.0,False,none,0.0,0.0,nominal,0.7309280582601319,0.0,93,battery_voltage_sensor_drift,3.155245246436821,0.7309280582601319,abrupt,0.0,1.3798993306988288,190197263,postprocessed_sensor_fault
2700.0,45.0,0.75,1,600.0,350.0,-250.0,100.0,99.92176583795465,30.0,29.967279673252307,-8.333333333333334,-8.31615178476626,22.932113774717916,22.880551292033957,24.904224594445424,25.07725760811989,6.555555555555556,17.5,3000.0,3095.5995290914193,3089.894440945476,-0.0018344266511800618,0.19586066627950155,0.20417277714578724,24.197396865360076,24.165123426051522,0.0,0.0,0.0,0.0,False,none,0.0,0.0,nominal,0.7309280582601319,0.0,93,battery_voltage_sensor_drift,3.155245246436821,0.7309280582601319,abrupt,0.0,1.3798993306988288,190197263,postprocessed_sensor_fault
2760.0,46.0,0.7666666666666667,1,598.7443834726058,345.8417661836448,-252.90261728896104,100.0,100.0,30.0,30.02274251177628,-8.430087242965367,-8.431640132164246,22.948805457649343,22.746551515289422,24.919574974308226,24.815613752974027,6.685309673920594,17.29208830918224,2896.04415459112,2995.82184184127,2992.4576609432083,-0.001963832894540448,0.1990958223635112,0.1962137980559212,24.182798630783033,24.088832098557912,0.0,0.0,0.0,0.0,False,none,0.0,0.0,nominal,0.7309280582601319,0.0,93,battery_voltage_sensor_drift,3.155245246436821,0.7309280582601319,abrupt,0.0,1.3798993306988288,190197263,postprocessed_sensor_fault
2820.0,47.0,0.7833333333333333,1,597.4948841827188,341.865267138484,-255.6296170442348,100.0,100.0,30.0,29.99710288354682,-8.520987234807826,-8.527642932245481,22.96580788449165,22.8566481433889,24.93440490122761,24.94910242609568,6.808577876460634,17.0932633569242,2796.6316784621,2896.226760151685,2898.0002750180392,-0.001979949682094466,0.19949874205236165,0.20250597362820413,24.16821307888662,24.230971027482234,0.0,0.0,0.0,0.0,False,none,0.0,0.0,nominal,0.7309280582601319,0.0,93,battery_voltage_sensor_drift,3.155245246436821,0.7309280582601319,abrupt,0.0,1.3798993306988288,190197263,postprocessed_sensor_fault
2880.0,48.0,0.8,1,596.2575895652803,338.2442949541505,-258.0132946111298,100.0,100.0,30.0,30.019787175297118,-8.600443153704328,-8.658964295072474,22.983071069835393,22.921174152959484,24.9487540915132,25.074356590238867,6.917409795207972,16.912214747707527,2706.1073738537634,2801.1670670027247,2805.8937683350127,-0.0018820726328891155,0.1970518158222279,0.20483047757300774,24.153635450138335,24.344902191201825,0.0,0.0,0.0,0.0,False,none,0.0,0.0,nominal,0.7309280582601319,0.0,93,battery_voltage_sensor_drift,3.155245246436821,0.7309280582601319,abrupt,0.0,1.3798993306988288,190197263,postprocessed_sensor_fault
2940.0,49.0,0.8166666666666667,1,595.038527595294,335.13710349045215,-259.90142410484185,100.0,99.8406010385962,30.0,29.955766781157546,-8.663380803494729,-8.675683122286934,23.000520421268742,22.94270959764992,24.962677769130142,25.13739582749419,7.004333355708877,16.75685517452261,2628.4275872613034,2714.797327132014,2711.1878339294412,-0.0016744794436408194,0.19186198609102048,0.1800948789111885,24.139065390160642,24.032410652555477,0.0,0.0,0.0,0.0,False,none,0.0,0.0,nominal,0.7309280582601319,0.0,93,battery_voltage_sensor_drift,3.155245246436821,0.7309280582601319,abrupt,0.0,1.3798993306988288,190197263,postprocessed_sensor_fault
3000.0,50.0,0.8333333333333334,1,593.843637420138,332.6794919243112,-261.16414549582674,100.0,100.0,30.0,30.009316212769424,-8.705471516527558,-8.683733500334572,23.01806002789448,22.77318909536488,24.976244296169533,25.064881648016335,7.06281874600581,16.633974596215563,2566.9872981077806,2640.8923126198974,2648.891655636232,-0.0013662429328623966,0.18415607332155992,0.18633089298234873,24.124506954273727,24.381292128285555,0.0,0.0,0.0,0.0,False,none,0.0,0.0,nominal,0.7309280582601319,0.0,93,battery_voltage_sensor_drift,3.155245246436821,0.7309280582601319,abrupt,0.0,1.3798993306988288,190197263,postprocessed_sensor_fault
3060.0,51.0,0.85,1,592.6787404246356,330.9788696740969,-261.6998707505387,100.0,99.43639422338029,30.0,29.990683381958092,-8.723329025017957,-8.710615626502696,23.035577392868106,22.93973667895751,24.989532228767587,25.150407103691535,7.08771754229766,16.548943483704846,2524.4717418524233,2582.6820272361606,2578.46934001224,-0.0009708345151577116,0.17427086287894278,0.16753953097002944,24.109968426400112,24.072182021767482,0.0,0.0,0.0,0.0,False,none,0.0,0.0,nominal,0.7309280582601319,0.0,93,battery_voltage_sensor_drift,3.155245246436821,0.7309280582601319,abrupt,0.0,1.3798993306988288,190197263,postprocessed_sensor_fault
3120.0,52.0,0.8666666666666667,1,591.549511869854,330.1095620926345,-261.43994977721945,100.0,99.80686869234498,30.0,30.055433587319037,-8.714664992573981,-8.674558384250487,23.05294936475964,23.06980465075955,25.00262692714671,25.247896540329727,7.075630874623557,16.505478104631727,2502.7390523158633,2542.710539776012,2538.107095923779,-0.0005055354357605888,0.16263838589401472,0.15623385990331193,24.09546195471232,24.00065136620229,0.0,0.0,0.0,0.0,False,none,0.0,0.0,nominal,0.7309280582601319,0.0,93,battery_voltage_sensor_drift,3.155245246436821,0.7309280582601319,abrupt,0.0,1.3798993306988288,190197263,postprocessed_sensor_fault
3180.0,53.0,0.8833333333333333,1,590.4614532438023,330.1095620926345,-260.3518911511678,100.0,100.0,30.0,29.940584165760093,-8.678396371705594,-8.609466747975542,23.070048885526933,23.114233547801327,25.0156168679388,24.894462325747106,7.025165086754626,16.505478104631727,2502.7390523158633,2522.724796045938,2530.536181592442,9.318502806628603e-06,0.15023296257016572,0.13854321896156047,24.081004272189787,24.23251069935956,0.0,0.0,0.0,0.0,False,none,0.0,0.0,nominal,0.7309280582601319,0.0,93,battery_voltage_sensor_drift,3.155245246436821,0.7309280582601319,abrupt,0.0,1.3798993306988288,190197263,postprocessed_sensor_fault
3240.0,54.0,0.9,1,589.4198654587356,330.9788696740969,-258.44099578463863,100.0,99.53182371580523,30.0,30.067444257856167,-8.614699859487954,-8.646781977188025,23.086752073192187,23.14539173815128,25.0285898199627,24.777463578704364,6.937044293524942,16.548943483704846,2524.471741852423,2523.5982689491807,2512.781929312386,0.0005512257128852536,0.16378064282213134,0.16072287346487962,24.06668537863993,24.13742576490782,0.0,0.0,0.0,0.0,False,none,0.0,0.0,nominal,0.7309280582601319,0.0,93,battery_voltage_sensor_drift,3.155245246436821,0.7309280582601319,abrupt,0.0,1.3798993306988288,190197263,postprocessed_sensor_fault
3300.0,55.0,0.9166666666666666,1,588.4298230256423,332.67949192431126,-255.75033110133108,100.0,100.0,30.0,29.909040890994795,-8.525011036711037,-8.534093759806954,23.102945110933312,22.943097340774248,25.04162905059543,24.96320476031986,6.814065054083598,16.633974596215563,2566.987298107781,2545.292783528481,2542.844867947883,0.0010965022490355618,0.17741255622588903,0.17516286522981542,24.05252510515335,24.066857193639567,0.0,0.0,0.0,0.0,False,none,0.0,0.0,nominal,0.7309280582601319,0.0,93,battery_voltage_sensor_drift,3.155245246436821,0.7309280582601319,abrupt,0.0,1.3798993306988288,190197263,postprocessed_sensor_fault
3360.0,56.0,0.9333333333333333,0,0.0,335.1371034904521,335.1371034904521,99.50128407218682,99.61341564955293,29.980051362887473,29.99364567900394,11.178670090783127,11.225194823790345,23.114984150934,23.0370396827775,25.03880972853971,24.866824241244604,10.99701319988554,16.756855174522606,2628.427587261303,2586.860185394892,2584.3495370947358,0.001621316910100646,0.19053292275251615,0.18544419186494746,24.03854096867853,23.967225016459643,0.0,0.0,0.0,0.0,False,none,0.0,0.0,nominal,0.7309280582601319,0.0,93,battery_voltage_sensor_drift,3.155245246436821,0.7309280582601319,abrupt,0.0,1.3798993306988288,190197263,postprocessed_sensor_fault
3420.0,57.0,0.95,0,0.0,338.2442949541505,338.2442949541505,98.99794434755268,99.24313888200868,29.959917773902106,29.980632193558655,11.289893967893095,11.305170941628614,23.127617367576732,23.339344812740624,25.03632368020681,25.084666334779612,11.19693646450151,16.912214747707527,2706.1073738537634,2646.4837796243282,2643.8037180483907,0.0021027327770518148,0.20256831942629536,0.20131922145096348,24.024747352330543,24.164182206848253,0.0,0.0,0.0,0.0,False,none,0.0,0.0,nominal,0.7309280582601319,0.0,93,battery_voltage_sensor_drift,3.155245246436821,0.7309280582601319,abrupt,0.0,1.3798993306988288,190197263,postprocessed_sensor_fault
3480.0,58.0,0.9666666666666667,0,0.0,341.865267138484,341.865267138484,98.48921627145373,98.20579820073944,29.93956865085815,29.962890845685244,11.41851010364123,11.351964595928353,23.140953629501126,23.179715132702935,25.034219617479003,24.929197521861592,11.430589838956548,17.0932633569242,2796.6316784620994,2721.5577290432134,2722.8383811622175,0.0025197096664136814,0.21299274166034204,0.2246876068725176,24.011154813725696,24.21285372068886,0.0,0.0,0.0,0.0,False,none,0.0,0.0,nominal,0.7309280582601319,0.0,93,battery_voltage_sensor_drift,3.155245246436821,0.7309280582601319,abrupt,0.0,1.3798993306988288,190197263,postprocessed_sensor_fault
3540.0,59.0,0.9833333333333333,0,0.0,345.84176618364484,345.84176618364484,97.9745707860614,98.15800019198339,29.918982831442456,29.947337343200495,11.55927553192727,11.417914878841788,23.15507240127692,23.09137382034327,25.032530037157535,24.99629370377826,11.689348065840997,17.292088309182244,2896.0441545911203,2808.8009418171673,2807.760113730714,0.002854023687244039,0.22135059218110098,0.2191600784724394,23.997769556621925,23.922415934456218,0.0,0.0,0.0,0.0,False,none,0.0,0.0,nominal,0.7309280582601319,0.0,93,battery_voltage_sensor_drift,3.155245246436821,0.7309280582601319,abrupt,0.0,1.3798993306988288,190197263,postprocessed_sensor_fault
3600.0,60.0,1.0,0,0.0,350.0,350.0,97.45373745272806,97.94172223274337,29.898149498109124,29.828569800203628,11.706410124885334,11.589328267612455,23.170019310339132,23.331722218078195,25.031269796860276,25.2145977210762,11.96320304096143,17.5,2999.9999999999995,2904.4004709085834,2896.7379007785794,0.0030910637126159027,0.22727659281539755,0.2181681182217541,23.984593094723543,24.138814807947774,0.0,0.0,0.0,0.0,False,none,0.0,0.0,nominal,0.7309280582601319,0.0,93,battery_voltage_sensor_drift,3.155245246436821,0.7309280582601319,abrupt,0.0,1.3798993306988288,190197263,postprocessed_sensor_fault
3660.0,61.0,1.0166666666666666,0,0.0,354.15823381635516,354.15823381635516,96.92671627145373,96.81040702097764,29.87706865085815,29.914612177616878,11.853848111909159,11.80759170360135,23.185802851826487,23.08653943772733,25.03043546186703,24.968526252081222,12.241097204816986,17.70791169081776,3103.955845408879,3004.1781581587315,3003.2845991677214,0.003220469955976316,0.2305117488994079,0.22830171748685268,23.971622127828866,24.067388927675346,0.0,0.0,0.0,0.0,False,none,0.0,0.0,nominal,0.7309280582601319,0.0,93,battery_voltage_sensor_drift,3.155245246436821,0.7309280582601319,abrupt,0.0,1.3798993306988288,190197263,postprocessed_sensor_fault
3720.0,62.0,1.0333333333333334,0,0.0,358.134732861516,358.134732861516,96.39377768088599,96.16741499384479,29.85575110723544,29.87647982493001,11.9955023598359,11.97045731370088,23.20239258854615,23.170038822479214,25.030005451458244,25.12776970146719,12.511366149186292,17.9067366430758,3203.368321537899,3103.7732398483154,3114.9109867184034,0.0032365867435303623,0.23091466858825904,0.22857271017834285,23.958848639988698,24.1573930565389,0.0,0.0,0.0,0.0,False,none,0.0,0.0,nominal,0.7309280582601319,0.0,93,battery_voltage_sensor_drift,3.155245246436821,0.7309280582601319,abrupt,0.0,1.3798993306988288,190197263,postprocessed_sensor_fault
3780.0,63.0,1.05,0,0.0,361.7557050458495,361.7557050458495,95.85545073885348,95.7550483516603,29.83421802955414,29.898677819750233,12.125529976602365,12.097294920727697,23.2197191602718,23.24984194622565,25.029940978351163,24.923766140310683,12.762278177078606,18.087785252292473,3293.8926261462366,3198.8329329972757,3204.750694056515,0.0031387096943250254,0.22846774235812561,0.22595391021174918,23.946260217674297,23.8075615327489,0.0,0.0,0.0,0.0,False,none,0.0,0.0,nominal,0.7309280582601319,0.0,93,battery_voltage_sensor_drift,3.155245246436821,0.7309280582601319,abrupt,0.0,1.3798993306988288,190197263,postprocessed_sensor_fault
3840.0,64.0,1.0666666666666667,0,0.0,364.86289650954785,364.86289650954785,95.31249999999997,95.66679201664503,29.8125,29.78253385694852,12.238587723590703,12.226390092998164,23.237676319834975,23.223380201724208,25.030187740175307,24.963400603730896,12.982642357442005,18.243144825477394,3371.5724127386966,3285.202672867986,3275.483831325811,0.0029311165050767297,0.22327791262691823,0.22602047429830566,23.933840573975722,23.9352253912167,0.0,0.0,0.0,0.0,False,none,0.0,0.0,nominal,0.7309280582601319,0.0,93,battery_voltage_sensor_drift,3.155245246436821,0.7309280582601319,abrupt,0.0,1.3798993306988288,190197263,postprocessed_sensor_fault
3900.0,65.0,1.0833333333333333,0,0.0,367.3205080756888,367.3205080756888,94.76589210107781,94.71407889773221,29.790635684043114,29.72776847340504,12.330066131231911,12.38269750682095,23.256125070129446,23.351704793328764,25.030678289061473,24.945032397873323,13.162442464044181,18.36602540378444,3433.0127018922194,3359.107687380103,3356.8327885727235,0.0026228799942983206,0.215571999857458,0.20795172031104034,23.92157025349694,23.87354473589481,0.0,0.0,0.0,0.0,False,none,0.0,0.0,nominal,0.7309280582601319,0.0,93,battery_voltage_sensor_drift,3.155245246436821,0.7309280582601319,abrupt,0.0,1.3798993306988288,190197263,postprocessed_sensor_fault
3960.0,66.0,1.1,0,0.0,369.0211303259031,369.0211303259031,94.21675351428333,94.2708731894661,29.768670140571334,29.70528615095241,12.396292094451642,12.385348638632628,23.27489980175959,23.301282202831956,25.031334975781572,25.01558757034855,13.293444615277142,18.451056516295154,3475.5282581475767,3417.31797276384,3413.255383170277,0.0022274715765936287,0.2056867894148407,0.20709420877259846,23.909427482785624,23.933231790194466,0.0,0.0,0.0,0.0,False,none,0.0,0.0,nominal,0.7309280582601319,0.0,93,battery_voltage_sensor_drift,3.155245246436821,0.7309280582601319,abrupt,0.0,1.3798993306988288,190197263,postprocessed_sensor_fault
4020.0,67.0,1.1166666666666667,0,0.0,369.8904379073655,369.8904379073655,93.6663213150164,93.27080898903152,29.746652852600654,29.80770067700361,12.434691047097997,12.444697143071766,23.293816147332176,23.438492633849755,25.032073339766058,25.151456493551,13.369723314942329,18.494521895368276,3497.2609476841367,3457.2894602239876,3461.567764103655,0.001762172497196506,0.19405431242991264,0.1985179868912765,23.897389123596383,23.804293310094195,0.0,0.0,0.0,0.0,False,none,0.0,0.0,nominal,0.7309280582601319,0.0,93,battery_voltage_sensor_drift,3.155245246436821,0.7309280582601319,abrupt,0.0,1.3798993306988288,190197263,postprocessed_sensor_fault
4080.0,68.0,1.1333333333333333,0,0.0,369.8904379073655,369.8904379073655,93.11588911574948,93.34047165948428,29.724635564629978,29.687090975816663,12.443901527509611,12.405327335685238,23.312680099841877,23.220203884952877,25.032805796838666,24.886660932738064,13.388054818108483,18.494521895368276,3497.2609476841367,3477.2752039540624,3474.4257199746075,0.0012473185586292885,0.18118296396573222,0.1723222795456466,23.885431681569983,23.86167932982803,0.0,0.0,0.0,0.0,False,none,0.0,0.0,nominal,0.7309280582601319,0.0,93,battery_voltage_sensor_drift,3.155245246436821,0.7309280582601319,abrupt,0.0,1.3798993306988288,190197263,postprocessed_sensor_fault
4140.0,69.0,1.15,0,0.0,369.0211303259031,369.0211303259031,92.56675052895498,92.06719062036333,29.702670021158198,29.752078719188205,12.42383698378082,12.411364531797215,23.33129781268271,23.443738244121235,25.033445463496548,25.06343944295051,13.348138031964808,18.451056516295154,3475.5282581475767,3476.4017310508193,3479.6990443018344,0.0007054113485506565,0.1676352837137664,0.17025086556047267,23.873532321261713,23.972418762259686,0.0,0.0,0.0,0.0,False,none,0.0,0.0,nominal,0.7309280582601319,0.0,93,battery_voltage_sensor_drift,3.155245246436821,0.7309280582601319,abrupt,0.0,1.3798993306988288,190197263,postprocessed_sensor_fault
4200.0,70.0,1.1666666666666667,0,0.0,367.3205080756888,367.3205080756888,92.02014263003282,92.2271065410384,29.680805705201312,29.572901501632128,12.375691944619918,12.334717822859357,23.349485426102113,23.48672891000085,25.033909950596144,25.052987751465036,13.252620088650426,18.36602540378444,3433.0127018922194,3454.7072164715196,3456.3445946566803,0.00016013481240036284,0.15400337031000907,0.1404863004628633,23.861669839808748,23.835437716918303,0.0,0.0,0.0,0.0,False,none,0.0,0.0,nominal,0.7309280582601319,0.0,93,battery_voltage_sensor_drift,3.155245246436821,0.7309280582601319,abrupt,0.0,1.3798993306988288,190197263,postprocessed_sensor_fault
4260.0,71.0,1.1833333333333333,0,0.0,364.8628965095479,364.8628965095479,91.47719189117932,92.00352436186292,29.65908767564717,29.691240267956488,12.301892104696591,12.369953688298022,23.367078260040326,23.352791437264077,25.03412496064233,25.1005950774254,13.106923948447706,18.243144825477398,3371.5724127386975,3413.1398146051083,3411.00452059759,-0.00036467984866472153,0.15911699621661804,0.16716346890609968,23.84987478732624,23.791022868829376,0.0,0.0,0.0,0.0,False,none,0.0,0.0,nominal,0.7309280582601319,0.0,93,battery_voltage_sensor_drift,3.155245246436821,0.7309280582601319,abrupt,0.0,1.3798993306988288,190197263,postprocessed_sensor_fault
4320.0,72.0,1.2,0,0.0,361.7557050458495,361.7557050458495,90.9388649491468,91.05684635591044,29.637554597965874,29.65519552321446,12.205990337363327,12.2023303050059,23.383938777177633,23.227404561654566,25.034027531461778,25.17238130166371,12.918896009264552,18.087785252292473,3293.8926261462366,3353.516220375672,3357.747579490898,-0.0008460957156159048,0.1711523928903976,0.15957517649289166,23.838147159474104,23.86360449336323,0.0,0.0,0.0,0.0,False,none,0.0,0.0,nominal,0.7309280582601319,0.0,93,battery_voltage_sensor_drift,3.155245246436821,0.7309280582601319,abrupt,0.0,1.3798993306988288,190197263,postprocessed_sensor_fault
4380.0,73.0,1.2166666666666666,0,0.0,358.134732861516,358.134732861516,90.40592635857907,90.3528591710418,29.616237054343163,29.570178532457508,12.092513042908543,12.0788669103396,23.39996284363268,23.350299073063944,25.033568784496236,24.913510580270835,12.698309735433059,17.9067366430758,3203.3683215379006,3278.4422709567866,3284.2716921517863,-0.001263072604977771,0.18157681512444426,0.18472891850225112,23.826466278432534,23.93359371131206,0.0,0.0,0.0,0.0,False,none,0.0,0.0,nominal,0.7309280582601319,0.0,93,battery_voltage_sensor_drift,3.155245246436821,0.7309280582601319,abrupt,0.0,1.3798993306988288,190197263,postprocessed_sensor_fault
4440.0,74.0,1.2333333333333334,0,0.0,354.15823381635516,354.15823381635516,89.87890517730473,90.13542615798033,29.595156207092188,29.600587338003663,11.966763457443236,11.863468325652002,23.41508398060992,23.24139843766075,25.032716057601903,25.12875034459827,12.456274211711902,17.70791169081776,3103.9558454088797,3191.199058182833,3199.6677863100235,-0.0015973866258081216,0.18993466564520303,0.18683265359373477,23.81481341458936,23.723907765042583,0.0,0.0,0.0,0.0,False,none,0.0,0.0,nominal,0.7309280582601319,0.0,93,battery_voltage_sensor_drift,3.155245246436821,0.7309280582601319,abrupt,0.0,1.3798993306988288,190197263,postprocessed_sensor_fault
4500.0,75.0,1.25,0,0.0,350.0,350.0,89.3580718439714,89.39481824569694,29.574322873758856,29.606900875750032,11.834590482223794,11.83069424746629,23.429275485228114,23.365879742252666,25.031454329141088,25.262195765982653,12.20460255055536,17.5,3000.0000000000005,3095.599529091417,3100.5549455186206,-0.0018344266511799855,0.19586066627949963,0.19377517296101376,23.80317254337472,23.78861440721694,0.0,0.0,0.0,0.0,False,none,0.0,0.0,nominal,0.7309280582601319,0.0,93,battery_voltage_sensor_drift,3.155245246436821,0.7309280582601319,abrupt,0.0,1.3798993306988288,190197263,postprocessed_sensor_fault
4560.0,76.0,1.2666666666666666,0,0.0,345.8417661836448,345.8417661836448,88.84342635857907,88.72672622497684,29.553737054343163,29.540684119953973,11.702133153168205,11.694077986790905,23.442550477739275,23.739925148823627,25.029786871126323,24.952320491282887,11.955193626758275,17.29208830918224,2896.04415459112,2995.8218418412685,2982.455445784219,-0.0019638328945404205,0.1990958223635105,0.19384336336539784,23.791530991212568,23.836389553227043,0.0,0.0,0.0,0.0,False,none,0.0,0.0,nominal,0.7309280582601319,0.0,93,battery_voltage_sensor_drift,3.155245246436821,0.7309280582601319,abrupt,0.0,1.3798993306988288,190197263,postprocessed_sensor_fault
4620.0,77.0,1.2833333333333334,0,0.0,341.865267138484,341.865267138484,88.33469828248013,88.59251238698862,29.533387931299206,29.576204661296217,11.575551979804471,11.603172005254892,23.454960082509412,23.353022444406438,25.027735102871162,24.921455431054625,11.719472290972417,17.0932633569242,2796.631678462101,2896.226760151685,2897.820366974057,-0.001979949682094438,0.19949874205236096,0.20395529345142122,23.779879946612933,23.888917323875326,0.0,0.0,0.0,0.0,False,none,0.0,0.0,nominal,0.7309280582601319,0.0,93,battery_voltage_sensor_drift,3.155245246436821,0.7309280582601319,abrupt,0.0,1.3798993306988288,190197263,postprocessed_sensor_fault
4680.0,78.0,1.3,0,0.0,338.2442949541506,338.2442949541506,87.83135855784599,88.008820391846,29.51325434231384,29.57117534815714,11.46075898750352,11.407754593524672,23.466590054432928,23.5022118943014,25.02533765154361,25.04135178043015,11.507919725571414,16.91221474770753,2706.107373853764,2801.1670670027247,2790.1617862868306,-0.0018820726328891081,0.1970518158222277,0.19561606399567869,23.768214816356704,23.754136180275665,0.0,0.0,0.0,0.0,False,none,0.0,0.0,nominal,0.7309280582601319,0.0,93,battery_voltage_sensor_drift,3.155245246436821,0.7309280582601319,abrupt,0.0,1.3798993306988288,190197263,postprocessed_sensor_fault
4740.0,79.0,1.3166666666666667,0,0.0,335.1371034904521,335.1371034904521,87.33264263003281,86.61404761815983,29.493305705201312,29.478373704055144,11.363158366861153,11.344264368040017,23.477556212258428,23.305938392880403,25.022648660680304,25.10555561308827,11.32970944562933,16.756855174522606,2628.4275872613025,2714.7973271320134,2719.29218391457,-0.0016744794436408268,0.19186198609102068,0.18093405774547655,23.756535411132372,23.719236740335322,0.0,0.0,0.0,0.0,False,none,0.0,0.0,nominal,0.7309280582601319,0.0,93,battery_voltage_sensor_drift,3.155245246436821,0.7309280582601319,abrupt,0.0,1.3798993306988288,190197263,postprocessed_sensor_fault
4800.0,80.0,1.3333333333333333,0,0.0,332.67949192431126,332.67949192431126,86.8375838622883,86.72352009216961,29.473503354491534,29.369889224990505,11.287409166227043,11.342066620229874,23.487999036501098,23.529207015071577,25.019735420587292,24.90469269120959,11.192448454866103,16.633974596215563,2566.987298107781,2640.8923126198974,2642.4773662058838,-0.0013662429328623821,0.18415607332155953,0.19125340519657213,23.74484595008817,23.99664875731362,0.0,0.0,0.0,0.0,False,none,0.0,0.0,nominal,0.7309280582601319,0.0,93,battery_voltage_sensor_drift,3.155245246436821,0.7309280582601319,abrupt,0.0,1.3798993306988288,190197263,postprocessed_sensor_fault
4860.0,81.0,1.35,0,0.0,330.9788696740969,330.9788696740969,86.34505578241614,86.59706699391883,29.453802231296645,29.468088554629045,11.237220480906524,11.254388080890465,23.498077742051827,23.512565434883317,25.01667542419,25.023106157339967,11.102009930920405,16.548943483704846,2524.4717418524233,2582.6820272361606,2584.906522128904,-0.0009708345151577116,0.17427086287894278,0.1744941399069137,23.733154879745946,23.649258226901306,0.0,0.0,0.0,0.0,False,none,0.0,0.0,nominal,0.7309280582601319,0.0,93,battery_voltage_sensor_drift,3.155245246436821,0.7309280582601319,abrupt,0.0,1.3798993306988288,190197263,postprocessed_sensor_fault
4920.0,82.0,1.3666666666666667,0,0.0,330.1095620926345,330.1095620926345,85.85382131501638,85.45524305530115,29.434152852600654,29.491000287571197,11.215188143709993,11.20162413533042,23.5079640609592,23.479784183055926,25.013552977005745,24.984947292669773,11.062435607905055,16.505478104631727,2502.7390523158633,2542.710539776012,2549.1184849805186,-0.0005055354357605888,0.16263838589401472,0.1550493769351638,23.721474509658062,23.68003362018556,0.0,0.0,0.0,0.0,False,none,0.0,0.0,nominal,0.7309280582601319,0.0,93,battery_voltage_sensor_drift,3.155245246436821,0.7309280582601319,abrupt,0.0,1.3798993306988288,190197263,postprocessed_sensor_fault
4980.0,83.0,1.3833333333333333,0,0.0,330.1095620926345,330.1095620926345,85.36258684761663,85.2374061769638,29.414503473904666,29.447892842700934,11.222680076360769,11.170943719053868,23.517835889419135,23.498858412092524,25.010455509398962,25.0995499730849,11.075883847707596,16.505478104631727,2502.7390523158633,2522.724796045938,2516.4808959400907,9.318502806628603e-06,0.15023296257016572,0.1611563563336137,23.709821732973435,23.781551844550467,0.0,0.0,0.0,0.0,False,none,0.0,0.0,nominal,0.7309280582601319,0.0,93,battery_voltage_sensor_drift,3.155245246436821,0.7309280582601319,abrupt,0.0,1.3798993306988288,190197263,postprocessed_sensor_fault
5040.0,84.0,1.4,0,0.0,330.9788696740969,330.9788696740969,84.87005876774447,84.95518796316942,29.394802350709778,29.41095432781465,11.259775307388825,11.2168348899008,23.527870884742057,23.601601519568604,25.00746975229118,24.919661506427854,11.142603197830649,16.548943483704846,2524.4717418524233,2523.5982689491807,2532.55493973847,0.0005512257128852607,0.1637806428221315,0.1600313326130777,23.698286708467702,23.73992477070752,0.0,0.0,0.0,0.0,False,none,0.0,0.0,nominal,0.7309280582601319,0.0,93,battery_voltage_sensor_drift,3.155245246436821,0.7309280582601319,abrupt,0.0,1.3798993306988288,190197263,postprocessed_sensor_fault
5100.0,85.0,1.4166666666666667,0,0.0,332.6794919243112,332.6794919243112,84.37499999999994,84.39389526676244,29.374999999999996,29.34608384404085,11.325259299551021,11.318906712958844,23.538240058954155,23.54796083954329,25.004677943465282,25.049816379955896,11.260919856165351,16.633974596215563,2566.9872981077806,2545.292783528481,2537.5563305158257,0.0010965022490355544,0.17741255622588886,0.17045057478538564,23.686889425007415,23.83142620218217,0.0,0.0,0.0,0.0,False,none,0.0,0.0,nominal,0.7309280582601319,0.0,93,battery_voltage_sensor_drift,3.155245246436821,0.7309280582601319,abrupt,0.0,1.3798993306988288,190197263,postprocessed_sensor_fault
5160.0,86.0,1.4333333333333333,0,0.0,335.1371034904521,335.1371034904521,83.87628407218678,83.9145398852494,29.355051362887473,29.330083814536444,11.416675765526126,11.457885236514127,23.549101414743138,23.636888295069184,25.002154230266605,24.73378496528358,11.427238842812123,16.756855174522606,2628.4275872613025,2586.860185394892,2579.7806195219778,0.0016213169101006388,0.19053292275251596,0.18959901966622436,23.67564755613369,23.799980587634476,0.0,0.0,0.0,0.0,False,none,0.0,0.0,nominal,0.7309280582601319,0.0,93,battery_voltage_sensor_drift,3.155245246436821,0.7309280582601319,abrupt,0.0,1.3798993306988288,190197263,postprocessed_sensor_fault
5220.0,87.0,1.45,0,0.0,338.2442949541505,338.2442949541505,83.37294434755262,83.87313368203971,29.334917773902106,29.28692005670012,11.530432693255085,11.566241480937109,23.56059370707966,23.792198620184795,24.99996142591989,25.059821511457763,11.636070247494857,16.912214747707527,2706.107373853763,2646.483779624328,2639.5599168158506,0.002102732777051808,0.2025683194262952,0.19519687226433338,23.66457564037979,23.635061563400054,0.0,0.0,0.0,0.0,False,none,0.0,0.0,nominal,0.7309280582601319,0.0,93,battery_voltage_sensor_drift,3.155245246436821,0.7309280582601319,abrupt,0.0,1.3798993306988288,190197263,postprocessed_sensor_fault
5280.0,88.0,1.4666666666666666,0,0.0,341.86526713848394,341.86526713848394,82.86421627145369,83.29822428128523,29.31456865085815,29.276970674811963,11.66195795715644,11.641444292453542,23.57283048174238,23.472603247897982,24.998148261226376,25.077595753499267,11.880101071558753,17.093263356924197,2796.6316784620985,2721.557729043213,2704.7893957169235,0.0025197096664136814,0.21299274166034204,0.21026250587583237,23.653684389614575,23.642058161696845,0.0,0.0,0.0,0.0,False,none,0.0,0.0,nominal,0.7309280582601319,0.0,93,battery_voltage_sensor_drift,3.155245246436821,0.7309280582601319,abrupt,0.0,1.3798993306988288,190197263,postprocessed_sensor_fault
5340.0,89.0,1.4833333333333334,0,0.0,345.8417661836448,345.8417661836448,82.34957078606136,82.60892620432877,29.293982831442456,29.34672100435016,11.80589775632825,11.780873979404612,23.585894624674026,23.757605695646145,24.99674725175493,24.79838269079307,12.150337746630113,17.29208830918224,2896.0441545911194,2808.800941817166,2812.797205751197,0.002854023687244032,0.22135059218110079,0.22048578365759236,23.64298016069164,23.7373219735302,0.0,0.0,0.0,0.0,False,none,0.0,0.0,nominal,0.7309280582601319,0.0,93,battery_voltage_sensor_drift,3.155245246436821,0.7309280582601319,abrupt,0.0,1.3798993306988288,190197263,postprocessed_sensor_fault
5400.0,90.0,1.5,1,600.0,350.0,-250.0,82.72159459558517,82.3226323814605,29.308863783823405,29.33797298927767,-8.529842775344427,-8.521652796378435,23.599114781665207,23.547115870667913,25.01177327374089,24.973656605363722,6.820657421767642,17.5,2999.9999999999995,2904.400470908583,2906.0498761375843,0.003091063712615916,0.22727659281539792,0.2236896142256333,23.632464619262734,23.730523985219953,0.0,0.0,0.0,0.0,False,none,0.0,0.0,nominal,0.7309280582601319,0.0,93,battery_voltage_sensor_drift,3.155245246436821,0.7309280582601319,abrupt,0.0,1.3798993306988288,190197263,postprocessed_sensor_fault
5460.0,91.0,1.5166666666666666,1,601.2556165273943,354.1582338163552,-247.09738271103907,83.08929903414327,83.12895622177219,29.32357196136573,29.296002650885697,-8.426578557230128,-8.456877133831119,23.611788686623527,23.574085961038666,25.027094910932597,25.120606199979242,6.680578094493646,17.707911690817763,3103.9558454088797,3004.1781581587315,3004.6789092180697,0.0032204699559763308,0.23051174889940826,0.23119750392940333,23.622134615934012,23.714223526069162,0.0,0.0,0.0,0.0,False,none,0.0,0.0,nominal,0.7309280582601319,0.0,93,battery_voltage_sensor_drift,3.155245246436821,0.7309280582601319,abrupt,0.0,1.3798993306988288,190197263,postprocessed_sensor_fault
5520.0,92.0,1.5333333333333334,1,602.5051158172811,358.13473286151606,-244.37038295576502,83.45294543735125,83.66978669310743,29.33811781749405,29.33829307477443,-8.32944991481523,-8.293572060969794,23.623952550739364,23.805762726715393,25.042691624931287,24.98052939657127,6.550378870673236,17.906736643075803,3203.368321537901,3103.7732398483167,3092.552918631049,0.0032365867435303836,0.2309146685882596,0.2355117946913031,23.611982284433054,23.786673933279673,0.0,0.0,0.0,0.0,False,none,0.0,0.0,nominal,0.7309280582601319,0.0,93,battery_voltage_sensor_drift,3.155245246436821,0.7309280582601319,abrupt,0.0,1.3798993306988288,190197263,postprocessed_sensor_fault
5580.0,93.0,1.55,1,603.7424104347197,361.7557050458494,-241.98670538887023,83.81304470132278,83.9287709038714,29.35252178805291,29.350306690594028,-8.244153846003238,-8.205194663417814,23.63566645480468,23.39861916417382,25.05852566243642,25.154551102551,6.437285810925598,18.087785252292473,3293.892626146236,3198.8329329972757,3199.0151119644875,0.0031387096943250046,0.22846774235812511,0.21996466360924033,23.60199535978532,23.547129676603582,0.0,0.0,0.0,0.0,False,none,0.0,0.0,nominal,0.7309280582601319,0.0,93,battery_voltage_sensor_drift,3.155245246436821,0.7309280582601319,abrupt,0.0,1.3798993306988288,190197263,postprocessed_sensor_fault
5640.0,94.0,1.5666666666666667,1,604.961472404706,364.8628965095479,-240.0985758951581,84.1703342487858,84.54424258341714,29.366813369951434,29.345050078175834,-8.175847098917126,-8.177196663927262,23.64701098295182,23.55857042180927,25.07454374678788,24.995030395072543,6.3475580627897275,18.243144825477398,3371.572412738697,3285.202672867987,3286.7217219551303,0.002931116505076744,0.2232779126269186,0.23043222064395139,23.59215770252091,23.75357880826044,0.0,0.0,0.0,0.0,False,none,0.0,0.0,nominal,0.7309280582601319,0.0,93,battery_voltage_sensor_drift,3.155245246436821,0.7309280582601319,abrupt,0.0,1.3798993306988288,190197263,postprocessed_sensor_fault
5700.0,95.0,1.5833333333333333,1,606.1563625798619,367.32050807568874,-238.8358545041732,84.52574474655987,84.48803768922936,29.381029789862396,29.37201100524612,-8.128913663420365,-8.124134927302128,23.65808338034673,23.50717028199441,25.09067944762115,25.08891183698552,6.286338987787384,18.366025403784437,3433.012701892219,3359.107687380103,3362.548962116116,0.0026228799942982993,0.21557199985745748,0.22532350505259371,23.582450003578042,23.689783813314097,0.0,0.0,0.0,0.0,False,none,0.0,0.0,nominal,0.7309280582601319,0.0,93,battery_voltage_sensor_drift,3.155245246436821,0.7309280582601319,abrupt,0.0,1.3798993306988288,190197263,postprocessed_sensor_fault
5760.0,96.0,1.6,1,607.3212595753644,369.0211303259031,-238.3001292494613,84.88035803413348,84.93930548031473,29.395214321365337,29.45819254499922,-8.106766177794373,-8.16698218007303,23.668993455494366,23.71904333262614,25.10685612507277,25.05864687597059,6.257572628914463,18.451056516295154,3475.5282581475767,3417.31797276384,3414.163951664666,0.0022274715765936287,0.2056867894148407,0.19475752592074097,23.572850634741116,23.540681881762875,0.0,0.0,0.0,0.0,False,none,0.0,0.0,nominal,0.7309280582601319,0.0,93,battery_voltage_sensor_drift,3.155245246436821,0.7309280582601319,abrupt,0.0,1.3798993306988288,190197263,postprocessed_sensor_fault
5820.0,97.0,1.6166666666666667,1,608.450488130146,369.8904379073655,-238.56005022278055,85.23535810886975,85.22992267686973,29.409414324354792,29.37055582967614,-8.111689936824822,-8.149818080626106,23.67985936506305,23.821567553144007,25.122990319862925,25.02558569639906,6.263961090494807,18.494521895368276,3497.260947684136,3457.2894602239876,3458.270416666329,0.001762172497196499,0.19405431242991247,0.18947825857074152,23.56333660191221,23.532664274415048,0.0,0.0,0.0,0.0,False,none,0.0,0.0,nominal,0.7309280582601319,0.0,93,battery_voltage_sensor_drift,3.155245246436821,0.7309280582601319,abrupt,0.0,1.3798993306988288,190197263,postprocessed_sensor_fault
5880.0,98.0,1.6333333333333333,1,609.5385467561977,369.8904379073655,-239.64810884883218,85.59197731846623,86.05181528768804,29.42367909273865,29.45864117134131,-8.1447363565073,-8.1532284257763,23.690803336957206,23.51001474207855,25.138995441094757,24.945908268460986,6.306938425360945,18.494521895368276,3497.2609476841367,3477.2752039540624,3465.6413079123913,0.0012473185586292885,0.18118296396573222,0.17107411209179488,23.55388455379844,23.378486631774038,0.0,0.0,0.0,0.0,False,none,0.0,0.0,nominal,0.7309280582601319,0.0,93,battery_voltage_sensor_drift,3.155245246436821,0.7309280582601319,abrupt,0.0,1.3798993306988288,190197263,postprocessed_sensor_fault
5940.0,99.0,1.65,1,610.5801345412646,369.0211303259031,-241.55900421536148,85.95144012235814,86.04154257180821,29.438057604894325,29.40337717951851,-8.205670613783983,-8.154025910677104,23.70194732499464,23.91113336633326,25.15478559059859,25.24697939084546,6.386642417753441,18.451056516295154,3475.5282581475763,3476.4017310508193,3466.9731006050924,0.0007054113485506565,0.1676352837137664,0.17209798606448165,23.544471796948457,23.85750715897726,0.0,0.0,0.0,0.0,False,none,0.0,0.0,nominal,0.7309280582601319,0.0,93,battery_voltage_sensor_drift,3.155245246436821,0.7309280582601319,abrupt,0.0,1.3798993306988288,190197263,postprocessed_sensor_fault
6000.0,100.0,1.6666666666666667,1,611.5701769743577,367.3205080756888,-244.24966889866886,86.3149068915526,86.50175395032328,29.452596275662103,29.37437113119674,-8.29297582503796,-8.273899354024952,23.713408560520584,23.721244261562155,25.17027935668137,25.07023285456798,6.5018758427731225,18.36602540378444,3433.0127018922194,3454.7072164715196,3446.378572834143,0.00016013481240036284,0.15400337031000907,0.15064923882485914,23.53507726942784,23.45157945502604,0.0,0.0,0.0,0.0,False,none,0.0,0.0,nominal,0.7309280582601319,0.0,93,battery_voltage_sensor_drift,3.155245246436821,0.7309280582601319,abrupt,0.0,1.3798993306988288,190197263,postprocessed_sensor_fault
6060.0,101.0,1.6833333333333333,1,612.503850668262,364.86289650954785,-247.64095415871412,86.68342021619354,87.0510835814932,29.46733680864774,29.46621724912513,-8.403913654186736,-8.432053632789136,23.725294979746,23.703131764766837,25.185403411478873,25.00009266889658,6.650061176562101,18.243144825477394,3371.5724127386966,3413.1398146051083,3414.3071559712107,-0.00036467984866473584,0.1591169962166184,0.1648283601181211,23.52573166122319,23.698983815989497,0.0,0.0,0.0,0.0,False,none,0.0,0.0,nominal,0.7309280582601319,0.0,93,battery_voltage_sensor_drift,3.155245246436821,0.7309280582601319,abrupt,0.0,1.3798993306988288,190197263,postprocessed_sensor_fault
6120.0,102.0,1.7,1,613.376606858593,361.7557050458495,-251.62090181274357,87.0578560819863,87.29261883980512,29.482314243279454,29.433465082695044,-8.534638757881803,-8.5012195432484,23.737700558861533,23.750849579118455,25.200095754691628,25.281669735762346,6.827204698203059,18.087785252292473,3293.892626146237,3353.516220375672,3357.0578402428596,-0.0008460957156158976,0.17115239289039744,0.17207324402858815,23.51643510681683,23.67210581466335,0.0,0.0,0.0,0.0,False,none,0.0,0.0,nominal,0.7309280582601319,0.0,93,battery_voltage_sensor_drift,3.155245246436821,0.7309280582601319,abrupt,0.0,1.3798993306988288,190197263,postprocessed_sensor_fault
6180.0,103.0,1.7166666666666666,1,614.184193564921,358.134732861516,-256.049460703405,87.4388820651759,87.06389434785346,29.497555282607035,29.506789524483505,-8.680362092731874,-8.65252970706254,23.75070067179128,23.841984119666083,25.214308461940245,25.086351634782826,7.027894884874919,17.9067366430758,3203.3683215379,3278.4422709567857,3279.399687106176,-0.001263072604977778,0.18157681512444446,0.18038147068460764,23.507167066170187,23.43642968762016,0.0,0.0,0.0,0.0,False,none,0.0,0.0,nominal,0.7309280582601319,0.0,93,battery_voltage_sensor_drift,3.155245246436821,0.7309280582601319,abrupt,0.0,1.3798993306988288,190197263,postprocessed_sensor_fault
6240.0,104.0,1.7333333333333334,1,614.9226763059908,354.1582338163552,-260.76444248963554,87.82692439030927,87.69162635531632,29.51307697561237,29.482598466824584,-8.835555936953433,-8.833927328497586,23.764347680751207,23.70681450069512,25.228009817626358,25.181968239028304,7.245363897202646,17.707911690817763,3103.9558454088806,3191.199058182833,3195.1983738421386,-0.0015973866258081003,0.1899346656452025,0.18641039220406408,23.497908946418978,23.394216937047815,0.0,0.0,0.0,0.0,False,none,0.0,0.0,nominal,0.7309280582601319,0.0,93,battery_voltage_sensor_drift,3.155245246436821,0.7309280582601319,abrupt,0.0,1.3798993306988288,190197263,postprocessed_sensor_fault
6300.0,105.0,1.75,1,615.5884572681198,350.0,-265.5884572681198,88.22214530886303,88.58771410524126,29.52888581235452,29.587157573359814,-8.994191618195119,-9.025109565755411,23.778667056763982,23.88300860124644,25.241185739085346,25.281245803051874,7.471638629184906,17.5,3000.0000000000005,3095.599529091417,3103.0417648349744,-0.0018344266511799855,0.19586066627949963,0.20421847461360848,23.48864485871562,23.43997145934051,0.0,0.0,0.0,0.0,False,none,0.0,0.0,nominal,0.7309280582601319,0.0,93,battery_voltage_sensor_drift,3.155245246436821,0.7309280582601319,abrupt,0.0,1.3798993306988288,190197263,postprocessed_sensor_fault
6360.0,106.0,1.7666666666666666,1,616.178292833385,345.8417661836449,-270.33652664974005,88.62443180685372,89.00510049548572,29.54497727227415,29.52515770587086,-9.149999479046192,-9.094695204918247,23.793654385214477,23.847141220236022,25.253840429791026,25.449300264049494,7.697799237323648,17.292088309182244,2896.0441545911217,2995.82184184127,3002.992250813571,-0.0019638328945403845,0.1990958223635096,0.21350929889482895,23.479362264188413,23.59627452705964,0.0,0.0,0.0,0.0,False,none,0.0,0.0,nominal,0.7309280582601319,0.0,93,battery_voltage_sensor_drift,3.155245246436821,0.7309280582601319,abrupt,0.0,1.3798993306988288,190197263,postprocessed_sensor_fault
6420.0,107.0,1.7833333333333334,1,616.6893093822022,341.86526713848406,-274.8240422437181,89.03339615543068,89.26352491506826,29.561335846217226,29.613101273627766,-9.296739622099507,-9.348069617579247,23.80927362359682,23.958776961524773,25.265996233066545,25.414632710756532,7.9143494080891905,17.093263356924204,2796.631678462101,2896.226760151685,2893.7073143076846,-0.0019799496820944516,0.1994987420523613,0.20193328860351337,23.47005248504146,23.65008578113565,0.0,0.0,0.0,0.0,False,none,0.0,0.0,nominal,0.7309280582601319,0.0,93,battery_voltage_sensor_drift,3.155245246436821,0.7309280582601319,abrupt,0.0,1.3798993306988288,190197263,postprocessed_sensor_fault
6480.0,108.0,1.8,1,617.1190172933127,338.24429495415063,-278.8747223391621,89.44838830176872,89.50740996153252,29.57793553207075,29.512232766999844,-9.428471504942728,-9.474042950991818,23.82545693516711,23.93747330546072,25.27769269269743,25.275797705362855,8.111685993561359,16.912214747707534,2706.1073738537652,2801.167067002725,2797.0631181241934,-0.0018820726328890943,0.19705181582222736,0.19555554492613683,23.460711060747016,23.24881083306619,0.0,0.0,0.0,0.0,False,none,0.0,0.0,nominal,0.7309280582601319,0.0,93,battery_voltage_sensor_drift,3.155245246436821,0.7309280582601319,abrupt,0.0,1.3798993306988288,190197263,postprocessed_sensor_fault
6540.0,109.0,1.8166666666666667,1,617.465323072968,335.1371034904521,-282.3282195825159,89.86851958090936,90.13023063408652,29.594740783236375,29.55301374211819,-9.539810524119803,-9.48447421815998,23.842106322845737,23.883577633908065,25.288984861504893,25.199885180789188,8.280638786888556,16.756855174522606,2628.427587261303,2714.7973271320143,2714.2349101024865,-0.0016744794436408268,0.19186198609102068,0.1907877073243345,23.451337933689757,23.222673947356,0.0,0.0,0.0,0.0,False,none,0.0,0.0,nominal,0.7309280582601319,0.0,93,battery_voltage_sensor_drift,3.155245246436821,0.7309280582601319,abrupt,0.0,1.3798993306988288,190197263,postprocessed_sensor_fault
6600.0,110.0,1.8333333333333333,1,617.7265395542198,332.6794919243112,-285.0470476299086,90.29269673512054,90.45972753520256,29.61170786940482,29.631721029662366,-9.626160331144652,-9.638731945989354,23.859097141634237,23.755831014434314,25.299940931805285,25.372498645921308,8.413037017672233,16.633974596215563,2566.98729810778,2640.8923126198974,2632.505212564141,-0.0013662429328624107,0.18415607332156025,0.18068981662859604,23.441937453726375,23.63364361364961,0.0,0.0,0.0,0.0,False,none,0.0,0.0,nominal,0.7309280582601319,0.0,93,battery_voltage_sensor_drift,3.155245246436821,0.7309280582601319,abrupt,0.0,1.3798993306988288,190197263,postprocessed_sensor_fault
6660.0,111.0,1.85,1,617.9013941166289,330.9788696740969,-286.922524442532,90.71966477744574,90.6663828449208,29.62878659109783,29.60084451184765,-9.683910731894091,-9.730454935284182,23.876283392667975,23.72742788528682,25.310639291318253,25.366422626578753,8.502250165063485,16.548943483704846,2524.4717418524233,2582.6820272361606,2585.2464523320123,-0.0009708345151577116,0.17427086287894278,0.18510807774641144,23.432518197106866,23.69303559858164,0.0,0.0,0.0,0.0,False,none,0.0,0.0,nominal,0.7309280582601319,0.0,93,battery_voltage_sensor_drift,3.155245246436821,0.7309280582601319,abrupt,0.0,1.3798993306988288,190197263,postprocessed_sensor_fault
6720.0,112.0,1.8666666666666667,1,617.9890348863438,330.1095620926345,-287.8794727937093,91.14805685005543,91.59293285057522,29.645922274002217,29.65375900931453,-9.710592577724025,-9.725870581522647,23.893504521168115,24.01188488989138,25.32116513319697,25.3886945449633,8.543648656843914,16.505478104631727,2502.7390523158633,2542.710539776012,2547.7534697348306,-0.0005055354357605888,0.16263838589401472,0.16728171984065035,23.423092602138773,23.484895086908967,0.0,0.0,0.0,0.0,False,none,0.0,0.0,nominal,0.7309280582601319,0.0,93,battery_voltage_sensor_drift,3.155245246436821,0.7309280582601319,abrupt,0.0,1.3798993306988288,190197263,postprocessed_sensor_fault
6780.0,113.0,1.8833333333333333,1,617.9890348863438,330.1095620926345,-287.8794727937093,91.57644892266512,91.66153493032529,29.663057956906606,29.649319268573723,-9.704982986310108,-9.73201597342041,23.91059327931166,23.89893836654913,25.33160676834066,25.57360884156672,8.534935581165493,16.505478104631727,2502.7390523158633,2522.724796045938,2514.9240221136006,9.318502806628603e-06,0.15023296257016572,0.15072147390639948,23.41367768976054,23.349717547243074,0.0,0.0,0.0,0.0,False,none,0.0,0.0,nominal,0.7309280582601319,0.0,93,battery_voltage_sensor_drift,3.155245246436821,0.7309280582601319,abrupt,0.0,1.3798993306988288,190197263,postprocessed_sensor_fault
6840.0,114.0,1.9,1,617.9013941166289,330.9788696740969,-286.922524442532,92.00341696499031,91.90365268019022,29.680136678599613,29.661494839618555,-9.667156440334484,-9.741884812732836,23.92738409660696,24.212174337037343,25.342051801161343,24.931204083361877,8.47631309135204,16.548943483704846,2524.4717418524233,2523.5982689491807,2513.768078083606,0.0005512257128852607,0.1637806428221315,0.17776641635751636,23.404363745578905,23.267965620381364,0.0,0.0,0.0,0.0,False,none,0.0,0.0,nominal,0.7309280582601319,0.0,93,battery_voltage_sensor_drift,3.155245246436821,0.7309280582601319,abrupt,0.0,1.3798993306988288,190197263,postprocessed_sensor_fault
6900.0,115.0,1.9166666666666667,1,617.7265395542198,332.6794919243112,-285.0470476299086,92.4275941192015,92.40316808266411,29.69710376476806,29.67678918871353,-9.598479699831257,-9.641325687552072,23.94372134204014,23.936142185006688,25.352583335944484,25.20715811026445,8.370465003845819,16.633974596215563,2566.9872981077797,2545.2927835284804,2546.009853425559,0.0010965022490355475,0.1774125562258887,0.1722259122702182,23.395170884340285,23.35279553664894,0.0,0.0,0.0,0.0,False,none,0.0,0.0,nominal,0.7309280582601319,0.0,93,battery_voltage_sensor_drift,3.155245246436821,0.7309280582601319,abrupt,0.0,1.3798993306988288,190197263,postprocessed_sensor_fault
6960.0,116.0,1.9333333333333333,1,617.465323072968,335.1371034904521,-282.3282195825159,92.84772539834213,92.88932410404468,29.713909015933687,29.66313441042417,-9.501550921190516,-9.429785604663833,23.959466872630024,23.865702355676795,25.363276379605974,25.27198464126868,8.222357592638108,16.756855174522606,2628.427587261302,2586.860185394891,2591.1884371515393,0.0016213169101006388,0.19053292275251596,0.1841414654567797,23.38611690452156,23.367313624236782,0.0,0.0,0.0,0.0,False,none,0.0,0.0,nominal,0.7309280582601319,0.0,93,battery_voltage_sensor_drift,3.155245246436821,0.7309280582601319,abrupt,0.0,1.3798993306988288,190197263,postprocessed_sensor_fault
7020.0,117.0,1.95,1,617.1190172933127,338.24429495415046,-278.87472233916225,93.26271754468019,93.11562976319719,29.73050870178721,29.712370446246354,-9.380085794576333,-9.386881292734554,23.974506340597873,23.76637707818742,25.37419459806454,25.43343300903312,8.038880761089018,16.912214747707523,2706.1073738537616,2646.4837796243264,2644.4927157742045,0.0021027327770518074,0.20256831942629516,0.21370123771535154,23.37721646865475,23.543618394349014,0.0,0.0,0.0,0.0,False,none,0.0,0.0,nominal,0.7309280582601319,0.0,93,battery_voltage_sensor_drift,3.155245246436821,0.7309280582601319,abrupt,0.0,1.3798993306988288,190197263,postprocessed_sensor_fault
7080.0,118.0,1.9666666666666666,1,616.6893093822022,341.865267138484,-274.82404224371817,93.67168189325714,93.5540288581095,29.746867275730285,29.765785110305142,-9.238755788847055,-9.209736653461862,23.988753864827874,23.982726524055256,25.385387567993874,25.149534515315725,7.8283686820763965,17.0932633569242,2796.6316784621,2721.557729043213,2725.0177528043914,0.00251970966641371,0.21299274166034274,0.20850973244095786,23.36848041167747,23.378749576384056,0.0,0.0,0.0,0.0,False,none,0.0,0.0,nominal,0.7309280582601319,0.0,93,battery_voltage_sensor_drift,3.155245246436821,0.7309280582601319,abrupt,0.0,1.3798993306988288,190197263,postprocessed_sensor_fault
7140.0,119.0,1.9833333333333334,1,616.178292833385,345.84176618364484,-270.3365266497401,94.07396839124782,94.43543498670806,29.762958735649914,29.763269061694338,-9.08298563495747,-9.007067855816599,24.002154842450864,24.013947382323455,25.396888644068287,25.354655566097783,7.600050243587502,17.292088309182244,2896.044154591121,2808.8009418171673,2811.2902067940913,0.002854023687244053,0.2213505921811013,0.22124583257776534,23.359915212589062,23.398274056607274,0.0,0.0,0.0,0.0,False,none,0.0,0.0,nominal,0.7309280582601319,0.0,93,battery_voltage_sensor_drift,3.155245246436821,0.7309280582601319,abrupt,0.0,1.3798993306988288,190197263,postprocessed_sensor_fault
7200.0,120.0,2.0,1,615.58845726812,350.0,-265.58845726812,94.46918930980158,94.66115850467467,29.778767572392063,29.76181840126575,-8.918718903409134,-8.872635015105354,24.0146868592303,24.097600227979854,25.40871353491574,25.12843518609818,7.363483750242194,17.5,2999.9999999999995,2904.4004709085834,2900.350087797106,0.0030910637126159027,0.22727659281539755,0.22721820697888173,23.351522658270927,23.362548519964655,0.0,0.0,0.0,0.0,False,none,0.0,0.0,nominal,0.7309280582601319,0.0,93,battery_voltage_sensor_drift,3.155245246436821,0.7309280582601319,abrupt,0.0,1.3798993306988288,190197263,postprocessed_sensor_fault
7260.0,121.0,2.0166666666666666,1,614.9226763059908,354.15823381635516,-260.7644424896356,94.85723163493495,94.52822570102076,29.7942892653974,29.728306866925447,-8.752161871251051,-8.71216343106159,24.026358828053738,23.800154828782368,25.420859650018052,25.296981132980303,7.128026993646456,17.70791169081776,3103.9558454088797,3004.178158158732,2994.8456642290944,0.003220469955976323,0.23051174889940806,0.22678795891793052,23.343299719649647,23.275573470116314,0.0,0.0,0.0,0.0,False,none,0.0,0.0,nominal,0.7309280582601319,0.0,93,battery_voltage_sensor_drift,3.155245246436821,0.7309280582601319,abrupt,0.0,1.3798993306988288,190197263,postprocessed_sensor_fault
7320.0,122.0,2.033333333333333,1,614.184193564921,358.13473286151594,-256.04946070340503,95.23825761812455,95.5839995529269,29.80953030472498,29.752869550663448,-8.589516778223766,-8.62352446470431,24.037208621347652,24.11663174578325,25.43330624610406,25.61333602436721,6.902383878671007,17.9067366430758,3203.368321537899,3103.7732398483154,3101.8356455455787,0.0032365867435303554,0.23091466858825888,0.24018275539077888,23.33523864987082,23.090909426840348,0.0,0.0,0.0,0.0,False,none,0.0,0.0,nominal,0.7309280582601319,0.0,93,battery_voltage_sensor_drift,3.155245246436821,0.7309280582601319,abrupt,0.0,1.3798993306988288,190197263,postprocessed_sensor_fault
7380.0,123.0,2.05,1,613.376606858593,361.7557050458494,-251.62090181274363,95.61269348391733,96.23320712350596,29.824507739356694,29.82480202310135,-8.436716005900823,-8.505912792919293,24.047299550143357,23.983404229283906,25.446015366639813,25.493476086475855,6.694254157137851,18.087785252292473,3293.892626146236,3198.8329329972757,3200.5277321918534,0.0031387096943250184,0.22846774235812545,0.21761401702169475,23.327327302482303,23.164010034752923,0.0,0.0,0.0,0.0,False,none,0.0,0.0,nominal,0.7309280582601319,0.0,93,battery_voltage_sensor_drift,3.155245246436821,0.7309280582601319,abrupt,0.0,1.3798993306988288,190197263,postprocessed_sensor_fault
7440.0,124.0,2.066666666666667,1,612.503850668262,364.86289650954785,-247.64095415871412,95.98120680855826,95.72950916735721,29.83924827234233,29.874806319320967,-8.299168661974965,-8.206615076876755,24.056716072970474,23.94279743779157,25.458933533357648,25.30758744908511,6.510096038392588,18.243144825477394,3371.572412738696,3285.202672867986,3284.4673926850983,0.0029311165050767227,0.22327791262691807,0.22409299118698306,23.319549655647666,23.22423418184904,0.0,0.0,0.0,0.0,False,none,0.0,0.0,nominal,0.7309280582601319,0.0,93,battery_voltage_sensor_drift,3.155245246436821,0.7309280582601319,abrupt,0.0,1.3798993306988288,190197263,postprocessed_sensor_fault
7500.0,125.0,2.0833333333333335,1,611.5701769743577,367.3205080756888,-244.24966889866886,96.3446735777527,96.08459322550861,29.85378694311011,29.8679955478413,-8.181530516182596,-8.245452177218816,24.065559094289245,24.20100148429012,25.471994115898354,25.417250192482044,6.354995326978164,18.36602540378444,3433.0127018922194,3359.107687380103,3361.593446454323,0.0026228799942983206,0.215571999857458,0.2252404573200912,23.311886517056347,23.192033976939154,0.0,0.0,0.0,0.0,False,none,0.0,0.0,nominal,0.7309280582601319,0.0,93,battery_voltage_sensor_drift,3.155245246436821,0.7309280582601319,abrupt,0.0,1.3798993306988288,190197263,postprocessed_sensor_fault
7560.0,126.0,2.1,1,610.5801345412646,369.0211303259031,-241.55900421536148,96.70413638164462,96.55049846216603,29.868165455265785,29.88096534779351,-8.087507234990705,-8.072635093538155,24.07394114593045,24.168542804210052,25.48512027600376,25.61836041184326,6.232621862082159,18.451056516295154,3475.5282581475767,3417.31797276384,3421.6345512433522,0.0022274715765936287,0.2056867894148407,0.2082433819036361,23.304316374368334,23.355561213205185,0.0,0.0,0.0,0.0,False,none,0.0,0.0,nominal,0.7309280582601319,0.0,93,battery_voltage_sensor_drift,3.155245246436821,0.7309280582601319,abrupt,0.0,1.3798993306988288,190197263,postprocessed_sensor_fault
7620.0,127.0,2.1166666666666667,1,609.5385467561977,369.8904379073655,-239.64810884883218,97.0607555912411,97.39499215076825,29.882430223649642,29.85107885780559,-8.019699437268967,-7.989480271545897,24.08198165347197,24.107375051182455,25.498228357586466,25.533595682576276,6.145246325130574,18.494521895368276,3497.2609476841367,3457.2894602239876,3455.8448686546117,0.001762172497196506,0.19405431242991264,0.20607290776677986,23.29681634849222,23.51638231049829,0.0,0.0,0.0,0.0,False,none,0.0,0.0,nominal,0.7309280582601319,0.0,93,battery_voltage_sensor_drift,3.155245246436821,0.7309280582601319,abrupt,0.0,1.3798993306988288,190197263,postprocessed_sensor_fault
7680.0,128.0,2.1333333333333333,1,608.450488130146,369.8904379073655,-238.56005022278055,97.41575566597737,97.458277042528,29.896630226639097,29.955023257495967,-7.979496298222064,-7.910703660433418,24.089802393197363,24.151595619468612,25.51123157451651,25.64107618656653,6.09378889386717,18.494521895368276,3497.2609476841367,3477.2752039540624,3478.4740714443205,0.0012473185586292885,0.18118296396573222,0.19419818677791245,23.289363202279105,23.10608695110565,0.0,0.0,0.0,0.0,False,none,0.0,0.0,nominal,0.7309280582601319,0.0,93,battery_voltage_sensor_drift,3.155245246436821,0.7309280582601319,abrupt,0.0,1.3798993306988288,190197263,postprocessed_sensor_fault
7740.0,129.0,2.15,1,607.3212595753644,369.0211303259031,-238.3001292494613,97.77036895355099,98.05908036887944,29.91081475814204,29.82626781387828,-7.967022335444523,-8.03801202721258,24.097523164143105,24.14934689598801,25.52404383495297,25.457600555308343,6.077875591477752,18.451056516295154,3475.5282581475767,3476.4017310508193,3477.7062782519743,0.0007054113485506565,0.1676352837137664,0.1695603975694429,23.281934355565518,23.39587797499977,0.0,0.0,0.0,0.0,False,none,0.0,0.0,nominal,0.7309280582601319,0.0,93,battery_voltage_sensor_drift,3.155245246436821,0.7309280582601319,abrupt,0.0,1.3798993306988288,190197263,postprocessed_sensor_fault
7800.0,130.0,2.1666666666666665,1,606.156362579862,367.3205080756888,-238.83585450417326,98.12577945132504,98.46660573606552,29.925031178053,29.877657700912252,-7.981139704854688,-7.9613856671554615,24.105257649421823,24.41081494723643,25.536583535080915,25.71833862430994,6.095887279072638,18.36602540378444,3433.0127018922194,3454.7072164715196,3455.087347946971,0.00016013481240036284,0.15400337031000907,0.15215393834962238,23.274508858855274,23.38162560246332,0.0,0.0,0.0,0.0,False,none,0.0,0.0,nominal,0.7309280582601319,0.0,93,battery_voltage_sensor_drift,3.155245246436821,0.7309280582601319,abrupt,0.0,1.3798993306988288,190197263,postprocessed_sensor_fault
7860.0,131.0,2.183333333333333,1,604.961472404706,364.8628965095479,-240.0985758951581,98.4830689987881,99.14355956345564,29.939322759951523,29.977618521721983,-8.019505912683071,-8.067420558223763,24.11310943021424,24.07756879735392,25.548777156451223,25.193205768824477,6.144998006684699,18.243144825477398,3371.572412738698,3413.1398146051088,3403.064246686601,-0.0003646798486647144,0.15911699621661785,0.1650935834397704,23.267117513729918,23.338445986659234,0.0,0.0,0.0,0.0,False,none,0.0,0.0,nominal,0.7309280582601319,0.0,93,battery_voltage_sensor_drift,3.155245246436821,0.7309280582601319,abrupt,0.0,1.3798993306988288,190197263,postprocessed_sensor_fault
7920.0,132.0,2.2,1,603.7424104347197,361.7557050458495,-241.98670538887018,98.84316826275963,99.12036044409184,29.953726730510386,29.905807027037273,-8.07868441766835,-8.058396443482945,24.121168144811698,24.139032209217334,25.560562509704198,25.60752570368679,6.221211353622193,18.087785252292473,3293.892626146237,3353.516220375673,3341.8512282866172,-0.0008460957156159047,0.1711523928903976,0.16255925779580976,23.259760565429755,23.117683127844366,0.0,0.0,0.0,0.0,False,none,0.0,0.0,nominal,0.7309280582601319,0.0,93,battery_voltage_sensor_drift,3.155245246436821,0.7309280582601319,abrupt,0.0,1.3798993306988288,190197263,postprocessed_sensor_fault
7980.0,133.0,2.216666666666667,1,602.5051158172811,358.13473286151606,-244.37038295576502,99.20681466596761,99.05817404528221,29.968272586638705,29.957613793364754,-8.15430326353602,-8.128000276206263,24.129505845733153,23.994536877510317,25.571891482912715,25.52796822849733,6.319412937097135,17.906736643075803,3203.3683215379015,3278.442270956787,3283.69076762325,-0.0012630726049777641,0.1815768151244441,0.1784236478596206,23.252417583843517,23.4541761189215,0.0,0.0,0.0,0.0,False,none,0.0,0.0,nominal,0.7309280582601319,0.0,93,battery_voltage_sensor_drift,3.155245246436821,0.7309280582601319,abrupt,0.0,1.3798993306988288,190197263,postprocessed_sensor_fault
8040.0,134.0,2.2333333333333334,1,601.2556165273943,354.15823381635516,-247.09738271103913,99.5745191045257,99.50504013746767,29.98298076418103,29.918746639979734,-8.24125475230376,-8.224118658715257,24.13817368529672,23.992616985624807,25.582732174431047,25.432751026477824,6.433462391389545,17.70791169081776,3103.955845408879,3191.199058182833,3184.0739677077054,-0.001597386625808136,0.1899346656452034,0.19190623983863447,23.245070085209758,23.244189775770856,0.0,0.0,0.0,0.0,False,none,0.0,0.0,nominal,0.7309280582601319,0.0,93,battery_voltage_sensor_drift,3.155245246436821,0.7309280582601319,abrupt,0.0,1.3798993306988288,190197263,postprocessed_sensor_fault
8100.0,135.0,2.25,1,600.0,350.0,-250.0,99.94654291404952,99.58500701518551,29.99786171656198,29.98172001137669,-8.333927343293727,-8.356077974733013,24.147199135175153,24.10610205959851,25.5930703170356,25.712495973542996,6.556347597063907,17.5,3000.0000000000005,3095.599529091417,3099.6983164585345,-0.0018344266511799855,0.19586066627949963,0.18594543356194065,23.23770228896547,23.069126624924635,0.0,0.0,0.0,0.0,False,none,0.0,0.0,nominal,0.7309280582601319,0.0,93,battery_voltage_sensor_drift,3.155245246436821,0.7309280582601319,abrupt,0.0,1.3798993306988288,190197263,postprocessed_sensor_fault
8160.0,136.0,2.2666666666666666,1,598.7443834726057,345.84176618364484,-252.90261728896087,100.0,100.0,30.0,30.012873732696605,-8.430087242965362,-8.43229045720429,24.156600305943837,24.103142851592565,25.60290993111768,25.61423061525995,6.685309673920586,17.292088309182244,2896.0441545911203,2995.8218418412685,2988.6049819528707,-0.0019638328945404057,0.19909582236351014,0.20166971548915968,23.230301763711388,23.087250792483324,0.0,0.0,0.0,0.0,False,none,0.0,0.0,nominal,0.7309280582601319,0.0,93,battery_voltage_sensor_drift,3.155245246436821,0.7309280582601319,abrupt,0.0,1.3798993306988288,190197263,postprocessed_sensor_fault
8220.0,137.0,2.283333333333333,1,597.4948841827188,341.86526713848406,-255.62961704423475,100.0,100.0,30.0,29.96968973452356,-8.520987234807825,-8.476136630330062,24.166355963696375,24.024633095290632,25.612273178382587,25.71456282894598,6.808577876460633,17.093263356924204,2796.631678462101,2896.226760151685,2901.094120824641,-0.001979949682094438,0.19949874205236096,0.19072288715364102,23.222859938318013,23.088395984467653,0.0,0.0,0.0,0.0,False,none,0.0,0.0,nominal,0.7309280582601319,0.0,93,battery_voltage_sensor_drift,3.155245246436821,0.7309280582601319,abrupt,0.0,1.3798993306988288,190197263,postprocessed_sensor_fault
8280.0,138.0,2.3,1,596.2575895652803,338.2442949541506,-258.01329461112977,100.0,99.80320262326306,30.0,29.984189954342895,-8.600443153704326,-8.628662193850683,24.17641586056489,24.41598770269114,25.621199422450943,25.576390864090296,6.91740979520797,16.91221474770753,2706.107373853764,2801.1670670027247,2811.5368091601213,-0.0018820726328891081,0.1970518158222277,0.20000610401327298,23.215372458123994,23.23621172235786,0.0,0.0,0.0,0.0,False,none,0.0,0.0,nominal,0.7309280582601319,0.0,93,battery_voltage_sensor_drift,3.155245246436821,0.7309280582601319,abrupt,0.0,1.3798993306988288,190197263,postprocessed_sensor_fault
8340.0,139.0,2.316666666666667,1,595.038527595294,335.1371034904521,-259.9014241048419,100.0,100.0,30.0,30.02019751335388,-8.66338080349473,-8.669080982481942,24.186705143253864,24.15411298092769,25.62974353742038,25.597930552734553,7.00433335570888,16.756855174522606,2628.427587261303,2714.797327132014,2722.676039905707,-0.0016744794436408194,0.19186198609102048,0.19361786342819098,23.20783937058641,23.27968649695511,0.0,0.0,0.0,0.0,False,none,0.0,0.0,nominal,0.7309280582601319,0.0,93,battery_voltage_sensor_drift,3.155245246436821,0.7309280582601319,abrupt,0.0,1.3798993306988288,190197263,postprocessed_sensor_fault
8400.0,140.0,2.3333333333333335,1,593.843637420138,332.67949192431126,-261.1641454958267,100.0,99.90351295996665,30.0,29.969920023035073,-8.705471516527556,-8.783510618587554,24.197127641547695,24.317596607173353,25.63797353831345,25.53145290178466,7.0628187460058065,16.633974596215563,2566.9872981077815,2640.892312619898,2641.005873077287,-0.001366242932862382,0.18415607332155953,0.17752738057347064,23.2002651298463,23.145815571568125,0.0,0.0,0.0,0.0,False,none,0.0,0.0,nominal,0.7309280582601319,0.0,93,battery_voltage_sensor_drift,3.155245246436821,0.7309280582601319,abrupt,0.0,1.3798993306988288,190197263,postprocessed_sensor_fault
8460.0,141.0,2.35,1,592.6787404246356,330.9788696740969,-261.6998707505387,100.0,99.93302798459756,30.0,30.066283325678494,-8.723329025017957,-8.689885383513872,24.2075706008394,24.180036571788836,25.64596763697435,25.44115050200205,7.08771754229766,16.548943483704846,2524.4717418524233,2582.682027236161,2586.0132428643,-0.0009708345151577187,0.17427086287894297,0.1795225312954651,23.19265841565589,23.200330006138778,0.0,0.0,0.0,0.0,False,none,0.0,0.0,nominal,0.7309280582601319,0.0,93,battery_voltage_sensor_drift,3.155245246436821,0.7309280582601319,abrupt,0.0,1.3798993306988288,190197263,postprocessed_sensor_fault
8520.0,142.0,2.3666666666666667,1,591.549511869854,330.1095620926345,-261.43994977721945,100.0,100.0,30.0,29.943006487860952,-8.714664992573981,-8.68051746171572,24.21791061348311,24.05429779956861,25.65381085208782,25.68229669446618,7.075630874623557,16.505478104631727,2502.739052315864,2542.710539776012,2544.059648314579,-0.0005055354357605887,0.16263838589401472,0.1658732480991354,23.18503176904868,23.1558197932127,0.0,0.0,0.0,0.0,False,none,0.0,0.0,nominal,0.7309280582601319,0.0,93,battery_voltage_sensor_drift,3.155245246436821,0.7309280582601319,abrupt,0.0,1.3798993306988288,190197263,postprocessed_sensor_fault
8580.0,143.0,2.3833333333333333,1,590.4614532438022,330.1095620926345,-260.3518911511677,100.0,99.77112499561193,30.0,29.987972873273762,-8.67839637170559,-8.715938171936392,24.22802036675806,24.276806114344417,25.66159132148038,25.705528966965545,7.02516508675462,16.505478104631727,2502.7390523158633,2522.724796045938,2532.268620287962,9.318502806628603e-06,0.15023296257016572,0.15693611821774578,23.177402312918623,23.248308106103174,0.0,0.0,0.0,0.0,False,none,0.0,0.0,nominal,0.7309280582601319,0.0,93,battery_voltage_sensor_drift,3.155245246436821,0.7309280582601319,abrupt,0.0,1.3798993306988288,190197263,postprocessed_sensor_fault
8640.0,144.0,2.4,1,589.4198654587356,330.9788696740969,-258.44099578463863,100.0,99.62777799398015,30.0,30.011671722993235,-8.614699859487954,-8.56676820847181,24.23777572553593,24.264004363049118,25.669396477875946,25.924140015474638,6.937044293524942,16.548943483704846,2524.471741852423,2523.5982689491807,2521.6994147398505,0.0005512257128852536,0.16378064282213134,0.1620777529744471,23.169860434063303,23.230390632871686,0.0,0.0,0.0,0.0,False,none,0.0,0.0,nominal,0.7309280582601319,0.0,93,battery_voltage_sensor_drift,3.155245246436821,0.7309280582601319,abrupt,0.0,1.3798993306988288,190197263,postprocessed_sensor_fault
8700.0,145.0,2.4166666666666665,1,588.4298230256423,332.6794919243112,-255.75033110133114,100.0,100.0,30.0,29.953342375651594,-8.525011036711039,-8.578661572048185,24.247062621362993,24.476165428020852,25.67730925524537,25.643690524643272,6.814065054083602,16.633974596215563,2566.9872981077806,2545.292783528481,2537.6102467740866,0.0010965022490355544,0.17741255622588886,0.1804486745785907,23.162426347661047,23.128706169236995,0.0,0.0,0.0,0.0,False,none,0.0,0.0,nominal,0.7309280582601319,0.0,93,battery_voltage_sensor_drift,3.155245246436821,0.7309280582601319,abrupt,0.0,1.3798993306988288,190197263,postprocessed_sensor_fault
8760.0,146.0,2.433333333333333,0,0.0,335.1371034904521,335.1371034904521,99.50128407218682,99.58494301904118,29.980051362887473,29.99650147842955,11.178670090783127,11.121942847628503,24.2522369563011,24.47395935635211,25.669404491552452,25.653638053461915,10.99701319988554,16.756855174522606,2628.427587261302,2586.8601853948917,2587.743657500021,0.0016213169101006316,0.1905329227525158,0.1947746306306334,23.155117951867418,23.269983125477765,0.0,0.0,0.0,0.0,False,none,0.0,0.0,nominal,0.7309280582601319,0.0,93,battery_voltage_sensor_drift,3.155245246436821,0.7309280582601319,abrupt,0.0,1.3798993306988288,190197263,postprocessed_sensor_fault
8820.0,147.0,2.45,0,0.0,338.2442949541505,338.2442949541505,98.99794434755268,99.06006494519893,29.959917773902106,29.930042956800172,11.289893967893095,11.305484353570204,24.25804665611163,24.267598949367855,25.66187368511545,25.65126248915791,11.19693646450151,16.912214747707527,2706.107373853763,2646.483779624327,2635.4753482439105,0.0021027327770518148,0.20256831942629536,0.2032681838257735,23.147950008145514,23.010838988482448,0.0,0.0,0.0,0.0,False,none,0.0,0.0,nominal,0.7309280582601319,0.0,93,battery_voltage_sensor_drift,3.155245246436821,0.7309280582601319,abrupt,0.0,1.3798993306988288,190197263,postprocessed_sensor_fault
8880.0,148.0,2.466666666666667,0,0.0,341.865267138484,341.865267138484,98.48921627145373,98.58484986488806,29.93956865085815,29.839013672276508,11.41851010364123,11.338737089450213,24.264600342304817,24.192506209460984,25.654765222348374,25.745254922885497,11.430589838956548,17.0932633569242,2796.6316784621,2721.557729043213,2727.041602555093,0.0025197096664137026,0.21299274166034254,0.19520321228714022,23.140933449622054,23.178728515305753,0.0,0.0,0.0,0.0,False,none,0.0,0.0,nominal,0.7309280582601319,0.0,93,battery_voltage_sensor_drift,3.155245246436821,0.7309280582601319,abrupt,0.0,1.3798993306988288,190197263,postprocessed_sensor_fault
8940.0,149.0,2.4833333333333334,0,0.0,345.8417661836448,345.8417661836448,97.9745707860614,98.02531085266854,29.918982831442456,29.884180577919697,11.559275531927268,11.528712190078432,24.271977233803792,24.22907248577001,25.64811127718795,26.010831407892237,11.689348065840994,17.29208830918224,2896.044154591119,2808.800941817166,2800.908023402492,0.0028540236872440245,0.2213505921811006,0.2186703317770975,23.134074852749063,23.161675144853444,0.0,0.0,0.0,0.0,False,none,0.0,0.0,nominal,0.7309280582601319,0.0,93,battery_voltage_sensor_drift,3.155245246436821,0.7309280582601319,abrupt,0.0,1.3798993306988288,190197263,postprocessed_sensor_fault
9000.0,150.0,2.5,0,0.0,350.0,350.0,97.45373745272806,97.72929443996924,29.898149498109124,29.854136189745137,11.706410124885334,11.745947791143282,24.28022271387084,24.274622911261993,25.641926386970447,25.57615492395732,11.96320304096143,17.5,2999.9999999999995,2904.400470908583,2910.0922687610237,0.003091063712615916,0.22727659281539792,0.23007793830936174,23.127376101129727,22.912492258755147,0.0,0.0,0.0,0.0,False,none,0.0,0.0,nominal,0.7309280582601319,0.0,93,battery_voltage_sensor_drift,3.155245246436821,0.7309280582601319,abrupt,0.0,1.3798993306988288,190197263,postprocessed_sensor_fault
9060.0,151.0,2.5166666666666666,0,0.0,354.1582338163551,354.1582338163551,96.92671627145373,96.73718631356766,29.87706865085815,29.946183061092242,11.853848111909157,11.835871042244607,24.289345034937007,24.375338545599398,25.636206799256318,25.6688079814318,12.241097204816983,17.707911690817756,3103.955845408878,3004.1781581587306,3003.158398972818,0.003220469955976309,0.23051174889940773,0.23338571799343366,23.120834261687005,23.226828410425515,0.0,0.0,0.0,0.0,False,none,0.0,0.0,nominal,0.7309280582601319,0.0,93,battery_voltage_sensor_drift,3.155245246436821,0.7309280582601319,abrupt,0.0,1.3798993306988288,190197263,postprocessed_sensor_fault
9120.0,152.0,2.533333333333333,0,0.0,358.134732861516,358.134732861516,96.39377768088599,96.16863492715245,29.85575110723544,29.85144754839516,11.9955023598359,12.046324042656407,24.299313518558005,24.087173411896984,25.63093061814842,25.657208402193607,12.511366149186292,17.9067366430758,3203.3683215379006,3103.7732398483154,3087.948647218792,0.0032365867435303836,0.2309146685882596,0.23149263627565023,23.114441682842898,23.181404331786283,0.0,0.0,0.0,0.0,False,none,0.0,0.0,nominal,0.7309280582601319,0.0,93,battery_voltage_sensor_drift,3.155245246436821,0.7309280582601319,abrupt,0.0,1.3798993306988288,190197263,postprocessed_sensor_fault
9180.0,153.0,2.55,0,0.0,361.75570504584937,361.75570504584937,95.85545073885348,95.85130439011586,29.83421802955414,29.817887628632576,12.125529976602362,12.082027418926634,24.310058564703585,24.384158865237428,25.626058743707816,25.489024890291898,12.762278177078597,18.08778525229247,3293.8926261462348,3198.832932997275,3196.000164327007,0.003138709694325004,0.22846774235812511,0.24625487722240125,23.10818631270709,23.054935326498818,0.0,0.0,0.0,0.0,False,none,0.0,0.0,nominal,0.7309280582601319,0.0,93,battery_voltage_sensor_drift,3.155245246436821,0.7309280582601319,abrupt,0.0,1.3798993306988288,190197263,postprocessed_sensor_fault
9240.0,154.0,2.566666666666667,0,0.0,364.86289650954785,364.86289650954785,95.31249999999997,95.13806459864438,29.8125,29.788811264469224,12.238587723590703,12.20401339955435,24.32147368784017,24.217699405498927,25.62153656340911,25.43776212657034,12.982642357442005,18.243144825477394,3371.5724127386957,3285.202672867985,3285.6202915044123,0.0029311165050767297,0.22327791262691823,0.2191321564092637,23.102052223295768,23.052508945640284,0.0,0.0,0.0,0.0,False,none,0.0,0.0,nominal,0.7309280582601319,0.0,93,battery_voltage_sensor_drift,3.155245246436821,0.7309280582601319,abrupt,0.0,1.3798993306988288,190197263,postprocessed_sensor_fault
9300.0,155.0,2.5833333333333335,0,0.0,367.32050807568874,367.32050807568874,94.76589210107781,94.84222620447235,29.790635684043114,29.824930749723787,12.33006613123191,12.271283857284203,24.33341965392661,24.484646515988935,25.617296321709404,25.714247544773382,13.162442464044178,18.366025403784437,3433.0127018922185,3359.107687380102,3352.652265862729,0.0026228799942983206,0.215571999857458,0.22309913231251857,23.096020315447088,23.18297697586594,0.0,0.0,0.0,0.0,False,none,0.0,0.0,nominal,0.7309280582601319,0.0,93,battery_voltage_sensor_drift,3.155245246436821,0.7309280582601319,abrupt,0.0,1.3798993306988288,190197263,postprocessed_sensor_fault
9360.0,156.0,2.6,0,0.0,369.0211303259031,369.0211303259031,94.21675351428333,94.53250394342608,29.768670140571334,29.66737433801839,12.396292094451642,12.397732727214173,24.345730618053977,24.06942986638639,25.61326006416832,25.571272592920945,13.293444615277142,18.451056516295154,3475.5282581475767,3417.3179727638394,3418.24456540682,0.002227471576593643,0.20568678941484106,0.20347096436373852,23.090069169271143,22.915765885455578,0.0,0.0,0.0,0.0,False,none,0.0,0.0,nominal,0.7309280582601319,0.0,93,battery_voltage_sensor_drift,3.155245246436821,0.7309280582601319,abrupt,0.0,1.3798993306988288,190197263,postprocessed_sensor_fault
9420.0,157.0,2.6166666666666667,0,0.0,369.8904379073655,369.8904379073655,93.6663213150164,94.11166663299157,29.746652852600654,29.795894032533884,12.434691047097997,12.531993704936056,24.358221978728796,24.456712665544668,25.60934302744571,25.627184446611576,13.369723314942329,18.494521895368276,3497.2609476841367,3457.2894602239876,3457.56225423271,0.0017621724971965131,0.19405431242991283,0.19050154665702096,23.08417599743326,23.017161010258395,0.0,0.0,0.0,0.0,False,none,0.0,0.0,nominal,0.7309280582601319,0.0,93,battery_voltage_sensor_drift,3.155245246436821,0.7309280582601319,abrupt,0.0,1.3798993306988288,190197263,postprocessed_sensor_fault
9480.0,158.0,2.6333333333333333,0,0.0,369.8904379073655,369.8904379073655,93.11588911574948,92.92798872933035,29.724635564629978,29.695569387952418,12.443901527509611,12.471432424976621,24.37069949625012,24.481884656654124,25.605457327016882,25.75289644887819,13.388054818108483,18.494521895368276,3497.2609476841367,3477.2752039540624,3487.1552053891287,0.0012473185586292885,0.18118296396573222,0.17575663387753365,23.078317653853084,23.2096041127885,0.0,0.0,0.0,0.0,False,none,0.0,0.0,nominal,0.7309280582601319,0.0,93,battery_voltage_sensor_drift,3.155245246436821,0.7309280582601319,abrupt,0.0,1.3798993306988288,190197263,postprocessed_sensor_fault
9540.0,159.0,2.65,0,0.0,369.0211303259031,369.0211303259031,92.56675052895498,92.84633434470365,29.702670021158198,29.73201868912901,12.42383698378082,12.376657422110144,24.3829690927125,24.429572537801853,25.60151578143334,25.733485071924925,13.348138031964808,18.451056516295154,3475.5282581475763,3476.4017310508193,3478.9408006067342,0.0007054113485506565,0.1676352837137664,0.17344550919943486,23.072471648752693,23.016083225770046,0.0,0.0,0.0,0.0,False,none,0.0,0.0,nominal,0.7309280582601319,0.0,93,battery_voltage_sensor_drift,3.155245246436821,0.7309280582601319,abrupt,0.0,1.3798993306988288,190197263,postprocessed_sensor_fault
9600.0,160.0,2.6666666666666665,0,0.0,367.3205080756888,367.3205080756888,92.02014263003282,92.06298885128285,29.680805705201312,29.63910633316321,12.375691944619918,12.352983598720689,24.394846678451728,24.649808491952975,25.59743570598944,25.657139452988243,13.252620088650426,18.36602540378444,3433.0127018922203,3454.70721647152,3459.5600897135487,0.00016013481240036989,0.15400337031000924,0.1416354021003174,23.066617122343544,23.06358910784739,0.0,0.0,0.0,0.0,False,none,0.0,0.0,nominal,0.7309280582601319,0.0,93,battery_voltage_sensor_drift,3.155245246436821,0.7309280582601319,abrupt,0.0,1.3798993306988288,190197263,postprocessed_sensor_fault
9660.0,161.0,2.683333333333333,0,0.0,364.8628965095479,364.8628965095479,91.47719189117932,91.37837723071297,29.65908767564717,29.73831778706702,12.301892104696591,12.351016311432458,24.406167344875843,24.415253973693197,25.59314250999248,25.553504405487256,13.106923948447706,18.243144825477398,3371.572412738698,3413.139814605109,3413.6539274448824,-0.0003646798486647214,0.15911699621661804,0.1678429580307388,23.060784965242025,23.075169224255866,0.0,0.0,0.0,0.0,False,none,0.0,0.0,nominal,0.7309280582601319,0.0,93,battery_voltage_sensor_drift,3.155245246436821,0.7309280582601319,abrupt,0.0,1.3798993306988288,190197263,postprocessed_sensor_fault
9720.0,162.0,2.7,0,0.0,361.7557050458495,361.7557050458495,90.9388649491468,90.64771348889059,29.637554597965874,29.589698094734917,12.205990337363327,12.194988831454166,24.416793327504138,24.33879945667022,25.588572940417123,25.54291887690153,12.918896009264552,18.087785252292473,3293.892626146237,3353.5162203756736,3364.3014718226636,-0.0008460957156159114,0.17115239289039777,0.17437660134055716,23.05497551105552,23.0626464075901,0.0,0.0,0.0,0.0,False,none,0.0,0.0,nominal,0.7309280582601319,0.0,93,battery_voltage_sensor_drift,3.155245246436821,0.7309280582601319,abrupt,0.0,1.3798993306988288,190197263,postprocessed_sensor_fault
9780.0,163.0,2.716666666666667,0,0.0,358.134732861516,358.134732861516,90.40592635857907,90.0768817868129,29.616237054343163,29.668500307890117,12.092513042908543,12.111186264667912,24.426620266657224,24.53582140360552,25.583677830179937,25.766120009568407,12.698309735433059,17.9067366430758,3203.3683215379,3278.4422709567866,3281.738906201034,-0.0012630726049777928,0.18157681512444482,0.1830461447323923,23.04916841737709,22.847874850311104,0.0,0.0,0.0,0.0,False,none,0.0,0.0,nominal,0.7309280582601319,0.0,93,battery_voltage_sensor_drift,3.155245246436821,0.7309280582601319,abrupt,0.0,1.3798993306988288,190197263,postprocessed_sensor_fault
9840.0,164.0,2.7333333333333334,0,0.0,354.1582338163553,354.1582338163553,89.87890517730473,89.71327339706745,29.595156207092188,29.590940359127522,11.96676345744324,11.963138180937687,24.43558145909632,24.454880739646125,25.578424230920135,25.394818332648846,12.456274211711914,17.707911690817763,3103.955845408883,3191.1990581828345,3194.925590883796,-0.001597386625808086,0.18993466564520214,0.18270330685146746,23.043345287491828,22.73780377084845,0.0,0.0,0.0,0.0,False,none,0.0,0.0,nominal,0.7309280582601319,0.0,93,battery_voltage_sensor_drift,3.155245246436821,0.7309280582601319,abrupt,0.0,1.3798993306988288,190197263,postprocessed_sensor_fault
9900.0,165.0,2.75,0,0.0,349.99999999999994,349.99999999999994,89.3580718439714,88.98161568903896,29.574322873758856,29.591502604788285,11.834590482223792,11.827277441126895,24.44364997884359,24.384310404202402,25.572796837072772,25.61261869705694,12.204602550555357,17.499999999999996,2999.999999999999,3095.599529091417,3099.203660428359,-0.0018344266511800132,0.19586066627950033,0.19952529031064678,23.037490427230424,23.08373038139915,0.0,0.0,0.0,0.0,False,none,0.0,0.0,nominal,0.7309280582601319,0.0,93,battery_voltage_sensor_drift,3.155245246436821,0.7309280582601319,abrupt,0.0,1.3798993306988288,190197263,postprocessed_sensor_fault
9960.0,166.0,2.7666666666666666,0,0.0,345.8417661836449,345.8417661836449,88.84342635857907,88.374966741904,29.553737054343163,29.56501348736435,11.702133153168209,11.720059506233401,24.45083872439306,24.393767204149103,25.566798638994555,25.515132699550243,11.955193626758282,17.292088309182244,2896.044154591122,2995.82184184127,2999.4879151829555,-0.0019638328945403845,0.1990958223635096,0.20529780034242767,23.031591490939356,22.879563231518897,0.0,0.0,0.0,0.0,False,none,0.0,0.0,nominal,0.7309280582601319,0.0,93,battery_voltage_sensor_drift,3.155245246436821,0.7309280582601319,abrupt,0.0,1.3798993306988288,190197263,postprocessed_sensor_fault
10020.0,167.0,2.783333333333333,0,0.0,341.86526713848406,341.86526713848406,88.33469828248013,88.10523494182009,29.533387931299206,29.563405838128546,11.575551979804473,11.54409958732755,24.457198599683274,24.5137717837466,25.560450776596447,25.55714511829359,11.719472290972421,17.093263356924204,2796.6316784621013,2896.226760151685,2903.9319775782046,-0.0019799496820944516,0.1994987420523613,0.19636746475644334,23.02563999259177,22.894311207421243,0.0,0.0,0.0,0.0,False,none,0.0,0.0,nominal,0.7309280582601319,0.0,93,battery_voltage_sensor_drift,3.155245246436821,0.7309280582601319,abrupt,0.0,1.3798993306988288,190197263,postprocessed_sensor_fault
10080.0,168.0,2.8,0,0.0,338.2442949541506,338.2442949541506,87.83135855784599,88.1841955842808,29.51325434231384,29.538564248787864,11.46075898750352,11.464949652609475,24.462815140503746,24.74113676799636,25.55379159987909,25.895293461649427,11.507919725571414,16.91221474770753,2706.107373853764,2801.1670670027247,2801.318328819012,-0.0018820726328891081,0.1970518158222277,0.19320575119763103,23.019631661990697,23.017656591957344,0.0,0.0,0.0,0.0,False,none,0.0,0.0,nominal,0.7309280582601319,0.0,93,battery_voltage_sensor_drift,3.155245246436821,0.7309280582601319,abrupt,0.0,1.3798993306988288,190197263,postprocessed_sensor_fault
10140.0,169.0,2.816666666666667,0,0.0,335.1371034904521,335.1371034904521,87.33264263003281,86.96413998897452,29.493305705201312,29.511536680751515,11.363158366861153,11.344276032680169,24.467803947812822,24.515874991342574,25.546874977429102,25.64221120495153,11.32970944562933,16.756855174522606,2628.427587261303,2714.797327132014,2715.32829321296,-0.0016744794436408194,0.19186198609102048,0.20631352049506213,23.013566630424112,22.83614067325032,0.0,0.0,0.0,0.0,False,none,0.0,0.0,nominal,0.7309280582601319,0.0,93,battery_voltage_sensor_drift,3.155245246436821,0.7309280582601319,abrupt,0.0,1.3798993306988288,190197263,postprocessed_sensor_fault
10200.0,170.0,2.8333333333333335,0,0.0,332.6794919243112,332.6794919243112,86.8375838622883,86.40839676647643,29.473503354491534,29.482757563570665,11.287409166227041,11.370822280348236,24.472305285642165,24.690627757430892,25.5397679268021,25.469618218283966,11.1924484548661,16.633974596215563,2566.9872981077806,2640.8923126198974,2634.42207432623,-0.0013662429328623966,0.18415607332155992,0.17772759808850083,23.00744943523522,22.779645054968427,0.0,0.0,0.0,0.0,False,none,0.0,0.0,nominal,0.7309280582601319,0.0,93,battery_voltage_sensor_drift,3.155245246436821,0.7309280582601319,abrupt,0.0,1.3798993306988288,190197263,postprocessed_sensor_fault
10260.0,171.0,2.85,0,0.0,330.978869674097,330.978869674097,86.34505578241614,86.22453056972157,29.453802231296645,29.495136732218352,11.237220480906526,11.14267357682919,24.476478153698046,24.66017709172181,25.532547670355093,25.42358419303451,11.102009930920408,16.54894348370485,2524.471741852424,2582.682027236161,2582.177801543365,-0.0009708345151577046,0.1742708628789426,0.18011861786492323,23.001288838754395,23.053731589311987,0.0,0.0,0.0,0.0,False,none,0.0,0.0,nominal,0.7309280582601319,0.0,93,battery_voltage_sensor_drift,3.155245246436821,0.7309280582601319,abrupt,0.0,1.3798993306988288,190197263,postprocessed_sensor_fault
10320.0,172.0,2.8666666666666667,0,0.0,330.1095620926345,330.1095620926345,85.85382131501638,85.48913664087792,29.434152852600654,29.4041872797179,11.215188143709993,11.23537004702539,24.480494070135542,24.474393137884547,25.525298245201515,25.555525820785984,11.062435607905055,16.505478104631727,2502.739052315864,2542.710539776012,2550.725371057285,-0.0005055354357605887,0.16263838589401472,0.15172178261071367,22.995097463973945,22.885066079508565,0.0,0.0,0.0,0.0,False,none,0.0,0.0,nominal,0.7309280582601319,0.0,93,battery_voltage_sensor_drift,3.155245246436821,0.7309280582601319,abrupt,0.0,1.3798993306988288,190197263,postprocessed_sensor_fault
10380.0,173.0,2.8833333333333333,0,0.0,330.1095620926345,330.1095620926345,85.36258684761663,85.45962004142605,29.414503473904666,29.453187522871666,11.222680076360769,11.172696068297558,24.48453071854042,24.54138577974988,25.518106815449165,25.389656448197567,11.075883847707596,16.505478104631727,2502.7390523158633,2522.724796045938,2524.8215580888364,9.318502806628603e-06,0.15023296257016572,0.15293581750372068,22.988892515131948,22.905104579733788,0.0,0.0,0.0,0.0,False,none,0.0,0.0,nominal,0.7309280582601319,0.0,93,battery_voltage_sensor_drift,3.155245246436821,0.7309280582601319,abrupt,0.0,1.3798993306988288,190197263,postprocessed_sensor_fault
10440.0,174.0,2.9,0,0.0,330.9788696740969,330.9788696740969,84.87005876774447,85.40422912860582,29.394802350709778,29.395570411612912,11.259775307388825,11.26996017889292,24.48876554488861,24.36528775501312,25.51105984789298,25.440135769797436,11.142603197830649,16.548943483704846,2524.471741852423,2523.5982689491807,2531.7219131140937,0.0005512257128852536,0.16378064282213134,0.16381028352219995,22.982764459760027,22.99095922233652,0.0,0.0,0.0,0.0,False,none,0.0,0.0,nominal,0.7309280582601319,0.0,93,battery_voltage_sensor_drift,3.155245246436821,0.7309280582601319,abrupt,0.0,1.3798993306988288,190197263,postprocessed_sensor_fault
10500.0,175.0,2.9166666666666665,0,0.0,332.6794919243112,332.6794919243112,84.37499999999994,84.69717450554896,29.374999999999996,29.373292362511787,11.325259299551021,11.336640960940656,24.49336935113983,24.35993667302738,25.504239318302268,25.385091926629883,11.260919856165351,16.633974596215563,2566.9872981077806,2545.292783528481,2549.3648757906326,0.0010965022490355544,0.17741255622588886,0.18017185613398543,22.976733593165047,22.78969635919704,0.0,0.0,0.0,0.0,False,none,0.0,0.0,nominal,0.7309280582601319,0.0,93,battery_voltage_sensor_drift,3.155245246436821,0.7309280582601319,abrupt,0.0,1.3798993306988288,190197263,postprocessed_sensor_fault
10560.0,176.0,2.933333333333333,0,0.0,335.13710349045203,335.13710349045203,83.87628407218678,83.32057054266727,29.355051362887473,29.337621496071602,11.416675765526124,11.389982512097593,24.498499931175697,24.491872342366136,25.497719114104896,25.440794174521066,11.427238842812121,16.756855174522602,2628.4275872613007,2586.860185394891,2586.199778045134,0.0016213169101006175,0.19053292275251543,0.19594772963530194,22.970817893030137,22.985935022683524,0.0,0.0,0.0,0.0,False,none,0.0,0.0,nominal,0.7309280582601319,0.0,93,battery_voltage_sensor_drift,3.155245246436821,0.7309280582601319,abrupt,0.0,1.3798993306988288,190197263,postprocessed_sensor_fault
10620.0,177.0,2.95,0,0.0,338.2442949541506,338.2442949541506,83.37294434755262,83.16879464239958,29.334917773902106,29.311273845472243,11.530432693255086,11.485171047765382,24.504295832413625,24.427190577463247,25.491561790687474,25.612753042199458,11.63607024749486,16.91221474770753,2706.1073738537643,2646.4837796243282,2649.506394944521,0.002102732777051843,0.20256831942629605,0.20937196825891857,22.965032199749515,23.122226416903114,0.0,0.0,0.0,0.0,False,none,0.0,0.0,nominal,0.7309280582601319,0.0,93,battery_voltage_sensor_drift,3.155245246436821,0.7309280582601319,abrupt,0.0,1.3798993306988288,190197263,postprocessed_sensor_fault
10680.0,178.0,2.966666666666667,0,0.0,341.86526713848394,341.86526713848394,82.86421627145369,83.07742255761903,29.31456865085815,29.372199022923947,11.66195795715644,11.616819370717725,24.51087039432434,24.633055197757365,25.48581582307582,25.242471766968407,11.880101071558753,17.093263356924197,2796.631678462098,2721.557729043213,2712.547199527042,0.002519709666413667,0.21299274166034166,0.2089362510426446,22.959387524789026,22.897644961450194,0.0,0.0,0.0,0.0,False,none,0.0,0.0,nominal,0.7309280582601319,0.0,93,battery_voltage_sensor_drift,3.155245246436821,0.7309280582601319,abrupt,0.0,1.3798993306988288,190197263,postprocessed_sensor_fault
10740.0,179.0,2.9833333333333334,0,0.0,345.8417661836448,345.8417661836448,82.34957078606136,82.10806606299946,29.293982831442456,29.27858501816183,11.80589775632825,11.82579747308814,24.518306297780494,24.733794871537473,25.48051347310958,25.58691509208211,12.150337746630113,17.29208830918224,2896.044154591119,2808.800941817166,2808.6099217850897,0.0028540236872440245,0.2213505921811006,0.22044902371524808,22.953890522352282,22.964194619207678,0.0,0.0,0.0,0.0,False,none,0.0,0.0,nominal,0.7309280582601319,0.0,93,battery_voltage_sensor_drift,3.155245246436821,0.7309280582601319,abrupt,0.0,1.3798993306988288,190197263,postprocessed_sensor_fault
10800.0,180.0,3.0,1,600.0,349.99999999999994,-250.00000000000006,82.72159459558517,83.34832418470538,29.308863783823405,29.33888359347717,-8.529842775344429,-8.53512427366152,24.525931984733038,24.49107096238255,25.4916693653247,25.612530538338905,6.820657421767644,17.499999999999996,2999.999999999999,2904.400470908583,2898.334703688103,0.003091063712615916,0.22727659281539792,0.22163689948795265,22.94854315321092,22.820802046704905,0.0,0.0,0.0,0.0,False,none,0.0,0.0,nominal,0.7309280582601319,0.0,93,battery_voltage_sensor_drift,3.155245246436821,0.7309280582601319,abrupt,0.0,1.3798993306988288,190197263,postprocessed_sensor_fault
10860.0,181.0,3.0166666666666666,1,601.2556165273943,354.15823381635516,-247.09738271103913,83.08929903414327,83.29377233838977,29.32357196136573,29.317490979350396,-8.42657855723013,-8.448108243883402,24.53304498647295,24.453650227139224,25.50315183378374,25.340078435534533,6.680578094493649,17.70791169081776,3103.9558454088797,3004.1781581587315,3012.3024300202414,0.0032204699559763308,0.23051174889940826,0.23658563666979385,22.94334256087759,22.685559178285555,0.0,0.0,0.0,0.0,False,none,0.0,0.0,nominal,0.7309280582601319,0.0,93,battery_voltage_sensor_drift,3.155245246436821,0.7309280582601319,abrupt,0.0,1.3798993306988288,190197263,postprocessed_sensor_fault
10920.0,182.0,3.033333333333333,1,602.5051158172811,358.134732861516,-244.37038295576508,83.45294543735125,83.83650315527841,29.33811781749405,29.365718105290128,-8.329449914815232,-8.376333449493785,24.539681312789693,24.452749099011655,25.51494009239962,25.53914179260669,6.550378870673239,17.9067366430758,3203.3683215379006,3103.773239848316,3102.9351983109614,0.0032365867435303767,0.2309146685882594,0.2256505598875116,22.938281169789555,22.983921431862278,0.0,0.0,0.0,0.0,False,none,0.0,0.0,nominal,0.7309280582601319,0.0,93,battery_voltage_sensor_drift,3.155245246436821,0.7309280582601319,abrupt,0.0,1.3798993306988288,190197263,postprocessed_sensor_fault
10980.0,183.0,3.05,1,603.7424104347197,361.75570504584937,-241.9867053888703,83.81304470132278,83.75871823722903,29.35252178805291,29.343544867659002,-8.24415384600324,-8.254227085589367,24.545900844282706,24.628847505319673,25.526996142165007,25.610840357346913,6.437285810925601,18.08778525229247,3293.8926261462348,3198.8329329972753,3190.4943371612535,0.0031387096943249967,0.2284677423581249,0.22838670726507118,22.933347003501645,22.97287707996509,0.0,0.0,0.0,0.0,False,none,0.0,0.0,nominal,0.7309280582601319,0.0,93,battery_voltage_sensor_drift,3.155245246436821,0.7309280582601319,abrupt,0.0,1.3798993306988288,190197263,postprocessed_sensor_fault
11040.0,184.0,3.066666666666667,1,604.961472404706,364.8628965095479,-240.0985758951581,84.1703342487858,84.17939838716173,29.366813369951434,29.34033017091284,-8.175847098917126,-8.233230964977352,24.551783966092977,24.597848492870803,25.539266462678643,25.60694964263462,6.3475580627897275,18.243144825477398,3371.5724127386984,3285.202672867987,3283.528659980029,0.0029311165050767652,0.22327791262691912,0.21293377413597925,22.928524208909362,22.899980836788735,0.0,0.0,0.0,0.0,False,none,0.0,0.0,nominal,0.7309280582601319,0.0,93,battery_voltage_sensor_drift,3.155245246436821,0.7309280582601319,abrupt,0.0,1.3798993306988288,190197263,postprocessed_sensor_fault
11100.0,185.0,3.0833333333333335,1,606.1563625798619,367.32050807568874,-238.8358545041732,84.52574474655987,84.30115970920146,29.381029789862396,29.31489927195352,-8.128913663420365,-8.169132765965923,24.557427725589044,24.281457085421284,25.55168438178478,25.626287606693367,6.286338987787384,18.366025403784437,3433.0127018922185,3359.1076873801026,3357.2758529760945,0.0026228799942982924,0.21557199985745729,0.21869533466855848,22.923793761168582,22.931906922425977,0.0,0.0,0.0,0.0,False,none,0.0,0.0,nominal,0.7309280582601319,0.0,93,battery_voltage_sensor_drift,3.155245246436821,0.7309280582601319,abrupt,0.0,1.3798993306988288,190197263,postprocessed_sensor_fault
11160.0,186.0,3.1,1,607.3212595753644,369.0211303259031,-238.3001292494613,84.88035803413348,84.2225075504604,29.395214321365337,29.380982536005305,-8.106766177794373,-8.104643996221366,24.562941734665223,24.415829599357462,25.564173019763093,25.36388486090491,6.257572628914463,18.451056516295154,3475.5282581475767,3417.3179727638394,3419.5370622154765,0.002227471576593636,0.2056867894148409,0.2065516804192373,22.919134314149726,22.99010529103939,0.0,0.0,0.0,0.0,False,none,0.0,0.0,nominal,0.7309280582601319,0.0,93,battery_voltage_sensor_drift,3.155245246436821,0.7309280582601319,abrupt,0.0,1.3798993306988288,190197263,postprocessed_sensor_fault
11220.0,187.0,3.1166666666666667,1,608.450488130146,369.8904379073654,-238.5600502227806,85.23535810886976,84.8403827940142,29.409414324354792,29.369929244622845,-8.111689936824824,-8.134391830290085,24.56844395455888,24.42441101375598,25.576648679395724,25.624399064155085,6.26396109049481,18.494521895368273,3497.260947684136,3457.2894602239876,3466.0215374422355,0.001762172497196506,0.19405431242991264,0.18853046916512328,22.914523153725256,22.948178030491995,0.0,0.0,0.0,0.0,False,none,0.0,0.0,nominal,0.7309280582601319,0.0,93,battery_voltage_sensor_drift,3.155245246436821,0.7309280582601319,abrupt,0.0,1.3798993306988288,190197263,postprocessed_sensor_fault
11280.0,188.0,3.1333333333333333,1,609.5385467561977,369.8904379073655,-239.64810884883218,85.59197731846623,85.35493980384851,29.42367909273865,29.379476752727182,-8.1447363565073,-8.113257771679573,24.574056418916065,24.50378644430958,25.589024533751296,25.472074358412463,6.306938425360945,18.494521895368276,3497.2609476841367,3477.2752039540624,3483.863682136744,0.0012473185586292885,0.18118296396573222,0.17531319524363007,22.90993720647289,22.85817011894739,0.0,0.0,0.0,0.0,False,none,0.0,0.0,nominal,0.7309280582601319,0.0,93,battery_voltage_sensor_drift,3.155245246436821,0.7309280582601319,abrupt,0.0,1.3798993306988288,190197263,postprocessed_sensor_fault
11340.0,189.0,3.15,1,610.5801345412646,369.02113032590313,-241.55900421536143,85.95144012235815,85.58429703707014,29.438057604894325,29.392950585386817,-8.205670613783981,-8.1629964975838,24.579900888461747,24.52893187672906,25.601214450513876,25.507983410014578,6.386642417753438,18.451056516295157,3475.5282581475776,3476.40173105082,3486.043755930529,0.0007054113485506708,0.16763528371376676,0.16708654046991545,22.905354054727848,23.01796122594091,0.0,0.0,0.0,0.0,False,none,0.0,0.0,nominal,0.7309280582601319,0.0,93,battery_voltage_sensor_drift,3.155245246436821,0.7309280582601319,abrupt,0.0,1.3798993306988288,190197263,postprocessed_sensor_fault
11400.0,190.0,3.1666666666666665,1,611.5701769743577,367.3205080756888,-244.24966889866886,86.3149068915526,85.96975781809435,29.452596275662103,29.80828362297843,-8.29297582503796,-8.320492967975987,24.586094402606886,24.621909346274517,25.613136785717334,25.561441074794903,6.5018758427731225,18.36602540378444,3433.0127018922203,3454.7072164715205,3454.7688384932812,0.00016013481240036295,0.15400337031000907,0.1507201317735626,22.900752910273887,23.105109957999378,0.0,0.0,0.0,0.0,True,none,1.0,0.0,battery_voltage_sensor_drift,0.7309280582601319,0.7309280582601319,93,battery_voltage_sensor_drift,3.155245246436821,0.7309280582601319,abrupt,0.0,1.3798993306988288,190197263,postprocessed_sensor_fault
11460.0,191.0,3.183333333333333,1,612.503850668262,364.86289650954785,-247.64095415871412,86.68342021619354,86.67870858280423,29.46733680864774,29.83770999959373,-8.403913654186736,-8.400052435324438,24.592744706779786,24.767212202405663,25.62471798108255,25.778932448655993,6.650061176562101,18.243144825477394,3371.5724127386957,3413.1398146051083,3402.2233497826514,-0.00036467984866476403,0.1591169962166191,0.15517623999785154,22.89616473476289,22.912857899008905,0.0,0.0,0.0,0.0,True,none,1.0,0.0,battery_voltage_sensor_drift,0.7309280582601319,0.7309280582601319,93,battery_voltage_sensor_drift,3.155245246436821,0.7309280582601319,abrupt,0.0,1.3798993306988288,190197263,postprocessed_sensor_fault
11520.0,192.0,3.2,1,613.376606858593,361.7557050458495,-251.62090181274357,87.05785608198632,86.9312852367367,29.482314243279454,29.910107427881705,-8.534638757881803,-8.558347549533973,24.599945587533117,24.434363236890583,25.635895807738475,25.485198303568943,6.827204698203059,18.087785252292473,3293.892626146237,3353.516220375672,3330.330540463407,-0.0008460957156158976,0.17115239289039744,0.17152466857442944,22.89158993230498,22.964229035587483,0.0,0.0,0.0,0.0,True,none,1.0,0.0,battery_voltage_sensor_drift,0.7309280582601319,0.7309280582601319,93,battery_voltage_sensor_drift,3.155245246436821,0.7309280582601319,abrupt,0.0,1.3798993306988288,190197263,postprocessed_sensor_fault
11580.0,193.0,3.216666666666667,1,614.184193564921,358.134732861516,-256.049460703405,87.4388820651759,87.48165114827883,29.497555282607035,29.811800020132452,-8.680362092731874,-8.629038701350522,24.607772230290834,24.468821751799805,25.646622114562717,25.685531623001918,7.027894884874919,17.9067366430758,3203.3683215379,3278.4422709567857,3300.2979515593333,-0.001263072604977778,0.18157681512444446,0.17886123186756364,22.887008230467178,22.81610405332508,0.0,0.0,0.0,0.0,True,none,1.0,0.0,battery_voltage_sensor_drift,0.7309280582601319,0.7309280582601319,93,battery_voltage_sensor_drift,3.155245246436821,0.7309280582601319,abrupt,0.0,1.3798993306988288,190197263,postprocessed_sensor_fault
11640.0,194.0,3.2333333333333334,1,614.9226763059908,354.15823381635533,-260.7644424896354,87.82692439030929,87.32575360513361,29.51307697561237,29.88942562799044,-8.835555936953428,-8.811624650114442,24.616276809899766,24.768519937207206,25.65686496102785,25.661059818817982,7.245363897202638,17.707911690817767,3103.955845408883,3191.1990581828345,3182.8641476980806,-0.001597386625808079,0.18993466564520198,0.18336779181592083,22.88240130198374,22.945874284051257,0.0,0.0,0.0,0.0,True,none,1.0,0.0,battery_voltage_sensor_drift,0.7309280582601319,0.7309280582601319,93,battery_voltage_sensor_drift,3.155245246436821,0.7309280582601319,abrupt,0.0,1.3798993306988288,190197263,postprocessed_sensor_fault
11700.0,195.0,3.25,1,615.5884572681198,349.99999999999994,-265.58845726811984,88.22214530886305,88.09326585080699,29.52888581235452,29.93345591650561,-8.99419161819512,-8.999787382246309,24.62548461113765,24.484690360264736,25.666610041339627,25.71572246540166,7.47163862918491,17.499999999999996,2999.999999999999,3095.599529091417,3096.2395050260216,-0.0018344266511800132,0.19586066627950033,0.19122607626138174,22.877753521613645,22.901020089018548,0.0,0.0,0.0,0.0,True,none,1.0,0.0,battery_voltage_sensor_drift,0.7309280582601319,0.7309280582601319,93,battery_voltage_sensor_drift,3.155245246436821,0.7309280582601319,abrupt,0.0,1.3798993306988288,190197263,postprocessed_sensor_fault
11760.0,196.0,3.2666666666666666,1,616.178292833385,345.8417661836449,-270.33652664974005,88.62443180685374,88.16896702808127,29.54497727227415,29.892846264196766,-9.149999479046192,-9.13529980403576,24.635391034261904,24.682984208611263,25.675861337627275,25.745765188244036,7.697799237323648,17.292088309182244,2896.044154591122,2995.82184184127,2992.6649673412085,-0.0019638328945403845,0.1990958223635096,0.19519627159654418,22.8730526121147,22.919561231304666,0.0,0.0,0.0,0.0,True,none,1.0,0.0,battery_voltage_sensor_drift,0.7309280582601319,0.7309280582601319,93,battery_voltage_sensor_drift,3.155245246436821,0.7309280582601319,abrupt,0.0,1.3798993306988288,190197263,postprocessed_sensor_fault
11820.0,197.0,3.283333333333333,1,616.6893093822022,341.86526713848406,-274.8240422437181,89.0333961554307,89.46497227961052,29.561335846217226,29.89488270424224,-9.296739622099507,-9.326827814243684,24.645959852749964,24.85484663909066,25.684640973640104,25.765927939120694,7.9143494080891905,17.093263356924204,2796.6316784621013,2896.226760151685,2895.2185417180935,-0.0019799496820944516,0.1994987420523613,0.19968816124032288,22.868290155358302,22.80696334786532,0.0,0.0,0.0,0.0,True,none,1.0,0.0,battery_voltage_sensor_drift,0.7309280582601319,0.7309280582601319,93,battery_voltage_sensor_drift,3.155245246436821,0.7309280582601319,abrupt,0.0,1.3798993306988288,190197263,postprocessed_sensor_fault
11880.0,198.0,3.3,1,617.1190172933127,338.24429495415046,-278.87472233916225,89.44838830176873,89.22702188930877,29.57793553207075,29.99012453829892,-9.428471504942733,-9.434356300730697,24.657123046945337,24.610349428676624,25.692988275346398,25.707418390352064,8.111685993561366,16.912214747707523,2706.107373853761,2801.1670670027233,2798.628857341217,-0.0018820726328891437,0.19705181582222858,0.20449585619531876,22.863461948536482,23.035331453499275,0.0,0.0,0.0,0.0,True,none,1.0,0.0,battery_voltage_sensor_drift,0.7309280582601319,0.7309280582601319,93,battery_voltage_sensor_drift,3.155245246436821,0.7309280582601319,abrupt,0.0,1.3798993306988288,190197263,postprocessed_sensor_fault
11940.0,199.0,3.316666666666667,1,617.465323072968,335.13710349045215,-282.3282195825158,89.86851958090938,89.83282674924088,29.594740783236375,29.98911484616979,-9.539810524119801,-9.54763571453901,24.668782437953293,25.036514626434602,25.700958079492672,25.736183706308495,8.280638786888552,16.75685517452261,2628.427587261303,2714.7973271320134,2708.859046947049,-0.001674479443640806,0.19186198609102015,0.17273065851182576,22.858568189820804,22.668014690931354,0.0,0.0,0.0,0.0,True,none,1.0,0.0,battery_voltage_sensor_drift,0.7309280582601319,0.7309280582601319,93,battery_voltage_sensor_drift,3.155245246436821,0.7309280582601319,abrupt,0.0,1.3798993306988288,190197263,postprocessed_sensor_fault
12000.0,200.0,3.3333333333333335,1,617.7265395542198,332.6794919243112,-285.0470476299086,90.29269673512056,90.26171904006661,29.61170786940482,29.94343600481839,-9.626160331144652,-9.615310575071197,24.680813200051148,24.80587067330745,25.708618364049162,26.021298116828476,8.413037017672233,16.633974596215563,2566.9872981077806,2640.892312619897,2645.0465811049444,-0.0013662429328623895,0.18415607332155973,0.18479401759380554,22.85361348293644,22.821653186696754,0.0,0.0,0.0,0.0,True,none,1.0,0.0,battery_voltage_sensor_drift,0.7309280582601319,0.7309280582601319,93,battery_voltage_sensor_drift,3.155245246436821,0.7309280582601319,abrupt,0.0,1.3798993306988288,190197263,postprocessed_sensor_fault
12060.0,201.0,3.35,1,617.9013941166289,330.978869674097,-286.92252444253194,90.71966477744576,91.08853659247248,29.62878659109783,30.045332924288125,-9.68391073189409,-9.692245527611652,24.693069154734385,24.51774899106193,25.71604730410418,25.936794594599096,8.502250165063481,16.54894348370485,2524.471741852424,2582.6820272361606,2582.1829350740672,-0.0009708345151576976,0.17427086287894245,0.17276028937399035,22.848606656097854,22.780587833681974,0.0,0.0,0.0,0.0,True,none,1.0,0.0,battery_voltage_sensor_drift,0.7309280582601319,0.7309280582601319,93,battery_voltage_sensor_drift,3.155245246436821,0.7309280582601319,abrupt,0.0,1.3798993306988288,190197263,postprocessed_sensor_fault
12120.0,202.0,3.3666666666666667,1,617.9890348863438,330.1095620926345,-287.8794727937093,91.14805685005544,91.42464952237479,29.645922274002217,30.01718030106389,-9.710592577724025,-9.737031884002521,24.705389568662124,24.388279458738452,25.72332988188061,26.042751053677293,8.543648656843914,16.505478104631727,2502.7390523158633,2542.710539776012,2547.605718181027,-0.0005055354357605888,0.16263838589401472,0.17332838246853965,22.84356039768733,22.801248897893558,0.0,0.0,0.0,0.0,True,none,1.0,0.0,battery_voltage_sensor_drift,0.7309280582601319,0.7309280582601319,93,battery_voltage_sensor_drift,3.155245246436821,0.7309280582601319,abrupt,0.0,1.3798993306988288,190197263,postprocessed_sensor_fault
12180.0,203.0,3.3833333333333333,1,617.9890348863438,330.1095620926345,-287.8794727937093,91.57644892266512,91.47424642813624,29.663057956906606,30.049191211497153,-9.704982986310108,-9.7321355333727,24.717607016520702,24.811601108369448,25.730554199034827,25.771933598456055,8.534935581165493,16.505478104631727,2502.7390523158633,2522.724796045938,2518.4930744419767,9.318502806628603e-06,0.15023296257016572,0.15750764512710771,22.838491976842484,22.741674459950982,0.0,0.0,0.0,0.0,True,none,1.0,0.0,battery_voltage_sensor_drift,0.7309280582601319,0.7309280582601319,93,battery_voltage_sensor_drift,3.155245246436821,0.7309280582601319,abrupt,0.0,1.3798993306988288,190197263,postprocessed_sensor_fault
12240.0,204.0,3.4,1,617.9013941166289,330.9788696740969,-286.922524442532,92.00341696499031,91.92173685897168,29.680136678599613,30.065441098238946,-9.667156440334484,-9.642224907295137,24.729555751392752,24.661262231479828,25.73780765240996,25.740095107539393,8.47631309135204,16.548943483704846,2524.471741852423,2523.5982689491807,2519.4172285125865,0.0005512257128852536,0.16378064282213134,0.1514731222645434,22.833491925507733,22.847236140431576,0.0,0.0,0.0,0.0,True,none,1.0,0.0,battery_voltage_sensor_drift,0.7309280582601319,0.7309280582601319,93,battery_voltage_sensor_drift,3.155245246436821,0.7309280582601319,abrupt,0.0,1.3798993306988288,190197263,postprocessed_sensor_fault
12300.0,205.0,3.4166666666666665,1,617.7265395542198,332.67949192431115,-285.04704762990866,92.4275941192015,92.51798746859964,29.69710376476806,30.024501162766185,-9.598479699831259,-9.545627775418199,24.741079966897214,24.868289312572113,25.74517314038311,25.80954643243982,8.370465003845823,16.63397459621556,2566.9872981077788,2545.29278352848,2551.929394011177,0.0010965022490355331,0.1774125562258883,0.17884883258325987,22.828580602919644,22.884934668883623,0.0,0.0,0.0,0.0,True,none,1.0,0.0,battery_voltage_sensor_drift,0.7309280582601319,0.7309280582601319,93,battery_voltage_sensor_drift,3.155245246436821,0.7309280582601319,abrupt,0.0,1.3798993306988288,190197263,postprocessed_sensor_fault
12360.0,206.0,3.433333333333333,1,617.465323072968,335.13710349045215,-282.3282195825158,92.84772539834213,92.58468129625821,29.713909015933687,30.06109328649059,-9.501550921190514,-9.489614501579387,24.752041345737958,24.720130272972444,25.75272546560909,25.817405025919726,8.222357592638105,16.75685517452261,2628.427587261303,2586.8601853948917,2583.9642615850958,0.00162131691010066,0.1905329227525165,0.19344311369288633,22.823776050211574,22.694925687218895,0.0,0.0,0.0,0.0,True,none,1.0,0.0,battery_voltage_sensor_drift,0.7309280582601319,0.7309280582601319,93,battery_voltage_sensor_drift,3.155245246436821,0.7309280582601319,abrupt,0.0,1.3798993306988288,190197263,postprocessed_sensor_fault
12420.0,207.0,3.45,1,617.1190172933127,338.24429495415046,-278.87472233916225,93.26271754468019,93.24839731250582,29.73050870178721,30.05599502167729,-9.380085794576333,-9.374762125622338,24.76232536686716,25.22565671217562,25.76052809137963,25.78691295240322,8.038880761089018,16.912214747707523,2706.107373853761,2646.4837796243264,2650.0628906193506,0.0021027327770517935,0.20256831942629483,0.20159944647316794,22.81909317075209,22.84789254818328,0.0,0.0,0.0,0.0,True,none,1.0,0.0,battery_voltage_sensor_drift,0.7309280582601319,0.7309280582601319,93,battery_voltage_sensor_drift,3.155245246436821,0.7309280582601319,abrupt,0.0,1.3798993306988288,190197263,postprocessed_sensor_fault
12480.0,208.0,3.466666666666667,1,616.6893093822022,341.86526713848394,-274.8240422437182,93.67168189325714,94.2510876922993,29.746867275730285,30.125780926467108,-9.238755788847056,-9.209755032814563,24.771845976939545,24.917217101769808,25.768630393362443,25.75825122606674,7.8283686820764,17.093263356924197,2796.631678462098,2721.5577290432116,2725.7286216531743,0.0025197096664136883,0.2129927416603422,0.21259778930654333,22.814543038509083,22.934924941107433,0.0,0.0,0.0,0.0,True,none,1.0,0.0,battery_voltage_sensor_drift,0.7309280582601319,0.7309280582601319,93,battery_voltage_sensor_drift,3.155245246436821,0.7309280582601319,abrupt,0.0,1.3798993306988288,190197263,postprocessed_sensor_fault
12540.0,209.0,3.4833333333333334,1,616.178292833385,345.8417661836449,-270.33652664974005,94.07396839124782,94.55132665854593,29.762958735649914,30.164093709999502,-9.082985634957469,-9.006847680403308,24.780548401889867,24.784764972364048,25.77706552683391,25.810158912225962,7.600050243587499,17.292088309182244,2896.0441545911226,2808.8009418171673,2795.0352498086177,0.0028540236872440883,0.2213505921811022,0.2197043752256648,22.810132369719437,22.912900852663064,0.0,0.0,0.0,0.0,True,none,1.0,0.0,battery_voltage_sensor_drift,0.7309280582601319,0.7309280582601319,93,battery_voltage_sensor_drift,3.155245246436821,0.7309280582601319,abrupt,0.0,1.3798993306988288,190197263,postprocessed_sensor_fault
12600.0,210.0,3.5,1,615.5884572681198,349.99999999999994,-265.58845726811984,94.46918930980158,94.08618705445762,29.778767572392063,30.14427725797417,-8.918718903409127,-8.988296723399943,24.788410057312667,24.734036604415905,25.785849002619237,25.577252983846915,7.363483750242184,17.499999999999996,2999.999999999999,2904.4004709085834,2912.2033655512732,0.0030910637126159027,0.22727659281539755,0.23888949367813145,22.80586318672282,22.93973098291928,0.0,0.0,0.0,0.0,True,none,1.0,0.0,battery_voltage_sensor_drift,0.7309280582601319,0.7309280582601319,93,battery_voltage_sensor_drift,3.155245246436821,0.7309280582601319,abrupt,0.0,1.3798993306988288,190197263,postprocessed_sensor_fault
12660.0,211.0,3.5166666666666666,1,614.9226763059908,354.15823381635516,-260.7644424896356,94.85723163493495,94.55869960523044,29.7942892653974,30.154326242942005,-8.752161871251051,-8.752800101195726,24.795439686947613,24.930828818042837,25.79497803397992,25.85020139593384,7.128026993646456,17.70791169081776,3103.955845408879,3004.1781581587315,3008.7304514044968,0.003220469955976316,0.2305117488994079,0.23105617312799565,22.80173269413815,22.760133852909732,0.0,0.0,0.0,0.0,True,none,1.0,0.0,battery_voltage_sensor_drift,0.7309280582601319,0.7309280582601319,93,battery_voltage_sensor_drift,3.155245246436821,0.7309280582601319,abrupt,0.0,1.3798993306988288,190197263,postprocessed_sensor_fault
12720.0,212.0,3.533333333333333,1,614.184193564921,358.1347328615159,-256.0494607034051,95.23825761812455,95.19019791979136,29.80953030472498,30.201864174292723,-8.589516778223768,-8.583117174421181,24.801674995088163,24.87991383176507,25.80443168299423,25.733026613947853,6.90238387867101,17.906736643075796,3203.3683215378974,3103.773239848314,3102.352834862243,0.003236586743530341,0.23091466858825851,0.23918336220026104,22.797733377050662,22.72860380970721,0.0,0.0,0.0,0.0,True,none,1.0,0.0,battery_voltage_sensor_drift,0.7309280582601319,0.7309280582601319,93,battery_voltage_sensor_drift,3.155245246436821,0.7309280582601319,abrupt,0.0,1.3798993306988288,190197263,postprocessed_sensor_fault
12780.0,213.0,3.55,1,613.376606858593,361.7557050458495,-251.62090181274357,95.61269348391733,95.71587530629259,29.824507739356694,30.215814789208324,-8.436716005900822,-8.376262979450056,24.807179125641426,24.576574555552497,25.814171800034863,25.61887464655412,6.694254157137849,18.087785252292473,3293.8926261462375,3198.8329329972757,3208.4839686140076,0.003138709694325054,0.22846774235812634,0.22852888765109058,22.793853319208296,22.730496754048147,0.0,0.0,0.0,0.0,True,none,1.0,0.0,battery_voltage_sensor_drift,0.7309280582601319,0.7309280582601319,93,battery_voltage_sensor_drift,3.155245246436821,0.7309280582601319,abrupt,0.0,1.3798993306988288,190197263,postprocessed_sensor_fault
12840.0,214.0,3.566666666666667,1,612.503850668262,364.86289650954785,-247.64095415871412,95.98120680855826,95.74435164433615,29.83924827234233,30.248691206336165,-8.299168661974965,-8.27930618409336,24.81203637101555,24.919476335312318,25.824144715285538,26.00727793044108,6.510096038392588,18.243144825477394,3371.5724127386957,3285.202672867986,3271.341429107939,0.0029311165050767154,0.22327791262691787,0.2275856797517398,22.790076727248213,22.734211867362152,0.0,0.0,0.0,0.0,True,none,1.0,0.0,battery_voltage_sensor_drift,0.7309280582601319,0.7309280582601319,93,battery_voltage_sensor_drift,3.155245246436821,0.7309280582601319,abrupt,0.0,1.3798993306988288,190197263,postprocessed_sensor_fault
12900.0,215.0,3.5833333333333335,1,611.5701769743577,367.32050807568874,-244.24966889866892,96.3446735777527,96.30422189480659,29.85378694311011,30.173522255216444,-8.181530516182598,-8.158996060634463,24.816347470546052,24.82930589960261,25.83428360837082,25.713956026212447,6.354995326978167,18.366025403784437,3433.0127018922185,3359.1076873801026,3354.5729259786112,0.0026228799942983067,0.21557199985745767,0.21758811342487058,22.78638463561989,22.82857333619724,0.0,0.0,0.0,0.0,True,none,1.0,0.0,battery_voltage_sensor_drift,0.7309280582601319,0.7309280582601319,93,battery_voltage_sensor_drift,3.155245246436821,0.7309280582601319,abrupt,0.0,1.3798993306988288,190197263,postprocessed_sensor_fault
12960.0,216.0,3.6,1,610.5801345412646,369.021130325903,-241.55900421536154,96.70413638164462,96.88212549769237,29.868165455265785,30.2551154704083,-8.087507234990706,-8.045671924477642,24.820224791929718,24.906850094366373,25.844511452536445,25.803007832379873,6.232621862082161,18.45105651629515,3475.5282581475753,3417.317972763839,3403.471892396149,0.002227471576593615,0.20568678941484037,0.20916237740526072,22.782755757042647,22.870418816613952,0.0,0.0,0.0,0.0,True,none,1.0,0.0,battery_voltage_sensor_drift,0.7309280582601319,0.7309280582601319,93,battery_voltage_sensor_drift,3.155245246436821,0.7309280582601319,abrupt,0.0,1.3798993306988288,190197263,postprocessed_sensor_fault
13020.0,217.0,3.6166666666666667,1,609.5385467561977,369.8904379073655,-239.64810884883218,97.0607555912411,97.22258545345063,29.882430223649642,30.305772887988557,-8.019699437268967,-8.001733966834996,24.823787597595242,24.68441136062643,25.85474440470689,25.909115395030017,6.145246325130574,18.494521895368276,3497.2609476841367,3457.2894602239876,3458.1558958674523,0.0017621724971965198,0.194054312429913,0.19744061149928577,22.779167435796477,22.818903624669392,0.0,0.0,0.0,0.0,True,none,1.0,0.0,battery_voltage_sensor_drift,0.7309280582601319,0.7309280582601319,93,battery_voltage_sensor_drift,3.155245246436821,0.7309280582601319,abrupt,0.0,1.3798993306988288,190197263,postprocessed_sensor_fault
13080.0,218.0,3.6333333333333333,1,608.4504881301461,369.8904379073655,-238.56005022278066,97.41575566597737,97.58844626564145,29.896630226639097,30.279156138673724,-7.979496298222068,-7.931211207159355,24.827157501655893,24.642842189781515,25.86489549325997,26.00158116860712,6.093788893867175,18.494521895368276,3497.2609476841367,3477.2752039540624,3472.5740437053373,0.0012473185586292885,0.18118296396573222,0.175351559874713,22.77559665642858,22.595836968700894,0.0,0.0,0.0,0.0,True,none,1.0,0.0,battery_voltage_sensor_drift,0.7309280582601319,0.7309280582601319,93,battery_voltage_sensor_drift,3.155245246436821,0.7309280582601319,abrupt,0.0,1.3798993306988288,190197263,postprocessed_sensor_fault
13140.0,219.0,3.65,1,607.3212595753644,369.02113032590313,-238.30012924946124,97.77036895355099,98.10835993175458,29.91081475814204,30.235026144790275,-7.967022335444521,-7.952839357558654,24.830454141950884,24.726508723937453,25.87487844234648,25.845741155036684,6.07787559147775,18.451056516295157,3475.5282581475776,3476.40173105082,3465.6114664229835,0.0007054113485506708,0.16763528371376676,0.1718881763273792,22.77202105880887,22.698426613545415,0.0,0.0,0.0,0.0,True,none,1.0,0.0,battery_voltage_sensor_drift,0.7309280582601319,0.7309280582601319,93,battery_voltage_sensor_drift,3.155245246436821,0.7309280582601319,abrupt,0.0,1.3798993306988288,190197263,postprocessed_sensor_fault
13200.0,220.0,3.6666666666666665,1,606.156362579862,367.32050807568874,-238.8358545041733,98.12577945132504,98.40256903553886,29.925031178053,30.258337657339116,-7.98113970485469,-7.904975726968396,24.833791041362755,25.03011695191232,25.884611465615276,26.13506984361675,6.095887279072641,18.366025403784437,3433.0127018922185,3454.7072164715196,3463.2355879654974,0.0001601348124003416,0.15400337031000855,0.14999031491262094,22.768419911824303,22.699736138765353,0.0,0.0,0.0,0.0,True,none,1.0,0.0,battery_voltage_sensor_drift,0.7309280582601319,0.7309280582601319,93,battery_voltage_sensor_drift,3.155245246436821,0.7309280582601319,abrupt,0.0,1.3798993306988288,190197263,postprocessed_sensor_fault
13260.0,221.0,3.683333333333333,1,604.961472404706,364.8628965095479,-240.0985758951581,98.4830689987881,98.36805407376649,29.939322759951523,30.250381658764965,-8.019505912683071,-8.056441653504622,24.837271621803527,24.726245392283552,25.894020863541307,25.635258477855945,6.144998006684699,18.243144825477398,3371.572412738698,3413.1398146051088,3408.216284086071,-0.0003646798486647144,0.15911699621661785,0.1436917203525382,22.76482423380168,22.833887272728624,0.0,0.0,0.0,0.0,True,none,1.0,0.0,battery_voltage_sensor_drift,0.7309280582601319,0.7309280582601319,93,battery_voltage_sensor_drift,3.155245246436821,0.7309280582601319,abrupt,0.0,1.3798993306988288,190197263,postprocessed_sensor_fault
13320.0,222.0,3.7,1,603.7424104347197,361.7557050458495,-241.98670538887018,98.84316826275963,98.75007273486871,29.953726730510386,30.22262754413169,-8.07868441766835,-8.084331722561153,24.84098536325145,24.663079109859776,25.903044267137563,25.78014904322737,6.221211353622193,18.087785252292473,3293.8926261462375,3353.5162203756736,3353.705554716141,-0.0008460957156158975,0.17115239289039744,0.1608817275294952,22.761234485100978,22.79528985351049,0.0,0.0,0.0,0.0,True,none,1.0,0.0,battery_voltage_sensor_drift,0.7309280582601319,0.7309280582601319,93,battery_voltage_sensor_drift,3.155245246436821,0.7309280582601319,abrupt,0.0,1.3798993306988288,190197263,postprocessed_sensor_fault
13380.0,223.0,3.716666666666667,1,602.5051158172813,358.13473286151617,-244.37038295576514,99.20681466596761,99.76684267936866,29.968272586638705,30.338179304267726,-8.154303263536024,-8.176871932609872,24.845004160862263,24.624247374456484,25.911633386286614,25.701857385772676,6.319412937097139,17.90673664307581,3203.3683215379037,3278.442270956789,3281.9189949323095,-0.0012630726049777355,0.18157681512444337,0.18802219116191782,22.757630449117205,22.84596142434762,0.0,0.0,0.0,0.0,True,none,1.0,0.0,battery_voltage_sensor_drift,0.7309280582601319,0.7309280582601319,93,battery_voltage_sensor_drift,3.155245246436821,0.7309280582601319,abrupt,0.0,1.3798993306988288,190197263,postprocessed_sensor_fault
13440.0,224.0,3.7333333333333334,1,601.2556165273943,354.15823381635516,-247.09738271103913,99.5745191045257,99.28173397218428,29.98298076418103,30.28375459107334,-8.24125475230376,-8.281963293833094,24.849379010535056,25.011768583961224,25.919756142577956,25.81371224339507,6.433462391389545,17.70791169081776,3103.955845408879,3191.1990581828345,3197.049282345424,-0.0015973866258081563,0.1899346656452039,0.18669149154108833,22.753993853993894,22.690268291059052,0.0,0.0,0.0,0.0,True,none,1.0,0.0,battery_voltage_sensor_drift,0.7309280582601319,0.7309280582601319,93,battery_voltage_sensor_drift,3.155245246436821,0.7309280582601319,abrupt,0.0,1.3798993306988288,190197263,postprocessed_sensor_fault
13500.0,225.0,3.75,1,600.0,349.99999999999994,-250.00000000000006,99.94654291404952,99.69204414709496,29.99786171656198,30.28360432518746,-8.333927343293729,-8.241146937947365,24.854137228462058,24.884599331843862,25.927398093437333,26.198305914229767,6.556347597063909,17.499999999999996,2999.999999999999,3095.599529091417,3088.765619419146,-0.0018344266511800132,0.19586066627950033,0.19867086731963604,22.75030912948372,22.721248256506303,0.0,0.0,0.0,0.0,True,none,1.0,0.0,battery_voltage_sensor_drift,0.7309280582601319,0.7309280582601319,93,battery_voltage_sensor_drift,3.155245246436821,0.7309280582601319,abrupt,0.0,1.3798993306988288,190197263,postprocessed_sensor_fault
13560.0,226.0,3.7666666666666666,1,598.7443834726058,345.8417661836449,-252.90261728896093,100.0,100.0,30.0,30.455173452403614,-8.430087242965364,-8.424571716363186,24.85929677067102,24.828731391384885,25.9345630853082,25.965278280271303,6.68530967392059,17.292088309182244,2896.0441545911226,2995.82184184127,2997.181571683391,-0.0019638328945403775,0.19909582236350942,0.20070191308235094,22.746564052925752,22.651219547777355,0.0,0.0,0.0,0.0,True,none,1.0,0.0,battery_voltage_sensor_drift,0.7309280582601319,0.7309280582601319,93,battery_voltage_sensor_drift,3.155245246436821,0.7309280582601319,abrupt,0.0,1.3798993306988288,190197263,postprocessed_sensor_fault
13620.0,227.0,3.783333333333333,1,597.4948841827188,341.86526713848394,-255.62961704423486,100.0,100.0,30.0,30.357331265325985,-8.520987234807828,-8.546812739635014,24.864836249635196,24.802341770588704,25.94127310733958,25.996488416696433,6.808577876460637,17.093263356924197,2796.631678462098,2896.226760151684,2888.8679660560438,-0.001979949682094487,0.19949874205236218,0.20682222141118758,22.74275026036327,22.60742909367918,0.0,0.0,0.0,0.0,True,none,1.0,0.0,battery_voltage_sensor_drift,0.7309280582601319,0.7309280582601319,93,battery_voltage_sensor_drift,3.155245246436821,0.7309280582601319,abrupt,0.0,1.3798993306988288,190197263,postprocessed_sensor_fault
13680.0,228.0,3.8,1,596.2575895652803,338.2442949541506,-258.01329461112977,100.0,99.60610316693176,30.0,30.409970970003204,-8.600443153704326,-8.571890116574313,24.87070526478808,24.79745210635893,25.94756735197628,26.07347759693917,6.91740979520797,16.91221474770753,2706.1073738537643,2801.1670670027247,2809.2853253503054,-0.001882072632889087,0.19705181582222717,0.20198436352950744,22.738863602753913,22.552448484699504,0.0,0.0,0.0,0.0,True,none,1.0,0.0,battery_voltage_sensor_drift,0.7309280582601319,0.7309280582601319,93,battery_voltage_sensor_drift,3.155245246436821,0.7309280582601319,abrupt,0.0,1.3798993306988288,190197263,postprocessed_sensor_fault
13740.0,229.0,3.816666666666667,1,595.038527595294,335.13710349045215,-259.90142410484185,100.0,99.79335381465978,30.0,30.334137789824315,-8.663380803494729,-8.650959876885153,24.876828811051713,24.70074226873205,25.953500523509515,25.869570662695597,7.004333355708877,16.75685517452261,2628.427587261303,2714.797327132014,2704.909444465896,-0.0016744794436408194,0.19186198609102048,0.19333657406819854,22.734904331631604,22.885800507452704,0.0,0.0,0.0,0.0,True,none,1.0,0.0,battery_voltage_sensor_drift,0.7309280582601319,0.7309280582601319,93,battery_voltage_sensor_drift,3.155245246436821,0.7309280582601319,abrupt,0.0,1.3798993306988288,190197263,postprocessed_sensor_fault
13800.0,230.0,3.8333333333333335,1,593.843637420138,332.67949192431126,-261.1641454958267,100.0,100.0,30.0,30.392234625312078,-8.705471516527556,-8.696531107580103,24.883110567338754,24.847983543412926,25.95914046851387,26.099679684542213,7.0628187460058065,16.633974596215563,2566.9872981077824,2640.8923126198983,2630.3558336138567,-0.001366242932862375,0.18415607332155937,0.18188773298059954,22.730877103683657,22.557679825422916,0.0,0.0,0.0,0.0,True,none,1.0,0.0,battery_voltage_sensor_drift,0.7309280582601319,0.7309280582601319,93,battery_voltage_sensor_drift,3.155245246436821,0.7309280582601319,abrupt,0.0,1.3798993306988288,190197263,postprocessed_sensor_fault
13860.0,231.0,3.85,1,592.6787404246356,330.9788696740969,-261.6998707505387,100.0,99.9577333480183,30.0,30.362148412986784,-8.723329025017957,-8.724495483991532,24.889437629075715,24.71735655320496,25.964565231733168,26.219995227567694,7.08771754229766,16.548943483704846,2524.471741852423,2582.682027236161,2575.1405358429156,-0.0009708345151577327,0.1742708628789433,0.17257861098517452,22.726790799689468,22.74443304797257,0.0,0.0,0.0,0.0,True,none,1.0,0.0,battery_voltage_sensor_drift,0.7309280582601319,0.7309280582601319,93,battery_voltage_sensor_drift,3.155245246436821,0.7309280582601319,abrupt,0.0,1.3798993306988288,190197263,postprocessed_sensor_fault
13920.0,232.0,3.8666666666666667,1,591.549511869854,330.1095620926345,-261.43994977721945,100.0,100.0,30.0,30.322740782643436,-8.714664992573981,-8.665173460872152,24.895686439550005,24.87355493392638,25.969859666088567,26.17657515590134,7.075630874623557,16.505478104631727,2502.739052315864,2542.710539776012,2531.302482569217,-0.0005055354357605887,0.16263838589401472,0.16425729219694407,22.722658160202005,22.683059652911485,0.0,0.0,0.0,0.0,True,none,1.0,0.0,battery_voltage_sensor_drift,0.7309280582601319,0.7309280582601319,93,battery_voltage_sensor_drift,3.155245246436821,0.7309280582601319,abrupt,0.0,1.3798993306988288,190197263,postprocessed_sensor_fault
13980.0,233.0,3.8833333333333333,1,590.4614532438022,330.1095620926345,-260.3518911511677,100.0,100.0,30.0,30.314304862744432,-8.67839637170559,-8.73924061151335,24.901729537868555,24.74346280881535,25.975111744969123,26.015369351349506,7.02516508675462,16.505478104631727,2502.7390523158633,2522.724796045938,2531.147849434206,9.318502806628603e-06,0.15023296257016572,0.14801301588852608,22.718496506138298,22.73884210174916,0.0,0.0,0.0,0.0,True,none,1.0,0.0,battery_voltage_sensor_drift,0.7309280582601319,0.7309280582601319,93,battery_voltage_sensor_drift,3.155245246436821,0.7309280582601319,abrupt,0.0,1.3798993306988288,190197263,postprocessed_sensor_fault
14040.0,234.0,3.9,1,589.4198654587356,330.97886967409687,-258.4409957846387,100.0,99.83793089589685,30.0,30.338707876820664,-8.614699859487956,-8.738185575648888,24.90744264161976,25.09504234034101,25.98040873797678,25.786391904191344,6.937044293524945,16.548943483704843,2524.471741852422,2523.59826894918,2527.4804838950477,0.0005512257128852394,0.16378064282213098,0.17756952663827852,22.71439642083383,22.66760362376092,0.0,0.0,0.0,0.0,True,none,1.0,0.0,battery_voltage_sensor_drift,0.7309280582601319,0.7309280582601319,93,battery_voltage_sensor_drift,3.155245246436821,0.7309280582601319,abrupt,0.0,1.3798993306988288,190197263,postprocessed_sensor_fault
14100.0,235.0,3.9166666666666665,1,588.4298230256423,332.6794919243112,-255.75033110133114,100.0,99.77612023953172,30.0,30.346195845794522,-8.525011036711039,-8.539208306552727,24.91271153595032,25.047437403449752,25.985833417265397,25.928070970290676,6.814065054083602,16.633974596215563,2566.9872981077806,2545.29278352848,2546.5503935398992,0.0010965022490355685,0.1774125562258892,0.18459640120218185,22.710378314530796,22.817041952281166,0.0,0.0,0.0,0.0,True,none,1.0,0.0,battery_voltage_sensor_drift,0.7309280582601319,0.7309280582601319,93,battery_voltage_sensor_drift,3.155245246436821,0.7309280582601319,abrupt,0.0,1.3798993306988288,190197263,postprocessed_sensor_fault
14160.0,236.0,3.933333333333333,0,0.0,335.13710349045215,335.13710349045215,99.50128407218682,99.55363116920716,29.980051362887473,30.32637124183317,11.178670090783129,11.107875939696234,24.9138919774009,24.749034477026118,25.97546046027632,25.842105432344926,10.997013199885542,16.75685517452261,2628.427587261303,2586.8601853948917,2590.4022900449368,0.00162131691010066,0.1905329227525165,0.18696549156505538,22.706460278985645,22.466419861128546,0.0,0.0,0.0,0.0,True,none,1.0,0.0,battery_voltage_sensor_drift,0.7309280582601319,0.7309280582601319,93,battery_voltage_sensor_drift,3.155245246436821,0.7309280582601319,abrupt,0.0,1.3798993306988288,190197263,postprocessed_sensor_fault
14220.0,237.0,3.95,0,0.0,338.24429495415046,338.24429495415046,98.99794434755268,99.01024580650284,29.959917773902106,30.318208606731275,11.289893967893093,11.277584207493787,24.915731747084834,24.86915824041622,25.965481206089525,25.919931657637505,11.196936464501508,16.912214747707523,2706.107373853761,2646.4837796243264,2633.188142088069,0.0021027327770517935,0.20256831942629483,0.20218621763375838,22.702657267810356,22.79612330550809,0.0,0.0,0.0,0.0,True,none,1.0,0.0,battery_voltage_sensor_drift,0.7309280582601319,0.7309280582601319,93,battery_voltage_sensor_drift,3.155245246436821,0.7309280582601319,abrupt,0.0,1.3798993306988288,190197263,postprocessed_sensor_fault
14280.0,238.0,3.966666666666667,0,0.0,341.86526713848406,341.86526713848406,98.48921627145373,98.55269590129042,29.93956865085815,30.296854963785425,11.418510103641232,11.473118403624241,24.91833932273218,24.89477874366871,25.955943883154657,26.05225232087975,11.430589838956553,17.093263356924204,2796.6316784621013,2721.5577290432134,2728.8504028890275,0.002519709666413724,0.2129927416603431,0.21570168602372836,22.69898040483941,22.90801898057338,0.0,0.0,0.0,0.0,True,none,1.0,0.0,battery_voltage_sensor_drift,0.7309280582601319,0.7309280582601319,93,battery_voltage_sensor_drift,3.155245246436821,0.7309280582601319,abrupt,0.0,1.3798993306988288,190197263,postprocessed_sensor_fault
14340.0,239.0,3.9833333333333334,0,0.0,345.8417661836448,345.8417661836448,97.9745707860614,97.86053753539429,29.918982831442456,30.34636291387286,11.559275531927268,11.58801076200552,24.92179378034859,24.92955638751005,25.946880508707785,25.883751128062062,11.689348065840994,17.29208830918224,2896.044154591119,2808.800941817166,2803.344216095226,0.0028540236872440176,0.22135059218110043,0.2265743118288766,22.695436455802287,22.656913749353105,0.0,0.0,0.0,0.0,True,none,1.0,0.0,battery_voltage_sensor_drift,0.7309280582601319,0.7309280582601319,93,battery_voltage_sensor_drift,3.155245246436821,0.7309280582601319,abrupt,0.0,1.3798993306988288,190197263,postprocessed_sensor_fault
14400.0,240.0,4.0,0,0.0,349.99999999999994,349.99999999999994,97.45373745272806,97.55823227724571,29.898149498109124,30.298801463594312,11.706410124885332,11.743487164541012,24.92614036113637,24.681956705825144,25.938305464638123,25.8379939417839,11.963203040961426,17.499999999999996,2999.999999999999,2904.400470908583,2890.9163017432143,0.003091063712615916,0.22727659281539792,0.2273623388647587,22.69202749216005,22.63232228241829,0.0,0.0,0.0,0.0,True,none,1.0,0.0,battery_voltage_sensor_drift,0.7309280582601319,0.7309280582601319,93,battery_voltage_sensor_drift,3.155245246436821,0.7309280582601319,abrupt,0.0,1.3798993306988288,190197263,postprocessed_sensor_fault
14460.0,241.0,4.016666666666667,0,0.0,354.15823381635505,354.15823381635505,96.92671627145373,96.62679889778448,29.87706865085815,30.173051923633363,11.853848111909155,11.810792327065707,24.93138717631894,24.755832560700235,25.930214844302654,26.345500513176795,12.24109720481698,17.707911690817753,3103.955845408876,3004.1781581587297,3005.816845674059,0.0032204699559762805,0.230511748899407,0.22359676410099927,22.6887507672846,22.67924830729738,0.0,0.0,0.0,0.0,True,none,1.0,0.0,battery_voltage_sensor_drift,0.7309280582601319,0.7309280582601319,93,battery_voltage_sensor_drift,3.155245246436821,0.7309280582601319,abrupt,0.0,1.3798993306988288,190197263,postprocessed_sensor_fault
14520.0,242.0,4.033333333333333,0,0.0,358.134732861516,358.134732861516,96.39377768088599,96.45617150753883,29.85575110723544,30.221341971841454,11.9955023598359,12.004842690365,24.937503407091647,24.950581850213545,25.922586598834386,26.0294734972954,12.511366149186292,17.9067366430758,3203.3683215379,3103.773239848315,3111.901572427667,0.00323658674353039,0.23091466858825976,0.2503488741860469,22.68559881464851,22.535167050386256,0.0,0.0,0.0,0.0,True,none,1.0,0.0,battery_voltage_sensor_drift,0.7309280582601319,0.7309280582601319,93,battery_voltage_sensor_drift,3.155245246436821,0.7309280582601319,abrupt,0.0,1.3798993306988288,190197263,postprocessed_sensor_fault
14580.0,243.0,4.05,0,0.0,361.7557050458495,361.7557050458495,95.85545073885348,95.9245383103889,29.83421802955414,30.28014575962256,12.125529976602365,12.133778849722912,24.944419313906025,24.913977735161115,25.915381476548294,25.704258971186416,12.762278177078606,18.087785252292473,3293.892626146237,3198.8329329972757,3192.95206186909,0.0031387096943250397,0.228467742358126,0.2202759995729791,22.68255976602416,22.78800342751455,0.0,0.0,0.0,0.0,True,none,1.0,0.0,battery_voltage_sensor_drift,0.7309280582601319,0.7309280582601319,93,battery_voltage_sensor_drift,3.155245246436821,0.7309280582601319,abrupt,0.0,1.3798993306988288,190197263,postprocessed_sensor_fault
14640.0,244.0,4.066666666666666,0,0.0,364.86289650954785,364.86289650954785,95.31249999999997,95.55396907825866,29.8125,30.177318822085056,12.238587723590703,12.259934697376162,24.952028272547395,24.936007080303384,25.908544714386863,25.872290352388273,12.982642357442005,18.243144825477394,3371.5724127386957,3285.202672867986,3283.9852050349373,0.0029311165050767154,0.22327791262691787,0.23681912516325954,22.67961787571296,22.666098510509315,0.0,0.0,0.0,0.0,True,none,1.0,0.0,battery_voltage_sensor_drift,0.7309280582601319,0.7309280582601319,93,battery_voltage_sensor_drift,3.155245246436821,0.7309280582601319,abrupt,0.0,1.3798993306988288,190197263,postprocessed_sensor_fault
14700.0,245.0,4.083333333333333,0,0.0,367.32050807568874,367.32050807568874,94.76589210107781,94.74240163246827,29.790635684043114,30.098548589429083,12.33006613123191,12.324630517092043,24.96019091112559,25.01471487318435,25.902008407479336,26.089798621098566,13.162442464044178,18.366025403784437,3433.0127018922185,3359.1076873801026,3356.3344745459676,0.0026228799942983067,0.21557199985745767,0.21279283656554562,22.676754225471154,22.471990803184386,0.0,0.0,0.0,0.0,True,none,1.0,0.0,battery_voltage_sensor_drift,0.7309280582601319,0.7309280582601319,93,battery_voltage_sensor_drift,3.155245246436821,0.7309280582601319,abrupt,0.0,1.3798993306988288,190197263,postprocessed_sensor_fault
14760.0,246.0,4.1,0,0.0,369.0211303259031,369.0211303259031,94.21675351428333,94.11766663841584,29.768670140571334,30.203897691124546,12.396292094451642,12.413073365375677,24.96874124770976,25.26494208783062,25.89569445325209,26.0320248441055,13.293444615277142,18.451056516295154,3475.5282581475767,3417.3179727638394,3423.583027068705,0.002227471576593636,0.2056867894148409,0.20889484197925054,22.67394757497003,22.70728437834811,0.0,0.0,0.0,0.0,True,none,1.0,0.0,battery_voltage_sensor_drift,0.7309280582601319,0.7309280582601319,93,battery_voltage_sensor_drift,3.155245246436821,0.7309280582601319,abrupt,0.0,1.3798993306988288,190197263,postprocessed_sensor_fault
14820.0,247.0,4.116666666666666,0,0.0,369.8904379073655,369.8904379073655,93.6663213150164,93.99393749840759,29.746652852600654,30.09056023332269,12.434691047097997,12.406755599838393,24.977494544606643,24.841472852652664,25.88951794141681,25.823044463999906,13.369723314942329,18.494521895368276,3497.2609476841367,3457.2894602239876,3474.7550769336904,0.0017621724971965131,0.19405431242991283,0.1978577650704872,22.671175315089407,22.83202586287769,0.0,0.0,0.0,0.0,True,none,1.0,0.0,battery_voltage_sensor_drift,0.7309280582601319,0.7309280582601319,93,battery_voltage_sensor_drift,3.155245246436821,0.7309280582601319,abrupt,0.0,1.3798993306988288,190197263,postprocessed_sensor_fault
14880.0,248.0,4.133333333333334,0,0.0,369.8904379073655,369.8904379073655,93.11588911574948,92.67992027748974,29.724635564629978,30.076181825124824,12.443901527509611,12.42539711687135,24.986256426732698,25.250687240169764,25.88339084167621,26.00953374840313,13.388054818108483,18.494521895368276,3497.260947684137,3477.2752039540624,3471.441411836912,0.001247318558629296,0.18118296396573239,0.19079171809169623,22.66841447662681,22.70197120157873,0.0,0.0,0.0,0.0,True,none,1.0,0.0,battery_voltage_sensor_drift,0.7309280582601319,0.7309280582601319,93,battery_voltage_sensor_drift,3.155245246436821,0.7309280582601319,abrupt,0.0,1.3798993306988288,190197263,postprocessed_sensor_fault
14940.0,249.0,4.15,0,0.0,369.0211303259031,369.0211303259031,92.56675052895498,92.37303112780808,29.702670021158198,30.032465366692012,12.42383698378082,12.43133324582075,24.994832681612184,25.09656296527447,25.87722582797539,25.779848030288747,13.348138031964808,18.451056516295154,3475.5282581475767,3476.4017310508193,3471.5283778593557,0.0007054113485506565,0.1676352837137664,0.17938689964845028,22.665642745355616,22.836418079420376,0.0,0.0,0.0,0.0,True,none,1.0,0.0,battery_voltage_sensor_drift,0.7309280582601319,0.7309280582601319,93,battery_voltage_sensor_drift,3.155245246436821,0.7309280582601319,abrupt,0.0,1.3798993306988288,190197263,postprocessed_sensor_fault
15000.0,250.0,4.166666666666667,0,0.0,367.32050807568874,367.32050807568874,92.02014263003282,91.8420198462993,29.680805705201312,30.022990221429705,12.375691944619916,12.421716490309462,25.003039085818013,24.84199766580962,25.870940072159158,25.77549150174808,13.252620088650424,18.366025403784437,3433.0127018922185,3454.7072164715196,3458.12046638612,0.00016013481240034853,0.1540033703100087,0.1509055502449514,22.662839435721946,22.74286786766593,0.0,0.0,0.0,0.0,True,none,1.0,0.0,battery_voltage_sensor_drift,0.7309280582601319,0.7309280582601319,93,battery_voltage_sensor_drift,3.155245246436821,0.7309280582601319,abrupt,0.0,1.3798993306988288,190197263,postprocessed_sensor_fault
15060.0,251.0,4.183333333333334,0,0.0,364.8628965095479,364.8628965095479,91.47719189117932,91.18388146433294,29.65908767564717,30.096081310206657,12.301892104696591,12.3109326497956,25.01071059779793,24.87302873103038,25.86445884123284,25.8399303557785,13.106923948447706,18.243144825477398,3371.5724127386984,3413.139814605109,3404.9577815049847,-0.00036467984866470743,0.15911699621661768,0.15710544952911715,22.66003561127009,22.7354657170854,0.0,0.0,0.0,0.0,True,none,1.0,0.0,battery_voltage_sensor_drift,0.7309280582601319,0.7309280582601319,93,battery_voltage_sensor_drift,3.155245246436821,0.7309280582601319,abrupt,0.0,1.3798993306988288,190197263,postprocessed_sensor_fault
15120.0,252.0,4.2,0,0.0,361.7557050458495,361.7557050458495,90.9388649491468,91.51777616630099,29.637554597965874,30.02140872894861,12.205990337363327,12.148113148801837,25.017709320908693,25.067007740483874,25.85771874100756,25.89772670585374,12.918896009264552,18.087785252292473,3293.8926261462375,3353.5162203756736,3364.2048965747945,-0.0008460957156159045,0.1711523928903976,0.17470435461578146,22.657231777238376,22.64465081989398,0.0,0.0,0.0,0.0,True,none,1.0,0.0,battery_voltage_sensor_drift,0.7309280582601319,0.7309280582601319,93,battery_voltage_sensor_drift,3.155245246436821,0.7309280582601319,abrupt,0.0,1.3798993306988288,190197263,postprocessed_sensor_fault
15180.0,253.0,4.216666666666667,0,0.0,358.134732861516,358.134732861516,90.40592635857907,90.20867379637146,29.616237054343163,29.952100211140923,12.092513042908543,12.08446815517135,25.02393076410135,24.85000813755863,25.85067046436565,25.89712365057412,12.698309735433059,17.9067366430758,3203.3683215379006,3278.442270956787,3278.318655039889,-0.0012630726049777854,0.18157681512444462,0.18651240488256363,22.654407761563572,22.637710926799866,0.0,0.0,0.0,0.0,True,none,1.0,0.0,battery_voltage_sensor_drift,0.7309280582601319,0.7309280582601319,93,battery_voltage_sensor_drift,3.155245246436821,0.7309280582601319,abrupt,0.0,1.3798993306988288,190197263,postprocessed_sensor_fault
15240.0,254.0,4.233333333333333,0,0.0,354.15823381635516,354.15823381635516,89.87890517730473,90.21343717132912,29.595156207092188,29.977844119380016,11.966763457443236,11.939860514795681,25.029308093555784,25.031408769751117,25.84328092403236,25.731159695315345,12.456274211711902,17.70791169081776,3103.9558454088797,3191.199058182833,3196.832260961776,-0.0015973866258081285,0.1899346656452032,0.19249249988980455,22.651545336596914,22.42038509738489,0.0,0.0,0.0,0.0,True,none,1.0,0.0,battery_voltage_sensor_drift,0.7309280582601319,0.7309280582601319,93,battery_voltage_sensor_drift,3.155245246436821,0.7309280582601319,abrupt,0.0,1.3798993306988288,190197263,postprocessed_sensor_fault
15300.0,255.0,4.25,0,0.0,350.0000000000001,350.0000000000001,89.3580718439714,88.95467156071385,29.574322873758856,29.93531547244738,11.834590482223797,11.797803508391334,25.0338142534963,24.9380874722378,25.8355346766401,25.55529481503511,12.204602550555366,17.500000000000007,3000.0000000000027,3095.599529091418,3097.5187852329404,-0.0018344266511799569,0.1958606662794989,0.1992761407652541,22.64862897596722,22.628565625868898,0.0,0.0,0.0,0.0,True,none,1.0,0.0,battery_voltage_sensor_drift,0.7309280582601319,0.7309280582601319,93,battery_voltage_sensor_drift,3.155245246436821,0.7309280582601319,abrupt,0.0,1.3798993306988288,190197263,postprocessed_sensor_fault
15360.0,256.0,4.266666666666667,0,0.0,345.8417661836449,345.8417661836449,88.84342635857907,88.59718663486925,29.553737054343163,29.869510625080867,11.702133153168209,11.689019814279845,25.03746201339785,25.077282686112152,25.827434575845345,25.888852723099607,11.955193626758282,17.292088309182244,2896.0441545911226,2995.8218418412703,3001.1164923336796,-0.001963832894540392,0.19909582236350978,0.189778872783267,22.645646500560623,22.674003966086655,0.0,0.0,0.0,0.0,True,none,1.0,0.0,battery_voltage_sensor_drift,0.7309280582601319,0.7309280582601319,93,battery_voltage_sensor_drift,3.155245246436821,0.7309280582601319,abrupt,0.0,1.3798993306988288,190197263,postprocessed_sensor_fault
15420.0,257.0,4.283333333333333,0,0.0,341.86526713848406,341.86526713848406,88.33469828248013,88.32261931402945,29.533387931299206,29.88710874268393,11.575551979804473,11.62665541683571,25.040302148954037,24.846846686704136,25.81900162595243,26.053107439606002,11.719472290972421,17.093263356924204,2796.6316784621013,2896.2267601516864,2890.853440969802,-0.001979949682094466,0.19949874205236165,0.19755222649251017,22.64258958964088,22.675912931627675,0.0,0.0,0.0,0.0,True,none,1.0,0.0,battery_voltage_sensor_drift,0.7309280582601319,0.7309280582601319,93,battery_voltage_sensor_drift,3.155245246436821,0.7309280582601319,abrupt,0.0,1.3798993306988288,190197263,postprocessed_sensor_fault
15480.0,258.0,4.3,0,0.0,338.2442949541506,338.2442949541506,87.83135855784599,87.48861657656313,29.51325434231384,29.86860431317215,11.46075898750352,11.43056021870645,25.042420068478883,24.95636983272549,25.810274042440227,25.700509996477393,11.507919725571414,16.91221474770753,2706.1073738537643,2801.1670670027256,2800.360831717418,-0.0018820726328891153,0.19705181582222786,0.18261956190776957,22.63945413706194,22.784506929453443,0.0,0.0,0.0,0.0,True,none,1.0,0.0,battery_voltage_sensor_drift,0.7309280582601319,0.7309280582601319,93,battery_voltage_sensor_drift,3.155245246436821,0.7309280582601319,abrupt,0.0,1.3798993306988288,190197263,postprocessed_sensor_fault
15540.0,259.0,4.316666666666666,0,0.0,335.1371034904522,335.1371034904522,87.33264263003281,87.0359832315566,29.493305705201312,29.84988607918672,11.363158366861157,11.372285985118081,25.043931246220108,24.956772631700918,25.80130556044975,26.009313824870336,11.329709445629337,16.75685517452261,2628.4275872613057,2714.7973271320157,2713.9540105111137,-0.0016744794436408055,0.19186198609102012,0.19836822824957465,22.63624043693232,22.58338389848151,0.0,0.0,0.0,0.0,True,none,1.0,0.0,battery_voltage_sensor_drift,0.7309280582601319,0.7309280582601319,93,battery_voltage_sensor_drift,3.155245246436821,0.7309280582601319,abrupt,0.0,1.3798993306988288,190197263,postprocessed_sensor_fault
15600.0,260.0,4.333333333333333,0,0.0,332.6794919243112,332.6794919243112,86.8375838622883,86.48928100741679,29.473503354491534,29.77111577411074,11.287409166227041,11.333876461237832,25.04497582025901,25.115753074401205,25.792163065158586,25.72715864487978,11.1924484548661,16.633974596215563,2566.9872981077806,2640.8923126198983,2631.2264373977396,-0.0013662429328624172,0.18415607332156042,0.19249487823285236,22.632953188194616,22.69290126326939,0.0,0.0,0.0,0.0,True,none,1.0,0.0,battery_voltage_sensor_drift,0.7309280582601319,0.7309280582601319,93,battery_voltage_sensor_drift,3.155245246436821,0.7309280582601319,abrupt,0.0,1.3798993306988288,190197263,postprocessed_sensor_fault
15660.0,261.0,4.35,0,0.0,330.9788696740969,330.9788696740969,86.34505578241614,86.8702356154099,29.453802231296645,29.86921798111818,11.237220480906524,11.241978558868789,25.04571266510719,24.942720632106255,25.78292364760473,25.900211495775018,11.102009930920405,16.548943483704846,2524.471741852423,2582.682027236161,2580.08748667042,-0.0009708345151577327,0.1742708628789433,0.17708502656843508,22.629601313566596,22.61973912325872,0.0,0.0,0.0,0.0,True,none,1.0,0.0,battery_voltage_sensor_drift,0.7309280582601319,0.7309280582601319,93,battery_voltage_sensor_drift,3.155245246436821,0.7309280582601319,abrupt,0.0,1.3798993306988288,190197263,postprocessed_sensor_fault
15720.0,262.0,4.366666666666666,0,0.0,330.1095620926345,330.1095620926345,85.85382131501638,85.79423883773596,29.434152852600654,29.79698316330275,11.215188143709993,11.175356636601384,25.04631317447623,25.22426223599539,25.773671214633154,25.76756371038763,11.062435607905055,16.505478104631727,2502.739052315864,2542.710539776012,2542.9446907327365,-0.0005055354357605887,0.16263838589401472,0.15039077498529127,22.626197595225054,22.608565849145375,0.0,0.0,0.0,0.0,True,none,1.0,0.0,battery_voltage_sensor_drift,0.7309280582601319,0.7309280582601319,93,battery_voltage_sensor_drift,3.155245246436821,0.7309280582601319,abrupt,0.0,1.3798993306988288,190197263,postprocessed_sensor_fault
15780.0,263.0,4.383333333333334,0,0.0,330.1095620926345,330.1095620926345,85.36258684761663,85.47677241659751,29.414503473904666,29.775727782920253,11.222680076360769,11.251275262104546,25.046954908255064,24.864143858886724,25.764492801125353,25.878527325137615,11.075883847707596,16.505478104631727,2502.7390523158633,2522.724796045938,2531.173977104832,9.318502806628603e-06,0.15023296257016572,0.15153897943024847,22.622759395398674,22.8210842758015,0.0,0.0,0.0,0.0,True,none,1.0,0.0,battery_voltage_sensor_drift,0.7309280582601319,0.7309280582601319,93,battery_voltage_sensor_drift,3.155245246436821,0.7309280582601319,abrupt,0.0,1.3798993306988288,190197263,postprocessed_sensor_fault
15840.0,264.0,4.4,0,0.0,330.9788696740969,330.9788696740969,84.87005876774447,84.75797110508388,29.394802350709778,29.709515284299993,11.259775307388825,11.225954750059323,25.04781518946497,25.148629371213435,25.75547474568376,25.803502416030458,11.142603197830649,16.548943483704846,2524.471741852423,2523.5982689491807,2524.464932452999,0.0005512257128852536,0.16378064282213134,0.15922396248041437,22.61937733842475,22.360623039041695,0.0,0.0,0.0,0.0,True,none,1.0,0.0,battery_voltage_sensor_drift,0.7309280582601319,0.7309280582601319,93,battery_voltage_sensor_drift,3.155245246436821,0.7309280582601319,abrupt,0.0,1.3798993306988288,190197263,postprocessed_sensor_fault
15900.0,265.0,4.416666666666667,0,0.0,332.6794919243112,332.6794919243112,84.37499999999994,83.95603004485986,29.374999999999996,29.793581165095745,11.325259299551021,11.309626851510306,25.04906469784873,25.176001922670576,25.746698896910722,25.80555722335707,11.260919856165351,16.633974596215563,2566.9872981077806,2545.292783528481,2538.844373354866,0.0010965022490355544,0.17741255622588886,0.17198183229514205,22.616071875239786,22.60825770775133,0.0,0.0,0.0,0.0,True,none,1.0,0.0,battery_voltage_sensor_drift,0.7309280582601319,0.7309280582601319,93,battery_voltage_sensor_drift,3.155245246436821,0.7309280582601319,abrupt,0.0,1.3798993306988288,190197263,postprocessed_sensor_fault
15960.0,266.0,4.433333333333334,0,0.0,335.13710349045203,335.13710349045203,83.87628407218678,83.70713325339264,29.355051362887473,29.75632540390022,11.416675765526124,11.389261543482002,25.050861105804344,25.165320176921856,25.73823901608448,25.69095433364043,11.427238842812121,16.756855174522602,2628.4275872613007,2586.860185394891,2588.397567055557,0.0016213169101006175,0.19053292275251543,0.18684046992053444,22.612861137989317,22.62599984381763,0.0,0.0,0.0,0.0,True,none,1.0,0.0,battery_voltage_sensor_drift,0.7309280582601319,0.7309280582601319,93,battery_voltage_sensor_drift,3.155245246436821,0.7309280582601319,abrupt,0.0,1.3798993306988288,190197263,postprocessed_sensor_fault
16020.0,267.0,4.45,0,0.0,338.2442949541506,338.2442949541506,83.37294434755262,83.70533864193136,29.334917773902106,29.643244747620276,11.530432693255086,11.510182192614458,25.0533428399945,25.227785728794558,25.73015753345122,25.626446685758562,11.63607024749486,16.91221474770753,2706.107373853764,2646.483779624328,2632.8392356015934,0.002102732777051836,0.20256831942629588,0.20869602127777107,22.6097601203715,22.593187909447458,0.0,0.0,0.0,0.0,True,none,1.0,0.0,battery_voltage_sensor_drift,0.7309280582601319,0.7309280582601319,93,battery_voltage_sensor_drift,3.155245246436821,0.7309280582601319,abrupt,0.0,1.3798993306988288,190197263,postprocessed_sensor_fault
16080.0,268.0,4.466666666666667,0,0.0,341.86526713848406,341.86526713848406,82.86421627145369,82.64643593907438,29.31456865085815,29.629264610659554,11.661957957156444,11.59567364729254,25.05662311985973,25.016162194003314,25.72250279989746,25.772568634992872,11.88010107155876,17.093263356924204,2796.6316784621013,2721.557729043214,2729.1470119650803,0.00251970966641371,0.21299274166034274,0.21504073217744044,22.606779986006348,22.732023464411103,0.0,0.0,0.0,0.0,True,none,1.0,0.0,battery_voltage_sensor_drift,0.7309280582601319,0.7309280582601319,93,battery_voltage_sensor_drift,3.155245246436821,0.7309280582601319,abrupt,0.0,1.3798993306988288,190197263,postprocessed_sensor_fault
16140.0,269.0,4.483333333333333,0,0.0,345.8417661836447,345.8417661836447,82.34957078606136,82.48255951089891,29.293982831442456,29.564433320883605,11.805897756328248,11.776599884236846,25.060784506962673,25.06743044404049,25.715306954116645,25.796313986638133,12.15033774663011,17.292088309182237,2896.0441545911185,2808.800941817166,2804.9666155989403,0.0028540236872440033,0.2213505921811001,0.22315183272366387,22.603927540110472,22.480374544082697,0.0,0.0,0.0,0.0,True,none,1.0,0.0,battery_voltage_sensor_drift,0.7309280582601319,0.7309280582601319,93,battery_voltage_sensor_drift,3.155245246436821,0.7309280582601319,abrupt,0.0,1.3798993306988288,190197263,postprocessed_sensor_fault
16200.0,270.0,4.5,1,600.0,349.99999999999994,-250.00000000000006,82.72159459558517,82.82743424242459,29.308863783823405,29.68497641563385,-8.529842775344429,-8.511485407822503,25.06515532466012,24.886844451196048,25.72458449848371,25.69640527770277,6.820657421767644,17.499999999999996,2999.999999999999,2904.400470908583,2901.2200189191135,0.003091063712615916,0.22727659281539792,0.22689908624298827,22.601204893335925,22.71047185405275,0.0,0.0,0.0,0.0,True,none,1.0,0.0,battery_voltage_sensor_drift,0.7309280582601319,0.7309280582601319,93,battery_voltage_sensor_drift,3.155245246436821,0.7309280582601319,abrupt,0.0,1.3798993306988288,190197263,postprocessed_sensor_fault
16260.0,271.0,4.516666666666667,1,601.2556165273943,354.15823381635516,-247.09738271103913,83.08929903414327,82.79917591647735,29.32357196136573,29.672569020288535,-8.42657855723013,-8.35538259518558,25.069032986360472,25.126427878813708,25.73420364587748,25.916148280433273,6.680578094493649,17.70791169081776,3103.955845408879,3004.1781581587306,3004.189825014937,0.003220469955976323,0.23051174889940806,0.22975811459902068,22.598609337951657,22.47723613843461,0.0,0.0,0.0,0.0,True,none,1.0,0.0,battery_voltage_sensor_drift,0.7309280582601319,0.7309280582601319,93,battery_voltage_sensor_drift,3.155245246436821,0.7309280582601319,abrupt,0.0,1.3798993306988288,190197263,postprocessed_sensor_fault
16320.0,272.0,4.533333333333333,1,602.5051158172813,358.134732861516,-244.3703829557653,83.45294543735125,83.07004631059964,29.33811781749405,29.699274875730566,-8.32944991481524,-8.302025810248299,25.072453384677885,25.050218143860004,25.74414348999661,25.97036786586696,6.550378870673249,17.9067366430758,3203.3683215379,3103.7732398483154,3112.987900494163,0.0032365867435303767,0.2309146685882594,0.24040620013782854,22.596133446035566,22.441732293313553,0.0,0.0,0.0,0.0,True,none,1.0,0.0,battery_voltage_sensor_drift,0.7309280582601319,0.7309280582601319,93,battery_voltage_sensor_drift,3.155245246436821,0.7309280582601319,abrupt,0.0,1.3798993306988288,190197263,postprocessed_sensor_fault
16380.0,273.0,4.55,1,603.7424104347197,361.75570504584937,-241.9867053888703,83.81304470132278,84.07387050325356,29.35252178805291,29.682233557975245,-8.24415384600324,-8.307190979197724,25.07547628373957,24.947740972678982,25.75436591258122,25.732557322399202,6.437285810925601,18.08778525229247,3293.8926261462343,3198.832932997275,3195.9071107600903,0.0031387096943249967,0.2284677423581249,0.22541997106656142,22.593765387675813,22.70929321901612,0.0,0.0,0.0,0.0,True,none,1.0,0.0,battery_voltage_sensor_drift,0.7309280582601319,0.7309280582601319,93,battery_voltage_sensor_drift,3.155245246436821,0.7309280582601319,abrupt,0.0,1.3798993306988288,190197263,postprocessed_sensor_fault
16440.0,274.0,4.566666666666666,1,604.961472404706,364.8628965095478,-240.0985758951582,84.1703342487858,84.14485121823567,29.366813369951434,29.67331570803981,-8.17584709891713,-8.237672273642284,25.0781819529131,25.04424144132471,25.764817274931527,25.879687597228727,6.347558062789732,18.24314482547739,3371.5724127386957,3285.202672867985,3287.1964937039074,0.0029311165050767297,0.22327791262691823,0.22437664651729847,22.591489455202225,22.632558266338194,0.0,0.0,0.0,0.0,True,none,1.0,0.0,battery_voltage_sensor_drift,0.7309280582601319,0.7309280582601319,93,battery_voltage_sensor_drift,3.155245246436821,0.7309280582601319,abrupt,0.0,1.3798993306988288,190197263,postprocessed_sensor_fault
16500.0,275.0,4.583333333333333,1,606.1563625798619,367.32050807568874,-238.8358545041732,84.52574474655987,84.86674791456183,29.381029789862396,29.735380682412167,-8.128913663420365,-8.18952796300977,25.080667324488246,25.036333467771836,25.775430787539644,25.749944979296593,6.286338987787384,18.366025403784437,3433.0127018922185,3359.107687380102,3359.994225794326,0.0026228799942983206,0.215571999857458,0.21578256105275848,22.58928676811425,22.681707860655777,0.0,0.0,0.0,0.0,True,none,1.0,0.0,battery_voltage_sensor_drift,0.7309280582601319,0.7309280582601319,93,battery_voltage_sensor_drift,3.155245246436821,0.7309280582601319,abrupt,0.0,1.3798993306988288,190197263,postprocessed_sensor_fault
16560.0,276.0,4.6,1,607.3212595753644,369.0211303259031,-238.3001292494613,84.88035803413348,84.76237921454971,29.395214321365337,29.7520308526665,-8.106766177794373,-8.093488858394718,25.083041895971032,25.219951296560094,25.78612945427192,25.636170609791055,6.257572628914463,18.451056516295154,3475.5282581475763,3417.3179727638394,3419.3347377096516,0.002227471576593643,0.20568678941484106,0.20472314894347327,22.5871361235433,22.613529724000223,0.0,0.0,0.0,0.0,True,none,1.0,0.0,battery_voltage_sensor_drift,0.7309280582601319,0.7309280582601319,93,battery_voltage_sensor_drift,3.155245246436821,0.7309280582601319,abrupt,0.0,1.3798993306988288,190197263,postprocessed_sensor_fault
16620.0,277.0,4.616666666666666,1,608.450488130146,369.8904379073655,-238.56005022278055,85.23535810886975,84.46786205523438,29.409414324354792,29.734623876502518,-8.111689936824822,-8.095699184416267,25.085423514896856,24.950549676454926,25.79682946242848,25.741957817466194,6.263961090494807,18.494521895368276,3497.2609476841367,3457.2894602239876,3454.242869659354,0.0017621724971965131,0.19405431242991283,0.19581475395444647,22.585014949548377,22.681054076348442,0.0,0.0,0.0,0.0,True,none,1.0,0.0,battery_voltage_sensor_drift,0.7309280582601319,0.7309280582601319,93,battery_voltage_sensor_drift,3.155245246436821,0.7309280582601319,abrupt,0.0,1.3798993306988288,190197263,postprocessed_sensor_fault
16680.0,278.0,4.633333333333334,1,609.5385467561977,369.8904379073655,-239.64810884883218,85.59197731846623,85.60462136555617,29.42367909273865,29.771003740162627,-8.1447363565073,-8.152484898510977,25.08793410189201,25.129142471907553,25.80744387051979,25.835236998655233,6.306938425360945,18.494521895368276,3497.2609476841367,3477.2752039540624,3473.2637268197864,0.0012473185586292885,0.18118296396573222,0.1760525420682531,22.582900313827338,22.686873627794878,0.0,0.0,0.0,0.0,True,none,1.0,0.0,battery_voltage_sensor_drift,0.7309280582601319,0.7309280582601319,93,battery_voltage_sensor_drift,3.155245246436821,0.7309280582601319,abrupt,0.0,1.3798993306988288,190197263,postprocessed_sensor_fault
16740.0,279.0,4.65,1,610.5801345412646,369.0211303259031,-241.55900421536148,85.95144012235814,85.80513219852787,29.438057604894325,29.765437119879113,-8.205670613783983,-8.173575173429438,25.090695305339835,25.205150416932568,25.81788643258822,25.995000516621666,6.386642417753441,18.451056516295154,3475.5282581475767,3476.4017310508193,3475.9009303703383,0.0007054113485506565,0.1676352837137664,0.17255390950311017,22.580769938777138,22.635262607636015,0.0,0.0,0.0,0.0,True,none,1.0,0.0,battery_voltage_sensor_drift,0.7309280582601319,0.7309280582601319,93,battery_voltage_sensor_drift,3.155245246436821,0.7309280582601319,abrupt,0.0,1.3798993306988288,190197263,postprocessed_sensor_fault
16800.0,280.0,4.666666666666667,1,611.5701769743577,367.3205080756888,-244.24966889866886,86.3149068915526,86.0126135264023,29.452596275662103,29.828401038481527,-8.29297582503796,-8.296553028957979,25.093824052983706,24.974633282385177,25.828075391935084,25.888956543793377,6.5018758427731225,18.36602540378444,3433.0127018922203,3454.70721647152,3454.8642269184706,0.00016013481240036989,0.15400337031000924,0.1513089339943014,22.578603175192807,22.51749507388148,0.0,0.0,0.0,0.0,True,none,1.0,0.0,battery_voltage_sensor_drift,0.7309280582601319,0.7309280582601319,93,battery_voltage_sensor_drift,3.155245246436821,0.7309280582601319,abrupt,0.0,1.3798993306988288,190197263,postprocessed_sensor_fault
16860.0,281.0,4.683333333333334,1,612.503850668262,364.8628965095479,-247.64095415871407,86.68342021619354,86.6776330367033,29.46733680864774,29.866274259081983,-8.403913654186734,-8.415649889561873,25.097427979254345,25.368410741036623,25.837937078450558,25.83068037379193,6.650061176562099,18.243144825477398,3371.5724127386984,3413.139814605109,3392.815519934369,-0.00036467984866471426,0.15911699621661785,0.15894230838543888,22.57643112269492,22.67713455505808,0.0,0.0,0.0,0.0,True,none,1.0,0.0,battery_voltage_sensor_drift,0.7309280582601319,0.7309280582601319,93,battery_voltage_sensor_drift,3.155245246436821,0.7309280582601319,abrupt,0.0,1.3798993306988288,190197263,postprocessed_sensor_fault
16920.0,282.0,4.7,1,613.376606858593,361.7557050458495,-251.62090181274357,87.0578560819863,86.97642978136254,29.482314243279454,29.901820287754422,-8.534638757881803,-8.55313397171888,25.10160076037283,25.189018898576872,25.84740915232754,25.70515494681321,6.827204698203059,18.087785252292473,3293.8926261462375,3353.5162203756736,3357.3245961402854,-0.0008460957156159045,0.1711523928903976,0.17867645539470306,22.57425432232752,22.538904359824148,0.0,0.0,0.0,0.0,True,none,1.0,0.0,battery_voltage_sensor_drift,0.7309280582601319,0.7309280582601319,93,battery_voltage_sensor_drift,3.155245246436821,0.7309280582601319,abrupt,0.0,1.3798993306988288,190197263,postprocessed_sensor_fault
16980.0,283.0,4.716666666666667,1,614.184193564921,358.134732861516,-256.049460703405,87.4388820651759,87.12326937643083,29.497555282607035,29.782797853366706,-8.680362092731874,-8.681495760339022,25.106417472093508,25.182460719237255,25.856443352395072,25.880662346205973,7.027894884874919,17.9067366430758,3203.3683215379006,3278.442270956787,3282.038885744844,-0.0012630726049777854,0.18157681512444462,0.1809213112453664,22.572052637564546,22.75014505118091,0.0,0.0,0.0,0.0,True,none,1.0,0.0,battery_voltage_sensor_drift,0.7309280582601319,0.7309280582601319,93,battery_voltage_sensor_drift,3.155245246436821,0.7309280582601319,abrupt,0.0,1.3798993306988288,190197263,postprocessed_sensor_fault
17040.0,284.0,4.733333333333333,1,614.9226763059908,354.15823381635533,-260.7644424896354,87.82692439030927,87.78837749091925,29.51307697561237,29.890791740813135,-8.835555936953428,-8.816436111709056,25.111930180251623,24.982063992011664,25.865007628957546,26.000861319877043,7.245363897202638,17.707911690817767,3103.9558454088833,3191.199058182836,3201.7944432209006,-0.001597386625808086,0.18993466564520214,0.1868043389833679,22.56980787602788,22.721692772386596,0.0,0.0,0.0,0.0,True,none,1.0,0.0,battery_voltage_sensor_drift,0.7309280582601319,0.7309280582601319,93,battery_voltage_sensor_drift,3.155245246436821,0.7309280582601319,abrupt,0.0,1.3798993306988288,190197263,postprocessed_sensor_fault
17100.0,285.0,4.75,1,615.5884572681198,350.0000000000001,-265.58845726811967,88.22214530886303,88.20083317185754,29.52888581235452,29.84352285480411,-8.994191618195115,-8.971974919031899,25.118164061267397,25.18561347019349,25.873087567925886,25.675779537495583,7.471638629184902,17.500000000000007,3000.0000000000027,3095.5995290914193,3094.5016151719155,-0.0018344266511799848,0.1958606662794996,0.1909182910436444,22.567504546352456,22.6747380706812,0.0,0.0,0.0,0.0,True,none,1.0,0.0,battery_voltage_sensor_drift,0.7309280582601319,0.7309280582601319,93,battery_voltage_sensor_drift,3.155245246436821,0.7309280582601319,abrupt,0.0,1.3798993306988288,190197263,postprocessed_sensor_fault
17160.0,286.0,4.766666666666667,1,616.1782928333851,345.8417661836448,-270.3365266497403,88.62443180685372,88.71265350619696,29.54497727227415,29.918379427518712,-9.1499994790462,-9.150511684774417,25.12511440769087,25.17574000386565,25.880687044000844,25.80438237405084,7.6977992373236575,17.29208830918224,2896.044154591119,2995.8218418412694,2999.1030063507314,-0.0019638328945404556,0.1990958223635114,0.18884104715705438,22.56513050416797,22.508237828062573,0.0,0.0,0.0,0.0,True,none,1.0,0.0,battery_voltage_sensor_drift,0.7309280582601319,0.7309280582601319,93,battery_voltage_sensor_drift,3.155245246436821,0.7309280582601319,abrupt,0.0,1.3798993306988288,190197263,postprocessed_sensor_fault
17220.0,287.0,4.783333333333333,1,616.6893093822022,341.86526713848406,-274.8240422437181,89.03339615543068,88.92209038692035,29.561335846217226,29.882557055415223,-9.296739622099507,-9.326132350241517,25.132744885938354,25.129435693647437,25.887828074362684,25.817656719919075,7.9143494080891905,17.093263356924204,2796.6316784621017,2896.226760151685,2903.749387085805,-0.001979949682094438,0.19949874205236096,0.19272986738320466,22.562677463221174,22.643449724066254,0.0,0.0,0.0,0.0,True,none,1.0,0.0,battery_voltage_sensor_drift,0.7309280582601319,0.7309280582601319,93,battery_voltage_sensor_drift,3.155245246436821,0.7309280582601319,abrupt,0.0,1.3798993306988288,190197263,postprocessed_sensor_fault
17280.0,288.0,4.8,1,617.1190172933127,338.2442949541506,-278.87472233916213,89.44838830176872,89.51389054481874,29.57793553207075,29.917731169654108,-9.42847150494273,-9.427833174542625,25.140987369934596,25.253916006842072,25.8945498792632,26.010966606196305,8.111685993561363,16.91221474770753,2706.1073738537643,2801.1670670027247,2796.089002312543,-0.0018820726328891012,0.19705181582222753,0.20286618077315743,22.56014135159038,22.485014126753295,0.0,0.0,0.0,0.0,True,none,1.0,0.0,battery_voltage_sensor_drift,0.7309280582601319,0.7309280582601319,93,battery_voltage_sensor_drift,3.155245246436821,0.7309280582601319,abrupt,0.0,1.3798993306988288,190197263,postprocessed_sensor_fault
17340.0,289.0,4.816666666666666,1,617.465323072968,335.13710349045215,-282.3282195825158,89.86851958090936,90.34133906076863,29.594740783236375,29.922970913905434,-9.539810524119801,-9.471000433618988,25.149743575004617,25.18968635353632,25.90090719057814,25.90893276925917,8.280638786888552,16.75685517452261,2628.4275872613034,2714.797327132014,2714.3116750509466,-0.0016744794436408194,0.19186198609102048,0.19066265450449918,22.557522497351798,22.59458416595722,0.0,0.0,0.0,0.0,True,none,1.0,0.0,battery_voltage_sensor_drift,0.7309280582601319,0.7309280582601319,93,battery_voltage_sensor_drift,3.155245246436821,0.7309280582601319,abrupt,0.0,1.3798993306988288,190197263,postprocessed_sensor_fault
17400.0,290.0,4.833333333333333,1,617.7265395542198,332.6794919243112,-285.0470476299086,90.29269673512054,90.03827490913824,29.61170786940482,29.949127391095193,-9.626160331144652,-9.571950716332639,25.158888570280162,25.118061840290352,25.906967882245944,25.670759741944483,8.413037017672233,16.633974596215563,2566.9872981077806,2640.8923126198974,2636.1001034276483,-0.0013662429328623966,0.18415607332155992,0.19358109941620777,22.55482563316095,22.692156948943193,0.0,0.0,0.0,0.0,True,none,1.0,0.0,battery_voltage_sensor_drift,0.7309280582601319,0.7309280582601319,93,battery_voltage_sensor_drift,3.155245246436821,0.7309280582601319,abrupt,0.0,1.3798993306988288,190197263,postprocessed_sensor_fault
17460.0,291.0,4.85,1,617.9013941166289,330.978869674097,-286.92252444253194,90.71966477744574,90.83532508819228,29.62878659109783,30.01855324091405,-9.68391073189409,-9.618316875169365,25.168276072742024,25.251331133024713,25.912810026155388,25.833811940732858,8.502250165063481,16.54894348370485,2524.471741852424,2582.682027236161,2575.9538106145274,-0.0009708345151577046,0.1742708628789426,0.1902327837109963,22.552059715195682,22.6499802523257,0.0,0.0,0.0,0.0,True,none,1.0,0.0,battery_voltage_sensor_drift,0.7309280582601319,0.7309280582601319,93,battery_voltage_sensor_drift,3.155245246436821,0.7309280582601319,abrupt,0.0,1.3798993306988288,190197263,postprocessed_sensor_fault
17520.0,292.0,4.866666666666666,1,617.9890348863438,330.1095620926345,-287.8794727937093,91.14805685005543,91.17030434380781,29.645922274002217,29.982254637402804,-9.710592577724025,-9.675904897973338,25.17774524516172,25.311438411234228,25.918518502155408,25.909804651601636,8.543648656843914,16.505478104631727,2502.739052315864,2542.710539776012,2538.51687413644,-0.0005055354357605887,0.16263838589401472,0.155518662720964,22.549237558841924,22.452283791788407,0.0,0.0,0.0,0.0,True,none,1.0,0.0,battery_voltage_sensor_drift,0.7309280582601319,0.7309280582601319,93,battery_voltage_sensor_drift,3.155245246436821,0.7309280582601319,abrupt,0.0,1.3798993306988288,190197263,postprocessed_sensor_fault
17580.0,293.0,4.883333333333334,1,617.9890348863438,330.1095620926345,-287.8794727937093,91.57644892266512,91.57433814500614,29.663057956906606,30.08176096976411,-9.704982986310108,-9.760439514463203,25.1871285589613,25.251687567183463,25.92418131034743,25.99337876855361,8.534935581165493,16.505478104631727,2502.739052315864,2522.724796045938,2513.3659204331016,9.318502806635758e-06,0.15023296257016588,0.15487680297077094,22.54637655928842,22.442245997726477,0.0,0.0,0.0,0.0,True,none,1.0,0.0,battery_voltage_sensor_drift,0.7309280582601319,0.7309280582601319,93,battery_voltage_sensor_drift,3.155245246436821,0.7309280582601319,abrupt,0.0,1.3798993306988288,190197263,postprocessed_sensor_fault
17640.0,294.0,4.9,1,617.9013941166289,330.9788696740969,-286.922524442532,92.00341696499031,91.32786185025938,29.680136678599613,29.99546939258462,-9.667156440334484,-9.656205660611844,25.196260164578707,25.119811390427266,25.92988574683206,25.796017884049142,8.47631309135204,16.548943483704846,2524.471741852423,2523.5982689491807,2510.729671090606,0.0005512257128852536,0.16378064282213134,0.16495971526162168,22.543567373585326,22.552098024988624,0.0,0.0,0.0,0.0,True,none,1.0,0.0,battery_voltage_sensor_drift,0.7309280582601319,0.7309280582601319,93,battery_voltage_sensor_drift,3.155245246436821,0.7309280582601319,abrupt,0.0,1.3798993306988288,190197263,postprocessed_sensor_fault
17700.0,295.0,4.916666666666667,1,617.7265395542198,332.6794919243112,-285.0470476299086,92.4275941192015,92.0248951687414,29.69710376476806,30.102588735207533,-9.598479699831257,-9.610143484894774,25.204984153604055,25.204202575658893,25.935714610049835,25.902222211071155,8.370465003845819,16.633974596215563,2566.9872981077806,2545.292783528481,2541.4553459859985,0.0010965022490355544,0.17741255622588886,0.17479077518849387,22.540830485136656,22.54682496180412,0.0,0.0,0.0,0.0,True,none,1.0,0.0,battery_voltage_sensor_drift,0.7309280582601319,0.7309280582601319,93,battery_voltage_sensor_drift,3.155245246436821,0.7309280582601319,abrupt,0.0,1.3798993306988288,190197263,postprocessed_sensor_fault
17760.0,296.0,4.933333333333334,1,617.465323072968,335.1371034904521,-282.3282195825159,92.84772539834213,92.87691174975107,29.713909015933687,30.030535497769307,-9.501550921190516,-9.447426985648372,25.213162107324557,25.06628649848457,25.94174260351848,26.19953037921952,8.222357592638108,16.756855174522606,2628.427587261303,2586.860185394892,2585.9377013049766,0.001621316910100646,0.19053292275251615,0.19031139925342175,22.53818405831196,22.740994081017213,0.0,0.0,0.0,0.0,True,none,1.0,0.0,battery_voltage_sensor_drift,0.7309280582601319,0.7309280582601319,93,battery_voltage_sensor_drift,3.155245246436821,0.7309280582601319,abrupt,0.0,1.3798993306988288,190197263,postprocessed_sensor_fault
17820.0,297.0,4.95,1,617.1190172933127,338.2442949541506,-278.87472233916213,93.26271754468019,92.98865014197932,29.73050870178721,30.09020280405057,-9.38008579457633,-9.39586561511565,25.22067940388424,25.237864122306533,25.94803309218575,25.84935951878126,8.038880761089011,16.91221474770753,2706.107373853764,2646.4837796243282,2652.662997777964,0.002102732777051822,0.20256831942629555,0.20274562742940036,22.53564311879172,22.54644269261149,0.0,0.0,0.0,0.0,True,none,1.0,0.0,battery_voltage_sensor_drift,0.7309280582601319,0.7309280582601319,93,battery_voltage_sensor_drift,3.155245246436821,0.7309280582601319,abrupt,0.0,1.3798993306988288,190197263,postprocessed_sensor_fault
17880.0,298.0,4.966666666666667,1,616.6893093822022,341.8652671384839,-274.8240422437183,93.67168189325714,93.28624347407826,29.746867275730285,30.102868176637656,-9.238755788847058,-9.152278614522528,25.227449889734523,25.300704491537598,25.95463535416211,26.107486884470173,7.828368682076403,17.093263356924194,2796.6316784620976,2721.557729043213,2725.679650299947,0.00251970966641366,0.2129927416603415,0.21773161372869637,22.533218861938416,22.472654213329612,0.0,0.0,0.0,0.0,True,none,1.0,0.0,battery_voltage_sensor_drift,0.7309280582601319,0.7309280582601319,93,battery_voltage_sensor_drift,3.155245246436821,0.7309280582601319,abrupt,0.0,1.3798993306988288,190197263,postprocessed_sensor_fault
17940.0,299.0,4.983333333333333,1,616.1782928333851,345.8417661836447,-270.33652664974034,94.07396839124782,93.84801622615649,29.762958735649914,30.150941875641735,-9.082985634957478,-9.126865857680416,25.233418691208072,24.935009495528053,25.96158244794718,25.899021521407988,7.6000502435875115,17.292088309182237,2896.0441545911185,2808.800941817166,2797.373303924266,0.0028540236872440176,0.22135059218110043,0.21775067628062506,22.53091812447305,22.5433329020717,0.0,0.0,0.0,0.0,True,none,1.0,0.0,battery_voltage_sensor_drift,0.7309280582601319,0.7309280582601319,93,battery_voltage_sensor_drift,3.155245246436821,0.7309280582601319,abrupt,0.0,1.3798993306988288,190197263,postprocessed_sensor_fault
18000.0,300.0,5.0,1,615.5884572681198,349.99999999999994,-265.58845726811984,94.46918930980158,94.39998901332496,29.778767572392063,30.18146027314664,-8.918718903409127,-8.858372976860743,25.238563124894963,25.50346908845091,25.9688897883636,25.974723009940845,7.363483750242184,17.499999999999996,2999.9999999999986,2904.4004709085825,2903.7107203644814,0.0030910637126159092,0.22727659281539772,0.21859736227119594,22.528743048315786,22.58790282104899,0.0,0.0,0.0,0.0,True,none,1.0,0.0,battery_voltage_sensor_drift,0.7309280582601319,0.7309280582601319,93,battery_voltage_sensor_drift,3.155245246436821,0.7309280582601319,abrupt,0.0,1.3798993306988288,190197263,postprocessed_sensor_fault
18060.0,301.0,5.016666666666667,1,614.9226763059908,354.15823381635516,-260.7644424896356,94.85723163493495,94.76609678165195,29.7942892653974,30.165863407995943,-8.752161871251051,-8.74846765615105,25.242891836124414,25.174931043703705,25.97655449343833,26.217757510352357,7.128026993646456,17.70791169081776,3103.955845408879,3004.1781581587306,3002.1896197315236,0.0032204699559763303,0.23051174889940823,0.24183471731888667,22.52669095676917,22.70766483561543,0.0,0.0,0.0,0.0,True,none,1.0,0.0,battery_voltage_sensor_drift,0.7309280582601319,0.7309280582601319,93,battery_voltage_sensor_drift,3.155245246436821,0.7309280582601319,abrupt,0.0,1.3798993306988288,190197263,postprocessed_sensor_fault
18120.0,302.0,5.033333333333333,1,614.184193564921,358.1347328615159,-256.0494607034051,95.23825761812455,95.34208216626946,29.80953030472498,30.200128522275598,-8.589516778223768,-8.61877045729645,25.246442431369903,25.095653712034693,25.984555530776973,26.047987624208144,6.90238387867101,17.906736643075796,3203.368321537897,3103.773239848314,3108.8979788060556,0.003236586743530341,0.23091466858825851,0.23670081404106755,22.52475445271195,22.60147966906851,0.0,0.0,0.0,0.0,True,none,1.0,0.0,battery_voltage_sensor_drift,0.7309280582601319,0.7309280582601319,93,battery_voltage_sensor_drift,3.155245246436821,0.7309280582601319,abrupt,0.0,1.3798993306988288,190197263,postprocessed_sensor_fault
18180.0,303.0,5.05,1,613.376606858593,361.75570504584937,-251.62090181274368,95.61269348391733,96.01054522725904,29.824507739356694,30.233505352790885,-8.436716005900825,-8.397221370359828,25.249277957305477,25.465131402953045,25.99285465703534,26.154997593928513,6.694254157137854,18.08778525229247,3293.8926261462343,3198.8329329972744,3183.1054763911206,0.0031387096943250115,0.22846774235812528,0.2269751668254449,22.52292173680212,22.497632650048693,0.0,0.0,0.0,0.0,True,none,1.0,0.0,battery_voltage_sensor_drift,0.7309280582601319,0.7309280582601319,93,battery_voltage_sensor_drift,3.155245246436821,0.7309280582601319,abrupt,0.0,1.3798993306988288,190197263,postprocessed_sensor_fault
18240.0,304.0,5.066666666666666,1,612.503850668262,364.8628965095479,-247.64095415871407,95.98120680855826,95.75269139454733,29.83924827234233,30.270681960091114,-8.299168661974964,-8.337605777278302,25.25148260968962,25.377270739458,26.001398109430014,26.143023286348726,6.510096038392585,18.243144825477398,3371.572412738698,3285.202672867986,3283.529457702939,0.002931116505076772,0.22327791262691932,0.2238770069415673,22.521177131710086,22.40838966247276,0.0,0.0,0.0,0.0,True,none,1.0,0.0,battery_voltage_sensor_drift,0.7309280582601319,0.7309280582601319,93,battery_voltage_sensor_drift,3.155245246436821,0.7309280582601319,abrupt,0.0,1.3798993306988288,190197263,postprocessed_sensor_fault
18300.0,305.0,5.083333333333333,1,611.5701769743577,367.32050807568874,-244.24966889866892,96.3446735777527,96.28389517460435,29.85378694311011,30.156976829458994,-8.181530516182598,-8.140468548895193,25.253157031788078,25.091842983226936,26.010118975362143,26.00164716443858,6.354995326978167,18.366025403784437,3433.0127018922185,3359.1076873801026,3357.8486888930292,0.0026228799942983067,0.21557199985745767,0.2187769752546364,22.5195017870483,22.520822764882507,0.0,0.0,0.0,0.0,True,none,1.0,0.0,battery_voltage_sensor_drift,0.7309280582601319,0.7309280582601319,93,battery_voltage_sensor_drift,3.155245246436821,0.7309280582601319,abrupt,0.0,1.3798993306988288,190197263,postprocessed_sensor_fault
18360.0,306.0,5.1,1,610.5801345412646,369.021130325903,-241.55900421536154,96.70413638164462,97.1514076502307,29.868165455265785,30.26902024413187,-8.087507234990706,-8.104388822108392,25.25441349580429,25.452986445818507,26.018940136591837,25.859970571329207,6.232621862082161,18.45105651629515,3475.5282581475753,3417.317972763839,3405.32945784894,0.002227471576593615,0.20568678941484037,0.20846949996337713,22.517874529835343,22.430543926500686,0.0,0.0,0.0,0.0,True,none,1.0,0.0,battery_voltage_sensor_drift,0.7309280582601319,0.7309280582601319,93,battery_voltage_sensor_drift,3.155245246436821,0.7309280582601319,abrupt,0.0,1.3798993306988288,190197263,postprocessed_sensor_fault
18420.0,307.0,5.116666666666666,1,609.5385467561977,369.8904379073655,-239.64810884883218,97.0607555912411,97.02047564240503,29.882430223649642,30.22231729604345,-8.019699437268967,-7.9715617125153555,25.255371169246565,25.050249103415585,26.02777765928984,25.83229676845838,6.145246325130574,18.494521895368276,3497.260947684137,3457.2894602239876,3470.7294413415766,0.0017621724971965272,0.19405431242991317,0.19540221686308698,22.51627281779323,22.599800369289,0.0,0.0,0.0,0.0,True,none,1.0,0.0,battery_voltage_sensor_drift,0.7309280582601319,0.7309280582601319,93,battery_voltage_sensor_drift,3.155245246436821,0.7309280582601319,abrupt,0.0,1.3798993306988288,190197263,postprocessed_sensor_fault
18480.0,308.0,5.133333333333334,1,608.450488130146,369.8904379073655,-238.56005022278055,97.41575566597737,97.42405020310659,29.896630226639097,30.166051777089795,-7.979496298222064,-8.073376130501758,25.25615157187731,25.326472264251386,26.036544481806256,26.282663344921623,6.09378889386717,18.494521895368276,3497.260947684137,3477.2752039540624,3483.978475239866,0.001247318558629296,0.18118296396573239,0.17486324380298118,22.514673748060353,22.693217233041494,0.0,0.0,0.0,0.0,True,none,1.0,0.0,battery_voltage_sensor_drift,0.7309280582601319,0.7309280582601319,93,battery_voltage_sensor_drift,3.155245246436821,0.7309280582601319,abrupt,0.0,1.3798993306988288,190197263,postprocessed_sensor_fault
18540.0,309.0,5.15,1,607.3212595753644,369.02113032590313,-238.30012924946124,97.77036895355099,97.88575039065525,29.91081475814204,30.238330621385817,-7.967022335444521,-8.036915410010344,25.25687424775097,25.442449012970048,26.045154238984395,26.343555222830926,6.07787559147775,18.451056516295157,3475.5282581475776,3476.40173105082,3483.448199629709,0.0007054113485506708,0.16763528371376676,0.16266666525459558,22.513055072253405,22.655309964056734,0.0,0.0,0.0,0.0,True,none,1.0,0.0,battery_voltage_sensor_drift,0.7309280582601319,0.7309280582601319,93,battery_voltage_sensor_drift,3.155245246436821,0.7309280582601319,abrupt,0.0,1.3798993306988288,190197263,postprocessed_sensor_fault
18600.0,310.0,5.166666666666667,1,606.156362579862,367.32050807568885,-238.8358545041732,98.12577945132504,98.52863492068707,29.925031178053,30.196108545388014,-7.9811397048546855,-7.960427167542545,25.257652626528042,25.199804862080498,26.05352505588009,25.943070400616545,6.095887279072635,18.366025403784445,3433.0127018922203,3454.7072164715205,3450.814664680178,0.00016013481240036295,0.15400337031000907,0.14016540168566582,22.511396170168002,22.443143552052778,0.0,0.0,0.0,0.0,True,none,1.0,0.0,battery_voltage_sensor_drift,0.7309280582601319,0.7309280582601319,93,battery_voltage_sensor_drift,3.155245246436821,0.7309280582601319,abrupt,0.0,1.3798993306988288,190197263,postprocessed_sensor_fault
18660.0,311.0,5.183333333333334,1,604.961472404706,364.8628965095479,-240.0985758951581,98.4830689987881,98.40186322969419,29.939322759951523,30.33271755555269,-8.019505912683071,-7.989491749657158,25.25859003745782,25.18619987292642,26.061583145084004,26.081074858903648,6.144998006684699,18.243144825477398,3371.5724127386984,3413.139814605109,3404.0773498921,-0.0003646798486647213,0.15911699621661804,0.1464787513697325,22.5097281702078,22.502967467779197,0.0,0.0,0.0,0.0,True,none,1.0,0.0,battery_voltage_sensor_drift,0.7309280582601319,0.7309280582601319,93,battery_voltage_sensor_drift,3.155245246436821,0.7309280582601319,abrupt,0.0,1.3798993306988288,190197263,postprocessed_sensor_fault
18720.0,312.0,5.2,1,603.7424104347197,361.7557050458495,-241.98670538887018,98.84316826275963,98.90362120513133,29.953726730510386,30.350393465632635,-8.07868441766835,-8.046593952748612,25.259775868411815,25.091156164367593,26.069266050427917,25.848012286822865,6.221211353622193,18.087785252292473,3293.8926261462375,3353.5162203756736,3343.7115507175763,-0.0008460957156159045,0.1711523928903976,0.1718943973087783,22.508051641984054,22.515014389577697,0.0,0.0,0.0,0.0,True,none,1.0,0.0,battery_voltage_sensor_drift,0.7309280582601319,0.7309280582601319,93,battery_voltage_sensor_drift,3.155245246436821,0.7309280582601319,abrupt,0.0,1.3798993306988288,190197263,postprocessed_sensor_fault
18780.0,313.0,5.216666666666667,1,602.5051158172813,358.13473286151606,-244.37038295576525,99.20681466596761,99.12549998316165,29.968272586638705,30.32119748557936,-8.154303263536027,-8.15976781088319,25.261281922991667,25.167642512868106,26.076525395310647,26.03921343587396,6.3194129370971455,17.906736643075803,3203.3683215379006,3278.442270956787,3281.875461711557,-0.0012630726049777854,0.18157681512444462,0.1837969357414526,22.506346477323657,22.513878256055047,0.0,0.0,0.0,0.0,True,none,1.0,0.0,battery_voltage_sensor_drift,0.7309280582601319,0.7309280582601319,93,battery_voltage_sensor_drift,3.155245246436821,0.7309280582601319,abrupt,0.0,1.3798993306988288,190197263,postprocessed_sensor_fault
18840.0,314.0,5.233333333333333,1,601.2556165273943,354.15823381635516,-247.09738271103913,99.5745191045257,99.19459232078627,29.98298076418103,30.281983273018508,-8.24125475230376,-8.25855367305102,25.26315910609168,25.37203634339853,26.083329015529795,26.143183563100912,6.433462391389545,17.70791169081776,3103.9558454088797,3191.199058182833,3195.9266546186095,-0.0015973866258081285,0.1899346656452032,0.19863992044308088,22.504594511988795,22.45442953274349,0.0,0.0,0.0,0.0,True,none,1.0,0.0,battery_voltage_sensor_drift,0.7309280582601319,0.7309280582601319,93,battery_voltage_sensor_drift,3.155245246436821,0.7309280582601319,abrupt,0.0,1.3798993306988288,190197263,postprocessed_sensor_fault
18900.0,315.0,5.25,1,600.0,350.0,-250.0,99.94654291404952,100.0203083111737,29.99786171656198,30.282731263868428,-8.333927343293727,-8.335265820923226,25.265434643445346,25.17733002772613,26.089662383405557,26.16794314196321,6.556347597063907,17.5,2999.9999999999995,3095.5995290914166,3105.4021362953554,-0.0018344266511799994,0.19586066627949997,0.20538767462329216,22.502780282543664,22.40294322449813,0.0,0.0,0.0,0.0,True,none,1.0,0.0,battery_voltage_sensor_drift,0.7309280582601319,0.7309280582601319,93,battery_voltage_sensor_drift,3.155245246436821,0.7309280582601319,abrupt,0.0,1.3798993306988288,190197263,postprocessed_sensor_fault
18960.0,316.0,5.266666666666667,1,598.7443834726058,345.8417661836448,-252.90261728896104,100.0,100.0,30.0,30.324256261679828,-8.430087242965367,-8.432642791507922,25.26812640116441,25.497694096460986,26.095529260956678,26.0384489816113,6.685309673920594,17.29208830918224,2896.0441545911194,2995.821841841268,2990.168356341479,-0.0019638328945404135,0.19909582236351034,0.20088252932920664,22.500891672337747,22.51621512164105,0.0,0.0,0.0,0.0,True,none,1.0,0.0,battery_voltage_sensor_drift,0.7309280582601319,0.7309280582601319,93,battery_voltage_sensor_drift,3.155245246436821,0.7309280582601319,abrupt,0.0,1.3798993306988288,190197263,postprocessed_sensor_fault
19020.0,317.0,5.283333333333333,1,597.4948841827189,341.86526713848417,-255.62961704423475,100.0,99.99972737412125,30.0,30.313082694261446,-8.520987234807825,-8.545486176461846,25.271212902345624,25.280879986145646,26.100951553582874,26.064971708106214,6.808577876460633,17.093263356924208,2796.631678462105,2896.226760151687,2892.435114622139,-0.001979949682094374,0.19949874205235935,0.19149086885721256,22.498920422629677,22.48665812210939,0.0,0.0,0.0,0.0,True,none,1.0,0.0,battery_voltage_sensor_drift,0.7309280582601319,0.7309280582601319,93,battery_voltage_sensor_drift,3.155245246436821,0.7309280582601319,abrupt,0.0,1.3798993306988288,190197263,postprocessed_sensor_fault
19080.0,318.0,5.3,1,596.2575895652803,338.24429495415046,-258.0132946111299,100.0,99.92335203644889,30.0,30.4040674618197,-8.60044315370433,-8.588146950360517,25.274643657582242,25.20752658697947,26.105968370649627,26.038954961833632,6.917409795207974,16.912214747707523,2706.1073738537616,2801.1670670027247,2813.1243518715687,-0.0018820726328891576,0.19705181582222894,0.193490310275787,22.49686248880332,22.43555881807427,0.0,0.0,0.0,0.0,True,none,1.0,0.0,battery_voltage_sensor_drift,0.7309280582601319,0.7309280582601319,93,battery_voltage_sensor_drift,3.155245246436821,0.7309280582601319,abrupt,0.0,1.3798993306988288,190197263,postprocessed_sensor_fault
19140.0,319.0,5.316666666666666,1,595.038527595294,335.13710349045203,-259.90142410484196,100.0,100.0,30.0,30.290575777235343,-8.663380803494732,-8.730117456870659,25.27834357348911,25.221708417693474,26.110634334033474,26.39135692961375,7.004333355708883,16.756855174522602,2628.427587261301,2714.7973271320125,2714.499731879421,-0.001674479443640848,0.1918619860910212,0.19873964105183697,22.49471822603564,22.289802462181104,0.0,0.0,0.0,0.0,True,none,1.0,0.0,battery_voltage_sensor_drift,0.7309280582601319,0.7309280582601319,93,battery_voltage_sensor_drift,3.155245246436821,0.7309280582601319,abrupt,0.0,1.3798993306988288,190197263,postprocessed_sensor_fault
19200.0,320.0,5.333333333333333,1,593.843637420138,332.6794919243113,-261.16414549582663,100.0,99.84977176046803,30.0,30.40356340764291,-8.705471516527554,-8.726217276294728,25.282216241201528,25.379372729708088,26.11501720855364,26.420051501029352,7.062818746005804,16.633974596215566,2566.9872981077824,2640.8923126198974,2643.9323536805523,-0.0013662429328623609,0.184156073321559,0.18179023405023484,22.49249239387966,22.55873543245847,0.0,0.0,0.0,0.0,True,none,1.0,0.0,battery_voltage_sensor_drift,0.7309280582601319,0.7309280582601319,93,battery_voltage_sensor_drift,3.155245246436821,0.7309280582601319,abrupt,0.0,1.3798993306988288,190197263,postprocessed_sensor_fault
19260.0,321.0,5.35,1,592.6787404246356,330.978869674097,-261.69987075053865,100.0,100.0,30.0,30.341232089083597,-8.723329025017955,-8.686732836191208,25.28614866889531,25.097510718503052,26.11919495785262,26.31066967333861,7.087717542297658,16.54894348370485,2524.471741852424,2582.682027236161,2587.2985548179167,-0.0009708345151577046,0.1742708628789426,0.1660383572358159,22.490193975209003,22.479062955807965,0.0,0.0,0.0,0.0,True,none,1.0,0.0,battery_voltage_sensor_drift,0.7309280582601319,0.7309280582601319,93,battery_voltage_sensor_drift,3.155245246436821,0.7309280582601319,abrupt,0.0,1.3798993306988288,190197263,postprocessed_sensor_fault
19320.0,322.0,5.366666666666666,1,591.549511869854,330.1095620926345,-261.43994977721945,100.0,100.0,30.0,30.428570843089943,-8.714664992573981,-8.671766390581698,25.290017213130685,25.274211666324522,26.123252354399064,26.090786920869657,7.075630874623557,16.505478104631727,2502.739052315864,2542.710539776012,2541.212719313271,-0.0005055354357605887,0.16263838589401472,0.1519285955137488,22.487835811905146,22.414529895429233,0.0,0.0,0.0,0.0,True,none,1.0,0.0,battery_voltage_sensor_drift,0.7309280582601319,0.7309280582601319,93,battery_voltage_sensor_drift,3.155245246436821,0.7309280582601319,abrupt,0.0,1.3798993306988288,190197263,postprocessed_sensor_fault
19380.0,323.0,5.383333333333334,1,590.4614532438022,330.1095620926345,-260.3518911511677,100.0,100.0,30.0,30.35824575918172,-8.67839637170559,-8.737133983152134,25.29369432680775,25.23124045940886,26.127277291773133,26.07870609614648,7.02516508675462,16.505478104631727,2502.7390523158633,2522.724796045938,2520.9782790336035,9.318502806628603e-06,0.15023296257016572,0.1609809104731455,22.485435325453665,22.44995901538357,0.0,0.0,0.0,0.0,True,none,1.0,0.0,battery_voltage_sensor_drift,0.7309280582601319,0.7309280582601319,93,battery_voltage_sensor_drift,3.155245246436821,0.7309280582601319,abrupt,0.0,1.3798993306988288,190197263,postprocessed_sensor_fault
19440.0,324.0,5.4,1,589.4198654587356,330.9788696740969,-258.44099578463863,100.0,99.78478884965969,30.0,30.352068300533986,-8.614699859487954,-8.631757137859344,25.29705564182532,25.268829891181657,26.131356960406357,25.983244902323335,6.937044293524942,16.548943483704846,2524.471741852423,2523.5982689491807,2524.6252767550895,0.0005512257128852536,0.16378064282213134,0.15789142545024717,22.48308319900433,22.525486671172818,0.0,0.0,0.0,0.0,True,none,1.0,0.0,battery_voltage_sensor_drift,0.7309280582601319,0.7309280582601319,93,battery_voltage_sensor_drift,3.155245246436821,0.7309280582601319,abrupt,0.0,1.3798993306988288,190197263,postprocessed_sensor_fault
19500.0,325.0,5.416666666666667,1,588.4298230256422,332.6794919243112,-255.75033110133103,100.0,100.0,30.0,30.395637376839947,-8.525011036711033,-8.551826338883384,25.299986858154647,24.984988660174594,26.135574053915537,26.130273410320655,6.814065054083594,16.633974596215563,2566.98729810778,2545.2927835284804,2540.611101781896,0.0010965022490355475,0.1774125562258887,0.17783383704409841,22.480799941865016,22.423718838408952,0.0,0.0,0.0,0.0,True,none,1.0,0.0,battery_voltage_sensor_drift,0.7309280582601319,0.7309280582601319,93,battery_voltage_sensor_drift,3.155245246436821,0.7309280582601319,abrupt,0.0,1.3798993306988288,190197263,postprocessed_sensor_fault
19560.0,326.0,5.433333333333334,0,0.0,335.1371034904521,335.1371034904521,99.50128407218682,99.15715460577213,29.980051362887473,30.34336185474182,11.178670090783127,11.102897463373104,25.298843647672005,25.37387059690122,26.12400317183326,26.304303979096808,10.99701319988554,16.756855174522606,2628.427587261303,2586.860185394892,2581.397534259505,0.001621316910100653,0.19053292275251632,0.19650037069484338,22.478603744114857,22.587003244157316,0.0,0.0,0.0,0.0,True,none,1.0,0.0,battery_voltage_sensor_drift,0.7309280582601319,0.7309280582601319,93,battery_voltage_sensor_drift,3.155245246436821,0.7309280582601319,abrupt,0.0,1.3798993306988288,190197263,postprocessed_sensor_fault
19620.0,327.0,5.45,0,0.0,338.2442949541506,338.2442949541506,98.99794434755268,98.82680724435338,29.959917773902106,30.32556672972249,11.289893967893097,11.314246189387317,25.29837370733431,25.33620450383613,26.11283557595401,26.157326605856817,11.196936464501514,16.91221474770753,2706.107373853764,2646.4837796243282,2640.606371929074,0.002102732777051822,0.20256831942629555,0.19366596046823362,22.476509656951098,22.546195246535117,0.0,0.0,0.0,0.0,True,none,1.0,0.0,battery_voltage_sensor_drift,0.7309280582601319,0.7309280582601319,93,battery_voltage_sensor_drift,3.155245246436821,0.7309280582601319,abrupt,0.0,1.3798993306988288,190197263,postprocessed_sensor_fault
19680.0,328.0,5.466666666666667,0,0.0,341.8652671384838,341.8652671384838,98.48921627145373,98.51114316095952,29.93956865085815,30.269801328912955,11.418510103641223,11.428866533449945,25.29868543122016,25.346676220579635,26.102119418060227,26.034180108080353,11.430589838956534,17.09326335692419,2796.6316784620944,2721.5577290432116,2725.7327948848315,0.0025197096664136176,0.21299274166034043,0.21553204700455222,22.474528901061596,22.50453788097546,0.0,0.0,0.0,0.0,True,none,1.0,0.0,battery_voltage_sensor_drift,0.7309280582601319,0.7309280582601319,93,battery_voltage_sensor_drift,3.155245246436821,0.7309280582601319,abrupt,0.0,1.3798993306988288,190197263,postprocessed_sensor_fault
19740.0,329.0,5.483333333333333,0,0.0,345.8417661836449,345.8417661836449,97.9745707860614,97.53361499318562,29.918982831442456,30.310311742130658,11.559275531927272,11.546845496746382,25.299857812185643,25.345679370841477,26.09188663933411,26.415438299258444,11.689348065841001,17.292088309182244,2896.0441545911217,2808.8009418171673,2807.64908677422,0.0028540236872440883,0.2213505921811022,0.21916508727146775,22.472668338302807,22.417514352866654,0.0,0.0,0.0,0.0,True,none,1.0,0.0,battery_voltage_sensor_drift,0.7309280582601319,0.7309280582601319,93,battery_voltage_sensor_drift,3.155245246436821,0.7309280582601319,abrupt,0.0,1.3798993306988288,190197263,postprocessed_sensor_fault
19800.0,330.0,5.5,0,0.0,350.0000000000001,350.0000000000001,97.45373745272806,97.53946941186962,29.898149498109124,30.312869977808337,11.706410124885338,11.66119264091834,25.301936008782402,25.32579357052925,26.082151546219436,25.930692086023306,11.963203040961437,17.500000000000007,3000.0000000000023,2904.4004709085843,2907.613752926379,0.003091063712615938,0.22727659281539844,0.23079128622011993,22.470930135541817,22.584426111258466,0.0,0.0,0.0,0.0,True,none,1.0,0.0,battery_voltage_sensor_drift,0.7309280582601319,0.7309280582601319,93,battery_voltage_sensor_drift,3.155245246436821,0.7309280582601319,abrupt,0.0,1.3798993306988288,190197263,postprocessed_sensor_fault
19860.0,331.0,5.516666666666667,0,0.0,354.158233816355,354.158233816355,96.92671627145373,96.87079359103677,29.87706865085815,30.224415428751527,11.853848111909151,11.876651304070492,25.3049280500791,25.294389400868415,26.072910157231316,26.128796196869434,12.241097204816972,17.70791169081775,3103.9558454088756,3004.1781581587297,3004.0578122587904,0.0032204699559762523,0.2305117488994063,0.23511389312828376,22.469311640841003,22.30170774134343,0.0,0.0,0.0,0.0,True,none,1.0,0.0,battery_voltage_sensor_drift,0.7309280582601319,0.7309280582601319,93,battery_voltage_sensor_drift,3.155245246436821,0.7309280582601319,abrupt,0.0,1.3798993306988288,190197263,postprocessed_sensor_fault
19920.0,332.0,5.533333333333333,0,0.0,358.1347328615159,358.1347328615159,96.39377768088599,96.30165249825504,29.85575110723544,30.20198246402437,11.995502359835895,12.000257401376416,25.308803035609245,25.410632820958906,26.064140349259617,26.162353064137193,12.511366149186282,17.906736643075796,3203.368321537897,3103.773239848313,3097.772712627599,0.003236586743530355,0.23091466858825888,0.2319407617895297,22.467805481653244,22.376102896412796,0.0,0.0,0.0,0.0,True,none,1.0,0.0,battery_voltage_sensor_drift,0.7309280582601319,0.7309280582601319,93,battery_voltage_sensor_drift,3.155245246436821,0.7309280582601319,abrupt,0.0,1.3798993306988288,190197263,postprocessed_sensor_fault
19980.0,333.0,5.55,0,0.0,361.75570504584937,361.75570504584937,95.85545073885348,95.97623446441818,29.83421802955414,30.27332113069961,12.125529976602362,12.105741070114828,25.313491144652517,25.284272014006916,26.055802796970124,26.271536143496053,12.762278177078597,18.08778525229247,3293.892626146234,3198.8329329972735,3204.110376732577,0.003138709694325018,0.22846774235812545,0.2278251542104241,22.466399883026355,22.699547513454842,0.0,0.0,0.0,0.0,True,none,1.0,0.0,battery_voltage_sensor_drift,0.7309280582601319,0.7309280582601319,93,battery_voltage_sensor_drift,3.155245246436821,0.7309280582601319,abrupt,0.0,1.3798993306988288,190197263,postprocessed_sensor_fault
20040.0,334.0,5.566666666666666,0,0.0,364.8628965095478,364.8628965095478,95.31249999999997,95.2439628481885,29.8125,30.18594278166821,12.238587723590701,12.258762117643972,25.31888567230941,25.10888520893421,26.047842664245316,26.08948452338527,12.982642357442002,18.24314482547739,3371.572412738695,3285.2026728679843,3282.4284748638397,0.002931116505076736,0.2232779126269184,0.22733442282130928,22.46507919183764,22.656562595421747,0.0,0.0,0.0,0.0,True,none,1.0,0.0,battery_voltage_sensor_drift,0.7309280582601319,0.7309280582601319,93,battery_voltage_sensor_drift,3.155245246436821,0.7309280582601319,abrupt,0.0,1.3798993306988288,190197263,postprocessed_sensor_fault
20100.0,335.0,5.583333333333333,0,0.0,367.32050807568874,367.32050807568874,94.76589210107781,94.26899501855218,29.790635684043114,30.1575155214099,12.33006613123191,12.367960224099749,25.324847166489032,25.584257036447802,26.04019197373892,25.964609125679523,13.162442464044178,18.366025403784437,3433.0127018922185,3359.107687380101,3361.364581279998,0.0026228799942983275,0.21557199985745817,0.22287582046746457,22.463824581724896,22.384185615594195,0.0,0.0,0.0,0.0,True,none,1.0,0.0,battery_voltage_sensor_drift,0.7309280582601319,0.7309280582601319,93,battery_voltage_sensor_drift,3.155245246436821,0.7309280582601319,abrupt,0.0,1.3798993306988288,190197263,postprocessed_sensor_fault
20160.0,336.0,5.6,0,0.0,369.0211303259031,369.0211303259031,94.21675351428333,94.10598603386333,29.768670140571334,30.01956012377675,12.396292094451642,12.390726612823421,25.331209565541023,25.49564740316499,26.0327725509816,25.97565929934873,13.293444615277142,18.451056516295154,3475.5282581475763,3417.3179727638394,3427.332627473384,0.00222747157659365,0.20568678941484125,0.21443300550315755,22.462614903551867,22.40289730693179,0.0,0.0,0.0,0.0,True,none,1.0,0.0,battery_voltage_sensor_drift,0.7309280582601319,0.7309280582601319,93,battery_voltage_sensor_drift,3.155245246436821,0.7309280582601319,abrupt,0.0,1.3798993306988288,190197263,postprocessed_sensor_fault
20220.0,337.0,5.616666666666666,0,0.0,369.8904379073655,369.8904379073655,93.6663213150164,93.97898792749218,29.746652852600654,30.115612161268583,12.434691047097997,12.451393378072424,25.337788052530918,25.106799058848623,26.025499414364486,25.953754545721914,13.369723314942329,18.494521895368276,3497.2609476841367,3457.2894602239876,3459.9764312171774,0.0017621724971965131,0.19405431242991283,0.19265282468800088,22.46142763870688,22.15884688489687,0.0,0.0,0.0,0.0,True,none,1.0,0.0,battery_voltage_sensor_drift,0.7309280582601319,0.7309280582601319,93,battery_voltage_sensor_drift,3.155245246436821,0.7309280582601319,abrupt,0.0,1.3798993306988288,190197263,postprocessed_sensor_fault
20280.0,338.0,5.633333333333334,0,0.0,369.8904379073655,369.8904379073655,93.11588911574948,93.3747930007014,29.724635564629978,30.084113220221017,12.443901527509611,12.360414958344487,25.344388173609428,25.49517754270262,26.018284462840306,25.95754167642612,13.388054818108483,18.494521895368276,3497.2609476841367,3477.2752039540624,3479.4312100327757,0.0012473185586292885,0.18118296396573222,0.18585557517476475,22.460239907817154,22.497390411306352,0.0,0.0,0.0,0.0,True,none,1.0,0.0,battery_voltage_sensor_drift,0.7309280582601319,0.7309280582601319,93,battery_voltage_sensor_drift,3.155245246436821,0.7309280582601319,abrupt,0.0,1.3798993306988288,190197263,postprocessed_sensor_fault
20340.0,339.0,5.65,0,0.0,369.0211303259031,369.0211303259031,92.56675052895498,92.87052430891593,29.702670021158198,30.09428103270873,12.42383698378082,12.466741408339706,25.350815638007653,25.458556355735965,26.011040300170173,25.881731150686193,13.348138031964808,18.451056516295154,3475.5282581475767,3476.4017310508193,3470.1345708930685,0.0007054113485506565,0.1676352837137664,0.1747528322315938,22.45902948581203,22.481649742329246,0.0,0.0,0.0,0.0,True,none,1.0,0.0,battery_voltage_sensor_drift,0.7309280582601319,0.7309280582601319,93,battery_voltage_sensor_drift,3.155245246436821,0.7309280582601319,abrupt,0.0,1.3798993306988288,190197263,postprocessed_sensor_fault
20400.0,340.0,5.666666666666667,0,0.0,367.32050807568874,367.32050807568874,92.02014263003282,91.61267187655066,29.680805705201312,29.957869514073913,12.375691944619916,12.425388456395238,25.35688614447511,25.011856920753324,26.00368402857638,25.91344451704699,13.252620088650424,18.366025403784437,3433.012701892219,3454.7072164715196,3450.392970565932,0.00016013481240035557,0.15400337031000888,0.15412516403924362,22.45777577562494,22.4563998322881,0.0,0.0,0.0,0.0,True,none,1.0,0.0,battery_voltage_sensor_drift,0.7309280582601319,0.7309280582601319,93,battery_voltage_sensor_drift,3.155245246436821,0.7309280582601319,abrupt,0.0,1.3798993306988288,190197263,postprocessed_sensor_fault
20460.0,341.0,5.683333333333334,0,0.0,364.86289650954785,364.86289650954785,91.47719189117932,91.31153918795533,29.65908767564717,30.038488762453788,12.30189210469659,12.216644717215344,25.362434574103084,25.6325038313598,25.996140845998724,25.807583681820898,13.106923948447703,18.243144825477394,3371.572412738696,3413.1398146051074,3412.3839793187562,-0.000364679848664743,0.15911699621661857,0.16498550982017632,22.45650992862381,22.442418126768917,0.0,0.0,0.0,0.0,True,none,1.0,0.0,battery_voltage_sensor_drift,0.7309280582601319,0.7309280582601319,93,battery_voltage_sensor_drift,3.155245246436821,0.7309280582601319,abrupt,0.0,1.3798993306988288,190197263,postprocessed_sensor_fault
20520.0,342.0,5.7,0,0.0,361.7557050458496,361.7557050458496,90.9388649491468,90.85974215512604,29.637554597965874,30.00946572963363,12.20599033736333,12.197237047017651,25.367322953356013,25.627619429381234,25.98834728973532,25.80794984918508,12.918896009264559,18.08778525229248,3293.8926261462407,3353.5162203756745,3358.9613612944167,-0.0008460957156158409,0.17115239289039602,0.15916042827612595,22.45523253721194,22.400508528157815,0.0,0.0,0.0,0.0,True,none,1.0,0.0,battery_voltage_sensor_drift,0.7309280582601319,0.7309280582601319,93,battery_voltage_sensor_drift,3.155245246436821,0.7309280582601319,abrupt,0.0,1.3798993306988288,190197263,postprocessed_sensor_fault
20580.0,343.0,5.716666666666667,0,0.0,358.13473286151617,358.13473286151617,90.40592635857907,90.1435636288029,29.616237054343163,30.005926959804004,12.09251304290855,12.146169237398595,25.371446714753986,25.505461652692624,25.980253984703587,25.966714986742602,12.698309735433073,17.90673664307581,3203.368321537904,3278.4422709567893,3272.4892063585494,-0.0012630726049777494,0.18157681512444374,0.1914616709502788,22.453923515837335,22.652097656010053,0.0,0.0,0.0,0.0,True,none,1.0,0.0,battery_voltage_sensor_drift,0.7309280582601319,0.7309280582601319,93,battery_voltage_sensor_drift,3.155245246436821,0.7309280582601319,abrupt,0.0,1.3798993306988288,190197263,postprocessed_sensor_fault
20640.0,344.0,5.733333333333333,0,0.0,354.15823381635533,354.15823381635533,89.87890517730473,89.89961538832397,29.595156207092188,29.93398837096426,11.966763457443243,11.943623041291792,25.3747389485045,25.318346929858592,25.971827776207594,25.98874715397945,12.456274211711916,17.707911690817767,3103.9558454088833,3191.1990581828363,3190.2148801661037,-0.001597386625808114,0.18993466564520284,0.19848495374983782,22.45256472271362,22.519673986723298,0.0,0.0,0.0,0.0,True,none,1.0,0.0,battery_voltage_sensor_drift,0.7309280582601319,0.7309280582601319,93,battery_voltage_sensor_drift,3.155245246436821,0.7309280582601319,abrupt,0.0,1.3798993306988288,190197263,postprocessed_sensor_fault
20700.0,345.0,5.75,0,0.0,350.0000000000001,350.0000000000001,89.3580718439714,89.38488725061548,29.574322873758856,30.018321444495072,11.834590482223797,11.790210291828569,25.377172523315323,25.31708072260461,25.963053153997933,25.965999815762757,12.204602550555366,17.500000000000007,3000.000000000003,3095.59952909142,3093.6295553262885,-0.0018344266511799916,0.19586066627949977,0.1908579569106211,22.45114071668805,22.352754221046546,0.0,0.0,0.0,0.0,True,none,1.0,0.0,battery_voltage_sensor_drift,0.7309280582601319,0.7309280582601319,93,battery_voltage_sensor_drift,3.155245246436821,0.7309280582601319,abrupt,0.0,1.3798993306988288,190197263,postprocessed_sensor_fault
20760.0,346.0,5.766666666666667,0,0.0,345.8417661836449,345.8417661836449,88.84342635857907,88.95972656851069,29.553737054343163,29.930666579870323,11.702133153168209,11.682925267938938,25.378760133597957,25.318657056054768,25.953932905384313,26.02751154448456,11.955193626758282,17.292088309182244,2896.044154591123,2995.8218418412716,2996.776436372138,-0.0019638328945404127,0.1990958223635103,0.20396058995443989,22.44963940322605,22.413200087610257,0.0,0.0,0.0,0.0,True,none,1.0,0.0,battery_voltage_sensor_drift,0.7309280582601319,0.7309280582601319,93,battery_voltage_sensor_drift,3.155245246436821,0.7309280582601319,abrupt,0.0,1.3798993306988288,190197263,postprocessed_sensor_fault
20820.0,347.0,5.783333333333333,0,0.0,341.86526713848406,341.86526713848406,88.33469828248013,87.81750257778813,29.533387931299206,29.897015891769872,11.575551979804473,11.476079578079013,25.379552480432945,25.33405775205793,25.944487968855086,26.28260419653889,11.719472290972421,17.093263356924204,2796.6316784621017,2896.226760151687,2886.655944775927,-0.0019799496820944724,0.1994987420523618,0.20189604111167136,22.448052545536317,22.447454647958992,0.0,0.0,0.0,0.0,True,none,1.0,0.0,battery_voltage_sensor_drift,0.7309280582601319,0.7309280582601319,93,battery_voltage_sensor_drift,3.155245246436821,0.7309280582601319,abrupt,0.0,1.3798993306988288,190197263,postprocessed_sensor_fault
20880.0,348.0,5.8,0,0.0,338.2442949541506,338.2442949541506,87.83135855784599,87.83378409751197,29.51325434231384,29.927264876168337,11.46075898750352,11.4961726485386,25.37963489796892,25.35779495813592,25.93475649459966,25.89945094945141,11.507919725571414,16.91221474770753,2706.107373853765,2801.1670670027256,2805.4737295337627,-0.001882072632889122,0.19705181582222803,0.19770130262221555,22.446376120788162,22.441243874044954,0.0,0.0,0.0,0.0,True,none,1.0,0.0,battery_voltage_sensor_drift,0.7309280582601319,0.7309280582601319,93,battery_voltage_sensor_drift,3.155245246436821,0.7309280582601319,abrupt,0.0,1.3798993306988288,190197263,postprocessed_sensor_fault
20940.0,349.0,5.816666666666666,0,0.0,335.13710349045215,335.13710349045215,87.33264263003281,87.053321245356,29.493305705201312,29.851125686319286,11.363158366861155,11.382982088284349,25.379122786733205,25.69443921852766,25.92479215299191,25.913469978447456,11.329709445629335,16.75685517452261,2628.4275872613034,2714.7973271320143,2711.687917200548,-0.0016744794436408337,0.19186198609102084,0.19500945127475217,22.444610505780595,22.497568876320443,0.0,0.0,0.0,0.0,True,none,1.0,0.0,battery_voltage_sensor_drift,0.7309280582601319,0.7309280582601319,93,battery_voltage_sensor_drift,3.155245246436821,0.7309280582601319,abrupt,0.0,1.3798993306988288,190197263,postprocessed_sensor_fault
21000.0,350.0,5.833333333333333,0,0.0,332.6794919243112,332.6794919243112,86.8375838622883,86.9399509320533,29.473503354491534,29.882967709528046,11.287409166227041,11.293628281984184,25.378156211529028,25.34937032903521,25.914661764960403,26.118047448391504,11.1924484548661,16.633974596215563,2566.9872981077806,2640.8923126198974,2635.6678215442366,-0.0013662429328624034,0.1841560733215601,0.19113029155105488,22.44276048152653,22.433578214169973,0.0,0.0,0.0,0.0,True,none,1.0,0.0,battery_voltage_sensor_drift,0.7309280582601319,0.7309280582601319,93,battery_voltage_sensor_drift,3.155245246436821,0.7309280582601319,abrupt,0.0,1.3798993306988288,190197263,postprocessed_sensor_fault
21060.0,351.0,5.85,0,0.0,330.97886967409704,330.97886967409704,86.34505578241614,86.04201848276728,29.453802231296645,29.78052956393705,11.237220480906528,11.269621716485513,25.37689397402959,25.124770351691232,25.90444235780813,25.912097095868045,11.10200993092041,16.548943483704853,2524.471741852425,2582.682027236161,2573.620314915236,-0.0009708345151576903,0.17427086287894225,0.16161498469462807,22.440835052198523,22.411200811955002,0.0,0.0,0.0,0.0,True,none,1.0,0.0,battery_voltage_sensor_drift,0.7309280582601319,0.7309280582601319,93,battery_voltage_sensor_drift,3.155245246436821,0.7309280582601319,abrupt,0.0,1.3798993306988288,190197263,postprocessed_sensor_fault
21120.0,352.0,5.866666666666666,0,0.0,330.1095620926346,330.1095620926346,85.85382131501638,85.7167706302123,29.434152852600654,29.79173670784764,11.215188143709995,11.288970860450096,25.375507395545096,25.232606202997605,25.894217775154928,25.837399820454998,11.062435607905059,16.50547810463173,2502.739052315864,2542.710539776012,2545.7232962289218,-0.0005055354357605887,0.16263838589401472,0.1522132189241627,22.438847080817244,22.367606896275195,0.0,0.0,0.0,0.0,True,none,1.0,0.0,battery_voltage_sensor_drift,0.7309280582601319,0.7309280582601319,93,battery_voltage_sensor_drift,3.155245246436821,0.7309280582601319,abrupt,0.0,1.3798993306988288,190197263,postprocessed_sensor_fault
21180.0,353.0,5.883333333333334,0,0.0,330.1095620926345,330.1095620926345,85.36258684761663,85.72217868935707,29.414503473904666,29.841420680620345,11.222680076360769,11.149351949492058,25.374173963997517,25.178612515157734,25.88407498916295,25.905620227201005,11.075883847707596,16.505478104631727,2502.7390523158633,2522.724796045938,2517.6738792170463,9.318502806628603e-06,0.15023296257016572,0.15777381084261607,22.436814009848923,22.367974781106632,0.0,0.0,0.0,0.0,True,none,1.0,0.0,battery_voltage_sensor_drift,0.7309280582601319,0.7309280582601319,93,battery_voltage_sensor_drift,3.155245246436821,0.7309280582601319,abrupt,0.0,1.3798993306988288,190197263,postprocessed_sensor_fault
21240.0,354.0,5.9,0,0.0,330.9788696740969,330.9788696740969,84.87005876774447,84.7482878708177,29.394802350709778,29.799184407643022,11.259775307388825,11.3390405513553,25.373070930872966,25.114203085588223,25.874100276217057,25.8704545967752,11.142603197830649,16.548943483704846,2524.4717418524237,2523.5982689491807,2524.6101717097026,0.0005512257128852607,0.1637806428221315,0.17543083057589595,22.434826543266624,22.52300470668762,0.0,0.0,0.0,0.0,True,none,1.0,0.0,battery_voltage_sensor_drift,0.7309280582601319,0.7309280582601319,93,battery_voltage_sensor_drift,3.155245246436821,0.7309280582601319,abrupt,0.0,1.3798993306988288,190197263,postprocessed_sensor_fault
21300.0,355.0,5.916666666666667,0,0.0,332.67949192431126,332.67949192431126,84.37499999999994,83.94558641705369,29.374999999999996,29.742244297098797,11.325259299551023,11.291180767461192,25.37236890480828,25.415894632900386,25.86437542319975,25.81740908939888,11.260919856165353,16.633974596215563,2566.987298107782,2545.292783528482,2550.4283166233995,0.0010965022490355756,0.1774125562258894,0.17688951929551797,22.432905211045345,22.406800053868846,0.0,0.0,0.0,0.0,True,none,1.0,0.0,battery_voltage_sensor_drift,0.7309280582601319,0.7309280582601319,93,battery_voltage_sensor_drift,3.155245246436821,0.7309280582601319,abrupt,0.0,1.3798993306988288,190197263,postprocessed_sensor_fault
21360.0,356.0,5.933333333333334,0,0.0,335.13710349045203,335.13710349045203,83.87628407218678,83.69437178181401,29.355051362887473,29.635477899218973,11.416675765526124,11.388933448103263,25.372225487522137,25.291408167985768,25.854974130163196,25.78942354199834,11.427238842812121,16.756855174522602,2628.4275872613002,2586.860185394891,2589.503508061784,0.0016213169101006036,0.1905329227525151,0.19344028226642215,22.431068223776332,22.472628839275252,0.0,0.0,0.0,0.0,True,none,1.0,0.0,battery_voltage_sensor_drift,0.7309280582601319,0.7309280582601319,93,battery_voltage_sensor_drift,3.155245246436821,0.7309280582601319,abrupt,0.0,1.3798993306988288,190197263,postprocessed_sensor_fault
21420.0,357.0,5.95,0,0.0,338.2442949541504,338.2442949541504,83.37294434755262,83.78084670416374,29.334917773902106,29.7328358759348,11.530432693255081,11.59988147701172,25.37277903542199,25.57484390920562,25.845958766617304,26.10271015745329,11.63607024749485,16.91221474770752,2706.1073738537607,2646.483779624326,2649.979968661809,0.0021027327770517935,0.20256831942629483,0.20088434613525766,22.42933065301511,22.34614888447745,0.0,0.0,0.0,0.0,True,none,1.0,0.0,battery_voltage_sensor_drift,0.7309280582601319,0.7309280582601319,93,battery_voltage_sensor_drift,3.155245246436821,0.7309280582601319,abrupt,0.0,1.3798993306988288,190197263,postprocessed_sensor_fault
21480.0,358.0,5.966666666666667,0,0.0,341.8652671384839,341.8652671384839,82.86421627145369,82.8918887393377,29.31456865085815,29.70895577460434,11.661957957156439,11.614597829658278,25.374142698114653,25.30477920740082,25.837377623198215,25.932825997433838,11.88010107155875,17.093263356924194,2796.6316784620976,2721.5577290432116,2714.0264209561155,0.002519709666413688,0.21299274166034218,0.21506729865096266,22.42770373965513,22.39188919811259,0.0,0.0,0.0,0.0,True,none,1.0,0.0,battery_voltage_sensor_drift,0.7309280582601319,0.7309280582601319,93,battery_voltage_sensor_drift,3.155245246436821,0.7309280582601319,abrupt,0.0,1.3798993306988288,190197263,postprocessed_sensor_fault
21540.0,359.0,5.983333333333333,0,0.0,345.8417661836447,345.8417661836447,82.34957078606136,81.76109498547942,29.293982831442456,29.660469546802585,11.805897756328248,11.810360905976124,25.376398967748067,25.44152365987958,25.829262778830994,25.66314204677494,12.15033774663011,17.292088309182237,2896.0441545911185,2808.8009418171646,2807.277741471251,0.0028540236872440384,0.22135059218110095,0.2284600898862873,22.42619436560689,22.414418589817405,0.0,0.0,0.0,0.0,True,none,1.0,0.0,battery_voltage_sensor_drift,0.7309280582601319,0.7309280582601319,93,battery_voltage_sensor_drift,3.155245246436821,0.7309280582601319,abrupt,0.0,1.3798993306988288,190197263,postprocessed_sensor_fault
21600.0,360.0,6.0,1,600.0,349.99999999999994,-250.00000000000006,82.72159459558517,82.66980925652575,29.308863783823405,29.67046596595463,-8.529842775344429,-8.48678594974813,25.378876098680802,25.32964935060478,25.837628676600346,25.862960592948024,6.820657421767644,17.499999999999996,2999.9999999999986,2904.4004709085825,2909.9104790650326,0.0030910637126159235,0.22727659281539808,0.22490535735712877,22.42480471764112,22.438303260543684,0.0,0.0,0.0,0.0,True,none,1.0,0.0,battery_voltage_sensor_drift,0.7309280582601319,0.7309280582601319,93,battery_voltage_sensor_drift,3.155245246436821,0.7309280582601319,abrupt,0.0,1.3798993306988288,190197263,postprocessed_sensor_fault
