time_s,time_min,time_h,in_sunlight,solar_power_w,load_power_w,battery_power_w,battery_soc_true,battery_soc_measured,battery_voltage_true,battery_voltage_measured,battery_current_true,battery_current_measured,battery_temp_true,battery_temp_measured,electronics_temp_true,electronics_temp_measured,battery_heat_w,electronics_heat_w,wheel_target_speed_rpm,wheel_speed_true,wheel_speed_measured,wheel_torque_nm,wheel_current_true,wheel_current_measured,wheel_temp_true,wheel_temp_measured,solar_degradation,battery_degradation,thermal_anomaly,wheel_degradation,fault_active,fault_type,fault_progress,fault_severity,fault_label,fault_requested_severity,fault_effective_severity,scenario_id,scenario_fault_type,scenario_start_time_h,scenario_severity,scenario_profile,scenario_ramp_duration_h,scenario_sensor_noise_scale,scenario_random_seed,scenario_internal_fault_name
0.0,0.0,0.0,1,600.0,350.0,-250.0,90.37202380952381,90.3391368123113,29.61488095238095,29.646034985164103,-8.44170200791912,-8.451256964375835,22.022336622077468,21.992954201682306,24.023,24.075823894173283,6.700986623240457,17.5,3000.0,3000.0,3008.6388829204284,0.0006283185307179586,0.16570796326794895,0.16531163321412076,24.979227572821976,24.985242811262776,0.0,0.0,0.0,0.0,False,none,0.0,0.0,nominal,0.4968978067502338,0.0,11,solar_array_degradation,2.3403865198412674,0.4968978067502338,gradual,0.7405113782796986,1.1828831283721493,2012886388,solar_array_degradation
60.0,1.0,0.016666666666666666,1,601.2556165273943,354.15823381635516,-247.09738271103913,90.7397282480819,90.65921107679915,29.629589129923275,29.64627740064642,-8.339548065534684,-8.31314316161818,22.0440820855283,21.971831138716887,24.046231823381635,23.791144677722365,6.563844954989063,17.70791169081776,3103.9558454088797,3051.97792270444,3048.0270591234516,0.0019890973650273443,0.1997274341256836,0.21448263385336108,24.95874847619419,24.913848913863955,0.0,0.0,0.0,0.0,False,none,0.0,0.0,nominal,0.4968978067502338,0.0,11,solar_array_degradation,2.3403865198412674,0.4968978067502338,gradual,0.7405113782796986,1.1828831283721493,2012886388,solar_array_degradation
120.0,2.0,0.03333333333333333,1,602.5051158172811,358.134732861516,-244.37038295576508,91.10337465128988,90.69974062912385,29.644134986051597,29.6505912057553,-8.243464788928678,-8.27031176344664,22.065272182808812,22.127604470374717,24.069675442080733,24.278443512503618,6.436376938104555,17.9067366430758,3203.3683215379,3127.67312212117,3131.2007663081095,0.002620900448055877,0.21552251120139693,0.21620654719969545,24.938546098704002,25.00017976020862,0.0,0.0,0.0,0.0,False,none,0.0,0.0,nominal,0.4968978067502338,0.0,11,solar_array_degradation,2.3403865198412674,0.4968978067502338,gradual,0.7405113782796986,1.1828831283721493,2012886388,solar_array_degradation
180.0,3.0,0.05,1,603.7424104347197,361.7557050458495,-241.98670538887018,91.46347391526143,91.7400251676533,29.658538956610457,29.610256560313857,-8.159090565549752,-8.134040375421405,22.08596608540712,22.098263349845865,24.093293609048672,24.23042607083868,6.325660708547438,18.087785252292473,3293.8926261462366,3210.7828741337034,3208.42677358931,0.002830866546587775,0.22077166366469436,0.22728206078647753,24.918597552843362,25.022999413879464,0.0,0.0,0.0,0.0,False,none,0.0,0.0,nominal,0.4968978067502338,0.0,11,solar_array_degradation,2.3403865198412674,0.4968978067502338,gradual,0.7405113782796986,1.1828831283721493,2012886388,solar_array_degradation
240.0,4.0,0.06666666666666667,1,604.961472404706,364.8628965095479,-240.0985758951581,91.82076346272446,91.88502657723734,29.67283053850898,29.68909337674136,-8.091529238626613,-8.094992142664204,22.10624304767322,22.094180389403718,24.117033549827237,24.175393193676285,6.23782763356395,18.243144825477398,3371.572412738697,3291.1776434362005,3291.384111407733,0.002777194931208119,0.21942987328020297,0.2177480097030853,24.898879660493158,24.82370863401806,0.0,0.0,0.0,0.0,False,none,0.0,0.0,nominal,0.4968978067502338,0.0,11,solar_array_degradation,2.3403865198412674,0.4968978067502338,gradual,0.7405113782796986,1.1828831283721493,2012886388,solar_array_degradation
300.0,5.0,0.08333333333333333,1,606.156362579862,367.3205080756888,-238.83585450417326,92.17617396049855,92.35847937338349,29.68704695841994,29.63390351578423,-8.045119975681306,-8.042706042960573,22.126198644166678,22.023539657532897,24.140829332236187,24.242872505972638,6.17791643384851,18.36602540378444,3433.0127018922194,3362.0951726642097,3362.6454719606672,0.0025459192073639977,0.21364798018409992,0.2134009656666015,24.879369033248576,24.921468138761227,0.0,0.0,0.0,0.0,False,none,0.0,0.0,nominal,0.4968978067502338,0.0,11,solar_array_degradation,2.3403865198412674,0.4968978067502338,gradual,0.7405113782796986,1.1828831283721493,2012886388,solar_array_degradation
360.0,6.0,0.1,1,607.3212595753644,369.0211303259031,-238.3001292494613,92.53078724807214,92.45597771926334,29.701231489922886,29.659618717238622,-8.023240697285983,-8.021209009191455,22.145940756644766,22.081387579850382,24.16460481061089,24.197281640482082,6.149791302926885,18.451056516295154,3475.5282581475767,3418.811715405893,3421.6105421622074,0.0021889911831264744,0.20472477957816185,0.19949773786609107,24.860041723756545,24.9854912864834,0.0,0.0,0.0,0.0,False,none,0.0,0.0,nominal,0.4968978067502338,0.0,11,solar_array_degradation,2.3403865198412674,0.4968978067502338,gradual,0.7405113782796986,1.1828831283721493,2012886388,solar_array_degradation
420.0,7.0,0.11666666666666667,1,608.450488130146,369.8904379073655,-238.56005022278055,92.88578732280843,92.83632748817949,29.715431492912337,29.731537897553885,-8.028153664188972,-8.019492734787692,22.165585445773118,22.286952889363278,24.18827701591674,24.071852555869146,6.156100100466465,18.494521895368276,3497.2609476841367,3458.036331545015,3456.1233035304,0.0017429323004629288,0.1935733075115732,0.1966743176357313,24.84087334921582,24.97400677246046,0.0,0.0,0.0,0.0,False,none,0.0,0.0,nominal,0.4968978067502338,0.0,11,solar_array_degradation,2.3403865198412674,0.4968978067502338,gradual,0.7405113782796986,1.1828831283721493,2012886388,solar_array_degradation
480.0,8.0,0.13333333333333333,1,609.5385467561977,369.8904379073655,-239.64810884883218,93.2424065324049,92.63139126930862,29.729696261296198,29.727766840779154,-8.060900008615953,-8.08082401273958,22.18525276215152,22.239108652799676,24.211759843580143,24.27910200548418,6.198248715912373,18.494521895368276,3497.2609476841367,3477.6486396145756,3487.046850836186,0.0012376984602625,0.18094246150656249,0.18518567248688267,24.82183963129007,24.790097004400497,0.0,0.0,0.0,0.0,False,none,0.0,0.0,nominal,0.4968978067502338,0.0,11,solar_array_degradation,2.3403865198412674,0.4968978067502338,gradual,0.7405113782796986,1.1828831283721493,2012886388,solar_array_degradation
540.0,9.0,0.15,1,610.5801345412646,369.0211303259031,-241.55900421536148,93.60186933629682,93.27696801031315,29.74407477345187,29.797588072923876,-8.121247880635556,-8.163884850399272,22.20506249014894,22.272280806476907,24.234967877864094,24.361718113641512,6.2763733710982015,18.451056516295154,3475.5282581475767,3476.588448881076,3468.1518015016463,0.0007006012993672623,0.16751503248418156,0.17181192106032492,24.802917168998125,24.909272476773,0.0,0.0,0.0,0.0,False,none,0.0,0.0,nominal,0.4968978067502338,0.0,11,solar_array_degradation,2.3403865198412674,0.4968978067502338,gradual,0.7405113782796986,1.1828831283721493,2012886388,solar_array_degradation
600.0,10.0,0.16666666666666666,1,611.5701769743577,367.3205080756888,-244.24966889866886,93.96533610549126,93.59389471602785,29.75861344421965,29.75151306489856,-8.207696549992056,-8.205892850789972,22.22512979058318,22.297728080475473,24.25782018564875,24.32100230503432,6.38930261254012,18.36602540378444,3433.0127018922194,3454.8005753866473,3446.5551621850755,0.00015772978780866564,0.15394324469521664,0.15922781696984586,24.7840842940449,24.591593594876038,0.0,0.0,0.0,0.0,False,none,0.0,0.0,nominal,0.4968978067502338,0.0,11,solar_array_degradation,2.3403865198412674,0.4968978067502338,gradual,0.7405113782796986,1.1828831283721493,2012886388,solar_array_degradation
660.0,11.0,0.18333333333333332,1,612.503850668262,364.8628965095479,-247.64095415871407,94.33384943013219,94.5476478971318,29.77335397720529,29.767953656876376,-8.317536356445093,-8.272770302295953,22.245560721450556,22.32342876041646,24.280243913814516,24.128502891105928,6.534512883262872,18.243144825477398,3371.572412738697,3413.186494062673,3410.966913395246,-0.00036588236096057034,0.15914705902401424,0.16396288111897325,24.765371298209715,24.728512037012393,0.0,0.0,0.0,0.0,False,none,0.0,0.0,nominal,0.4968978067502338,0.0,11,solar_array_degradation,2.3403865198412674,0.4968978067502338,gradual,0.7405113782796986,1.1828831283721493,2012886388,solar_array_degradation
720.0,12.0,0.2,1,613.376606858593,361.7557050458495,-251.62090181274357,94.70828529592498,94.59995941248519,29.788331411837,29.816112383938872,-8.446961944056957,-8.369136712690416,22.266447668077678,22.148773328099953,24.302177533008585,24.226115992548426,6.708093286747719,18.087785252292473,3293.8926261462366,3353.5395601044547,3359.5522838389015,-0.0008466969717638359,0.1711674242940959,0.16739759465561385,24.746777531689744,24.724243225732252,0.0,0.0,0.0,0.0,False,none,0.0,0.0,nominal,0.4968978067502338,0.0,11,solar_array_degradation,2.3403865198412674,0.4968978067502338,gradual,0.7405113782796986,1.1828831283721493,2012886388,solar_array_degradation
780.0,13.0,0.21666666666666667,1,614.184193564921,358.134732861516,-256.049460703405,95.08931127911457,94.61634413352428,29.803572451164584,29.782012501748646,-8.59123385704722,-8.5765417993592,22.287864795185605,22.110218438320942,24.32357358603067,24.292844327187407,6.904743934917956,17.9067366430758,3203.3683215379,3278.4539408211776,3288.123050434934,-0.001263373233051744,0.1815843308262936,0.1858121508656541,24.72828196644546,24.86703045822991,0.0,0.0,0.0,0.0,False,none,0.0,0.0,nominal,0.4968978067502338,0.0,11,solar_array_degradation,2.3403865198412674,0.4968978067502338,gradual,0.7405113782796986,1.1828831283721493,2012886388,solar_array_degradation
840.0,14.0,0.23333333333333334,1,614.9226763059908,354.15823381635516,-260.7644424896356,95.47735360424795,95.48710722310865,29.819094144169917,29.853786480688075,-8.744881424931515,-8.65911786083032,22.309863726717456,22.244402972594163,24.344400820724058,24.493818827639586,7.1178360908889795,17.70791169081776,3103.9558454088797,3191.2048931150284,3183.442141914142,-0.0015975369398450977,0.18993842349612744,0.19005653973388012,24.709865507062307,24.734010382225,0.0,0.0,0.0,0.0,False,none,0.0,0.0,nominal,0.4968978067502338,0.0,11,solar_array_degradation,2.3403865198412674,0.4968978067502338,gradual,0.7405113782796986,1.1828831283721493,2012886388,solar_array_degradation
900.0,15.0,0.25,1,615.5884572681198,350.0,-265.5884572681198,95.8725745228017,95.59422414680938,29.83490298091207,29.818967723416655,-8.901938023329231,-8.886127791255557,22.33246974450947,22.253102900259673,24.364645614158267,24.25304957375004,7.33956004569558,17.5,3000.0,3095.602446557514,3089.357115609709,-0.00183450180819848,0.195862545204962,0.20415328910809377,24.691511756280946,24.71258099558493,0.0,0.0,0.0,0.0,False,none,0.0,0.0,nominal,0.4968978067502338,0.0,11,solar_array_degradation,2.3403865198412674,0.4968978067502338,gradual,0.7405113782796986,1.1828831283721493,2012886388,solar_array_degradation
960.0,16.0,0.26666666666666666,1,616.178292833385,345.84176618364484,-270.3365266497401,96.27486102079239,96.432652344422,29.850994440831695,29.838167094180445,-9.056198351635487,-9.035220815209248,22.35567885366486,22.296872190270516,24.384312625863366,24.287761621744245,7.561178286733225,17.292088309182244,2896.0441545911203,2995.8233005743177,2996.8373744594423,-0.0019638704730496467,0.19909676182624117,0.1977660010414873,24.673207665569283,24.767579889585758,0.0,0.0,0.0,0.0,False,none,0.0,0.0,nominal,0.4968978067502338,0.0,11,solar_array_degradation,2.3403865198412674,0.4968978067502338,gradual,0.7405113782796986,1.1828831283721493,2012886388,solar_array_degradation
1020.0,17.0,0.2833333333333333,1,616.6893093822022,341.865267138484,-274.82404224371817,96.68382536936933,96.42041959186474,29.867353014774775,29.84488451086286,-9.20148638909408,-9.185755438821873,22.379456074347853,22.35216171583212,24.403424651570308,24.392970375953535,7.7733881414946895,17.0932633569242,2796.6316784621,2896.227489518209,2898.003540825957,-0.0019799684713490795,0.19949921178372698,0.1944998649417829,24.654944048653153,24.655879585401063,0.0,0.0,0.0,0.0,False,none,0.0,0.0,nominal,0.4968978067502338,0.0,11,solar_array_degradation,2.3403865198412674,0.4968978067502338,gradual,0.7405113782796986,1.1828831283721493,2012886388,solar_array_degradation
1080.0,18.0,0.3,1,617.1190172933127,338.2442949541505,-278.8747223391622,97.09881751570738,96.92745280958135,29.883952700628296,29.953579230563836,-9.331922223705668,-9.40138993748242,22.403735277205577,22.30677626109706,24.42202168385316,24.472876366517767,7.966781791143339,16.912214747707527,2706.1073738537634,2801.1674316859862,2805.32988936007,-0.001882082027516422,0.19705205068791054,0.20164121218798026,24.636715938974486,24.482682528776806,0.0,0.0,0.0,0.0,False,none,0.0,0.0,nominal,0.4968978067502338,0.0,11,solar_array_degradation,2.3403865198412674,0.4968978067502338,gradual,0.7405113782796986,1.1828831283721493,2012886388,solar_array_degradation
1140.0,19.0,0.31666666666666665,1,617.465323072968,335.1371034904521,-282.3282195825159,97.51894879484803,97.3626705668995,29.90075795179392,29.89601336108598,-9.44217601566108,-9.479607352215176,22.428420782318536,22.545183623414893,24.44015922073138,24.277320824053565,8.132375032858029,16.756855174522606,2628.427587261303,2714.797509473645,2712.0278750990446,-0.0016744841409544729,0.19186210352386182,0.18403796903386885,24.618522775982953,24.570073298508852,0.0,0.0,0.0,0.0,False,none,0.0,0.0,nominal,0.4968978067502338,0.0,11,solar_array_degradation,2.3403865198412674,0.4968978067502338,gradual,0.7405113782796986,1.1828831283721493,2012886388,solar_array_degradation
1200.0,20.0,0.3333333333333333,1,617.7265395542198,332.6794919243112,-285.0470476299086,97.9431259490592,98.11774160109171,29.917725037962366,29.919891001281155,-9.527697953912426,-9.516892252572935,22.453390798504888,22.458854545233567,24.45790589615796,24.44665889145866,8.262162264078963,16.633974596215563,2566.9872981077806,2640.8924037907127,2647.673236514636,-0.0013662452815192232,0.18415613203798056,0.1902671307384504,24.60036841001693,24.6790618630046,0.0,0.0,0.0,0.0,False,none,0.0,0.0,nominal,0.4968978067502338,0.0,11,solar_array_degradation,2.3403865198412674,0.4968978067502338,gradual,0.7405113782796986,1.1828831283721493,2012886388,solar_array_degradation
1260.0,21.0,0.35,1,617.9013941166289,330.9788696740969,-286.922524442532,98.3700939913844,98.23288328720636,29.934803759655377,29.96872069604891,-9.584914160327042,-9.6092061591437,22.47850260823675,22.494587522469,24.475340535956107,24.386745731350032,8.349646356867026,16.548943483704846,2524.4717418524233,2582.682072821568,2584.0404163003964,-0.0009708356894861285,0.1742708922371532,0.18387354522664462,24.58226092137587,24.606933642094813,0.0,0.0,0.0,0.0,False,none,0.0,0.0,nominal,0.4968978067502338,0.0,11,solar_array_degradation,2.3403865198412674,0.4968978067502338,gradual,0.7405113782796986,1.1828831283721493,2012886388,solar_array_degradation
1320.0,22.0,0.36666666666666664,1,617.9890348863438,330.1095620926345,-287.8794727937093,98.79848606399409,98.61264298921778,29.951939442559762,29.992988339135895,-9.611380035866768,-9.609979406419814,22.503599226239025,22.616088293094744,24.49254876787772,24.63650501326164,8.39029009550866,16.505478104631727,2502.7390523158633,2542.710562568716,2542.0746881167306,-0.0005055360229247973,0.16263840057311993,0.155755206604714,24.564212256047483,24.636158485107323,0.0,0.0,0.0,0.0,False,none,0.0,0.0,nominal,0.4968978067502338,0.0,11,solar_array_degradation,2.3403865198412674,0.4968978067502338,gradual,0.7405113782796986,1.1828831283721493,2012886388,solar_array_degradation
1380.0,23.0,0.38333333333333336,1,617.9890348863438,330.1095620926345,-287.8794727937093,99.22687813660377,99.31288611799792,29.96907512546415,29.99695381269207,-9.605884452173287,-9.662998495156053,22.52851710184386,22.548355056295307,24.509619333943963,24.38608106043844,8.38184128868036,16.505478104631727,2502.7390523158633,2522.7248074422896,2522.255745042778,9.318209224527915e-06,0.1502329552306132,0.15717336409491592,24.54623894625931,24.52978967651212,0.0,0.0,0.0,0.0,False,none,0.0,0.0,nominal,0.4968978067502338,0.0,11,solar_array_degradation,2.3403865198412674,0.4968978067502338,gradual,0.7405113782796986,1.1828831283721493,2012886388,solar_array_degradation
1440.0,24.0,0.4,1,617.9013941166289,330.9788696740969,-286.922524442532,99.65384617892896,99.48871947543252,29.98615384715716,30.023141999134566,-9.568500378708412,-9.583008612409802,22.553094319098754,22.568986354365133,24.52664026623982,24.45153355109013,8.324495959787441,16.548943483704846,2524.4717418524233,2523.5982746473564,2524.5870832357996,0.0005512255660942137,0.16378063915235533,0.16069557301497708,24.528430792650212,24.258280002994685,0.0,0.0,0.0,0.0,False,none,0.0,0.0,nominal,0.4968978067502338,0.0,11,solar_array_degradation,2.3403865198412674,0.4968978067502338,gradual,0.7405113782796986,1.1828831283721493,2012886388,solar_array_degradation
1500.0,25.0,0.4166666666666667,1,617.7265395542198,332.6794919243112,-285.0470476299086,100.0,100.0,30.0,30.028771218804685,-9.501568254330287,-9.48460302414942,22.577183699661948,22.498473054769107,24.543695093302333,24.54170340198293,8.222383943335767,16.633974596215563,2566.9872981077806,2545.2927863775685,2546.2933735960387,0.0010965021756400308,0.17741255439100076,0.17142294378566342,24.510807428556266,24.634762789844622,0.0,0.0,0.0,0.0,False,none,0.0,0.0,nominal,0.4968978067502338,0.0,11,solar_array_degradation,2.3403865198412674,0.4968978067502338,gradual,0.7405113782796986,1.1828831283721493,2012886388,solar_array_degradation
1560.0,26.0,0.43333333333333335,1,617.465323072968,335.1371034904521,-282.3282195825159,100.0,100.0,30.0,30.019438979051568,-9.41094065275053,-9.450086730700649,22.600671478522536,22.550179029413083,24.56085924290496,24.209197678305106,8.085264317567404,16.756855174522606,2628.4275872613025,2586.8601868194355,2583.038799432231,0.0016213168734028807,0.190532921835072,0.19084597964931949,24.493386174654585,24.369619290079044,0.0,0.0,0.0,0.0,False,none,0.0,0.0,nominal,0.4968978067502338,0.0,11,solar_array_degradation,2.3403865198412674,0.4968978067502338,gradual,0.7405113782796986,1.1828831283721493,2012886388,solar_array_degradation
1620.0,27.0,0.45,1,617.1190172933127,338.2442949541505,-278.8747223391622,100.0,99.91492081732953,30.0,29.97310184168188,-9.295824077972073,-9.303610112156788,22.623444075061695,22.560371455146587,24.578196798457135,24.69238605711536,7.912987623088427,16.912214747707527,2706.107373853763,2646.483780336599,2637.648323870723,0.002102732758702936,0.20256831896757338,0.21199477587696652,24.47618121926103,24.420674618179024,0.0,0.0,0.0,0.0,False,none,0.0,0.0,nominal,0.4968978067502338,0.0,11,solar_array_degradation,2.3403865198412674,0.4968978067502338,gradual,0.7405113782796986,1.1828831283721493,2012886388,solar_array_degradation
1680.0,28.0,0.4666666666666667,1,616.6893093822022,341.865267138484,-274.82404224371817,100.0,100.0,30.0,29.969384598791745,-9.16080140812394,-9.130542570412848,22.645415485928414,22.47667028345911,24.595757750783328,24.53406043281793,7.713622595126845,17.0932633569242,2796.6316784621,2721.5577293993497,2716.9689502322303,0.0025197096572392597,0.21299274143098149,0.21425228096581386,24.4592029266538,24.373106337413525,0.0,0.0,0.0,0.0,False,none,0.0,0.0,nominal,0.4968978067502338,0.0,11,solar_array_degradation,2.3403865198412674,0.4968978067502338,gradual,0.7405113782796986,1.1828831283721493,2012886388,solar_array_degradation
1740.0,29.0,0.48333333333333334,1,616.178292833385,345.8417661836448,-270.33652664974016,100.0,100.0,30.0,30.03335136730752,-9.011217554991338,-9.005984758470285,22.666530204165745,22.405318161263732,24.613575865395426,24.756907371878473,7.496163345870727,17.29208830918224,2896.04415459112,2808.800941995234,2812.073155118219,0.0028540236826568068,0.22135059206642016,0.22136418832755358,24.442457308702856,24.581766868371755,0.0,0.0,0.0,0.0,False,none,0.0,0.0,nominal,0.4968978067502338,0.0,11,solar_array_degradation,2.3403865198412674,0.4968978067502338,gradual,0.7405113782796986,1.1828831283721493,2012886388,solar_array_degradation
1800.0,30.0,0.5,1,615.5884572681198,350.0,-265.5884572681198,100.0,99.8790511483576,30.0,30.037317094759754,-8.852948575603993,-8.818260839507902,22.68676427586936,22.71095395579183,24.631667258472262,24.678039941870868,7.269975878583101,17.5,3000.0,2904.4004709976166,2908.545257299666,0.003091063710322311,0.22727659275805778,0.22040933207309957,24.42594568866376,24.662449761932834,0.0,0.0,0.0,0.0,False,none,0.0,0.0,nominal,0.4968978067502338,0.0,11,solar_array_degradation,2.3403865198412674,0.4968978067502338,gradual,0.7405113782796986,1.1828831283721493,2012886388,solar_array_degradation
1860.0,31.0,0.5166666666666667,1,614.9226763059908,354.15823381635516,-260.7644424896356,100.0,99.70235182755475,30.0,29.978511831568266,-8.692148082987853,-8.69936316773562,22.706124607093237,22.74353536032384,24.65002974378612,24.528974583453,7.044275063727152,17.70791169081776,3103.955845408879,3004.178158203248,3006.06070924824,0.0032204699548295168,0.23051174887073791,0.23372829248350682,24.409664577314476,24.310972007193588,0.0,0.0,0.0,0.0,False,none,0.0,0.0,nominal,0.4968978067502338,0.0,11,solar_array_degradation,2.3403865198412674,0.4968978067502338,gradual,0.7405113782796986,1.1828831283721493,2012886388,solar_array_degradation
1920.0,32.0,0.5333333333333333,1,614.184193564921,358.134732861516,-256.049460703405,100.0,99.57820501334761,30.0,29.984810009353676,-8.534982023446833,-8.509711478996094,22.724646770954827,22.587473713119632,24.668642979121984,24.676938660746533,6.827673451244848,17.9067366430758,3203.3683215378996,3103.773239870574,3096.2703131432463,0.0032365867429569625,0.23091466857392406,0.23494980019506778,24.39360577110314,24.250132479612216,0.0,0.0,0.0,0.0,False,none,0.0,0.0,nominal,0.4968978067502338,0.0,11,solar_array_degradation,2.3403865198412674,0.4968978067502338,gradual,0.7405113782796986,1.1828831283721493,2012886388,solar_array_degradation
1980.0,33.0,0.55,1,613.376606858593,361.7557050458495,-251.62090181274357,100.0,100.0,30.0,29.898490876007767,-8.387363393758118,-8.371586770112668,22.74239165424882,22.677317012485933,24.687469405793593,24.79948372096885,6.627829175916296,18.087785252292473,3293.8926261462366,3198.832933008405,3195.443290681271,0.0031387096940383224,0.22846774235095807,0.22981491110079585,24.377756670305367,24.55012149975742,0.0,0.0,0.0,0.0,False,none,0.0,0.0,nominal,0.4968978067502338,0.0,11,solar_array_degradation,2.3403865198412674,0.4968978067502338,gradual,0.7405113782796986,1.1828831283721493,2012886388,solar_array_degradation
2040.0,34.0,0.5666666666666667,1,612.503850668262,364.8628965095479,-247.64095415871407,100.0,99.97948513565298,30.0,30.031642593397166,-8.254698471957136,-8.24353101916518,22.75944131682011,23.010722575572352,24.7064559401982,24.80019785898051,6.4512037490345175,18.243144825477398,3371.572412738697,3285.2026728735514,3292.6852956702196,0.002931116504933392,0.2232779126233348,0.22597249405592051,24.36210080321205,24.315056733778544,0.0,0.0,0.0,0.0,False,none,0.0,0.0,nominal,0.4968978067502338,0.0,11,solar_array_degradation,2.3403865198412674,0.4968978067502338,gradual,0.7405113782796986,1.1828831283721493,2012886388,solar_array_degradation
2100.0,35.0,0.5833333333333334,1,611.5701769743577,367.3205080756888,-244.24966889866886,100.0,100.0,30.0,30.028982314166726,-8.141655629955629,-8.0783849363197,22.775894417291664,22.793681164638553,24.725536343484183,24.71507497682174,6.302924511743055,18.36602540378444,3433.0127018922194,3359.1076873828856,3359.0860383640115,0.002622879994226634,0.21557199985566583,0.2165621501706148,24.346618531014,24.583861176869327,0.0,0.0,0.0,0.0,False,none,0.0,0.0,nominal,0.4968978067502338,0.0,11,solar_array_degradation,2.3403865198412674,0.4968978067502338,gradual,0.7405113782796986,1.1828831283721493,2012886388,solar_array_degradation
2160.0,36.0,0.6,1,610.5801345412646,369.0211303259031,-241.55900421536148,100.0,99.90884974622602,30.0,30.00271261297249,-8.051966807178717,-7.984014879287633,22.79186149597829,22.754727085095148,24.7446341657689,24.533623295966155,6.1867335571126265,18.451056516295154,3475.5282581475767,3417.3179727652314,3420.224866926448,0.0022274715765577893,0.20568678941394472,0.19658373544763846,24.3312878982213,24.390448177974243,0.0,0.0,0.0,0.0,False,none,0.0,0.0,nominal,0.4968978067502338,0.0,11,solar_array_degradation,2.3403865198412674,0.4968978067502338,gradual,0.7405113782796986,1.1828831283721493,2012886388,solar_array_degradation
2220.0,37.0,0.6166666666666667,1,609.5385467561977,369.8904379073655,-239.64810884883218,100.0,99.82860680618542,30.0,30.01706746936497,-7.988270294961072,-7.988757313158787,22.807460316950515,22.752635314342694,24.763666136233486,24.54662215185709,6.104996984428596,18.494521895368276,3497.2609476841367,3457.289460224684,3465.4686802664473,0.0017621724971785863,0.19405431242946464,0.202637912519585,24.316085585916294,24.221480837253193,0.0,0.0,0.0,0.0,False,none,0.0,0.0,nominal,0.4968978067502338,0.0,11,solar_array_degradation,2.3403865198412674,0.4968978067502338,gradual,0.7405113782796986,1.1828831283721493,2012886388,solar_array_degradation
2280.0,38.0,0.6333333333333333,1,608.450488130146,369.8904379073655,-238.56005022278055,100.0,100.0,30.0,30.061137364664663,-7.952001674092685,-7.966062816578816,22.82281137654875,22.861943986320217,24.782545850934355,24.973484694199573,6.05874644998183,18.494521895368276,3497.2609476841367,3477.2752039544102,3477.8636606628643,0.0012473185586203252,0.18118296396550812,0.18537566856247426,24.300987920422497,24.508873071820037,0.0,0.0,0.0,0.0,False,none,0.0,0.0,nominal,0.4968978067502338,0.0,11,solar_array_degradation,2.3403865198412674,0.4968978067502338,gradual,0.7405113782796986,1.1828831283721493,2012886388,solar_array_degradation
2340.0,39.0,0.65,1,607.3212595753644,369.0211303259031,-238.3001292494613,100.0,99.95349459725121,30.0,30.059130967311336,-7.94333764164871,-7.97092300880177,22.83803360505992,22.86710810516454,24.80118759715947,24.687564025327436,6.047729031138663,18.451056516295154,3475.5282581475767,3476.401731050993,3471.816100804012,0.0007054113485461749,0.16763528371365435,0.160027918664798,24.285971888322834,24.387902416119854,0.0,0.0,0.0,0.0,False,none,0.0,0.0,nominal,0.4968978067502338,0.0,11,solar_array_degradation,2.3403865198412674,0.4968978067502338,gradual,0.7405113782796986,1.1828831283721493,2012886388,solar_array_degradation
2400.0,40.0,0.6666666666666666,1,606.156362579862,367.3205080756888,-238.83585450417326,100.0,99.84243625351426,30.0,30.01973908508533,-7.961195150139108,-7.986885455675006,22.853240237621186,22.79527363446391,24.819510147189764,25.0094707138531,6.0704502574878765,18.36602540378444,3433.0127018922194,3454.7072164716064,3449.4148375085565,0.00016013481239812548,0.15400337030995312,0.1586836385004956,24.27101611011691,24.240707474659978,0.0,0.0,0.0,0.0,False,none,0.0,0.0,nominal,0.4968978067502338,0.0,11,solar_array_degradation,2.3403865198412674,0.4968978067502338,gradual,0.7405113782796986,1.1828831283721493,2012886388,solar_array_degradation
2460.0,41.0,0.6833333333333333,1,604.961472404706,364.8628965095479,-240.0985758951581,100.0,99.91881003503462,30.0,30.069846999805176,-8.003285863171936,-8.051223799917034,22.8685348187575,22.92648043107578,24.8374403556632,24.835054473446295,6.1242067686118205,18.243144825477398,3371.5724127386975,3413.1398146051515,3417.027647541179,-0.0003646798486658404,0.15911699621664602,0.15559230394547968,24.256150960607094,24.1760775240039,0.0,0.0,0.0,0.0,False,none,0.0,0.0,nominal,0.4968978067502338,0.0,11,solar_array_degradation,2.3403865198412674,0.4968978067502338,gradual,0.7405113782796986,1.1828831283721493,2012886388,solar_array_degradation
2520.0,42.0,0.7,1,603.7424104347197,361.7557050458495,-241.98670538887018,100.0,100.0,30.0,29.97948128273545,-8.06622351296234,-7.988092684287477,22.884007332981238,22.857986903787705,24.85491640332248,24.702668323261943,6.205116940885321,18.087785252292473,3293.8926261462366,3353.5162203756936,3359.382637050015,-0.000846095715616464,0.1711523928904116,0.17133182801413527,24.241376261455354,24.118901408731247,0.0,0.0,0.0,0.0,False,none,0.0,0.0,nominal,0.4968978067502338,0.0,11,solar_array_degradation,2.3403865198412674,0.4968978067502338,gradual,0.7405113782796986,1.1828831283721493,2012886388,solar_array_degradation
2580.0,43.0,0.7166666666666667,1,602.5051158172811,358.134732861516,-244.37038295576508,100.0,99.5183813531657,30.0,30.015270329067473,-8.145679431858836,-8.09758428956253,22.89973051389178,22.870586409048546,24.87189054538205,25.081911147301582,6.308167472528647,17.9067366430758,3203.3683215379006,3278.442270956797,3273.6243998732853,-0.0012630726049780512,0.18157681512445129,0.18149354520025443,24.226671162148925,24.158925357974894,0.0,0.0,0.0,0.0,False,none,0.0,0.0,nominal,0.4968978067502338,0.0,11,solar_array_degradation,2.3403865198412674,0.4968978067502338,gradual,0.7405113782796986,1.1828831283721493,2012886388,solar_array_degradation
2640.0,44.0,0.7333333333333333,1,601.2556165273943,354.1582338163552,-247.09738271103907,100.0,100.0,30.0,29.988036814957034,-8.236579423701302,-8.264436008335636,22.91575646163588,23.22874457301922,24.88833124440063,24.938040807766587,6.427299248235174,17.707911690817763,3103.9558454088806,3191.1990581828386,3187.108063517109,-0.00159738662580824,0.189934665645206,0.18658528581779893,24.212016761677877,24.28605707371537,0.0,0.0,0.0,0.0,False,none,0.0,0.0,nominal,0.4968978067502338,0.0,11,solar_array_degradation,2.3403865198412674,0.4968978067502338,gradual,0.7405113782796986,1.1828831283721493,2012886388,solar_array_degradation
2700.0,45.0,0.75,1,600.0,350.0,-250.0,100.0,99.85689985625397,30.0,29.959950204235998,-8.333333333333334,-8.341084601476942,22.932113774717916,22.918979524651608,24.904224594445424,24.934106622291498,6.555555555555556,17.5,3000.0,3095.5995290914193,3101.6725451578304,-0.0018344266511800618,0.19586066627950155,0.1912262311453536,24.197396865360076,24.104963513946966,0.0,0.0,0.0,0.0,False,none,0.0,0.0,nominal,0.4968978067502338,0.0,11,solar_array_degradation,2.3403865198412674,0.4968978067502338,gradual,0.7405113782796986,1.1828831283721493,2012886388,solar_array_degradation
2760.0,46.0,0.7666666666666667,1,598.7443834726058,345.8417661836448,-252.90261728896104,100.0,99.83137806262539,30.0,29.99876529849289,-8.430087242965367,-8.453830680064529,22.948805457649343,22.96310664439646,24.919574974308226,24.916507509643477,6.685309673920594,17.29208830918224,2896.04415459112,2995.82184184127,2994.891653967218,-0.001963832894540448,0.1990958223635112,0.19783809180453,24.182798630783033,24.165888254595554,0.0,0.0,0.0,0.0,False,none,0.0,0.0,nominal,0.4968978067502338,0.0,11,solar_array_degradation,2.3403865198412674,0.4968978067502338,gradual,0.7405113782796986,1.1828831283721493,2012886388,solar_array_degradation
2820.0,47.0,0.7833333333333333,1,597.4948841827188,341.865267138484,-255.6296170442348,100.0,99.84798886507092,30.0,29.953990303732866,-8.520987234807826,-8.455796566311781,22.96580788449165,23.089779601893948,24.93440490122761,24.865731180879617,6.808577876460634,17.0932633569242,2796.6316784621,2896.226760151685,2892.1175422567208,-0.001979949682094466,0.19949874205236165,0.19641791116417964,24.16821307888662,24.056207739842606,0.0,0.0,0.0,0.0,False,none,0.0,0.0,nominal,0.4968978067502338,0.0,11,solar_array_degradation,2.3403865198412674,0.4968978067502338,gradual,0.7405113782796986,1.1828831283721493,2012886388,solar_array_degradation
2880.0,48.0,0.8,1,596.2575895652803,338.2442949541505,-258.0132946111298,100.0,100.0,30.0,30.02572890721542,-8.600443153704328,-8.600453701430844,22.983071069835393,23.092071453058658,24.9487540915132,25.057499516370388,6.917409795207972,16.912214747707527,2706.1073738537634,2801.1670670027247,2801.946893703107,-0.0018820726328891155,0.1970518158222279,0.197419708004842,24.153635450138335,24.08848481119325,0.0,0.0,0.0,0.0,False,none,0.0,0.0,nominal,0.4968978067502338,0.0,11,solar_array_degradation,2.3403865198412674,0.4968978067502338,gradual,0.7405113782796986,1.1828831283721493,2012886388,solar_array_degradation
2940.0,49.0,0.8166666666666667,1,595.038527595294,335.13710349045215,-259.90142410484185,100.0,100.0,30.0,30.039967045425026,-8.663380803494729,-8.671701091087119,23.000520421268742,23.216182995507932,24.962677769130142,24.974737449337617,7.004333355708877,16.75685517452261,2628.4275872613034,2714.797327132014,2719.570184389493,-0.0016744794436408194,0.19186198609102048,0.19740361181268765,24.139065390160642,24.187110017067386,0.0,0.0,0.0,0.0,False,none,0.0,0.0,nominal,0.4968978067502338,0.0,11,solar_array_degradation,2.3403865198412674,0.4968978067502338,gradual,0.7405113782796986,1.1828831283721493,2012886388,solar_array_degradation
3000.0,50.0,0.8333333333333334,1,593.843637420138,332.6794919243112,-261.16414549582674,100.0,99.68306449178453,30.0,30.031271971314684,-8.705471516527558,-8.768105098927965,23.01806002789448,23.124022164007254,24.976244296169533,25.014858820270465,7.06281874600581,16.633974596215563,2566.9872981077806,2640.8923126198974,2638.2935711227915,-0.0013662429328623966,0.18415607332155992,0.19072805865691606,24.124506954273727,24.10622670823515,0.0,0.0,0.0,0.0,False,none,0.0,0.0,nominal,0.4968978067502338,0.0,11,solar_array_degradation,2.3403865198412674,0.4968978067502338,gradual,0.7405113782796986,1.1828831283721493,2012886388,solar_array_degradation
3060.0,51.0,0.85,1,592.6787404246356,330.9788696740969,-261.6998707505387,100.0,99.95650542487991,30.0,30.019711705702864,-8.723329025017957,-8.788362808111527,23.035577392868106,23.105414943266442,24.989532228767587,25.047853103643103,7.08771754229766,16.548943483704846,2524.4717418524233,2582.6820272361606,2588.339589160809,-0.0009708345151577116,0.17427086287894278,0.1767927670097135,24.109968426400112,24.01205031130502,0.0,0.0,0.0,0.0,False,none,0.0,0.0,nominal,0.4968978067502338,0.0,11,solar_array_degradation,2.3403865198412674,0.4968978067502338,gradual,0.7405113782796986,1.1828831283721493,2012886388,solar_array_degradation
3120.0,52.0,0.8666666666666667,1,591.549511869854,330.1095620926345,-261.43994977721945,100.0,100.0,30.0,30.016952283268505,-8.714664992573981,-8.673093007204438,23.05294936475964,22.84604655123959,25.00262692714671,25.080122582967512,7.075630874623557,16.505478104631727,2502.7390523158633,2542.710539776012,2546.68893832317,-0.0005055354357605888,0.16263838589401472,0.1675439928796384,24.09546195471232,24.159632853372756,0.0,0.0,0.0,0.0,False,none,0.0,0.0,nominal,0.4968978067502338,0.0,11,solar_array_degradation,2.3403865198412674,0.4968978067502338,gradual,0.7405113782796986,1.1828831283721493,2012886388,solar_array_degradation
3180.0,53.0,0.8833333333333333,1,590.4614532438023,330.1095620926345,-260.3518911511678,100.0,100.0,30.0,30.020660378322386,-8.678396371705594,-8.710153869276198,23.070048885526933,23.127723081450842,25.0156168679388,24.89001345304216,7.025165086754626,16.505478104631727,2502.7390523158633,2522.724796045938,2515.370125518421,9.318502806628603e-06,0.15023296257016572,0.15431202521487575,24.081004272189787,23.986245834105947,0.0,0.0,0.0,0.0,False,none,0.0,0.0,nominal,0.4968978067502338,0.0,11,solar_array_degradation,2.3403865198412674,0.4968978067502338,gradual,0.7405113782796986,1.1828831283721493,2012886388,solar_array_degradation
3240.0,54.0,0.9,1,589.4198654587356,330.9788696740969,-258.44099578463863,100.0,100.0,30.0,29.950278444958062,-8.614699859487954,-8.59669616419407,23.086752073192187,23.160750356315766,25.0285898199627,24.845641797732902,6.937044293524942,16.548943483704846,2524.471741852423,2523.5982689491807,2530.951303391097,0.0005512257128852536,0.16378064282213134,0.168412783052078,24.06668537863993,23.99182581639841,0.0,0.0,0.0,0.0,False,none,0.0,0.0,nominal,0.4968978067502338,0.0,11,solar_array_degradation,2.3403865198412674,0.4968978067502338,gradual,0.7405113782796986,1.1828831283721493,2012886388,solar_array_degradation
3300.0,55.0,0.9166666666666666,1,588.4298230256423,332.67949192431126,-255.75033110133108,100.0,99.76638927898459,30.0,30.02459342862163,-8.525011036711037,-8.522436356806587,23.102945110933312,23.073068744760747,25.04162905059543,25.11863932824524,6.814065054083598,16.633974596215563,2566.987298107781,2545.292783528481,2542.9846147719363,0.0010965022490355618,0.17741255622588903,0.16890851014571318,24.05252510515335,24.038967832271723,0.0,0.0,0.0,0.0,False,none,0.0,0.0,nominal,0.4968978067502338,0.0,11,solar_array_degradation,2.3403865198412674,0.4968978067502338,gradual,0.7405113782796986,1.1828831283721493,2012886388,solar_array_degradation
3360.0,56.0,0.9333333333333333,0,0.0,335.1371034904521,335.1371034904521,99.50128407218682,99.48358950655705,29.980051362887473,29.97988673512614,11.178670090783127,11.187954014480505,23.114984150934,23.272288258006498,25.03880972853971,24.962665984907794,10.99701319988554,16.756855174522606,2628.427587261303,2586.860185394892,2592.034282066874,0.001621316910100646,0.19053292275251615,0.18621817037535593,24.03854096867853,23.8883335382567,0.0,0.0,0.0,0.0,False,none,0.0,0.0,nominal,0.4968978067502338,0.0,11,solar_array_degradation,2.3403865198412674,0.4968978067502338,gradual,0.7405113782796986,1.1828831283721493,2012886388,solar_array_degradation
3420.0,57.0,0.95,0,0.0,338.2442949541505,338.2442949541505,98.99794434755268,99.39681265989412,29.959917773902106,29.969579996940244,11.289893967893095,11.330990088566464,23.127617367576732,23.06876767982024,25.03632368020681,25.023756630139452,11.19693646450151,16.912214747707527,2706.1073738537634,2646.4837796243282,2642.728983288947,0.0021027327770518148,0.20256831942629536,0.20766973782788686,24.024747352330543,24.085237307951598,0.0,0.0,0.0,0.0,False,none,0.0,0.0,nominal,0.4968978067502338,0.0,11,solar_array_degradation,2.3403865198412674,0.4968978067502338,gradual,0.7405113782796986,1.1828831283721493,2012886388,solar_array_degradation
3480.0,58.0,0.9666666666666667,0,0.0,341.865267138484,341.865267138484,98.48921627145373,98.50569953416468,29.93956865085815,29.897328558189646,11.41851010364123,11.426462556951522,23.140953629501126,23.05949443560493,25.034219617479003,25.301746590249554,11.430589838956548,17.0932633569242,2796.6316784620994,2721.5577290432134,2717.7285564677295,0.0025197096664136814,0.21299274166034204,0.21092277305531335,24.011154813725696,23.74940807795762,0.0,0.0,0.0,0.0,False,none,0.0,0.0,nominal,0.4968978067502338,0.0,11,solar_array_degradation,2.3403865198412674,0.4968978067502338,gradual,0.7405113782796986,1.1828831283721493,2012886388,solar_array_degradation
3540.0,59.0,0.9833333333333333,0,0.0,345.84176618364484,345.84176618364484,97.9745707860614,97.98386761472163,29.918982831442456,29.87683170519987,11.55927553192727,11.54865340822983,23.15507240127692,23.10811677472906,25.032530037157535,25.25481245206475,11.689348065840997,17.292088309182244,2896.0441545911203,2808.8009418171673,2815.5149464819915,0.002854023687244039,0.22135059218110098,0.21255266491844646,23.997769556621925,24.092270280531093,0.0,0.0,0.0,0.0,False,none,0.0,0.0,nominal,0.4968978067502338,0.0,11,solar_array_degradation,2.3403865198412674,0.4968978067502338,gradual,0.7405113782796986,1.1828831283721493,2012886388,solar_array_degradation
3600.0,60.0,1.0,0,0.0,350.0,350.0,97.45373745272806,97.33873815673368,29.898149498109124,29.889752814500586,11.706410124885334,11.682818092186652,23.170019310339132,23.10033500823138,25.031269796860276,24.976007335317146,11.96320304096143,17.5,2999.9999999999995,2904.4004709085834,2912.7365768420777,0.0030910637126159027,0.22727659281539755,0.22895652437963468,23.984593094723543,23.97777126933379,0.0,0.0,0.0,0.0,False,none,0.0,0.0,nominal,0.4968978067502338,0.0,11,solar_array_degradation,2.3403865198412674,0.4968978067502338,gradual,0.7405113782796986,1.1828831283721493,2012886388,solar_array_degradation
3660.0,61.0,1.0166666666666666,0,0.0,354.15823381635516,354.15823381635516,96.92671627145373,96.82495502528597,29.87706865085815,29.87903272993372,11.853848111909159,11.854803756986534,23.185802851826487,23.160478246851017,25.03043546186703,24.94856206293933,12.241097204816986,17.70791169081776,3103.955845408879,3004.1781581587315,2995.5890102391913,0.003220469955976316,0.2305117488994079,0.2332059049556588,23.971622127828866,23.960213830132602,0.0,0.0,0.0,0.0,False,none,0.0,0.0,nominal,0.4968978067502338,0.0,11,solar_array_degradation,2.3403865198412674,0.4968978067502338,gradual,0.7405113782796986,1.1828831283721493,2012886388,solar_array_degradation
3720.0,62.0,1.0333333333333334,0,0.0,358.134732861516,358.134732861516,96.39377768088599,96.33418576397638,29.85575110723544,29.869827809559286,11.9955023598359,12.00598211901584,23.20239258854615,23.223471986533255,25.030005451458244,24.955435800726363,12.511366149186292,17.9067366430758,3203.368321537899,3103.7732398483154,3096.2801043816808,0.0032365867435303623,0.23091466858825904,0.22396182131562595,23.958848639988698,23.72028980017776,0.0,0.0,0.0,0.0,False,none,0.0,0.0,nominal,0.4968978067502338,0.0,11,solar_array_degradation,2.3403865198412674,0.4968978067502338,gradual,0.7405113782796986,1.1828831283721493,2012886388,solar_array_degradation
3780.0,63.0,1.05,0,0.0,361.7557050458495,361.7557050458495,95.85545073885348,96.25360701487448,29.83421802955414,29.791577264084932,12.125529976602365,12.159547937921815,23.2197191602718,23.194051707871207,25.029940978351163,25.085793981959547,12.762278177078606,18.087785252292473,3293.8926261462366,3198.8329329972757,3188.628420019225,0.0031387096943250254,0.22846774235812561,0.22613110431967637,23.946260217674297,23.85730521079654,0.0,0.0,0.0,0.0,False,none,0.0,0.0,nominal,0.4968978067502338,0.0,11,solar_array_degradation,2.3403865198412674,0.4968978067502338,gradual,0.7405113782796986,1.1828831283721493,2012886388,solar_array_degradation
3840.0,64.0,1.0666666666666667,0,0.0,364.86289650954785,364.86289650954785,95.31249999999997,95.1070468416509,29.8125,29.83214220790917,12.238587723590703,12.203361842514374,23.237676319834975,23.225941074101573,25.030187740175307,25.062182922687988,12.982642357442005,18.243144825477394,3371.5724127386966,3285.202672867986,3285.5785221058673,0.0029311165050767297,0.22327791262691823,0.22286317930736546,23.933840573975722,23.948896263089267,0.0,0.0,0.0,0.0,False,none,0.0,0.0,nominal,0.4968978067502338,0.0,11,solar_array_degradation,2.3403865198412674,0.4968978067502338,gradual,0.7405113782796986,1.1828831283721493,2012886388,solar_array_degradation
3900.0,65.0,1.0833333333333333,0,0.0,367.3205080756888,367.3205080756888,94.76589210107781,94.85938583000045,29.790635684043114,29.783852986799356,12.330066131231911,12.360173146098159,23.256125070129446,23.297685782159974,25.030678289061473,24.87780564052472,13.162442464044181,18.36602540378444,3433.0127018922194,3359.107687380103,3353.374125343259,0.0026228799942983206,0.215571999857458,0.21637379430020992,23.92157025349694,23.797512059544783,0.0,0.0,0.0,0.0,False,none,0.0,0.0,nominal,0.4968978067502338,0.0,11,solar_array_degradation,2.3403865198412674,0.4968978067502338,gradual,0.7405113782796986,1.1828831283721493,2012886388,solar_array_degradation
3960.0,66.0,1.1,0,0.0,369.0211303259031,369.0211303259031,94.21675351428333,94.18053146625276,29.768670140571334,29.77114766005383,12.396292094451642,12.40018974015123,23.27489980175959,23.417937578515577,25.031334975781572,24.960593359907435,13.293444615277142,18.451056516295154,3475.5282581475767,3417.31797276384,3418.323083721574,0.0022274715765936287,0.2056867894148407,0.20706292167368545,23.909427482785624,23.94773690145788,0.0,0.0,0.0,0.0,False,none,0.0,0.0,nominal,0.4968978067502338,0.0,11,solar_array_degradation,2.3403865198412674,0.4968978067502338,gradual,0.7405113782796986,1.1828831283721493,2012886388,solar_array_degradation
4020.0,67.0,1.1166666666666667,0,0.0,369.8904379073655,369.8904379073655,93.6663213150164,93.60733357752972,29.746652852600654,29.7468066193024,12.434691047097997,12.466388591955587,23.293816147332176,23.301805012066332,25.032073339766058,24.98253075184214,13.369723314942329,18.494521895368276,3497.2609476841367,3457.2894602239876,3462.5555423834635,0.001762172497196506,0.19405431242991264,0.18309899526046466,23.897389123596383,23.860282039445092,0.0,0.0,0.0,0.0,False,none,0.0,0.0,nominal,0.4968978067502338,0.0,11,solar_array_degradation,2.3403865198412674,0.4968978067502338,gradual,0.7405113782796986,1.1828831283721493,2012886388,solar_array_degradation
4080.0,68.0,1.1333333333333333,0,0.0,369.8904379073655,369.8904379073655,93.11588911574948,93.24335413034817,29.724635564629978,29.67247171930827,12.443901527509611,12.444952868717529,23.312680099841877,23.26196392124162,25.032805796838666,25.06817768041366,13.388054818108483,18.494521895368276,3497.2609476841367,3477.2752039540624,3479.437745756862,0.0012473185586292885,0.18118296396573222,0.1750533814564381,23.885431681569983,23.83552559901504,0.0,0.0,0.0,0.0,False,none,0.0,0.0,nominal,0.4968978067502338,0.0,11,solar_array_degradation,2.3403865198412674,0.4968978067502338,gradual,0.7405113782796986,1.1828831283721493,2012886388,solar_array_degradation
4140.0,69.0,1.15,0,0.0,369.0211303259031,369.0211303259031,92.56675052895498,92.74181721601131,29.702670021158198,29.693546267895407,12.42383698378082,12.410074263317357,23.33129781268271,23.382078044488303,25.033445463496548,24.89733103786184,13.348138031964808,18.451056516295154,3475.5282581475767,3476.4017310508193,3484.4641693066756,0.0007054113485506565,0.1676352837137664,0.17406182329140024,23.873532321261713,23.83068027999139,0.0,0.0,0.0,0.0,False,none,0.0,0.0,nominal,0.4968978067502338,0.0,11,solar_array_degradation,2.3403865198412674,0.4968978067502338,gradual,0.7405113782796986,1.1828831283721493,2012886388,solar_array_degradation
4200.0,70.0,1.1666666666666667,0,0.0,367.3205080756888,367.3205080756888,92.02014263003282,92.0067356557768,29.680805705201312,29.65631183859969,12.375691944619918,12.336332509899204,23.349485426102113,23.384191143014153,25.033909950596144,25.260537011589705,13.252620088650426,18.36602540378444,3433.0127018922194,3454.7072164715196,3452.262691682989,0.00016013481240036284,0.15400337031000907,0.15831004370845697,23.861669839808748,23.91518707724853,0.0,0.0,0.0,0.0,False,none,0.0,0.0,nominal,0.4968978067502338,0.0,11,solar_array_degradation,2.3403865198412674,0.4968978067502338,gradual,0.7405113782796986,1.1828831283721493,2012886388,solar_array_degradation
4260.0,71.0,1.1833333333333333,0,0.0,364.8628965095479,364.8628965095479,91.47719189117932,91.73274372217355,29.65908767564717,29.666845982434047,12.301892104696591,12.3308271472591,23.367078260040326,23.37190435901174,25.03412496064233,24.95835165950969,13.106923948447706,18.243144825477398,3371.5724127386975,3413.1398146051083,3406.755234197668,-0.00036467984866472153,0.15911699621661804,0.1560612717648609,23.84987478732624,23.907260217308103,0.0,0.0,0.0,0.0,False,none,0.0,0.0,nominal,0.4968978067502338,0.0,11,solar_array_degradation,2.3403865198412674,0.4968978067502338,gradual,0.7405113782796986,1.1828831283721493,2012886388,solar_array_degradation
4320.0,72.0,1.2,0,0.0,361.7557050458495,361.7557050458495,90.9388649491468,91.3366666288008,29.637554597965874,29.66466193747239,12.205990337363327,12.274865343492326,23.383938777177633,23.24704572629529,25.034027531461778,25.00072036145623,12.918896009264552,18.087785252292473,3293.8926261462366,3353.516220375672,3348.927016796018,-0.0008460957156159048,0.1711523928903976,0.17131466665088296,23.838147159474104,23.64338725269314,0.0,0.0,0.0,0.0,False,none,0.0,0.0,nominal,0.4968978067502338,0.0,11,solar_array_degradation,2.3403865198412674,0.4968978067502338,gradual,0.7405113782796986,1.1828831283721493,2012886388,solar_array_degradation
4380.0,73.0,1.2166666666666666,0,0.0,358.134732861516,358.134732861516,90.40592635857907,90.3226976967085,29.616237054343163,29.630438786760703,12.092513042908543,12.093503751120132,23.39996284363268,23.375661959240507,25.033568784496236,24.801733248015783,12.698309735433059,17.9067366430758,3203.3683215379006,3278.4422709567866,3281.4931785182816,-0.001263072604977771,0.18157681512444426,0.1713943288079243,23.826466278432534,23.887302189123858,0.0,0.0,0.0,0.0,False,none,0.0,0.0,nominal,0.4968978067502338,0.0,11,solar_array_degradation,2.3403865198412674,0.4968978067502338,gradual,0.7405113782796986,1.1828831283721493,2012886388,solar_array_degradation
4440.0,74.0,1.2333333333333334,0,0.0,354.15823381635516,354.15823381635516,89.87890517730473,89.74369663700246,29.595156207092188,29.578598385043424,11.966763457443236,11.945983593410824,23.41508398060992,23.396075649884907,25.032716057601903,24.96462842948201,12.456274211711902,17.70791169081776,3103.9558454088797,3191.199058182833,3187.0493423509683,-0.0015973866258081216,0.18993466564520303,0.199067446809473,23.81481341458936,23.91749737252367,0.0,0.0,0.0,0.0,False,none,0.0,0.0,nominal,0.4968978067502338,0.0,11,solar_array_degradation,2.3403865198412674,0.4968978067502338,gradual,0.7405113782796986,1.1828831283721493,2012886388,solar_array_degradation
4500.0,75.0,1.25,0,0.0,350.0,350.0,89.3580718439714,89.43630088388596,29.574322873758856,29.564012283030674,11.834590482223794,11.923837026220387,23.429275485228114,23.694874165685643,25.031454329141088,24.910501910636185,12.20460255055536,17.5,3000.0000000000005,3095.599529091417,3094.0556274650557,-0.0018344266511799855,0.19586066627949963,0.19645339245744542,23.80317254337472,23.757104026734844,0.0,0.0,0.0,0.0,False,none,0.0,0.0,nominal,0.4968978067502338,0.0,11,solar_array_degradation,2.3403865198412674,0.4968978067502338,gradual,0.7405113782796986,1.1828831283721493,2012886388,solar_array_degradation
4560.0,76.0,1.2666666666666666,0,0.0,345.8417661836448,345.8417661836448,88.84342635857907,89.25295060196383,29.553737054343163,29.568542469538585,11.702133153168205,11.581572803260778,23.442550477739275,23.52794960927103,25.029786871126323,24.99340435288174,11.955193626758275,17.29208830918224,2896.04415459112,2995.8218418412685,3007.686252632785,-0.0019638328945404205,0.1990958223635105,0.1893161215260532,23.791530991212568,23.82875678979263,0.0,0.0,0.0,0.0,False,none,0.0,0.0,nominal,0.4968978067502338,0.0,11,solar_array_degradation,2.3403865198412674,0.4968978067502338,gradual,0.7405113782796986,1.1828831283721493,2012886388,solar_array_degradation
4620.0,77.0,1.2833333333333334,0,0.0,341.865267138484,341.865267138484,88.33469828248013,88.53419655165341,29.533387931299206,29.529116047261667,11.575551979804471,11.625445719307844,23.454960082509412,23.60163427273477,25.027735102871162,25.11199153268214,11.719472290972417,17.0932633569242,2796.631678462101,2896.226760151685,2896.8898106431393,-0.001979949682094438,0.19949874205236096,0.19384015688444894,23.779879946612933,23.63305039752095,0.0,0.0,0.0,0.0,False,none,0.0,0.0,nominal,0.4968978067502338,0.0,11,solar_array_degradation,2.3403865198412674,0.4968978067502338,gradual,0.7405113782796986,1.1828831283721493,2012886388,solar_array_degradation
4680.0,78.0,1.3,0,0.0,338.2442949541506,338.2442949541506,87.83135855784599,88.23255875059438,29.51325434231384,29.53926849842255,11.46075898750352,11.472013140824611,23.466590054432928,23.53207868700559,25.02533765154361,24.83204839629906,11.507919725571414,16.91221474770753,2706.107373853764,2801.1670670027247,2809.275142099871,-0.0018820726328891081,0.1970518158222277,0.1909088478136208,23.768214816356704,23.804630639068343,0.0,0.0,0.0,0.0,False,none,0.0,0.0,nominal,0.4968978067502338,0.0,11,solar_array_degradation,2.3403865198412674,0.4968978067502338,gradual,0.7405113782796986,1.1828831283721493,2012886388,solar_array_degradation
4740.0,79.0,1.3166666666666667,0,0.0,335.1371034904521,335.1371034904521,87.33264263003281,87.40559276800019,29.493305705201312,29.498434075883353,11.363158366861153,11.354764318723188,23.477556212258428,23.554502147785115,25.022648660680304,24.991275281292523,11.32970944562933,16.756855174522606,2628.4275872613025,2714.7973271320134,2711.132132618435,-0.0016744794436408268,0.19186198609102068,0.18781970575152213,23.756535411132372,23.785388046641035,0.0,0.0,0.0,0.0,False,none,0.0,0.0,nominal,0.4968978067502338,0.0,11,solar_array_degradation,2.3403865198412674,0.4968978067502338,gradual,0.7405113782796986,1.1828831283721493,2012886388,solar_array_degradation
4800.0,80.0,1.3333333333333333,0,0.0,332.67949192431126,332.67949192431126,86.8375838622883,86.88832903220347,29.473503354491534,29.46092034536942,11.287409166227043,11.267345315567939,23.487999036501098,23.580775195363255,25.019735420587292,24.98057335356835,11.192448454866103,16.633974596215563,2566.987298107781,2640.8923126198974,2638.092386088027,-0.0013662429328623821,0.18415607332155953,0.19060530583643215,23.74484595008817,23.756191998271582,0.0,0.0,0.0,0.0,False,none,0.0,0.0,nominal,0.4968978067502338,0.0,11,solar_array_degradation,2.3403865198412674,0.4968978067502338,gradual,0.7405113782796986,1.1828831283721493,2012886388,solar_array_degradation
4860.0,81.0,1.35,0,0.0,330.9788696740969,330.9788696740969,86.34505578241614,86.02465466865638,29.453802231296645,29.537317428820316,11.237220480906524,11.270114354907255,23.498077742051827,23.665623379727325,25.01667542419,24.814235012257722,11.102009930920405,16.548943483704846,2524.4717418524233,2582.6820272361606,2583.51670570567,-0.0009708345151577116,0.17427086287894278,0.17719154147294586,23.733154879745946,23.848433375121115,0.0,0.0,0.0,0.0,False,none,0.0,0.0,nominal,0.4968978067502338,0.0,11,solar_array_degradation,2.3403865198412674,0.4968978067502338,gradual,0.7405113782796986,1.1828831283721493,2012886388,solar_array_degradation
4920.0,82.0,1.3666666666666667,0,0.0,330.1095620926345,330.1095620926345,85.85382131501638,85.70801633449845,29.434152852600654,29.46051190781487,11.215188143709993,11.231745502489053,23.5079640609592,23.40836256006119,25.013552977005745,24.95923276401245,11.062435607905055,16.505478104631727,2502.7390523158633,2542.710539776012,2544.500090176491,-0.0005055354357605888,0.16263838589401472,0.1732811235624493,23.721474509658062,23.898085164392416,0.0,0.0,0.0,0.0,False,none,0.0,0.0,nominal,0.4968978067502338,0.0,11,solar_array_degradation,2.3403865198412674,0.4968978067502338,gradual,0.7405113782796986,1.1828831283721493,2012886388,solar_array_degradation
4980.0,83.0,1.3833333333333333,0,0.0,330.1095620926345,330.1095620926345,85.36258684761663,85.10383417642586,29.414503473904666,29.43328646762856,11.222680076360769,11.23776012785086,23.517835889419135,23.372953471960507,25.010455509398962,24.984226305139117,11.075883847707596,16.505478104631727,2502.7390523158633,2522.724796045938,2525.8616948271065,9.318502806628603e-06,0.15023296257016572,0.14074865900329364,23.709821732973435,23.82647979166299,0.0,0.0,0.0,0.0,False,none,0.0,0.0,nominal,0.4968978067502338,0.0,11,solar_array_degradation,2.3403865198412674,0.4968978067502338,gradual,0.7405113782796986,1.1828831283721493,2012886388,solar_array_degradation
5040.0,84.0,1.4,0,0.0,330.9788696740969,330.9788696740969,84.87005876774447,85.12025431560168,29.394802350709778,29.409705333629162,11.259775307388825,11.239074496622095,23.527870884742057,23.66028600680594,25.00746975229118,25.135807842209147,11.142603197830649,16.548943483704846,2524.4717418524233,2523.5982689491807,2523.149474963177,0.0005512257128852607,0.1637806428221315,0.16791601349433233,23.698286708467702,23.62045269578429,0.0,0.0,0.0,0.0,False,none,0.0,0.0,nominal,0.4968978067502338,0.0,11,solar_array_degradation,2.3403865198412674,0.4968978067502338,gradual,0.7405113782796986,1.1828831283721493,2012886388,solar_array_degradation
5100.0,85.0,1.4166666666666667,0,0.0,332.6794919243112,332.6794919243112,84.37499999999994,84.44514713658735,29.374999999999996,29.319389622962024,11.325259299551021,11.343197138849126,23.538240058954155,23.656368610452763,25.004677943465282,24.986309933380035,11.260919856165351,16.633974596215563,2566.9872981077806,2545.292783528481,2545.2918886796892,0.0010965022490355544,0.17741255622588886,0.16734661286353794,23.686889425007415,23.35849516532124,0.0,0.0,0.0,0.0,False,none,0.0,0.0,nominal,0.4968978067502338,0.0,11,solar_array_degradation,2.3403865198412674,0.4968978067502338,gradual,0.7405113782796986,1.1828831283721493,2012886388,solar_array_degradation
5160.0,86.0,1.4333333333333333,0,0.0,335.1371034904521,335.1371034904521,83.87628407218678,84.03041016826624,29.355051362887473,29.334421790866045,11.416675765526126,11.48447934614334,23.549101414743138,23.836750339997486,25.002154230266605,25.160063661937105,11.427238842812123,16.756855174522606,2628.4275872613025,2586.860185394892,2577.4229352954358,0.0016213169101006388,0.19053292275251596,0.18839282926766177,23.67564755613369,23.77633740696644,0.0,0.0,0.0,0.0,False,none,0.0,0.0,nominal,0.4968978067502338,0.0,11,solar_array_degradation,2.3403865198412674,0.4968978067502338,gradual,0.7405113782796986,1.1828831283721493,2012886388,solar_array_degradation
5220.0,87.0,1.45,0,0.0,338.2442949541505,338.2442949541505,83.37294434755262,83.27855383740463,29.334917773902106,29.325279890074142,11.530432693255085,11.51927135768356,23.56059370707966,23.683438919785786,24.99996142591989,25.162481830395258,11.636070247494857,16.912214747707527,2706.107373853763,2646.483779624328,2654.1187649255653,0.002102732777051808,0.2025683194262952,0.20146205488507962,23.66457564037979,23.77287644023965,0.0,0.0,0.0,0.0,False,none,0.0,0.0,nominal,0.4968978067502338,0.0,11,solar_array_degradation,2.3403865198412674,0.4968978067502338,gradual,0.7405113782796986,1.1828831283721493,2012886388,solar_array_degradation
5280.0,88.0,1.4666666666666666,0,0.0,341.86526713848394,341.86526713848394,82.86421627145369,83.25315602394879,29.31456865085815,29.297532855473783,11.66195795715644,11.703588082506155,23.57283048174238,23.4991614762144,24.998148261226376,25.14699309996337,11.880101071558753,17.093263356924197,2796.6316784620985,2721.557729043213,2724.6195096858733,0.0025197096664136814,0.21299274166034204,0.21182511455785377,23.653684389614575,23.57106893447551,0.0,0.0,0.0,0.0,False,none,0.0,0.0,nominal,0.4968978067502338,0.0,11,solar_array_degradation,2.3403865198412674,0.4968978067502338,gradual,0.7405113782796986,1.1828831283721493,2012886388,solar_array_degradation
5340.0,89.0,1.4833333333333334,0,0.0,345.8417661836448,345.8417661836448,82.34957078606136,82.54441269035264,29.293982831442456,29.262801274415153,11.80589775632825,11.81017314833585,23.585894624674026,23.78705086217158,24.99674725175493,24.942276498003213,12.150337746630113,17.29208830918224,2896.0441545911194,2808.800941817166,2814.5127583622616,0.002854023687244032,0.22135059218110079,0.23411669688879938,23.64298016069164,23.747465394071277,0.0,0.0,0.0,0.0,False,none,0.0,0.0,nominal,0.4968978067502338,0.0,11,solar_array_degradation,2.3403865198412674,0.4968978067502338,gradual,0.7405113782796986,1.1828831283721493,2012886388,solar_array_degradation
5400.0,90.0,1.5,1,600.0,350.0,-250.0,82.72159459558517,82.25393227033584,29.308863783823405,29.263979907336356,-8.529842775344427,-8.58718285505896,23.599114781665207,23.367156814660692,25.01177327374089,25.05281949728482,6.820657421767642,17.5,2999.9999999999995,2904.400470908583,2900.86091869895,0.003091063712615916,0.22727659281539792,0.2247208645261274,23.632464619262734,23.618880141954374,0.0,0.0,0.0,0.0,False,none,0.0,0.0,nominal,0.4968978067502338,0.0,11,solar_array_degradation,2.3403865198412674,0.4968978067502338,gradual,0.7405113782796986,1.1828831283721493,2012886388,solar_array_degradation
5460.0,91.0,1.5166666666666666,1,601.2556165273943,354.1582338163552,-247.09738271103907,83.08929903414327,83.15894882736066,29.32357196136573,29.31036314562653,-8.426578557230128,-8.410053873238676,23.611788686623527,23.702744358114348,25.027094910932597,25.000241903921463,6.680578094493646,17.707911690817763,3103.9558454088797,3004.1781581587315,3003.8479732373858,0.0032204699559763308,0.23051174889940826,0.2205972944755569,23.622134615934012,23.574761850284258,0.0,0.0,0.0,0.0,False,none,0.0,0.0,nominal,0.4968978067502338,0.0,11,solar_array_degradation,2.3403865198412674,0.4968978067502338,gradual,0.7405113782796986,1.1828831283721493,2012886388,solar_array_degradation
5520.0,92.0,1.5333333333333334,1,602.5051158172811,358.13473286151606,-244.37038295576502,83.45294543735125,83.0151013679174,29.33811781749405,29.266097291863236,-8.32944991481523,-8.303889157492685,23.623952550739364,23.64815844246293,25.042691624931287,25.212075926447493,6.550378870673236,17.906736643075803,3203.368321537901,3103.7732398483167,3113.6814632955015,0.0032365867435303836,0.2309146685882596,0.2271695516548112,23.611982284433054,23.600132084748957,0.0,0.0,0.0,0.0,False,none,0.0,0.0,nominal,0.4968978067502338,0.0,11,solar_array_degradation,2.3403865198412674,0.4968978067502338,gradual,0.7405113782796986,1.1828831283721493,2012886388,solar_array_degradation
5580.0,93.0,1.55,1,603.7424104347197,361.7557050458494,-241.98670538887023,83.81304470132278,84.12864785849922,29.35252178805291,29.36107288026823,-8.244153846003238,-8.270621250685894,23.63566645480468,23.61751681733951,25.05852566243642,25.146173042849238,6.437285810925598,18.087785252292473,3293.892626146236,3198.8329329972757,3185.823288974836,0.0031387096943250046,0.22846774235812511,0.22326215804844332,23.60199535978532,23.779648287152504,0.0,0.0,0.0,0.0,False,none,0.0,0.0,nominal,0.4968978067502338,0.0,11,solar_array_degradation,2.3403865198412674,0.4968978067502338,gradual,0.7405113782796986,1.1828831283721493,2012886388,solar_array_degradation
5640.0,94.0,1.5666666666666667,1,604.961472404706,364.8628965095479,-240.0985758951581,84.1703342487858,84.68435064964699,29.366813369951434,29.316694861093822,-8.175847098917126,-8.216814366809922,23.64701098295182,23.486693395223583,25.07454374678788,24.982753961888005,6.3475580627897275,18.243144825477398,3371.572412738697,3285.202672867987,3290.0519472823976,0.002931116505076744,0.2232779126269186,0.23097635010213532,23.59215770252091,23.575119349745442,0.0,0.0,0.0,0.0,False,none,0.0,0.0,nominal,0.4968978067502338,0.0,11,solar_array_degradation,2.3403865198412674,0.4968978067502338,gradual,0.7405113782796986,1.1828831283721493,2012886388,solar_array_degradation
5700.0,95.0,1.5833333333333333,1,606.1563625798619,367.32050807568874,-238.8358545041732,84.52574474655987,84.82689258226482,29.381029789862396,29.407289042378487,-8.128913663420365,-8.141587366636816,23.65808338034673,23.655849681145558,25.09067944762115,25.03377603698931,6.286338987787384,18.366025403784437,3433.012701892219,3359.107687380103,3360.04343493828,0.0026228799942982993,0.21557199985745748,0.2086680260849591,23.582450003578042,23.46099383351877,0.0,0.0,0.0,0.0,False,none,0.0,0.0,nominal,0.4968978067502338,0.0,11,solar_array_degradation,2.3403865198412674,0.4968978067502338,gradual,0.7405113782796986,1.1828831283721493,2012886388,solar_array_degradation
5760.0,96.0,1.6,1,607.3212595753644,369.0211303259031,-238.3001292494613,84.88035803413348,84.71236305113477,29.395214321365337,29.382868192461423,-8.106766177794373,-8.053325481301675,23.668993455494366,23.7864062414876,25.10685612507277,25.226429312183456,6.257572628914463,18.451056516295154,3475.5282581475767,3417.31797276384,3422.600513962606,0.0022274715765936287,0.2056867894148407,0.2132206073923105,23.572850634741116,23.673086835708407,0.0,0.0,0.0,0.0,False,none,0.0,0.0,nominal,0.4968978067502338,0.0,11,solar_array_degradation,2.3403865198412674,0.4968978067502338,gradual,0.7405113782796986,1.1828831283721493,2012886388,solar_array_degradation
5820.0,97.0,1.6166666666666667,1,608.450488130146,369.8904379073655,-238.56005022278055,85.23535810886975,85.2060833551418,29.409414324354792,29.42833829877058,-8.111689936824822,-8.150891400230508,23.67985936506305,23.796576084174216,25.122990319862925,25.10347862297016,6.263961090494807,18.494521895368276,3497.260947684136,3457.2894602239876,3447.002476956466,0.001762172497196499,0.19405431242991247,0.18954117973502163,23.56333660191221,23.573859744397094,0.0,0.0,0.0,0.0,False,none,0.0,0.0,nominal,0.4968978067502338,0.0,11,solar_array_degradation,2.3403865198412674,0.4968978067502338,gradual,0.7405113782796986,1.1828831283721493,2012886388,solar_array_degradation
5880.0,98.0,1.6333333333333333,1,609.5385467561977,369.8904379073655,-239.64810884883218,85.59197731846623,85.893756919453,29.42367909273865,29.371972276179225,-8.1447363565073,-8.143269840757235,23.690803336957206,23.764194616320246,25.138995441094757,24.975751145266155,6.306938425360945,18.494521895368276,3497.2609476841367,3477.2752039540624,3477.0241373764306,0.0012473185586292885,0.18118296396573222,0.18592924220689164,23.55388455379844,23.577870589338144,0.0,0.0,0.0,0.0,False,none,0.0,0.0,nominal,0.4968978067502338,0.0,11,solar_array_degradation,2.3403865198412674,0.4968978067502338,gradual,0.7405113782796986,1.1828831283721493,2012886388,solar_array_degradation
5940.0,99.0,1.65,1,610.5801345412646,369.0211303259031,-241.55900421536148,85.95144012235814,86.32955151322663,29.438057604894325,29.42575780075975,-8.205670613783983,-8.197075506141744,23.70194732499464,23.86581399400155,25.15478559059859,25.174967293656994,6.386642417753441,18.451056516295154,3475.5282581475763,3476.4017310508193,3467.3609935522636,0.0007054113485506565,0.1676352837137664,0.16807746039814503,23.544471796948457,23.486258146768996,0.0,0.0,0.0,0.0,False,none,0.0,0.0,nominal,0.4968978067502338,0.0,11,solar_array_degradation,2.3403865198412674,0.4968978067502338,gradual,0.7405113782796986,1.1828831283721493,2012886388,solar_array_degradation
6000.0,100.0,1.6666666666666667,1,611.5701769743577,367.3205080756888,-244.24966889866886,86.3149068915526,86.71717630364608,29.452596275662103,29.47946348226965,-8.29297582503796,-8.363451206931671,23.713408560520584,23.776503138513146,25.17027935668137,25.19601113712892,6.5018758427731225,18.36602540378444,3433.0127018922194,3454.7072164715196,3448.0851852950664,0.00016013481240036284,0.15400337031000907,0.15391024200667902,23.53507726942784,23.597117025980413,0.0,0.0,0.0,0.0,False,none,0.0,0.0,nominal,0.4968978067502338,0.0,11,solar_array_degradation,2.3403865198412674,0.4968978067502338,gradual,0.7405113782796986,1.1828831283721493,2012886388,solar_array_degradation
6060.0,101.0,1.6833333333333333,1,612.503850668262,364.86289650954785,-247.64095415871412,86.68342021619354,86.92388913377837,29.46733680864774,29.483187674868667,-8.403913654186736,-8.302041756726632,23.725294979746,23.761720963671003,25.185403411478873,25.214587138986563,6.650061176562101,18.243144825477394,3371.5724127386966,3413.1398146051083,3415.6163681671605,-0.00036467984866473584,0.1591169962166184,0.15880787928556098,23.52573166122319,23.49271354646654,0.0,0.0,0.0,0.0,False,none,0.0,0.0,nominal,0.4968978067502338,0.0,11,solar_array_degradation,2.3403865198412674,0.4968978067502338,gradual,0.7405113782796986,1.1828831283721493,2012886388,solar_array_degradation
6120.0,102.0,1.7,1,613.376606858593,361.7557050458495,-251.62090181274357,87.0578560819863,87.18869010525624,29.482314243279454,29.429863476317752,-8.534638757881803,-8.526351413888497,23.737700558861533,23.43306225950205,25.200095754691628,25.181300731237098,6.827204698203059,18.087785252292473,3293.892626146237,3353.516220375672,3352.3417888260997,-0.0008460957156158976,0.17115239289039744,0.17964896177952505,23.51643510681683,23.481473921805595,0.0,0.0,0.0,0.0,False,none,0.0,0.0,nominal,0.4968978067502338,0.0,11,solar_array_degradation,2.3403865198412674,0.4968978067502338,gradual,0.7405113782796986,1.1828831283721493,2012886388,solar_array_degradation
6180.0,103.0,1.7166666666666666,1,614.184193564921,358.134732861516,-256.049460703405,87.4388820651759,87.41809246381223,29.497555282607035,29.52598655633368,-8.680362092731874,-8.719538577781211,23.75070067179128,23.794975036144162,25.214308461940245,25.106838729273232,7.027894884874919,17.9067366430758,3203.3683215379,3278.4422709567857,3273.8222583211987,-0.001263072604977778,0.18157681512444446,0.1802641330280805,23.507167066170187,23.597027225207064,0.0,0.0,0.0,0.0,False,none,0.0,0.0,nominal,0.4968978067502338,0.0,11,solar_array_degradation,2.3403865198412674,0.4968978067502338,gradual,0.7405113782796986,1.1828831283721493,2012886388,solar_array_degradation
6240.0,104.0,1.7333333333333334,1,614.9226763059908,354.1582338163552,-260.76444248963554,87.82692439030927,87.7262811646679,29.51307697561237,29.51507143797951,-8.835555936953433,-8.860511301881978,23.764347680751207,23.765249780397657,25.228009817626358,25.45271659084624,7.245363897202646,17.707911690817763,3103.9558454088806,3191.199058182833,3183.8833422386906,-0.0015973866258081003,0.1899346656452025,0.1908809646761391,23.497908946418978,23.48271511849695,0.0,0.0,0.0,0.0,False,none,0.0,0.0,nominal,0.4968978067502338,0.0,11,solar_array_degradation,2.3403865198412674,0.4968978067502338,gradual,0.7405113782796986,1.1828831283721493,2012886388,solar_array_degradation
6300.0,105.0,1.75,1,615.5884572681198,350.0,-265.5884572681198,88.22214530886303,88.2218734007785,29.52888581235452,29.48012165922761,-8.994191618195119,-8.97569893641468,23.778667056763982,23.782842679706537,25.241185739085346,25.25149557744228,7.471638629184906,17.5,3000.0000000000005,3095.599529091417,3088.5472868083298,-0.0018344266511799855,0.19586066627949963,0.19419943799948253,23.48864485871562,23.582965533520017,0.0,0.0,0.0,0.0,False,none,0.0,0.0,nominal,0.4968978067502338,0.0,11,solar_array_degradation,2.3403865198412674,0.4968978067502338,gradual,0.7405113782796986,1.1828831283721493,2012886388,solar_array_degradation
6360.0,106.0,1.7666666666666666,1,616.178292833385,345.8417661836449,-270.33652664974005,88.62443180685372,88.40375225275628,29.54497727227415,29.499894442049776,-9.149999479046192,-9.09206241434784,23.793654385214477,23.84132667850326,25.253840429791026,25.364283237600624,7.697799237323648,17.292088309182244,2896.0441545911217,2995.82184184127,2993.5966357531297,-0.0019638328945403845,0.1990958223635096,0.18976062565428634,23.479362264188413,23.45165028513706,0.0,0.0,0.0,0.0,False,none,0.0,0.0,nominal,0.4968978067502338,0.0,11,solar_array_degradation,2.3403865198412674,0.4968978067502338,gradual,0.7405113782796986,1.1828831283721493,2012886388,solar_array_degradation
6420.0,107.0,1.7833333333333334,1,616.6893093822022,341.86526713848406,-274.8240422437181,89.03339615543068,88.85671988029173,29.561335846217226,29.556963629018426,-9.296739622099507,-9.330284145252792,23.80927362359682,23.741495896824766,25.265996233066545,25.30506137048619,7.9143494080891905,17.093263356924204,2796.631678462101,2896.226760151685,2906.9150745306647,-0.0019799496820944516,0.1994987420523613,0.1965225587121743,23.47005248504146,23.56450599072763,0.0,0.0,0.0,0.0,False,none,0.0,0.0,nominal,0.4968978067502338,0.0,11,solar_array_degradation,2.3403865198412674,0.4968978067502338,gradual,0.7405113782796986,1.1828831283721493,2012886388,solar_array_degradation
6480.0,108.0,1.8,1,617.1190172933127,338.24429495415063,-278.8747223391621,89.44838830176872,89.53676769625226,29.57793553207075,29.560738077551644,-9.428471504942728,-9.411996668650756,23.82545693516711,23.705339762500785,25.27769269269743,25.390655908033942,8.111685993561359,16.912214747707534,2706.1073738537652,2801.167067002725,2801.598647824148,-0.0018820726328890943,0.19705181582222736,0.190989309702092,23.460711060747016,23.491281121870024,0.0,0.0,0.0,0.0,False,none,0.0,0.0,nominal,0.4968978067502338,0.0,11,solar_array_degradation,2.3403865198412674,0.4968978067502338,gradual,0.7405113782796986,1.1828831283721493,2012886388,solar_array_degradation
6540.0,109.0,1.8166666666666667,1,617.465323072968,335.1371034904521,-282.3282195825159,89.86851958090936,89.65125974204663,29.594740783236375,29.618130289195886,-9.539810524119803,-9.477878646368024,23.842106322845737,23.49668033408606,25.288984861504893,25.474770044596053,8.280638786888556,16.756855174522606,2628.427587261303,2714.7973271320143,2707.4181675200125,-0.0016744794436408268,0.19186198609102068,0.1853028907563834,23.451337933689757,23.495253800408125,0.0,0.0,0.0,0.0,False,none,0.0,0.0,nominal,0.4968978067502338,0.0,11,solar_array_degradation,2.3403865198412674,0.4968978067502338,gradual,0.7405113782796986,1.1828831283721493,2012886388,solar_array_degradation
6600.0,110.0,1.8333333333333333,1,617.7265395542198,332.6794919243112,-285.0470476299086,90.29269673512054,90.57898051368579,29.61170786940482,29.565464797440644,-9.626160331144652,-9.606564925868046,23.859097141634237,23.954823324921453,25.299940931805285,25.32614460225378,8.413037017672233,16.633974596215563,2566.98729810778,2640.8923126198974,2636.0498086360985,-0.0013662429328624107,0.18415607332156025,0.1864818399379388,23.441937453726375,23.417470647508125,0.0,0.0,0.0,0.0,False,none,0.0,0.0,nominal,0.4968978067502338,0.0,11,solar_array_degradation,2.3403865198412674,0.4968978067502338,gradual,0.7405113782796986,1.1828831283721493,2012886388,solar_array_degradation
6660.0,111.0,1.85,1,617.9013941166289,330.9788696740969,-286.922524442532,90.71966477744574,90.4859323030197,29.62878659109783,29.61275198944522,-9.683910731894091,-9.65099403979199,23.876283392667975,24.120522823846645,25.310639291318253,25.171525919814055,8.502250165063485,16.548943483704846,2524.4717418524233,2582.6820272361606,2583.3345469157866,-0.0009708345151577116,0.17427086287894278,0.18103574826890223,23.432518197106866,23.412074524642314,0.0,0.0,0.0,0.0,False,none,0.0,0.0,nominal,0.4968978067502338,0.0,11,solar_array_degradation,2.3403865198412674,0.4968978067502338,gradual,0.7405113782796986,1.1828831283721493,2012886388,solar_array_degradation
6720.0,112.0,1.8666666666666667,1,617.9890348863438,330.1095620926345,-287.8794727937093,91.14805685005543,91.16012225778455,29.645922274002217,29.668415028675057,-9.710592577724025,-9.718016040959277,23.893504521168115,24.012037416311138,25.32116513319697,25.19270048516763,8.543648656843914,16.505478104631727,2502.7390523158633,2542.710539776012,2534.651409217017,-0.0005055354357605888,0.16263838589401472,0.16242831726710721,23.423092602138773,23.445620887035393,0.0,0.0,0.0,0.0,False,none,0.0,0.0,nominal,0.4968978067502338,0.0,11,solar_array_degradation,2.3403865198412674,0.4968978067502338,gradual,0.7405113782796986,1.1828831283721493,2012886388,solar_array_degradation
6780.0,113.0,1.8833333333333333,1,617.9890348863438,330.1095620926345,-287.8794727937093,91.57644892266512,91.41315059194942,29.663057956906606,29.696973909617284,-9.704982986310108,-9.698930648498386,23.91059327931166,23.863811610741386,25.33160676834066,25.47796410904947,8.534935581165493,16.505478104631727,2502.7390523158633,2522.724796045938,2530.447498303827,9.318502806628603e-06,0.15023296257016572,0.1455455701646438,23.41367768976054,23.392687352063817,0.0,0.0,0.0,0.0,False,none,0.0,0.0,nominal,0.4968978067502338,0.0,11,solar_array_degradation,2.3403865198412674,0.4968978067502338,gradual,0.7405113782796986,1.1828831283721493,2012886388,solar_array_degradation
6840.0,114.0,1.9,1,617.9013941166289,330.9788696740969,-286.922524442532,92.00341696499031,92.18642675200755,29.680136678599613,29.75782988254208,-9.667156440334484,-9.666462766910374,23.92738409660696,24.007601566170926,25.342051801161343,25.361961697007914,8.47631309135204,16.548943483704846,2524.4717418524233,2523.5982689491807,2517.418138972403,0.0005512257128852607,0.1637806428221315,0.16881234623466018,23.404363745578905,23.426107085895158,0.0,0.0,0.0,0.0,False,none,0.0,0.0,nominal,0.4968978067502338,0.0,11,solar_array_degradation,2.3403865198412674,0.4968978067502338,gradual,0.7405113782796986,1.1828831283721493,2012886388,solar_array_degradation
6900.0,115.0,1.9166666666666667,1,617.7265395542198,332.6794919243112,-285.0470476299086,92.4275941192015,92.3883397313543,29.69710376476806,29.726885899736555,-9.598479699831257,-9.607974969728145,23.94372134204014,24.098677107851188,25.352583335944484,25.39021471841721,8.370465003845819,16.633974596215563,2566.9872981077797,2545.2927835284804,2549.6303741709166,0.0010965022490355475,0.1774125562258887,0.17700932627303972,23.395170884340285,23.304145083016213,0.0,0.0,0.0,0.0,False,none,0.0,0.0,nominal,0.4968978067502338,0.0,11,solar_array_degradation,2.3403865198412674,0.4968978067502338,gradual,0.7405113782796986,1.1828831283721493,2012886388,solar_array_degradation
6960.0,116.0,1.9333333333333333,1,617.465323072968,335.1371034904521,-282.3282195825159,92.84772539834213,92.82415603480915,29.713909015933687,29.663007102020433,-9.501550921190516,-9.558411480479098,23.959466872630024,23.769297798892612,25.363276379605974,25.20892410798871,8.222357592638108,16.756855174522606,2628.427587261302,2586.860185394891,2595.0372527173467,0.0016213169101006388,0.19053292275251596,0.19196071763035677,23.38611690452156,23.352476356006463,0.0,0.0,0.0,0.0,False,none,0.0,0.0,nominal,0.4968978067502338,0.0,11,solar_array_degradation,2.3403865198412674,0.4968978067502338,gradual,0.7405113782796986,1.1828831283721493,2012886388,solar_array_degradation
7020.0,117.0,1.95,1,617.1190172933127,338.24429495415046,-278.87472233916225,93.26271754468019,93.07947463997476,29.73050870178721,29.728186722899245,-9.380085794576333,-9.378602647758086,23.974506340597873,23.801810828916757,25.37419459806454,25.46428842408151,8.038880761089018,16.912214747707523,2706.1073738537616,2646.4837796243264,2651.0722244848016,0.0021027327770518074,0.20256831942629516,0.2103995376035689,23.37721646865475,23.51515116947339,0.0,0.0,0.0,0.0,False,none,0.0,0.0,nominal,0.4968978067502338,0.0,11,solar_array_degradation,2.3403865198412674,0.4968978067502338,gradual,0.7405113782796986,1.1828831283721493,2012886388,solar_array_degradation
7080.0,118.0,1.9666666666666666,1,616.6893093822022,341.865267138484,-274.82404224371817,93.67168189325714,93.87987777866445,29.746867275730285,29.695894684440372,-9.238755788847055,-9.254183424383639,23.988753864827874,24.21054696558079,25.385387567993874,25.565896073592455,7.8283686820763965,17.0932633569242,2796.6316784621,2721.557729043213,2714.1823115560746,0.00251970966641371,0.21299274166034274,0.21074883981058948,23.36848041167747,23.310344629008846,0.0,0.0,0.0,0.0,False,none,0.0,0.0,nominal,0.4968978067502338,0.0,11,solar_array_degradation,2.3403865198412674,0.4968978067502338,gradual,0.7405113782796986,1.1828831283721493,2012886388,solar_array_degradation
7140.0,119.0,1.9833333333333334,1,616.178292833385,345.84176618364484,-270.3365266497401,94.07396839124782,94.01191910774266,29.762958735649914,29.709280154275515,-9.08298563495747,-9.0591276611248,24.002154842450864,23.914365537906974,25.396888644068287,25.31954642753748,7.600050243587502,17.292088309182244,2896.044154591121,2808.8009418171673,2833.2763448326828,0.002854023687244053,0.2213505921811013,0.22299885476553255,23.359915212589062,23.453920268840566,0.0,0.0,0.0,0.0,False,none,0.0,0.0,nominal,0.4968978067502338,0.0,11,solar_array_degradation,2.3403865198412674,0.4968978067502338,gradual,0.7405113782796986,1.1828831283721493,2012886388,solar_array_degradation
7200.0,120.0,2.0,1,615.58845726812,350.0,-265.58845726812,94.46918930980158,94.51547338478787,29.778767572392063,29.83987300145552,-8.918718903409134,-8.9574630277193,24.0146868592303,24.026327136870837,25.40871353491574,25.210076263570596,7.363483750242194,17.5,2999.9999999999995,2904.4004709085834,2908.242790724927,0.0030910637126159027,0.22727659281539755,0.2303165889986472,23.351522658270927,23.322630170808434,0.0,0.0,0.0,0.0,False,none,0.0,0.0,nominal,0.4968978067502338,0.0,11,solar_array_degradation,2.3403865198412674,0.4968978067502338,gradual,0.7405113782796986,1.1828831283721493,2012886388,solar_array_degradation
7260.0,121.0,2.0166666666666666,1,614.9226763059908,354.15823381635516,-260.7644424896356,94.85723163493495,94.73993350666757,29.7942892653974,29.7564832073056,-8.752161871251051,-8.769948411053637,24.026358828053738,24.151336833182473,25.420859650018052,25.556387360035362,7.128026993646456,17.70791169081776,3103.9558454088797,3004.178158158732,3001.16327405782,0.003220469955976323,0.23051174889940806,0.2245983416162645,23.343299719649647,23.260870121227995,0.0,0.0,0.0,0.0,False,none,0.0,0.0,nominal,0.4968978067502338,0.0,11,solar_array_degradation,2.3403865198412674,0.4968978067502338,gradual,0.7405113782796986,1.1828831283721493,2012886388,solar_array_degradation
7320.0,122.0,2.033333333333333,1,614.184193564921,358.13473286151594,-256.04946070340503,95.23825761812455,95.07068756314163,29.80953030472498,29.782838245260713,-8.589516778223766,-8.551505810839595,24.037208621347652,23.935900013611416,25.43330624610406,25.509569047094,6.902383878671007,17.9067366430758,3203.368321537899,3103.7732398483154,3106.3176547795933,0.0032365867435303554,0.23091466858825888,0.2335280338456488,23.33523864987082,23.34327414629095,0.0,0.0,0.0,0.0,False,none,0.0,0.0,nominal,0.4968978067502338,0.0,11,solar_array_degradation,2.3403865198412674,0.4968978067502338,gradual,0.7405113782796986,1.1828831283721493,2012886388,solar_array_degradation
7380.0,123.0,2.05,1,613.376606858593,361.7557050458494,-251.62090181274363,95.61269348391733,95.65257947433831,29.824507739356694,29.867078651562174,-8.436716005900823,-8.449520420446683,24.047299550143357,24.16607774000143,25.446015366639813,25.36291824192518,6.694254157137851,18.087785252292473,3293.892626146236,3198.8329329972757,3190.613370176643,0.0031387096943250184,0.22846774235812545,0.22508851820655018,23.327327302482303,23.428291259962602,0.0,0.0,0.0,0.0,False,none,0.0,0.0,nominal,0.4968978067502338,0.0,11,solar_array_degradation,2.3403865198412674,0.4968978067502338,gradual,0.7405113782796986,1.1828831283721493,2012886388,solar_array_degradation
7440.0,124.0,2.066666666666667,1,612.503850668262,364.86289650954785,-247.64095415871412,95.98120680855826,95.93050719851587,29.83924827234233,29.85540894461918,-8.299168661974965,-8.34103422313606,24.056716072970474,23.67963042745785,25.458933533357648,25.40270582431327,6.510096038392588,18.243144825477394,3371.572412738696,3285.202672867986,3284.529277928182,0.0029311165050767227,0.22327791262691807,0.2309332884480245,23.319549655647666,23.335706452587008,0.0,0.0,0.0,0.0,False,none,0.0,0.0,nominal,0.4968978067502338,0.0,11,solar_array_degradation,2.3403865198412674,0.4968978067502338,gradual,0.7405113782796986,1.1828831283721493,2012886388,solar_array_degradation
7500.0,125.0,2.0833333333333335,1,611.5701769743577,367.3205080756888,-244.24966889866886,96.3446735777527,96.42855967064808,29.85378694311011,29.84503121900067,-8.181530516182596,-8.150852579510275,24.065559094289245,24.09787049852259,25.471994115898354,25.331748365539738,6.354995326978164,18.36602540378444,3433.0127018922194,3359.107687380103,3351.217483887684,0.0026228799942983206,0.215571999857458,0.21398642521291297,23.311886517056347,23.335294885410864,0.0,0.0,0.0,0.0,False,none,0.0,0.0,nominal,0.4968978067502338,0.0,11,solar_array_degradation,2.3403865198412674,0.4968978067502338,gradual,0.7405113782796986,1.1828831283721493,2012886388,solar_array_degradation
7560.0,126.0,2.1,1,610.5801345412646,369.0211303259031,-241.55900421536148,96.70413638164462,97.10816701549896,29.868165455265785,29.822206541034262,-8.087507234990705,-8.078930053289929,24.07394114593045,24.016176939530432,25.48512027600376,25.410831371449135,6.232621862082159,18.451056516295154,3475.5282581475767,3417.31797276384,3434.605036859881,0.0022274715765936287,0.2056867894148407,0.20907932845912217,23.304316374368334,23.13522911528342,0.0,0.0,0.0,0.0,False,none,0.0,0.0,nominal,0.4968978067502338,0.0,11,solar_array_degradation,2.3403865198412674,0.4968978067502338,gradual,0.7405113782796986,1.1828831283721493,2012886388,solar_array_degradation
7620.0,127.0,2.1166666666666667,1,609.5385467561977,369.8904379073655,-239.64810884883218,97.0607555912411,96.95389461743866,29.882430223649642,29.908403178442672,-8.019699437268967,-8.003007599490797,24.08198165347197,24.011073164594805,25.498228357586466,25.418537985745235,6.145246325130574,18.494521895368276,3497.2609476841367,3457.2894602239876,3462.902302820782,0.001762172497196506,0.19405431242991264,0.18164669942497483,23.29681634849222,23.28543399941675,0.0,0.0,0.0,0.0,False,none,0.0,0.0,nominal,0.4968978067502338,0.0,11,solar_array_degradation,2.3403865198412674,0.4968978067502338,gradual,0.7405113782796986,1.1828831283721493,2012886388,solar_array_degradation
7680.0,128.0,2.1333333333333333,1,608.450488130146,369.8904379073655,-238.56005022278055,97.41575566597737,97.44947214810696,29.896630226639097,29.950487899243964,-7.979496298222064,-8.018464082797939,24.089802393197363,23.97857661337315,25.51123157451651,25.440450826048068,6.09378889386717,18.494521895368276,3497.2609476841367,3477.2752039540624,3468.7895223295445,0.0012473185586292885,0.18118296396573222,0.181077938774988,23.289363202279105,23.463890170323587,0.0,0.0,0.0,0.0,False,none,0.0,0.0,nominal,0.4968978067502338,0.0,11,solar_array_degradation,2.3403865198412674,0.4968978067502338,gradual,0.7405113782796986,1.1828831283721493,2012886388,solar_array_degradation
7740.0,129.0,2.15,1,607.3212595753644,369.0211303259031,-238.3001292494613,97.77036895355099,97.82942534168077,29.91081475814204,29.98039502348554,-7.967022335444523,-7.945956583975776,24.097523164143105,24.20500635652164,25.52404383495297,25.561384429037947,6.077875591477752,18.451056516295154,3475.5282581475767,3476.4017310508193,3481.1191785511114,0.0007054113485506565,0.1676352837137664,0.1676454899401048,23.281934355565518,23.43261282559447,0.0,0.0,0.0,0.0,False,none,0.0,0.0,nominal,0.4968978067502338,0.0,11,solar_array_degradation,2.3403865198412674,0.4968978067502338,gradual,0.7405113782796986,1.1828831283721493,2012886388,solar_array_degradation
7800.0,130.0,2.1666666666666665,1,606.156362579862,367.3205080756888,-238.83585450417326,98.12577945132504,98.20253459491445,29.925031178053,29.91586219493543,-7.981139704854688,-7.999801051020977,24.105257649421823,24.096473484511023,25.536583535080915,25.614508788768056,6.095887279072638,18.36602540378444,3433.0127018922194,3454.7072164715196,3455.50736175498,0.00016013481240036284,0.15400337031000907,0.1552161195804174,23.274508858855274,23.2418634955058,0.0,0.0,0.0,0.0,False,none,0.0,0.0,nominal,0.4968978067502338,0.0,11,solar_array_degradation,2.3403865198412674,0.4968978067502338,gradual,0.7405113782796986,1.1828831283721493,2012886388,solar_array_degradation
7860.0,131.0,2.183333333333333,1,604.961472404706,364.8628965095479,-240.0985758951581,98.4830689987881,98.79426025945688,29.939322759951523,29.907759307229295,-8.019505912683071,-8.048778817167973,24.11310943021424,24.160647622919004,25.548777156451223,25.537523507506986,6.144998006684699,18.243144825477398,3371.572412738698,3413.1398146051088,3410.900249372144,-0.0003646798486647144,0.15911699621661785,0.16020715369720992,23.267117513729918,23.078943789265065,0.0,0.0,0.0,0.0,False,none,0.0,0.0,nominal,0.4968978067502338,0.0,11,solar_array_degradation,2.3403865198412674,0.4968978067502338,gradual,0.7405113782796986,1.1828831283721493,2012886388,solar_array_degradation
7920.0,132.0,2.2,1,603.7424104347197,361.7557050458495,-241.98670538887018,98.84316826275963,98.97803579676572,29.953726730510386,29.948364499620393,-8.07868441766835,-8.077363946595773,24.121168144811698,24.22077061540947,25.560562509704198,25.40214382156486,6.221211353622193,18.087785252292473,3293.892626146237,3353.516220375673,3349.099010656958,-0.0008460957156159047,0.1711523928903976,0.17000024135634997,23.259760565429755,23.333826994405023,0.0,0.0,0.0,0.0,False,none,0.0,0.0,nominal,0.4968978067502338,0.0,11,solar_array_degradation,2.3403865198412674,0.4968978067502338,gradual,0.7405113782796986,1.1828831283721493,2012886388,solar_array_degradation
7980.0,133.0,2.216666666666667,1,602.5051158172811,358.13473286151606,-244.37038295576502,99.20681466596761,99.34997064366213,29.968272586638705,29.915540762824385,-8.15430326353602,-8.173758582826013,24.129505845733153,23.92560538211623,25.571891482912715,25.450367933725076,6.319412937097135,17.906736643075803,3203.3683215379015,3278.442270956787,3287.4263126679107,-0.0012630726049777641,0.1815768151244441,0.17720758517936222,23.252417583843517,23.180460514335618,0.0,0.0,0.0,0.0,False,none,0.0,0.0,nominal,0.4968978067502338,0.0,11,solar_array_degradation,2.3403865198412674,0.4968978067502338,gradual,0.7405113782796986,1.1828831283721493,2012886388,solar_array_degradation
8040.0,134.0,2.2333333333333334,1,601.2556165273943,354.15823381635516,-247.09738271103913,99.5745191045257,99.30342763747582,29.98298076418103,29.95530635703098,-8.24125475230376,-8.22934667306484,24.13817368529672,24.140921050021674,25.582732174431047,25.44499721456088,6.433462391389545,17.70791169081776,3103.955845408879,3191.199058182833,3189.242019631065,-0.001597386625808136,0.1899346656452034,0.19646424391263653,23.245070085209758,23.16018210922167,0.0,0.0,0.0,0.0,False,none,0.0,0.0,nominal,0.4968978067502338,0.0,11,solar_array_degradation,2.3403865198412674,0.4968978067502338,gradual,0.7405113782796986,1.1828831283721493,2012886388,solar_array_degradation
8100.0,135.0,2.25,1,600.0,350.0,-250.0,99.94654291404952,100.00977639911228,29.99786171656198,30.004656146976505,-8.333927343293727,-8.317867163409598,24.147199135175153,24.02147722210562,25.5930703170356,25.67752285123307,6.556347597063907,17.5,3000.0000000000005,3095.599529091417,3096.216681133486,-0.0018344266511799855,0.19586066627949963,0.18668058923015063,23.23770228896547,23.285748560632303,0.0,0.0,0.0,0.0,False,none,0.0,0.0,nominal,0.4968978067502338,0.0,11,solar_array_degradation,2.3403865198412674,0.4968978067502338,gradual,0.7405113782796986,1.1828831283721493,2012886388,solar_array_degradation
8160.0,136.0,2.2666666666666666,1,598.7443834726057,345.84176618364484,-252.90261728896087,100.0,99.99259801315706,30.0,29.977375635100124,-8.430087242965362,-8.382710601493317,24.156600305943837,24.144073781114663,25.60290993111768,25.73265440481,6.685309673920586,17.292088309182244,2896.0441545911203,2995.8218418412685,2999.367203972812,-0.0019638328945404057,0.19909582236351014,0.19648159489386485,23.230301763711388,23.057619855680386,0.0,0.0,0.0,0.0,False,none,0.0,0.0,nominal,0.4968978067502338,0.0,11,solar_array_degradation,2.3403865198412674,0.4968978067502338,gradual,0.7405113782796986,1.1828831283721493,2012886388,solar_array_degradation
8220.0,137.0,2.283333333333333,1,597.4948841827188,341.86526713848406,-255.62961704423475,100.0,100.0,30.0,29.997004824286456,-8.520987234807825,-8.535074469033551,24.166355963696375,24.181089818996817,25.612273178382587,25.528951921800534,6.808577876460633,17.093263356924204,2796.631678462101,2896.226760151685,2891.167329170221,-0.001979949682094438,0.19949874205236096,0.19747285894412417,23.222859938318013,23.38119036176705,0.0,0.0,0.0,0.0,False,none,0.0,0.0,nominal,0.4968978067502338,0.0,11,solar_array_degradation,2.3403865198412674,0.4968978067502338,gradual,0.7405113782796986,1.1828831283721493,2012886388,solar_array_degradation
8280.0,138.0,2.3,1,596.2575895652803,338.2442949541506,-258.01329461112977,100.0,99.7255211989025,30.0,29.991461178181332,-8.600443153704326,-8.57051956513691,24.17641586056489,23.94354076648703,25.621199422450943,25.52534322254203,6.91740979520797,16.91221474770753,2706.107373853764,2801.1670670027247,2797.3022012747106,-0.0018820726328891081,0.1970518158222277,0.19750207557251537,23.215372458123994,23.067314833796928,0.0,0.0,0.0,0.0,False,none,0.0,0.0,nominal,0.4968978067502338,0.0,11,solar_array_degradation,2.3403865198412674,0.4968978067502338,gradual,0.7405113782796986,1.1828831283721493,2012886388,solar_array_degradation
8340.0,139.0,2.316666666666667,1,595.038527595294,335.1371034904521,-259.9014241048419,100.0,99.99367146566402,30.0,30.017301351562082,-8.66338080349473,-8.663832662478072,24.186705143253864,24.17363554986604,25.62974353742038,25.427249169715406,7.00433335570888,16.756855174522606,2628.427587261303,2714.797327132014,2702.0959126530943,-0.0016744794436408194,0.19186198609102048,0.18577502532262186,23.20783937058641,23.140972283875968,0.0,0.0,0.0,0.0,False,none,0.0,0.0,nominal,0.4968978067502338,0.0,11,solar_array_degradation,2.3403865198412674,0.4968978067502338,gradual,0.7405113782796986,1.1828831283721493,2012886388,solar_array_degradation
8400.0,140.0,2.3333333333333335,1,593.843637420138,332.67949192431126,-261.1641454958267,100.0,100.0,30.0,30.007841722817087,-8.705471516527556,-8.723010674286938,24.197127641547695,24.329901712809992,25.63797353831345,25.69373997334911,7.0628187460058065,16.633974596215563,2566.9872981077815,2640.892312619898,2653.31845356451,-0.001366242932862382,0.18415607332155953,0.19012671673846596,23.2002651298463,23.145441340218767,0.0,0.0,0.0,0.0,False,none,0.0,0.0,nominal,0.4968978067502338,0.0,11,solar_array_degradation,2.3403865198412674,0.4968978067502338,gradual,0.7405113782796986,1.1828831283721493,2012886388,solar_array_degradation
8460.0,141.0,2.35,1,588.8554672706053,330.9788696740969,-257.8765975965084,100.0,99.64504358234817,30.0,30.054055282917936,-8.59588658655028,-8.567849468911042,24.206982013354096,23.996606277808944,25.64596763697435,25.621316180614688,6.911141296706803,16.548943483704846,2524.4717418524233,2582.682027236161,2571.180062216998,-0.0009708345151577187,0.17427086287894297,0.1736442985195256,23.19265841565589,23.17482775729768,0.006450835660632957,0.0,0.0,0.0,True,solar_array_degradation,0.012982218019479961,0.006450835660632957,solar_array_degradation,0.4968978067502338,0.006450835660632957,11,solar_array_degradation,2.3403865198412674,0.4968978067502338,gradual,0.7405113782796986,1.1828831283721493,2012886388,solar_array_degradation
8520.0,142.0,2.3666666666666667,1,581.1178324674365,330.1095620926345,-251.008270374802,100.0,100.0,30.0,29.997185664389264,-8.366942345826734,-8.42174841301967,24.21574164773221,24.212023590008567,25.65381085208782,25.59317261099253,6.600457937471086,16.505478104631727,2502.739052315864,2542.710539776012,2551.7106127050556,-0.0005055354357605887,0.16263838589401472,0.15381784749876826,23.18503176904868,23.152613828385952,0.01763449921451803,0.0,0.0,0.0,True,solar_array_degradation,0.03548918706212368,0.01763449921451803,solar_array_degradation,0.4968978067502338,0.01763449921451803,11,solar_array_degradation,2.3403865198412674,0.4968978067502338,gradual,0.7405113782796986,1.1828831283721493,2012886388,solar_array_degradation
8580.0,143.0,2.3833333333333333,1,573.4454389757545,330.1095620926345,-243.33587688312002,100.0,99.94816825366644,30.0,30.01672050791756,-8.111195896104,-8.16291920514734,24.223324930876476,24.377586642657985,25.66159132148038,25.656864081107067,6.26331990919795,16.505478104631727,2502.7390523158633,2522.724796045938,2518.1257994564207,9.318502806628603e-06,0.15023296257016572,0.14552713257584798,23.177402312918623,23.080161842727584,0.028818162768403103,0.0,0.0,0.0,True,solar_array_degradation,0.057996156104767396,0.028818162768403103,solar_array_degradation,0.4968978067502338,0.028818162768403103,11,solar_array_degradation,2.3403865198412674,0.4968978067502338,gradual,0.7405113782796986,1.1828831283721493,2012886388,solar_array_degradation
8640.0,144.0,2.4,1,565.8419943697487,330.9788696740969,-234.86312469565178,100.0,100.0,30.0,29.96587522480313,-7.828770823188393,-7.790983445184212,24.229662221985084,24.2106701855715,25.669396477875946,25.685459691947226,5.903172208160469,16.548943483704846,2524.471741852423,2523.5982689491807,2513.374012444626,0.0005512257128852536,0.16378064282213134,0.16894366396443133,23.169860434063303,23.20717738836861,0.04000182632228818,0.0,0.0,0.0,True,solar_array_degradation,0.08050312514741112,0.04000182632228818,solar_array_degradation,0.4968978067502338,0.04000182632228818,11,solar_array_degradation,2.3403865198412674,0.4968978067502338,gradual,0.7405113782796986,1.1828831283721493,2012886388,solar_array_degradation
8700.0,145.0,2.4166666666666665,1,558.3107542763249,332.6794919243112,-225.63126235201372,100.0,100.0,30.0,30.001924376576934,-7.521042078400457,-7.500629230904916,24.234701868371857,24.182363936942483,25.67730925524537,25.692646782682708,5.525285915605622,16.633974596215563,2566.9872981077806,2545.292783528481,2548.1469108858764,0.0010965022490355544,0.17741255622588886,0.17842438537814104,23.162426347661047,23.01178684214203,0.051185489876173246,0.0,0.0,0.0,True,solar_array_degradation,0.10301009419005483,0.051185489876173246,solar_array_degradation,0.4968978067502338,0.051185489876173246,11,solar_array_degradation,2.3403865198412674,0.4968978067502338,gradual,0.7405113782796986,1.1828831283721493,2012886388,solar_array_degradation
8760.0,146.0,2.433333333333333,0,0.0,335.1371034904521,335.1371034904521,99.50128407218682,99.90199056586962,29.980051362887473,29.951342436467375,11.178670090783127,11.177542490421564,24.239950367827912,24.14820385483299,25.669404491552452,25.771893855559345,10.99701319988554,16.756855174522606,2628.427587261302,2586.8601853948917,2582.017515506404,0.0016213169101006316,0.1905329227525158,0.19945540253551247,23.155117951867418,23.164681223820253,0.06236915343005832,0.0,0.0,0.0,True,solar_array_degradation,0.12551706323269854,0.06236915343005832,solar_array_degradation,0.4968978067502338,0.06236915343005832,11,solar_array_degradation,2.3403865198412674,0.4968978067502338,gradual,0.7405113782796986,1.1828831283721493,2012886388,solar_array_degradation
8820.0,147.0,2.45,0,0.0,338.2442949541505,338.2442949541505,98.99794434755268,98.95035999006085,29.959917773902106,29.90269880778594,11.289893967893095,11.320520096174391,24.245833787169282,24.05181268744758,25.66187368511545,25.683891382711693,11.19693646450151,16.912214747707527,2706.107373853763,2646.483779624327,2641.6163217540716,0.0021027327770518148,0.20256831942629536,0.20145407869511853,23.147950008145514,23.18612121195276,0.07355281698394368,0.0,0.0,0.0,True,solar_array_degradation,0.14802403227534286,0.07355281698394368,solar_array_degradation,0.4968978067502338,0.07355281698394368,11,solar_array_degradation,2.3403865198412674,0.4968978067502338,gradual,0.7405113782796986,1.1828831283721493,2012886388,solar_array_degradation
8880.0,148.0,2.466666666666667,0,0.0,341.865267138484,341.865267138484,98.48921627145373,98.76697256933787,29.93956865085815,29.949084309941405,11.41851010364123,11.38572097481678,24.252460750576123,24.360752438540676,25.654765222348374,25.688404765300028,11.430589838956548,17.0932633569242,2796.6316784621,2721.557729043213,2717.7195903275942,0.0025197096664137026,0.21299274166034254,0.21750499819156935,23.140933449622054,22.964020937163507,0.08473648053782876,0.0,0.0,0.0,True,solar_array_degradation,0.17053100131798657,0.08473648053782876,solar_array_degradation,0.4968978067502338,0.08473648053782876,11,solar_array_degradation,2.3403865198412674,0.4968978067502338,gradual,0.7405113782796986,1.1828831283721493,2012886388,solar_array_degradation
8940.0,149.0,2.4833333333333334,0,0.0,345.8417661836448,345.8417661836448,97.9745707860614,97.93302432301799,29.918982831442456,29.967322254514375,11.559275531927268,11.582230655386212,24.25991047962547,24.347251601874632,25.64811127718795,25.54265939230312,11.689348065840994,17.29208830918224,2896.044154591119,2808.800941817166,2801.462092265382,0.0028540236872440245,0.2213505921811006,0.2223674626153505,23.134074852749063,23.194375480628192,0.09592014409171384,0.0,0.0,0.0,True,solar_array_degradation,0.1930379703606303,0.09592014409171384,solar_array_degradation,0.4968978067502338,0.09592014409171384,11,solar_array_degradation,2.3403865198412674,0.4968978067502338,gradual,0.7405113782796986,1.1828831283721493,2012886388,solar_array_degradation
9000.0,150.0,2.5,0,0.0,350.0,350.0,97.45373745272806,97.38560964055817,29.898149498109124,29.865691100943483,11.706410124885334,11.679678958549434,24.26822836021759,24.165135556348044,25.641926386970447,25.692840927985166,11.96320304096143,17.5,2999.9999999999995,2904.400470908583,2899.08267281654,0.003091063712615916,0.22727659281539792,0.23481444307496482,23.127376101129727,23.03916332349307,0.10710380764559892,0.0,0.0,0.0,True,solar_array_degradation,0.21554493940327402,0.10710380764559892,solar_array_degradation,0.4968978067502338,0.10710380764559892,11,solar_array_degradation,2.3403865198412674,0.4968978067502338,gradual,0.7405113782796986,1.1828831283721493,2012886388,solar_array_degradation
9060.0,151.0,2.5166666666666666,0,0.0,354.1582338163551,354.1582338163551,96.92671627145373,96.90043460742305,29.87706865085815,29.88664400890331,11.853848111909157,11.803487163006748,24.277422647405675,24.332903214252426,25.636206799256318,25.632195642171467,12.241097204816983,17.707911690817756,3103.955845408878,3004.1781581587306,3001.279362085769,0.003220469955976309,0.23051174889940773,0.2266108650468276,23.120834261687005,23.21163907390753,0.11828747119948398,0.0,0.0,0.0,True,solar_array_degradation,0.23805190844591773,0.11828747119948398,solar_array_degradation,0.4968978067502338,0.11828747119948398,11,solar_array_degradation,2.3403865198412674,0.4968978067502338,gradual,0.7405113782796986,1.1828831283721493,2012886388,solar_array_degradation
9120.0,152.0,2.533333333333333,0,0.0,358.134732861516,358.134732861516,96.39377768088599,96.1594689919823,29.85575110723544,29.90436642112371,11.9955023598359,11.986522346268494,24.287462665351864,24.46398142595315,25.63093061814842,25.478786146745357,12.511366149186292,17.9067366430758,3203.3683215379006,3103.7732398483154,3101.675133025068,0.0032365867435303836,0.2309146685882596,0.24022320624074614,23.114441682842898,23.205395536352448,0.12947113475336905,0.0,0.0,0.0,True,solar_array_degradation,0.26055887748856144,0.12947113475336905,solar_array_degradation,0.4968978067502338,0.12947113475336905,11,solar_array_degradation,2.3403865198412674,0.4968978067502338,gradual,0.7405113782796986,1.1828831283721493,2012886388,solar_array_degradation
9180.0,153.0,2.55,0,0.0,361.75570504584937,361.75570504584937,95.85545073885348,95.33742103717438,29.83421802955414,29.813366669925376,12.125529976602362,12.101652083894852,24.29827881661668,24.21888938214292,25.626058743707816,25.428739372183994,12.762278177078597,18.08778525229247,3293.8926261462348,3198.832932997275,3193.9613396539407,0.003138709694325004,0.22846774235812511,0.22206929982428059,23.10818631270709,23.031332859123836,0.1406547983072541,0.0,0.0,0.0,True,solar_array_degradation,0.28306584653120515,0.1406547983072541,solar_array_degradation,0.4968978067502338,0.1406547983072541,11,solar_array_degradation,2.3403865198412674,0.4968978067502338,gradual,0.7405113782796986,1.1828831283721493,2012886388,solar_array_degradation
9240.0,154.0,2.566666666666667,0,0.0,364.86289650954785,364.86289650954785,95.31249999999997,95.26461971177918,29.8125,29.80107983624612,12.238587723590703,12.244343990674823,24.309764618241786,24.40336489969958,25.62153656340911,25.56750868952638,12.982642357442005,18.243144825477394,3371.5724127386957,3285.202672867985,3288.1490881880304,0.0029311165050767297,0.22327791262691823,0.22540465589716963,23.102052223295768,23.149175531137413,0.1518384618611395,0.0,0.0,0.0,True,solar_array_degradation,0.30557281557384947,0.1518384618611395,solar_array_degradation,0.4968978067502338,0.1518384618611395,11,solar_array_degradation,2.3403865198412674,0.4968978067502338,gradual,0.7405113782796986,1.1828831283721493,2012886388,solar_array_degradation
9300.0,155.0,2.5833333333333335,0,0.0,367.32050807568874,367.32050807568874,94.76589210107781,94.32789952962892,29.790635684043114,29.770750712449605,12.33006613123191,12.373633109723492,24.321780838745816,24.327085968783138,25.617296321709404,25.701636641529234,13.162442464044178,18.366025403784437,3433.0127018922185,3359.107687380102,3359.0364032546145,0.0026228799942983206,0.215571999857458,0.22694672949149186,23.096020315447088,23.094019106621356,0.1630221254150246,0.0,0.0,0.0,True,solar_array_degradation,0.32807978461649323,0.1630221254150246,solar_array_degradation,0.4968978067502338,0.1630221254150246,11,solar_array_degradation,2.3403865198412674,0.4968978067502338,gradual,0.7405113782796986,1.1828831283721493,2012886388,solar_array_degradation
9360.0,156.0,2.6,0,0.0,369.0211303259031,369.0211303259031,94.21675351428333,94.59787793911349,29.768670140571334,29.824563632576364,12.396292094451642,12.387628729149883,24.334161635764264,24.291758964701014,25.61326006416832,25.74751283685376,13.293444615277142,18.451056516295154,3475.5282581475767,3417.3179727638394,3419.159622907216,0.002227471576593643,0.20568678941484106,0.20382672633512583,23.090069169271143,23.26459608422383,0.17420578896890965,0.0,0.0,0.0,True,solar_array_degradation,0.35058675365913694,0.17420578896890965,solar_array_degradation,0.4968978067502338,0.17420578896890965,11,solar_array_degradation,2.3403865198412674,0.4968978067502338,gradual,0.7405113782796986,1.1828831283721493,2012886388,solar_array_degradation
9420.0,157.0,2.6166666666666667,0,0.0,369.8904379073655,369.8904379073655,93.6663213150164,93.83507955498601,29.746652852600654,29.81767537721996,12.434691047097997,12.428817902722189,24.34672241033282,24.253000180220916,25.60934302744571,25.411273958582466,13.369723314942329,18.494521895368276,3497.2609476841367,3457.2894602239876,3469.2320673003733,0.0017621724971965131,0.19405431242991283,0.18873814297897024,23.08417599743326,23.1410411761429,0.18538945252279473,0.0,0.0,0.0,True,solar_array_degradation,0.37309372270178065,0.18538945252279473,solar_array_degradation,0.4968978067502338,0.18538945252279473,11,solar_array_degradation,2.3403865198412674,0.4968978067502338,gradual,0.7405113782796986,1.1828831283721493,2012886388,solar_array_degradation
9480.0,158.0,2.6333333333333333,0,0.0,369.8904379073655,369.8904379073655,93.11588911574948,93.38418736896634,29.724635564629978,29.735881888767324,12.443901527509611,12.460629662324742,24.35926892526452,24.367826414950617,25.605457327016882,25.515242105366717,13.388054818108483,18.494521895368276,3497.2609476841367,3477.2752039540624,3480.6979353867728,0.0012473185586292885,0.18118296396573222,0.17465830066461296,23.078317653853084,23.102566642582556,0.1965731160766798,0.0,0.0,0.0,True,solar_array_degradation,0.39560069174442436,0.1965731160766798,solar_array_degradation,0.4968978067502338,0.1965731160766798,11,solar_array_degradation,2.3403865198412674,0.4968978067502338,gradual,0.7405113782796986,1.1828831283721493,2012886388,solar_array_degradation
9540.0,159.0,2.65,0,0.0,369.0211303259031,369.0211303259031,92.56675052895498,92.48756438580305,29.702670021158198,29.72315097965357,12.42383698378082,12.449888307416069,24.371607105152815,24.362545159512894,25.60151578143334,25.775113265197945,13.348138031964808,18.451056516295154,3475.5282581475763,3476.4017310508193,3469.8320651171753,0.0007054113485506565,0.1676352837137664,0.16422969057501322,23.072471648752693,22.92984058143827,0.20775677963056485,0.0,0.0,0.0,True,solar_array_degradation,0.41810766078706807,0.20775677963056485,solar_array_degradation,0.4968978067502338,0.20775677963056485,11,solar_array_degradation,2.3403865198412674,0.4968978067502338,gradual,0.7405113782796986,1.1828831283721493,2012886388,solar_array_degradation
9600.0,160.0,2.6666666666666665,0,0.0,367.3205080756888,367.3205080756888,92.02014263003282,92.27387984807774,29.680805705201312,29.69081125623724,12.375691944619918,12.400328270019179,24.3835528628174,24.358664941155975,25.59743570598944,25.488028886423468,13.252620088650426,18.36602540378444,3433.0127018922203,3454.70721647152,3454.2664619427574,0.00016013481240036989,0.15400337031000924,0.16165616996589402,23.066617122343544,23.000638057938705,0.21894044318444994,0.0,0.0,0.0,True,solar_array_degradation,0.4406146298297118,0.21894044318444994,solar_array_degradation,0.4968978067502338,0.21894044318444994,11,solar_array_degradation,2.3403865198412674,0.4968978067502338,gradual,0.7405113782796986,1.1828831283721493,2012886388,solar_array_degradation
9660.0,161.0,2.683333333333333,0,0.0,364.8628965095479,364.8628965095479,91.47719189117932,91.75745171633996,29.65908767564717,29.626301972019142,12.301892104696591,12.329294736602703,24.39494129213532,24.554119135850872,25.59314250999248,25.654127933576326,13.106923948447706,18.243144825477398,3371.572412738698,3413.139814605109,3411.35504332679,-0.0003646798486647214,0.15911699621661804,0.16477491534496236,23.060784965242025,23.211278398092364,0.230124106738335,0.0,0.0,0.0,True,solar_array_degradation,0.4631215988723555,0.230124106738335,solar_array_degradation,0.4968978067502338,0.230124106738335,11,solar_array_degradation,2.3403865198412674,0.4968978067502338,gradual,0.7405113782796986,1.1828831283721493,2012886388,solar_array_degradation
9720.0,162.0,2.7,0,0.0,361.7557050458495,361.7557050458495,90.9388649491468,91.16567122358083,29.637554597965874,29.584355541410456,12.205990337363327,12.253309965817547,24.40563463108006,24.44724108869213,25.588572940417123,25.40961108697745,12.918896009264552,18.087785252292473,3293.892626146237,3353.5162203756736,3339.797744029753,-0.0008460957156159114,0.17115239289039777,0.16600426133210064,23.05497551105552,23.17988587138359,0.24130777029222036,0.0,0.0,0.0,True,solar_array_degradation,0.4856285679149998,0.24130777029222036,solar_array_degradation,0.4968978067502338,0.24130777029222036,11,solar_array_degradation,2.3403865198412674,0.4968978067502338,gradual,0.7405113782796986,1.1828831283721493,2012886388,solar_array_degradation
9780.0,163.0,2.716666666666667,0,0.0,358.134732861516,358.134732861516,90.40592635857907,90.48129183427007,29.616237054343163,29.614676510409186,12.092513042908543,12.037704328907969,24.415528522411687,24.54319203994897,25.583677830179937,25.579305084425343,12.698309735433059,17.9067366430758,3203.3683215379,3278.4422709567866,3276.748286111277,-0.0012630726049777928,0.18157681512444482,0.1799612380796053,23.04916841737709,23.079135412692942,0.25249143384610545,0.0,0.0,0.0,True,solar_array_degradation,0.5081355369576436,0.25249143384610545,solar_array_degradation,0.4968978067502338,0.25249143384610545,11,solar_array_degradation,2.3403865198412674,0.4968978067502338,gradual,0.7405113782796986,1.1828831283721493,2012886388,solar_array_degradation
9840.0,164.0,2.7333333333333334,0,0.0,354.1582338163553,354.1582338163553,89.87890517730473,89.95394963743904,29.595156207092188,29.637455929405732,11.96676345744324,12.02605383425076,24.42455626531626,24.15188668783083,25.578424230920135,25.51776973523185,12.456274211711914,17.707911690817763,3103.955845408883,3191.1990581828345,3195.525003137135,-0.001597386625808086,0.18993466564520214,0.19374089438388453,23.043345287491828,22.84192621259931,0.26367509739999057,0.0,0.0,0.0,True,solar_array_degradation,0.5306425060002873,0.26367509739999057,solar_array_degradation,0.4968978067502338,0.26367509739999057,11,solar_array_degradation,2.3403865198412674,0.4968978067502338,gradual,0.7405113782796986,1.1828831283721493,2012886388,solar_array_degradation
9900.0,165.0,2.75,0,0.0,349.99999999999994,349.99999999999994,89.3580718439714,89.17936796234221,29.574322873758856,29.5169031514714,11.834590482223792,11.832222714886546,24.432690936226212,24.43931015745668,25.572796837072772,25.303384081367632,12.204602550555357,17.499999999999996,2999.999999999999,3095.599529091417,3102.339545959419,-0.0018344266511800132,0.19586066627950033,0.19287789479943745,23.037490427230424,23.16298589852804,0.2748587609538756,0.0,0.0,0.0,True,solar_array_degradation,0.553149475042931,0.2748587609538756,solar_array_degradation,0.4968978067502338,0.2748587609538756,11,solar_array_degradation,2.3403865198412674,0.4968978067502338,gradual,0.7405113782796986,1.1828831283721493,2012886388,solar_array_degradation
9960.0,166.0,2.7666666666666666,0,0.0,345.8417661836449,345.8417661836449,88.84342635857907,88.35836267916756,29.553737054343163,29.541352282058835,11.702133153168209,11.691110952137022,24.439945436031383,24.358245263881624,25.566798638994555,25.585222939538056,11.955193626758282,17.292088309182244,2896.044154591122,2995.82184184127,2996.458620047699,-0.0019638328945403845,0.1990958223635096,0.20576081952741676,23.031591490939356,22.983099728953,0.2860424245077607,0.0,0.0,0.0,True,solar_array_degradation,0.5756564440855747,0.2860424245077607,solar_array_degradation,0.4968978067502338,0.2860424245077607,11,solar_array_degradation,2.3403865198412674,0.4968978067502338,gradual,0.7405113782796986,1.1828831283721493,2012886388,solar_array_degradation
10020.0,167.0,2.783333333333333,0,0.0,341.86526713848406,341.86526713848406,88.33469828248013,88.01925824679623,29.533387931299206,29.5307907566352,11.575551979804473,11.563604740637118,24.44637067105177,24.416926931647208,25.560450776596447,25.436000578815147,11.719472290972421,17.093263356924204,2796.6316784621013,2896.226760151685,2890.715705786072,-0.0019799496820944516,0.1994987420523613,0.20206532778248007,23.02563999259177,22.939110003399655,0.29722608806164574,0.0,0.0,0.0,True,solar_array_degradation,0.5981634131282184,0.29722608806164574,solar_array_degradation,0.4968978067502338,0.29722608806164574,11,solar_array_degradation,2.3403865198412674,0.4968978067502338,gradual,0.7405113782796986,1.1828831283721493,2012886388,solar_array_degradation
10080.0,168.0,2.8,0,0.0,338.2442949541506,338.2442949541506,87.83135855784599,87.99704835381941,29.51325434231384,29.4770070545022,11.46075898750352,11.454778411983781,24.45205217944403,24.463911807339485,25.55379159987909,25.35922532981973,11.507919725571414,16.91221474770753,2706.107373853764,2801.1670670027247,2797.6983588774983,-0.0018820726328891081,0.1970518158222277,0.1997908485185717,23.019631661990697,22.992240958000398,0.3084097516155308,0.0,0.0,0.0,True,solar_array_degradation,0.6206703821708621,0.3084097516155308,solar_array_degradation,0.4968978067502338,0.3084097516155308,11,solar_array_degradation,2.3403865198412674,0.4968978067502338,gradual,0.7405113782796986,1.1828831283721493,2012886388,solar_array_degradation
10140.0,169.0,2.816666666666667,0,0.0,335.1371034904521,335.1371034904521,87.33264263003281,87.6943513438987,29.493305705201312,29.447843336324294,11.363158366861153,11.336912390546747,24.457105564519466,24.446561048858705,25.546874977429102,25.607546087922337,11.32970944562933,16.756855174522606,2628.427587261303,2714.797327132014,2712.5158825019917,-0.0016744794436408194,0.19186198609102048,0.19350427666703096,23.013566630424112,23.0774497433185,0.3195934151694162,0.0,0.0,0.0,True,solar_array_degradation,0.6431773512135065,0.3195934151694162,solar_array_degradation,0.4968978067502338,0.3195934151694162,11,solar_array_degradation,2.3403865198412674,0.4968978067502338,gradual,0.7405113782796986,1.1828831283721493,2012886388,solar_array_degradation
10200.0,170.0,2.8333333333333335,0,0.0,332.6794919243112,332.6794919243112,86.8375838622883,86.8055839633239,29.473503354491534,29.44801708449362,11.287409166227041,11.284218450045248,24.46167109264857,24.51507607817613,25.5397679268021,25.481020500180872,11.1924484548661,16.633974596215563,2566.9872981077806,2640.8923126198974,2635.8913441429895,-0.0013662429328623966,0.18415607332155992,0.18788534172908952,23.00744943523522,22.925187323158628,0.3307770787233013,0.0,0.0,0.0,True,solar_array_degradation,0.6656843202561502,0.3307770787233013,solar_array_degradation,0.4968978067502338,0.3307770787233013,11,solar_array_degradation,2.3403865198412674,0.4968978067502338,gradual,0.7405113782796986,1.1828831283721493,2012886388,solar_array_degradation
10260.0,171.0,2.85,0,0.0,330.978869674097,330.978869674097,86.34505578241614,86.46785295461098,29.453802231296645,29.41428557547549,11.237220480906526,11.289482142840304,24.46590776586241,24.500405093936926,25.532547670355093,25.60371905823395,11.102009930920408,16.54894348370485,2524.471741852424,2582.682027236161,2575.899394746119,-0.0009708345151577046,0.1742708628789426,0.17035127358757032,23.001288838754395,22.92725511211977,0.34196074227718637,0.0,0.0,0.0,True,solar_array_degradation,0.6881912892987939,0.34196074227718637,solar_array_degradation,0.4968978067502338,0.34196074227718637,11,solar_array_degradation,2.3403865198412674,0.4968978067502338,gradual,0.7405113782796986,1.1828831283721493,2012886388,solar_array_degradation
10320.0,172.0,2.8666666666666667,0,0.0,330.1095620926345,330.1095620926345,85.85382131501638,85.79284636181276,29.434152852600654,29.436896456745785,11.215188143709993,11.224121715451835,24.46998710462692,24.42239337951087,25.525298245201515,25.53880047842601,11.062435607905055,16.505478104631727,2502.739052315864,2542.710539776012,2533.7962578135575,-0.0005055354357605887,0.16263838589401472,0.15920020857142012,22.995097463973945,23.01383991062115,0.35314440583107143,0.0,0.0,0.0,True,solar_array_degradation,0.7106982583414376,0.35314440583107143,solar_array_degradation,0.4968978067502338,0.35314440583107143,11,solar_array_degradation,2.3403865198412674,0.4968978067502338,gradual,0.7405113782796986,1.1828831283721493,2012886388,solar_array_degradation
10380.0,173.0,2.8833333333333333,0,0.0,330.1095620926345,330.1095620926345,85.36258684761663,85.49591282120872,29.414503473904666,29.41376298209783,11.222680076360769,11.179189491013146,24.47408679482485,24.379681446540708,25.518106815449165,25.37289256303637,11.075883847707596,16.505478104631727,2502.7390523158633,2522.724796045938,2530.7970624053046,9.318502806628603e-06,0.15023296257016572,0.15525966121366747,22.988892515131948,22.95368941857872,0.3643280693849565,0.0,0.0,0.0,True,solar_array_degradation,0.7332052273840813,0.3643280693849565,solar_array_degradation,0.4968978067502338,0.3643280693849565,11,solar_array_degradation,2.3403865198412674,0.4968978067502338,gradual,0.7405113782796986,1.1828831283721493,2012886388,solar_array_degradation
10440.0,174.0,2.9,0,0.0,330.9788696740969,330.9788696740969,84.87005876774447,84.76767600497472,29.394802350709778,29.482066012619764,11.259775307388825,11.235195693301751,24.478384284715336,24.327210621360912,25.51105984789298,25.76388075651789,11.142603197830649,16.548943483704846,2524.471741852423,2523.5982689491807,2517.030509346402,0.0005512257128852536,0.16378064282213134,0.1586327652281146,22.982764459760027,22.925514350370342,0.37551173293884155,0.0,0.0,0.0,True,solar_array_degradation,0.755712196426725,0.37551173293884155,solar_array_degradation,0.4968978067502338,0.37551173293884155,11,solar_array_degradation,2.3403865198412674,0.4968978067502338,gradual,0.7405113782796986,1.1828831283721493,2012886388,solar_array_degradation
10500.0,175.0,2.9166666666666665,0,0.0,332.6794919243112,332.6794919243112,84.37499999999994,84.7304855887668,29.374999999999996,29.383004708133818,11.325259299551021,11.358583511053194,24.483050378527594,24.5304560954339,25.504239318302268,25.35771880714269,11.260919856165351,16.633974596215563,2566.9872981077806,2545.292783528481,2540.1820316392527,0.0010965022490355544,0.17741255622588886,0.17311689216287027,22.976733593165047,23.09661144680713,0.3866953964927266,0.0,0.0,0.0,True,solar_array_degradation,0.7782191654693688,0.3866953964927266,solar_array_degradation,0.4968978067502338,0.3866953964927266,11,solar_array_degradation,2.3403865198412674,0.4968978067502338,gradual,0.7405113782796986,1.1828831283721493,2012886388,solar_array_degradation
10560.0,176.0,2.933333333333333,0,0.0,335.13710349045203,335.13710349045203,83.87628407218678,83.91049901827827,29.355051362887473,29.366352630926112,11.416675765526124,11.469127555958178,24.488242872399134,24.552214614567486,25.497719114104896,25.64042719030985,11.427238842812121,16.756855174522602,2628.4275872613007,2586.860185394891,2595.7475057810298,0.0016213169101006175,0.19053292275251543,0.1946922459782564,22.970817893030137,23.07311770295144,0.3978790600466117,0.0,0.0,0.0,True,solar_array_degradation,0.8007261345120125,0.3978790600466117,solar_array_degradation,0.4968978067502338,0.3978790600466117,11,solar_array_degradation,2.3403865198412674,0.4968978067502338,gradual,0.7405113782796986,1.1828831283721493,2012886388,solar_array_degradation
10620.0,177.0,2.95,0,0.0,338.2442949541506,338.2442949541506,83.37294434755262,83.4976614578663,29.334917773902106,29.32028329076524,11.530432693255086,11.5228567687211,24.494100315989723,24.480484062862008,25.491561790687474,25.624302434506475,11.63607024749486,16.91221474770753,2706.1073738537643,2646.4837796243282,2640.378386193693,0.002102732777051843,0.20256831942629605,0.19594655313361303,22.965032199749515,23.026258772850014,0.40906272360049706,0.0,0.0,0.0,True,solar_array_degradation,0.8232331035546567,0.40906272360049706,solar_array_degradation,0.4968978067502338,0.40906272360049706,11,solar_array_degradation,2.3403865198412674,0.4968978067502338,gradual,0.7405113782796986,1.1828831283721493,2012886388,solar_array_degradation
10680.0,178.0,2.966666666666667,0,0.0,341.86526713848394,341.86526713848394,82.86421627145369,82.63977277491318,29.31456865085815,29.263370883217387,11.66195795715644,11.637876896999973,24.50073605099898,24.445445182818098,25.48581582307582,25.44582578426518,11.880101071558753,17.093263356924197,2796.631678462098,2721.557729043213,2728.5071322940785,0.002519709666413667,0.21299274166034166,0.20396887589644813,22.959387524789026,23.091836174367206,0.4202463871543822,0.0,0.0,0.0,True,solar_array_degradation,0.8457400725973006,0.4202463871543822,solar_array_degradation,0.4968978067502338,0.4202463871543822,11,solar_array_degradation,2.3403865198412674,0.4968978067502338,gradual,0.7405113782796986,1.1828831283721493,2012886388,solar_array_degradation
10740.0,179.0,2.9833333333333334,0,0.0,345.8417661836448,345.8417661836448,82.34957078606136,82.30280820779932,29.293982831442456,29.287252995393295,11.80589775632825,11.776894074015997,24.50823276051509,24.719465961497608,25.48051347310958,25.575275576148062,12.150337746630113,17.29208830918224,2896.044154591119,2808.800941817166,2812.634202787371,0.0028540236872440245,0.2213505921811006,0.21980229328362252,22.953890522352282,22.934611186622124,0.43143005070826723,0.0,0.0,0.0,True,solar_array_degradation,0.8682470416399443,0.43143005070826723,solar_array_degradation,0.4968978067502338,0.43143005070826723,11,solar_array_degradation,2.3403865198412674,0.4968978067502338,gradual,0.7405113782796986,1.1828831283721493,2012886388,solar_array_degradation
10800.0,180.0,3.0,1,334.4317714427087,349.99999999999994,15.568228557291263,82.32640377927969,82.16842149296966,29.293056151171186,29.296567203375197,0.5314648112149547,0.5424299122541306,24.49659201857748,24.408912573752268,25.4916693653247,25.460740458506827,1.02259638764478,17.499999999999996,2999.999999999999,2904.400470908583,2906.0945238765753,0.003091063712615916,0.22727659281539792,0.23308133275791848,22.94854315321092,23.113779832239697,0.4426137142621523,0.0,0.0,0.0,True,solar_array_degradation,0.890754010682588,0.4426137142621523,solar_array_degradation,0.4968978067502338,0.4426137142621523,11,solar_array_degradation,2.3403865198412674,0.4968978067502338,gradual,0.7405113782796986,1.1828831283721493,2012886388,solar_array_degradation
10860.0,181.0,3.0166666666666666,1,328.4073943500979,354.15823381635516,25.750839466257275,82.28808407769299,82.46107703469228,29.29152336310772,29.258896301191218,0.8791225757377341,0.8570669791174073,24.48515189486686,24.55261782907731,25.50315183378374,25.515219214610944,1.0618285202537399,17.70791169081776,3103.9558454088797,3004.1781581587315,3007.8709446796483,0.0032204699559763308,0.23051174889940826,0.2177681229070199,22.94334256087759,23.085573571679525,0.45379737781603735,0.0,0.0,0.0,True,solar_array_degradation,0.9132609797252317,0.45379737781603735,solar_array_degradation,0.4968978067502338,0.45379737781603735,11,solar_array_degradation,2.3403865198412674,0.4968978067502338,gradual,0.7405113782796986,1.1828831283721493,2012886388,solar_array_degradation
10920.0,182.0,3.033333333333333,1,322.351659633856,358.134732861516,35.78307322766,82.2348354568185,81.75774026515302,29.28939341827274,29.33220346565991,1.2217075552454444,1.202404270582712,24.473972335324472,24.644045626946973,25.51494009239962,25.486087201837297,1.1194055480435041,17.9067366430758,3203.3683215379006,3103.773239848316,3101.6438650171444,0.0032365867435303767,0.2309146685882594,0.23484062158417024,22.938281169789555,22.938859418229924,0.46498104136992247,0.0,0.0,0.0,True,solar_array_degradation,0.9357679487678754,0.46498104136992247,solar_array_degradation,0.4968978067502338,0.46498104136992247,11,solar_array_degradation,2.3403865198412674,0.4968978067502338,gradual,0.7405113782796986,1.1828831283721493,2012886388,solar_array_degradation
10980.0,183.0,3.05,1,316.261583720083,361.75570504584937,45.49412132576634,82.1671358715123,82.18543911494383,29.28668543486049,29.335575683407313,1.5534062885659925,1.5465715793196662,24.46310532027182,24.430306508589414,25.526996142165007,25.628046097682812,1.1930456877885098,18.08778525229247,3293.8926261462348,3198.8329329972753,3209.9711260123677,0.0031387096943249967,0.2284677423581249,0.22109980556898082,22.933347003501645,22.91910667337907,0.4761647049238075,0.0,0.0,0.0,True,solar_array_degradation,0.9582749178105191,0.4761647049238075,solar_array_degradation,0.4968978067502338,0.4761647049238075,11,solar_array_degradation,2.3403865198412674,0.4968978067502338,gradual,0.7405113782796986,1.1828831283721493,2012886388,solar_array_degradation
11040.0,184.0,3.066666666666667,1,310.1344858364097,364.8628965095479,54.72841067313823,82.08569478420108,82.15736306441305,29.283427791368045,29.253844328666432,1.8689209153742128,1.8688202904589803,24.452591452453635,24.49834406632472,25.539266462678643,25.531629485180257,1.2794292310338549,18.243144825477398,3371.5724127386984,3285.202672867987,3288.2925352532957,0.0029311165050767652,0.22327791262691912,0.23203115498883425,22.928524208909362,22.901875943101114,0.48734836847769286,0.0,0.0,0.0,True,solar_array_degradation,0.9807818868531634,0.48734836847769286,solar_array_degradation,0.4968978067502338,0.48734836847769286,11,solar_array_degradation,2.3403865198412674,0.4968978067502338,gradual,0.7405113782796986,1.1828831283721493,2012886388,solar_array_degradation
11100.0,185.0,3.0833333333333335,1,304.958595466229,367.32050807568874,62.36191260945975,81.99289431900844,81.74824501434871,29.279715772760337,29.2937493133627,2.129867417206168,2.088167962173436,24.44241892646288,24.331339834929494,25.55168438178478,25.50820707018806,1.3629068171901177,18.366025403784437,3433.0127018922185,3359.1076873801026,3353.366000939867,0.0026228799942982924,0.21557199985745729,0.21339112450154138,22.923793761168582,22.972707430525595,0.4968978067502338,0.0,0.0,0.0,True,solar_array_degradation,1.0,0.4968978067502338,solar_array_degradation,0.4968978067502338,0.4968978067502338,11,solar_array_degradation,2.3403865198412674,0.4968978067502338,gradual,0.7405113782796986,1.1828831283721493,2012886388,solar_array_degradation
11160.0,186.0,3.1,1,305.54465769957636,369.0211303259031,63.47647262632671,81.89843528236212,82.0203268796737,29.275937411294485,29.30864470629534,2.1682131552118244,2.144859668837712,24.432351385780485,24.675837252531405,25.564173019763093,25.412795826627864,1.3760918629146892,18.451056516295154,3475.5282581475767,3417.3179727638394,3416.9644716519606,0.002227471576593636,0.2056867894148409,0.2056897864602844,22.919134314149726,22.946530295477924,0.4968978067502338,0.0,0.0,0.0,True,solar_array_degradation,1.0,0.4968978067502338,solar_array_degradation,0.4968978067502338,0.4968978067502338,11,solar_array_degradation,2.3403865198412674,0.4968978067502338,gradual,0.7405113782796986,1.1828831283721493,2012886388,solar_array_degradation
11220.0,187.0,3.1166666666666667,1,306.11277506216726,369.8904379073654,63.777662845198165,81.80352804598533,81.88642704175841,29.272141121839415,29.271605581115548,2.1787836625867727,2.147917968538628,24.422356503665362,24.622905007746567,25.576648679395724,25.52922439342193,1.3797678598684024,18.494521895368273,3497.260947684136,3457.2894602239876,3453.9861776710686,0.001762172497196506,0.19405431242991264,0.19402081670825805,22.914523153725256,22.881980381039483,0.4968978067502338,0.0,0.0,0.0,True,solar_array_degradation,1.0,0.4968978067502338,solar_array_degradation,0.4968978067502338,0.4968978067502338,11,solar_array_degradation,2.3403865198412674,0.4968978067502338,gradual,0.7405113782796986,1.1828831283721493,2012886388,solar_array_degradation
11280.0,188.0,3.1333333333333333,1,306.66017974331817,369.8904379073655,63.230258164047314,81.70943539990787,81.90883889070311,29.268377415996316,29.237903369145357,2.160360899592934,2.2030186711987243,24.41240027376777,24.300446528370998,25.589024533751296,25.513630025943193,1.3733727373191993,18.494521895368276,3497.2609476841367,3477.2752039540624,3476.7233848868286,0.0012473185586292885,0.18118296396573222,0.19063893256870781,22.90993720647289,22.871511556083227,0.4968978067502338,0.0,0.0,0.0,True,solar_array_degradation,1.0,0.4968978067502338,solar_array_degradation,0.4968978067502338,0.4968978067502338,11,solar_array_degradation,2.3403865198412674,0.4968978067502338,gradual,0.7405113782796986,1.1828831283721493,2012886388,solar_array_degradation
11340.0,189.0,3.15,1,307.18420484244746,369.02113032590313,61.83692548345567,81.6174161655575,81.41789259340001,29.2646966466223,29.200881780334413,2.1130212361382132,2.101449637021658,24.402449834456995,24.666777675934892,25.601214450513876,25.602892510929195,1.3571886995496851,18.451056516295157,3475.5282581475776,3476.40173105082,3475.3684719767734,0.0007054113485506708,0.16763528371376676,0.16472973671567304,22.905354054727848,22.90584012370075,0.4968978067502338,0.0,0.0,0.0,True,solar_array_degradation,1.0,0.4968978067502338,solar_array_degradation,0.4968978067502338,0.4968978067502338,11,solar_array_degradation,2.3403865198412674,0.4968978067502338,gradual,0.7405113782796986,1.1828831283721493,2012886388,solar_array_degradation
11400.0,190.0,3.1666666666666665,1,307.68229736194695,367.3205080756888,59.63821071374184,81.52866882818586,81.3712186424844,29.261146753127434,29.2457751603792,2.0381364823771886,2.038280418852941,24.392476202202467,24.374350653811724,25.613136785717334,25.484160124133258,1.3323200256637489,18.36602540378444,3433.0127018922203,3454.7072164715205,3451.0311345394116,0.00016013481240036295,0.15400337031000907,0.1483992437435375,22.900752910273887,22.830456370007653,0.4968978067502338,0.0,0.0,0.0,True,solar_array_degradation,1.0,0.4968978067502338,solar_array_degradation,0.4968978067502338,0.4968978067502338,11,solar_array_degradation,2.3403865198412674,0.4968978067502338,gradual,0.7405113782796986,1.1828831283721493,2012886388,solar_array_degradation
11460.0,191.0,3.183333333333333,1,308.15203064512986,364.86289650954785,56.710865864418,81.44427765874477,82.08793869196359,29.25777110634979,29.259142807923475,1.9383180508958895,1.9730441313986962,24.382456565486965,24.447025423268553,25.62471798108255,25.63096089793443,1.3005661493143073,18.243144825477394,3371.5724127386957,3413.1398146051083,3418.7559355610274,-0.00036467984866476403,0.1591169962166191,0.16106908242068696,22.89616473476289,22.786068352267414,0.4968978067502338,0.0,0.0,0.0,True,solar_array_degradation,1.0,0.4968978067502338,solar_array_degradation,0.4968978067502338,0.4968978067502338,11,solar_array_degradation,2.3403865198412674,0.4968978067502338,gradual,0.7405113782796986,1.1828831283721493,2012886388,solar_array_degradation
11520.0,192.0,3.2,1,308.5911161986577,361.7557050458495,53.164588847191794,81.36516368724597,81.47586476479621,29.25460654748984,29.19055183789384,1.8173065756631592,1.8409573219355235,24.372375853611363,24.338834928059743,25.635895807738475,25.565869649630418,1.2642082551958846,18.087785252292473,3293.892626146237,3353.516220375672,3355.240520881214,-0.0008460957156158976,0.17115239289039744,0.18014207920875322,22.89158993230498,22.828584571317837,0.4968978067502338,0.0,0.0,0.0,True,solar_array_degradation,1.0,0.4968978067502338,solar_array_degradation,0.4968978067502338,0.4968978067502338,11,solar_array_degradation,2.3403865198412674,0.4968978067502338,gradual,0.7405113782796986,1.1828831283721493,2012886388,solar_array_degradation
11580.0,193.0,3.216666666666667,1,308.9974148418506,358.134732861516,49.13731801966537,81.29204267828814,81.12577736648309,29.251681707131524,29.320324254272006,1.6798117288308163,1.7016510921312278,24.362227403141514,24.164440148768026,25.646622114562717,25.718574564637237,1.2257413955454062,17.9067366430758,3203.3683215379,3278.4422709567857,3282.38706869225,-0.001263072604977778,0.18157681512444446,0.17407931329116544,22.887008230467178,22.793956464911158,0.4968978067502338,0.0,0.0,0.0,True,solar_array_degradation,1.0,0.4968978067502338,solar_array_degradation,0.4968978067502338,0.4968978067502338,11,solar_array_degradation,2.3403865198412674,0.4968978067502338,gradual,0.7405113782796986,1.1828831283721493,2012886388,solar_array_degradation
11640.0,194.0,3.2333333333333334,1,309.36894712855997,354.15823381635533,44.78928668779537,81.22539195405034,81.02416168086634,29.249015678162014,29.290160070885577,1.5313091962009537,1.578660354947887,24.352012680817165,24.180317890088837,25.65686496102785,25.529499223568973,1.1875926283495688,17.707911690817767,3103.955845408883,3191.1990581828345,3196.6148305445286,-0.001597386625808079,0.18993466564520198,0.18363066959801094,22.88240130198374,22.91748615974924,0.4968978067502338,0.0,0.0,0.0,True,solar_array_degradation,1.0,0.4968978067502338,solar_array_degradation,0.4968978067502338,0.4968978067502338,11,solar_array_degradation,2.3403865198412674,0.4968978067502338,gradual,0.7405113782796986,1.1828831283721493,2012886388,solar_array_degradation
11700.0,195.0,3.25,1,309.703902990831,349.99999999999994,40.29609700916893,81.16542752397719,80.98226378434501,29.24661710095909,29.20775519797837,1.3778036916224234,1.3093408902957975,24.34174016286897,24.310737751928926,25.666610041339627,25.577669715840887,1.1518674410118703,17.499999999999996,2999.999999999999,3095.599529091417,3095.704062457147,-0.0018344266511800132,0.19586066627950033,0.19211498127993498,22.877753521613645,22.851110329829694,0.4968978067502338,0.0,0.0,0.0,True,solar_array_degradation,1.0,0.4968978067502338,solar_array_degradation,0.4968978067502338,0.4968978067502338,11,solar_array_degradation,2.3403865198412674,0.4968978067502338,gradual,0.7405113782796986,1.1828831283721493,2012886388,solar_array_degradation
11760.0,196.0,3.2666666666666666,1,310.00065055737264,345.8417661836449,35.841115626272256,81.1120925304857,80.79094545576908,29.24448370121943,29.283635837987756,1.2255684180458881,1.2208896117139445,24.331423593344372,24.30125750893472,25.675861337627275,25.584753106444985,1.1201614357849201,17.292088309182244,2896.044154591122,2995.82184184127,3000.259798876268,-0.0019638328945403845,0.1990958223635096,0.20157228075006475,22.8730526121147,23.126678646001412,0.4968978067502338,0.0,0.0,0.0,True,solar_array_degradation,1.0,0.4968978067502338,solar_array_degradation,0.4968978067502338,0.4968978067502338,11,solar_array_degradation,2.3403865198412674,0.4968978067502338,gradual,0.7405113782796986,1.1828831283721493,2012886388,solar_array_degradation
11820.0,197.0,3.283333333333333,1,310.25774410386947,341.86526713848406,31.607523034614587,81.0650575259699,81.47497818932065,29.242602301038797,29.27753832340589,1.080872444566665,1.0770419892855547,24.321079927848686,24.420696438759844,25.684640973640104,25.611280717942766,1.0934628193138816,17.093263356924204,2796.6316784621013,2896.226760151685,2897.4836170726603,-0.0019799496820944516,0.1994987420523613,0.1986281037936479,22.868290155358302,22.85409249686361,0.4968978067502338,0.0,0.0,0.0,True,solar_array_degradation,1.0,0.4968978067502338,solar_array_degradation,0.4968978067502338,0.4968978067502338,11,solar_array_degradation,2.3403865198412674,0.4968978067502338,gradual,0.7405113782796986,1.1828831283721493,2012886388,solar_array_degradation
11880.0,198.0,3.3,1,310.473931096406,338.24429495415046,27.770363857744485,81.02373257975303,80.91927947311098,29.24094930319012,29.243452536232628,0.9497080128898141,0.8601786022723479,24.310727300364192,24.26228259834951,25.692988275346398,25.782643085144098,1.0721556247797694,16.912214747707523,2706.107373853761,2801.1670670027233,2798.7291905698485,-0.0018820726328891437,0.19705181582222858,0.19452520919253033,22.863461948536482,22.90998484168348,0.4968978067502338,0.0,0.0,0.0,True,solar_array_degradation,1.0,0.4968978067502338,solar_array_degradation,0.4968978067502338,0.4968978067502338,11,solar_array_degradation,2.3403865198412674,0.4968978067502338,gradual,0.7405113782796986,1.1828831283721493,2012886388,solar_array_degradation
11940.0,199.0,3.316666666666667,1,310.6481582936856,335.13710349045215,24.488945196766565,80.98729069701974,81.52827502673522,29.23949162788079,29.240665700460067,0.8375297870574321,0.8597570990666177,24.30038332486713,24.24581064599364,25.700958079492672,25.680502501926487,1.0561164915366774,16.75685517452261,2628.427587261303,2714.7973271320134,2717.3818665333,-0.001674479443640806,0.19186198609102015,0.17998189731824954,22.858568189820804,22.965431055848732,0.4968978067502338,0.0,0.0,0.0,True,solar_array_degradation,1.0,0.4968978067502338,solar_array_degradation,0.4968978067502338,0.4968978067502338,11,solar_array_degradation,2.3403865198412674,0.4968978067502338,gradual,0.7405113782796986,1.1828831283721493,2012886388,solar_array_degradation
12000.0,200.0,3.3333333333333335,1,310.7795768783164,332.6794919243112,21.899915045994817,80.95470153772511,80.98646767396322,29.238188061509003,29.254017506697643,0.7490175177724248,0.812525374799929,24.290063965515778,24.505923060984692,25.708618364049162,25.406285789299464,1.0448821793543972,16.633974596215563,2566.9872981077806,2640.892312619897,2645.456598435782,-0.0013662429328623895,0.18415607332155973,0.18547379740174416,22.85361348293644,22.970300349081725,0.4968978067502338,0.0,0.0,0.0,True,solar_array_degradation,1.0,0.4968978067502338,solar_array_degradation,0.4968978067502338,0.4968978067502338,11,solar_array_degradation,2.3403865198412674,0.4968978067502338,gradual,0.7405113782796986,1.1828831283721493,2012886388,solar_array_degradation
12060.0,201.0,3.35,1,310.86754659216416,330.978869674097,20.111323081932824,80.92477397361509,80.70204388520105,29.236990958944602,29.191688420718886,0.6878725348369025,0.6581004767456454,24.2797830933558,24.32509810891017,25.71604730410418,25.53584560340566,1.0378534899346357,16.54894348370485,2524.471741852424,2582.6820272361606,2585.9478714919633,-0.0009708345151576976,0.17427086287894245,0.16604272004771833,22.848606656097854,22.688613702801838,0.4968978067502338,0.0,0.0,0.0,True,solar_array_degradation,1.0,0.4968978067502338,solar_array_degradation,0.4968978067502338,0.4968978067502338,11,solar_array_degradation,2.3403865198412674,0.4968978067502338,gradual,0.7405113782796986,1.1828831283721493,2012886388,solar_array_degradation
12120.0,202.0,3.3666666666666667,1,310.9116388556258,330.1095620926345,19.197923237008695,80.89620563546478,81.16326704877153,29.235848225418593,29.235052275159678,0.6566569606253941,0.6789880198102299,24.26955271435938,24.36252820582699,25.72332988188061,25.702478209851353,1.0344958691150223,16.505478104631727,2502.7390523158633,2542.710539776012,2543.701789715098,-0.0005055354357605888,0.16263838589401472,0.17186822663074272,22.84356039768733,23.097103829312736,0.4968978067502338,0.0,0.0,0.0,True,solar_array_degradation,1.0,0.4968978067502338,solar_array_degradation,0.4968978067502338,0.4968978067502338,11,solar_array_degradation,2.3403865198412674,0.4968978067502338,gradual,0.7405113782796986,1.1828831283721493,2012886388,solar_array_degradation
12180.0,203.0,3.3833333333333333,1,310.9116388556258,330.1095620926345,19.197923237008695,80.86763729731447,80.53895202364353,29.23470549189258,29.2342748309548,0.6566826281979374,0.6827134051143555,24.25938372662634,24.1198141030116,25.730554199034827,25.753895974792893,1.0344985659341561,16.505478104631727,2502.7390523158633,2522.724796045938,2529.6652506999662,9.318502806628603e-06,0.15023296257016572,0.14947854729017399,22.838491976842484,22.958650750217437,0.4968978067502338,0.0,0.0,0.0,True,solar_array_degradation,1.0,0.4968978067502338,solar_array_degradation,0.4968978067502338,0.4968978067502338,11,solar_array_degradation,2.3403865198412674,0.4968978067502338,gradual,0.7405113782796986,1.1828831283721493,2012886388,solar_array_degradation
12240.0,204.0,3.4,1,310.86754659216416,330.9788696740969,20.111323081932767,80.83770973320445,81.25712885271591,29.23350838932818,29.265352989573966,0.6879544806628305,0.6948429169099245,24.249286965964572,24.307744818823394,25.73780765240996,25.78108138171,1.0378625093971252,16.548943483704846,2524.471741852423,2523.5982689491807,2530.670787345836,0.0005512257128852536,0.16378064282213134,0.15521918783248395,22.833491925507733,22.752332100599677,0.4968978067502338,0.0,0.0,0.0,True,solar_array_degradation,1.0,0.4968978067502338,solar_array_degradation,0.4968978067502338,0.4968978067502338,11,solar_array_degradation,2.3403865198412674,0.4968978067502338,gradual,0.7405113782796986,1.1828831283721493,2012886388,solar_array_degradation
12300.0,205.0,3.4166666666666665,1,310.7795768783164,332.67949192431115,21.89991504599476,80.80512057390982,80.82687721978299,29.232204822956394,29.27020540335083,0.749170826444008,0.7398751072196814,24.239274246016038,24.27854997889656,25.74517314038311,25.775418992247484,1.0449005541755838,16.63397459621556,2566.9872981077788,2545.29278352848,2541.93054729171,0.0010965022490355331,0.1774125562258883,0.18023402730325006,22.828580602919644,22.969877865602914,0.4968978067502338,0.0,0.0,0.0,True,solar_array_degradation,1.0,0.4968978067502338,solar_array_degradation,0.4968978067502338,0.4968978067502338,11,solar_array_degradation,2.3403865198412674,0.4968978067502338,gradual,0.7405113782796986,1.1828831283721493,2012886388,solar_array_degradation
12360.0,206.0,3.433333333333333,1,310.6481582936856,335.13710349045215,24.488945196766565,80.76867869117655,81.25549319753824,29.23074714764706,29.243806578986987,0.8377803370222033,0.881863150381049,24.2293591007781,24.314159773881777,25.75272546560909,25.38114567344033,1.056150071448083,16.75685517452261,2628.427587261303,2586.8601853948917,2569.9272798306056,0.00162131691010066,0.1905329227525165,0.184734072261351,22.823776050211574,22.653241793247297,0.4968978067502338,0.0,0.0,0.0,True,solar_array_degradation,1.0,0.4968978067502338,solar_array_degradation,0.4968978067502338,0.4968978067502338,11,solar_array_degradation,2.3403865198412674,0.4968978067502338,gradual,0.7405113782796986,1.1828831283721493,2012886388,solar_array_degradation
12420.0,207.0,3.45,1,310.473931096406,338.24429495415046,27.770363857744485,80.72735374495966,80.24799675718515,29.229094149798385,29.149594634228176,0.9500932090273498,0.9286678792701508,24.219556993401657,24.28429536045338,25.76052809137963,25.602749028235017,1.072214168467191,16.912214747707523,2706.107373853761,2646.4837796243264,2647.615591095192,0.0021027327770517935,0.20256831942629483,0.20285661349569237,22.81909317075209,22.87418975230238,0.4968978067502338,0.0,0.0,0.0,True,solar_array_degradation,1.0,0.4968978067502338,solar_array_degradation,0.4968978067502338,0.4968978067502338,11,solar_array_degradation,2.3403865198412674,0.4968978067502338,gradual,0.7405113782796986,1.1828831283721493,2012886388,solar_array_degradation
12480.0,208.0,3.466666666666667,1,310.25774410386947,341.86526713848394,31.607523034614474,80.68031874044387,81.00341093733627,29.227212749617756,29.271462500982196,1.0814415765672984,1.0865084130509945,24.209884855676854,24.10221503432642,25.768630393362443,26.100167471958024,1.093561270682269,17.093263356924197,2796.631678462098,2721.5577290432116,2722.062607108979,0.0025197096664136883,0.2129927416603422,0.21302888186489527,22.814543038509083,22.76795986999892,0.4968978067502338,0.0,0.0,0.0,True,solar_array_degradation,1.0,0.4968978067502338,solar_array_degradation,0.4968978067502338,0.4968978067502338,11,solar_array_degradation,2.3403865198412674,0.4968978067502338,gradual,0.7405113782796986,1.1828831283721493,2012886388,solar_array_degradation
12540.0,209.0,3.4833333333333334,1,310.00065055737264,345.8417661836449,35.841115626272256,80.62698374695239,81.00492131963934,29.225079349878094,29.246443860308066,1.2263821492899303,1.267808779724955,24.20035995005642,24.26738243743016,25.77706552683391,25.805419793373176,1.120321054087759,17.292088309182244,2896.0441545911226,2808.8009418171673,2813.4492604071797,0.0028540236872440883,0.2213505921811022,0.22493266185759725,22.810132369719437,22.935662730909588,0.4968978067502338,0.0,0.0,0.0,True,solar_array_degradation,1.0,0.4968978067502338,solar_array_degradation,0.4968978067502338,0.4968978067502338,11,solar_array_degradation,2.3403865198412674,0.4968978067502338,gradual,0.7405113782796986,1.1828831283721493,2012886388,solar_array_degradation
12600.0,210.0,3.5,1,309.703902990831,349.99999999999994,40.29609700916893,80.56701931687923,80.25588181240171,29.22268077267517,29.22202015767903,1.3789322520625151,1.364365106852321,24.190998178130954,24.374036204894242,25.785849002619237,25.912055929484268,1.1521163324622559,17.499999999999996,2999.999999999999,2904.4004709085834,2908.02195105489,0.0030910637126159027,0.22727659281539755,0.23422424314346285,22.80586318672282,22.80667495973787,0.4968978067502338,0.0,0.0,0.0,True,solar_array_degradation,1.0,0.4968978067502338,solar_array_degradation,0.4968978067502338,0.4968978067502338,11,solar_array_degradation,2.3403865198412674,0.4968978067502338,gradual,0.7405113782796986,1.1828831283721493,2012886388,solar_array_degradation
12660.0,211.0,3.5166666666666666,1,309.36894712855997,354.15823381635516,44.7892866877952,80.50036859264144,80.36015366738144,29.220014743705658,29.166641709172108,1.5328290242373457,1.626942076940085,24.181812073013514,24.28077596625941,25.79497803397992,25.778717299752298,1.1879651854035531,17.70791169081776,3103.955845408879,3004.1781581587315,3000.2269643207155,0.003220469955976316,0.2305117488994079,0.23432932490791727,22.80173269413815,22.71131855685471,0.4968978067502338,0.0,0.0,0.0,True,solar_array_degradation,1.0,0.4968978067502338,solar_array_degradation,0.4968978067502338,0.4968978067502338,11,solar_array_degradation,2.3403865198412674,0.4968978067502338,gradual,0.7405113782796986,1.1828831283721493,2012886388,solar_array_degradation
12720.0,212.0,3.533333333333333,1,308.9974148418506,358.1347328615159,49.13731801966526,80.42724758368361,80.55433802669896,29.217089903347343,29.193093693916957,1.6818005551619188,1.7168912335080742,24.172808788070725,24.28074450652911,25.80443168299423,25.864782588005696,1.226276248587435,17.906736643075796,3203.3683215378974,3103.773239848314,3103.5753209672803,0.003236586743530341,0.23091466858825851,0.2143765032181466,22.797733377050662,22.883132509660875,0.4968978067502338,0.0,0.0,0.0,True,solar_array_degradation,1.0,0.4968978067502338,solar_array_degradation,0.4968978067502338,0.4968978067502338,11,solar_array_degradation,2.3403865198412674,0.4968978067502338,gradual,0.7405113782796986,1.1828831283721493,2012886388,solar_array_degradation
12780.0,213.0,3.55,1,308.5911161986577,361.7557050458495,53.164588847191794,80.3481336121848,80.14840181759867,29.213925344487393,29.197391480641233,1.8198372255792679,1.8635597388179463,24.16398841734966,24.32580291511338,25.814171800034863,25.834978834875912,1.2649446022083237,18.087785252292473,3293.8926261462375,3198.8329329972757,3209.7041057012634,0.003138709694325054,0.22846774235812634,0.22915240683339477,22.793853319208296,22.954540591963912,0.4968978067502338,0.0,0.0,0.0,True,solar_array_degradation,1.0,0.4968978067502338,solar_array_degradation,0.4968978067502338,0.4968978067502338,11,solar_array_degradation,2.3403865198412674,0.4968978067502338,gradual,0.7405113782796986,1.1828831283721493,2012886388,solar_array_degradation
12840.0,214.0,3.566666666666667,1,308.15203064512986,364.86289650954785,56.710865864418,80.26374244274372,80.0277667277508,29.210549697709748,29.2000310871368,1.9414515115703013,1.9861910978825843,24.155342949238037,23.97975786217739,25.824144715285538,25.713489079512172,1.3015387177422886,18.243144825477394,3371.5724127386957,3285.202672867986,3275.5267304056915,0.0029311165050767154,0.22327791262691787,0.20956631023581218,22.790076727248213,22.79524648049704,0.4968978067502338,0.0,0.0,0.0,True,solar_array_degradation,1.0,0.4968978067502338,solar_array_degradation,0.4968978067502338,0.4968978067502338,11,solar_array_degradation,2.3403865198412674,0.4968978067502338,gradual,0.7405113782796986,1.1828831283721493,2012886388,solar_array_degradation
12900.0,215.0,3.5833333333333335,1,307.68229736194695,367.32050807568874,59.638210713741785,80.17499510537208,79.86631319030262,29.20699980421488,29.185932517539847,2.0419149900201443,2.0742870649218763,24.146856069363,24.176118141336417,25.83428360837082,25.903322642228723,1.3335533461175173,18.366025403784437,3433.0127018922185,3359.1076873801026,3359.24135776645,0.0026228799942983067,0.21557199985745767,0.21782956482093943,22.78638463561989,22.566653051534537,0.4968978067502338,0.0,0.0,0.0,True,solar_array_degradation,1.0,0.4968978067502338,solar_array_degradation,0.4968978067502338,0.4968978067502338,11,solar_array_degradation,2.3403865198412674,0.4968978067502338,gradual,0.7405113782796986,1.1828831283721493,2012886388,solar_array_degradation
12960.0,216.0,3.6,1,307.18420484244746,369.021130325903,61.83692548345556,80.08297587102169,79.86688087087182,29.203319034840867,29.17823378327735,2.1174622449483,2.1816673485382303,24.138503905309165,24.119849897091306,25.844511452536445,25.745531654110167,1.3586917087025197,18.45105651629515,3475.5282581475753,3417.317972763839,3418.82874605716,0.002227471576593615,0.20568678941484037,0.20846460942612827,22.782755757042647,22.68961096418452,0.4968978067502338,0.0,0.0,0.0,True,solar_array_degradation,1.0,0.4968978067502338,solar_array_degradation,0.4968978067502338,0.4968978067502338,11,solar_array_degradation,2.3403865198412674,0.4968978067502338,gradual,0.7405113782796986,1.1828831283721493,2012886388,solar_array_degradation
13020.0,217.0,3.6166666666666667,1,306.66017974331817,369.8904379073655,63.230258164047314,79.98888322494425,79.79033790385962,29.199555328997768,29.230531147108557,2.16545277664739,2.1668808757619895,24.13025666473808,24.100082869691747,25.85474440470689,26.083168564456926,1.3751348582311913,18.494521895368276,3497.2609476841367,3457.2894602239876,3456.8756207422784,0.0017621724971965198,0.194054312429913,0.1875583947065432,22.779167435796477,22.844418614740547,0.4968978067502338,0.0,0.0,0.0,True,solar_array_degradation,1.0,0.4968978067502338,solar_array_degradation,0.4968978067502338,0.4968978067502338,11,solar_array_degradation,2.3403865198412674,0.4968978067502338,gradual,0.7405113782796986,1.1828831283721493,2012886388,solar_array_degradation
13080.0,218.0,3.6333333333333333,1,306.1127750621673,369.8904379073655,63.777662845198165,79.89397598856746,79.75573037770474,29.195759039542697,29.18531529303086,2.184483806665817,2.159926773468462,24.122080983283407,24.23018384985541,25.86489549325997,26.04899290846417,1.3817575601268142,18.494521895368276,3497.2609476841367,3477.2752039540624,3480.623075462032,0.0012473185586292885,0.18118296396573222,0.18935367358802513,22.77559665642858,22.68101114511251,0.4968978067502338,0.0,0.0,0.0,True,solar_array_degradation,1.0,0.4968978067502338,solar_array_degradation,0.4968978067502338,0.4968978067502338,11,solar_array_degradation,2.3403865198412674,0.4968978067502338,gradual,0.7405113782796986,1.1828831283721493,2012886388,solar_array_degradation
13140.0,219.0,3.65,1,305.54465769957636,369.02113032590313,63.47647262632677,79.79951695192113,79.54335490626308,29.191980678076845,29.173363893750356,2.174448980572173,2.0944904978039456,24.11394269161547,24.109327792591362,25.87487844234648,25.65794267689667,1.3782582695289092,18.451056516295157,3475.5282581475776,3476.40173105082,3477.0031820874797,0.0007054113485506708,0.16763528371376676,0.16849928455708696,22.77202105880887,22.609296772063416,0.4968978067502338,0.0,0.0,0.0,True,solar_array_degradation,1.0,0.4968978067502338,solar_array_degradation,0.4968978067502338,0.4968978067502338,11,solar_array_degradation,2.3403865198412674,0.4968978067502338,gradual,0.7405113782796986,1.1828831283721493,2012886388,solar_array_degradation
13200.0,220.0,3.6666666666666665,1,304.95859546622904,367.32050807568874,62.361912609459694,79.70671648672848,79.72857445998599,29.188268659469138,29.238307311724128,2.136540311349659,2.1550950794108688,24.10580964999965,24.13496548306784,25.884611465615276,25.94098263498645,1.365184360161768,18.366025403784437,3433.0127018922185,3454.7072164715196,3462.6465177381215,0.0001601348124003416,0.15400337031000855,0.15558571939217364,22.768419911824303,22.65975451296393,0.4968978067502338,0.0,0.0,0.0,True,solar_array_degradation,1.0,0.4968978067502338,solar_array_degradation,0.4968978067502338,0.4968978067502338,11,solar_array_degradation,2.3403865198412674,0.4968978067502338,gradual,0.7405113782796986,1.1828831283721493,2012886388,solar_array_degradation
13260.0,221.0,3.683333333333333,1,304.35744359841544,364.8628965095479,60.505452911132465,79.61667861037263,79.61342061985829,29.184667144414906,29.206396246767024,2.073193180916968,2.0282335344460045,24.09765429342376,24.108228021647147,25.894020863541307,26.06618797677972,1.3438503972320492,18.243144825477398,3371.572412738698,3413.1398146051088,3419.8978328685944,-0.0003646798486647144,0.15911699621661785,0.1452012633297775,22.76482423380168,23.018135258992704,0.4968978067502338,0.0,0.0,0.0,True,solar_array_degradation,1.0,0.4968978067502338,solar_array_degradation,0.4968978067502338,0.4968978067502338,11,solar_array_degradation,2.3403865198412674,0.4968978067502338,gradual,0.7405113782796986,1.1828831283721493,2012886388,solar_array_degradation
13320.0,222.0,3.7,1,303.74413084760795,361.7557050458495,58.01157419824153,79.53035186305382,80.15330379504124,29.181214074522153,29.173775233595347,1.9879767185180586,1.9523631424695107,24.089455581378783,23.96310594054662,25.903044267137563,25.763040398099108,1.3161641146695864,18.087785252292473,3293.8926261462375,3353.5162203756736,3358.3716405610685,-0.0008460957156158975,0.17115239289039744,0.17523685228349406,22.761234485100978,22.665223781240165,0.4968978067502338,0.0,0.0,0.0,True,solar_array_degradation,1.0,0.4968978067502338,solar_array_degradation,0.4968978067502338,0.4968978067502338,11,solar_array_degradation,2.3403865198412674,0.4968978067502338,gradual,0.7405113782796986,1.1828831283721493,2012886388,solar_array_degradation
13380.0,223.0,3.716666666666667,1,303.12164521187856,358.13473286151617,55.01308764963761,79.44848714928948,79.93593297016375,29.177939485971578,29.229914348674317,1.8854342910707345,1.8715403793610232,24.081200144548095,24.086936761310586,25.911633386286614,25.762737755300613,1.2843889972756322,17.90673664307581,3203.3683215379037,3278.442270956789,3282.865793865045,-0.0012630726049777355,0.18157681512444337,0.18997797097610097,22.757630449117205,22.756538273713073,0.4968978067502338,0.0,0.0,0.0,True,solar_array_degradation,1.0,0.4968978067502338,solar_array_degradation,0.4968978067502338,0.4968978067502338,11,solar_array_degradation,2.3403865198412674,0.4968978067502338,gradual,0.7405113782796986,1.1828831283721493,2012886388,solar_array_degradation
13440.0,224.0,3.7333333333333334,1,302.4930193786724,354.15823381635516,51.66521443768278,79.37160438970959,79.28738648129462,29.174864175588382,29.189801204379272,1.770881061407403,1.7330691588740474,24.072882548943113,24.03193779828261,25.919756142577956,25.96090995794135,1.2508815786921128,17.70791169081776,3103.955845408879,3191.1990581828345,3195.200872702163,-0.0015973866258081563,0.1899346656452039,0.18121945425737523,22.753993853993894,22.768664514574628,0.4968978067502338,0.0,0.0,0.0,True,solar_array_degradation,1.0,0.4968978067502338,solar_array_degradation,0.4968978067502338,0.4968978067502338,11,solar_array_degradation,2.3403865198412674,0.4968978067502338,gradual,0.7405113782796986,1.1828831283721493,2012886388,solar_array_degradation
13500.0,225.0,3.75,1,301.86131594985966,349.99999999999994,48.138684050140284,79.2999694432064,79.3362591337408,29.171998777728255,29.11965231477917,1.6501674916732958,1.6246749723334926,24.06450473438294,23.95412466160065,25.927398093437333,25.881636077247325,1.2178442200460269,17.499999999999996,2999.999999999999,3095.599529091417,3093.078570156733,-0.0018344266511800132,0.19586066627950033,0.20173251743416185,22.75030912948372,22.68628577908472,0.4968978067502338,0.0,0.0,0.0,True,solar_array_degradation,1.0,0.4968978067502338,solar_array_degradation,0.4968978067502338,0.4968978067502338,11,solar_array_degradation,2.3403865198412674,0.4968978067502338,gradual,0.7405113782796986,1.1828831283721493,2012886388,solar_array_degradation
13560.0,226.0,3.7666666666666666,1,301.229612521047,345.8417661836449,44.612153662597905,79.23358230977993,79.6813804991103,29.169343292391197,29.139235052190205,1.529419199308301,1.459522384986022,24.056074805466565,24.143703182948265,25.9345630853082,25.917395672216372,1.1871298469770275,17.292088309182244,2896.0441545911226,2995.82184184127,2996.0852831575035,-0.0019638328945403775,0.19909582236350942,0.19750183465767093,22.746564052925752,22.708816850228395,0.4968978067502338,0.0,0.0,0.0,True,solar_array_degradation,1.0,0.4968978067502338,solar_array_degradation,0.4968978067502338,0.4968978067502338,11,solar_array_degradation,2.3403865198412674,0.4968978067502338,gradual,0.7405113782796986,1.1828831283721493,2012886388,solar_array_degradation
13620.0,227.0,3.783333333333333,1,300.6009866878408,341.86526713848394,41.26428045064313,79.17217713053789,79.11620216159525,29.166887085221514,29.18205036746387,1.4147646380662682,1.4018469499316428,24.047605439028732,24.17979692612396,25.94127310733958,25.97470254724332,1.1601247184898222,17.093263356924197,2796.631678462098,2896.226760151684,2899.568770944673,-0.001979949682094487,0.19949874205236218,0.20205200162638956,22.74275026036327,22.941031951711643,0.4968978067502338,0.0,0.0,0.0,True,solar_array_degradation,1.0,0.4968978067502338,solar_array_degradation,0.4968978067502338,0.4968978067502338,11,solar_array_degradation,2.3403865198412674,0.4968978067502338,gradual,0.7405113782796986,1.1828831283721493,2012886388,solar_array_degradation
13680.0,228.0,3.8,1,299.9785010521114,338.2442949541506,38.26579390203915,79.11523398485033,78.73133550973559,29.164609359394014,29.211610908800996,1.3120626246177927,1.33867642776485,24.03911220861614,24.149994049321744,25.94756735197628,26.12394776538271,1.1377206664735144,16.91221474770753,2706.1073738537643,2801.1670670027247,2802.156112247841,-0.001882072632889087,0.19705181582222717,0.19138465832905532,22.738863602753913,22.852535335774554,0.4968978067502338,0.0,0.0,0.0,True,solar_array_degradation,1.0,0.4968978067502338,solar_array_degradation,0.4968978067502338,0.4968978067502338,11,solar_array_degradation,2.3403865198412674,0.4968978067502338,gradual,0.7405113782796986,1.1828831283721493,2012886388,solar_array_degradation
13740.0,229.0,3.816666666666667,1,299.3651883013039,335.13710349045215,35.771915189148274,79.06200196819982,79.2026908956304,29.16248007872799,29.145397661843504,1.2266417359764064,1.2157130134862928,24.030612108684025,23.983213205086887,25.953500523509515,26.07165719819345,1.120371995875137,16.75685517452261,2628.427587261303,2714.797327132014,2719.8478064141727,-0.0016744794436408194,0.19186198609102048,0.19423049845034476,22.734904331631604,22.85545603508194,0.4968978067502338,0.0,0.0,0.0,True,solar_array_degradation,1.0,0.4968978067502338,solar_array_degradation,0.4968978067502338,0.4968978067502338,11,solar_array_degradation,2.3403865198412674,0.4968978067502338,gradual,0.7405113782796986,1.1828831283721493,2012886388,solar_array_degradation
13800.0,230.0,3.8333333333333335,1,298.7640364334903,332.67949192431126,33.91545549082099,79.0115325403861,79.4519661441615,29.160461301615445,29.19199739115485,1.1630630647445253,1.2243670167669214,24.02212249354994,24.03359132806398,25.95914046851387,25.684781836919825,1.1082172554058343,16.633974596215563,2566.9872981077824,2640.8923126198983,2647.1417465016457,-0.001366242932862375,0.18415607332155937,0.17362299041879556,22.730877103683657,22.958540666926922,0.4968978067502338,0.0,0.0,0.0,True,solar_array_degradation,1.0,0.4968978067502338,solar_array_degradation,0.4968978067502338,0.4968978067502338,11,solar_array_degradation,2.3403865198412674,0.4968978067502338,gradual,0.7405113782796986,1.1828831283721493,2012886388,solar_array_degradation
13860.0,231.0,3.85,1,298.177974200143,330.9788696740969,32.800895473953915,78.96272168402605,78.94522669501286,29.158508867361043,29.15030266964191,1.124916765228349,1.1075653657510496,24.013660541982958,23.962807679120715,25.964565231733168,25.86860533355597,1.101235018295345,16.548943483704846,2524.471741852423,2582.682027236161,2580.089084617459,-0.0009708345151577327,0.1742708628789433,0.1709616624857426,22.726790799689468,22.53876020489059,0.4968978067502338,0.0,0.0,0.0,True,solar_array_degradation,1.0,0.4968978067502338,solar_array_degradation,0.4968978067502338,0.4968978067502338,11,solar_array_degradation,2.3403865198412674,0.4968978067502338,gradual,0.7405113782796986,1.1828831283721493,2012886388,solar_array_degradation
13920.0,232.0,3.8666666666666667,1,297.6098568375521,330.1095620926345,32.499705255082404,78.91435902739646,79.00319262632911,29.15657436109586,29.118100805932578,1.114661305974523,1.1339297542445743,24.005243237351603,23.925022944654273,25.969859666088567,25.964290537864947,1.0993975861629464,16.505478104631727,2502.739052315864,2542.710539776012,2557.910845307626,-0.0005055354357605887,0.16263838589401472,0.16630429935962832,22.722658160202005,22.606807291576953,0.4968978067502338,0.0,0.0,0.0,True,solar_array_degradation,1.0,0.4968978067502338,solar_array_degradation,0.4968978067502338,0.4968978067502338,11,solar_array_degradation,2.3403865198412674,0.4968978067502338,gradual,0.7405113782796986,1.1828831283721493,2012886388,solar_array_degradation
13980.0,233.0,3.8833333333333333,1,297.06245215640115,330.1095620926345,33.04710993623337,78.86518178046754,78.86022061500367,29.1546072712187,29.177013571831242,1.1335124369470526,1.1066849547305009,23.996887738046084,24.13274456314346,25.975111744969123,25.935842439807338,1.1027880355770916,16.505478104631727,2502.7390523158633,2522.724796045938,2516.15020759089,9.318502806628603e-06,0.15023296257016572,0.15360399612646286,22.718496506138298,22.803721545384807,0.4968978067502338,0.0,0.0,0.0,True,solar_array_degradation,1.0,0.4968978067502338,solar_array_degradation,0.4968978067502338,0.4968978067502338,11,solar_array_degradation,2.3403865198412674,0.4968978067502338,gradual,0.7405113782796986,1.1828831283721493,2012886388,solar_array_degradation
14040.0,234.0,3.9,1,296.5384270572719,330.97886967409687,34.44044261682495,78.81393112181155,79.0695955328986,29.15255724487246,29.167691507965625,1.181386673132511,1.1989718027694085,23.988611924810197,23.835441747500326,25.98040873797678,26.176128877641236,1.1116539577164082,16.548943483704843,2524.471741852422,2523.59826894918,2519.2969714266774,0.0005512257128852394,0.16378064282213098,0.16631150589273594,22.71439642083383,22.704556111172977,0.4968978067502338,0.0,0.0,0.0,True,solar_array_degradation,1.0,0.4968978067502338,solar_array_degradation,0.4968978067502338,0.4968978067502338,11,solar_array_degradation,2.3403865198412674,0.4968978067502338,gradual,0.7405113782796986,1.1828831283721493,2012886388,solar_array_degradation
14100.0,235.0,3.9166666666666665,1,296.0403345377724,332.6794919243112,36.639157386538784,78.75940856617683,78.38137442510872,29.15037634264707,29.145227549828515,1.256901693338882,1.2282561470638713,23.98043486709246,23.680542029246624,25.985833417265397,25.9187558032746,1.126384149337452,16.633974596215563,2566.9872981077806,2545.29278352848,2541.66298290963,0.0010965022490355685,0.1774125562258892,0.1616181843690007,22.710378314530796,22.664495483536314,0.4968978067502338,0.0,0.0,0.0,True,solar_array_degradation,1.0,0.4968978067502338,solar_array_degradation,0.4968978067502338,0.4968978067502338,11,solar_array_degradation,2.3403865198412674,0.4968978067502338,gradual,0.7405113782796986,1.1828831283721493,2012886388,solar_array_degradation
14160.0,236.0,3.933333333333333,0,0.0,335.13710349045215,335.13710349045215,78.26069263836365,77.84113185958908,29.130427705534547,29.228195704479965,11.504709332735914,11.50852658329987,23.989181147711435,24.000333652923402,25.97546046027632,25.887219156171252,11.588666946459266,16.75685517452261,2628.427587261303,2586.8601853948917,2588.282948473774,0.00162131691010066,0.1905329227525165,0.19063797477784758,22.706460278985645,22.627820934682468,0.4968978067502338,0.0,0.0,0.0,True,solar_array_degradation,1.0,0.4968978067502338,solar_array_degradation,0.4968978067502338,0.4968978067502338,11,solar_array_degradation,2.3403865198412674,0.4968978067502338,gradual,0.7405113782796986,1.1828831283721493,2012886388,solar_array_degradation
14220.0,237.0,3.95,0,0.0,338.24429495415046,338.24429495415046,77.7573529137295,77.96174182117186,29.11029411654918,29.137100595325677,11.619404929401206,11.629353332603037,23.998582213068737,23.87070171583475,25.965481206089525,26.110054782784978,11.800845673071445,16.912214747707523,2706.107373853761,2646.4837796243264,2644.730739289722,0.0021027327770517935,0.20256831942629483,0.20216411382188015,22.702657267810356,22.661572107298074,0.4968978067502338,0.0,0.0,0.0,True,solar_array_degradation,1.0,0.4968978067502338,solar_array_degradation,0.4968978067502338,0.4968978067502338,11,solar_array_degradation,2.3403865198412674,0.4968978067502338,gradual,0.7405113782796986,1.1828831283721493,2012886388,solar_array_degradation
14280.0,238.0,3.966666666666667,0,0.0,341.86526713848406,341.86526713848406,77.24862483763056,76.70240934482494,29.089944993505224,29.060898424509872,11.752008029400217,11.734457409144333,24.008753304516482,23.891183495076096,25.955943883154657,25.769128011441882,12.048775417846976,17.093263356924204,2796.6316784621013,2721.5577290432134,2716.496732415108,0.002519709666413724,0.2129927416603431,0.22337810422882884,22.69898040483941,22.813051924156845,0.4968978067502338,0.0,0.0,0.0,True,solar_array_degradation,1.0,0.4968978067502338,solar_array_degradation,0.4968978067502338,0.4968978067502338,11,solar_array_degradation,2.3403865198412674,0.4968978067502338,gradual,0.7405113782796986,1.1828831283721493,2012886388,solar_array_degradation
14340.0,239.0,3.9833333333333334,0,0.0,345.8417661836448,345.8417661836448,76.73397935223824,77.08372046999321,29.06935917408953,29.069920051870664,11.897123844818184,11.940072817625156,24.0197785328971,24.0111552312993,25.946880508707785,26.03109820517351,12.323324462315313,17.29208830918224,2896.044154591119,2808.800941817166,2802.7487841119246,0.0028540236872440176,0.22135059218110043,0.20774740355393,22.695436455802287,22.529508205380537,0.4968978067502338,0.0,0.0,0.0,True,solar_array_degradation,1.0,0.4968978067502338,solar_array_degradation,0.4968978067502338,0.4968978067502338,11,solar_array_degradation,2.3403865198412674,0.4968978067502338,gradual,0.7405113782796986,1.1828831283721493,2012886388,solar_array_degradation
14400.0,240.0,4.0,0,0.0,349.99999999999994,349.99999999999994,76.21314601890491,76.41213789175737,29.048525840756195,29.08737819183574,12.048804194701562,12.102114720776159,24.031706177038984,24.10376346911224,25.938305464638123,25.815376733517525,12.613894601780638,17.499999999999996,2999.999999999999,2904.400470908583,2901.331551318033,0.003091063712615916,0.22727659281539792,0.22455436822771385,22.69202749216005,22.77675792794422,0.4968978067502338,0.0,0.0,0.0,True,solar_array_degradation,1.0,0.4968978067502338,solar_array_degradation,0.4968978067502338,0.4968978067502338,11,solar_array_degradation,2.3403865198412674,0.4968978067502338,gradual,0.7405113782796986,1.1828831283721493,2012886388,solar_array_degradation
14460.0,241.0,4.016666666666667,0,0.0,354.15823381635505,354.15823381635505,75.68612483763056,75.47325375919438,29.027444993505224,29.03189364757524,12.200806302297586,12.191044620512468,24.0445451864904,24.052737242085175,25.930214844302654,26.076287856405308,12.908773954094759,17.707911690817753,3103.955845408876,3004.1781581587297,2999.3499379389423,0.0032204699559762805,0.230511748899407,0.22481083708911967,22.6887507672846,22.579997166069898,0.4968978067502338,0.0,0.0,0.0,True,solar_array_degradation,1.0,0.4968978067502338,solar_array_degradation,0.4968978067502338,0.4968978067502338,11,solar_array_degradation,2.3403865198412674,0.4968978067502338,gradual,0.7405113782796986,1.1828831283721493,2012886388,solar_array_degradation
14520.0,242.0,4.033333333333333,0,0.0,358.134732861516,358.134732861516,75.15318624706283,74.97644547527418,29.006127449882513,29.04555652679134,12.346864760913357,12.342337544354256,24.05826326721793,24.0399722526067,25.922586598834386,25.78396624454718,13.195605553942723,17.9067366430758,3203.3683215379,3103.773239848315,3101.7604635679027,0.00323658674353039,0.23091466858825976,0.22860042543677792,22.68559881464851,22.754396514520565,0.4968978067502338,0.0,0.0,0.0,True,solar_array_degradation,1.0,0.4968978067502338,solar_array_degradation,0.4968978067502338,0.4968978067502338,11,solar_array_degradation,2.3403865198412674,0.4968978067502338,gradual,0.7405113782796986,1.1828831283721493,2012886388,solar_array_degradation
14580.0,243.0,4.05,0,0.0,361.7557050458495,361.7557050458495,74.61485930503032,74.78722688128558,28.98459437220121,29.01450365316608,12.480964901575618,12.507886666796507,24.07278688358112,24.198904525384748,25.915381476548294,25.653464467323637,13.461958789949,18.087785252292473,3293.892626146237,3198.8329329972757,3199.5423600758477,0.0031387096943250397,0.228467742358126,0.23331519604901785,22.68255976602416,22.733609626082185,0.4968978067502338,0.0,0.0,0.0,True,solar_array_degradation,1.0,0.4968978067502338,solar_array_degradation,0.4968978067502338,0.4968978067502338,11,solar_array_degradation,2.3403865198412674,0.4968978067502338,gradual,0.7405113782796986,1.1828831283721493,2012886388,solar_array_degradation
14640.0,244.0,4.066666666666666,0,0.0,364.86289650954785,364.86289650954785,74.07190856617683,74.29053665614326,28.96287634264707,28.892018307375494,12.59760571405323,12.57703172850892,24.0880034075401,24.14628801200516,25.908544714386863,25.90792206166349,13.695973578139728,18.243144825477394,3371.5724127386957,3285.202672867986,3291.7204285339353,0.0029311165050767154,0.22327791262691787,0.22534945379106106,22.67961787571296,22.619429580061343,0.4968978067502338,0.0,0.0,0.0,True,solar_array_degradation,1.0,0.4968978067502338,solar_array_degradation,0.4968978067502338,0.4968978067502338,11,solar_array_degradation,2.3403865198412674,0.4968978067502338,gradual,0.7405113782796986,1.1828831283721493,2012886388,solar_array_degradation
14700.0,245.0,4.083333333333333,0,0.0,367.32050807568874,367.32050807568874,73.52530066725467,73.68952094365896,28.94101202669019,28.871767940482936,12.692040891207805,12.709265116743596,24.103765494290617,24.3215056877408,25.902008407479336,25.89871741543644,13.887032158727282,18.366025403784437,3433.0127018922185,3359.1076873801026,3356.9188838053387,0.0026228799942983067,0.21557199985745767,0.21669044755322964,22.676754225471154,22.647993441932048,0.4968978067502338,0.0,0.0,0.0,True,solar_array_degradation,1.0,0.4968978067502338,solar_array_degradation,0.4968978067502338,0.4968978067502338,11,solar_array_degradation,2.3403865198412674,0.4968978067502338,gradual,0.7405113782796986,1.1828831283721493,2012886388,solar_array_degradation
14760.0,246.0,4.1,0,0.0,369.0211303259031,369.0211303259031,72.97616208046017,72.66412892480078,28.919046483218406,28.972714614735157,12.760487471121996,12.84310768853446,24.119897578791715,24.184912667256526,25.89569445325209,25.82796286984628,14.026403240052915,18.451056516295154,3475.5282581475767,3417.3179727638394,3427.68466325334,0.002227471576593636,0.2056867894148409,0.20898844431826658,22.67394757497003,22.734368886340718,0.4968978067502338,0.0,0.0,0.0,True,solar_array_degradation,1.0,0.4968978067502338,solar_array_degradation,0.4968978067502338,0.4968978067502338,11,solar_array_degradation,2.3403865198412674,0.4968978067502338,gradual,0.7405113782796986,1.1828831283721493,2012886388,solar_array_degradation
14820.0,247.0,4.116666666666666,0,0.0,369.8904379073655,369.8904379073655,72.42572988119326,72.3723023325345,28.897029195247733,28.94144926963999,12.800292909286187,12.863708945040175,24.136204192935903,24.246280904618285,25.88951794141681,25.975272686565564,14.107799885081779,18.494521895368276,3497.2609476841367,3457.2894602239876,3459.453584996473,0.0017621724971965131,0.19405431242991283,0.19436876655441007,22.671175315089407,22.53872747847721,0.4968978067502338,0.0,0.0,0.0,True,solar_array_degradation,1.0,0.4968978067502338,solar_array_degradation,0.4968978067502338,0.4968978067502338,11,solar_array_degradation,2.3403865198412674,0.4968978067502338,gradual,0.7405113782796986,1.1828831283721493,2012886388,solar_array_degradation
14880.0,248.0,4.133333333333334,0,0.0,369.8904379073655,369.8904379073655,71.87529768192636,71.82607990514349,28.875011907277056,28.881706549992415,12.810053173143316,12.840642785191418,24.15247962439129,24.2557008810417,25.88339084167621,25.787245503512246,14.127796983900733,18.494521895368276,3497.260947684137,3477.2752039540624,3484.641961058178,0.001247318558629296,0.18118296396573239,0.18664206503633987,22.66841447662681,22.743879954772712,0.4968978067502338,0.0,0.0,0.0,True,solar_array_degradation,1.0,0.4968978067502338,solar_array_degradation,0.4968978067502338,0.4968978067502338,11,solar_array_degradation,2.3403865198412674,0.4968978067502338,gradual,0.7405113782796986,1.1828831283721493,2012886388,solar_array_degradation
14940.0,249.0,4.15,0,0.0,369.0211303259031,369.0211303259031,71.32615909513186,71.61168268155734,28.853046363805273,28.845892449508902,12.78967654482481,12.715369511497805,24.168518300277274,24.223157162315896,25.87722582797539,26.091469042582357,14.08606608969935,18.451056516295154,3475.5282581475767,3476.4017310508193,3470.686605840283,0.0007054113485506565,0.1676352837137664,0.17144533640189016,22.665642745355616,22.51514507875722,0.4968978067502338,0.0,0.0,0.0,True,solar_array_degradation,1.0,0.4968978067502338,solar_array_degradation,0.4968978067502338,0.4968978067502338,11,solar_array_degradation,2.3403865198412674,0.4968978067502338,gradual,0.7405113782796986,1.1828831283721493,2012886388,solar_array_degradation
15000.0,250.0,4.166666666666667,0,0.0,367.32050807568874,367.32050807568874,70.77955119620971,70.58184157682099,28.831182047848387,28.821405049652643,12.740390160420118,12.81512078639089,24.184125201526204,24.399783575315332,25.870940072159158,26.10157991794765,13.985403315178381,18.366025403784437,3433.0127018922185,3454.7072164715196,3459.982708733029,0.00016013481240034853,0.1540033703100087,0.16375172455112508,22.662839435721946,22.556632964830627,0.4968978067502338,0.0,0.0,0.0,True,solar_array_degradation,1.0,0.4968978067502338,solar_array_degradation,0.4968978067502338,0.4968978067502338,11,solar_array_degradation,2.3403865198412674,0.4968978067502338,gradual,0.7405113782796986,1.1828831283721493,2012886388,solar_array_degradation
15060.0,251.0,4.183333333333334,0,0.0,364.8628965095479,364.8628965095479,70.23660045735622,69.65591881661315,28.80946401829425,28.857203223233316,12.664688807742376,12.707954375724231,24.1991256083429,24.286258260144628,25.86445884123284,25.933116911017496,13.8315474077564,18.243144825477398,3371.5724127386984,3413.139814605109,3409.221433596244,-0.00036467984866470743,0.15911699621661768,0.16081183980654062,22.66003561127009,22.658882900110818,0.4968978067502338,0.0,0.0,0.0,True,solar_array_degradation,1.0,0.4968978067502338,solar_array_degradation,0.4968978067502338,0.4968978067502338,11,solar_array_degradation,2.3403865198412674,0.4968978067502338,gradual,0.7405113782796986,1.1828831283721493,2012886388,solar_array_degradation
15120.0,252.0,4.2,0,0.0,361.7557050458495,361.7557050458495,69.6982735153237,69.20326260980778,28.78793094061295,28.725125654446195,12.566228041609545,12.517113679639882,24.213373544611173,24.332062261949982,25.85771874100756,25.788860207171307,13.632806975498724,18.087785252292473,3293.8926261462375,3353.5162203756736,3353.0776854309097,-0.0008460957156159045,0.1711523928903976,0.18032144272328957,22.657231777238376,22.695738858263322,0.4968978067502338,0.0,0.0,0.0,True,solar_array_degradation,1.0,0.4968978067502338,solar_array_degradation,0.4968978067502338,0.4968978067502338,11,solar_array_degradation,2.3403865198412674,0.4968978067502338,gradual,0.7405113782796986,1.1828831283721493,2012886388,solar_array_degradation
15180.0,253.0,4.216666666666667,0,0.0,358.134732861516,358.134732861516,69.16533492475597,69.45372646979568,28.766613396990238,28.759084564275344,12.449666143147269,12.437033416855058,24.22675841989706,24.319152336169285,25.85067046436565,25.91930687668788,13.399534966066192,17.9067366430758,3203.3683215379006,3278.442270956787,3282.4447489645404,-0.0012630726049777854,0.18157681512444462,0.1760140165782536,22.654407761563572,22.75289046607114,0.4968978067502338,0.0,0.0,0.0,True,solar_array_degradation,1.0,0.4968978067502338,solar_array_degradation,0.4968978067502338,0.4968978067502338,11,solar_array_degradation,2.3403865198412674,0.4968978067502338,gradual,0.7405113782796986,1.1828831283721493,2012886388,solar_array_degradation
15240.0,254.0,4.233333333333333,0,0.0,354.15823381635516,354.15823381635516,68.63831374348163,68.81358405315888,28.745532549739266,28.811425170130065,12.320461734481503,12.323115102687495,24.239209543337896,24.336847275762544,25.84328092403236,25.925207411208067,13.143502188065838,17.70791169081776,3103.9558454088797,3191.199058182833,3175.670118584689,-0.0015973866258081285,0.1899346656452032,0.19212277222179672,22.651545336596914,22.707656872488993,0.4968978067502338,0.0,0.0,0.0,True,solar_array_degradation,1.0,0.4968978067502338,solar_array_degradation,0.4968978067502338,0.4968978067502338,11,solar_array_degradation,2.3403865198412674,0.4968978067502338,gradual,0.7405113782796986,1.1828831283721493,2012886388,solar_array_degradation
15300.0,255.0,4.25,0,0.0,350.0000000000001,350.0000000000001,68.11748041014829,67.85505341170023,28.72469921640593,28.698878007311503,12.18463585512846,12.200469832930075,24.25069837965709,24.486790687402795,25.8355346766401,25.72707087319585,12.877228073766567,17.500000000000007,3000.0000000000027,3095.599529091418,3094.476275935151,-0.0018344266511799569,0.1958606662794989,0.1985687644564675,22.64862897596722,22.692495651434253,0.4968978067502338,0.0,0.0,0.0,True,solar_array_degradation,1.0,0.4968978067502338,solar_array_degradation,0.4968978067502338,0.4968978067502338,11,solar_array_degradation,2.3403865198412674,0.4968978067502338,gradual,0.7405113782796986,1.1828831283721493,2012886388,solar_array_degradation
15360.0,256.0,4.266666666666667,0,0.0,345.8417661836449,345.8417661836449,67.60283492475597,67.73303830399337,28.704113396990238,28.69321582217553,12.048508915795603,12.051480825344205,24.261238607270883,23.967728169407366,25.827434575845345,25.9055920924704,12.61332536752049,17.292088309182244,2896.0441545911226,2995.8218418412703,2992.9733861114987,-0.001963832894540392,0.19909582236350978,0.20252370897268046,22.645646500560623,22.465231126666513,0.4968978067502338,0.0,0.0,0.0,True,solar_array_degradation,1.0,0.4968978067502338,solar_array_degradation,0.4968978067502338,0.4968978067502338,11,solar_array_degradation,2.3403865198412674,0.4968978067502338,gradual,0.7405113782796986,1.1828831283721493,2012886388,solar_array_degradation
15420.0,257.0,4.283333333333333,0,0.0,341.86526713848406,341.86526713848406,67.09410684865703,67.42191179943114,28.68376427394628,28.671308604556046,11.918424090836757,11.911207190501525,24.270884197709666,24.45398420051111,25.81900162595243,25.824166796309896,12.363906624723038,17.093263356924204,2796.6316784621013,2896.2267601516864,2897.1656743841972,-0.001979949682094466,0.19949874205236165,0.20253957659881494,22.64258958964088,22.560776185639053,0.4968978067502338,0.0,0.0,0.0,True,solar_array_degradation,1.0,0.4968978067502338,solar_array_degradation,0.4968978067502338,0.4968978067502338,11,solar_array_degradation,2.3403865198412674,0.4968978067502338,gradual,0.7405113782796986,1.1828831283721493,2012886388,solar_array_degradation
15480.0,258.0,4.3,0,0.0,338.2442949541506,338.2442949541506,66.59076712402288,66.83359090451017,28.663630684960914,28.67143815102329,11.800469335924666,11.77109440101856,24.279725846269567,24.225550616389278,25.810274042440227,25.934888768671083,12.140086123847865,16.91221474770753,2706.1073738537643,2801.1670670027256,2793.97423282276,-0.0018820726328891153,0.19705181582222786,0.2027367292528766,22.63945413706194,22.755715910488856,0.4968978067502338,0.0,0.0,0.0,True,solar_array_degradation,1.0,0.4968978067502338,solar_array_degradation,0.4968978067502338,0.4968978067502338,11,solar_array_degradation,2.3403865198412674,0.4968978067502338,gradual,0.7405113782796986,1.1828831283721493,2012886388,solar_array_degradation
15540.0,259.0,4.316666666666666,0,0.0,335.1371034904522,335.1371034904522,66.09205119620971,65.77979806115962,28.643682047848387,28.58739812204842,11.70021029177101,11.745535613453155,24.287886136757727,24.187953346742816,25.80130556044975,25.724920493875295,11.95159366973314,16.75685517452261,2628.4275872613057,2714.7973271320157,2718.3943730718006,-0.0016744794436408055,0.19186198609102012,0.17932612073856102,22.63624043693232,22.70424184754235,0.4968978067502338,0.0,0.0,0.0,True,solar_array_degradation,1.0,0.4968978067502338,solar_array_degradation,0.4968978067502338,0.4968978067502338,11,solar_array_degradation,2.3403865198412674,0.4968978067502338,gradual,0.7405113782796986,1.1828831283721493,2012886388,solar_array_degradation
15600.0,260.0,4.333333333333333,0,0.0,332.6794919243112,332.6794919243112,65.5969924284652,65.67018702880655,28.62387969713861,28.562406142770463,11.622445854450946,11.636937160087635,24.295513819307754,24.35889495490747,25.792163065158586,25.837614551330898,11.806499811171518,16.633974596215563,2566.9872981077806,2640.8923126198983,2640.520281743849,-0.0013662429328624172,0.18415607332156042,0.18624996768934804,22.632953188194616,22.662374169331237,0.4968978067502338,0.0,0.0,0.0,True,solar_array_degradation,1.0,0.4968978067502338,solar_array_degradation,0.4968978067502338,0.4968978067502338,11,solar_array_degradation,2.3403865198412674,0.4968978067502338,gradual,0.7405113782796986,1.1828831283721493,2012886388,solar_array_degradation
15660.0,261.0,4.35,0,0.0,330.9788696740969,330.9788696740969,65.10446434859303,65.23793591505992,28.60417857394372,28.690236061396536,11.570997182054866,11.527747287163917,24.30277752993514,24.390064218571514,25.78292364760473,25.685393986000683,11.711038062969731,16.548943483704846,2524.471741852423,2582.682027236161,2586.28791586086,-0.0009708345151577327,0.1742708628789433,0.17394147183179712,22.629601313566596,22.642742843233556,0.4968978067502338,0.0,0.0,0.0,True,solar_array_degradation,1.0,0.4968978067502338,solar_array_degradation,0.4968978067502338,0.4968978067502338,11,solar_array_degradation,2.3403865198412674,0.4968978067502338,gradual,0.7405113782796986,1.1828831283721493,2012886388,solar_array_degradation
15720.0,262.0,4.366666666666666,0,0.0,330.1095620926345,330.1095620926345,64.61322988119328,64.74704951082641,28.584529195247733,28.579108854501,11.548539415773071,11.555749043765386,24.309859201458906,24.12175658427935,25.773671214633154,25.739210676725016,11.669501011013137,16.505478104631727,2502.739052315864,2542.710539776012,2548.512806787085,-0.0005055354357605887,0.16263838589401472,0.1499186707123117,22.626197595225054,22.581036995445213,0.4968978067502338,0.0,0.0,0.0,True,solar_array_degradation,1.0,0.4968978067502338,solar_array_degradation,0.4968978067502338,0.4968978067502338,11,solar_array_degradation,2.3403865198412674,0.4968978067502338,gradual,0.7405113782796986,1.1828831283721493,2012886388,solar_array_degradation
15780.0,263.0,4.383333333333334,0,0.0,330.1095620926345,330.1095620926345,64.12199541379351,64.19254201886471,28.56487981655174,28.56469434377051,11.556483493459496,11.60927654966172,24.31694732911271,23.974882494726486,25.764492801125353,25.680178965735774,11.684184858768143,16.505478104631727,2502.7390523158633,2522.724796045938,2523.9564885991977,9.318502806628603e-06,0.15023296257016572,0.1439346865190824,22.622759395398674,22.84062781724754,0.4968978067502338,0.0,0.0,0.0,True,solar_array_degradation,1.0,0.4968978067502338,solar_array_degradation,0.4968978067502338,0.4968978067502338,11,solar_array_degradation,2.3403865198412674,0.4968978067502338,gradual,0.7405113782796986,1.1828831283721493,2012886388,solar_array_degradation
15840.0,264.0,4.4,0,0.0,330.9788696740969,330.9788696740969,63.629467333921355,63.16254667165463,28.545178693356853,28.476530209380847,11.594913215629077,11.553206150322822,24.32423018179883,24.22329559244831,25.75547474568376,25.826127972329736,11.755360998237586,16.548943483704846,2524.471741852423,2523.5982689491807,2524.129732565633,0.0005512257128852536,0.16378064282213134,0.1585957700091433,22.61937733842475,22.502702236948746,0.4968978067502338,0.0,0.0,0.0,True,solar_array_degradation,1.0,0.4968978067502338,solar_array_degradation,0.4968978067502338,0.4968978067502338,11,solar_array_degradation,2.3403865198412674,0.4968978067502338,gradual,0.7405113782796986,1.1828831283721493,2012886388,solar_array_degradation
15900.0,265.0,4.416666666666667,0,0.0,332.6794919243112,332.6794919243112,63.134408566176845,63.491499391941204,28.525376342647075,28.519503492068345,11.662580290901763,11.688443794860358,24.331889008452496,24.324541965461613,25.746698896910722,25.786963116807005,11.881262323338422,16.633974596215563,2566.9872981077806,2545.292783528481,2543.544053845262,0.0010965022490355544,0.17741255622588886,0.18160549836592932,22.616071875239786,22.667796318306802,0.4968978067502338,0.0,0.0,0.0,True,solar_array_degradation,1.0,0.4968978067502338,solar_array_degradation,0.4968978067502338,0.4968978067502338,11,solar_array_degradation,2.3403865198412674,0.4968978067502338,gradual,0.7405113782796986,1.1828831283721493,2012886388,solar_array_degradation
15960.0,266.0,4.433333333333334,0,0.0,335.13710349045203,335.13710349045203,62.63569263836367,62.27175192129702,28.505427705534547,28.541661898698376,11.75695755041706,11.753870630291626,24.34009128795973,24.47686681453358,25.73823901608448,25.746704511267097,12.058084067384696,16.756855174522602,2628.4275872613007,2586.860185394891,2579.7912616730305,0.0016213169101006175,0.19053292275251543,0.185440018474036,22.612861137989317,22.478433465306164,0.4968978067502338,0.0,0.0,0.0,True,solar_array_degradation,1.0,0.4968978067502338,solar_array_degradation,0.4968978067502338,0.4968978067502338,11,solar_array_degradation,2.3403865198412674,0.4968978067502338,gradual,0.7405113782796986,1.1828831283721493,2012886388,solar_array_degradation
16020.0,267.0,4.45,0,0.0,338.2442949541506,338.2442949541506,62.13235291372953,62.17201354296571,28.48529411654918,28.448873730228893,11.874347990587882,11.86282910676911,24.348984110952394,24.394057104413083,25.73015753345122,25.740985116370087,12.280011216126278,16.91221474770753,2706.107373853764,2646.483779624328,2642.9951955852384,0.002102732777051836,0.20256831942629588,0.21203438982190526,22.6097601203715,22.594135437767058,0.4968978067502338,0.0,0.0,0.0,True,solar_array_degradation,1.0,0.4968978067502338,solar_array_degradation,0.4968978067502338,0.4968978067502338,11,solar_array_degradation,2.3403865198412674,0.4968978067502338,gradual,0.7405113782796986,1.1828831283721493,2012886388,solar_array_degradation
16080.0,268.0,4.466666666666667,0,0.0,341.86526713848406,341.86526713848406,61.62362483763059,61.91479765948398,28.464944993505224,28.439361618883943,12.010044889125435,11.99568045154088,24.358687853817028,24.415161859756985,25.72250279989746,25.739386273268256,12.539294259104638,17.093263356924204,2796.6316784621013,2721.557729043214,2708.9493143490217,0.00251970966641371,0.21299274166034274,0.207820191634396,22.606779986006348,22.694561342397417,0.4968978067502338,0.0,0.0,0.0,True,solar_array_degradation,1.0,0.4968978067502338,solar_array_degradation,0.4968978067502338,0.4968978067502338,11,solar_array_degradation,2.3403865198412674,0.4968978067502338,gradual,0.7405113782796986,1.1828831283721493,2012886388,solar_array_degradation
16140.0,269.0,4.483333333333333,0,0.0,345.8417661836447,345.8417661836447,61.10897935223826,61.33707419024403,28.44435917408953,28.462458600469223,12.15853604108185,12.169897174472867,24.369290393004068,24.420347389551097,25.715306954116645,25.740256156469915,12.826399892982906,17.292088309182237,2896.0441545911185,2808.800941817166,2811.7955510503466,0.0028540236872440033,0.2213505921811001,0.22155360573163432,22.603927540110472,22.44645487652908,0.4968978067502338,0.0,0.0,0.0,True,solar_array_degradation,1.0,0.4968978067502338,solar_array_degradation,0.4968978067502338,0.4968978067502338,11,solar_array_degradation,2.3403865198412674,0.4968978067502338,gradual,0.7405113782796986,1.1828831283721493,2012886388,solar_array_degradation
16200.0,270.0,4.5,1,301.86131594985966,349.99999999999994,48.138684050140284,61.03734440573507,60.91683903668529,28.441493776229404,28.38297096317436,1.6925511869694143,1.670859919383145,24.35917191185151,24.430813797190286,25.72458449848371,25.669548794525504,1.229178361640926,17.499999999999996,2999.999999999999,2904.400470908583,2907.653055044655,0.003091063712615916,0.22727659281539792,0.23602255987579224,22.601204893335925,22.557653624556703,0.4968978067502338,0.0,0.0,0.0,True,solar_array_degradation,1.0,0.4968978067502338,solar_array_degradation,0.4968978067502338,0.4968978067502338,11,solar_array_degradation,2.3403865198412674,0.4968978067502338,gradual,0.7405113782796986,1.1828831283721493,2012886388,solar_array_degradation
16260.0,271.0,4.516666666666667,1,302.4930193786724,354.15823381635516,51.66521443768278,60.96046164615518,61.127372361815894,28.43841846584621,28.453659204643117,1.8167400729309662,1.795799357924724,24.34923035891176,24.324684550058,25.73420364587748,25.72459249054415,1.264043559407457,17.70791169081776,3103.955845408879,3004.1781581587306,3011.446334534279,0.003220469955976323,0.23051174889940806,0.2281977505914728,22.598609337951657,22.623059367018122,0.4968978067502338,0.0,0.0,0.0,True,solar_array_degradation,1.0,0.4968978067502338,solar_array_degradation,0.4968978067502338,0.4968978067502338,11,solar_array_degradation,2.3403865198412674,0.4968978067502338,gradual,0.7405113782796986,1.1828831283721493,2012886388,solar_array_degradation
16320.0,272.0,4.533333333333333,1,303.12164521187856,358.134732861516,55.01308764963744,60.878596932390835,61.02451830731172,28.435143877295634,28.489714770784165,1.9346864530396581,1.9687221114094846,24.339466446537376,24.5539622172123,25.74414348999661,25.6674415449567,1.299440933726014,17.9067366430758,3203.3683215379,3103.7732398483154,3108.164673119573,0.0032365867435303767,0.2309146685882594,0.23053199597489102,22.596133446035566,22.64879402121613,0.4968978067502338,0.0,0.0,0.0,True,solar_array_degradation,1.0,0.4968978067502338,solar_array_degradation,0.4968978067502338,0.4968978067502338,11,solar_array_degradation,2.3403865198412674,0.4968978067502338,gradual,0.7405113782796986,1.1828831283721493,2012886388,solar_array_degradation
16380.0,273.0,4.55,1,303.74413084760795,361.75570504584937,58.01157419824142,60.79227018507203,60.637118688682044,28.43169080740288,28.468788452633795,2.0403842526008584,1.9392474715146875,24.329873159297687,24.402288711390288,25.75436591258122,25.865413938240895,1.333053431860925,18.08778525229247,3293.8926261462343,3198.832932997275,3207.966966535329,0.0031387096943249967,0.2284677423581249,0.2259733351863021,22.593765387675813,22.659490280960213,0.4968978067502338,0.0,0.0,0.0,True,solar_array_degradation,1.0,0.4968978067502338,solar_array_degradation,0.4968978067502338,0.4968978067502338,11,solar_array_degradation,2.3403865198412674,0.4968978067502338,gradual,0.7405113782796986,1.1828831283721493,2012886388,solar_array_degradation
16440.0,274.0,4.566666666666666,1,304.35744359841544,364.8628965095478,60.50545291113235,60.70223230871618,60.547490402177,28.42808929234865,28.50937086348273,2.1283686106690696,2.184089308659488,24.32043524112667,24.282767011014382,25.764817274931527,25.91353675337704,1.3623962354305108,18.24314482547739,3371.5724127386957,3285.202672867985,3282.802052935239,0.0029311165050767297,0.22327791262691823,0.21977274839807118,22.591489455202225,22.62052821597126,0.4968978067502338,0.0,0.0,0.0,True,solar_array_degradation,1.0,0.4968978067502338,solar_array_degradation,0.4968978067502338,0.4968978067502338,11,solar_array_degradation,2.3403865198412674,0.4968978067502338,gradual,0.7405113782796986,1.1828831283721493,2012886388,solar_array_degradation
16500.0,275.0,4.583333333333333,1,304.958595466229,367.32050807568874,62.36191260945975,60.60943184352353,60.38533493061465,28.42437727374094,28.493092015960247,2.193958798424444,2.1725126700561113,24.311129551069026,24.284555176010755,25.775430787539644,25.877157741866757,1.3850764167347225,18.366025403784437,3433.0127018922185,3359.107687380102,3351.7947517826487,0.0026228799942983206,0.215571999857458,0.21820456442145725,22.58928676811425,22.560735738705553,0.4968978067502338,0.0,0.0,0.0,True,solar_array_degradation,1.0,0.4968978067502338,solar_array_degradation,0.4968978067502338,0.4968978067502338,11,solar_array_degradation,2.3403865198412674,0.4968978067502338,gradual,0.7405113782796986,1.1828831283721493,2012886388,solar_array_degradation
16560.0,276.0,4.6,1,305.54465769957636,369.0211303259031,63.47647262632671,60.51497280687721,60.367450596296635,28.42059891227509,28.434892501904972,2.233467099770044,2.1928903645014866,24.30192634050548,24.215299627564416,25.78612945427192,25.863359597455133,1.399070022860417,18.451056516295154,3475.5282581475763,3417.3179727638394,3417.3508033206444,0.002227471576593643,0.20568678941484106,0.20517250707527315,22.5871361235433,22.458260459898625,0.4968978067502338,0.0,0.0,0.0,True,solar_array_degradation,1.0,0.4968978067502338,solar_array_degradation,0.4968978067502338,0.4968978067502338,11,solar_array_degradation,2.3403865198412674,0.4968978067502338,gradual,0.7405113782796986,1.1828831283721493,2012886388,solar_array_degradation
16620.0,277.0,4.616666666666666,1,306.11277506216726,369.8904379073655,63.77766284519822,60.42006557050043,61.01976111156135,28.41680262282002,28.36661515969818,2.2443644941947754,2.2195044952694314,24.292791361657862,24.43909721003408,25.79682946242848,25.798804860513957,1.4029737586241735,18.494521895368276,3497.2609476841367,3457.2894602239876,3461.457261149863,0.0017621724971965131,0.19405431242991283,0.1936848826900613,22.585014949548377,22.73169929489038,0.4968978067502338,0.0,0.0,0.0,True,solar_array_degradation,1.0,0.4968978067502338,solar_array_degradation,0.4968978067502338,0.4968978067502338,11,solar_array_degradation,2.3403865198412674,0.4968978067502338,gradual,0.7405113782796986,1.1828831283721493,2012886388,solar_array_degradation
16680.0,278.0,4.633333333333334,1,306.66017974331817,369.8904379073655,63.230258164047314,60.32597292442296,60.23424609756904,28.41303891697692,28.387234867814804,2.225395824389166,2.231563540218869,24.283688583241304,24.420403941540382,25.80744387051979,25.78234478355636,1.396190926016699,18.494521895368276,3497.2609476841367,3477.2752039540624,3476.877940069295,0.0012473185586292885,0.18118296396573222,0.1768779193622616,22.582900313827338,22.54678018896292,0.4968978067502338,0.0,0.0,0.0,True,solar_array_degradation,1.0,0.4968978067502338,solar_array_degradation,0.4968978067502338,0.4968978067502338,11,solar_array_degradation,2.3403865198412674,0.4968978067502338,gradual,0.7405113782796986,1.1828831283721493,2012886388,solar_array_degradation
16740.0,279.0,4.65,1,307.18420484244746,369.0211303259031,61.836925483455616,60.233953690072596,60.1841747438446,28.409358147602905,28.42860848625999,2.176639301816582,2.1977644211333076,24.274583187381914,24.354613609339253,25.81788643258822,25.519729169531033,1.3790206920170063,18.451056516295154,3475.5282581475767,3476.4017310508193,3462.3032960313094,0.0007054113485506565,0.1676352837137664,0.1650437363969853,22.580769938777138,22.435922212320268,0.4968978067502338,0.0,0.0,0.0,True,solar_array_degradation,1.0,0.4968978067502338,solar_array_degradation,0.4968978067502338,0.4968978067502338,11,solar_array_degradation,2.3403865198412674,0.4968978067502338,gradual,0.7405113782796986,1.1828831283721493,2012886388,solar_array_degradation
16800.0,280.0,4.666666666666667,1,307.68229736194695,367.3205080756888,59.63821071374184,60.14520635270095,60.340426008924936,28.405808254108038,28.407578157303334,2.0995076140851223,2.1173249210730662,24.265444470183382,24.272275919366734,25.828075391935084,25.706771734297476,1.3526345777281121,18.36602540378444,3433.0127018922203,3454.70721647152,3457.1781641564094,0.00016013481240036989,0.15400337031000924,0.15142047338926984,22.578603175192807,22.504964065858704,0.4968978067502338,0.0,0.0,0.0,True,solar_array_degradation,1.0,0.4968978067502338,solar_array_degradation,0.4968978067502338,0.4968978067502338,11,solar_array_degradation,2.3403865198412674,0.4968978067502338,gradual,0.7405113782796986,1.1828831283721493,2012886388,solar_array_degradation
16860.0,281.0,4.683333333333334,1,308.15203064512986,364.8628965095479,56.710865864418054,60.06081518325986,59.540246666416884,28.402432607330393,28.3353133675875,1.9966904472042133,1.9524685605048988,24.25624827609347,24.068558511563726,25.837937078450558,25.807955334447744,1.318941819356525,18.243144825477398,3371.5724127386984,3413.139814605109,3416.0301610918555,-0.00036467984866471426,0.15911699621661785,0.15876312293820347,22.57643112269492,22.39708018037273,0.4968978067502338,0.0,0.0,0.0,True,solar_array_degradation,1.0,0.4968978067502338,solar_array_degradation,0.4968978067502338,0.4968978067502338,11,solar_array_degradation,2.3403865198412674,0.4968978067502338,gradual,0.7405113782796986,1.1828831283721493,2012886388,solar_array_degradation
16920.0,282.0,4.7,1,308.5911161986577,361.7557050458495,53.164588847191794,59.98170121176106,60.21577210308163,28.399268048470443,28.419041047424244,1.8720408130397286,1.9324187282852523,24.246978662918426,24.211516269838096,25.84740915232754,25.800744352288753,1.2803629444549158,18.087785252292473,3293.8926261462375,3353.5162203756736,3353.0171801311703,-0.0008460957156159045,0.1711523928903976,0.16879492450818395,22.57425432232752,22.5842839746465,0.4968978067502338,0.0,0.0,0.0,True,solar_array_degradation,1.0,0.4968978067502338,solar_array_degradation,0.4968978067502338,0.4968978067502338,11,solar_array_degradation,2.3403865198412674,0.4968978067502338,gradual,0.7405113782796986,1.1828831283721493,2012886388,solar_array_degradation
16980.0,283.0,4.716666666666667,1,308.9974148418506,358.134732861516,49.13731801966537,59.90858020280323,60.38610506174536,28.39634320811213,28.413173572304252,1.730410062293798,1.7454030575237556,24.237628609336564,24.35849087931802,25.856443352395072,25.835861942581488,1.23954551869501,17.9067366430758,3203.3683215379006,3278.442270956787,3286.3127184905006,-0.0012630726049777854,0.18157681512444462,0.1789549150905789,22.572052637564546,22.568546591890854,0.4968978067502338,0.0,0.0,0.0,True,solar_array_degradation,1.0,0.4968978067502338,solar_array_degradation,0.4968978067502338,0.4968978067502338,11,solar_array_degradation,2.3403865198412674,0.4968978067502338,gradual,0.7405113782796986,1.1828831283721493,2012886388,solar_array_degradation
17040.0,284.0,4.733333333333333,1,309.36894712855997,354.15823381635533,44.78928668779537,59.84192947856543,59.77885329248174,28.393677179142617,28.349429648833862,1.5774387517759274,1.6421862961287583,24.228199721151373,24.25980894367842,25.865007628957546,25.871524661727683,1.1990650412483517,17.707911690817767,3103.9558454088833,3191.199058182836,3185.81108193772,-0.001597386625808086,0.18993466564520214,0.1964351525080998,22.56980787602788,22.78319511581081,0.4968978067502338,0.0,0.0,0.0,True,solar_array_degradation,1.0,0.4968978067502338,solar_array_degradation,0.4968978067502338,0.4968978067502338,11,solar_array_degradation,2.3403865198412674,0.4968978067502338,gradual,0.7405113782796986,1.1828831283721493,2012886388,solar_array_degradation
17100.0,285.0,4.75,1,309.703902990831,350.0000000000001,40.2960970091691,59.78196504849228,60.15500207751788,28.391278601939693,28.37485671731042,1.4193125140343652,1.443555780917734,24.218701042294462,24.20203836864119,25.873087567925886,25.80336433818105,1.161155840999564,17.500000000000007,3000.0000000000027,3095.5995290914193,3091.2963195730795,-0.0018344266511799848,0.1958606662794996,0.19490571515801375,22.567504546352456,22.736366588853315,0.4968978067502338,0.0,0.0,0.0,True,solar_array_degradation,1.0,0.4968978067502338,solar_array_degradation,0.4968978067502338,0.4968978067502338,11,solar_array_degradation,2.3403865198412674,0.4968978067502338,gradual,0.7405113782796986,1.1828831283721493,2012886388,solar_array_degradation
17160.0,286.0,4.766666666666667,1,310.0006505573727,345.8417661836448,35.841115626272085,59.7286300550008,59.595210363579795,28.389145202200034,28.42198788887688,1.2624936528027113,1.228957878031405,24.209147206766925,24.11090454586682,25.880687044000844,26.03545273242733,1.1275112178693707,17.29208830918224,2896.044154591119,2995.8218418412694,3003.513723523452,-0.0019638328945404556,0.1990958223635114,0.1968463299741625,22.56513050416797,22.462359257914773,0.4968978067502338,0.0,0.0,0.0,True,solar_array_degradation,1.0,0.4968978067502338,solar_array_degradation,0.4968978067502338,0.4968978067502338,11,solar_array_degradation,2.3403865198412674,0.4968978067502338,gradual,0.7405113782796986,1.1828831283721493,2012886388,solar_array_degradation
17220.0,287.0,4.783333333333333,1,310.25774410386947,341.86526713848406,31.607523034614587,59.681595050485,59.70955797466162,28.3872638020194,28.348301346143074,1.113440282763924,1.1380470529619962,24.1995562566632,24.157686829560113,25.887828074362684,26.02006955598523,1.0991799410625125,17.093263356924204,2796.6316784621017,2896.226760151685,2901.605245998354,-0.001979949682094438,0.19949874205236096,0.20424363634406772,22.562677463221174,22.641698482464403,0.4968978067502338,0.0,0.0,0.0,True,solar_array_degradation,1.0,0.4968978067502338,solar_array_degradation,0.4968978067502338,0.4968978067502338,11,solar_array_degradation,2.3403865198412674,0.4968978067502338,gradual,0.7405113782796986,1.1828831283721493,2012886388,solar_array_degradation
17280.0,288.0,4.8,1,310.473931096406,338.2442949541506,27.7703638577446,59.640270104268126,59.122771664320624,28.385610804170724,28.364635997690318,0.9783253934301204,1.0600655908481806,24.189947484610002,24.20014638593295,25.8945498792632,25.951990563705255,1.076569646034416,16.91221474770753,2706.1073738537643,2801.1670670027247,2799.6151482491223,-0.0018820726328891012,0.19705181582222753,0.1853729838035144,22.56014135159038,22.611189671667326,0.4968978067502338,0.0,0.0,0.0,True,solar_array_degradation,1.0,0.4968978067502338,solar_array_degradation,0.4968978067502338,0.4968978067502338,11,solar_array_degradation,2.3403865198412674,0.4968978067502338,gradual,0.7405113782796986,1.1828831283721493,2012886388,solar_array_degradation
17340.0,289.0,4.816666666666666,1,310.6481582936856,335.13710349045215,24.488945196766565,59.60382822153484,59.845284690301426,28.384153128861392,28.384802914992644,0.8627682173778112,0.8882340195288586,24.180339631434855,24.086632693741524,25.90090719057814,25.974098424789254,1.0595495197533829,16.75685517452261,2628.4275872613034,2714.797327132014,2697.0438466254805,-0.0016744794436408194,0.19186198609102048,0.19300914896081675,22.557522497351798,22.621585938941102,0.4968978067502338,0.0,0.0,0.0,True,solar_array_degradation,1.0,0.4968978067502338,solar_array_degradation,0.4968978067502338,0.4968978067502338,11,solar_array_degradation,2.3403865198412674,0.4968978067502338,gradual,0.7405113782796986,1.1828831283721493,2012886388,solar_array_degradation
17400.0,290.0,4.833333333333333,1,310.7795768783164,332.6794919243112,21.899915045994817,59.57123906224021,59.77236551933853,28.382849562489607,28.391308943870502,0.7715897234975818,0.7772898254202867,24.17074968716662,24.254959292463113,25.906967882245944,25.788457952198762,1.047628056112566,16.633974596215563,2566.9872981077806,2640.8923126198974,2643.1211262404786,-0.0013662429328623966,0.18415607332155992,0.19125978592411894,22.55482563316095,22.452567093721765,0.4968978067502338,0.0,0.0,0.0,True,solar_array_degradation,1.0,0.4968978067502338,solar_array_degradation,0.4968978067502338,0.4968978067502338,11,solar_array_degradation,2.3403865198412674,0.4968978067502338,gradual,0.7405113782796986,1.1828831283721493,2012886388,solar_array_degradation
17460.0,291.0,4.85,1,310.86754659216416,330.978869674097,20.111323081932824,59.54131149813019,59.69164761300825,28.381652459925206,28.346770991810526,0.7086029649024116,0.7637420259695873,24.16119242055345,24.249154957196286,25.912810026155388,25.872940264143544,1.0401694529494792,16.54894348370485,2524.471741852424,2582.682027236161,2591.8762695855507,-0.0009708345151577046,0.1742708628789426,0.16250401706319909,22.552059715195682,22.67964572253098,0.4968978067502338,0.0,0.0,0.0,True,solar_array_degradation,1.0,0.4968978067502338,solar_array_degradation,0.4968978067502338,0.4968978067502338,11,solar_array_degradation,2.3403865198412674,0.4968978067502338,gradual,0.7405113782796986,1.1828831283721493,2012886388,solar_array_degradation
17520.0,292.0,4.866666666666666,1,310.9116388556258,330.1095620926345,19.197923237008695,59.51274315997988,59.01491156556908,28.380509726399197,28.406068936410968,0.6764474430545913,0.6235571008456775,24.151680621001656,24.17030081095047,25.918518502155408,25.78375523349036,1.0366064914572075,16.505478104631727,2502.739052315864,2542.710539776012,2541.873142942655,-0.0005055354357605887,0.16263838589401472,0.1650216300379597,22.549237558841924,22.680802511834475,0.4968978067502338,0.0,0.0,0.0,True,solar_array_degradation,1.0,0.4968978067502338,solar_array_degradation,0.4968978067502338,0.4968978067502338,11,solar_array_degradation,2.3403865198412674,0.4968978067502338,gradual,0.7405113782796986,1.1828831283721493,2012886388,solar_array_degradation
17580.0,293.0,4.883333333333334,1,310.9116388556258,330.1095620926345,19.197923237008695,59.48417482182957,59.93686685515363,28.379366992873184,28.410537775675415,0.6764746811241352,0.7229439975437867,24.1422259020741,24.288175340790332,25.92418131034743,25.90435346177882,1.03660943953616,16.505478104631727,2502.739052315864,2522.724796045938,2521.247082631121,9.318502806635758e-06,0.15023296257016588,0.14564983973835027,22.54637655928842,22.491878565716597,0.4968978067502338,0.0,0.0,0.0,True,solar_array_degradation,1.0,0.4968978067502338,solar_array_degradation,0.4968978067502338,0.4968978067502338,11,solar_array_degradation,2.3403865198412674,0.4968978067502338,gradual,0.7405113782796986,1.1828831283721493,2012886388,solar_array_degradation
17640.0,294.0,4.9,1,310.86754659216416,330.9788696740969,20.111323081932767,59.45424725771955,59.06133890029643,28.378169890308783,28.36517856034082,0.7086899246734313,0.6588079536249436,24.132839811037478,24.252288819122416,25.92988574683206,25.901715467857766,1.0401793127466907,16.548943483704846,2524.471741852423,2523.5982689491807,2521.886900455725,0.0005512257128852536,0.16378064282213134,0.16094181971474394,22.543567373585326,22.538274392869617,0.4968978067502338,0.0,0.0,0.0,True,solar_array_degradation,1.0,0.4968978067502338,solar_array_degradation,0.4968978067502338,0.4968978067502338,11,solar_array_degradation,2.3403865198412674,0.4968978067502338,gradual,0.7405113782796986,1.1828831283721493,2012886388,solar_array_degradation
17700.0,295.0,4.916666666666667,1,310.7795768783164,332.6794919243112,21.899915045994817,59.42165809842491,59.576889844185196,28.376866323936998,28.381973247712903,0.7717524125460387,0.7645190412728863,24.12353493264759,24.134552190327014,25.935714610049835,25.93926432849165,1.0476481429016504,16.633974596215563,2566.9872981077806,2545.292783528481,2539.986710908733,0.0010965022490355544,0.17741255622588886,0.18383526699007693,22.540830485136656,22.423292488358545,0.4968978067502338,0.0,0.0,0.0,True,solar_array_degradation,1.0,0.4968978067502338,solar_array_degradation,0.4968978067502338,0.4968978067502338,11,solar_array_degradation,2.3403865198412674,0.4968978067502338,gradual,0.7405113782796986,1.1828831283721493,2012886388,solar_array_degradation
17760.0,296.0,4.933333333333334,1,310.6481582936856,335.1371034904521,24.488945196766508,59.38521621569164,59.45828588470138,28.375408648627666,28.376652724880746,0.8630340975882608,0.8842452308302753,24.114325677146,24.150331480611985,25.94174260351848,25.816822831868354,1.0595862282879986,16.756855174522606,2628.427587261303,2586.860185394892,2577.369632475984,0.001621316910100646,0.19053292275251615,0.18037969352924121,22.53818405831196,22.53399464670069,0.4968978067502338,0.0,0.0,0.0,True,solar_array_degradation,1.0,0.4968978067502338,solar_array_degradation,0.4968978067502338,0.4968978067502338,11,solar_array_degradation,2.3403865198412674,0.4968978067502338,gradual,0.7405113782796986,1.1828831283721493,2012886388,solar_array_degradation
17820.0,297.0,4.95,1,310.473931096406,338.2442949541506,27.7703638577446,59.34389126947476,59.0109073548433,28.37375565077899,28.454357610855624,0.9787341584081829,1.0556209308822684,24.105228501897212,24.140164020777842,25.94803309218575,25.84016269717441,1.0766336442267979,16.91221474770753,2706.107373853764,2646.4837796243282,2646.306627411182,0.002102732777051822,0.20256831942629555,0.20947773913296208,22.53564311879172,22.539513265474806,0.4968978067502338,0.0,0.0,0.0,True,solar_array_degradation,1.0,0.4968978067502338,solar_array_degradation,0.4968978067502338,0.4968978067502338,11,solar_array_degradation,2.3403865198412674,0.4968978067502338,gradual,0.7405113782796986,1.1828831283721493,2012886388,solar_array_degradation
17880.0,298.0,4.966666666666667,1,310.25774410386947,341.8652671384839,31.607523034614417,59.29685626495896,59.09060565214008,28.37187425059836,28.34587320604397,1.1140442381577176,1.1012901034392744,24.096261422769714,24.119551385851214,25.95463535416211,25.865359044503343,1.0992875651657927,17.093263356924194,2796.6316784620976,2721.557729043213,2732.1233940195593,0.00251970966641366,0.2129927416603415,0.21385866870828033,22.533218861938416,22.494882635721602,0.4968978067502338,0.0,0.0,0.0,True,solar_array_degradation,1.0,0.4968978067502338,solar_array_degradation,0.4968978067502338,0.4968978067502338,11,solar_array_degradation,2.3403865198412674,0.4968978067502338,gradual,0.7405113782796986,1.1828831283721493,2012886388,solar_array_degradation
17940.0,299.0,4.983333333333333,1,310.0006505573727,345.8417661836447,35.84111562627203,59.24352127146748,59.26765479878898,28.369740850858697,28.38046217681393,1.2633571739231162,1.2433040918138074,24.087442806592804,23.962176339371652,25.96158244794718,26.119558588639915,1.1276857079122402,17.292088309182237,2896.0441545911185,2808.800941817166,2815.977251447281,0.0028540236872440176,0.22135059218110043,0.21888410932708227,22.53091812447305,22.64783255107953,0.4968978067502338,0.0,0.0,0.0,True,solar_array_degradation,1.0,0.4968978067502338,solar_array_degradation,0.4968978067502338,0.4968978067502338,11,solar_array_degradation,2.3403865198412674,0.4968978067502338,gradual,0.7405113782796986,1.1828831283721493,2012886388,solar_array_degradation
18000.0,300.0,5.0,1,309.703902990831,349.99999999999994,40.29609700916893,59.183556841394314,59.01256714797089,28.367342273655773,28.37092071827,1.4205101281762011,1.409084606665763,24.078789576159714,23.955377385381766,25.9688897883636,25.96769554322128,1.1614279219400934,17.499999999999996,2999.9999999999986,2904.4004709085825,2905.181442782156,0.0030910637126159092,0.22727659281539772,0.23540403632458246,22.528743048315786,22.396371789267054,0.4968978067502338,0.0,0.0,0.0,True,solar_array_degradation,1.0,0.4968978067502338,solar_array_degradation,0.4968978067502338,0.4968978067502338,11,solar_array_degradation,2.3403865198412674,0.4968978067502338,gradual,0.7405113782796986,1.1828831283721493,2012886388,solar_array_degradation
18060.0,301.0,5.016666666666667,1,309.36894712855997,354.15823381635516,44.7892866877952,59.11690611715653,59.02814529846377,28.36467624468626,28.34965764785986,1.579051574621299,1.6691366660157323,24.070315079736172,24.077360139842664,25.97655449343833,25.910806880754425,1.1994723100251203,17.70791169081776,3103.955845408879,3004.1781581587306,2999.9605461862684,0.0032204699559763303,0.23051174889940823,0.22216886623604135,22.52669095676917,22.56515829746115,0.4968978067502338,0.0,0.0,0.0,True,solar_array_degradation,1.0,0.4968978067502338,solar_array_degradation,0.4968978067502338,0.4968978067502338,11,solar_array_degradation,2.3403865198412674,0.4968978067502338,gradual,0.7405113782796986,1.1828831283721493,2012886388,solar_array_degradation
18120.0,302.0,5.033333333333333,1,308.9974148418506,358.1347328615159,49.13731801966526,59.0437851081987,58.839184908218954,28.361751404327947,28.30558484954149,1.7325205809457522,1.7186078734225818,24.062026956607994,24.09097831405583,25.984555530776973,25.874307618781987,1.2401302050720486,17.906736643075796,3203.368321537897,3103.773239848314,3102.5416694021337,0.003236586743530341,0.23091466858825851,0.2265183834615502,22.52475445271195,22.322387206236996,0.4968978067502338,0.0,0.0,0.0,True,solar_array_degradation,1.0,0.4968978067502338,solar_array_degradation,0.4968978067502338,0.4968978067502338,11,solar_array_degradation,2.3403865198412674,0.4968978067502338,gradual,0.7405113782796986,1.1828831283721493,2012886388,solar_array_degradation
18180.0,303.0,5.05,1,308.5911161986577,361.75570504584937,53.16458884719168,58.9646711366999,59.08506904866869,28.358586845467997,28.37634937279485,1.87472630906811,1.897075177958206,24.053925354530723,23.993800352790892,25.99285465703534,25.983795074153484,1.281167898712971,18.08778525229247,3293.8926261462343,3198.8329329972744,3211.5279428091308,0.0031387096943250115,0.22846774235812528,0.22910496425869467,22.52292173680212,22.426206344352128,0.4968978067502338,0.0,0.0,0.0,True,solar_array_degradation,1.0,0.4968978067502338,solar_array_degradation,0.4968978067502338,0.4968978067502338,11,solar_array_degradation,2.3403865198412674,0.4968978067502338,gradual,0.7405113782796986,1.1828831283721493,2012886388,solar_array_degradation
18240.0,304.0,5.066666666666666,1,308.15203064512986,364.8628965095479,56.710865864418054,58.88027996725881,59.1372880456576,28.355211198690352,28.33732550466178,2.0000156397014375,2.026358213512905,24.04600181908595,23.849528798608524,26.001398109430014,25.891354061349286,1.320005004724028,18.243144825477398,3371.572412738698,3285.202672867986,3293.268485299554,0.002931116505076772,0.22327791262691932,0.2300463881758713,22.521177131710086,22.53451819413975,0.4968978067502338,0.0,0.0,0.0,True,solar_array_degradation,1.0,0.4968978067502338,solar_array_degradation,0.4968978067502338,0.4968978067502338,11,solar_array_degradation,2.3403865198412674,0.4968978067502338,gradual,0.7405113782796986,1.1828831283721493,2012886388,solar_array_degradation
18300.0,305.0,5.083333333333333,1,307.68229736194695,367.32050807568874,59.638210713741785,58.791532629887165,58.74550069977404,28.351661305195485,28.40060841691446,2.1035173237912868,2.122288642880686,24.0382390842065,24.034956168239017,26.010118975362143,25.863469610638003,1.3539828105192044,18.366025403784437,3433.0127018922185,3359.1076873801026,3362.9164839318632,0.0026228799942983067,0.21557199985745767,0.22704266205540818,22.5195017870483,22.53862787062828,0.4968978067502338,0.0,0.0,0.0,True,solar_array_degradation,1.0,0.4968978067502338,solar_array_degradation,0.4968978067502338,0.4968978067502338,11,solar_array_degradation,2.3403865198412674,0.4968978067502338,gradual,0.7405113782796986,1.1828831283721493,2012886388,solar_array_degradation
18360.0,306.0,5.1,1,307.18420484244746,369.021130325903,61.83692548345556,58.69951339553678,58.455197793129756,28.34798053582147,28.3097872117468,2.181352050997648,2.2306388632303276,24.030611862173362,24.102797275334908,26.018940136591837,26.264726324963444,1.3806637416313317,18.45105651629515,3475.5282581475753,3417.317972763839,3418.433379621343,0.002227471576593615,0.20568678941484037,0.20492972611456892,22.517874529835343,22.54265753813997,0.4968978067502338,0.0,0.0,0.0,True,solar_array_degradation,1.0,0.4968978067502338,solar_array_degradation,0.4968978067502338,0.4968978067502338,11,solar_array_degradation,2.3403865198412674,0.4968978067502338,gradual,0.7405113782796986,1.1828831283721493,2012886388,solar_array_degradation
18420.0,307.0,5.116666666666666,1,306.66017974331817,369.8904379073655,63.230258164047314,58.605420749459334,58.541186804503994,28.34421682997837,28.36720739693298,2.2307992682716,2.1997657649853632,24.023088581767073,23.88438555221922,26.02777765928984,26.12608225279975,1.3981172300256883,18.494521895368276,3497.260947684137,3457.2894602239876,3463.5109127819155,0.0017621724971965272,0.19405431242991317,0.19387095820851422,22.51627281779323,22.351229940650843,0.4968978067502338,0.0,0.0,0.0,True,solar_array_degradation,1.0,0.4968978067502338,solar_array_degradation,0.4968978067502338,0.4968978067502338,11,solar_array_degradation,2.3403865198412674,0.4968978067502338,gradual,0.7405113782796986,1.1828831283721493,2012886388,solar_array_degradation
18480.0,308.0,5.133333333333334,1,306.11277506216726,369.8904379073655,63.77766284519822,58.51051351308255,58.75242494606996,28.3404205405233,28.350668348494416,2.250413424670394,2.2319560715049462,24.015633879764987,23.863427585299412,26.036544481806256,25.818159474312324,1.4051488465549384,18.494521895368276,3497.260947684137,3477.2752039540624,3491.055378170831,0.001247318558629296,0.18118296396573239,0.17894496326700557,22.514673748060353,22.501986954680994,0.4968978067502338,0.0,0.0,0.0,True,solar_array_degradation,1.0,0.4968978067502338,solar_array_degradation,0.4968978067502338,0.4968978067502338,11,solar_array_degradation,2.3403865198412674,0.4968978067502338,gradual,0.7405113782796986,1.1828831283721493,2012886388,solar_array_degradation
18540.0,309.0,5.15,1,305.54465769957636,369.02113032590313,63.47647262632677,58.41605447643623,58.325436502810234,28.33664217905745,28.297425577782978,2.240084489376792,2.2491638839647363,24.008211537424945,24.001550925344752,26.045154238984395,26.043633094388632,1.4014382815637187,18.451056516295157,3475.5282581475776,3476.40173105082,3473.762861601886,0.0007054113485506708,0.16763528371376676,0.167928890945753,22.513055072253405,22.468447955968024,0.4968978067502338,0.0,0.0,0.0,True,solar_array_degradation,1.0,0.4968978067502338,solar_array_degradation,0.4968978067502338,0.4968978067502338,11,solar_array_degradation,2.3403865198412674,0.4968978067502338,gradual,0.7405113782796986,1.1828831283721493,2012886388,solar_array_degradation
18600.0,310.0,5.166666666666667,1,304.95859546622904,367.32050807568885,62.36191260945981,58.32325401124358,58.17821655493162,28.33293016044974,28.300221709311373,2.2010400003213046,2.1413104713425426,24.000787488755865,24.014043144109067,26.05352505588009,25.983099328274463,1.3875661666411527,18.366025403784445,3433.0127018922203,3454.7072164715205,3456.5437778291766,0.00016013481240036295,0.15400337031000907,0.15078306272080202,22.511396170168002,22.497830779671848,0.4968978067502338,0.0,0.0,0.0,True,solar_array_degradation,1.0,0.4968978067502338,solar_array_degradation,0.4968978067502338,0.4968978067502338,11,solar_array_degradation,2.3403865198412674,0.4968978067502338,gradual,0.7405113782796986,1.1828831283721493,2012886388,solar_array_degradation
18660.0,311.0,5.183333333333334,1,304.35744359841544,364.8628965095479,60.505452911132465,58.23321613488772,58.30278525047531,28.32932864539551,28.3283024743536,2.135788449789709,2.103439854254431,23.993332521770597,23.794816651434004,26.061583145084004,26.15098809323142,1.3649273841804102,18.243144825477398,3371.5724127386984,3413.139814605109,3415.834832292661,-0.0003646798486647213,0.15911699621661804,0.1600855616771514,22.5097281702078,22.56027929100689,0.4968978067502338,0.0,0.0,0.0,True,solar_array_degradation,1.0,0.4968978067502338,solar_array_degradation,0.4968978067502338,0.4968978067502338,11,solar_array_degradation,2.3403865198412674,0.4968978067502338,gradual,0.7405113782796986,1.1828831283721493,2012886388,solar_array_degradation
18720.0,312.0,5.2,1,303.74413084760795,361.7557050458495,58.01157419824153,58.14688938756891,58.37098294323171,28.325875575502756,28.272299717347412,2.0480063906095824,2.083736926592653,23.985824348020234,23.908709246913762,26.069266050427917,26.076041208696243,1.3355464140782152,18.087785252292473,3293.8926261462375,3353.5162203756736,3345.371800334335,-0.0008460957156159045,0.1711523928903976,0.16377486335145577,22.508051641984054,22.62522457700716,0.4968978067502338,0.0,0.0,0.0,True,solar_array_degradation,1.0,0.4968978067502338,solar_array_degradation,0.4968978067502338,0.4968978067502338,11,solar_array_degradation,2.3403865198412674,0.4968978067502338,gradual,0.7405113782796986,1.1828831283721493,2012886388,solar_array_degradation
18780.0,313.0,5.216666666666667,1,303.12164521187856,358.13473286151606,55.0130876496375,58.06502467380458,58.22169251154828,28.32260098695218,28.284289323719833,1.942374137000385,1.935414567974422,23.978248819875603,23.668868438477148,26.076525395310647,26.189925115957195,1.3018253830470392,17.906736643075803,3203.3683215379006,3278.442270956787,3279.1598111384506,-0.0012630726049777854,0.18157681512444462,0.18114153076251122,22.506346477323657,22.30392226599576,0.4968978067502338,0.0,0.0,0.0,True,solar_array_degradation,1.0,0.4968978067502338,solar_array_degradation,0.4968978067502338,0.4968978067502338,11,solar_array_degradation,2.3403865198412674,0.4968978067502338,gradual,0.7405113782796986,1.1828831283721493,2012886388,solar_array_degradation
18840.0,314.0,5.233333333333333,1,302.4930193786724,354.15823381635516,51.66521443768278,57.98814191422469,57.739009275892116,28.319525676568986,28.338251978108868,1.8243672237925068,1.7428738699098663,23.97060021116095,23.82930067906156,26.083329015529795,26.090320429919682,1.2662652613798704,17.70791169081776,3103.9558454088797,3191.199058182833,3186.733518587249,-0.0015973866258081285,0.1899346656452032,0.18180518136087218,22.504594511988795,22.473119868062152,0.4968978067502338,0.0,0.0,0.0,True,solar_array_degradation,1.0,0.4968978067502338,solar_array_degradation,0.4968978067502338,0.4968978067502338,11,solar_array_degradation,2.3403865198412674,0.4968978067502338,gradual,0.7405113782796986,1.1828831283721493,2012886388,solar_array_degradation
18900.0,315.0,5.25,1,301.86131594985966,350.0,48.13868405014034,57.916506967721496,57.91106369323097,28.31666027870886,28.368024949253257,1.7000127690317899,1.719601641187476,23.96288062147128,24.094468607410672,26.089662383405557,26.016776893559488,1.2312034731896908,17.5,2999.9999999999995,3095.5995290914166,3093.1417171684084,-0.0018344266511799994,0.19586066627949997,0.18732062227696156,22.502780282543664,22.335589420504313,0.4968978067502338,0.0,0.0,0.0,True,solar_array_degradation,1.0,0.4968978067502338,solar_array_degradation,0.4968978067502338,0.4968978067502338,11,solar_array_degradation,2.3403865198412674,0.4968978067502338,gradual,0.7405113782796986,1.1828831283721493,2012886388,solar_array_degradation
18960.0,316.0,5.266666666666667,1,301.229612521047,345.8417661836448,44.61215366259779,57.85011983429502,57.56816548016867,28.3140047933718,28.24407393045239,1.575621463235795,1.5780951129174263,23.955098693207898,23.948755545995354,26.095529260956678,26.084649220416935,1.1986066396327446,17.29208830918224,2896.0441545911194,2995.821841841268,2996.888638377965,-0.0019638328945404135,0.19909582236351034,0.20137040200139372,22.500891672337747,22.404212012747593,0.4968978067502338,0.0,0.0,0.0,True,solar_array_degradation,1.0,0.4968978067502338,solar_array_degradation,0.4968978067502338,0.4968978067502338,11,solar_array_degradation,2.3403865198412674,0.4968978067502338,gradual,0.7405113782796986,1.1828831283721493,2012886388,solar_array_degradation
19020.0,317.0,5.283333333333333,1,300.6009866878409,341.86526713848417,41.2642804506433,57.788714655052985,57.7715399593537,28.311548586202118,28.28128643987231,1.4575070072554706,1.4506734542243547,23.947267921495637,23.976422278276296,26.100951553582874,26.129128762623445,1.1699461340959039,17.093263356924208,2796.631678462105,2896.226760151687,2900.81640908758,-0.001979949682094374,0.19949874205235935,0.2000618838332203,22.498920422629677,22.551305160686468,0.4968978067502338,0.0,0.0,0.0,True,solar_array_degradation,1.0,0.4968978067502338,solar_array_degradation,0.4968978067502338,0.4968978067502338,11,solar_array_degradation,2.3403865198412674,0.4968978067502338,gradual,0.7405113782796986,1.1828831283721493,2012886388,solar_array_degradation
19080.0,318.0,5.3,1,299.9785010521114,338.24429495415046,38.265793902039036,57.73177150936544,57.651731569371364,28.309270860374617,28.326698905123692,1.3517053862238777,1.3273152087013282,23.939404875953635,23.796677075790083,26.105968370649627,26.191343115472723,1.1461685960917314,16.912214747707523,2706.1073738537616,2801.1670670027247,2797.044021730221,-0.0018820726328891576,0.19705181582222894,0.1985925310702528,22.49686248880332,22.349979252282118,0.4968978067502338,0.0,0.0,0.0,True,solar_array_degradation,1.0,0.4968978067502338,solar_array_degradation,0.4968978067502338,0.4968978067502338,11,solar_array_degradation,2.3403865198412674,0.4968978067502338,gradual,0.7405113782796986,1.1828831283721493,2012886388,solar_array_degradation
19140.0,319.0,5.316666666666666,1,299.3651883013039,335.13710349045203,35.77191518914816,57.67853949271492,57.76700103037651,28.307141579708595,28.33198025799898,1.2637063720623256,1.2536077709622788,23.931527634376522,23.8309188192322,26.110634334033474,25.992873804090422,1.127756303583274,16.756855174522602,2628.427587261301,2714.7973271320125,2715.140308175301,-0.001674479443640848,0.1918619860910212,0.18719394380055088,22.49471822603564,22.475105621097548,0.4968978067502338,0.0,0.0,0.0,True,solar_array_degradation,1.0,0.4968978067502338,solar_array_degradation,0.4968978067502338,0.4968978067502338,11,solar_array_degradation,2.3403865198412674,0.4968978067502338,gradual,0.7405113782796986,1.1828831283721493,2012886388,solar_array_degradation
19200.0,320.0,5.333333333333333,1,298.7640364334903,332.6794919243113,33.915455490821046,57.628070064901195,57.609693498517046,28.30512280259605,28.303499104618556,1.1982090919496182,1.227884579058059,23.92365465657774,23.85898758647507,26.11501720855364,26.081070425457018,1.1148564022424583,16.633974596215566,2566.9872981077824,2640.8923126198974,2638.8619893537834,-0.0013662429328623609,0.184156073321559,0.17941140994104418,22.49249239387966,22.454858238298584,0.4968978067502338,0.0,0.0,0.0,True,solar_array_degradation,1.0,0.4968978067502338,solar_array_degradation,0.4968978067502338,0.4968978067502338,11,solar_array_degradation,2.3403865198412674,0.4968978067502338,gradual,0.7405113782796986,1.1828831283721493,2012886388,solar_array_degradation
19260.0,321.0,5.35,1,298.177974200143,330.978869674097,32.80089547395397,57.579259208541146,57.31899204919119,28.303170368341647,28.22576702495573,1.1589124132412822,1.1793955642845684,23.915804216100025,23.747993865814795,26.11919495785262,25.84075980848843,1.1074462385251787,16.54894348370485,2524.471741852424,2582.682027236161,2573.325735261192,-0.0009708345151577046,0.1742708628789426,0.16104742331741148,22.490193975209003,22.362933538155037,0.4968978067502338,0.0,0.0,0.0,True,solar_array_degradation,1.0,0.4968978067502338,solar_array_degradation,0.4968978067502338,0.4968978067502338,11,solar_array_degradation,2.3403865198412674,0.4968978067502338,gradual,0.7405113782796986,1.1828831283721493,2012886388,solar_array_degradation
19320.0,322.0,5.366666666666666,1,297.6098568375521,330.1095620926345,32.499705255082404,57.53089655191156,57.041108559624476,28.301235862076464,28.33024120496007,1.1483493305192325,1.1731017172817881,23.907994379119398,23.927323639710696,26.123252354399064,26.12678581985135,1.1054964947923176,16.505478104631727,2502.739052315864,2542.710539776012,2538.6435642022166,-0.0005055354357605887,0.16263838589401472,0.17473536118519328,22.487835811905146,22.451139918661024,0.4968978067502338,0.0,0.0,0.0,True,solar_array_degradation,1.0,0.4968978067502338,solar_array_degradation,0.4968978067502338,0.4968978067502338,11,solar_array_degradation,2.3403865198412674,0.4968978067502338,gradual,0.7405113782796986,1.1828831283721493,2012886388,solar_array_degradation
19380.0,323.0,5.383333333333334,1,297.06245215640115,330.1095620926345,33.04710993623337,57.48171930498264,57.65351491848995,28.299268772199305,28.286859037982296,1.167772573993087,1.1277303597655484,23.900243397587232,23.909657363808286,26.127277291773133,26.195962888250495,1.109095422765635,16.505478104631727,2502.7390523158633,2522.724796045938,2517.359581553266,9.318502806628603e-06,0.15023296257016572,0.14768682931433463,22.485435325453665,22.306605814032007,0.4968978067502338,0.0,0.0,0.0,True,solar_array_degradation,1.0,0.4968978067502338,solar_array_degradation,0.4968978067502338,0.4968978067502338,11,solar_array_degradation,2.3403865198412674,0.4968978067502338,gradual,0.7405113782796986,1.1828831283721493,2012886388,solar_array_degradation
19440.0,324.0,5.4,1,296.5384270572719,330.9788696740969,34.44044261682501,57.43046864632665,57.01739430594718,28.297218745853066,28.304871708266116,1.2170963841410114,1.2649162349956533,23.89257029016392,23.885837744284014,26.131356960406357,26.13499355871126,1.11850588866313,16.548943483704846,2524.471741852423,2523.5982689491807,2513.6584124854853,0.0005512257128852536,0.16378064282213134,0.1628148607542269,22.48308319900433,22.454536805234753,0.4968978067502338,0.0,0.0,0.0,True,solar_array_degradation,1.0,0.4968978067502338,solar_array_degradation,0.4968978067502338,0.4968978067502338,11,solar_array_degradation,2.3403865198412674,0.4968978067502338,gradual,0.7405113782796986,1.1828831283721493,2012886388,solar_array_degradation
19500.0,325.0,5.416666666666667,1,296.04033453777237,332.6794919243112,36.63915738653884,57.37594609069192,57.5385673832571,28.295037843627675,28.28477545781111,1.294896921114751,1.323283893038397,23.88499533723262,23.849027558429412,26.135574053915537,26.240691403129098,1.134140642904997,16.633974596215563,2566.98729810778,2545.2927835284804,2551.9207389198327,0.0010965022490355475,0.1774125562258887,0.18122761563105877,22.480799941865016,22.669177978121997,0.4968978067502338,0.0,0.0,0.0,True,solar_array_degradation,1.0,0.4968978067502338,solar_array_degradation,0.4968978067502338,0.4968978067502338,11,solar_array_degradation,2.3403865198412674,0.4968978067502338,gradual,0.7405113782796986,1.1828831283721493,2012886388,solar_array_degradation
19560.0,326.0,5.433333333333334,0,0.0,335.1371034904521,335.1371034904521,56.877230162878746,56.947998210059126,28.27508920651515,28.27192654988228,11.85273372765274,11.86699964504494,23.896481977694194,24.04064435331122,26.12400317183326,26.232064612344722,12.238983745490946,16.756855174522606,2628.427587261303,2586.860185394892,2586.9792973675444,0.001621316910100653,0.19053292275251632,0.18702335692505145,22.478603744114857,22.511541094458455,0.4968978067502338,0.0,0.0,0.0,True,solar_array_degradation,1.0,0.4968978067502338,solar_array_degradation,0.4968978067502338,0.4968978067502338,11,solar_array_degradation,2.3403865198412674,0.4968978067502338,gradual,0.7405113782796986,1.1828831283721493,2012886388,solar_array_degradation
19620.0,327.0,5.45,0,0.0,338.2442949541506,338.2442949541506,56.3738904382446,56.82593977438424,28.254955617529784,28.268577444368628,11.97114939880843,11.953979935201774,23.90865199727565,23.761116765252535,26.11283557595401,26.06102073791339,12.464673434287315,16.91221474770753,2706.107373853764,2646.4837796243282,2640.4686835882703,0.002102732777051822,0.20256831942629555,0.21240789661474502,22.476509656951098,22.487566835040603,0.4968978067502338,0.0,0.0,0.0,True,solar_array_degradation,1.0,0.4968978067502338,solar_array_degradation,0.4968978067502338,0.4968978067502338,11,solar_array_degradation,2.3403865198412674,0.4968978067502338,gradual,0.7405113782796986,1.1828831283721493,2012886388,solar_array_degradation
19680.0,328.0,5.466666666666667,0,0.0,341.8652671384838,341.8652671384838,55.86516236214566,55.565747406331546,28.234606494485828,28.292671617544382,12.108023081718866,12.103018955269745,23.92162787807798,23.941332669338188,26.102119418060227,26.286988233162102,12.728337835794946,17.09326335692419,2796.6316784620944,2721.5577290432116,2718.552392468183,0.0025197096664136176,0.21299274166034043,0.20764998197638132,22.474528901061596,22.455280464893494,0.4968978067502338,0.0,0.0,0.0,True,solar_array_degradation,1.0,0.4968978067502338,solar_array_degradation,0.4968978067502338,0.4968978067502338,11,solar_array_degradation,2.3403865198412674,0.4968978067502338,gradual,0.7405113782796986,1.1828831283721493,2012886388,solar_array_degradation
19740.0,329.0,5.483333333333333,0,0.0,345.8417661836449,345.8417661836449,55.35051687675333,55.418502366122304,28.214020675070135,28.209963218172607,12.257797999319896,12.183236435237033,23.93549907395408,23.833709380617492,26.09188663933411,26.171923002572314,13.020288943370467,17.292088309182244,2896.0441545911217,2808.8009418171673,2798.1037963119807,0.0028540236872440883,0.2213505921811022,0.22710714047770436,22.472668338302807,22.33223996075187,0.4968978067502338,0.0,0.0,0.0,True,solar_array_degradation,1.0,0.4968978067502338,solar_array_degradation,0.4968978067502338,0.4968978067502338,11,solar_array_degradation,2.3403865198412674,0.4968978067502338,gradual,0.7405113782796986,1.1828831283721493,2012886388,solar_array_degradation
19800.0,330.0,5.5,0,0.0,350.0000000000001,350.0000000000001,54.82968354342,54.882409900902665,28.1931873417368,28.188857542073595,12.41434662060593,12.458495275519764,23.950317013381436,23.963128299085533,26.082151546219436,25.92805698652876,13.32928016132399,17.500000000000007,3000.0000000000023,2904.4004709085843,2899.517829007316,0.003091063712615938,0.22727659281539844,0.2306675596818062,22.470930135541817,22.484347246504665,0.4968978067502338,0.0,0.0,0.0,True,solar_array_degradation,1.0,0.4968978067502338,solar_array_degradation,0.4968978067502338,0.4968978067502338,11,solar_array_degradation,2.3403865198412674,0.4968978067502338,gradual,0.7405113782796986,1.1828831283721493,2012886388,solar_array_degradation
19860.0,331.0,5.516666666666667,0,0.0,354.158233816355,354.158233816355,54.30266236214566,54.34228203774297,28.172106494485828,28.094165326162944,12.571237223090682,12.615117368451271,23.966091379386274,23.983985059623198,26.072910157231316,26.069968442218723,13.642880425537658,17.70791169081775,3103.9558454088756,3004.1781581587297,2989.971487696369,0.0032204699559762523,0.2305117488994063,0.23362263350817544,22.469311640841003,22.445369228417125,0.4968978067502338,0.0,0.0,0.0,True,solar_array_degradation,1.0,0.4968978067502338,solar_array_degradation,0.4968978067502338,0.4968978067502338,11,solar_array_degradation,2.3403865198412674,0.4968978067502338,gradual,0.7405113782796986,1.1828831283721493,2012886388,solar_array_degradation
19920.0,332.0,5.533333333333333,0,0.0,358.1347328615159,358.1347328615159,53.76972377157793,53.70564483266758,28.150788950863117,28.152205112272185,12.72201406101392,12.692864427982078,23.982788068914925,24.019243825163624,26.064140349259617,26.010992093813098,13.947971341490872,17.906736643075796,3203.368321537897,3103.773239848313,3099.1941365322837,0.003236586743530355,0.23091466858825888,0.23254465411365716,22.467805481653244,22.5313891258032,0.4968978067502338,0.0,0.0,0.0,True,solar_array_degradation,1.0,0.4968978067502338,solar_array_degradation,0.4968978067502338,0.4968978067502338,11,solar_array_degradation,2.3403865198412674,0.4968978067502338,gradual,0.7405113782796986,1.1828831283721493,2012886388,solar_array_degradation
19980.0,333.0,5.55,0,0.0,361.75570504584937,361.75570504584937,53.23139682954542,52.94920728951183,28.129255873181815,28.10807550257587,12.860479021442728,12.91937797284247,24.000329186011026,24.119400253592666,26.055802796970124,26.077372786361824,14.23135365287748,18.08778525229247,3293.892626146234,3198.8329329972735,3199.1393176780734,0.003138709694325018,0.22846774235812545,0.22793854724046297,22.466399883026355,22.516333593573453,0.4968978067502338,0.0,0.0,0.0,True,solar_array_degradation,1.0,0.4968978067502338,solar_array_degradation,0.4968978067502338,0.4968978067502338,11,solar_array_degradation,2.3403865198412674,0.4968978067502338,gradual,0.7405113782796986,1.1828831283721493,2012886388,solar_array_degradation
20040.0,334.0,5.566666666666666,0,0.0,364.8628965095478,364.8628965095478,52.68844609069192,53.02737917836615,28.107537843627675,28.11770557488774,12.980962563829358,12.946608363143742,24.01859531465057,24.06732635219903,26.047842664245316,26.195234387184815,14.480431126683142,18.24314482547739,3371.572412738695,3285.2026728679843,3291.756213019727,0.002931116505076736,0.2232779126269184,0.20702398087500593,22.46507919183764,22.422949679069617,0.4968978067502338,0.0,0.0,0.0,True,solar_array_degradation,1.0,0.4968978067502338,solar_array_degradation,0.4968978067502338,0.4968978067502338,11,solar_array_degradation,2.3403865198412674,0.4968978067502338,gradual,0.7405113782796986,1.1828831283721493,2012886388,solar_array_degradation
20100.0,335.0,5.583333333333333,0,0.0,367.32050807568874,367.32050807568874,52.141838191769764,52.19582899397859,28.085673527670792,28.138554630030853,13.078572166474636,13.106642483070395,24.037430156072983,24.010582262344602,26.04019197373892,25.90247479185198,14.683923993094805,18.366025403784437,3433.0127018922185,3359.107687380101,3355.7040837126033,0.0026228799942983275,0.21557199985745817,0.21681456283986245,22.463824581724896,22.676302278384338,0.4968978067502338,0.0,0.0,0.0,True,solar_array_degradation,1.0,0.4968978067502338,solar_array_degradation,0.4968978067502338,0.4968978067502338,11,solar_array_degradation,2.3403865198412674,0.4968978067502338,gradual,0.7405113782796986,1.1828831283721493,2012886388,solar_array_degradation
20160.0,336.0,5.6,0,0.0,369.0211303259031,369.0211303259031,51.592699604975266,51.309579546957075,28.06370798419901,28.096071925809984,13.149407431607996,13.159520290282394,24.056647419350526,23.94370052557756,26.0327725509816,26.08043627782037,14.832553264194207,18.451056516295154,3475.5282581475763,3417.3179727638394,3424.4258553294226,0.00222747157659365,0.20568678941484125,0.20075236904919355,22.462614903551867,22.46431659053532,0.4968978067502338,0.0,0.0,0.0,True,solar_array_degradation,1.0,0.4968978067502338,solar_array_degradation,0.4968978067502338,0.4968978067502338,11,solar_array_degradation,2.3403865198412674,0.4968978067502338,gradual,0.7405113782796986,1.1828831283721493,2012886388,solar_array_degradation
20220.0,337.0,5.616666666666666,0,0.0,369.8904379073655,369.8904379073655,51.042267405708365,50.87299935382747,28.041690696228336,28.113902312194895,13.190732396071843,13.257853609604146,24.076039647139698,24.032151630819243,26.025499414364486,25.970656529969453,14.919633691582337,18.494521895368276,3497.2609476841367,3457.2894602239876,3454.914476506787,0.0017621724971965131,0.19405431242991283,0.19773837617440337,22.46142763870688,22.431604557486036,0.4968978067502338,0.0,0.0,0.0,True,solar_array_degradation,1.0,0.4968978067502338,solar_array_degradation,0.4968978067502338,0.4968978067502338,11,solar_array_degradation,2.3403865198412674,0.4968978067502338,gradual,0.7405113782796986,1.1828831283721493,2012886388,solar_array_degradation
20280.0,338.0,5.633333333333334,0,0.0,369.8904379073655,369.8904379073655,50.49183520644145,50.48625696813158,28.01967340825766,28.022192944008786,13.201097404595561,13.16447923903363,24.09538846863969,24.168137170388718,26.018284462840306,26.067870839154104,14.941517814849574,18.494521895368276,3497.2609476841367,3477.2752039540624,3470.231001312725,0.0012473185586292885,0.18118296396573222,0.17504270588503001,22.460239907817154,22.519359289144038,0.4968978067502338,0.0,0.0,0.0,True,solar_array_degradation,1.0,0.4968978067502338,solar_array_degradation,0.4968978067502338,0.4968978067502338,11,solar_array_degradation,2.3403865198412674,0.4968978067502338,gradual,0.7405113782796986,1.1828831283721493,2012886388,solar_array_degradation
20340.0,339.0,5.65,0,0.0,369.0211303259031,369.0211303259031,49.94269661964696,50.30329590632435,27.997707864785877,27.981526877649,13.18040505701681,13.184504632711985,24.114475625152394,24.31548860298083,26.011040300170173,26.14865365795231,14.897846197362743,18.451056516295154,3475.5282581475767,3476.4017310508193,3466.3259148151055,0.0007054113485506565,0.1676352837137664,0.16484352651459047,22.45902948581203,22.504984263271233,0.4968978067502338,0.0,0.0,0.0,True,solar_array_degradation,1.0,0.4968978067502338,solar_array_degradation,0.4968978067502338,0.4968978067502338,11,solar_array_degradation,2.3403865198412674,0.4968978067502338,gradual,0.7405113782796986,1.1828831283721493,2012886388,solar_array_degradation
20400.0,340.0,5.666666666666667,0,0.0,367.32050807568874,367.32050807568874,49.3960887207248,49.27376277417634,27.97584354882899,27.986161916997116,13.129917152795343,13.126653469648467,24.13309403125195,24.137970913314753,26.00368402857638,25.88301290098632,14.79157795514155,18.366025403784437,3433.012701892219,3454.7072164715196,3444.568386069766,0.00016013481240035557,0.15400337031000888,0.16167835776657927,22.45777577562494,22.479671593444266,0.4968978067502338,0.0,0.0,0.0,True,solar_array_degradation,1.0,0.4968978067502338,solar_array_degradation,0.4968978067502338,0.4968978067502338,11,solar_array_degradation,2.3403865198412674,0.4968978067502338,gradual,0.7405113782796986,1.1828831283721493,2012886388,solar_array_degradation
20460.0,341.0,5.683333333333334,0,0.0,364.86289650954785,364.86289650954785,48.85313798187131,49.32668599758114,27.954125519274854,27.948014273999526,13.052202125155679,13.058573522418415,24.151058128482017,24.353339570154606,25.996140845998724,26.056466722534374,14.628798425273473,18.243144825477394,3371.572412738696,3413.1398146051074,3412.4704280068718,-0.000364679848664743,0.15911699621661857,0.1595256480460749,22.45650992862381,22.510806246526812,0.4968978067502338,0.0,0.0,0.0,True,solar_array_degradation,1.0,0.4968978067502338,solar_array_degradation,0.4968978067502338,0.4968978067502338,11,solar_array_degradation,2.3403865198412674,0.4968978067502338,gradual,0.7405113782796986,1.1828831283721493,2012886388,solar_array_degradation
20520.0,342.0,5.7,0,0.0,361.7557050458496,361.7557050458496,48.3148110398388,48.8134876221249,27.932592441593552,27.91605151678053,12.951025072315538,13.00443877864422,24.168212859824123,24.08697349605223,25.98834728973532,26.181665011312948,14.418324033899655,18.08778525229248,3293.8926261462407,3353.5162203756745,3351.8030619174333,-0.0008460957156158409,0.17115239289039602,0.16323356726089105,22.45523253721194,22.437250291588462,0.4968978067502338,0.0,0.0,0.0,True,solar_array_degradation,1.0,0.4968978067502338,solar_array_degradation,0.4968978067502338,0.4968978067502338,11,solar_array_degradation,2.3403865198412674,0.4968978067502338,gradual,0.7405113782796986,1.1828831283721493,2012886388,solar_array_degradation
20580.0,343.0,5.716666666666667,0,0.0,358.13473286151617,358.13473286151617,47.78187244927106,47.38201585059041,27.91127489797084,27.861245404480723,12.831185037970181,12.836611577850356,24.18444073185948,24.300236269796482,25.980253984703587,26.101503821505133,14.171144758290389,17.90673664307581,3203.368321537904,3278.4422709567893,3272.201383635798,-0.0012630726049777494,0.18157681512444374,0.17439834404526064,22.453923515837335,22.406090633708782,0.4968978067502338,0.0,0.0,0.0,True,solar_array_degradation,1.0,0.4968978067502338,solar_array_degradation,0.4968978067502338,0.4968978067502338,11,solar_array_degradation,2.3403865198412674,0.4968978067502338,gradual,0.7405113782796986,1.1828831283721493,2012886388,solar_array_degradation
20640.0,344.0,5.733333333333333,0,0.0,354.15823381635533,354.15823381635533,47.25485126799673,47.404576785984844,27.89019405071987,27.910056559641074,12.69830655076472,12.67999293790274,24.199666617936906,24.30510036344671,25.971827776207594,25.83925095011483,13.899759140575537,17.707911690817767,3103.9558454088833,3191.1990581828363,3195.71588084577,-0.001597386625808114,0.18993466564520284,0.20073924197985696,22.45256472271362,22.46223946550655,0.4968978067502338,0.0,0.0,0.0,True,solar_array_degradation,1.0,0.4968978067502338,solar_array_degradation,0.4968978067502338,0.4968978067502338,11,solar_array_degradation,2.3403865198412674,0.4968978067502338,gradual,0.7405113782796986,1.1828831283721493,2012886388,solar_array_degradation
20700.0,345.0,5.75,0,0.0,350.0000000000001,350.0000000000001,46.73401793466339,46.91404821191738,27.869360717386535,27.853494298932414,12.558594491966574,12.547352703680588,24.21386016372626,24.09196071906043,25.963053153997933,25.846379103485184,13.617463649092254,17.500000000000007,3000.000000000003,3095.59952909142,3095.2556097937836,-0.0018344266511799916,0.19586066627949977,0.1874737769393035,22.45114071668805,22.50271627409771,0.4968978067502338,0.0,0.0,0.0,True,solar_array_degradation,1.0,0.4968978067502338,solar_array_degradation,0.4968978067502338,0.4968978067502338,11,solar_array_degradation,2.3403865198412674,0.4968978067502338,gradual,0.7405113782796986,1.1828831283721493,2012886388,solar_array_degradation
20760.0,346.0,5.766666666666667,0,0.0,345.8417661836449,345.8417661836449,46.21937244927106,46.531356085703216,27.84877489797084,27.784075391291886,12.418563022994743,12.431749722468643,24.227035858092194,24.211234860497626,25.953932905384313,25.840016416320974,13.337656604487385,17.292088309182244,2896.044154591123,2995.8218418412716,3001.5493261051,-0.0019638328945404127,0.1990958223635103,0.21129348610556334,22.44963940322605,22.426984440386395,0.4968978067502338,0.0,0.0,0.0,True,solar_array_degradation,1.0,0.4968978067502338,solar_array_degradation,0.4968978067502338,0.4968978067502338,11,solar_array_degradation,2.3403865198412674,0.4968978067502338,gradual,0.7405113782796986,1.1828831283721493,2012886388,solar_array_degradation
20820.0,347.0,5.783333333333333,0,0.0,341.86526713848406,341.86526713848406,45.71064437317213,45.711326872991556,27.828425774926885,27.844402131744292,12.284750488707163,12.299461367736514,24.239251001495585,24.268060386548694,25.944487968855086,26.085529437066164,13.073207565583271,17.093263356924204,2796.6316784621017,2896.226760151687,2896.3738263928,-0.0019799496820944724,0.1994987420523618,0.20111359233762113,22.448052545536317,22.263454323730826,0.4968978067502338,0.0,0.0,0.0,True,solar_array_degradation,1.0,0.4968978067502338,solar_array_degradation,0.4968978067502338,0.4968978067502338,11,solar_array_degradation,2.3403865198412674,0.4968978067502338,gradual,0.7405113782796986,1.1828831283721493,2012886388,solar_array_degradation
20880.0,348.0,5.8,0,0.0,338.2442949541506,338.2442949541506,45.20730464853798,44.92391497490398,27.808292185941518,27.871252853382035,12.16343285997081,12.17959299588695,24.25060192187035,24.3143162759748,25.93475649459966,25.973797061861404,12.835927915121413,16.91221474770753,2706.107373853765,2801.1670670027256,2799.3024615324766,-0.001882072632889122,0.19705181582222803,0.19823348544571331,22.446376120788162,22.398361393179613,0.4968978067502338,0.0,0.0,0.0,True,solar_array_degradation,1.0,0.4968978067502338,solar_array_degradation,0.4968978067502338,0.4968978067502338,11,solar_array_degradation,2.3403865198412674,0.4968978067502338,gradual,0.7405113782796986,1.1828831283721493,2012886388,solar_array_degradation
20940.0,349.0,5.816666666666666,0,0.0,335.13710349045215,335.13710349045215,44.708588720724805,44.62083026559978,27.78834354882899,27.74752182728441,12.060348357992535,12.095596064789275,24.26121884434343,24.312869310577856,25.92479215299191,25.921965553213862,12.636160201290659,16.75685517452261,2628.4275872613034,2714.7973271320143,2715.8668884576555,-0.0016744794436408337,0.19186198609102084,0.18759772572448313,22.444610505780595,22.50889533263699,0.4968978067502338,0.0,0.0,0.0,True,solar_array_degradation,1.0,0.4968978067502338,solar_array_degradation,0.4968978067502338,0.4968978067502338,11,solar_array_degradation,2.3403865198412674,0.4968978067502338,gradual,0.7405113782796986,1.1828831283721493,2012886388,solar_array_degradation
21000.0,350.0,5.833333333333333,0,0.0,332.6794919243112,332.6794919243112,44.213529952980295,44.236803443272976,27.768541198119213,27.801868519210036,11.980445409456507,11.96579401471074,24.27125981719976,24.35460048033939,25.914661764960403,25.861905097290617,12.482485776717398,16.633974596215563,2566.9872981077806,2640.8923126198974,2647.6794269715365,-0.0013662429328624034,0.1841560733215601,0.1864741427570146,22.44276048152653,22.45291743465735,0.4968978067502338,0.0,0.0,0.0,True,solar_array_degradation,1.0,0.4968978067502338,solar_array_degradation,0.4968978067502338,0.4968978067502338,11,solar_array_degradation,2.3403865198412674,0.4968978067502338,gradual,0.7405113782796986,1.1828831283721493,2012886388,solar_array_degradation
21060.0,351.0,5.85,0,0.0,330.97886967409704,330.97886967409704,43.72100187310813,43.62159913548201,27.748840074924324,27.775587918185167,11.92766504042781,11.926500898786093,24.280904043181,24.36987664866453,25.90444235780813,25.98866075743466,12.381535465331499,16.548943483704853,2524.471741852425,2582.682027236161,2580.8545726252096,-0.0009708345151576903,0.17427086287894225,0.183404313645855,22.440835052198523,22.52015258164409,0.4968978067502338,0.0,0.0,0.0,True,solar_array_degradation,1.0,0.4968978067502338,solar_array_degradation,0.4968978067502338,0.4968978067502338,11,solar_array_degradation,2.3403865198412674,0.4968978067502338,gradual,0.7405113782796986,1.1828831283721493,2012886388,solar_array_degradation
21120.0,352.0,5.866666666666666,0,0.0,330.1095620926346,330.1095620926346,43.22976740570837,43.05482818955805,27.729190696228336,27.725400738416642,11.904767279686073,11.863604780205403,24.29034488131751,24.195744488365197,25.894217775154928,25.847258764001726,12.337878718678732,16.50547810463173,2502.739052315864,2542.710539776012,2546.800272062676,-0.0005055354357605887,0.16263838589401472,0.15941112851423306,22.438847080817244,22.403068184031646,0.4968978067502338,0.0,0.0,0.0,True,solar_array_degradation,1.0,0.4968978067502338,solar_array_degradation,0.4968978067502338,0.4968978067502338,11,solar_array_degradation,2.3403865198412674,0.4968978067502338,gradual,0.7405113782796986,1.1828831283721493,2012886388,solar_array_degradation
21180.0,353.0,5.883333333333334,0,0.0,330.1095620926345,330.1095620926345,42.73853293830862,42.45542663559265,27.709541317532345,27.682720340830436,11.913209183429103,11.848680554694612,24.29978269284244,24.156137564840176,25.88407498916295,25.950315727013727,12.353964243851163,16.505478104631727,2502.7390523158633,2522.724796045938,2523.5602513401363,9.318502806628603e-06,0.15023296257016572,0.14667612517713396,22.436814009848923,22.359267789336364,0.4968978067502338,0.0,0.0,0.0,True,solar_array_degradation,1.0,0.4968978067502338,solar_array_degradation,0.4968978067502338,0.4968978067502338,11,solar_array_degradation,2.3403865198412674,0.4968978067502338,gradual,0.7405113782796986,1.1828831283721493,2012886388,solar_array_degradation
21240.0,354.0,5.9,0,0.0,330.9788696740969,330.9788696740969,42.24600485843645,42.07331313968975,27.689840194337457,27.70519997490406,11.953079806570416,11.965571239736876,24.309417627848653,24.354358801064794,25.874100276217057,25.909646564823326,12.430089348979319,16.548943483704846,2524.4717418524237,2523.5982689491807,2522.3427767934168,0.0005512257128852607,0.1637806428221315,0.15935413654464062,22.434826543266624,22.527204219586945,0.4968978067502338,0.0,0.0,0.0,True,solar_array_degradation,1.0,0.4968978067502338,solar_array_degradation,0.4968978067502338,0.4968978067502338,11,solar_array_degradation,2.3403865198412674,0.4968978067502338,gradual,0.7405113782796986,1.1828831283721493,2012886388,solar_array_degradation
21300.0,355.0,5.916666666666667,0,0.0,332.67949192431126,332.67949192431126,41.75094609069194,41.730677791794164,27.67003784362768,27.692259866964278,12.023094937722547,11.942593461054733,24.31944240524996,24.16031672027676,25.86437542319975,25.943019054217537,12.564384950519164,16.633974596215563,2566.987298107782,2545.292783528482,2553.765772527617,0.0010965022490355756,0.1774125562258894,0.17896987511647416,22.432905211045345,22.557214885713236,0.4968978067502338,0.0,0.0,0.0,True,solar_array_degradation,1.0,0.4968978067502338,solar_array_degradation,0.4968978067502338,0.4968978067502338,11,solar_array_degradation,2.3403865198412674,0.4968978067502338,gradual,0.7405113782796986,1.1828831283721493,2012886388,solar_array_degradation
21360.0,356.0,5.933333333333334,0,0.0,335.13710349045203,335.13710349045203,41.25223016287877,41.44150307665,27.65008920651515,27.673658679866705,12.120651799252935,12.125527787341076,24.330035137495454,24.443594212939914,25.854974130163196,25.85512390327902,12.75281600309867,16.756855174522602,2628.4275872613002,2586.860185394891,2581.008766947559,0.0016213169101006036,0.1905329227525151,0.18374678978415682,22.431068223776332,22.36908228713164,0.4968978067502338,0.0,0.0,0.0,True,solar_array_degradation,1.0,0.4968978067502338,solar_array_degradation,0.4968978067502338,0.4968978067502338,11,solar_array_degradation,2.3403865198412674,0.4968978067502338,gradual,0.7405113782796986,1.1828831283721493,2012886388,solar_array_degradation
21420.0,357.0,5.95,0,0.0,338.2442949541504,338.2442949541504,40.748890438244615,40.51814801823909,27.629955617529784,27.690609034644336,12.241941305890185,12.23239810249659,24.341352293853642,24.35579354978115,25.845958766617304,25.7998109634058,12.989210154948823,16.91221474770752,2706.1073738537607,2646.483779624326,2638.9685576690335,0.0021027327770517935,0.20256831942629483,0.2040504827233909,22.42933065301511,22.350488059899302,0.4968978067502338,0.0,0.0,0.0,True,solar_array_degradation,1.0,0.4968978067502338,solar_array_degradation,0.4968978067502338,0.4968978067502338,11,solar_array_degradation,2.3403865198412674,0.4968978067502338,gradual,0.7405113782796986,1.1828831283721493,2012886388,solar_array_degradation
21480.0,358.0,5.966666666666667,0,0.0,341.8652671384839,341.8652671384839,40.24016236214568,40.20068336212003,27.609606494485828,27.618068400943013,12.382112986896825,12.343322116552404,24.353521972629263,24.33367257501453,25.837377623198215,26.061767528702806,13.26533776162232,17.093263356924194,2796.6316784620976,2721.5577290432116,2726.914432488168,0.002519709666413688,0.21299274166034218,0.2102784506788954,22.42770373965513,22.545947696671806,0.4968978067502338,0.0,0.0,0.0,True,solar_array_degradation,1.0,0.4968978067502338,solar_array_degradation,0.4968978067502338,0.4968978067502338,11,solar_array_degradation,2.3403865198412674,0.4968978067502338,gradual,0.7405113782796986,1.1828831283721493,2012886388,solar_array_degradation
21540.0,359.0,5.983333333333333,0,0.0,345.8417661836447,345.8417661836447,39.72551687675335,39.32440141099272,27.589020675070135,27.60197010496621,12.535485411272779,12.593537233707846,24.366637745992485,24.044745684611062,25.829262778830994,26.148383053246427,13.571071559698614,17.292088309182237,2896.0441545911185,2808.8009418171646,2808.356019874715,0.0028540236872440384,0.22135059218110095,0.22199511487864465,22.42619436560689,22.279792997677777,0.4968978067502338,0.0,0.0,0.0,True,solar_array_degradation,1.0,0.4968978067502338,solar_array_degradation,0.4968978067502338,0.4968978067502338,11,solar_array_degradation,2.3403865198412674,0.4968978067502338,gradual,0.7405113782796986,1.1828831283721493,2012886388,solar_array_degradation
21600.0,360.0,6.0,1,301.86131594985966,349.99999999999994,48.138684050140284,39.653881930250165,39.759869113062265,27.586155277210008,27.590068597831216,1.7450305621207576,1.7465839813502397,24.356583287959925,24.334926058985015,25.837628676600346,25.93151663124605,1.243610533018839,17.499999999999996,2999.9999999999986,2904.4004709085825,2902.5667071186776,0.0030910637126159235,0.22727659281539808,0.21887846520470677,22.42480471764112,22.38996380290882,0.4968978067502338,0.0,0.0,0.0,True,solar_array_degradation,1.0,0.4968978067502338,solar_array_degradation,0.4968978067502338,0.4968978067502338,11,solar_array_degradation,2.3403865198412674,0.4968978067502338,gradual,0.7405113782796986,1.1828831283721493,2012886388,solar_array_degradation
